tree
version=v4
num_class=1
num_tree_per_iteration=1
label_index=0
max_feature_idx=21
objective=binary sigmoid:1
feature_names=Column_0 Column_1 Column_2 Column_3 Column_4 Column_5 Column_6 Column_7 Column_8 Column_9 Column_10 Column_11 Column_12 Column_13 Column_14 Column_15 Column_16 Column_17 Column_18 Column_19 Column_20 Column_21
feature_infos=[0:5754063] [12046470782:4384930237758] [2:inf] [2:inf] [2:inf] [3:inf] [3:inf] none none none none none [1:9.6293233529200002] [1:9.8124153663764329] [1:9.9056386433178485] [1:9.9526761174257565] [1:9.9763021388965605] [1:9.9881420746038998] [1:9.9940687867267073] [1:9.9970338304863482] [1:9.9985167744947603] [1:9.999258352056632]
tree_sizes=3388 3415 3407 3401 3409 3418 3098 3415 3405 3418 3412 3424 3411 3410 3415 3403 3404 3414 3412 3409 3416 3406 3413 3408 3418 3411 3409 3415 3414 3411 3428 3408 3414 3418 3418 3413 3420 3421 3423 3406 3419 3420 3428 3426 3412 3421 3418 3430 3422 3419 3426 3417 3427 3427 3422 3425 3419 3418 3432 3415 3421 3424 2578 3423 3419 3417 3411 3419 3414 3430 3403 3408 3420 3425 3407 3403 3410 3411 3421 3398 3416 3427 3418 3414 3416 3420 3422 3418 3413 3394 3417 3423 3407 3423 3416 3415 3400

Tree=0
num_leaves=31
num_cat=0
split_feature=12 1 1 1 1 1 1 1 1 1 3 12 1 1 1 1 1 1 1 3 1 3 1 1 12 5 1 1 12 1
split_gain=310.772 20.4051 19.1448 16.1909 18.1177 22.8295 15.0765 14.3486 21.4733 11.8078 11.1995 10.2209 8.8315 32.6731 9.86281 7.04672 11.9483 6.95779 6.48572 6.30539 5.35102 4.79116 4.44984 2.96001 2.71956 3.92126 2.28941 2.15899 2.10628 2.10058
threshold=1.9501783728997251 1955339848972.5002 3784361550632.0005 215631317547.00003 1861025326992.0002 1955339855810.5002 1707115179210.0002 2142597722549.5002 3289799696373.0005 1119808861620.0002 32.500000000000007 3.9477558332250813 4084856406127.0005 3784361550632.0005 4311020372865.5005 641304924141.50012 215631320312.50003 2883033188162.5005 3799450294316.0005 49.500000000000007 308877337732.00006 60.500000000000007 1392992072781.5002 641304926193.00012 2.9628705879494346 11.500000000000002 308877327367.00006 1861025321321.0002 1.993590124076418 4311877336090.5005
decision_type=2 2 2 2 2 2 2 2 2 2 2 2 2 2 2 2 2 2 2 2 2 2 2 2 2 2 2 2 2 2
left_child=3 10 7 -1 6 -6 9 19 17 20 23 -10 13 -7 -14 16 -12 -9 -4 -3 -5 -17 -23 26 -25 -26 -2 -8 -18 -20
right_child=1 2 18 4 5 12 27 8 11 -11 15 -13 14 -15 -16 21 28 -19 29 -21 -22 22 -24 24 25 -27 -28 -29 -30 -31
leaf_value=-0.037051736307408163 -0.060279335804935677 -0.055245394509150447 -0.066473362337609684 -0.050102927115777809 -0.033120911777057352 -0.044057060395906594 -0.054466480135810839 -0.054275894704036258 -0.049496691870300334 -0.04222666018406529 -0.047414819160151209 -0.062623536615763073 -0.037770737070352944 -0.055654836357464134 -0.045908579457416589 -0.046808410968141166 -0.064666086691471378 -0.059973741922952295 -0.05456177285169813 -0.043708991320089839 -0.046223171029240305 -0.053300545729660441 -0.058312154491816821 -0.056753505317105858 -0.05621986610813702 -0.064968740507810332 -0.051417113227417488 -0.048954163032176701 -0.059421701361950047 -0.060755799384372138
leaf_weight=27.983949899673462 6.9959874749183637 5.7467039972543708 10.493981212377546 50.221195802092552 19.238965556025505 518.20278653502464 26.234953030943871 52.469906061887741 117.68250359594822 60.7151770144701 6.9959874749183646 6.2464173883199683 41.476211458444595 25.485382944345474 23.236672684550285 8.2452709525823575 14.49168834090233 36.229220852255821 13.991974949836733 26.984523117542267 121.680210724473 59.465893536806107 25.235526248812675 7.4957008659839621 6.2464173883199683 28.483663290739059 4.9971339106559753 9.7444111257791501 16.24068520963192 8.9948410391807538
leaf_count=112 28 23 42 201 77 2074 105 210 471 243 28 25 166 102 93 33 58 145 56 108 487 238 101 30 25 114 20 39 65 36
internal_value=-0.0478939 -0.0545741 -0.052866 -0.0445421 -0.044776 -0.0438459 -0.0469494 -0.051898 -0.0528468 -0.0460177 -0.0571501 -0.0501583 -0.044185 -0.0446007 -0.0406928 -0.0555648 -0.0592097 -0.0566032 -0.0599593 -0.0457345 -0.0473566 -0.0540853 -0.0547937 -0.060971 -0.0622162 -0.0633952 -0.0565867 -0.0529736 -0.0618947 -0.0569855
internal_weight=0 463.734 278.84 924.22 896.236 627.64 268.596 245.359 212.628 232.617 184.894 123.929 608.401 543.688 64.7129 130.675 37.7284 88.6991 33.4808 32.7312 171.901 92.9467 84.7014 54.2189 42.2258 34.7301 11.9931 35.9794 30.7324 22.9868
internal_count=5555 1856 1116 3699 3587 2512 1075 982 851 931 740 496 2435 2176 259 523 151 355 134 131 688 372 339 217 169 139 48 144 123 92
is_linear=0
shrinkage=1


Tree=1
num_leaves=31
num_cat=0
split_feature=12 0 0 0 0 0 0 0 0 1 1 0 0 1 1 0 12 1 12 0 0 0 1 1 1 3 0 0 0 0
split_gain=304.617 86.2392 108.445 83.3079 22.5142 43.9951 39.4202 29.3706 21.7159 20.0105 18.7749 18.5105 18.1882 14.0655 21.0549 12.6231 15.0511 12.5208 10.0228 9.12253 16.7193 7.62866 7.55049 6.82453 6.3642 6.18012 5.7322 7.09275 3.95565 3.62904
threshold=1.9501783728997251 4643066.5000000009 4583097.5000000009 5494016.0000000009 4378387.5000000009 4487724.5000000009 4496309.0000000009 4262097.0000000009 5556929.5000000009 1955339848972.5002 3784361550632.0005 4266423.5000000009 4587470.5000000009 2142597722549.5002 3289799696373.0005 5496779.5000000009 1.9789033726770087 3799450294316.0005 3.9477558332250813 5505757.0000000009 5498189.5000000009 5496996.5000000009 3507688970202.5005 2883033188162.5005 3799450294316.0005 49.500000000000007 4583087.5000000009 4489933.0000000009 4587374.0000000009 4234980.5000000009
decision_type=2 2 2 2 2 2 2 2 2 2 2 2 2 2 2 2 2 2 2 2 2 2 2 2 2 2 2 2 2 2
left_child=1 2 4 -3 7 -6 -7 29 19 15 13 -9 28 25 23 16 -2 22 -16 20 -5 -17 -14 -15 -12 -11 27 -18 -4 -1
right_child=9 3 12 8 5 6 -8 11 -10 10 24 -13 17 14 18 21 26 -19 -20 -21 -22 -23 -24 -25 -26 -27 -28 -29 -30 -31
leaf_value=0.0054363474366135017 -0.0052033267527818632 0.013468220349694682 -0.007692223756021313 -0.0088561824511779515 0.013808872361152085 -0.0019831523212054049 0.0062879553506339407 -0.0070979488360781006 0.0070043693925952045 -0.0072793251436687155 -0.018403444936743233 0.0017460271694488927 -0.0020653862096363107 -0.0063191689265941218 -0.0015867845573506705 0.009616336182497803 -0.014249542759330117 0.0057200672969473874 -0.01458826228710863 -0.013514823508365028 0.0046448528271254529 -0.0074566613645639223 -0.0070308068705895168 -0.011962917340701259 -0.0090028428139328695 0.00414270258422441 -0.01328433444395514 -0.0058535172317664723 -0.014339533246316344 0.013778396109287728
leaf_weight=7.9962101876735714 50.462652057409286 138.93220295011997 40.478349089622498 17.741213038563728 55.722995862364769 77.959417596459389 220.88844500482082 38.481420397758484 29.735127598047256 5.7456148117780677 10.488409280776976 61.469384640455246 123.43830487132072 52.461353838443756 117.67790651321411 5.4962428510189039 15.485856890678404 16.992195084691048 6.2438763678073874 8.2461573183536512 18.991058260202408 4.9961858987808228 40.728498205542564 36.217423602938652 22.981285512447357 26.987107694149017 79.681645914912224 28.725109189748764 11.494155183434485 14.992759853601454
leaf_count=32 202 556 162 71 223 312 884 154 119 23 42 246 494 210 471 22 62 68 25 33 76 20 163 145 92 108 319 115 46 60
internal_value=0 0.00331805 0.00164322 0.00888897 0.00437276 0.00565135 0.0041303 0.000685168 0.000373717 -0.00661455 -0.00492297 -0.00165894 -0.00394754 -0.00396448 -0.00490401 -0.00916593 -0.00980699 -0.00245147 -0.00224187 -0.00400979 -0.00187597 0.00148668 -0.00329727 -0.00862414 -0.0119487 0.00213778 -0.0116821 -0.00879441 -0.00916233 0.0108768
internal_weight=0 924.288 710.642 213.646 477.511 354.571 298.848 122.94 74.7136 463.651 278.803 99.9508 233.132 245.333 212.601 184.848 174.355 181.159 123.922 44.9784 36.7323 10.4924 164.167 88.6788 33.4697 32.7327 123.893 44.211 51.9725 22.989
internal_count=5555 3699 2844 855 1911 1419 1196 492 299 1856 1116 400 933 982 851 740 698 725 496 180 147 42 657 355 134 131 496 177 208 92
is_linear=0
shrinkage=0.01


Tree=2
num_leaves=31
num_cat=0
split_feature=2 0 0 0 0 0 0 0 0 1 1 0 0 1 1 0 12 1 12 0 0 2 0 0 1 1 1 3 1 0
split_gain=298.592 84.5013 106.283 81.6145 22.0613 43.101 38.6289 28.7807 21.2824 19.6254 18.4147 18.1452 17.8333 13.7883 20.6462 12.3786 14.7651 12.2717 9.82972 8.9453 16.3891 8.35527 8.39498 7.47631 7.40254 6.69517 6.24779 6.05744 4.09952 3.8802
threshold=75.500000000000014 4643066.5000000009 4583097.5000000009 5494016.0000000009 4378387.5000000009 4487724.5000000009 4496309.0000000009 4262097.0000000009 5556929.5000000009 1955339848972.5002 3784361550632.0005 4266423.5000000009 4587470.5000000009 2142597722549.5002 3289799696373.0005 5496779.5000000009 1.9789033726770087 3799450294316.0005 3.9477558332250813 5505757.0000000009 5498189.5000000009 9.5000000000000018 4583097.5000000009 5496996.5000000009 3507688970202.5005 2883033188162.5005 3799450294316.0005 49.500000000000007 1758355645294.5002 4587374.0000000009
decision_type=2 2 2 2 2 2 2 2 2 2 2 2 2 2 2 2 2 2 2 2 2 2 2 2 2 2 2 2 2 2
left_child=9 2 4 -3 7 -6 -7 -2 19 15 13 -9 29 27 25 16 -1 24 -16 20 -5 22 -18 -17 -14 -15 -12 -11 -23 -4
right_child=1 3 12 8 5 6 -8 11 -10 10 26 -13 17 14 18 23 21 -19 -20 -21 -22 28 -24 -25 -26 -27 -28 -29 -30 -31
leaf_value=-0.0051520606142302951 0.010765813504057187 0.013330173439517581 -0.007616768475103574 -0.0087695259227851246 0.013667272703167784 -0.0019634114723756243 0.0062242564588548804 -0.007028155850241186 0.0069333207623966074 -0.0072080832149305461 -0.018232157533513906 0.0017285007477252346 -0.0020448293276272875 -0.0062571177916826738 -0.0015709802112981728 0.0095180063910206107 -0.0024772430527267332 0.0056622243445396533 -0.014449779909977391 -0.013384203374636921 0.004597964826494232 -0.012458621634672314 -0.011197131657634436 -0.0073837167092355039 -0.0069617107757689693 -0.011847982548715724 -0.0089152931598676238 0.0041009189854506068 -0.0181068835776938 -0.014201477769630684
leaf_weight=50.455180421471596 22.993671715259552 138.96708309650421 40.470590531826019 17.737378060817719 55.737231224775314 77.955833569169044 220.91735672950745 38.474956274032593 29.739410921931267 5.7443840801715842 10.481111884117125 61.471722215414047 123.43249453604221 52.451837807893753 117.67321819067001 5.4974871873855573 15.982946768403052 16.994113355875015 6.2406942248344413 8.2433809041976911 18.992862269282341 55.429411128163338 35.705304354429245 4.9950939267873764 40.721445769071579 36.203143745660782 22.974927306175232 26.989436388015747 16.727994158864021 11.48985420167446
leaf_count=202 92 556 162 71 223 312 884 154 119 23 42 246 494 210 471 22 64 68 25 33 76 222 143 20 163 145 92 108 67 46
internal_value=0 0.00328468 0.00162675 0.00879865 0.00432866 0.0055942 0.00408865 0.000678309 0.000369974 -0.00654981 -0.00487452 -0.00164242 -0.00390845 -0.00392533 -0.0048557 -0.00907696 -0.00971197 -0.0024271 -0.0022196 -0.00397013 -0.00185732 -0.0115697 -0.00850078 0.00147178 -0.00326455 -0.0085402 -0.0118341 0.00211633 -0.013768 -0.00907283
internal_weight=0 924.339 710.659 213.68 477.551 354.61 298.873 122.94 74.713 463.552 278.759 99.9467 233.108 245.303 212.569 184.793 174.301 181.148 123.914 44.9736 36.7302 123.846 51.6883 10.4926 164.154 88.655 33.456 32.7338 72.1574 51.9604
internal_count=5555 3699 2844 855 1911 1419 1196 492 299 1856 1116 400 933 982 851 740 698 725 496 180 147 496 207 42 657 355 134 131 289 208
is_linear=0
shrinkage=0.01


Tree=3
num_leaves=31
num_cat=0
split_feature=2 0 0 0 0 0 0 0 0 1 1 0 0 1 1 0 0 0 12 12 0 0 0 2 0 1 0 1 3 1
split_gain=292.697 82.8071 104.167 79.9664 21.6184 42.2327 37.8544 28.2042 20.8583 19.25 18.0639 17.7875 17.4868 13.5169 20.247 12.217 13.7354 12.1405 14.5156 9.64167 9.51785 8.77256 16.066 7.87521 8.52264 6.56956 6.3144 6.13619 5.93729 4.02571
threshold=75.500000000000014 4643066.5000000009 4583097.5000000009 5494016.0000000009 4378387.5000000009 4487724.5000000009 4496309.0000000009 4262097.0000000009 5556929.5000000009 1955339848972.5002 3784361550632.0005 4266423.5000000009 4587470.5000000009 2142597722549.5002 3289799696373.0005 4589803.5000000009 4589810.0000000009 5496591.0000000009 1.9789033726770087 3.9477558332250813 4588245.5000000009 5505757.0000000009 5498189.5000000009 9.5000000000000018 4583097.5000000009 2883033188162.5005 5496965.5000000009 3799450294316.0005 49.500000000000007 1758355645294.5002
decision_type=2 2 2 2 2 2 2 2 2 2 2 2 2 2 2 2 2 2 2 2 2 2 2 2 2 2 2 2 2 2
left_child=9 2 4 -3 7 -6 -7 -2 21 17 13 -9 -4 28 25 20 -17 18 -1 -16 -14 22 -5 24 -20 -15 -19 -12 -11 -25
right_child=1 3 12 8 5 6 -8 11 -10 10 27 -13 15 14 19 16 -18 26 23 -21 -22 -23 -24 29 -26 -27 -28 -29 -30 -31
leaf_value=-0.0050723500276027437 0.010656573758314006 0.013194759347904619 -0.0089845803356252713 -0.0086840351178773499 0.01352843816360501 -0.0019438704329464529 0.0061613324218042836 -0.0069592112995682789 0.0068631705944866726 -0.0071377116877336588 -0.018065372855266035 0.0017111534269982033 -0.0028356164248526943 -0.0061957872001641469 -0.001555333462595894 -0.015901707676576077 -0.0026503263293980949 0.0076391336250162855 -0.002452672956115435 -0.014314049871505986 0.010898654950284288 -0.013256001717258671 0.0045516043412783761 -0.0123400019945535 -0.011258696765148679 -0.011734937418044211 -0.0065813342410301354 -0.0088289243674802183 0.0040595964997396866 -0.017939082397666336
leaf_weight=48.948580205440521 22.997066214680672 138.98920364677906 51.946163028478622 17.73289692401886 55.746091023087502 77.952135503292084 220.94167664647102 38.467601463198662 29.742933109402657 5.7430155724287024 10.472141593694685 61.473945066332817 8.9943308383226395 52.441386133432388 117.66842459142208 8.2452256679534894 152.40248142182827 6.2465551942586881 15.981634840369223 6.2368903309106818 11.493651762604713 8.2398905307054502 18.994445830583572 55.402742072939873 35.190915405750275 36.186456903815269 6.2435051053762436 22.967717170715332 26.991512417793274 16.715682253241539
leaf_count=196 92 556 208 71 223 312 884 154 119 23 42 246 36 210 471 33 610 25 64 25 46 33 76 222 141 145 25 92 108 67
internal_value=0 0.00325176 0.00161047 0.00870987 0.00428512 0.0055378 0.00404748 0.000671531 0.000366281 -0.00648593 -0.00482668 -0.00162608 -0.00386981 -0.00388664 -0.00480796 -0.002403 -0.00333045 -0.00898931 -0.00967966 -0.00219756 0.00486924 -0.00393099 -0.0018389 -0.0115088 -0.0085085 -0.0084574 0.000530636 -0.0117214 0.00209512 -0.0136378
internal_weight=0 924.36 710.66 213.699 477.579 354.64 298.894 122.939 74.7102 463.437 278.708 99.9415 233.082 245.268 212.533 181.136 160.648 184.73 172.24 123.905 20.488 44.9672 36.7273 123.291 51.1726 88.6278 12.4901 33.4399 32.7345 72.1184
internal_count=5555 3699 2844 855 1911 1419 1196 492 299 1856 1116 400 933 982 851 725 643 740 690 496 82 180 147 494 205 355 50 134 131 289
is_linear=0
shrinkage=0.01


Tree=4
num_leaves=31
num_cat=0
split_feature=2 0 0 0 0 0 0 0 0 0 2 0 12 0 0 2 1 2 0 0 0 0 1 1 0 1 1 0 0 0
split_gain=286.928 81.1553 102.096 78.362 21.1851 41.389 37.0964 27.6408 20.4431 18.9137 21.7189 29.9809 19.3084 17.4372 17.1481 13.9231 12.0054 9.04686 8.95496 8.60416 15.7496 8.00589 7.25539 6.37718 5.88469 5.22304 6.68487 5.66807 3.80911 3.55474
threshold=75.500000000000014 4643066.5000000009 4583097.5000000009 5494016.0000000009 4378387.5000000009 4487724.5000000009 4496309.0000000009 4262097.0000000009 5556929.5000000009 5496779.5000000009 31.500000000000004 4583087.5000000009 1.9915744832887996 4266423.5000000009 4587470.5000000009 7.5000000000000009 3799450294316.0005 9.5000000000000018 4587692.0000000009 5505757.0000000009 5498189.5000000009 4546978.0000000009 3507688970202.5005 1861025326992.0002 5496965.5000000009 1837832554337.5002 1955683364026.5002 4641135.5000000009 4587374.0000000009 4234980.5000000009
decision_type=2 2 2 2 2 2 2 2 2 2 2 2 2 2 2 2 2 2 2 2 2 2 2 2 2 2 2 2 2 2
left_child=9 2 4 -3 7 -6 -7 29 19 10 11 15 -11 -9 28 21 22 18 -13 20 -5 -1 -16 -17 -14 -12 -27 -28 -4 -2
right_child=1 3 14 8 5 6 -8 13 -10 12 25 17 24 -15 16 23 -18 -19 -20 -21 -22 -23 -24 -25 -26 26 27 -29 -30 -31
leaf_value=-0.0010622354760943021 0.0051656191831422164 0.013061891197202342 -0.0074546305316614738 -0.0085996843486619619 0.013392272741114654 -0.00192452623819025 0.0060991672584189026 -0.0068910981345754784 0.0067939001685221427 -0.008167856345169899 -0.005957746693085627 -0.011462324809701982 0.012921964063452876 0.0016939838009832893 -0.002000052182757841 -0.0099061551956437077 0.0056216182752173681 -0.01301483638007128 -0.005176712788227099 -0.013130137267900901 0.0045057611564138459 0.012628633860399923 -0.0068683955059481916 -0.0041556411054676475 0.0020376455607366496 0.0039490495167169345 -0.0013059630090661333 -0.0079780524382666168 -0.013981201448902627 0.013420088219296657
leaf_weight=29.469386234879494 7.9994271546602276 138.99894037842751 40.449772953987122 17.727788880467415 55.749734684824944 77.948325634002686 220.9615406692028 38.459385886788368 29.745715573430061 14.234840795397757 52.431551739573479 50.40666651725769 9.2432142645120638 61.476054608821869 123.41838447749615 34.677042528986931 16.995106518268585 97.308273777365685 41.18451789021492 8.2357090860605222 18.995816141366959 4.9951542019844046 40.710118472576141 43.446651712059975 10.737809583544729 15.739946976304052 40.95453405380249 18.476687237620354 11.480408057570456 14.999687224626539
leaf_count=118 32 556 162 71 223 312 884 154 119 57 210 202 37 246 494 139 68 390 165 33 76 20 163 174 43 63 164 74 46 60
internal_value=0 0.00321926 0.00159439 0.00862258 0.00424213 0.00548211 0.00400679 0.000664835 0.000362635 -0.00642291 -0.00699346 -0.00845711 0.000732181 -0.00160992 -0.00383158 -0.00437245 -0.00237913 -0.0108917 -0.00863596 -0.00389238 -0.0018207 0.000922065 -0.00320759 -0.00670814 0.00707273 -0.00353526 -0.00184559 -0.00338026 -0.00889749 0.0105491
internal_weight=0 924.352 710.648 213.704 477.594 354.66 298.91 122.935 74.705 463.306 429.09 301.488 34.2159 99.9354 233.054 112.588 181.124 188.899 91.5912 44.9593 36.7236 34.4645 164.129 78.1237 19.981 127.603 75.1712 59.4312 51.9302 22.9991
internal_count=5555 3699 2844 855 1911 1419 1196 492 299 1856 1719 1208 137 400 933 451 725 757 367 180 147 138 657 313 80 511 301 238 208 92
is_linear=0
shrinkage=0.01


Tree=5
num_leaves=31
num_cat=0
split_feature=12 0 0 0 0 0 0 0 0 1 0 1 0 12 0 0 0 0 0 0 12 1 1 12 0 1 0 0 0 0
split_gain=281.276 79.5441 100.067 76.7995 20.7612 40.569 36.3545 27.0904 20.0368 18.6656 17.0942 17.0235 16.8172 13.0472 11.9581 13.4837 9.30516 8.43993 15.44 8.02196 10.1799 7.7668 17.7331 6.46223 6.17158 5.99767 4.86862 6.78265 3.73896 3.48411
threshold=1.9501783728997251 4643066.5000000009 4583097.5000000009 5494016.0000000009 4378387.5000000009 4487724.5000000009 4496309.0000000009 4262097.0000000009 5556929.5000000009 1837832554337.5002 4266423.5000000009 3784361550632.0005 4587470.5000000009 3.9290280481443154 4589803.5000000009 4589810.0000000009 4588245.5000000009 5505757.0000000009 5498189.5000000009 5496591.0000000009 1.9789033726770087 3289799696373.0005 2142597722549.5002 1.9929177889658176 5496965.5000000009 3799450294316.0005 4583087.5000000009 4489933.0000000009 4587374.0000000009 4234980.5000000009
decision_type=2 2 2 2 2 2 2 2 2 2 2 2 2 2 2 2 2 2 2 2 2 2 2 2 2 2 2 2 2 2
left_child=1 2 4 -3 7 -6 -7 29 17 19 -9 13 28 21 16 -16 -14 18 -5 20 -2 22 -11 -23 -21 -13 27 -22 -4 -1
right_child=9 3 12 8 5 6 -8 10 -10 11 -12 25 14 -15 15 -17 -18 -19 -20 24 26 23 -24 -25 -26 -27 -28 -29 -30 -31
leaf_value=0.0051137776069033938 -0.0055574039980516663 0.012931484881940711 -0.0073821304261357402 -0.0085164463407975243 0.013258687573038826 -0.0019053771619156495 0.0060377495413532802 -0.0068238011882487803 0.0067254921496341293 7.2766722055570907e-05 0.0016769885940652585 -0.017809198363481635 -0.0027803425922985547 -0.013007128547230318 -0.015732124565478213 -0.0025994629529024543 0.010799669172310249 -0.013006534381300641 0.0044604289080475571 0.0064438950743489045 -0.013758018666112534 -0.0044591352154739177 -0.0078146555410527167 0.00037381419901955489 -0.0083800290336213355 -0.0086713401574092363 -0.01268688448527544 -0.0054050727353278797 -0.013850095343916848 0.013285712001703181
leaf_weight=7.9997154623270061 45.934382602572441 138.99665856361389 40.438618019223213 17.722074583172798 55.748317733407021 77.944406345486641 220.97706933319569 38.450334936380386 29.747779577970505 43.458768725395203 61.47805392742157 10.454537376761435 8.9929572492837906 14.958933815360067 8.2409491837024671 152.37985095381737 11.495652988553047 8.2308581769466382 18.996979355812073 5.7473103255033475 15.208509534597395 45.458790257573128 82.837437391281128 70.688699409365654 5.4923664033412933 22.95191915333271 73.038983091711998 26.943069949746132 11.473227396607397 14.999882549047468
leaf_count=32 184 556 162 71 223 312 884 154 119 174 246 42 36 60 33 610 46 33 76 23 61 182 332 283 22 92 293 108 46 60
internal_value=0 0.0031872 0.00157851 0.00853674 0.00419967 0.00542713 0.00396656 0.000658218 0.000359035 -0.00636051 -0.00159394 -0.00481501 -0.0037938 -0.00394339 -0.00235552 -0.00327326 0.00483907 -0.00385428 -0.00180273 -0.00896804 -0.00953782 -0.00338415 -0.00510058 -0.00151775 -0.000799945 -0.011531 -0.0111251 -0.00841886 -0.00881164 0.0104434
internal_weight=0 924.313 710.619 213.694 477.598 354.67 298.921 122.928 74.6977 463.174 99.9284 290.809 233.021 257.403 181.109 160.621 20.4886 44.9499 36.7191 172.365 161.125 242.444 126.296 116.147 11.2397 33.4065 115.191 42.1516 51.9118 22.9996
internal_count=5555 3699 2844 855 1911 1419 1196 492 299 1856 400 1165 933 1031 725 643 82 180 147 691 646 971 506 465 45 134 462 169 208 92
is_linear=0
shrinkage=0.01


Tree=6
num_leaves=28
num_cat=0
split_feature=2 12 12 2 2 2 12 12 3 2 2 12 12 3 2 2 2 3 2 12 12 4 2 2 2 2 12
split_gain=275.746 18.2443 6.72216 9.44623 6.8811 6.30758 3.78732 8.23698 4.00584 3.4715 4.34579 3.15179 4.78886 2.8521 3.66549 2.90782 2.65843 2.41213 1.93575 1.83887 1.13915 0.491491 0.206157 0.203738 0.167033 0.0700175 1.8668e-05
threshold=75.500000000000014 2.958035499889569 1.9956098621939431 31.500000000000004 9.5000000000000018 9.5000000000000018 3.9444810618618571 2.9811439959877313 10.500000000000002 39.500000000000007 43.500000000000007 3.9186337890891667 2.9804718882754808 9.5000000000000018 10.500000000000002 19.500000000000004 5.5000000000000009 31.500000000000004 21.500000000000004 1.9962840201899541 2.9737965749324107 12.500000000000002 14.500000000000002 12.500000000000002 8.5000000000000018 35.500000000000007 3.9757631673854816
decision_type=2 2 2 2 2 2 2 2 2 2 2 2 2 2 2 2 2 2 2 2 2 2 2 2 2 2 2
left_child=1 2 3 4 24 6 7 17 26 25 -11 12 20 -4 19 -16 -9 -3 -6 -15 -7 22 -13 -14 -1 -5 -8
right_child=-2 5 13 9 18 11 8 16 -10 10 -12 21 23 14 15 -17 -18 -19 -20 -21 -22 -23 -24 -25 -26 -27 -28
leaf_value=-0.0051361253343291061 0.0031555506321920275 -0.017117438116679186 -0.008416281044017997 0.0014965140508474686 -0.0097188612151320724 -0.010665445442892536 -0.014870794511054835 -0.0063665329021406689 -0.0050775131881723983 -0.010072867492598343 -0.0036624228513162959 -0.014958817411944334 -0.0057137347789950168 -0.00087356447610074136 0.0087121554169349875 -0.00067560734171958226 0.0015772301190963582 -0.0072850539241539492 -0.0059897736173729335 -0.0046391393691812641 -0.014442042921547073 -0.012758770368397492 -0.017353862345575458 -0.0028891249626558143 -0.0039748925438130717 0.00012220237170363003 -0.014843418938010005
leaf_weight=41.173493042588234 924.24700975418091 4.988715335726738 7.4824765473604193 6.7399200201034537 83.284063994884491 20.199067071080208 4.9823888987302798 6.2378640323877361 7.2259066104888907 11.981223970651625 90.122512325644493 7.720532640814783 5.2370770275592786 21.716704174876213 4.9923283904790869 9.7302713543176633 12.977007374167441 4.9915735423564929 16.713674604892731 32.193018183112144 13.210396170616148 6.478684350848197 6.7239838987588882 4.9836383610963821 17.716997906565666 8.23846288025379 4.9815724790096283
leaf_count=165 3699 20 30 27 334 81 20 25 29 48 361 31 21 87 20 39 52 20 67 129 53 26 27 20 71 33 20
internal_value=0 -0.00629897 -0.00518473 -0.00591039 -0.00749856 -0.00983523 -0.00702229 -0.0048297 -0.0107462 -0.00375513 -0.00441465 -0.0118565 -0.0103263 -0.00255369 -0.00191453 0.00250772 -0.00100161 -0.0121998 -0.00909558 -0.00312224 -0.0121587 -0.0150473 -0.0160737 -0.00433645 -0.00478677 0.00074061 -0.0148571
internal_weight=0 463.024 352.085 275.97 158.888 110.938 46.385 29.1952 17.1899 117.082 102.104 64.5534 43.6302 76.1148 68.6323 14.7226 19.2149 9.98029 99.9977 53.9097 33.4095 20.9232 14.4445 10.2207 58.8905 14.9784 9.96396
internal_count=5555 1856 1411 1106 637 445 186 117 69 469 409 259 175 305 275 59 77 40 401 216 134 84 58 41 236 60 40
is_linear=0
shrinkage=0.01


Tree=7
num_leaves=31
num_cat=0
split_feature=2 0 0 0 0 0 0 0 0 0 2 0 12 0 0 2 1 0 1 0 0 0 1 1 0 1 1 0 0 0
split_gain=270.312 77.9756 98.0762 75.2857 20.3467 39.7765 35.6281 26.5528 19.6383 18.3722 20.8522 29.0646 18.7937 16.7563 16.4908 13.4168 11.7443 8.7988 10.1206 8.27797 15.1352 7.84667 7.11076 6.21014 5.71477 5.07284 6.44168 5.54632 3.67004 3.41603
threshold=75.500000000000014 4643066.5000000009 4583097.5000000009 5494016.0000000009 4378387.5000000009 4487724.5000000009 4496309.0000000009 4262097.0000000009 5556929.5000000009 5496779.5000000009 31.500000000000004 4583087.5000000009 1.9915744832887996 4266423.5000000009 4587470.5000000009 7.5000000000000009 3799450294316.0005 4587692.0000000009 3475289733504.0005 5505757.0000000009 5498189.5000000009 4546978.0000000009 3507688970202.5005 3144346128135.0005 5496965.5000000009 1837832554337.5002 1955683364026.5002 4641135.5000000009 4587374.0000000009 4234980.5000000009
decision_type=2 2 2 2 2 2 2 2 2 2 2 2 2 2 2 2 2 2 2 2 2 2 2 2 2 2 2 2 2 2
left_child=9 2 4 -3 7 -6 -7 29 19 10 11 15 -11 -9 28 21 22 -13 -19 20 -5 -1 -16 -17 -14 -12 -27 -28 -4 -2
right_child=1 3 14 8 5 6 -8 13 -10 12 25 17 24 -15 16 23 -18 18 -20 -21 -22 -23 -24 -25 -26 26 27 -29 -30 -31
leaf_value=-0.00098098394372890204 0.0050309332170897052 0.012772378800536869 -0.0073411061476384596 -0.0084647027174853794 0.013096566136470944 -0.0019178160779618804 0.0059453920733946938 -0.0067880368786385047 0.0066262827168026648 -0.0079701049644091797 -0.0058000221347292037 -0.012601809724011813 0.012832932785872633 0.0016285227887397719 -0.0019876192609646352 -0.0083151681215538585 0.0055493992411488093 -0.011087970586033181 -0.0040729348917702959 -0.012914485951641103 0.0043839134340762382 0.012572552480834134 -0.0068076153613103752 -0.0021053297397112163 0.0021065608634957696 0.0039416003353328257 -0.0012014171424931867 -0.0078035228957893266 -0.013750662108213681 0.013122707694014722
leaf_weight=29.460324242711067 7.9999544918537167 138.97756245732307 40.4317966401577 17.718181908130646 55.739760830998421 77.946967512369156 220.99272233247757 38.445146456360817 29.749557316303253 14.223858445882795 52.396583989262581 103.12940275669098 9.2443588078022021 61.483275681734085 123.41277621686459 55.331267058849335 16.996361300349236 51.075641259551048 34.428547099232674 8.2267556041479093 18.998506665229797 4.9958521872758856 40.701329335570335 22.715694099664688 10.734775260090826 15.740235939621924 40.938431516289711 18.463210061192513 11.466983214020727 14.99828055500984
leaf_count=118 32 556 162 71 223 312 884 154 119 57 210 414 37 246 494 222 68 205 138 33 76 20 163 91 43 63 164 74 46 60
internal_value=0 0.00312386 0.00153117 0.00842075 0.00412605 0.00534116 0.0038951 0.000620086 0.000323903 -0.00623795 -0.0068007 -0.00823603 0.000815135 -0.00160955 -0.00378762 -0.00421324 -0.00236351 -0.0106353 -0.00826334 -0.00384785 -0.00181638 0.000984163 -0.00318301 -0.00650778 0.00706966 -0.00341169 -0.0017463 -0.00325348 -0.00875729 0.010308
internal_weight=0 924.286 710.615 213.671 477.606 354.679 298.94 122.927 74.693 462.878 428.675 301.137 34.203 99.9284 233.009 112.503 181.11 188.634 85.5042 44.9434 36.7167 34.4562 164.114 78.047 19.9791 127.538 75.1419 59.4016 51.8988 22.9982
internal_count=5555 3699 2844 855 1911 1419 1196 492 299 1856 1719 1208 137 400 933 451 725 757 343 180 147 138 657 313 80 511 301 238 208 92
is_linear=0
shrinkage=0.01


Tree=8
num_leaves=31
num_cat=0
split_feature=2 0 0 0 0 0 0 0 0 1 1 0 0 1 1 0 0 0 13 0 13 0 0 2 0 0 1 1 3 1
split_gain=265.008 76.4434 96.1322 73.8049 19.9412 39.0023 34.9177 26.0274 19.2491 18.0729 17.1141 16.4273 16.1747 12.7561 19.2672 11.7041 13.2375 11.4105 13.4395 9.0975 8.98379 8.12152 14.8384 7.81631 7.77072 7.01546 6.34713 5.87319 5.79172 4.01905
threshold=75.500000000000014 4643066.5000000009 4583097.5000000009 5494016.0000000009 4378387.5000000009 4487724.5000000009 4496309.0000000009 4262097.0000000009 5556929.5000000009 1955339848972.5002 3784361550632.0005 4266423.5000000009 4587470.5000000009 2142597722549.5002 3289799696373.0005 4589803.5000000009 4589810.0000000009 5496779.5000000009 1.9893954440181785 4588245.5000000009 3.9737399248238381 5505757.0000000009 5498189.5000000009 9.5000000000000018 4583097.5000000009 5496996.5000000009 2883033188162.5005 3799450294316.0005 49.500000000000007 1758355645294.5002
decision_type=2 2 2 2 2 2 2 2 2 2 2 2 2 2 2 2 2 2 2 2 2 2 2 2 2 2 2 2 2 2
left_child=9 2 4 -3 7 -6 -7 -2 21 17 13 -9 -4 28 26 19 -17 18 -1 -14 -16 22 -5 24 -20 -19 -15 -12 -11 -25
right_child=1 3 12 8 5 6 -8 11 -10 10 27 -13 15 14 20 16 -18 25 23 -21 -22 -23 -24 29 -26 -27 -28 -29 -30 -31
leaf_value=-0.0048660578902256016 0.010206112518168586 0.012647211915513767 -0.0086733629016340422 -0.008383223095253323 0.012968454496816864 -0.0018987345357627686 0.0058857997483055934 -0.0067219630627687313 0.0065599351963294686 -0.0069664091399787445 -0.01751200451211004 0.0016121961307039164 -0.0027571522040690456 -0.0058905673279283531 -0.0013848770528330635 -0.015596282032956254 -0.002580627998674171 0.0093147231721173382 -0.0022264828218419184 0.010670293316201561 -0.013724241401801087 -0.012794683919693635 0.0043399297845422465 -0.011826493516746129 -0.010622899194614441 -0.0070631812606045761 -0.011340249444676175 -0.008459858236693641 0.004096428973902418 -0.017430309635849236
leaf_weight=50.400063127279282 22.995513305068016 138.94959609210491 51.877093032002449 17.71152038872242 55.727552145719528 77.943014174699783 220.99787022173405 38.434866577386856 29.749936491250992 5.7385763823986045 10.4278107881546 61.484872087836266 8.9922837615013123 52.371302872896194 117.60159167647362 8.2364329546689969 152.36884728074074 5.4980244487524015 15.966457262635229 11.497461587190628 6.2119667679071418 8.2207780480384809 18.999135732650757 55.232225075364113 35.595258817076683 4.9883731454610825 36.105187982320786 22.925179302692413 26.987928405404091 16.65849868953228
leaf_count=202 92 556 208 71 223 312 884 154 119 23 42 246 36 210 471 33 610 22 64 46 25 33 76 222 143 20 145 92 108 67
internal_value=0 0.00309296 0.00151599 0.0083381 0.00408498 0.00528791 0.00385613 0.000613941 0.000320705 -0.00617786 -0.00456959 -0.0015936 -0.00375034 -0.00365477 -0.00455065 -0.00234008 -0.00324812 -0.00860649 -0.00921753 0.00477742 -0.00200397 -0.00381041 -0.00179852 -0.010994 -0.00802289 0.00152376 -0.00811446 -0.01129 0.00215657 -0.013125
internal_weight=0 924.187 710.556 213.631 477.584 354.668 298.941 122.915 74.6814 462.708 278.37 99.9197 232.972 245.017 212.29 181.095 160.605 184.339 173.853 20.4897 123.814 44.9314 36.7107 123.452 51.5617 10.4864 88.4765 33.353 32.7265 71.8907
internal_count=5555 3699 2844 855 1911 1419 1196 492 299 1856 1116 400 933 982 851 725 643 740 698 82 496 180 147 496 207 42 355 134 131 289
is_linear=0
shrinkage=0.01


Tree=9
num_leaves=31
num_cat=0
split_feature=12 0 0 0 0 0 0 0 0 0 0 12 12 0 0 0 0 0 0 0 0 12 0 3 12 0 12 0 0 0
split_gain=259.819 74.9481 94.2285 72.3617 19.5445 38.2491 34.2221 25.5131 18.8681 17.8027 19.8516 23.5501 18.3979 16.105 15.8651 11.472 12.9865 10.0607 8.91536 7.96886 14.5478 6.87542 5.55137 5.3965 7.47401 7.52975 6.65587 4.34124 3.60731 3.35156
threshold=1.9501783728997251 4643066.5000000009 4583097.5000000009 5494016.0000000009 4378387.5000000009 4487724.5000000009 4496309.0000000009 4262097.0000000009 5556929.5000000009 5496779.5000000009 4583087.5000000009 1.9709841250782696 1.9915744832887996 4266423.5000000009 4587470.5000000009 4589803.5000000009 4589810.0000000009 4587345.5000000009 4588245.5000000009 5505757.0000000009 5498189.5000000009 1.9690143438181578 5496965.5000000009 39.500000000000007 1.9949361603821067 4546978.0000000009 1.9895629315190633 4587555.5000000009 4587374.0000000009 4234980.5000000009
decision_type=2 2 2 2 2 2 2 2 2 2 2 2 2 2 2 2 2 2 2 2 2 2 2 2 2 2 2 2 2 2
left_child=1 2 4 -3 7 -6 -7 29 19 10 23 21 -11 -9 28 18 -17 -13 -16 20 -5 -12 -14 -2 26 -26 -25 -19 -4 -1
right_child=9 3 14 8 5 6 -8 13 -10 12 11 17 22 -15 15 16 -18 27 -20 -21 -22 -23 -24 24 25 -27 -28 -29 -30 -31
leaf_value=0.0048787318880770579 -0.0073976582000327964 0.012524257894838027 -0.0071861907990128857 -0.0083027913636193398 0.012842658847613849 -0.0018798455582648972 0.0058269088408488805 -0.0066566665455573158 0.0064943950500168518 -0.0078705801465029923 -0.0034968360005825229 -0.015414380114558115 0.012692011899083921 0.0015960345621961515 -0.0027298041216027658 -0.015450857961611426 -0.0025550147573231144 -0.010723025752797485 0.010562571789393758 -0.012676951541733063 0.0042964301094809585 0.0088457265726198525 0.0021201093031311073 -0.0021847484350253021 -0.0008639410110587711 0.012472480941531415 -0.0076146416311240056 -0.0076478847066642807 -0.013544521883890279 0.012894402656744925
leaf_weight=7.9996784478426006 34.63315486907959 138.91075117886066 40.402691259980202 17.704301744699478 55.710758984088898 77.938959091901779 220.9991165548563 38.423817917704582 29.749668136239052 14.216204687952994 47.155611619353294 27.846685618162155 9.2453720867633837 61.48637430369854 8.9915497153997421 8.2308422923088056 152.35740712285042 80.63017500936985 11.498564437031746 8.2141868025064451 18.999579042196274 4.9909199029207221 10.733447462320326 55.883035853505135 27.707630038261414 4.9970360398292533 37.874711468815804 106.60273195803165 11.451781257987021 14.992530152201651
leaf_count=32 139 556 162 71 223 312 884 154 119 57 189 112 37 246 36 33 610 324 46 33 76 20 43 224 111 20 152 428 46 60
internal_value=0 0.00306244 0.00150098 0.00825675 0.00404441 0.00523533 0.00381761 0.000607863 0.000317547 -0.00611864 -0.00667298 -0.00834451 0.000824935 -0.00157782 -0.00371347 -0.0023169 -0.00321598 -0.00980625 0.00472956 -0.00377344 -0.00178087 -0.00231554 0.00701235 -0.00390023 -0.00294242 0.00117377 -0.00437823 -0.00897217 -0.00859039 0.0101055
internal_weight=0 924.063 710.484 213.578 477.551 354.649 298.938 122.902 74.6677 462.517 428.322 267.226 34.195 99.9102 232.933 181.078 160.588 215.08 20.4901 44.9181 36.7039 52.1465 19.9788 161.096 126.462 32.7047 93.7577 187.233 51.8545 22.9922
internal_count=5555 3699 2844 855 1911 1419 1196 492 299 1856 1719 1073 137 400 933 725 643 864 82 180 147 209 80 646 507 131 376 752 208 92
is_linear=0
shrinkage=0.01


Tree=10
num_leaves=31
num_cat=0
split_feature=12 0 0 0 0 0 0 0 0 1 1 0 0 1 1 1 0 12 12 0 0 1 0 1 1 3 0 0 0 0
split_gain=254.732 73.4882 92.3646 70.9546 19.1562 37.5159 33.5411 25.0109 18.4951 17.6582 16.7088 15.7894 15.5628 12.4359 18.893 11.4694 11.0327 12.9879 8.74554 7.81986 14.2633 6.96849 6.809 6.20075 5.77102 5.66332 5.05707 6.74424 3.54374 3.50207
threshold=1.9501783728997251 4643066.5000000009 4583097.5000000009 5494016.0000000009 4378387.5000000009 4487724.5000000009 4496309.0000000009 4262097.0000000009 5556929.5000000009 1955339848972.5002 3784361550632.0005 4266423.5000000009 4587470.5000000009 2142597722549.5002 3289799696373.0005 3799450294316.0005 5496779.5000000009 1.9789033726770087 3.9477558332250813 5505757.0000000009 5498189.5000000009 3507688970202.5005 5496996.5000000009 2883033188162.5005 3799450294316.0005 49.500000000000007 4583087.5000000009 4489933.0000000009 4587374.0000000009 4265344.0000000009
decision_type=2 2 2 2 2 2 2 2 2 2 2 2 2 2 2 2 2 2 2 2 2 2 2 2 2 2 2 2 2 2
left_child=1 2 4 -3 7 -6 -7 -1 19 16 13 -9 28 25 23 21 17 29 -16 20 -5 -14 -18 -15 -12 -11 27 -19 -4 -2
right_child=9 3 12 8 5 6 -8 11 -10 10 24 -13 15 14 18 -17 22 26 -20 -21 -22 -23 -24 -25 -26 -27 -28 -29 -30 -31
leaf_value=0.010006737397529742 0.0016537759699035554 0.012403446611056763 -0.007116936909418674 -0.0082233845633041831 0.012719104276274342 -0.0018611469776646395 0.0057687061177198974 -0.0065921329695991775 0.0064296453858227924 -0.0068524539476159888 -0.017291497441205391 0.0015800377163615069 -0.0019206127168904857 -0.0057837119694331496 -0.0013187983997424084 0.0055260471326339438 0.009174887551765782 -0.013429058904184341 -0.013505555203255398 -0.012561223147686498 0.0042534061779796123 -0.0066931586990085648 -0.0069627685054921805 -0.011172856926816646 -0.0083098239045690768 0.0040898295718852307 -0.012322068838798722 -0.0052246656067046239 -0.013421514620069104 -0.0058650941283630888
leaf_weight=22.986996978521347 7.233167126774787 138.8613598048687 40.387959063053131 17.696544364094734 55.689520820975304 77.934807613492012 220.99658678472042 38.41202586889267 29.748771771788597 5.7351042181253424 10.40343229472637 61.487782493233681 123.38325254619122 52.339495658874512 117.56916734576225 16.99489289522171 5.497773349285124 15.412209078669546 6.1990626305341712 8.2070022821426374 18.999841585755348 40.681560337543488 4.9855775088071823 36.059863910079002 22.902572184801102 26.98715303838253 79.225139409303665 28.634309470653534 11.441221073269842 43.147432997822762
leaf_count=92 29 556 162 71 223 312 884 154 119 23 42 246 494 210 471 68 22 62 25 33 76 163 20 145 92 108 319 115 46 173
internal_value=0 0.00303232 0.00148615 0.00817668 0.00400433 0.00518339 0.00377952 0.00060186 0.000314427 -0.0060599 -0.00446992 -0.00156221 -0.00367704 -0.00356612 -0.0044511 -0.00229397 -0.00846206 -0.00906349 -0.00192918 -0.00373694 -0.00176343 -0.00310401 0.00150029 -0.00798205 -0.0111153 0.00217202 -0.0108118 -0.00809544 -0.00850866 -0.00478561
internal_weight=0 923.91 710.397 213.514 477.508 354.621 298.931 122.887 74.6522 462.331 278.196 99.8998 232.889 244.89 212.168 181.06 184.136 173.652 123.768 44.9034 36.6964 164.065 10.4834 88.3994 33.306 32.7223 123.272 44.0465 51.8292 50.3806
internal_count=5555 3699 2844 855 1911 1419 1196 492 299 1856 1116 400 933 982 851 725 740 698 496 180 147 657 42 355 134 131 496 177 208 202
is_linear=0
shrinkage=0.01


Tree=11
num_leaves=31
num_cat=0
split_feature=2 0 0 0 0 0 0 0 0 1 1 0 0 12 1 0 0 0 12 1 1 1 12 0 2 0 1 0 1 1
split_gain=249.757 72.063 90.5389 69.5825 18.7763 36.8021 32.8744 24.5189 18.1299 17.3394 15.8916 15.4803 15.2674 11.9962 11.2417 7.67439 13.9848 7.28416 9.19537 7.21042 16.5256 6.83335 6.29362 5.85255 5.75736 5.8948 5.68055 3.48209 3.36567 3.80207
threshold=75.500000000000014 4643066.5000000009 4583097.5000000009 5494016.0000000009 4378387.5000000009 4487724.5000000009 4496309.0000000009 4262097.0000000009 5556929.5000000009 1837832554337.5002 3784361550632.0005 4266423.5000000009 4587470.5000000009 3.9290280481443154 3799450294316.0005 5505757.0000000009 5498189.5000000009 5496591.0000000009 1.9789033726770087 3289799696373.0005 2142597722549.5002 3507688970202.5005 1.9929177889658176 5496965.5000000009 9.5000000000000018 4583097.5000000009 3799450294316.0005 4587374.0000000009 1264132477716.0002 1058264179828.5001
decision_type=2 2 2 2 2 2 2 2 2 2 2 2 2 2 2 2 2 2 2 2 2 2 2 2 2 2 2 2 2 2
left_child=9 2 4 -3 7 -6 -7 -2 15 17 13 -9 27 19 21 16 -5 18 28 20 -11 -14 -21 -19 25 -20 -12 -4 29 -1
right_child=1 3 12 8 5 6 -8 11 -10 10 26 -13 14 -15 -16 -17 -18 23 24 22 -22 -23 -24 -25 -26 -27 -28 -29 -30 -31
leaf_value=-0.0056532185869459109 0.0099090788786196857 0.012284713014022021 -0.0070485054303324269 -0.0081449805705769013 0.012597720003410019 -0.00184263649836374 0.0057111801083338113 -0.0065283485549161363 0.0063656726631592317 0.00020487411067429939 -0.017148366357702227 0.0015642037268664751 -0.0019015172249539597 -0.012382975162257191 0.0054704786464006049 -0.012447438701007179 0.0042108526400571542 0.0063206665097604612 -0.0028397648214980088 -0.0042398911374149145 -0.0074145712816886932 -0.0066280906256061993 0.00053136057930381318 -0.0081218137176272739 -0.012459980476997102 -0.010359226730186607 -0.0082313019113639304 -0.013300716162612769 -0.012275067287771606 0.0024716903417000341
leaf_weight=32.912468403577805 22.98143558204174 138.80173829197884 40.372348129749298 17.68826487660408 55.663976088166237 77.930559754371643 220.99038004875183 38.399515226483345 29.747266516089439 43.421420872211456 10.385452777147291 61.489099055528641 123.37613321840763 14.886390179395674 16.995844036340714 8.1992428153753263 18.999928921461105 5.7446499913930875 15.456443533301352 45.421000674366951 82.639585629105568 40.670178756117821 70.64626482129097 5.4846940040588379 67.237909749150276 32.029657036066055 22.889902666211128 11.429737359285353 5.9819325506687155 6.981142744421958
leaf_count=132 92 556 162 71 223 312 884 154 119 174 42 246 494 60 68 33 76 23 62 182 332 163 283 22 271 129 92 46 24 28
internal_value=0 0.00300256 0.00147149 0.00809785 0.00396473 0.00513208 0.00374185 0.000595922 0.000311345 -0.00600208 -0.00451179 -0.00154676 -0.00364098 -0.00366991 -0.00227125 -0.00370091 -0.00174619 -0.0085198 -0.00906424 -0.00313422 -0.00479007 -0.00307332 -0.00133579 -0.000733404 -0.0105774 -0.00791169 -0.0110144 -0.00842801 -0.00528026 -0.00423141
internal_weight=0 923.736 710.299 213.436 477.455 354.585 298.921 122.87 74.6347 462.119 290.29 99.8886 232.844 257.015 181.042 44.8874 36.6882 171.829 160.6 242.128 126.061 164.046 116.067 11.2293 114.724 47.4861 33.2754 51.8021 45.8755 39.8936
internal_count=5555 3699 2844 855 1911 1419 1196 492 299 1856 1165 400 933 1031 725 180 147 691 646 971 506 657 465 45 462 191 134 208 184 160
is_linear=0
shrinkage=0.01


Tree=12
num_leaves=31
num_cat=0
split_feature=2 0 0 0 0 0 0 0 0 0 2 0 13 0 0 2 0 0 0 2 0 0 0 0 1 0 1 1 0 0
split_gain=244.882 70.6712 88.751 68.244 18.4045 36.1069 32.2215 24.0377 17.7723 17.1123 19.4702 27.455 17.9579 15.1775 14.9786 12.5643 11.2147 12.7696 8.69825 8.52748 8.3744 7.53234 13.712 7.51744 5.80958 5.35347 4.81588 6.02892 5.41041 3.42228
threshold=75.500000000000014 4643066.5000000009 4583097.5000000009 5494016.0000000009 4378387.5000000009 4487724.5000000009 4496309.0000000009 4262097.0000000009 5556929.5000000009 5496779.5000000009 31.500000000000004 4583087.5000000009 1.995778316139116 4266423.5000000009 4587470.5000000009 7.5000000000000009 4589803.5000000009 4589810.0000000009 4588245.5000000009 9.5000000000000018 4587692.0000000009 5505757.0000000009 5498189.5000000009 4546978.0000000009 1861025326992.0002 5496965.5000000009 1837832554337.5002 1955683364026.5002 4641135.5000000009 4587374.0000000009
decision_type=2 2 2 2 2 2 2 2 2 2 2 2 2 2 2 2 2 2 2 2 2 2 2 2 2 2 2 2 2 2
left_child=9 2 4 -3 7 -6 -7 -2 21 10 11 15 -11 -9 29 23 18 -18 -16 20 -13 22 -5 -1 -17 -14 -12 -28 -29 -4
right_child=1 3 14 8 5 6 -8 13 -10 12 26 19 25 -15 16 24 17 -19 -20 -21 -22 -23 -24 -25 -26 -27 27 28 -30 -31
leaf_value=-0.00086226371333836293 0.0098128368193989256 0.012167991154350124 -0.0069808803091812241 -0.0080675569690512663 0.012478438148753209 -0.0018243119392243627 0.0056543196507228338 -0.0064652995187599706 0.0063024622227306638 -0.0077318063600646681 -0.0055421363956569348 -0.010763134213592009 0.012554239850446654 0.0015485304887425386 -0.0026507086768113091 -0.009251964804651602 -0.015276892690201396 -0.002482659504194205 0.010480010547420801 -0.012283171830216173 -0.0046729161521215333 -0.012335536720634704 0.0041687630273968615 0.012402503642473995 -0.0037539643714743875 0.0021713822154027273 0.0039122852544300028 -0.0010222914420026019 -0.0075473228781751953 -0.013182054803424409
leaf_weight=29.444116324186325 22.974797278642654 138.7322089523077 40.355890035629272 17.679480507969856 55.634258210659027 77.926221787929535 220.98061385750771 38.386310338973999 29.745171368122101 14.203276932239531 52.3219123929739 50.160771504044533 9.2443443536758441 61.490326598286629 8.9890059232711792 34.520978361368179 8.2220643162727338 152.31436283886433 11.497976303100586 96.784601613879204 41.059728816151619 8.1909271031618101 18.999845832586288 4.9975394606590262 43.358748137950897 10.729902803897856 15.738804489374159 40.902351006865501 18.435094773769379 11.41736003756523
leaf_count=118 92 556 162 71 223 312 884 154 119 57 210 202 37 246 36 139 33 610 46 390 165 33 76 20 174 43 63 164 74 46
internal_value=0 0.00297318 0.001457 0.00802023 0.0039256 0.00508139 0.00370461 0.000590051 0.000308301 -0.00594488 -0.00648896 -0.00787855 0.000864236 -0.00153148 -0.00360531 -0.00396684 -0.00224877 -0.00313793 0.00471869 -0.0102156 -0.00802183 -0.00366532 -0.00172916 0.00106248 -0.00619101 0.00697671 -0.00321316 -0.00159005 -0.0030495 -0.0083484
internal_weight=0 923.537 710.189 213.348 477.393 354.541 298.907 122.851 74.6154 461.902 427.725 300.326 34.1775 99.8766 232.797 112.321 181.023 160.536 20.487 188.005 91.2205 44.8703 36.6793 34.4417 77.8797 19.9742 127.398 75.0763 59.3374 51.7733
internal_count=5555 3699 2844 855 1911 1419 1196 492 299 1856 1719 1208 137 400 933 451 725 643 82 757 367 180 147 138 313 80 511 301 238 208
is_linear=0
shrinkage=0.01


Tree=13
num_leaves=31
num_cat=0
split_feature=2 0 0 0 0 0 0 0 0 1 1 0 0 1 1 1 0 12 12 2 0 0 0 1 0 1 1 3 1 0
split_gain=240.108 69.3116 87 66.9382 18.0405 35.4296 31.5823 23.5669 17.4221 16.871 15.99 14.8809 14.6959 11.8811 18.1784 10.9989 10.531 12.4102 8.36428 7.47658 7.39361 13.4448 7.27222 6.69946 6.53322 6.06349 5.57031 5.55431 4.03357 3.43738
threshold=75.500000000000014 4643066.5000000009 4583097.5000000009 5494016.0000000009 4378387.5000000009 4487724.5000000009 4496309.0000000009 4262097.0000000009 5556929.5000000009 1955339848972.5002 3784361550632.0005 4266423.5000000009 4587470.5000000009 2142597722549.5002 3289799696373.0005 3799450294316.0005 5496779.5000000009 1.9789033726770087 3.9477558332250813 9.5000000000000018 5505757.0000000009 5498189.5000000009 4583097.5000000009 3507688970202.5005 5496996.5000000009 2883033188162.5005 3799450294316.0005 49.500000000000007 1758355645294.5002 4265344.0000000009
decision_type=2 2 2 2 2 2 2 2 2 2 2 2 2 2 2 2 2 2 2 2 2 2 2 2 2 2 2 2 2 2
left_child=9 2 4 -3 7 -6 -7 -2 20 16 13 -9 -4 27 25 23 17 29 -16 22 21 -5 -19 -14 -18 -15 -12 -11 -21 -1
right_child=1 3 12 8 5 6 -8 11 -10 10 26 -13 15 14 18 -17 24 19 -20 28 -22 -23 -24 -25 -26 -27 -28 -29 -30 -31
leaf_value=0.0017353037527145369 0.0097179738288342785 0.012053219705600216 -0.0082698211206502364 -0.0079910935051126283 0.012361191681890829 -0.0018061717903942191 0.0055981124825691501 -0.0064029727622175493 0.0062399997092564188 -0.0067810540765058189 -0.016929206662791598 0.001533016668137999 -0.0018598312320001254 -0.0056080676101914351 -0.0012459538447372911 0.0054312530774961445 0.009013936236721927 -0.0020224736288911283 -0.01318505066481436 -0.011326370687655782 -0.012225461948040707 0.0041271295429893065 -0.010153396336312879 -0.0065407579874010458 -0.0067988833870994223 -0.010941684329491179 -0.0080883130680344511 0.0040575611130620097 -0.016954103660820338 -0.0057156137078027257
leaf_weight=7.2300533652305594 22.967115491628647 138.65308383107185 51.742730975151062 17.670209124684334 55.600497201085091 77.921798378229141 220.96739952266216 38.372433394193649 29.742503061890602 5.7323659956455222 10.35409703850746 61.49146768450737 123.35513371229172 52.280109435319901 117.52738606929779 16.994940891861916 5.4962720125913602 15.948206916451452 6.1763149797916403 54.97705115377903 8.182073771953581 18.999597609043121 35.451903998851776 40.651967376470566 4.9803946912288666 35.986391857266426 22.863585889339447 26.986512452363968 16.575457662343979 43.111597299575806
leaf_count=29 92 556 208 71 223 312 884 154 119 23 42 246 494 210 471 68 22 64 25 222 33 76 143 163 20 145 92 108 67 173
internal_value=0 0.00294417 0.00144268 0.00794377 0.00388693 0.00503131 0.00366778 0.000584247 0.000305292 -0.00588831 -0.00433382 -0.00151637 -0.00357006 -0.00345002 -0.00431575 -0.00222655 -0.00823909 -0.00882769 -0.00184205 -0.01054 -0.00363017 -0.00171232 -0.00763057 -0.00302008 0.00149684 -0.00778259 -0.0108441 0.00215863 -0.0126301 -0.00464552
internal_weight=0 923.313 710.065 213.247 477.321 354.49 298.889 122.831 74.5944 461.678 277.907 99.8639 232.745 244.689 211.97 181.002 183.771 173.294 123.704 122.953 44.8519 36.6698 51.4001 164.007 10.4767 88.2665 33.2177 32.7189 71.5525 50.3417
internal_count=5555 3699 2844 855 1911 1419 1196 492 299 1856 1116 400 933 982 851 725 740 698 496 496 180 147 207 657 42 355 134 131 289 202
is_linear=0
shrinkage=0.01


Tree=14
num_leaves=31
num_cat=0
split_feature=2 0 0 0 0 0 0 0 0 0 2 0 12 0 0 2 0 0 0 2 0 0 0 0 1 0 1 1 0 0
split_gain=235.436 67.9835 85.2847 65.6639 17.6842 34.7695 30.9562 23.1063 17.0793 16.5879 18.8696 26.7784 17.5828 14.5903 14.4187 12.1871 10.9782 12.5455 8.50608 8.33943 8.19956 7.36642 7.25807 13.1832 5.66716 5.20294 4.66631 5.8256 5.29636 3.36874
threshold=75.500000000000014 4643066.5000000009 4583097.5000000009 5494016.0000000009 4378387.5000000009 4487724.5000000009 4496309.0000000009 4262097.0000000009 5556929.5000000009 5496779.5000000009 31.500000000000004 4583087.5000000009 1.9915744832887996 4266423.5000000009 4587470.5000000009 7.5000000000000009 4589803.5000000009 4589810.0000000009 4588245.5000000009 9.5000000000000018 4587692.0000000009 4546978.0000000009 5505757.0000000009 5498189.5000000009 702778653671.50012 5496965.5000000009 1837832554337.5002 1955683364026.5002 4641135.5000000009 4587374.0000000009
decision_type=2 2 2 2 2 2 2 2 2 2 2 2 2 2 2 2 2 2 2 2 2 2 2 2 2 2 2 2 2 2
left_child=9 2 4 -3 7 -6 -7 -2 22 10 11 15 -11 -9 29 21 18 -18 -16 20 -13 -1 23 -5 -17 -14 -12 -28 -29 -4
right_child=1 3 14 8 5 6 -8 13 -10 12 26 19 25 -15 16 24 17 -19 -20 -21 -22 -23 -24 -25 -26 -27 27 28 -30 -31
leaf_value=-0.00082685568633594656 0.0096244544281582547 0.011940339974241059 -0.0068350515537151865 -0.0079155686754800413 0.01224591945047593 -0.0017882139765989062 0.0055425488377894138 -0.0063413553356245593 0.0061782731405642189 -0.007637212257436945 -0.0054369264546046334 -0.010593560549390328 0.012419204387327914 0.0015176603600268567 -0.0025990688028116873 -0.010718876554614357 -0.015123209855882043 -0.0024351386030323639 0.01038668162859642 -0.012095705024213173 -0.0045635545167684857 0.012303325892884028 -0.012117157730130874 0.0040859463790688926 -0.0045006578737331795 0.0021826047323920375 0.0038628453323661881 -0.00097519038589292386 -0.0074331559563496838 -0.012992823375700433
leaf_weight=29.438840851187706 22.958422899246216 138.56465721130371 40.316887587308884 17.660466238856316 55.56281878054142 77.917292222380638 220.95083874464035 38.357908546924591 29.739279463887215 14.193452939391134 52.286484777927399 50.077161833643913 9.2430153489112872 61.492523834109306 8.987190768122673 19.588991910219193 8.2131345421075803 152.28410050272942 11.497339263558388 96.59241795539856 41.024179473519325 4.9982900023460379 8.1727004498243314 18.999189734458923 58.208945870399475 10.728249549865721 15.738894149661062 40.890757486224174 18.420289531350136 11.395317450165747
leaf_count=118 92 556 162 71 223 312 884 154 119 57 210 202 37 246 36 79 33 610 46 390 165 20 33 76 234 43 63 164 74 46
internal_value=0 0.0029155 0.00142852 0.00786846 0.00384872 0.00498183 0.00363136 0.000578508 0.00030232 -0.00583259 -0.00636874 -0.00773804 0.000872479 -0.00150141 -0.00353514 -0.00387398 -0.00220454 -0.00308443 0.00468944 -0.0100486 -0.00787817 0.00107889 -0.00359546 -0.00169568 -0.00606636 0.00692026 -0.00314347 -0.00154564 -0.00298085 -0.00819198
internal_weight=0 923.07 709.934 213.136 477.24 354.431 298.868 122.809 74.5716 461.43 427.265 299.929 34.1647 99.8504 232.694 112.235 180.982 160.497 20.4845 187.694 91.1013 34.4371 44.8324 36.6597 77.7979 19.9713 127.336 75.0499 59.311 51.7122
internal_count=5555 3699 2844 855 1911 1419 1196 492 299 1856 1719 1208 137 400 933 451 725 643 82 757 367 138 180 147 313 80 511 301 238 208
is_linear=0
shrinkage=0.01


Tree=15
num_leaves=31
num_cat=0
split_feature=2 1 1 1 1 1 1 1 1 1 3 12 1 1 1 1 1 1 1 1 3 3 1 2 12 1 1 12 12 2
split_gain=230.857 16.4048 16.0792 17.3086 21.6573 15.5824 14.271 11.505 17.8135 11.2787 8.91433 8.13825 7.46006 29.6435 9.74975 6.75678 11.2314 5.92776 5.56764 5.46788 5.45101 4.4031 4.16212 3.06799 2.86487 3.66759 2.19425 2.01916 4.53007 1.81314
threshold=75.500000000000014 1955339848972.5002 215631317547.00003 1861025326992.0002 1955339855810.5002 3784361550632.0005 1707115179210.0002 2142597722549.5002 3289799696373.0005 1119808861620.0002 32.500000000000007 3.9477558332250813 4084856406127.0005 3784361550632.0005 4311020372865.5005 641304924141.50012 215631320312.50003 2883033188162.5005 308877337732.00006 3799450294316.0005 49.500000000000007 60.500000000000007 1392992072781.5002 9.5000000000000018 2.9628705879494346 632859013397.50012 1861025321321.0002 2.9510105779275424 1.9909035121068848 9.5000000000000018
decision_type=2 2 2 2 2 2 2 2 2 2 2 2 2 2 2 2 2 2 2 2 2 2 2 2 2 2 2 2 2 2
left_child=1 10 -2 6 -5 7 9 20 17 18 23 -10 13 -6 -14 16 -12 -9 -4 -7 -3 -17 -23 -1 -25 -26 -8 28 -21 -18
right_child=2 5 3 4 12 19 26 8 11 -11 15 -13 14 -15 -16 21 29 -19 -20 27 -22 22 -24 24 25 -27 -28 -29 -30 -31
leaf_value=-0.0077497772606621475 0.01036017514687968 -0.0067113950444357617 -0.0026767065343178942 0.014016021710962574 0.003369141863449234 -0.016718536859417571 -0.0068446010330379097 -0.005508307940061 -0.0011881688165442247 0.005142923837587297 0.0011940128061803986 -0.012980392392056617 0.0093515733335801359 -0.0076852677721881649 0.0012566163513937352 0.0017674613753956916 -0.010580943478824769 -0.010785217640851125 0.0012830323446350275 -0.010691074688613675 0.0040282704626374921 -0.0044633114765366706 -0.0093256487758652338 -0.0074680982301150124 -0.007975024948705247 -0.016240902967948431 -0.0012836629255630876 -0.01165856993572963 0.00078993406290283122 -0.015465353105997457
leaf_weight=15.339481160044668 27.921096235513687 5.7294494211673728 50.171911343932152 19.216278493404388 517.34267349541187 10.31956687569618 26.18621851503849 52.240490436553955 117.48974457383156 60.632250413298607 6.9652696698904029 6.1592872589826575 41.42984713613987 25.451586082577705 23.216340273618698 8.1966311633586866 16.149077907204632 35.928575485944748 121.50026805698872 7.6969589143991488 26.984963580965996 59.161625921726227 25.062224477529526 7.4286037981510153 6.9211721271276501 23.918283984065056 9.7329225838184339 8.9285681098699552 6.2091244012117386 14.35591086745262
leaf_count=62 112 23 201 77 2074 42 105 210 471 243 28 25 166 102 93 33 65 145 487 31 108 238 101 30 28 97 39 36 25 58
internal_value=0 -0.00577736 0.00288719 0.00265403 0.0035639 -0.0042442 0.000528262 -0.00337195 -0.00422439 0.00143527 -0.00809747 -0.00177557 0.00323325 0.0028508 0.00644444 -0.00668151 -0.0102635 -0.00765863 0.000125782 -0.0106776 0.00214738 -0.00522926 -0.00591018 -0.0115283 -0.013043 -0.0143858 -0.00533777 -0.0079475 -0.00556476 -0.0128796
internal_weight=0 461.185 922.801 894.88 626.657 277.687 268.224 244.533 211.818 232.304 183.498 123.649 607.44 542.794 64.6462 129.891 37.4703 88.1691 171.672 33.1542 32.7144 92.4205 84.2239 53.6075 38.2681 30.8395 35.9191 22.8347 13.9061 30.505
internal_count=5555 1856 3699 3587 2512 1116 1075 982 851 931 740 496 2435 2176 259 523 151 355 688 134 131 372 339 217 155 125 144 92 56 123
is_linear=0
shrinkage=0.01


Tree=16
num_leaves=31
num_cat=0
split_feature=2 0 0 0 0 0 0 0 0 0 0 2 0 12 0 2 0 0 2 0 0 0 0 0 1 1 0 12 1 0
split_gain=226.351 66.5642 83.5484 64.4431 17.0418 34.4684 29.6899 22.6385 16.7758 16.324 16.169 18.3593 26.7658 17.2012 14.3262 11.8508 10.7346 12.339 9.04015 8.3259 8.03993 7.21103 7.13122 12.9001 5.82442 6.14015 6.22178 5.69976 5.4559 5.08073
threshold=75.500000000000014 4643066.5000000009 4586868.5000000009 5494016.0000000009 4378387.5000000009 4487724.5000000009 4496309.0000000009 4262097.0000000009 5556929.5000000009 4587470.5000000009 5496779.5000000009 28.500000000000004 4583087.5000000009 1.9915744832887996 4266423.5000000009 7.5000000000000009 4589803.5000000009 4589810.0000000009 9.5000000000000018 4588245.5000000009 4587692.0000000009 4546978.0000000009 5505757.0000000009 5498189.5000000009 1837832554337.5002 1955683351036.5002 4641135.5000000009 1.9895629315190633 3507688974920.5005 5496965.5000000009
decision_type=2 2 2 2 2 2 2 2 2 2 2 2 2 2 2 2 2 2 2 2 2 2 2 2 2 2 2 2 2 2
left_child=10 2 4 -3 7 -6 -7 -2 22 28 11 12 15 -12 -9 21 19 -18 20 -11 -14 -1 23 -5 -13 -26 -27 -17 -4 -15
right_child=1 3 9 8 5 6 -8 14 -10 16 13 24 18 29 -16 27 17 -19 -20 -21 -22 -23 -24 -25 25 26 -28 -29 -30 -31
leaf_value=-0.00077845796009374212 0.0094966847962947125 0.011797949240933397 -0.007075319944017916 -0.0078693881060115187 0.01210040008773414 -0.0017911287249931765 0.0053727278515121237 -0.0063152910413343515 0.006089688621363696 -0.0026040156338579131 -0.00752320693043226 -0.0056472828041198558 -0.010443264378328512 0.012313587153447004 0.0014726513834278539 0.0010015119684855728 -0.01502494070518909 -0.0024370588170274112 -0.012191906633447998 0.010243744006939988 -0.0044686965893107403 0.012212266134653932 -0.012048598405964435 0.0040038934919921134 0.0058172770804578913 -0.00052398044655786854 -0.0071877543371172562 -0.0070351941822068588 -0.015475430455814931 0.0021972051904819889
leaf_weight=29.431128099560738 22.944596007466316 138.43627414107323 38.264608293771744 17.65409854054451 55.508307427167892 77.916793495416641 224.64811673760414 38.351163506507874 29.73344823718071 8.9873557239770889 14.181752502918242 55.209594741463661 49.994862869381905 9.2419134080410021 61.494462430477142 10.185904979705809 8.2067348361015302 152.28209972381592 92.430326998233795 11.495914429426193 40.990855559706688 4.9987232089042655 8.1663776785135251 18.997685819864273 10.23896788060665 47.365395545959473 19.89683710038662 66.03559435904026 9.6901492625474912 10.726466357707976
leaf_count=118 92 556 154 71 223 312 899 154 119 36 57 222 202 37 246 41 33 610 374 46 165 20 33 76 41 190 80 266 39 43
internal_value=0 0.00285839 0.00138715 0.00776136 0.00375438 0.00485679 0.00352788 0.000539609 0.000265746 -0.00358526 -0.0057228 -0.00625261 -0.00764595 0.000898301 -0.00151873 -0.0037617 -0.00221066 -0.00308075 -0.00998924 0.00460659 -0.0077516 0.00110761 -0.003598 -0.00171512 -0.00316518 -0.001397 -0.00249519 -0.0059612 -0.00877272 0.00687934
internal_weight=0 922.778 709.79 212.988 480.863 358.073 302.565 122.79 74.5516 228.927 460.928 426.778 294.067 34.1501 99.8456 110.651 180.972 160.489 183.416 20.4833 90.9857 34.4299 44.8182 36.6518 132.711 77.5012 67.2622 76.2215 47.9548 19.9684
internal_count=5555 3699 2844 855 1926 1434 1211 492 299 918 1856 1719 1186 137 400 445 725 643 741 82 367 138 180 147 533 311 270 307 193 80
is_linear=0
shrinkage=0.01


Tree=17
num_leaves=31
num_cat=0
split_feature=2 1 1 1 1 1 1 1 1 1 3 12 1 1 1 1 1 1 1 1 3 3 1 2 12 1 1 1 2 2
split_gain=221.956 15.9877 15.785 16.9415 21.1834 15.1994 13.9613 11.1439 17.4695 11.0435 8.65959 7.92904 7.2788 28.9074 9.56908 6.65504 11.027 5.79596 5.47963 5.36859 5.34118 4.28718 4.10602 3.01776 2.79546 3.61168 2.1588 1.98864 3.8236 1.77037
threshold=75.500000000000014 1955339848972.5002 215631317547.00003 1861025326992.0002 1955339855810.5002 3784361550632.0005 1707115179210.0002 2142597722549.5002 3289799696373.0005 1119808861620.0002 32.500000000000007 3.9477558332250813 4084856406127.0005 3784361550632.0005 4311020372865.5005 641304924141.50012 215631320312.50003 2883033188162.5005 308877337732.00006 3799450294316.0005 49.500000000000007 60.500000000000007 1392992072781.5002 9.5000000000000018 2.9628705879494346 632859013397.50012 1861025321321.0002 4311877336090.5005 13.500000000000002 9.5000000000000018
decision_type=2 2 2 2 2 2 2 2 2 2 2 2 2 2 2 2 2 2 2 2 2 2 2 2 2 2 2 2 2 2
left_child=1 10 -2 6 -5 7 9 20 17 18 23 -10 13 -6 -14 16 -12 -9 -4 -7 -3 -17 -23 -1 -25 -26 -8 28 -21 -18
right_child=2 5 3 4 12 19 26 8 11 -11 15 -13 14 -15 -16 21 29 -19 -20 27 -22 22 -24 24 25 -27 -28 -29 -30 -31
leaf_value=-0.0075972153104634909 0.01023679825939656 -0.0066336326892774914 -0.0026829373855079214 0.013840148642643043 0.0033071086125706834 -0.016514887017434584 -0.0068017620652947187 -0.0054100931512500814 -0.0011288488581036058 0.0050629265836964164 0.0012305478067652729 -0.012784950862860963 0.0092266101933347264 -0.0076111624144139132 0.0012054793568572228 0.0017821201801184062 -0.010447146619702204 -0.010631595741129707 0.0012458532462616865 -0.00038467921174605675 0.0040000750720074691 -0.0043587717152577662 -0.0091911857674146832 -0.0073423273950342762 -0.0078146131634825675 -0.016026527229645891 -0.0012851904616808449 -0.011497485328993248 -0.010884973456504788 -0.015278014861857233
leaf_weight=15.312323182821272 27.907766848802567 5.7258978784084311 50.160599797964096 19.205322459340096 517.16663135588169 10.281830221414564 26.176114663481712 52.197780817747116 117.44745814800262 60.612178325653076 6.9621081054210654 6.1411354690790168 41.40889784693718 25.442393243312836 23.209146231412888 8.191687196493147 16.128683254122738 35.865549921989441 121.46634617447853 7.1955448538064974 26.982945054769516 59.110799759626389 25.027717396616936 7.4181980192661277 6.9076554328203228 23.838930487632751 9.7307725697755796 8.9131979346275312 6.6942511051893234 14.322493642568586
leaf_count=62 112 23 201 77 2074 42 105 210 471 243 28 25 166 102 93 33 65 145 487 29 108 238 101 30 28 97 39 36 27 58
internal_value=0 -0.00566882 0.00283071 0.00259966 0.00350002 -0.00415492 0.000496285 -0.00329368 -0.00413319 0.00139351 -0.00796128 -0.00170804 0.00317298 0.00279516 0.00634563 -0.00656555 -0.0101234 -0.00753665 9.76041e-05 -0.0105159 0.00213857 -0.00512385 -0.00579621 -0.0113475 -0.0128522 -0.0141816 -0.00530677 -0.007811 -0.00544534 -0.0127193
internal_weight=0 460.666 922.486 894.578 626.432 277.446 268.146 244.361 211.652 232.239 183.221 123.589 607.227 542.609 64.618 129.743 37.4133 88.0633 171.627 33.0848 32.7088 92.3302 84.1385 53.4771 38.1648 30.7466 35.9069 22.803 13.8898 30.4512
internal_count=5555 1856 3699 3587 2512 1116 1075 982 851 931 740 496 2435 2176 259 523 151 355 688 134 131 372 339 217 155 125 144 92 56 123
is_linear=0
shrinkage=0.01


Tree=18
num_leaves=31
num_cat=0
split_feature=2 0 0 0 0 0 0 0 0 0 2 0 13 1 0 2 1 2 0 0 0 0 1 1 1 0 13 0 0 0
split_gain=217.63 65.1823 81.8672 63.2552 17.1082 33.3683 29.663 22.1819 16.4782 15.76 17.8652 26.2564 16.8256 14.134 13.7896 11.52 10.6226 8.81868 7.89408 7.06108 7.00687 12.6234 6.50359 5.64923 5.98887 6.08204 5.57183 4.96537 3.31879 3.31233
threshold=75.500000000000014 4643066.5000000009 4583097.5000000009 5494016.0000000009 4378387.5000000009 4487724.5000000009 4496309.0000000009 4262097.0000000009 5556929.5000000009 5496779.5000000009 28.500000000000004 4583087.5000000009 1.995778316139116 248877212578.50003 4587470.5000000009 7.5000000000000009 3799450294316.0005 9.5000000000000018 4587692.0000000009 4546978.0000000009 5505757.0000000009 5498189.5000000009 3507688970202.5005 1837832554337.5002 1955683351036.5002 4641135.5000000009 1.9947677634406549 5496965.5000000009 4587374.0000000009 4234980.5000000009
decision_type=2 2 2 2 2 2 2 2 2 2 2 2 2 2 2 2 2 2 2 2 2 2 2 2 2 2 2 2 2 2
left_child=9 2 4 -3 7 -6 -7 29 20 10 11 15 -11 -9 28 19 22 18 -13 -1 21 -5 -16 -12 -25 -26 -17 -14 -4 -2
right_child=1 3 14 8 5 6 -8 13 -10 12 23 17 27 -15 16 26 -18 -19 -20 -21 -22 -23 -24 24 25 -27 -28 -29 -30 -31
leaf_value=-0.00073305285130444359 0.0041723725111923919 0.011658761265849107 -0.0067270831522349053 -0.0078232077377385252 0.011958195278506445 -0.0017935734440704173 0.0053828063879778777 0.013699780076050523 0.0060027737275857654 -0.0074114028812327197 -0.0055387597449663342 -0.010297854787588783 0.012210035534159443 -0.0024645335459316958 -0.0018530512470543725 0.0010479308372530007 0.0053104805545815823 -0.01201737448099376 -0.0043739708937570974 0.01212190480685061 -0.011980373719599367 0.0039235151031539357 -0.0064660117966205011 0.0057734190779683029 -0.00048771163262754789 -0.0070786817467278756 -0.0069004557812711968 0.0022082843867677329 -0.012843688039150997 0.012150091536704969
leaf_weight=29.423428371548653 7.9858271777629879 138.29291132092476 40.283093675971031 17.647433385252953 55.447588413953781 77.91539466381073 220.87736956775188 5.7393510043621054 29.726427674293518 14.168976351618765 55.16172231733799 49.907363563776016 9.2401587814092654 94.099880278110504 123.33781287074089 10.180932506918905 16.990282475948334 92.212889492511749 40.955157250165939 4.9989295154809943 8.1597884446382505 18.995449617505074 40.631111025810242 10.238325089216231 47.351946204900742 19.878193512558937 65.948089629411697 10.724781289696692 11.375778019428251 14.943045973777769
leaf_count=118 32 556 162 71 223 312 884 23 119 57 222 202 37 377 494 41 68 374 165 20 33 76 163 41 190 80 266 43 46 60
internal_value=0 0.00280252 0.00134677 0.00765653 0.00371868 0.00483357 0.00351144 0.000501716 0.000230153 -0.00561552 -0.00613909 -0.00751501 0.000922661 -0.00153531 -0.0035171 -0.00366685 -0.00221622 -0.00983874 -0.00762774 0.00113379 -0.00359996 -0.00173378 -0.00299613 -0.00309298 -0.00135146 -0.00243649 -0.0058375 0.00683729 -0.00807402 0.00937156
internal_weight=0 922.449 709.627 212.822 477.008 354.24 298.793 122.768 74.5291 460.391 426.257 293.627 34.1339 99.8392 232.618 110.551 180.959 183.075 90.8625 34.4224 44.8027 36.6429 163.969 132.63 77.4685 67.2301 76.129 19.9649 51.6589 22.9289
internal_count=5555 3699 2844 855 1911 1419 1196 492 299 1856 1719 1186 137 400 933 445 725 741 367 138 180 147 657 533 311 270 307 80 208 92
is_linear=0
shrinkage=0.01


Tree=19
num_leaves=31
num_cat=0
split_feature=2 1 1 1 1 1 1 1 1 1 3 12 1 1 1 1 1 1 1 1 3 3 1 2 12 1 1 12 12 12
split_gain=213.412 15.5848 15.3664 16.5945 20.7314 14.8297 13.6481 10.8031 10.7943 17.1344 8.41618 7.72703 7.0308 28.1811 9.39051 6.55667 10.8291 5.66894 5.39195 5.27464 5.23385 4.17463 4.05137 2.97032 2.72992 3.55935 2.12433 1.95616 4.38872 1.77922
threshold=75.500000000000014 1955339848972.5002 215631317547.00003 1861025326992.0002 1955339855810.5002 3784361550632.0005 1707115179210.0002 1119808861620.0002 2142597722549.5002 3289799696373.0005 32.500000000000007 3.9477558332250813 4084856406127.0005 3784361550632.0005 4311020372865.5005 641304924141.50012 215631320312.50003 2883033188162.5005 308877337732.00006 3799450294316.0005 49.500000000000007 60.500000000000007 1392992072781.5002 9.5000000000000018 2.9628705879494346 632859013397.50012 1861025321321.0002 2.9510105779275424 1.9909035121068848 1.967048558543266
decision_type=2 2 2 2 2 2 2 2 2 2 2 2 2 2 2 2 2 2 2 2 2 2 2 2 2 2 2 2 2 2
left_child=1 10 -2 6 -5 8 7 18 20 17 23 -11 13 -6 -14 16 -12 -10 -4 -7 -3 -17 -23 -1 -25 -26 -8 28 -21 -22
right_child=2 5 3 4 12 19 26 -9 9 11 15 -13 14 -15 -16 21 -18 -19 -20 27 29 22 -24 24 25 -27 -28 -29 -30 -31
leaf_value=-0.0074480596582707564 0.01008445640617627 -0.006557510653400306 -0.0026877488673742612 0.013671756166894566 0.0032493467026357211 -0.016318831393706785 -0.0067566771050244648 0.004982572094137272 -0.0053140029325112895 -0.0010710635375934404 0.0012658202612886591 -0.012595196530140323 0.0090890432429903117 -0.0075333577089927144 0.0011415577608710624 0.0017959718608138268 -0.012563374962744699 -0.010481775250510986 0.0012099732030292952 -0.010386727276421578 0.00055768879001402217 -0.0042565406012720899 -0.009059815393847032 -0.0072193105580389758 -0.0076579551328338933 -0.015820037955798102 -0.001283513298243659 -0.011337965264173635 0.00092613839502520392 0.0059033606252565721
leaf_weight=15.283591434359549 27.894135266542435 5.72207286953926 50.149007126688957 19.191205471754074 516.97576566040516 10.241232663393019 26.165264248847961 60.590318605303764 52.152399972081184 117.40232081711292 6.9588215351104727 6.1216823607683173 41.386016011238098 25.430627167224884 23.202208459377289 8.1864920258522016 30.392842411994934 35.797962859272957 121.429638043046 7.6725318133831042 9.748764321208002 59.057414993643761 24.990844056010246 7.4072851240634909 6.8933611810207394 23.752638533711433 9.7283162325620633 8.8960016667842847 6.2004599571228027 17.231451630592346
leaf_count=62 112 23 201 77 2074 42 105 243 210 471 28 25 166 102 93 33 123 145 487 31 39 238 101 30 28 97 39 36 25 69
internal_value=0 -0.00556279 0.00277542 0.00254743 0.00343872 -0.0040677 0.000465405 0.00135261 -0.00321724 -0.00404405 -0.00782833 -0.00164218 0.00311519 0.0027438 0.00623405 -0.0064522 -0.00998692 -0.00741741 7.0747e-05 -0.0103585 0.00212944 -0.00502078 -0.00568474 -0.0111717 -0.0126673 -0.0139841 -0.00527327 -0.00767766 -0.0053305 0.00397181
internal_weight=0 460.11 922.143 894.248 626.186 277.187 268.063 232.169 244.177 211.474 182.923 123.524 606.995 542.406 64.5882 129.586 37.3517 87.9504 171.579 33.0102 32.7023 92.2348 84.0483 53.3369 38.0533 30.646 35.8936 22.769 13.873 26.9802
internal_count=5555 1856 3699 3587 2512 1116 1075 931 982 851 740 496 2435 2176 259 523 151 355 688 134 131 372 339 217 155 125 144 92 56 108
is_linear=0
shrinkage=0.01


Tree=20
num_leaves=31
num_cat=0
split_feature=2 0 0 0 0 0 0 0 0 0 0 2 0 12 0 2 0 0 2 0 0 0 0 0 1 1 0 12 1 0
split_gain=209.259 63.837 80.2532 62.0987 16.4979 33.0835 28.4632 21.7366 16.1865 15.6515 15.3502 17.3978 25.7625 16.4682 14.1145 11.2183 10.4576 12.1748 8.616 8.12188 7.74878 6.91249 6.88495 12.3529 5.48752 5.85815 5.94569 5.44208 5.37449 4.84711
threshold=75.500000000000014 4643066.5000000009 4586868.5000000009 5494016.0000000009 4378387.5000000009 4487724.5000000009 4496309.0000000009 4262097.0000000009 5556929.5000000009 4587470.5000000009 5496779.5000000009 28.500000000000004 4583087.5000000009 1.9915744832887996 4266423.5000000009 7.5000000000000009 4589803.5000000009 4589810.0000000009 9.5000000000000018 4588245.5000000009 4587692.0000000009 4546978.0000000009 5505757.0000000009 5498189.5000000009 1837832554337.5002 1955683351036.5002 4641135.5000000009 1.9895629315190633 3507688974920.5005 5496965.5000000009
decision_type=2 2 2 2 2 2 2 2 2 2 2 2 2 2 2 2 2 2 2 2 2 2 2 2 2 2 2 2 2 2
left_child=10 2 4 -3 7 -6 -7 -2 22 28 11 12 15 -12 -9 21 19 -18 20 -11 -14 -1 23 -5 -13 -26 -27 -17 -4 -15
right_child=1 3 9 8 5 6 -8 14 -10 16 13 24 18 29 -16 27 17 -19 -20 -21 -22 -23 -24 -25 25 26 -28 -29 -30 -31
leaf_value=-0.0006847649904984204 0.0092493401864403493 0.011522659973707956 -0.0069645164633757618 -0.0077770439444285779 0.011819177050842729 -0.0017955635075240426 0.0052192196015722267 -0.0063122211037064313 0.0059174745759691654 -0.002612756368113942 -0.0073067178144221971 -0.0054332780827790438 -0.010154260388102306 0.012103552564266172 0.0014181682675742349 0.0010874371701767597 -0.014949205038213722 -0.0024407716231665466 -0.011848829403057265 0.010077712499406911 -0.004281156602899139 0.012034541341626452 -0.011912469098162569 0.0038447793269179215 0.0057419334101327865 -0.00045185069869797156 -0.0069710836499312073 -0.0067701975113853684 -0.015308022011365024 0.0022204692207048629
leaf_weight=29.414464130997658 22.910454079508781 138.13527393341064 38.225757524371147 17.640474587678909 55.380949556827545 77.913127154111862 224.55723164975643 38.348296001553535 29.718276828527451 8.9873547554016113 14.155677467584608 55.111438974738121 49.812969908118248 9.2376778423786181 61.493440106511116 10.176136672496794 8.2004207074642164 152.26844246685505 91.980434000492096 11.491392105817795 40.917416736483574 4.9988891482353202 8.1529338955879194 18.992520675063133 10.237468138337134 47.338602498173714 19.858374163508415 65.856573075056076 9.6743062585592252 10.722687616944311
leaf_count=118 92 556 154 71 223 312 899 154 119 36 57 222 202 37 246 41 33 610 374 46 165 20 33 76 41 190 80 266 39 43
internal_value=0 0.00274782 0.00130733 0.00755388 0.0036282 0.00471333 0.00341229 0.000464771 0.000195518 -0.00356672 -0.00551069 -0.00602792 -0.00738726 0.000943444 -0.001551 -0.0035744 -0.00222118 -0.00307999 -0.00969208 0.00450834 -0.00750562 0.00116284 -0.00360136 -0.00175166 -0.00302142 -0.00130487 -0.00237845 -0.00571854 -0.00864964 0.00679437
internal_weight=0 922.091 709.451 212.639 480.603 357.851 302.47 122.752 74.5042 228.848 459.819 425.703 293.157 34.116 99.8417 110.446 180.948 160.469 182.711 20.4787 90.7304 34.4134 44.7859 36.633 132.546 77.4344 67.197 76.0327 47.9001 19.9604
internal_count=5555 3699 2844 855 1926 1434 1211 492 299 918 1856 1719 1186 137 400 445 725 643 741 82 367 138 180 147 533 311 270 307 193 80
is_linear=0
shrinkage=0.01


Tree=21
num_leaves=31
num_cat=0
split_feature=2 0 0 0 0 0 0 0 0 0 1 1 1 12 1 0 12 1 1 2 0 0 0 1 0 1 1 3 1 0
split_gain=205.211 62.6339 78.6767 60.9435 16.1741 32.4853 27.9012 21.3157 15.8694 15.3601 15.1949 14.473 13.9751 10.5027 10.3364 9.54331 11.3683 9.12257 16.052 6.90456 6.96456 6.7605 12.1135 6.34644 6.09602 5.2828 5.1855 4.45741 3.9654 3.38231
threshold=75.500000000000014 4643066.5000000009 4586868.5000000009 5494016.0000000009 4378387.5000000009 4487724.5000000009 4496309.0000000009 4262097.0000000009 5556929.5000000009 4587470.5000000009 1955339848972.5002 3784361550632.0005 3743724172461.0005 3.9290280481443154 3799450294316.0005 5496779.5000000009 1.9789033726770087 2142597722549.5002 3289799696373.0005 9.5000000000000018 4583097.5000000009 5505757.0000000009 5498189.5000000009 3507688970202.5005 5496996.5000000009 3507688974920.5005 3799450294316.0005 49.500000000000007 1758355645294.5002 4265344.0000000009
decision_type=2 2 2 2 2 2 2 2 2 2 2 2 2 2 2 2 2 2 2 2 2 2 2 2 2 2 2 2 2 2
left_child=10 2 4 -3 7 -6 -7 -2 21 25 15 13 -9 17 23 16 29 27 -19 20 -18 22 -5 -11 -17 -4 -13 -12 -21 -1
right_child=1 3 9 8 5 6 -8 12 -10 14 11 26 -14 -15 -16 24 19 18 -20 28 -22 -23 -24 -25 -26 -27 -28 -29 -30 -31
leaf_value=0.0020794336655667522 0.0091622414016214477 0.011418189603603603 -0.0068989508456054798 -0.0077041058226530483 0.011712671923828145 -0.0017777125850702514 0.0051677442925431539 -0.0029503857791861278 0.005859472246599837 -0.0018395884991081288 -0.005956196632472364 -0.016129956788741826 0.0083602336680350438 -0.01171796439622602 0.0052262006762844116 0.0088447852985424902 -0.0016157090641571008 -0.0068264212664269509 -0.0010482210381956359 -0.010633672673842473 -0.009589691289204302 -0.011809068473841609 0.0038066157737654429 -0.006397348299825285 -0.0064486084262477808 -0.01517604259406847 -0.0075474504571359314 0.0039433773735209387 -0.016244400730155199 -0.0053199357985374693
leaf_weight=7.2143399417400351 22.897032469511032 138.0057954788208 38.2032670378685 17.629466250538826 55.325967207551003 77.908571675419807 224.52624146640301 87.341099515557289 29.712359756231308 123.32272481918335 5.4706366658210746 10.197942599654196 12.485669791698454 13.492257595062254 16.986402094364166 5.4865866154432279 15.899330824613569 82.176712319254875 115.8645207285881 54.455971971154213 35.209655523300171 8.1421319991350156 18.991109505295753 40.612134650349617 4.9649863392114639 9.6609214693307859 22.732527732849121 26.9773930311203 16.387017741799355 42.990848213434219
leaf_count=29 92 556 154 71 223 312 899 350 119 494 22 42 50 55 68 22 64 332 465 222 143 33 76 163 20 39 92 108 67 173
internal_value=0 0.00272136 0.00129459 0.00748395 0.00359281 0.00466739 0.00337856 0.000460231 0.000193626 -0.00353202 -0.00545915 -0.00398247 -0.00153573 -0.00314257 -0.00219929 -0.00769842 -0.00826169 -0.00264059 -0.00344587 -0.00991048 -0.00710909 -0.00356722 -0.00173475 -0.0029687 0.00157971 -0.0085696 -0.0102053 0.00227434 -0.0119315 -0.00425667
internal_weight=0 921.751 709.27 212.481 480.485 357.761 302.435 122.724 74.4751 228.785 459.521 276.912 99.8268 243.982 180.921 182.609 172.157 230.489 198.041 121.952 51.109 44.7627 36.6206 163.935 10.4516 47.8642 32.9305 32.448 70.843 50.2052
internal_count=5555 3699 2844 855 1926 1434 1211 492 299 918 1856 1116 400 982 725 740 698 927 797 496 207 180 147 657 42 193 134 130 289 202
is_linear=0
shrinkage=0.01


Tree=22
num_leaves=31
num_cat=0
split_feature=2 0 0 0 0 0 0 0 0 1 1 1 0 12 0 0 0 0 0 1 1 1 1 12 12 1 12 0 1 1
split_gain=201.246 61.458 77.1319 59.8147 16.1837 31.5232 27.9147 20.9035 15.5589 14.9362 13.8147 13.7821 13.0129 10.3665 10.2378 11.9663 7.94433 6.63882 11.879 6.49532 9.24636 6.48833 14.4285 6.04519 5.6479 5.11764 4.75111 5.40645 3.28494 4.53279
threshold=75.500000000000014 4643066.5000000009 4583097.5000000009 5494016.0000000009 4378387.5000000009 4487724.5000000009 4496309.0000000009 4262097.0000000009 5556929.5000000009 1837832554337.5002 248877212578.50003 3784361550632.0005 4587470.5000000009 3.9290280481443154 4589803.5000000009 4589810.0000000009 4588245.5000000009 5505757.0000000009 5498189.5000000009 1758355642406.0002 1058264179828.5001 3289799696373.0005 2883033188162.5005 1.9929177889658176 2.9569667855787527 3799450294316.0005 1.9895629315190633 4753603.0000000009 701677533073.50012 1861025323351.0002
decision_type=2 2 2 2 2 2 2 2 2 2 2 2 2 2 2 2 2 2 2 2 2 2 2 2 2 2 2 2 2 2
left_child=9 2 4 28 7 -6 -7 -2 17 19 -9 13 -4 21 16 -16 -14 18 -5 20 26 22 -11 -23 -22 -13 -1 -28 -3 -30
right_child=1 3 12 8 5 6 -8 10 -10 11 -12 25 14 -15 15 -17 -18 -19 -20 -21 24 23 -24 -25 -26 -27 27 -29 29 -31
leaf_value=-0.0055932265291397699 0.0090762947098596992 0.014804738385042232 -0.0078725509267842438 -0.0076320328899972881 0.011607820022733977 -0.0017600407199567236 0.0052024969168678881 0.013539172305653142 0.005802127516195057 -0.0022933318162626907 -0.0024394512003220502 -0.016013487511920318 -0.0025618911726511353 -0.01139760308637658 -0.014803100396470375 -0.0023940081517274231 0.0099905577661646601 -0.011707242304967849 0.0037688556976316276 -0.012604020866582424 -0.0002835078419819005 -0.0038872727361743105 -0.0099955128438234501 0.00079333222790305624 -0.010452270965800283 -0.0074780450103706523 -0.01068719119733119 -0.00073981231208595003 0.005964456357488216 0.011474623062873642
leaf_weight=40.441954061388969 22.882784947752953 22.563288494944572 51.558117657899857 17.618047103285789 55.267753809690475 77.90393902361393 220.76109100878239 5.7410016804933539 29.705990597605705 92.434104427695274 94.07950085401535 10.169535532593725 8.9854671061038971 14.68598599731922 8.1890423297882062 152.23537495732307 11.488397136330605 8.1308766156434995 18.989574700593948 23.785611361265182 26.71161775290966 45.325563341379166 33.006666705012321 70.532477810978889 6.8659348040819159 22.714170411229134 66.580275610089302 5.9522674679756156 17.622489854693413 97.682875886559486
leaf_count=163 92 91 208 71 223 312 884 23 119 372 377 42 36 60 33 610 46 33 76 97 108 182 134 283 28 92 271 24 71 394
internal_value=0 0.00269516 0.00128197 0.007415 0.00358523 0.00467019 0.00338639 0.000455709 0.000191757 -0.0054083 -0.00152047 -0.00402339 -0.00344071 -0.00324052 -0.00217758 -0.00302744 0.0044816 -0.00353348 -0.00171802 -0.0077569 -0.00697021 -0.00274406 -0.00431997 -0.0010378 -0.00236282 -0.0101177 -0.00833959 -0.00987088 0.0113153 0.0106325
internal_weight=0 921.406 709.092 212.313 476.636 353.933 298.665 122.703 74.4445 459.206 99.8205 288.869 232.456 255.985 180.898 160.424 20.4739 44.7385 36.6076 170.338 146.552 241.299 125.441 115.858 33.5776 32.8837 112.974 72.5325 137.869 115.305
internal_count=5555 3699 2844 855 1911 1419 1196 492 299 1856 400 1165 933 1031 725 643 82 180 147 691 594 971 506 465 136 134 458 295 556 465
is_linear=0
shrinkage=0.01


Tree=23
num_leaves=31
num_cat=0
split_feature=2 1 1 1 1 1 1 1 1 1 12 12 1 1 1 1 2 1 1 1 1 12 1 12 1 1 12 2 1 1
split_gain=197.355 14.9812 16.1611 20.2117 14.6849 13.9798 13.2626 10.5789 10.2203 16.292 7.56698 7.29316 6.69515 27.2165 9.208 5.41572 5.38442 5.34811 5.052 3.73738 6.08753 3.54813 3.51024 3.39011 3.41804 3.12798 3.1071 2.42583 5.86704 4.34592
threshold=75.500000000000014 215631317547.00003 1861025326992.0002 1955339855810.5002 1955339848972.5002 3784361550632.0005 1707115179210.0002 1119808861620.0002 2142597722549.5002 3289799696373.0005 1.9789033726770087 3.9477558332250813 4084856406127.0005 3784361550632.0005 4311020372865.5005 2883033188162.5005 9.5000000000000018 308877337732.00006 3799450294316.0005 758916150901.00012 1264132477716.0002 2.9633528180591351 758916134094.00012 1.9922459088058959 1955683364026.5002 632859013397.50012 1.967048558543266 58.500000000000007 702778653671.50012 701677530243.50012
decision_type=2 2 2 2 2 2 2 2 2 2 2 2 2 2 2 2 2 2 2 2 2 2 2 2 2 2 2 2 2 2
left_child=4 -2 6 -4 10 8 7 17 23 15 27 -11 13 -5 -14 -10 19 -3 -7 -12 -21 22 -18 26 -25 -23 -6 29 -29 -1
right_child=1 2 3 12 5 18 -8 -9 9 11 16 -13 14 -15 -16 -17 21 -19 -20 20 -22 25 -24 24 -26 -27 -28 28 -30 -31
leaf_value=0.0012581541781525834 0.0098926829916860422 -0.0027538212020335562 0.013437322928167232 0.0031393622892546386 0.00052000054301340319 -0.015899527003955249 -0.0052714025901081608 0.0048577202094174541 -0.0051253820083658978 -0.00099139404770180999 -0.0084245810623898836 -0.012225196233627738 0.0088800663778015061 -0.0074616523793946954 0.0010052745424530974 -0.010184480451502293 -0.011723347157195411 0.0011297306437042659 -0.0074094288919698539 0.004388209720243029 -0.0071281371088594879 -0.0073132222829974756 -0.0061856734217625225 -0.0064502013174123352 0.0043149814988689261 -0.015004230882860164 0.0083177370396235982 -0.016463162673727858 -0.0012755913177508757 -0.0055794245458690604
leaf_weight=14.157676100730894 27.84405130147934 50.107786402106285 19.15718649327755 516.33379861712456 9.7483569830656069 10.140148565173147 35.857396736741066 60.52196641266346 52.058636203408241 117.33735606074333 35.031937390565872 6.0785047262907019 41.322400823235512 25.409787386655807 23.17702504992485 35.650049969553947 21.8243358284235 121.30644573271275 22.695367619395256 7.1510555595159557 12.816263332962988 6.8583600223064449 24.07281556725502 7.2161347568035108 4.98819300532341 23.096171408891678 10.739454254508017 4.9647327363491041 5.2157084941864014 27.067344859242439
leaf_count=57 112 201 77 2074 39 42 144 243 210 471 142 25 166 102 93 145 89 487 92 29 52 28 98 29 20 95 43 20 21 109
internal_value=0 0.00266929 0.00244411 0.00332431 -0.00535772 -0.00390578 0.000388492 0.00126351 -0.00308084 -0.0038865 -0.00756165 -0.00154468 0.00300474 0.00264214 0.00605036 -0.0071817 -0.00883878 -5.50873e-06 -0.0100313 -0.00645654 -0.0030037 -0.0105661 -0.00881887 0.00212209 -0.00205022 -0.0132433 0.00460748 -0.00431075 -0.00868217 -0.00323123
internal_weight=0 921.038 893.194 625.4 458.909 276.652 267.794 231.936 243.817 211.125 182.256 123.416 606.243 541.744 64.4994 87.7087 130.851 171.414 32.8355 54.9993 19.9673 75.8517 45.8972 32.6921 12.2043 29.9545 20.4878 51.4055 10.1804 41.225
internal_count=5555 3699 3587 2512 1856 1116 1075 931 982 851 740 496 2435 2176 259 355 533 688 134 223 81 310 187 131 49 123 82 207 41 166
is_linear=0
shrinkage=0.01


Tree=24
num_leaves=31
num_cat=0
split_feature=2 0 0 0 0 0 0 0 0 0 0 2 0 12 0 2 1 2 0 0 0 0 1 12 1 1 0 1 0 0
split_gain=193.524 60.1963 75.6257 58.7406 15.6104 31.2619 26.7926 20.4866 15.2851 14.777 14.7503 16.6258 24.9901 16.0908 13.8634 10.7302 10.059 8.35184 7.51724 6.76296 6.52412 11.6247 6.19362 5.30837 5.23148 5.64369 5.79049 5.2044 4.71125 3.27281
threshold=75.500000000000014 4643066.5000000009 4586868.5000000009 5494016.0000000009 4378387.5000000009 4487724.5000000009 4496309.0000000009 4262097.0000000009 5556929.5000000009 4587470.5000000009 5496779.5000000009 28.500000000000004 4583087.5000000009 1.9915744832887996 4266423.5000000009 7.5000000000000009 3799450294316.0005 9.5000000000000018 4587692.0000000009 4546978.0000000009 5505757.0000000009 5498189.5000000009 3507688970202.5005 1.9895629315190633 1837832554337.5002 1955683351036.5002 4641135.5000000009 3507688974920.5005 5496965.5000000009 4234980.5000000009
decision_type=2 2 2 2 2 2 2 2 2 2 2 2 2 2 2 2 2 2 2 2 2 2 2 2 2 2 2 2 2 2
left_child=10 2 4 -3 7 -6 -7 29 20 27 11 12 15 -12 -9 19 22 18 -14 -1 21 -5 -11 -17 -13 -26 -27 -4 -15 -2
right_child=1 3 9 8 5 6 -8 14 -10 16 13 24 17 28 -16 23 -18 -19 -20 -21 -22 -23 -24 -25 25 26 -28 -29 -30 -31
leaf_value=-0.00058600681925363555 0.0037871887018540401 0.011185841551904675 -0.0067752100987150902 -0.007587173685117638 0.011475730898053564 -0.0017616751615606655 0.0050450435539069107 -0.0062552145845431234 0.0057201635581253666 -0.0018257320286240908 -0.0071424630086537322 -0.0052334462209648628 -0.0098846979576015844 0.012039937559119843 0.0014072424342308316 0.0012351197499232058 0.0051442793938797212 -0.011554280230274293 -0.0040911399713552277 0.011996220599851655 -0.011641863344121723 0.0036929240700461076 -0.0063292091439495204 -0.0065325417910254511 0.0057177502667800639 -0.00035281352495222844 -0.0067916303754467656 -0.014998547374963384 0.0022937697599725803 0.011727262370415223
leaf_weight=29.394018068909645 7.9692691266536739 137.67693105340004 38.157080426812172 17.610324591398239 55.187243729829788 77.900947973132133 224.42625463008881 38.33124403655529 29.695479333400726 123.30601343512535 14.130812987685202 55.004328832030296 49.608087778091431 9.2337595522403735 61.489986389875412 10.159156560897825 16.981332078576088 91.505422756075859 40.827851861715317 4.9983272850513449 8.1231920272111875 18.985492497682571 40.591671615839005 65.660875305533409 10.23484095931053 47.299989312887192 19.819352939724922 9.6406573951244336 10.715696468949316 14.892079591751097
leaf_count=118 32 556 154 71 223 312 899 154 119 494 57 222 202 37 246 41 68 374 165 20 33 76 163 266 41 190 80 39 43 60
internal_value=0 0.0026428 0.00124438 0.00731678 0.00349836 0.00455455 0.00329115 0.00042048 0.000158481 -0.00348876 -0.00530783 -0.00581599 -0.00714802 0.00102184 -0.00153513 -0.00339026 -0.00218201 -0.00942432 -0.00726916 0.0012426 -0.00353473 -0.00173519 -0.00294108 -0.00549175 -0.00287579 -0.00119933 -0.0022541 -0.00843383 0.00680486 0.00895942
internal_weight=0 920.965 708.874 212.091 480.197 357.514 302.327 122.683 74.4145 228.677 458.593 424.512 292.154 34.0803 99.8212 110.212 180.879 181.941 90.4359 34.3923 44.719 36.5958 163.898 75.82 132.359 77.3542 67.1193 47.7977 19.9495 22.8613
internal_count=5555 3699 2844 855 1926 1434 1211 492 299 918 1856 1719 1186 137 400 445 725 741 367 138 180 147 657 307 533 311 270 193 80 92
is_linear=0
shrinkage=0.01


Tree=25
num_leaves=31
num_cat=0
split_feature=2 0 0 0 0 0 0 0 0 0 0 2 0 13 1 2 0 0 2 0 0 0 0 0 13 1 1 0 1 0
split_gain=189.792 59.0734 74.1428 57.663 15.3051 30.7069 26.2648 20.0929 14.9866 14.5045 14.4717 16.3324 24.5608 15.7756 13.6496 10.5248 9.99911 11.7868 8.22391 7.76036 7.39033 6.62865 6.40755 11.4001 5.20871 5.13161 5.53157 5.68012 5.11855 4.62048
threshold=75.500000000000014 4643066.5000000009 4586868.5000000009 5494016.0000000009 4378387.5000000009 4487724.5000000009 4496309.0000000009 4262097.0000000009 5556929.5000000009 4587470.5000000009 5496779.5000000009 28.500000000000004 4583087.5000000009 1.995778316139116 3743724172461.0005 7.5000000000000009 4589803.5000000009 4589810.0000000009 9.5000000000000018 4588245.5000000009 4587692.0000000009 4546978.0000000009 5505757.0000000009 5498189.5000000009 1.9947677634406549 1837832554337.5002 1955683351036.5002 4641135.5000000009 3507688974920.5005 5496965.5000000009
decision_type=2 2 2 2 2 2 2 2 2 2 2 2 2 2 2 2 2 2 2 2 2 2 2 2 2 2 2 2 2 2
left_child=10 2 4 -3 7 -6 -7 -2 22 28 11 12 15 -12 -9 21 19 -18 20 -11 -14 -1 23 -5 -17 -13 -27 -28 -4 -15
right_child=1 3 9 8 5 6 -8 14 -10 16 13 25 18 29 -16 24 17 -19 -20 -21 -22 -23 -24 -25 -26 26 27 -29 -30 -31
leaf_value=-0.00058016583460725971 0.0088765225426851706 0.011086422170092662 -0.0067117731028998404 -0.0075164755796790642 0.011374477002220287 -0.0017441643393362575 0.004995485355191699 -0.0029184230048071354 0.0056643837250305229 -0.0025396561337687881 -0.0070754061831029228 -0.0051836523953810243 -0.0097985449864213519 0.011922948762585671 0.0082598680576939695 0.0012226393935423452 -0.014694878707584265 -0.0023720326439902219 -0.011457731922878226 0.009868299164676235 -0.004051815404473337 0.011876743113786389 -0.011542540123910754 0.0036563607306236683 -0.0064717777092016008 0.0056600626887825176 -0.00034929231818022085 -0.0067278427591287793 -0.014872816584938848 0.0022706023081080829
leaf_weight=29.393059566617012 22.844208642840385 137.52322775125504 38.132671535015106 17.598264947533607 55.122054621577263 77.896248817443848 224.38635061681271 87.320010587573051 29.688062399625778 8.9843767583370209 14.122133061289786 54.977504581212997 49.544141188263893 9.2311305850744265 12.485642507672308 10.160224273800848 8.1791298091411573 152.20833365619183 91.354481980204582 11.483009770512581 40.811942800879478 4.9981241822242728 8.11122117936611 18.98360387980938 65.614830046892166 10.235758632421492 47.299053564667702 19.807251378893852 9.6250129342079145 10.716774821281431
leaf_count=118 92 556 154 71 223 312 899 350 119 36 57 222 202 37 50 41 33 610 374 46 165 20 33 76 266 41 190 80 39 43
internal_value=0 0.00261751 0.00123229 0.00725004 0.00346442 0.0045104 0.00325872 0.00041639 0.000156955 -0.00345485 -0.00525853 -0.00576215 -0.0070833 0.00101192 -0.00152002 -0.00335778 -0.00216048 -0.00300045 -0.00934199 0.0044217 -0.00720287 0.00123022 -0.00350144 -0.0017185 -0.00544008 -0.00284788 -0.00118753 -0.002232 -0.00835654 0.00673734
internal_weight=0 920.571 708.667 211.904 480.055 357.405 302.283 122.65 74.3812 228.613 458.266 424.196 291.877 34.07 99.8057 110.166 180.855 160.387 181.711 20.4674 90.3561 34.3912 44.6931 36.5819 75.7751 132.32 77.3421 67.1063 47.7577 19.9479
internal_count=5555 3699 2844 855 1926 1434 1211 492 299 918 1856 1719 1186 137 400 445 725 643 741 82 367 138 180 147 307 533 311 270 193 80
is_linear=0
shrinkage=0.01


Tree=26
num_leaves=31
num_cat=0
split_feature=2 1 1 1 1 1 1 1 12 1 1 3 1 1 1 1 1 1 1 3 3 1 2 12 1 1 1 2 1 1
split_gain=186.135 14.7332 15.7981 19.7535 14.2205 13.5597 12.9526 10.3411 9.82075 8.54302 15.2057 7.66941 6.40804 26.4487 9.0103 6.31984 10.6018 5.27271 4.95998 4.30579 4.01431 3.94817 2.86968 2.58829 3.47959 2.11751 1.9286 3.70658 1.83315 1.69334
threshold=75.500000000000014 215631317547.00003 1861025326992.0002 1955339855810.5002 1955339848972.5002 3784361550632.0005 1707115179210.0002 1119808861620.0002 3.9290280481443154 2142597722549.5002 3289799696373.0005 32.500000000000007 4084856406127.0005 3784361550632.0005 4311020372865.5005 641304924141.50012 215631320312.50003 308877337732.00006 3799450294316.0005 49.500000000000007 60.500000000000007 1392992072781.5002 9.5000000000000018 2.9628705879494346 632859013397.50012 1861025321321.0002 4311877336090.5005 13.500000000000002 1392992072781.5002 3507688966641.5005
decision_type=2 2 2 2 2 2 2 2 2 2 2 2 2 2 2 2 2 2 2 2 2 2 2 2 2 2 2 2 2 2
left_child=4 -2 6 -4 11 8 7 17 9 19 -11 22 13 -5 -14 16 -13 -3 -7 -6 -17 -22 -1 -24 -25 -8 27 -20 -9 -10
right_child=1 2 3 12 5 18 25 28 29 10 -12 15 14 -15 -16 20 -18 -19 26 -21 21 -23 23 24 -26 -27 -28 -29 -30 -31
leaf_value=-0.0069205114455202646 0.009761150058561931 -0.0027835621409555335 0.013245891139619513 0.0030594931062728177 -0.0058226129333121849 -0.015663308749120107 -0.0067422947357447961 0.0037918143060655576 -0.014537668738280891 -0.0065615842679783111 -0.00093116488552310249 0.0016006265791863288 0.0087067780113575816 -0.0073947019212583058 0.00091295011345494264 0.0020380133049910576 -0.012111398230762785 0.0010737672327005353 0.00010081983108958649 0.0039132881832356341 -0.0039014189627026136 -0.0086551334806424119 -0.006754441051310226 -0.007087548369078967 -0.015198028573234863 -0.0012737346257094581 -0.010875451308782001 -0.010271905635773749 0.0078993915519168442 -0.007394886801915931
leaf_weight=15.16447629034519 27.803197279572487 50.07776740193367 19.125914931297302 515.83481480181217 5.4627073407173148 10.072531476616858 26.114537641406059 46.265889242291451 7.3083857893943769 81.902049034833908 115.75630803406239 6.9339075684547415 41.266842156648636 25.39164961874485 23.157050579786301 8.1523730903863889 30.185423478484154 121.21357463300228 7.1568555533885974 26.968062072992325 58.83668752014637 24.850961536169052 7.3592146337032309 6.8323410004377392 23.428836464881897 9.7148556858301145 8.83717332780361 6.642282634973526 14.19947376847267 6.0803539007902145
leaf_count=62 112 201 77 2074 22 42 105 186 30 332 465 28 166 102 93 33 123 487 29 108 238 101 30 28 97 39 36 27 57 25
internal_value=0 0.00259249 0.00236913 0.0032399 -0.00520979 -0.00378028 0.000336017 0.00120108 -0.00296815 -0.00248368 -0.00326419 -0.00738213 0.00292392 0.00256903 0.0059053 -0.00606788 -0.00954999 -5.39398e-05 -0.00982562 0.00227335 -0.0046605 -0.00531303 -0.010593 -0.0120733 -0.0133669 -0.00525954 -0.00722801 -0.00489214 0.00475642 -0.0112939
internal_weight=0 920.166 892.362 624.776 457.931 276.187 267.586 231.757 243.478 230.089 197.658 181.744 605.65 541.226 64.4239 128.959 37.1193 171.291 32.7088 32.4308 91.84 83.6876 52.7849 37.6204 30.2612 35.8294 22.6363 13.7991 60.4654 13.3887
internal_count=5555 3699 3587 2512 1856 1116 1075 931 982 927 797 740 2435 2176 259 523 151 688 134 130 372 339 217 155 125 144 92 56 243 55
is_linear=0
shrinkage=0.01


Tree=27
num_leaves=31
num_cat=0
split_feature=2 0 0 0 0 0 0 0 0 0 0 0 2 14 0 14 1 1 0 0 0 0 0 1 1 2 1 0 1 0
split_gain=182.529 57.877 72.6591 56.6507 15.0627 30.113 25.7182 19.6914 14.7258 14.1949 14.0988 15.9088 25.5927 15.434 13.5887 11.1536 9.78991 9.09588 11.5887 7.99333 7.55544 6.29606 11.1532 6.19791 6.04508 6.03256 5.0394 4.51868 4.27887 3.38218
threshold=75.500000000000014 4643066.5000000009 4586868.5000000009 5494016.0000000009 4378387.5000000009 4487724.5000000009 4496309.0000000009 4262097.0000000009 5556929.5000000009 4587470.5000000009 5496779.5000000009 4583087.5000000009 43.500000000000007 1.9978869219556057 4266423.5000000009 1.9923298156733356 3799450294316.0005 3144346128135.0005 4267182.5000000009 4587345.5000000009 4265344.0000000009 5505757.0000000009 5498189.5000000009 3540362992491.0005 3507688970202.5005 9.5000000000000018 3507688974920.5005 5496965.5000000009 3376693905145.5005 4492123.5000000009
decision_type=2 2 2 2 2 2 2 2 2 2 2 2 2 2 2 2 2 2 2 2 2 2 2 2 2 2 2 2 2 2
left_child=10 2 4 -3 7 -6 -7 -2 21 26 11 17 19 -12 -9 -14 24 20 23 -13 -1 22 -5 -19 -11 -22 -4 -15 -21 -20
right_child=1 3 9 8 5 6 -8 14 -10 16 13 12 15 27 -16 -17 -18 18 29 28 25 -23 -24 -25 -26 -27 -28 -29 -30 -31
leaf_value=0.00065020877993091563 0.0087625134395576225 0.010962080809319152 -0.0066639646070125371 -0.0074721719079059949 0.011247673474603098 -0.0017453471000222326 0.0049241980903079966 -0.0062083389565474089 0.0055848013337581352 -0.001811436499680694 -0.0069758155908188702 -0.013870963751547224 -0.0029615168463985753 0.011821371812001607 0.0013787640598958008 0.0099984207406654205 0.005064632796546926 -0.00060098601322672383 0.0064328132749575176 -0.0092594678663931364 -0.001934359889073804 -0.011478279219596191 0.0035810314788174307 -0.014481968579263949 -0.006261569515715079 -0.0078167073714733495 -0.014766959012909047 0.0022745501530702103 -0.0060970320963571667 0.00051735908572193216
leaf_weight=20.110628932714462 22.820025160908699 137.31228265166283 38.112196430563927 17.59001612663269 55.033217698335648 77.892378568649292 224.3137734234333 38.316869720816612 29.676000744104385 123.28756093978882 14.106486186385153 26.972223803400993 48.63406965136528 9.227199926972391 61.486708551645279 7.690718173980712 16.975140735507011 5.9803088903427106 15.705152615904806 110.41297653317451 24.283570468425751 8.1029980480670911 18.97858664393425 6.9605781435966492 40.569756910204887 61.809819638729095 9.6105765104293805 10.715246066451071 69.851418673992157 25.13306075334549
leaf_count=81 92 556 154 71 223 312 899 154 119 494 57 111 196 37 246 31 68 24 63 451 98 33 76 28 163 251 39 43 284 101
internal_value=0 0.00256681 0.00119588 0.00715526 0.00340611 0.00444411 0.00320515 0.000382082 0.000124461 -0.0034446 -0.00516153 -0.00565922 -0.00716918 0.00102929 -0.0015341 -0.00119194 -0.00216435 -0.00317166 0.000179143 -0.00879373 -0.00486843 -0.00350292 -0.00173572 -0.00806722 -0.00291325 -0.00615753 -0.00829577 0.00669178 -0.00803404 0.00279227
internal_weight=0 920.078 708.418 211.66 479.863 357.239 302.206 122.624 74.3476 228.555 457.593 423.545 263.561 34.0489 99.8036 56.3248 180.832 159.983 53.7791 207.237 106.204 44.6716 36.5686 12.9409 163.857 86.0934 47.7228 19.9424 180.264 40.8382
internal_count=5555 3699 2844 855 1926 1434 1211 492 299 918 1856 1719 1073 137 400 227 725 646 216 846 430 180 147 52 657 349 193 80 735 164
is_linear=0
shrinkage=0.01


Tree=28
num_leaves=31
num_cat=0
split_feature=2 0 0 0 0 0 0 0 0 0 2 0 12 1 0 2 0 0 2 0 0 0 0 0 12 1 1 0 0 0
split_gain=179.013 56.8043 71.2372 55.6205 15.0716 29.2346 25.7341 19.3134 14.4388 13.8323 15.732 23.7055 15.1325 13.4461 12.0235 10.1336 9.76742 11.6106 8.04892 7.58271 7.24954 6.50222 6.18435 10.938 5.11497 4.94736 5.38992 5.5701 4.43273 3.24703
threshold=75.500000000000014 4643066.5000000009 4583097.5000000009 5494016.0000000009 4378387.5000000009 4487724.5000000009 4496309.0000000009 4262097.0000000009 5556929.5000000009 5496779.5000000009 28.500000000000004 4583087.5000000009 1.9915744832887996 248877212578.50003 4587470.5000000009 7.5000000000000009 4589803.5000000009 4589810.0000000009 9.5000000000000018 4588245.5000000009 4587692.0000000009 4546978.0000000009 5505757.0000000009 5498189.5000000009 1.9895629315190633 1837832554337.5002 1955683351036.5002 4641135.5000000009 5496965.5000000009 4587374.0000000009
decision_type=2 2 2 2 2 2 2 2 2 2 2 2 2 2 2 2 2 2 2 2 2 2 2 2 2 2 2 2 2 2
left_child=9 2 4 -3 7 -6 -7 -2 22 10 11 15 -11 -9 29 21 19 -18 20 -16 -13 -1 23 -5 -17 -12 -27 -28 -14 -4
right_child=1 3 14 8 5 6 -8 13 -10 12 25 18 28 -15 16 24 17 -19 -20 -21 -22 -23 -24 -25 -26 26 27 -29 -30 -31
leaf_value=-0.00053689026893169347 0.0086817031927628307 0.01086589577422239 -0.0062898229991049581 -0.0074028060586429859 0.011149777611297056 -0.0017279999568574342 0.0049584764209406364 0.013337945695034215 0.0055305235637464582 -0.0069106486651957259 -0.0050415896490644653 -0.0095890242996175268 0.011708008989556366 -0.002425976547286763 -0.0025173085230809295 0.0013138336418476685 -0.014587828729674049 -0.0023498168684893818 -0.011229492125405794 0.0097497451331942878 -0.003889795308584645 0.011801785020386431 -0.011381349080201926 0.0035456365429730337 -0.0063154266835623576 0.0056443063782771223 -0.00028286847468584692 -0.0066030821433357501 0.0022515837093250294 -0.012358900036687657
leaf_weight=29.382508412003517 22.802201256155968 137.14333941042423 40.113681837916374 17.577352523803711 54.961607649922371 77.887612476944923 220.53610906004906 5.7412139922380439 29.667620539665222 14.097161114215849 54.891876757144928 49.368740454316139 9.2233954370021838 94.046204999089241 8.9832182824611664 10.15018969774246 8.1684615314006788 152.17883269488811 90.943191915750504 11.476630911231041 40.735211744904518 4.9973532855510703 8.0903511345386487 18.976373940706253 65.469355061650276 10.233616322278975 47.272952169179916 19.778591424226761 10.716291815042494 11.29831153154373
leaf_count=118 92 556 162 71 223 312 884 23 119 57 222 202 37 377 36 41 33 610 374 46 165 20 33 76 266 41 190 80 43 46
internal_value=0 0.00254234 0.0011843 0.00709061 0.00339961 0.00444767 0.00321333 0.000378369 0.000123264 -0.00511367 -0.00560691 -0.0069062 0.00101936 -0.00151901 -0.00335637 -0.00324482 -0.00214301 -0.00297325 -0.00913075 0.0043637 -0.00701245 0.00125662 -0.00347006 -0.00171907 -0.00529137 -0.00274596 -0.00111548 -0.00214718 0.00662579 -0.00762356
internal_weight=0 919.649 708.194 211.455 475.975 353.385 298.424 122.59 74.3117 457.26 423.224 291.047 34.0368 99.7874 232.219 109.999 180.807 160.347 181.047 20.4598 90.104 34.3799 44.6441 36.5537 75.6195 132.177 77.2852 67.0515 19.9397 51.412
internal_count=5555 3699 2844 855 1911 1419 1196 492 299 1856 1719 1186 137 400 933 445 725 643 741 82 367 138 180 147 307 533 311 270 80 208
is_linear=0
shrinkage=0.01


Tree=29
num_leaves=31
num_cat=0
split_feature=2 0 0 0 0 0 0 0 0 1 0 0 1 1 12 0 12 1 1 2 0 0 0 1 0 1 1 3 1 1
split_gain=175.572 55.7545 69.8732 54.6129 14.4874 29.062 24.7252 18.943 14.1575 13.706 13.7008 13.3504 13.2199 9.58019 9.48531 8.70955 10.4126 8.26414 14.7478 6.54646 6.61888 6.07506 10.7273 5.92861 5.74133 4.96376 4.88669 4.24241 3.92233 3.25065
threshold=75.500000000000014 4643066.5000000009 4586868.5000000009 5494016.0000000009 4378387.5000000009 4487724.5000000009 4496309.0000000009 4262097.0000000009 5556929.5000000009 1955339848972.5002 4587470.5000000009 4266423.5000000009 3784361550632.0005 3799450294316.0005 3.9290280481443154 5496779.5000000009 1.9789033726770087 2142597722549.5002 3289799696373.0005 9.5000000000000018 4583097.5000000009 5505757.0000000009 5498189.5000000009 3507688970202.5005 5496996.5000000009 3507688974920.5005 3799450294316.0005 49.500000000000007 1758355645294.5002 701677533073.50012
decision_type=2 2 2 2 2 2 2 2 2 2 2 2 2 2 2 2 2 2 2 2 2 2 2 2 2 2 2 2 2 2
left_child=9 2 4 29 7 -6 -7 -2 21 15 25 -9 14 23 17 16 -1 27 -19 20 -18 22 -5 -12 -17 -4 -14 -11 -21 -3
right_child=1 3 10 8 5 6 -8 11 -10 12 13 -13 26 -15 -16 24 19 18 -20 28 -22 -23 -24 -25 -26 -27 -28 -29 -30 -31
leaf_value=-0.0039095357847996563 0.0086019003398633605 0.014254667207407435 -0.0065302564238702166 -0.0073342366755966308 0.011053291469330904 -0.0017108268326795153 0.0048293565344958997 -0.0061387358357747716 0.0054768416042007707 -0.0057469630461625398 -0.0017718377438939975 0.0013828633188613085 -0.015459942953622388 0.0050299615084877505 -0.011063664889997686 0.0087291831823111433 -0.0012391962766932657 -0.006405683050554241 -0.00085630171594251541 -0.01002046411358283 -0.0090333903952912221 -0.011285811529134843 0.0035106096313234953 -0.006180052783563793 -0.0061351763065298414 -0.014582541584853413 -0.0070653664462744159 0.0039220074675820095 -0.015638803458381912 0.010089795135919523
leaf_weight=50.045428842306137 22.783700987696648 22.404784753918648 38.054849296808243 17.564336434006691 54.88733583688736 77.882774531841278 224.21654118597507 38.295848727226257 29.658869087696075 5.4563575237989417 123.2599808126688 61.485364779829979 10.008600130677221 16.971279621124268 13.324575826525686 5.4733954071998578 15.841987207531927 81.722231313586235 115.67527982592583 53.825631439685822 34.89342588186264 8.0773151218891126 18.974063485860825 40.54433836042881 4.9471130073070526 9.5833580791950208 22.577506676316261 26.957617655396461 16.155493974685669 114.5632810741663
leaf_count=202 92 91 154 71 223 312 899 154 119 22 494 246 42 68 55 22 64 332 465 222 143 33 76 163 20 39 92 108 67 465
internal_value=0 0.00251813 0.00117284 0.0070268 0.00334101 0.00435944 0.00314326 0.000374666 0.000122079 -0.00506651 -0.0033792 -0.00150391 -0.00366252 -0.00212196 -0.0028609 -0.0072031 -0.00774471 -0.0023853 -0.00315374 -0.00933466 -0.00659968 -0.00343757 -0.00170261 -0.00286295 0.00167236 -0.00815013 -0.0096437 0.0022944 -0.0113175 0.0107711
internal_weight=0 919.208 707.965 211.243 479.552 356.987 302.099 122.565 74.2746 456.905 228.414 99.7812 275.722 180.776 243.136 181.182 170.762 229.811 197.398 120.717 50.7354 44.6157 36.5384 163.804 10.4205 47.6382 32.5861 32.414 69.9811 136.968
internal_count=5555 3699 2844 855 1926 1434 1211 492 299 1856 918 400 1116 725 982 740 698 927 797 496 207 180 147 657 42 193 134 130 289 556
is_linear=0
shrinkage=0.01


Tree=30
num_leaves=31
num_cat=0
split_feature=2 0 0 0 0 0 0 0 0 1 0 1 1 0 0 13 0 1 1 3 1 1 0 0 13 1 1 13 0 1
split_gain=172.202 54.7269 68.5064 53.6272 14.2055 28.5571 24.2499 18.5804 13.882 13.4834 13.4509 13.309 12.6001 9.5628 11.4167 9.31684 7.41848 6.17442 8.96875 7.85022 5.97839 13.4764 5.9681 10.5207 5.83496 4.88557 4.82938 4.38281 4.90329 3.24256
threshold=75.500000000000014 4643066.5000000009 4586868.5000000009 5494016.0000000009 4378387.5000000009 4487724.5000000009 4493360.5000000009 4262097.0000000009 5556929.5000000009 1837832554337.5002 4587470.5000000009 3743724172461.0005 3784361550632.0005 4589803.5000000009 4589810.0000000009 3.9642362241409743 4588245.5000000009 1758355642406.0002 1058264179828.5001 45.500000000000007 3289799696373.0005 2883033188162.5005 5505757.0000000009 5498189.5000000009 1.9964525882004638 3507688974920.5005 3799450294316.0005 1.9947677634406549 4753603.0000000009 3155490930053.5005
decision_type=2 2 2 2 2 2 2 2 2 2 2 2 2 2 2 2 2 2 2 2 2 2 2 2 2 2 2 2 2 2
left_child=9 2 4 -3 7 -6 -7 -2 22 17 25 -9 15 16 -15 20 -12 18 27 -20 21 -11 23 -5 -22 29 -14 -1 -29 -4
right_child=1 3 10 8 5 6 -8 11 -10 12 13 -13 26 14 -16 -17 -18 -19 19 -21 24 -23 -24 -25 -26 -27 -28 28 -30 -31
leaf_value=-0.0052079810015103123 0.0085230824229179328 0.010677590865840986 -0.0079062750436060206 -0.0072664471977677229 0.010958176459318871 -0.0037111175271464249 0.0042890065780810047 -0.0028704439231757345 0.0054237469388873152 -0.0020445793388989249 -0.0024683313331818582 0.0081686640685634283 -0.015357534277470157 -0.014450156045289715 -0.0023048153881514819 -0.010741782840343491 0.0096670665258614379 -0.01201715927993368 -0.010238187834157666 0.00089227665426881047 -0.0036503160791100699 -0.009513385448011915 -0.011191628221313017 0.0034759465357705184 0.00095220636046916996 -0.014464879155266992 -0.007001320327634091 -0.010112966762903955 -0.00061698199440236531 -0.00053484408547892638
leaf_weight=40.276384845376015 22.76454721391201 136.78645184636116 30.616112217307091 17.550981283187866 54.810495972633362 44.422732666134834 257.62168271839619 87.280981406569481 29.649760901927948 92.128050670027733 8.9811437129974365 12.483438298106192 9.9747564345598203 8.1545091271400434 152.14163644611835 14.492422401905058 11.471760764718056 23.506220445036888 8.5025138556957227 24.874679073691368 45.236770138144493 32.745359048247337 8.0639042854309064 18.971658706665039 70.432280704379082 9.5647922158241254 22.556305959820747 65.886020794510841 5.9267420023679724 7.4120652526617041
leaf_count=163 92 556 124 71 223 178 1033 350 119 372 36 50 42 33 610 60 46 97 35 101 182 134 33 76 283 39 92 271 24 30
internal_value=0 0.00249421 0.00116151 0.00696382 0.00330876 0.00431746 0.0031124 0.00037103 0.000120908 -0.00501991 -0.00334647 -0.00148913 -0.00370256 -0.00210105 -0.00292267 -0.00295497 0.00433825 -0.00726184 -0.00649342 -0.0019431 -0.00248582 -0.00400311 -0.00340545 -0.00168632 -0.000847785 -0.00807635 -0.00956352 -0.00784838 -0.00932926 -0.00646951
internal_weight=0 918.749 707.726 211.023 479.384 356.855 302.044 122.529 74.2363 456.539 228.342 99.7644 287.566 180.749 160.296 255.035 20.4529 168.973 145.466 33.3772 240.542 124.873 44.5865 36.5226 115.669 47.593 32.5311 112.089 71.8128 38.0282
internal_count=5555 3699 2844 855 1926 1434 1211 492 299 1856 918 400 1165 725 643 1031 82 691 594 136 971 506 180 147 465 193 134 458 295 154
is_linear=0
shrinkage=0.01


Tree=31
num_leaves=31
num_cat=0
split_feature=2 0 0 0 0 0 0 0 0 0 2 0 12 1 0 2 1 2 0 0 0 0 1 12 1 1 0 0 0 1
split_gain=168.891 53.7213 67.1807 52.6626 14.2174 27.7308 24.4026 18.2251 13.6119 13.3372 15.2133 23.0857 14.7903 13.2293 11.4014 9.75551 9.37522 7.87741 7.0559 6.3672 5.86342 10.3184 5.8147 5.01771 4.76321 5.22196 5.4417 4.30921 3.23893 3.2059
threshold=75.500000000000014 4643066.5000000009 4583097.5000000009 5494016.0000000009 4378387.5000000009 4487724.5000000009 4496309.0000000009 4262097.0000000009 5556929.5000000009 5496779.5000000009 28.500000000000004 4583087.5000000009 1.9915744832887996 248877212578.50003 4587470.5000000009 7.5000000000000009 3799450294316.0005 9.5000000000000018 4587692.0000000009 4546978.0000000009 5505757.0000000009 5498189.5000000009 3507688970202.5005 1.9895629315190633 1837832554337.5002 1955683351036.5002 4641135.5000000009 5496965.5000000009 4234980.5000000009 701677533073.50012
decision_type=2 2 2 2 2 2 2 2 2 2 2 2 2 2 2 2 2 2 2 2 2 2 2 2 2 2 2 2 2 2
left_child=9 2 4 29 7 -6 -7 28 20 10 11 15 -11 -9 -4 19 22 18 -13 -1 21 -5 -16 -17 -12 -26 -27 -14 -2 -3
right_child=1 3 14 8 5 6 -8 13 -10 12 24 17 27 -15 16 23 -18 -19 -20 -21 -22 -23 -24 -25 25 26 -28 -29 -30 -31
leaf_value=-0.00048341723050776325 0.0032918785374298578 0.014050620727368733 -0.0074230099549979231 -0.0071994227505928271 0.01086439533696351 -0.0016911259351920936 0.0048210075016445267 0.013262458629668263 0.0053712313754571269 -0.0067958708792872696 -0.0048993411520578739 -0.0093905584927432544 0.011607105580733594 -0.0023742536908127367 -0.0017330715120989523 0.0014093905874186803 0.0049954133900881178 -0.011022103987040033 -0.003760248896600398 0.011727874782922762 -0.011098761610421172 0.0034416418232458539 -0.0060999461757372756 -0.0061520995602720478 0.0056093651585482456 -0.00021823118778370028 -0.0064695231868196878 0.0022806802011225728 0.01120854223259193 0.0099080997162014021
leaf_weight=29.36914125084877 7.9390695989131954 22.333213910460472 51.278890982270241 17.537299811840057 54.731178238987923 77.875971913337708 220.3872969597578 5.7409892082214347 29.640306189656258 14.076470404863356 54.799124166369438 49.178657397627831 9.2166129648685473 94.015356123447418 123.23103937506676 10.138309448957441 16.967082515358925 90.519303202629089 40.661186888813972 4.9964024275541297 8.0501324981451017 18.96916338801384 40.517594367265701 65.304757371544838 10.232059717178343 47.24501097202301 19.744469106197357 10.712147131562231 14.805694848299025 114.26598154008389
leaf_count=118 32 91 208 71 223 312 884 23 119 57 222 202 37 377 494 41 68 374 165 20 33 76 163 266 41 190 80 43 60 465
internal_value=0 0.00247053 0.00115028 0.00690164 0.0033027 0.00432135 0.0031207 0.000367409 0.00011975 -0.00497351 -0.00545877 -0.0067392 0.00105123 -0.00147436 -0.00326132 -0.00312428 -0.00208043 -0.00894008 -0.0068423 0.00129198 -0.00337368 -0.00167021 -0.0028136 -0.00513596 -0.00264452 -0.00104443 -0.00206074 0.00659395 0.00844523 0.0105854
internal_weight=0 918.286 707.49 210.796 475.496 352.994 298.263 122.501 74.1969 456.194 422.188 290.168 34.0052 99.7563 231.995 109.809 180.716 180.359 89.8398 34.3655 44.5566 36.5065 163.749 75.4431 132.021 77.2215 66.9895 19.9288 22.7448 136.599
internal_count=5555 3699 2844 855 1911 1419 1196 492 299 1856 1719 1186 137 400 933 445 725 741 367 138 180 147 657 307 533 311 270 80 92 556
is_linear=0
shrinkage=0.01


Tree=32
num_leaves=31
num_cat=0
split_feature=2 0 0 0 0 0 0 0 0 0 0 2 0 12 0 2 0 0 2 0 0 0 0 0 12 0 0 0 0 0
split_gain=165.651 52.7369 65.8885 51.7188 13.6656 27.5743 23.4481 17.8778 13.3474 13.0933 13.0866 14.9495 22.6981 14.5021 12.9893 9.56942 9.36269 11.2279 7.7625 7.25816 6.93984 6.24182 5.76094 10.1201 4.92397 4.2283 3.21579 9.17411 3.18534 3.03269
threshold=75.500000000000014 4643066.5000000009 4586868.5000000009 5494016.0000000009 4378387.5000000009 4487724.5000000009 4493360.5000000009 4262097.0000000009 5556929.5000000009 4266423.5000000009 5496779.5000000009 28.500000000000004 4583087.5000000009 1.9915744832887996 4587470.5000000009 7.5000000000000009 4589803.5000000009 4589810.0000000009 9.5000000000000018 4588245.5000000009 4587692.0000000009 4546978.0000000009 5505757.0000000009 5498189.5000000009 1.9895629315190633 5496965.5000000009 5494016.0000000009 4753603.0000000009 4244591.5000000009 5408068.0000000009
decision_type=2 2 2 2 2 2 2 2 2 2 2 2 2 2 2 2 2 2 2 2 2 2 2 2 2 2 2 2 2 2
left_child=10 2 4 29 7 -6 -7 28 22 -9 11 12 15 -12 -4 21 19 -18 20 -16 -14 -1 23 -5 -17 -15 27 -13 -2 -3
right_child=1 3 14 8 5 6 -8 9 -10 -11 13 26 18 25 16 24 17 -19 -20 -21 -22 -23 -24 -25 -26 -27 -28 -29 -30 -31
leaf_value=-0.0004785971408249835 0.0044669651721642627 0.011573153323463583 -0.0079363832322863134 -0.0071331498794709371 0.010771912804874955 -0.0036579074591167517 0.0042098121744124032 -0.006051980821472497 0.0053192837788268018 0.0013986135838093684 -0.0067327065091140779 -0.0027655436662419102 -0.0093105624247032722 0.011497219654159176 -0.0024203083927484491 0.0013951120979141128 -0.01431566428653709 -0.0022607013691009286 -0.010932968842561716 0.0095852816750633604 -0.0037242244953156738 0.011612914730451373 -0.011007175907468367 0.0034076918768519773 -0.0060953820333725138 0.0022576500505836444 -0.0078940587935223596 0.010266785178270078 0.01196146559514852 0.0084333768586672998
leaf_weight=29.368279367685318 10.893029108643534 89.542349055409431 47.50377394258976 17.52330456674099 54.649472564458847 44.412938550114632 257.52022671699524 38.267677903175354 29.630518734455109 61.481746092438698 14.066496565937994 115.68516097962856 49.105554267764091 9.2116791903972643 8.9789802134037018 10.13964459300041 8.1396458894014341 152.10294516384602 90.345595255494118 11.466432362794876 40.64404359459877 4.9954096227884284 8.0360137075185758 18.966579884290695 65.253550887107849 10.713201299309729 10.626003652811049 5.6661283373832694 11.830171078443525 46.863521337509155
leaf_count=118 44 365 193 71 223 178 1033 154 119 246 57 467 202 37 36 41 33 610 374 46 165 20 33 76 266 43 43 23 48 191
internal_value=0 0.00244711 0.00113917 0.00684026 0.00324575 0.00423558 0.00305251 0.000363828 0.000118604 -0.00145972 -0.00492783 -0.00540882 -0.00667912 0.00104114 -0.00328327 -0.00309451 -0.00205994 -0.00287304 -0.00886372 0.00431281 -0.00678073 0.00127913 -0.00334228 -0.00165427 -0.00508798 0.00652929 -0.00261895 -0.00215704 0.00836876 0.0104945
internal_weight=0 917.809 707.247 210.562 479.055 356.583 301.933 122.473 74.1564 99.7494 455.821 421.829 289.852 33.9914 228.192 109.757 180.688 160.243 180.095 20.4454 89.7496 34.3637 44.5259 36.4899 75.3932 19.9249 131.977 121.351 22.7232 136.406
internal_count=5555 3699 2844 855 1926 1434 1211 492 299 400 1856 1719 1186 137 918 445 725 643 741 82 367 138 180 147 307 80 533 490 92 556
is_linear=0
shrinkage=0.01


Tree=33
num_leaves=31
num_cat=0
split_feature=2 1 1 1 1 1 1 1 1 1 3 13 1 1 1 1 1 1 1 3 1 3 1 2 13 1 1 1 2 1
split_gain=162.473 14.2724 15.4102 19.1657 13.1421 12.6313 12.5389 10.0868 9.08994 15.0296 6.99586 6.5662 6.1822 10.3729 5.8962 25.1823 8.86923 5.27963 5.09828 4.78749 4.75563 3.82975 3.82951 2.82995 2.48543 3.45451 2.12686 1.88572 3.61945 1.87666
threshold=75.500000000000014 215631317547.00003 1861025326992.0002 1955339855810.5002 1955339848972.5002 3784361550632.0005 1707115179210.0002 1119808861620.0002 2142597722549.5002 3289799696373.0005 32.500000000000007 3.9737399248238381 641304924141.50012 215631320312.50003 4084856406127.0005 3784361550632.0005 4311020372865.5005 308877337732.00006 2883033188162.5005 49.500000000000007 3799450294316.0005 60.500000000000007 1392992072781.5002 9.5000000000000018 2.9813261212225339 632859013397.50012 1861025321321.0002 4311877336090.5005 13.500000000000002 1392992072781.5002
decision_type=2 2 2 2 2 2 2 2 2 2 2 2 2 2 2 2 2 2 2 2 2 2 2 2 2 2 2 2 2 2
left_child=4 -2 6 -4 10 8 7 17 19 18 23 -11 13 -12 15 -5 -16 -3 -10 -6 -7 -14 -23 -1 -25 -26 -8 28 -22 -9
right_child=1 2 3 14 5 20 26 29 9 11 12 -13 21 -15 16 -17 -18 -19 -20 -21 27 22 -24 24 25 -27 -28 -29 -30 -31
leaf_value=-0.0064052305748867437 0.0094965476617208961 -0.0029293556092485381 0.012942333911807219 0.0028926942383721826 -0.0061467686157190343 -0.0151483103427006 -0.0068076387309073429 0.0035847031073853231 -0.0046692146955774824 -0.00071504374656797818 0.0018675429443384723 -0.01146941443939393 0.0022313431043402927 -0.011727701349888155 0.0084042987109025375 -0.0073177234953591443 0.00065947228289690353 0.00093508685830056106 -0.0095993763255005499 0.0039462040915217858 0.00042718720600475654 -0.0035764268607965002 -0.0082720465614556198 -0.006321435701702848 -0.0065433039661705363 -0.014671645644614192 -0.0013210791754735584 -0.010452281337530806 -0.0098530600432591327 0.0077459784579065509
leaf_weight=15.02029901742935 27.671792209148407 49.967067703604698 19.045934781432152 514.17859125137329 5.6925878375768653 9.8989036083221418 26.041563212871552 46.115429371595383 51.75783197581768 117.03418670594692 6.9057172089815131 5.9667767137289038 8.1074662804603559 29.958808436989784 41.1112160384655 25.345819026231766 23.091770559549332 120.87935717403889 35.266940459609032 26.945049241185188 7.1235767155885714 58.589695647358894 24.686284095048904 7.3051244765520087 6.7607827931642559 23.070471599698067 9.6961314529180509 8.7693324685096723 6.5959176868200302 14.1669764816761
leaf_count=62 112 201 77 2074 23 42 105 186 210 471 28 25 33 123 166 102 93 487 145 108 29 238 101 30 28 97 39 36 27 57
internal_value=0 0.00242396 0.00220397 0.00306552 -0.0048825 -0.00350679 0.000193421 0.00104577 -0.00272389 -0.00348685 -0.00697995 -0.00123674 -0.00572413 -0.00918095 0.00275394 0.00241303 0.00561873 -0.000195138 -0.00666717 0.00218581 -0.00937263 -0.00432964 -0.00496839 -0.0100679 -0.0115493 -0.0128295 -0.00531906 -0.00683034 -0.00451524 0.00456264
internal_weight=0 917.312 889.64 622.773 455.456 275.051 266.867 231.129 242.663 210.026 180.405 123.001 128.248 36.8645 603.727 539.524 64.203 170.846 87.0248 32.6376 32.3877 91.3834 83.276 52.1567 37.1364 29.8313 35.7377 22.4888 13.7195 60.2824
internal_count=5555 3699 3587 2512 1856 1116 1075 931 982 851 740 496 523 151 2435 2176 259 688 355 131 134 372 339 217 155 125 144 92 56 243
is_linear=0
shrinkage=0.01


Tree=34
num_leaves=31
num_cat=0
split_feature=2 1 1 1 1 1 1 1 1 1 12 12 1 1 1 1 1 2 1 1 1 1 1 12 12 1 2 1 1 1
split_gain=159.337 13.9983 15.107 18.8125 12.9142 12.42 12.2903 9.88768 8.91383 14.7547 6.68736 6.45443 5.78373 24.6865 8.70147 5.17445 5.01661 4.86195 4.70197 3.71309 5.95974 3.28337 5.70539 3.19557 3.2097 3.12497 2.38747 5.74938 4.29218 4.14236
threshold=75.500000000000014 215631317547.00003 1861025326992.0002 1955339855810.5002 1955339848972.5002 3784361550632.0005 1707115179210.0002 1119808861620.0002 2142597722549.5002 3289799696373.0005 1.9789033726770087 3.9477558332250813 4084856406127.0005 3784361550632.0005 4311020372865.5005 308877337732.00006 2883033188162.5005 9.5000000000000018 3799450294316.0005 758916150901.00012 1264132477716.0002 1758355645294.5002 758916134094.00012 1.9922459088058959 1.967048558543266 1955683364026.5002 58.500000000000007 702778653671.50012 701677530243.50012 1058264179828.5001
decision_type=2 2 2 2 2 2 2 2 2 2 2 2 2 2 2 2 2 2 2 2 2 2 2 2 2 2 2 2 2 2
left_child=4 -2 6 -4 10 8 7 15 23 16 26 -11 13 -5 -14 -3 -10 19 -7 -12 -21 22 -19 24 -6 -25 28 -28 -1 -30
right_child=1 2 3 12 5 18 -8 -9 9 11 17 -13 14 -15 -16 -17 -18 21 -20 20 -22 -23 -24 25 -26 -27 27 -29 29 -31
leaf_value=0.0016830175967797998 0.0094060643149068753 -0.0028999722375325204 0.012825672557258262 0.0028639738989612979 0.00042145469407428528 -0.015052106869944829 -0.0052663161316312311 0.0045176567041065813 -0.0046249865422847191 -0.00070792816077522509 -0.0078321113531620717 -0.011382920531061163 0.008324977761144858 -0.0072471923467152324 0.00065289611126404759 0.00092574738591028895 -0.0095183003119150428 -0.010871792815127821 -0.0067693237773029363 0.0049341718213986949 -0.0065098129031972655 -0.013692263287957288 -0.0041982469042419531 -0.0061133702120838244 0.0083494477592254146 0.0041966131841290185 -0.01593889633475918 -0.00086540926407712088 -0.0093097599468964527 -0.0014509729963960469
leaf_weight=14.103254616260527 27.658671632409096 49.968610122799873 19.027077525854111 514.14169181883335 9.7453739196062106 9.8627305030822736 35.734675794839859 60.273934826254845 51.730395779013634 117.02845241129398 34.67269504070282 5.9520684629678717 41.088013499975204 25.336610868573189 23.091124355792999 120.87786911427975 35.211943402886391 38.687650367617607 22.464810624718666 7.0985296666622189 12.678296625614164 16.728657692670822 19.152753368020058 7.1868779808282834 10.728498563170431 4.9749397486448288 4.9335190057754499 5.1949310153722763 12.599334090948107 14.341916918754576
leaf_count=57 112 201 77 2074 39 42 144 243 210 471 142 25 166 102 93 487 145 161 92 29 52 70 79 29 43 20 20 21 51 58
internal_value=0 0.00240002 0.00218218 0.0030353 -0.00483773 -0.00347384 0.000191496 0.00103536 -0.00269784 -0.0034537 -0.00691839 -0.00122458 0.00272672 0.0023891 0.00556463 -0.000193186 -0.0066068 -0.00813165 -0.0092963 -0.00585989 -0.0024022 -0.00979046 -0.00866197 0.00216408 0.0045758 -0.00189595 -0.00385948 -0.00820763 -0.0027865 -0.00512621
internal_weight=0 917.198 889.54 622.685 455.078 274.886 266.855 231.12 242.559 209.923 180.192 122.981 603.657 539.478 64.1791 170.846 86.9423 129.019 32.3275 54.4495 19.7768 74.5691 57.8404 32.6357 20.4739 12.1618 51.173 10.1285 41.0445 26.9413
internal_count=5555 3699 3587 2512 1856 1116 1075 931 982 851 740 496 2435 2176 259 688 355 533 134 223 81 310 240 131 82 49 207 41 166 109
is_linear=0
shrinkage=0.01


Tree=35
num_leaves=31
num_cat=0
split_feature=2 0 0 0 0 0 0 0 0 1 0 0 2 12 0 12 0 0 1 0 0 0 0 1 2 0 0 1 0 1
split_gain=156.261 51.5922 64.5516 50.8737 13.5023 27.0083 23.0719 17.5144 13.1453 12.9578 12.727 14.4846 23.7696 14.2019 12.6713 10.9263 9.13651 11.0714 8.29878 11.3003 7.66167 7.10052 7.09867 6.05516 5.80484 5.66555 9.87908 4.83239 4.13272 4.07163
threshold=75.500000000000014 4643066.5000000009 4586868.5000000009 5494016.0000000009 4378387.5000000009 4487724.5000000009 4496309.0000000009 4262097.0000000009 5556929.5000000009 3743724172461.0005 5496779.5000000009 4583087.5000000009 43.500000000000007 1.9915744832887996 4587470.5000000009 1.9696704931723785 4589803.5000000009 4589810.0000000009 3144346128135.0005 4267182.5000000009 4587345.5000000009 4588245.5000000009 4265344.0000000009 3540362992491.0005 9.5000000000000018 5505757.0000000009 5498189.5000000009 3507688974920.5005 5496965.5000000009 3376693905145.5005
decision_type=2 2 2 2 2 2 2 2 2 2 2 2 2 2 2 2 2 2 2 2 2 2 2 2 2 2 2 2 2 2
left_child=10 2 4 -3 7 -6 -7 -2 25 -9 11 18 20 -12 27 -14 21 -18 22 23 -13 -16 -1 -20 -24 26 -5 -4 -15 -22
right_child=1 3 14 8 5 6 -8 9 -10 -11 13 12 15 28 16 -17 17 -19 19 -21 29 -23 24 -25 -26 -27 -28 -29 -30 -31
leaf_value=0.00083408163622815368 0.0082352436428095328 0.010356536746967616 -0.006293397317480077 -0.007114912540247929 0.010631316774410373 -0.0017055121294170426 0.0046137024587756389 -0.0028630399040200068 0.0052229057214961787 0.0080306665774952986 -0.0066064101669645056 -0.013303775752251635 -0.0027082914736869853 0.011439025797423633 -0.0024474173549169287 0.010131056585588447 -0.01425786420879478 -0.0022818769103475386 -0.0004642855058350474 0.0028894073550454441 -0.0087517902669685416 0.0094292788492015885 -0.0016258985195977712 -0.014198155629299818 -0.00740936378950071 -0.010979032439260803 0.0033018280580352807 -0.014258979385289089 0.0023020659887716573 -0.0056536773303324673
leaf_weight=20.065329268574715 22.683284565806389 136.08376328647137 37.942266374826431 17.518327385187149 54.514499515295029 77.867738038301468 223.93655581772327 87.259169206023216 29.60967430472374 12.480665817856787 14.040063500404356 26.583101227879524 48.495854958891869 9.2068203836679476 8.9796899855136871 7.6773860454559317 8.1320170164108259 152.09806472063065 5.9741297364234907 40.791258364915848 109.3199772387743 11.455636993050575 24.194121614098549 6.9389873445034027 61.389995828270912 8.0311720967292768 18.956050604581833 9.5286538600921613 10.707527026534079 69.318570241332054
leaf_count=81 92 556 154 71 223 312 899 350 119 50 57 111 196 37 36 31 33 610 24 164 451 46 98 28 251 33 76 39 43 284
internal_value=0 0.00237634 0.00108294 0.00672591 0.00316901 0.0041534 0.0029833 0.000303896 5.96678e-05 -0.00149989 -0.00479334 -0.00526861 -0.0067173 0.00109594 -0.00329464 -0.000953495 -0.00208658 -0.00288968 -0.00289227 0.000308504 -0.00829496 0.00421042 -0.0045193 -0.00784431 -0.00577441 -0.00337545 -0.00170124 -0.0078923 0.00652627 -0.0075496
internal_weight=0 917.077 706.878 210.199 478.742 356.319 301.804 122.423 74.1152 99.7398 454.703 420.749 261.395 33.9544 228.136 56.1732 180.665 160.23 159.354 53.7044 205.222 20.4353 105.649 12.9131 85.5841 44.5056 36.4744 47.4709 19.9143 178.639
internal_count=5555 3699 2844 855 1926 1434 1211 492 299 400 1856 1719 1073 137 918 227 725 643 646 216 846 82 430 52 349 180 147 193 80 735
is_linear=0
shrinkage=0.01


Tree=36
num_leaves=31
num_cat=0
split_feature=12 1 1 1 1 1 1 1 12 1 1 3 1 1 1 1 1 12 1 1 1 12 1 12 12 1 1 1 5 1
split_gain=153.267 13.7578 14.7725 18.4423 12.5667 12.0279 11.833 9.68798 8.69273 5.93928 8.61358 7.63358 5.61806 24.1109 8.52265 5.56256 12.6738 5.64504 5.17432 5.07723 4.65017 4.10798 2.6634 2.23293 2.13632 2.09513 1.85913 2.51533 1.44004 1.59756
threshold=1.9501783728997251 215631317547.00003 1861025326992.0002 1955339855810.5002 1837832554337.5002 1707115179210.0002 3784361550632.0005 308877337732.00006 3.9290280481443154 1758355642406.0002 1058264179828.5001 45.500000000000007 4084856406127.0005 3784361550632.0005 4311020372865.5005 3289799696373.0005 2883033188162.5005 1.9929177889658176 308877317530.00006 1119808861620.0002 3799450294316.0005 1.9895629315190633 215631320312.50003 1.9922459088058959 1.9611750976477826 1861025321321.0002 4311877336090.5005 4223680124756.0005 26.500000000000004 3022918908347.0005
decision_type=2 2 2 2 2 2 2 2 2 2 2 2 2 2 2 2 2 2 2 2 2 2 2 2 2 2 2 2 2 2
left_child=1 -1 5 -4 9 7 8 18 15 10 21 -12 13 -5 -14 16 -6 -17 -3 -9 -8 24 -23 -13 -2 -7 27 -22 -10 -30
right_child=4 2 3 12 6 25 20 19 28 -11 11 23 14 -15 -16 17 -18 -19 -20 -21 26 22 -24 -25 -26 -27 -28 -29 29 -31
leaf_value=0.0093039790832676657 -0.009797657375884769 0.00079599253027855146 0.012683947886738387 0.0028131156741930292 -0.0018696934792011403 -0.0067098433648916491 -0.014925339556605638 0.00089726642049079775 -0.0058123557780880358 -0.01161103529754307 -0.0099163911599789694 -0.0010905831971667731 0.0082090756065931626 -0.0071825203613658881 0.00061307533712594167 -0.0034796155101551951 -0.0091353010209677798 0.001050623294800394 -0.0057015381212274707 0.0044514310184063516 -0.007820968774851814 -0.0024798366641887106 -0.0095221414669732097 0.0052143975799065689 -0.0038466419524286195 -0.0012629841744099606 -0.010275099996657169 0.00095578417715928279 -0.016634276885696127 -0.0084707511393442309
leaf_weight=27.623756662011147 7.3945357501506797 21.575994372367859 18.994460254907608 513.79524666070938 91.888165280222893 26.023208752274513 9.8125978708267194 120.81702834367752 4.74702164530754 23.269190102815628 8.4378278553485853 16.205545306205753 41.035844475030899 25.321229219436646 23.07760201394558 45.162770256400108 32.499823346734047 70.354216456413269 28.374041870236397 60.230468049645424 8.306733503937723 5.8512651473283759 65.348341211676598 8.5967760533094388 32.745616391301155 9.691939562559126 8.7378785312175733 5.3802810013294211 4.7877477109432203 4.8010107725858688
leaf_count=112 30 87 77 2074 372 105 42 487 20 97 35 66 166 102 93 182 134 283 114 243 34 24 271 35 133 39 36 22 20 20
internal_value=0 0.00235392 0.00213794 0.00298194 -0.00474937 0.000168957 -0.00347634 0.00100397 -0.00275263 -0.00692214 -0.00616749 -0.00170033 0.00267644 0.00234364 0.0054749 -0.00230063 -0.00376804 -0.000720529 -0.00289492 0.00207966 -0.00918382 -0.00750115 -0.0089434 0.0010948 -0.00494293 -0.00523174 -0.00667147 -0.00437088 -0.0103169 -0.0125469
internal_weight=0 916.561 888.937 622.224 454.327 266.713 286.478 230.998 254.241 167.849 144.58 33.2401 603.23 539.116 64.1134 239.905 124.388 115.517 49.95 181.047 32.2375 111.34 71.1996 24.8023 40.1402 35.7151 22.4249 13.687 14.3358 9.58876
internal_count=5555 3699 3587 2512 1856 1075 1165 931 1031 691 594 136 2435 2176 259 971 506 465 201 730 134 458 295 101 163 144 92 56 60 40
is_linear=0
shrinkage=0.01


Tree=37
num_leaves=31
num_cat=0
split_feature=2 0 0 0 0 0 0 0 0 0 0 2 0 12 0 2 1 2 0 1 1 0 0 1 1 1 0 0 1 1
split_gain=150.307 50.5644 63.2923 49.9923 13.2977 26.5005 22.6047 17.168 12.9204 12.8793 12.4512 14.2373 21.8178 13.9066 12.4046 9.06011 9.01647 7.52939 6.75954 6.02368 5.62011 5.5709 9.66816 4.76071 4.50399 5.03087 5.32424 4.04838 3.16477 4.30271
threshold=75.500000000000014 4643066.5000000009 4586868.5000000009 5494016.0000000009 4378387.5000000009 4487724.5000000009 4496309.0000000009 4262097.0000000009 5556929.5000000009 4266423.5000000009 5496779.5000000009 28.500000000000004 4583087.5000000009 1.9915744832887996 4587470.5000000009 8.5000000000000018 3799450294316.0005 9.5000000000000018 4587692.0000000009 3144346128135.0005 3507688970202.5005 5505757.0000000009 5498189.5000000009 3507688974920.5005 1837832554337.5002 1955683351036.5002 4641135.5000000009 5496965.5000000009 701677533073.50012 1861025323351.0002
decision_type=2 2 2 2 2 2 2 2 2 2 2 2 2 2 2 2 2 2 2 2 2 2 2 2 2 2 2 2 2 2
left_child=10 2 4 28 7 -6 -7 -2 21 -9 11 12 15 -12 23 -1 20 18 -14 -17 -16 22 -5 -4 -13 -26 -27 -15 -3 -30
right_child=1 3 14 8 5 6 -8 9 -10 -11 13 24 17 27 16 19 -18 -19 -20 -21 -22 -23 -24 -25 25 26 -28 -29 29 -31
leaf_value=0.00054307210180506212 0.0081320974275743193 0.013699603100900492 -0.0062494583552014796 -0.0070720344033631446 0.010518391361465929 -0.0017053549869685304 0.0045500891211857535 -0.0060664344646508273 0.0051521763178479108 0.0013235004458438005 -0.0065070867139326348 -0.0046494394683476385 -0.0090237777662670535 0.011358216963479811 -0.0017463897980498912 -0.0071953809343459586 0.0048537528565913736 -0.010620053098045965 -0.0034973280304481172 -0.00036060238612098492 -0.0060409823854041455 -0.010919639538431931 0.0032353734086834141 -0.01416233428214886 0.0056357478309950982 -7.2316151263595037e-05 -0.0062636162452389069 0.0023133459050248303 0.0049970194638572435 0.010398275720508821
leaf_weight=44.946365356445312 22.651834532618523 22.183809593319893 37.918647363781929 17.508289337158203 54.400924369692802 77.861466750502586 223.83730100095272 38.264797300100327 29.593529164791107 61.46872116625309 14.021584108471869 54.619133114814758 48.794019252061844 9.2021455466747302 123.20156054198742 46.645939722657204 16.94725301861763 89.606011405587196 40.504332810640335 17.821238622069359 40.48540011048317 8.0213851034641248 18.948922470211983 9.5102811902761442 10.227600812911986 47.179026678204536 19.685152158141136 10.705511972308157 17.418923735618591 96.209131762385368
leaf_count=181 92 91 154 71 223 312 899 154 119 246 57 222 202 37 494 192 68 374 165 72 163 33 76 39 41 190 80 43 71 394
internal_value=0 0.00233071 0.00105047 0.00664047 0.00311679 0.0040941 0.0029357 0.000273153 3.19697e-05 -0.0015118 -0.00470574 -0.00517645 -0.00642082 0.00112133 -0.00328475 -0.00290323 -0.0020897 -0.00857209 -0.00651707 -0.00530598 -0.00280859 -0.00337472 -0.00171468 -0.00783612 -0.00245249 -0.000895969 -0.00189507 0.00649426 0.0102448 0.00957028
internal_weight=0 916.432 706.548 209.884 478.485 356.1 301.699 122.385 74.0721 99.7335 453.958 420.029 288.318 33.9292 228.063 109.414 180.634 178.904 89.2984 64.4672 163.687 44.4786 36.4572 47.4289 131.711 77.0918 66.8642 19.9077 135.812 113.628
internal_count=5555 3699 2844 855 1926 1434 1211 492 299 400 1856 1719 1186 137 918 445 725 741 367 264 657 180 147 193 533 311 270 80 556 465
is_linear=0
shrinkage=0.01


Tree=38
num_leaves=31
num_cat=0
split_feature=2 1 1 1 1 1 1 1 1 1 3 12 1 1 1 1 1 1 1 1 3 1 3 1 2 12 1 1 12 12
split_gain=147.434 13.486 14.4648 18.072 12.2296 11.9331 11.7478 9.53813 8.61655 14.0587 6.60246 6.18961 5.95052 10.1448 5.43163 23.5312 8.36066 5.09213 4.98382 4.81368 4.64298 4.58592 3.71574 3.71532 2.77575 2.41887 3.43818 2.05309 1.85852 1.84986
threshold=75.500000000000014 215631317547.00003 1861025326992.0002 1955339855810.5002 1955339848972.5002 3784361550632.0005 1707115179210.0002 308877337732.00006 2142597722549.5002 3289799696373.0005 32.500000000000007 3.9477558332250813 641304924141.50012 215631320312.50003 4084856406127.0005 3784361550632.0005 4311020372865.5005 308877317530.00006 1335928483606.5002 2883033188162.5005 49.500000000000007 3799450294316.0005 60.500000000000007 1392992072781.5002 9.5000000000000018 2.9628705879494346 632859013397.50012 1861025321321.0002 1.967048558543266 2.9510105779275424
decision_type=2 2 2 2 2 2 2 2 2 2 2 2 2 2 2 2 2 2 2 2 2 2 2 2 2 2 2 2 2 2
left_child=4 -2 6 -4 10 8 7 17 20 19 24 -11 13 -12 15 -5 -16 -3 -9 -10 -6 -7 -14 -24 -1 -26 -27 -8 -22 -23
right_child=1 2 3 14 5 21 27 18 9 11 12 -13 22 -15 16 -17 -18 -19 -20 -21 28 29 23 -25 25 26 -28 -29 -30 -31
leaf_value=-0.0060713868455730602 0.0091951690970054553 0.00076514703396977121 0.012543711083922585 0.0027647999048486609 -0.0060092814518929094 -0.014783562826428112 -0.0066561882591916954 0.0014814733822865881 -0.0044626254615426891 -0.00063926213702248356 0.0020603864865618134 -0.011131378905304091 0.0023681784766792237 -0.011407397047785667 0.0080917629302054758 -0.0071135618853628456 0.00056506419222807015 -0.005681946456066617 0.006976657300737368 -0.0092662424113408078 0.00045059634299834196 -0.0042704228663804087 -0.0033619425878975819 -0.00799790376277364 -0.0060167758183197481 -0.0061652126603063354 -0.014312518270926992 -0.00126317493967564 0.0059173501748328271 -0.010166513501588125
leaf_weight=14.914630323648451 27.581472426652908 21.563652008771896 18.959254622459412 513.43338541686535 5.6804230511188498 9.7526554316282255 26.009919628500938 162.57713089883327 51.607589647173882 116.93557249009609 6.8878862112760535 5.9066093266010276 8.0843596458435041 29.753759518265724 40.981760278344154 25.30262291431427 23.063724666833878 28.367524802684784 18.369094610214233 35.015543594956398 9.7445555478334445 13.662444993853571 58.410009488463402 24.553765892982483 7.2617726325988761 6.7040943056345013 22.778831288218498 9.6884697526693326 17.187708169221878 8.7157941460609418
leaf_count=62 112 87 77 2074 23 42 105 656 210 471 28 25 33 123 166 102 93 114 74 145 39 56 238 101 30 28 97 39 69 36
internal_value=0 0.00230876 0.00209495 0.00293051 -0.00466283 -0.00333483 0.00014615 0.00097162 -0.00257482 -0.00331926 -0.00669323 -0.00114375 -0.00547284 -0.00887573 0.00262814 0.00230085 0.00538129 -0.00289766 0.00203933 -0.00640438 0.00220654 -0.00906083 -0.00410337 -0.00473399 -0.00970976 -0.0111866 -0.0124599 -0.00519254 0.00393938 -0.00656681
internal_weight=0 915.898 888.317 621.741 453.558 274.209 266.576 230.877 242.078 209.465 179.349 122.842 127.69 36.6416 602.781 538.736 64.0455 49.9312 180.946 86.6231 32.6127 32.1309 91.0481 82.9638 51.6593 36.7447 29.4829 35.6984 26.9323 22.3782
internal_count=5555 3699 3587 2512 1856 1116 1075 931 982 851 740 496 523 151 2435 2176 259 201 730 355 131 134 372 339 217 155 125 144 108 92
is_linear=0
shrinkage=0.01


Tree=39
num_leaves=31
num_cat=0
split_feature=2 0 0 0 0 0 0 0 0 0 0 0 2 0 12 0 0 2 2 0 0 0 0 0 12 0 0 0 0 0
split_gain=144.594 49.5647 62.0645 49.1376 13.0993 26.0102 22.1524 16.8288 12.6997 12.6524 12.1447 12.131 13.8745 21.441 13.6237 8.91274 10.9233 8.85933 7.39013 6.93487 6.65244 6.08437 5.47692 9.45836 4.81169 3.95833 3.16831 3.14898 9.12397 2.99941
threshold=75.500000000000014 4643066.5000000009 4586868.5000000009 5494016.0000000009 4378387.5000000009 4487724.5000000009 4496309.0000000009 4262097.0000000009 5556929.5000000009 4266423.5000000009 4587470.5000000009 5496779.5000000009 28.500000000000004 4583087.5000000009 1.9915744832887996 4589803.5000000009 4589810.0000000009 7.5000000000000009 9.5000000000000018 4588245.5000000009 4587692.0000000009 4546978.0000000009 5505757.0000000009 5498189.5000000009 1.9895629315190633 5496965.5000000009 4234980.5000000009 5494016.0000000009 4753603.0000000009 5408068.0000000009
decision_type=2 2 2 2 2 2 2 2 2 2 2 2 2 2 2 2 2 2 2 2 2 2 2 2 2 2 2 2 2 2
left_child=11 2 4 29 7 -6 -7 26 22 -9 -4 12 13 17 -13 19 -17 21 20 -12 -15 -1 23 -5 -19 -16 -2 28 -14 -3
right_child=1 3 10 8 5 6 -8 9 -10 -11 15 14 27 18 25 16 -18 24 -20 -21 -22 -23 -24 -25 -26 -27 -28 -29 -30 -31
leaf_value=-0.00035743753467373687 0.002926147390705095 0.011212118037677547 -0.0077805489459353743 -0.007028713216867659 0.010408299018429608 -0.0017052929692402833 0.0044878228097289512 -0.0060387353486171594 0.0050824189487081173 0.0012865476417768579 -0.0024493685971623022 -0.0064230940854776075 -0.0025462706533698771 -0.0089068221689892445 0.011263738390931722 -0.014185369702887708 -0.0022822167414798746 0.0016642416631158291 -0.01048641015038434 0.00929110485520767 -0.0034190391955907567 0.011583761127495292 -0.010860081565504959 0.0031688145637165368 -0.0057549471545691004 0.0023175856881857194 0.010774573239834238 -0.0076261454178835168 0.01046779757582929 0.0080798487440157645
leaf_weight=29.332075893878937 7.9089790731668499 88.948958605527878 47.385941937565804 17.497905507683754 54.284856721758842 77.854680806398392 223.73397749662399 38.253915190696716 29.576720699667931 61.463845789432526 8.9790208339691162 14.003248780965803 115.36560283601284 48.660530745983124 9.1947367042303103 8.1213003695011121 152.06584823131561 10.103576734662054 89.270373106002808 11.442825511097908 40.45358695089817 4.9933591336011878 8.011325463652609 18.941231787204742 64.841468870639801 10.702909991145132 14.71020947396755 10.586056619882582 5.6510137170553199 46.581529691815376
leaf_count=118 32 365 193 71 223 312 899 154 119 246 36 57 467 202 37 33 610 41 374 46 165 20 33 76 266 43 60 43 23 191
internal_value=0 0.00228602 0.00101871 0.00655681 0.00306567 0.00403606 0.00288908 0.000242854 4.74325e-06 -0.00152359 -0.0032747 -0.00462032 -0.00508557 -0.00631602 0.00113353 -0.00209252 -0.00288569 -0.00282773 -0.0084528 0.00412909 -0.00641563 0.00137966 -0.00337387 -0.00172799 -0.00475474 0.00645162 0.00803031 -0.00239607 -0.00193856 0.0101356
internal_weight=0 915.763 706.205 209.558 478.21 355.874 301.589 122.337 74.0272 99.7178 227.995 453.159 419.258 287.655 33.9009 180.609 160.187 109.27 178.384 20.4218 89.1141 34.3254 44.4505 36.4391 74.945 19.8976 22.6192 131.603 121.017 135.53
internal_count=5555 3699 2844 855 1926 1434 1211 492 299 400 918 1856 1719 1186 137 725 643 445 741 82 367 138 180 147 307 80 92 533 490 556
is_linear=0
shrinkage=0.01


Tree=40
num_leaves=31
num_cat=0
split_feature=2 0 0 0 0 0 0 0 1 0 1 1 0 1 13 1 1 1 0 0 1 1 0 13 1 13 0 0 0 0
split_gain=141.83 48.6648 60.8555 48.2704 13.1079 25.2707 22.1694 16.5102 12.7268 12.4537 12.0172 11.3239 10.2798 8.83127 8.27648 6.69196 5.77684 8.43631 5.38223 9.27714 5.34459 12.1523 5.76073 5.09057 4.53302 3.93404 4.42655 3.19163 3.12645 3.12168
threshold=75.500000000000014 4643066.5000000009 4583097.5000000009 5494016.0000000009 4378387.5000000009 4487724.5000000009 4496309.0000000009 4262097.0000000009 248877212578.50003 5556929.5000000009 1837832554337.5002 3784361550632.0005 4587470.5000000009 3784361566336.0005 3.9642362241409743 3507688970202.5005 1758355642406.0002 1058264179828.5001 5505757.0000000009 5498189.5000000009 3289799696373.0005 2883033188162.5005 4641159.0000000009 2.9783275132658455 3799450294316.0005 1.9947677634406549 4753603.0000000009 4587374.0000000009 4602513.5000000009 4244591.5000000009
decision_type=2 2 2 2 2 2 2 2 2 2 2 2 2 2 2 2 2 2 2 2 2 2 2 2 2 2 2 2 2 2
left_child=10 2 4 -3 7 -6 -7 29 -9 18 16 14 27 15 20 -14 17 25 19 -5 21 -12 -22 -19 -13 -1 -27 -4 -26 -2
right_child=1 3 12 9 5 6 -8 8 -10 -11 11 24 13 -15 -16 -17 -18 23 -20 -21 22 -23 -24 -25 28 26 -28 -29 -30 -31
leaf_value=-0.0047829510172625184 0.0040897109558751445 0.010050526072703896 -0.0058287113326427479 -0.0069643284816563126 0.010321895856457772 -0.001688347014497518 0.004521084783952016 0.01295003188501931 -0.002391506168253974 0.0050335570165363497 -0.0017678373952024278 -0.01464703073794278 -0.0017323145302078444 0.004170004123371116 -0.010036928449910599 -0.0065691084311653471 -0.01135096707379625 0.00043412530835913054 -0.010771714968561665 0.0031376594431043233 0.00073238911645928 -0.0088980916488595047 -0.0042841127441631969 -0.0093313472250914718 -0.0088736721145723889 -0.0094584530317041154 -0.00040556152445859881 -0.011870813242435449 -0.0006627797935159043 0.011529708024312775
leaf_weight=40.051328644156456 10.844506070017816 135.31156520545483 39.871005579829216 17.483149588108063 54.192342087626457 77.849759966135025 219.93835109472275 5.7374927103519431 93.962160140275955 29.565248936414719 91.732619598507881 9.6916929483413679 123.1772638708353 20.13806626200676 14.221094205975531 37.25664584338665 23.099065914750099 26.449357837438583 7.9963517487049094 18.938031435012817 83.926570296287537 32.325980469584465 31.477206781506538 6.687730833888053 15.756982430815698 64.881881326436996 5.8916727155446997 11.197881639003752 6.5713466852903357 11.749909102916716
leaf_count=163 44 556 162 71 223 312 884 23 377 119 372 42 494 81 60 150 97 108 33 76 338 134 127 28 65 271 24 46 27 48
internal_value=0 0.00226454 0.00100895 0.00649945 0.00306089 0.00404082 0.00289777 0.000240515 -0.00150863 4.68543e-06 -0.00457813 -0.00333234 -0.00319233 -0.00207202 -0.00262504 -0.00285554 -0.00670866 -0.00596379 -0.00334264 -0.00171157 -0.00218486 -0.00362577 -0.000635898 -0.00153674 -0.00893604 -0.00728749 -0.00870483 -0.00715356 -0.00645716 0.00795878
internal_weight=0 915.21 705.915 209.294 474.275 351.98 297.788 122.294 99.6997 73.9828 452.765 285.703 231.641 180.572 253.683 160.434 167.061 143.962 44.4175 36.4212 239.462 124.059 115.404 33.1371 32.02 110.825 70.7736 51.0689 22.3283 22.5944
internal_count=5555 3699 2844 855 1911 1419 1196 492 400 299 1856 1165 933 725 1031 644 691 594 180 147 971 506 465 136 134 458 295 208 92 92
is_linear=0
shrinkage=0.01


Tree=41
num_leaves=31
num_cat=0
split_feature=2 0 0 0 0 0 0 0 1 0 0 0 2 12 0 12 0 0 1 3 12 0 0 1 0 0 1 1 0 2
split_gain=139.116 47.7837 59.6942 47.4207 12.6023 25.1366 21.526 16.1976 12.5969 12.2126 11.864 13.5425 22.5557 13.3579 11.7283 10.699 8.73201 10.7421 7.67726 8.20868 8.11006 7.41788 6.78741 6.46333 5.28948 9.09952 4.70571 3.92844 3.87415 3.76596
threshold=75.500000000000014 4643066.5000000009 4586868.5000000009 5494016.0000000009 4378387.5000000009 4487724.5000000009 4493360.5000000009 4262097.0000000009 3743724172461.0005 5556929.5000000009 5496779.5000000009 4583087.5000000009 43.500000000000007 1.9915744832887996 4587470.5000000009 1.9696704931723785 4589803.5000000009 4589810.0000000009 641304924141.50012 39.500000000000007 1.993590124076418 4587345.5000000009 4588245.5000000009 2142597712867.0002 5505757.0000000009 5498189.5000000009 3507688974920.5005 3376693905145.5005 5496965.5000000009 44.500000000000007
decision_type=2 2 2 2 2 2 2 2 2 2 2 2 2 2 2 2 2 2 2 2 2 2 2 2 2 2 2 2 2 2
left_child=10 2 4 -3 7 -6 -7 -2 -9 24 11 18 21 -12 26 -14 22 -18 20 23 -1 -13 -16 -20 25 -5 -4 -23 -15 -21
right_child=1 3 14 9 5 6 -8 8 -10 -11 13 12 15 28 16 -17 17 -19 19 29 -22 27 -24 -25 -26 -27 -28 -29 -30 -31
leaf_value=-0.013959964088783767 0.0078879918077070215 0.0099665397270889914 -0.0060677937323739151 -0.0069006462673171075 0.010236598376532371 -0.0035970736390668325 0.0039440866935715095 -0.0028380357790829887 0.0079054528137587586 0.0049852093202168999 -0.0063329228767047474 -0.012911221576968408 -0.0025265360473198796 0.011183927769422605 -0.0024004274814204592 0.010185684009811506 -0.014054586935483513 -0.0022387997407668802 -0.012904757551597834 0.00083182168184650293 -0.002645790446530218 -0.0084024821930413791 0.0092169329623603361 -0.0029773445721308672 -0.010684509288565036 0.0031068209741699922 -0.013951142518181638 -0.0053488201419545061 0.0023316801556763534 -0.0032883429920713527
leaf_weight=11.469049021601679 22.569358870387077 135.08841666579247 37.821177467703819 17.468122258782387 54.097938537597656 44.388088434934616 257.05788254737854 87.216935962438583 12.47474145889282 29.553518116474152 13.985542848706244 26.257072582840919 48.390239998698235 9.1891027539968508 8.9767520427703857 7.6700249165296546 8.1043593436479551 152.027906909585 10.102278232574465 72.4591353982687 14.154176056385039 108.43983963131905 11.435846909880638 18.693876847624779 7.9810772836208335 18.934769257903099 9.4672450423240644 68.893935993313789 10.701474413275717 31.973463997244835
leaf_count=48 92 556 154 71 223 178 1033 350 50 119 57 111 196 37 36 31 33 610 42 293 58 451 46 76 33 76 39 284 43 129
internal_value=0 0.00224325 0.000999255 0.00644277 0.00300769 0.00396005 0.00283365 0.000238184 -0.00149367 4.62803e-06 -0.00453625 -0.004997 -0.00640402 0.00115578 -0.00321278 -0.000787282 -0.00205161 -0.0028368 -0.00269716 -0.00173305 -0.00771006 -0.00795063 0.00410802 -0.00646008 -0.00331174 -0.00169532 -0.00764606 -0.00721614 0.00642127 -0.000429623
internal_weight=0 914.664 705.638 209.026 477.805 355.544 301.446 122.261 99.6917 73.9375 452.379 418.503 259.651 33.8761 227.833 56.0603 180.545 160.132 158.852 133.229 25.6232 203.591 20.4126 28.7962 44.384 36.4029 47.2884 177.334 19.8906 104.433
internal_count=5555 3699 2844 855 1926 1434 1211 492 400 299 1856 1719 1073 137 918 227 725 643 646 540 106 846 82 118 180 147 193 735 80 422
is_linear=0
shrinkage=0.01


Tree=42
num_leaves=31
num_cat=0
split_feature=2 1 1 1 1 1 1 1 12 1 1 3 1 1 12 1 1 1 1 1 1 12 1 1 12 1 1 2 5 1
split_gain=136.459 13.1887 14.1218 17.665 11.6498 11.459 11.1185 9.39918 8.06869 5.68292 7.22524 7.46336 5.19978 11.9319 5.45475 5.17436 22.8154 8.22251 5.06493 4.91701 4.49159 3.83238 2.74068 2.54198 2.11492 2.03957 1.81211 3.53955 1.44705 1.57459
threshold=75.500000000000014 215631317547.00003 1861025326992.0002 1955339855810.5002 1837832554337.5002 1707115179210.0002 3784361550632.0005 308877337732.00006 3.9290280481443154 1758355645294.5002 1058264179828.5001 45.500000000000007 3289799696373.0005 2883033188162.5005 1.9929177889658176 4084856406127.0005 3784361550632.0005 4311020372865.5005 308877317530.00006 1335928483606.5002 3799450294316.0005 1.9895629315190633 1392992072781.5002 215631320312.50003 1.9611750976477826 1861025321321.0002 4311877336090.5005 13.500000000000002 26.500000000000004 3022918908347.0005
decision_type=2 2 2 2 2 2 2 2 2 2 2 2 2 2 2 2 2 2 2 2 2 2 2 2 2 2 2 2 2 2
left_child=4 -2 5 -4 9 7 8 18 12 10 21 -12 13 -6 -14 16 -5 -17 -3 -9 -8 24 -13 -23 -1 -7 27 -22 -10 -30
right_child=1 2 3 15 6 25 20 19 28 -11 11 22 14 -15 -16 17 -18 -19 -20 -21 26 23 -24 -25 -26 -27 -28 -29 29 -31
leaf_value=-0.0095365605739031918 0.0090431422067125001 0.00071301787843492672 0.012357969199133683 0.0026759949870359292 -0.00171549747447431 -0.006653481175649829 -0.014533204199938952 0.0014060405571857261 -0.0053572243070973699 -0.011540021736669091 -0.0094498727963713523 0.0028924404358325424 -0.0033205931203372048 -0.0087883847967370251 0.0011359442919014427 0.0079213089369456341 -0.0070564877578632992 0.00044920708179510592 -0.0057210449318396165 0.0068687204203490039 0.00081192053724256721 -0.0022409958093500162 -0.0042642959567379471 -0.0091411198455976696 -0.0036043855702254414 -0.0012747519156620698 -0.0099363657684548266 -0.0093936628410866661 -0.016239427866887726 -0.0080863249064794893
leaf_weight=7.3665073513984671 27.494612410664558 21.528912827372551 18.894803747534752 512.40398421883583 91.664184600114822 25.965109780430794 9.6388696432113665 162.29265064001083 4.6880597770214072 20.402226150035858 9.7570535540580732 18.390288159251217 45.083469718694687 32.24057599902153 70.279550969600677 40.867548704147339 25.275046810507774 23.024222627282143 28.341623574495316 18.339437663555145 7.0790706127882022 5.819135218858718 7.5467389076948157 64.704590260982513 32.634166866540909 9.6773745417594892 8.6699039936065656 6.5361216962337494 4.7223503142595273 4.752798393368721
leaf_count=30 112 87 77 2074 372 105 42 656 20 86 41 75 182 134 283 166 102 93 114 74 29 24 31 271 133 39 36 27 20 20
internal_value=0 0.00222219 0.00201066 0.00283723 -0.00449494 8.36788e-05 -0.00326814 0.000899622 -0.00256756 -0.00659596 -0.00590611 -0.00199449 -0.00213344 -0.00355589 -0.000605655 0.0025382 0.00221849 0.00522864 -0.00294349 0.00196066 -0.00882978 -0.00716937 0.000810088 -0.00857177 -0.00469685 -0.00519309 -0.0063629 -0.00408738 -0.00990142 -0.0121498
internal_weight=0 914.105 886.611 620.466 451.976 266.145 285.355 230.503 253.431 166.621 146.218 35.6941 239.268 123.905 115.363 601.571 537.679 63.8918 49.8705 180.632 31.924 110.524 25.937 70.5237 40.0007 35.6425 22.2851 13.6152 14.1632 9.47515
internal_count=5555 3699 3587 2512 1856 1075 1165 931 1031 691 605 147 971 506 465 2435 2176 259 201 730 134 458 106 295 163 144 92 56 60 40
is_linear=0
shrinkage=0.01


Tree=43
num_leaves=31
num_cat=0
split_feature=12 0 0 0 0 0 0 0 0 0 0 0 0 12 0 0 1 1 1 3 12 1 1 0 0 1 12 0 12 12
split_gain=133.83 46.8444 58.5387 46.6188 12.4162 24.6779 21.0602 15.8784 12.4332 12.0051 11.6162 13.2539 17.093 13.0822 11.483 11.23 19.8008 8.64742 7.42285 8.01182 8.00938 6.55322 6.31282 5.20095 8.90209 4.63754 4.15973 3.79761 3.67522 3.45784
threshold=1.9501783728997251 4643066.5000000009 4586868.5000000009 5494016.0000000009 4378387.5000000009 4487724.5000000009 4493360.5000000009 4262097.0000000009 4266423.5000000009 5556929.5000000009 5496779.5000000009 4583087.5000000009 4587555.5000000009 1.9915744832887996 4587470.5000000009 4641135.5000000009 1058264179828.5001 3784361566336.0005 641304924141.50012 39.500000000000007 1.993590124076418 3507688970202.5005 2142597712867.0002 5505757.0000000009 5498189.5000000009 3507688974920.5005 1.9709841250782696 5496965.5000000009 1.9703270868254663 1.9969586346790364
decision_type=2 2 2 2 2 2 2 2 2 2 2 2 2 2 2 2 2 2 2 2 2 2 2 2 2 2 2 2 2 2
left_child=1 2 4 -3 7 -6 -7 -1 -9 23 11 18 29 -12 25 16 -14 21 20 22 -2 -16 -20 24 -5 -4 -17 -15 -21 -13
right_child=10 3 14 9 5 6 -8 8 -10 -11 13 12 15 27 17 26 -18 -19 19 28 -22 -23 -24 -25 -26 -27 -28 -29 -30 -31
leaf_value=0.0077900811365228953 -0.013802466852665694 0.0098618281998871637 -0.0060255381491854925 -0.0068583408918112968 0.010131257356013121 -0.0035724895796652827 0.0038874962932101708 -0.0059823154581959475 0.0012808886510253595 0.0049181084589105051 -0.0062375784538821069 -0.011300897112308257 -0.0090878000332676716 0.011107885359619367 -0.0017179738719951862 -0.0033292662602138995 0.0026164821119036429 0.0041246921953425582 -0.012748911454532988 -0.0032249997631093423 -0.0025395264522189154 -0.0065056883380807153 -0.002922951457541977 -0.010626892318313446 0.003042633893483603 -0.013858816703310026 -0.0081427538393130921 0.0023417289928366019 0.00084622135494508675 -0.0077285706566059187
leaf_weight=22.534421190619469 11.414007127285005 134.79031521081924 37.795888975262642 17.457123816013336 53.974136337637901 44.378973096609116 256.95593993365765 38.229687392711639 61.453399747610092 29.535395339131355 13.965253680944441 48.197588935494423 21.079608604311943 9.1836596578359622 123.15160265564919 26.577338799834251 45.987845823168755 20.12531004846096 10.060057356953623 31.954784393310547 14.130289688706396 37.232184052467346 18.677969470620155 7.9704357087612143 18.9263995885849 9.4469606578350049 55.328415125608444 10.699368849396704 72.43934890627861 61.888357281684875
leaf_count=92 48 556 154 71 223 178 1033 154 246 119 57 200 87 37 494 108 188 81 42 129 58 150 76 33 76 39 229 43 293 261
internal_value=0 0.00220033 0.000968851 0.00636236 0.00295849 0.0039042 0.00278883 0.000209118 -0.00150464 -2.14305e-05 -0.00445389 -0.00491044 -0.00630448 0.00118046 -0.00320281 -0.00409637 -0.00106223 -0.00205409 -0.00263448 -0.00168708 -0.00757217 -0.00282941 -0.00636264 -0.00331068 -0.00170794 -0.00759193 -0.00658084 0.00639068 -0.000399969 -0.0092926
internal_weight=0 913.958 705.279 208.68 477.527 355.309 301.335 122.218 99.6831 73.8894 451.584 417.736 259.059 33.8483 227.752 148.973 67.0675 180.509 158.676 133.132 25.5443 160.384 28.738 44.354 36.3835 47.2428 81.9058 19.883 104.394 110.086
internal_count=5555 3699 2844 855 1926 1434 1211 492 400 299 1856 1719 1073 137 918 612 275 725 646 540 106 644 118 180 147 193 337 80 422 461
is_linear=0
shrinkage=0.01


Tree=44
num_leaves=31
num_cat=0
split_feature=2 0 0 0 0 0 0 0 1 0 1 0 2 0 12 0 0 0 2 2 0 0 0 0 0 0 1 1 1 0
split_gain=131.274 45.9997 57.3976 45.803 12.176 24.2831 38.589 15.5778 12.4371 11.7729 11.461 11.3979 13.304 20.3155 12.8287 11.278 8.54105 10.579 8.36225 7.26478 6.63737 6.40249 5.93746 5.11184 8.7319 4.67885 4.56977 4.2167 4.88754 5.1516
threshold=75.500000000000014 4643066.5000000009 4586868.5000000009 5494016.0000000009 4378387.5000000009 4492123.5000000009 4493360.5000000009 4262097.0000000009 248877212578.50003 5556929.5000000009 454237470018.00006 5496779.5000000009 28.500000000000004 4583087.5000000009 1.9915744832887996 4587470.5000000009 4589803.5000000009 4589810.0000000009 7.5000000000000009 9.5000000000000018 4588245.5000000009 4587692.0000000009 4546978.0000000009 5505757.0000000009 5498189.5000000009 4271267.5000000009 3507688974920.5005 1837832554337.5002 1955683351036.5002 4641135.5000000009
decision_type=2 2 2 2 2 2 2 2 2 2 2 2 2 2 2 2 2 2 2 2 2 2 2 2 2 2 2 2 2 2
left_child=11 2 4 -3 7 10 -7 -2 -9 23 -6 12 13 18 -13 26 20 -18 22 21 -17 -15 -1 24 -5 -20 -4 -14 -29 -30
right_child=1 3 15 9 5 6 -8 8 -10 -11 -12 14 27 19 -16 16 17 -19 25 -21 -22 -23 -24 -25 -26 -27 -28 28 29 -31
leaf_value=-0.00030775181367465195 0.0077207501951817902 0.0097801752697097115 -0.0059701291035770404 -0.0067958046490335941 -0.0035538678876626214 -0.0081088523395705017 0.0038494966789358593 0.012805860871260255 -0.0023627947136270542 0.0048709682111870954 0.010551660268547121 -0.006180387209692188 -0.004362191481507338 -0.0085977674816712073 0.0063287862131137665 -0.0023756051600466337 -0.013953523042362246 -0.0022173841444046837 -0.0099216991221915737 -0.010192461140224931 0.0091156152430578834 -0.0031993227825981474 0.01149116116324363 -0.010541558547256295 0.0030127577481124409 -0.0033876671962657324 -0.013754267406711205 0.0057143290469727015 8.1948529507535361e-05 -0.0060176472825916516
leaf_weight=29.313136860728264 22.509532779455185 134.55766423046589 37.765360310673714 17.441667437553406 6.3530170172452918 30.152122244238853 256.89781469106674 5.7354372441768637 93.92902347445488 29.523081913590431 61.742068603634834 13.953597590327261 54.386285558342934 48.286440968513489 19.876764893531799 8.9751227647066116 8.0893702954053861 151.9916033744812 13.345454052090643 88.494255051016808 11.425005659461021 40.308251142501831 4.9911745041608802 7.9546855241060248 18.92296202480793 61.289208725094795 9.4236977249383909 10.223004058003424 47.106665149331093 19.610944867134094
leaf_count=118 92 556 154 71 26 121 1033 23 377 119 254 57 222 202 80 36 33 610 55 374 46 165 20 33 76 252 39 41 190 80
internal_value=0 0.00217969 0.000959561 0.00630724 0.00293019 0.00386696 0.00259338 0.000207104 -0.00148988 -2.12433e-05 0.00923567 -0.00441329 -0.00486581 -0.00607561 0.00116928 -0.00317193 -0.00203387 -0.00281045 -0.00267768 -0.00816589 0.00406 -0.00614162 0.00140895 -0.00328016 -0.00169175 -0.00455602 -0.00752463 -0.0022309 -0.000724374 -0.00171096
internal_weight=0 913.389 704.989 208.4 477.319 355.145 287.05 122.174 99.6645 73.8424 68.0951 451.185 417.355 286.028 33.8304 227.67 180.481 160.081 108.939 177.089 20.4001 88.5947 34.3043 44.3193 36.3646 74.6347 47.1891 131.327 76.9406 66.7176
internal_count=5555 3699 2844 855 1926 1434 1154 492 400 299 280 1856 1719 1186 137 918 725 643 445 741 82 367 138 180 147 307 193 533 311 270
is_linear=0
shrinkage=0.01


Tree=45
num_leaves=31
num_cat=0
split_feature=2 0 0 0 0 0 0 0 1 0 1 1 0 1 1 1 0 14 1 2 0 14 0 0 0 3 1 1 1 1
split_gain=128.771 45.1719 56.293 45.0036 12.1869 23.6228 20.8792 15.2829 12.3097 11.5454 11.2214 11.1455 9.55298 8.46541 8.26938 13.369 7.43594 8.89626 6.42918 5.8087 6.32182 5.77874 5.02452 8.56508 4.84111 4.5171 4.48986 4.43354 3.86394 3.13356
threshold=75.500000000000014 4643066.5000000009 4583097.5000000009 5494016.0000000009 4378387.5000000009 4487724.5000000009 4496309.0000000009 4262097.0000000009 3743724172461.0005 5556929.5000000009 1955339848972.5002 3784361550632.0005 4587470.5000000009 3784361566336.0005 2142597722549.5002 3289799696373.0005 5496591.0000000009 1.9946835863402954 3507688970202.5005 9.5000000000000018 4583097.5000000009 3.9868352598116039 5505757.0000000009 5498189.5000000009 5496965.5000000009 49.500000000000007 2883033188162.5005 3799450294316.0005 1758355645294.5002 701677533073.50012
decision_type=2 2 2 2 2 2 2 2 2 2 2 2 2 2 2 2 2 2 2 2 2 2 2 2 2 2 2 2 2 2
left_child=10 2 4 29 7 -6 -7 -2 -9 22 16 14 -4 18 25 26 17 -1 -14 20 -19 -17 23 -5 -18 -12 -16 -13 -21 -3
right_child=1 3 12 9 5 6 -8 8 -10 -11 11 27 13 -15 15 21 24 19 -20 28 -22 -23 -24 -25 -26 -27 -28 -29 -30 -31
leaf_value=-0.0032693279058929364 0.0076521857524288056 0.013159222555517242 -0.0069205808495455129 -0.0067339382416376631 0.0099712300714346318 -0.0016811575148527956 0.0043465445961504206 -0.0028043368325509272 0.0078176698822806229 0.0048243176878978037 -0.0058015387756851109 -0.014364055248813202 -0.0016805051153117195 0.0041001449503760227 -0.00424217223878302 -0.00049133221890349291 0.0074313335316314759 -0.0005207291553699561 -0.0064242977124879166 -0.008967025658885016 -0.0082060521274819071 -0.010700928579413946 -0.010457309161463804 0.0029831824714049099 -0.0051095346522977191 0.0040282749284274097 -0.0088980260886612692 -0.0062176784315543807 -0.014637228640586669 0.0090252099736668791
leaf_weight=48.201334893703461 22.484235391020775 21.909222096204758 50.86643123626709 17.425968766212463 53.781008809804916 77.828907087445259 219.64046022295952 87.184889391064644 12.470832839608191 29.510543271899223 5.6579735428094855 9.554582744836809 123.11857922375202 20.120288252830505 51.408980041742325 116.72013233602047 6.1644144356250745 15.698041796684263 37.202394932508469 52.348436638712883 33.639663428068161 5.8203643709421149 7.9386654496192923 18.919473573565483 6.1482126414775848 26.90481424331665 34.688531622290611 22.210791498422623 15.599278435111044 112.41187493503094
leaf_count=196 92 91 208 71 223 312 884 350 50 119 23 42 494 81 210 471 25 64 150 222 141 25 33 76 25 108 145 92 67 465
internal_value=0 0.00215927 0.000950362 0.00625275 0.00292602 0.00387216 0.00276948 0.000205098 -0.00147511 -2.10584e-05 -0.00437327 -0.00309989 -0.00309298 -0.00201398 -0.00236658 -0.00309808 -0.00632822 -0.00688604 -0.0027813 -0.00837242 -0.00576077 -0.000976262 -0.00324997 -0.00167573 0.00116915 0.00232029 -0.00611801 -0.008668 -0.0102688 0.00969951
internal_weight=0 912.814 704.698 208.116 473.39 351.25 297.469 122.14 99.6557 73.7947 450.766 272.966 231.308 180.441 241.201 208.638 177.799 165.487 160.321 117.285 49.3377 122.54 44.2841 36.3454 12.3126 32.5628 86.0975 31.7654 67.9477 134.321
internal_count=5555 3699 2844 855 1911 1419 1196 492 400 299 1856 1116 933 725 982 851 740 690 644 494 205 496 180 147 50 131 355 134 289 556
is_linear=0
shrinkage=0.01


Tree=46
num_leaves=31
num_cat=0
split_feature=2 0 0 0 0 0 0 0 1 0 1 0 2 0 12 0 0 0 2 2 0 0 0 0 0 12 1 1 1 12
split_gain=126.319 44.3607 55.213 44.2206 11.7163 23.5839 37.5172 14.9939 12.2146 11.3224 11.2475 11.0821 12.9319 19.8735 12.5691 10.8982 8.36823 10.4063 8.11425 7.1478 6.49685 6.28536 5.82169 4.93896 8.40155 4.62291 4.51235 4.09701 4.75714 5.05576
threshold=75.500000000000014 4643066.5000000009 4586868.5000000009 5494016.0000000009 4378387.5000000009 4492123.5000000009 4493360.5000000009 4262097.0000000009 248877212578.50003 5556929.5000000009 454237470018.00006 5496779.5000000009 28.500000000000004 4583087.5000000009 1.9915744832887996 4587470.5000000009 4589803.5000000009 4589810.0000000009 7.5000000000000009 9.5000000000000018 4588245.5000000009 4587692.0000000009 4546978.0000000009 5505757.0000000009 5498189.5000000009 1.9895629315190633 3507688974920.5005 1837832554337.5002 1955683351036.5002 1.967048558543266
decision_type=2 2 2 2 2 2 2 2 2 2 2 2 2 2 2 2 2 2 2 2 2 2 2 2 2 2 2 2 2 2
left_child=11 2 4 -3 7 10 -7 -2 -9 23 -6 12 13 18 -13 26 20 -18 22 21 -17 -15 -1 24 -5 -20 -4 -14 -29 -30
right_child=1 3 15 9 5 6 -8 8 -10 -11 -12 14 27 19 -16 16 17 -19 25 -21 -22 -23 -24 -25 -26 -27 -28 28 29 -31
leaf_value=-0.00028893447136670687 0.0075843731736311643 0.0096198742016143576 -0.0058517924014418249 -0.0066727300082761011 -0.0035799352339788773 -0.0080151172581150436 0.0037790417292387153 0.012707876101275477 -0.00232568250234523 0.0047781505008246353 0.010400910932544905 -0.0061082262775718418 -0.0042848176323313988 -0.0084770287864661016 0.0062795356611032487 -0.0023280889485176584 -0.013827844018167942 -0.0021752248563132624 0.0018307595199239927 -0.010062942920074548 0.0090434053736583083 -0.003122245035917199 0.01139613339006244 -0.010374114818434947 0.0029539063993704253 -0.0054521557203949531 -0.013600178157099288 0.0056551911257994433 -0.0043862095877547106 0.0011216914841149007
leaf_weight=29.30786694586277 22.458545833826065 134.07998342812061 37.697881489992142 17.410037502646446 6.3476312309503546 30.136547222733498 256.76212517917156 5.7345242500305167 93.910749137401581 29.497788354754448 61.554708674550056 13.935269266366957 54.319834321737289 48.130083665251732 19.868767887353897 8.9727238416671753 8.070937365293501 151.95137026906013 10.079357385635374 88.126892641186714 11.417179316282272 40.253050446510315 4.9895816147327414 7.9223870337009421 18.915935650467873 64.424619659781456 9.3874829262495023 10.22151957452297 33.808167174458504 32.866471171379089
leaf_count=118 92 556 154 71 26 121 1033 23 377 119 254 57 222 202 80 36 33 610 41 374 46 165 20 33 76 266 39 41 137 133
internal_value=0 0.00213907 0.00094126 0.0061989 0.00287493 0.00379443 0.00254015 0.000203114 -0.00146051 -2.08751e-05 0.00909396 -0.00433375 -0.00478065 -0.00597558 0.00117284 -0.00311231 -0.00199416 -0.00276294 -0.00261399 -0.00804768 0.0040393 -0.00603826 0.00141101 -0.0032201 -0.00165988 -0.00446688 -0.0073966 -0.00218243 -0.000697291 -0.00167116
internal_weight=0 912.229 704.402 207.826 476.905 354.801 286.899 122.104 99.6453 73.7461 67.9023 450.331 416.527 285.311 33.804 227.498 180.412 160.022 108.801 176.51 20.3899 88.3831 34.2974 44.2484 36.326 74.504 47.0854 131.216 76.8962 66.6746
internal_count=5555 3699 2844 855 1926 1434 1154 492 400 299 280 1856 1719 1186 137 918 725 643 445 741 82 367 138 180 147 307 193 533 311 270
is_linear=0
shrinkage=0.01


Tree=47
num_leaves=31
num_cat=0
split_feature=12 0 0 0 0 0 0 0 0 0 1 1 0 1 1 1 0 12 1 12 0 0 0 3 1 1 1 1 0 0
split_gain=123.912 43.5652 54.1385 43.4526 11.7252 22.8845 20.2214 14.7106 12.2206 11.1038 10.9592 10.8996 9.22305 8.28743 8.02654 13.1214 7.21158 8.70148 6.30782 5.64185 4.85509 8.24125 4.74357 4.43284 4.41275 4.38328 4.13295 10.1792 3.13259 3.12138
threshold=1.9501783728997251 4643066.5000000009 4583097.5000000009 5494016.0000000009 4378387.5000000009 4487724.5000000009 4496309.0000000009 4262097.0000000009 4266423.5000000009 5556929.5000000009 1955339848972.5002 3784361550632.0005 4587470.5000000009 3784361566336.0005 2142597722549.5002 3289799696373.0005 5496591.0000000009 1.9789033726770087 3507688970202.5005 3.9477558332250813 5505757.0000000009 5498189.5000000009 5496965.5000000009 49.500000000000007 2883033188162.5005 3799450294316.0005 1758355645294.5002 758916134094.00012 4587374.0000000009 4265344.0000000009
decision_type=2 2 2 2 2 2 2 2 2 2 2 2 2 2 2 2 2 2 2 2 2 2 2 2 2 2 2 2 2 2
left_child=1 2 4 -3 7 -6 -7 -1 -9 20 16 14 28 18 23 24 17 29 -14 -17 21 -5 -18 -12 -16 -13 27 -19 -4 -2
right_child=10 3 12 9 5 6 -8 8 -10 -11 11 25 13 -15 15 19 22 26 -20 -21 -22 -23 -24 -25 -26 -27 -28 -29 -30 -31
leaf_value=0.0075172980145030059 0.0028889791626266108 0.0095411194266879478 -0.005485396591483286 -0.0066121681968164285 0.0098149842000128246 -0.0016648119827930223 0.0042680119204042194 -0.005888281451438577 0.0013150017985991255 0.0047324592620972645 -0.0057430590817544539 -0.014239701783286537 -0.0016438193413208489 0.0040755727616329732 -0.0041678886477975411 -0.0004519149692919511 0.0073562810660974514 -0.0094470098992418244 -0.0063442791915060935 -0.010564564072115753 -0.010291950462498622 0.0029249240769105458 -0.0050623410004117979 0.0039989578038144733 -0.0087889268348930443 -0.0061175375485325277 -0.011942876089490699 -0.0021952729067985315 -0.01149459251546832 -0.0042669211757828682
leaf_weight=22.432480677962303 7.1602504402399054 133.83606943488121 39.656310200691223 17.393883794546127 53.581488013267517 77.816722467541695 219.50161203742027 38.190783023834229 61.445116356015205 29.484825000166893 5.6522110849618903 9.4896788895130175 123.08446496725082 20.115024074912071 51.341888055205345 116.65744473040104 6.1607577502727491 65.239916890859604 37.171453639864922 5.7907050400972357 7.9058611989021292 18.912350624799728 6.1424748748540878 26.898024097084999 34.585015654563904 22.160630881786346 24.108284324407578 27.522340878844261 11.104093253612517 40.996659353375435
leaf_count=92 29 556 162 71 223 312 884 154 246 119 23 42 494 81 210 471 25 276 150 25 33 76 25 108 145 92 103 115 46 167
internal_value=0 0.00211908 0.000932253 0.00614563 0.00287068 0.00379934 0.00271522 0.00020115 -0.00144604 -2.06941e-05 -0.00429451 -0.00303565 -0.00303439 -0.00197468 -0.00231086 -0.00303226 -0.0062295 -0.00678013 -0.00273409 -0.000930153 -0.00319055 -0.00164418 0.0011562 0.0023073 -0.00602783 -0.0085528 -0.00825412 -0.00729544 -0.00679994 -0.00320294
internal_weight=0 911.633 704.1 207.533 472.968 350.9 297.318 122.068 99.6359 73.6969 449.906 272.576 231.131 180.371 240.925 208.375 177.331 165.027 160.256 122.448 44.2121 36.3062 12.3032 32.5502 85.9269 31.6503 116.871 92.7623 50.7604 48.1569
internal_count=5555 3699 2844 855 1911 1419 1196 492 400 299 1856 1116 933 725 982 851 740 690 644 496 180 147 50 131 355 134 494 391 208 196
is_linear=0
shrinkage=0.01


Tree=48
num_leaves=31
num_cat=0
split_feature=2 0 0 0 0 0 0 0 1 1 0 1 0 1 0 0 12 0 1 1 3 1 1 0 0 1 1 12 0 1
split_gain=121.554 42.7849 53.1083 42.6997 11.273 22.9109 36.4756 14.433 12.0674 11.0398 10.8895 10.7863 10.5296 10.4046 8.19907 10.2377 7.52289 6.35957 5.49002 7.97744 7.1085 5.09112 5.70679 4.77288 8.0841 4.45593 4.34127 3.65643 3.98285 3.15617
threshold=75.500000000000014 4643066.5000000009 4586868.5000000009 5494016.0000000009 4378387.5000000009 4492123.5000000009 4493360.5000000009 4262097.0000000009 3743724172461.0005 454237470018.00006 5556929.5000000009 1837832554337.5002 4587470.5000000009 3784361550632.0005 4589803.5000000009 4589810.0000000009 3.9290280481443154 4588245.5000000009 1758355642406.0002 1058264179828.5001 45.500000000000007 3704300940202.0005 2142597722549.5002 5505757.0000000009 5498189.5000000009 3507688974920.5005 3799450294316.0005 1.9895629315190633 4753603.0000000009 3155490930053.5005
decision_type=2 2 2 2 2 2 2 2 2 2 2 2 2 2 2 2 2 2 2 2 2 2 2 2 2 2 2 2 2 2
left_child=11 2 4 -3 7 9 -7 -2 -9 -6 23 18 25 16 17 -16 21 -14 19 27 -21 22 -13 24 -5 29 -15 -1 -29 -4
right_child=1 3 12 10 5 6 -8 8 -10 -11 -12 13 14 26 15 -17 -18 -19 -20 20 -22 -23 -24 -25 -26 -27 -28 28 -30 -31
leaf_value=-0.0044378651594698107 0.0074509459023717403 0.0094632857638559404 -0.0071623471639338486 -0.0065522424644085999 -0.0036047742660966363 -0.0079227618531683749 0.0037097659759376504 -0.0027483683043462628 0.007769687916298903 0.010253746509808901 0.0046872372165757134 0.0007313320436378852 -0.002281494108585714 -0.014160309521430414 -0.013704896372011555 -0.0021338927580894541 -0.0095256733364633001 0.0089718541170911246 -0.010851527768456801 -0.0092594124979848216 0.0014488908803151276 0.0019674268033470859 -0.0033566020736482223 -0.01021078964386327 0.0028962336783239944 -0.013449270374214235 -0.006063223360626784 -0.0089576817158481398 -0.0003460406439019896 0.00014306598105816607
leaf_weight=39.835595652461052 22.406056180596352 133.58871750533581 30.277443692088127 17.377518266439438 6.3422748744487754 30.119744479656219 256.62206861376762 87.147984355688095 12.468625560402868 61.360630616545677 29.471662253141403 42.933951318264008 8.9702476263046265 9.4476661235094088 8.0517477542161924 151.90988931059837 13.985466301441191 11.409007757902145 22.724199652671814 8.2813369482755643 24.656455099582672 28.743010386824608 166.90515907108784 7.8890983611345282 18.908720523118973 9.3492465168237668 22.135679617524147 63.963035926222801 5.8628665506839743 7.3493545800447455
leaf_count=163 92 556 124 71 26 121 1033 350 50 254 119 174 36 42 33 610 60 46 97 35 101 116 681 33 76 39 92 271 24 30
internal_value=0 0.00209931 0.00092335 0.00609295 0.00282076 0.00372326 0.00248787 0.000199216 -0.00143186 0.00895551 -2.05153e-05 -0.00425569 -0.00305371 -0.00307408 -0.00195526 -0.00271632 -0.0023974 0.00401852 -0.0062866 -0.00555914 -0.00124343 -0.00197955 -0.00252019 -0.0031613 -0.00162865 -0.00727066 -0.00848534 -0.00685541 -0.00823461 -0.00573544
internal_weight=0 911.02 703.784 207.236 476.467 354.445 286.742 122.023 99.6166 67.7029 73.647 449.474 227.317 284.151 180.341 159.962 252.568 20.3793 165.323 142.599 32.9378 238.582 209.839 44.1753 36.2862 46.976 31.5833 109.661 69.8259 37.6268
internal_count=5555 3699 2844 855 1926 1434 1154 492 400 280 299 1856 918 1165 725 643 1031 82 691 594 136 971 855 180 147 193 134 458 295 154
is_linear=0
shrinkage=0.01


Tree=49
num_leaves=31
num_cat=0
split_feature=2 0 0 0 0 0 0 0 1 1 0 2 0 12 0 0 1 2 2 1 0 1 0 0 1 1 1 0 0 0
split_gain=119.233 42.02 52.0753 41.9616 11.056 22.5132 35.7628 14.1607 12.0205 10.8462 10.6952 12.4305 19.5013 12.2991 10.6794 10.3429 8.11338 7.93314 7.06139 6.18906 6.13499 5.44432 4.69228 7.93003 4.39331 3.93879 4.58772 5.01008 3.66005 3.11517
threshold=75.500000000000014 4643066.5000000009 4586868.5000000009 5494016.0000000009 4378387.5000000009 4492123.5000000009 4493360.5000000009 4262097.0000000009 248877212578.50003 454237470018.00006 5496779.5000000009 28.500000000000004 4583087.5000000009 1.9915744832887996 5556929.5000000009 4587470.5000000009 3784361566336.0005 8.5000000000000018 9.5000000000000018 3507688970202.5005 4587692.0000000009 3144346128135.0005 5505757.0000000009 5498189.5000000009 3507688974920.5005 1837832554337.5002 1955683351036.5002 4641135.5000000009 5496965.5000000009 4234980.5000000009
decision_type=2 2 2 2 2 2 2 2 2 2 2 2 2 2 2 2 2 2 2 2 2 2 2 2 2 2 2 2 2 2
left_child=10 2 4 -3 7 9 -7 29 -9 -6 11 12 17 -12 22 24 19 -1 20 -17 -14 -19 23 -5 -4 -13 -27 -28 -15 -2
right_child=1 3 15 14 5 6 -8 8 -10 -11 13 25 18 28 -16 16 -18 21 -20 -21 -22 -23 -24 -25 -26 26 27 -29 -30 -31
leaf_value=0.00072365127658469499 0.0023083584069738925 0.0093863524401266146 -0.0056830587948569289 -0.0064929419399093538 -0.0035674848050107019 -0.0078474069392333902 0.0036735885951042803 0.012639710486415878 -0.0022761928830572317 0.010167855636975349 -0.0060155468134286847 -0.0041727405646067471 -0.0083077604379316189 0.010885280065961754 0.0046424790316581714 -0.0016078990000544962 0.0040509810865641347 -0.0065827378917450363 -0.0099002079843385753 -0.0062655958626945977 -0.0030083779362814491 -6.3205516199325216e-05 -0.010130607305588029 0.0028678308795888423 -0.01335159780299143 0.0055858204856421012 0.00015814201092972913 -0.0058640229676442572 0.0022733763948946969 0.010127089565283702
leaf_weight=44.828601434826851 7.8477216213941601 133.33807460963726 37.59405605494976 17.36094956099987 6.3444717228412619 30.104953780770302 256.55810457468033 5.7328125089406958 93.872636303305626 61.26067341864109 13.91090841591358 54.21806475520134 47.894861459732056 9.1609067767858523 29.458309903740883 123.04932793974876 20.109523802995682 45.982076540589333 87.633148998022079 37.139426589012146 40.165766522288322 17.754626870155334 7.8721089512109748 18.905047729611397 9.3235923796892148 10.220070779323576 47.057896211743355 19.555463671684265 10.698142886161802 14.531567364931105
leaf_count=181 32 556 154 71 26 121 1033 23 377 254 57 222 202 37 119 494 81 192 374 150 165 72 33 76 39 41 190 80 43 60
internal_value=0 0.00207974 0.00091453 0.00604086 0.00279382 0.00368788 0.00246367 0.000197293 -0.0014177 0.00887885 -0.00421687 -0.00465693 -0.00583161 0.00119509 -2.03382e-05 -0.00302453 -0.00193617 -0.0024996 -0.00789054 -0.00268778 -0.00589063 -0.00476664 -0.00313236 -0.00161328 -0.00720697 -0.00210896 -0.000652637 -0.00160977 0.00624602 0.0073853
internal_weight=0 910.403 703.469 206.934 476.253 354.268 286.663 121.985 99.6054 67.6051 449.081 415.311 284.259 33.77 73.5964 227.216 180.298 108.565 175.694 160.189 88.0606 63.7367 44.1381 36.266 46.9176 131.051 76.8334 66.6134 19.859 22.3793
internal_count=5555 3699 2844 855 1926 1434 1154 492 400 280 1856 1719 1186 137 299 918 725 445 741 644 367 264 180 147 193 533 311 270 80 92
is_linear=0
shrinkage=0.01


Tree=50
num_leaves=31
num_cat=0
split_feature=2 0 0 0 0 0 0 0 0 1 1 0 0 0 0 1 1 0 12 0 2 0 12 0 0 0 3 1 1 1
split_gain=116.965 41.2703 51.0717 41.2378 11.0666 21.8453 19.346 13.8947 11.9875 10.5324 10.4984 10.4735 8.7585 8.03351 10.0731 7.69151 12.7794 6.92734 8.40228 6.22543 5.69188 6.13762 5.43755 4.6276 4.61325 7.77899 4.34526 4.34009 4.29018 3.81621
threshold=75.500000000000014 4643066.5000000009 4583097.5000000009 5494016.0000000009 4378387.5000000009 4487724.5000000009 4496309.0000000009 4262097.0000000009 4266423.5000000009 1955339848972.5002 3784361550632.0005 5556929.5000000009 4587470.5000000009 4589803.5000000009 4589810.0000000009 2142597722549.5002 3289799696373.0005 5496591.0000000009 1.9789033726770087 4588245.5000000009 9.5000000000000018 4583097.5000000009 3.9477558332250813 5496965.5000000009 5505757.0000000009 5498189.5000000009 49.500000000000007 2883033188162.5005 3799450294316.0005 1758355645294.5002
decision_type=2 2 2 2 2 2 2 2 2 2 2 2 2 2 2 2 2 2 2 2 2 2 2 2 2 2 2 2 2 2
left_child=9 2 4 -3 7 -6 -7 -2 -9 17 15 24 -4 19 -15 26 27 18 -1 -14 21 -20 -18 -19 25 -5 -11 -17 -12 -22
right_child=1 3 12 11 5 6 -8 8 -10 10 28 -13 13 14 -16 16 22 23 20 -21 29 -23 -24 -25 -26 -27 -28 -29 -30 -31
leaf_value=-0.0031062017167971406 0.0073209096183630721 0.0093102982683073137 -0.0066257558632135385 -0.0064342562790559842 0.0095897244199349366 -0.0016488305821186211 0.0041555577448087024 -0.0058059490540276672 0.0013304099819160329 -0.0056879963669291926 -0.014041518251386364 0.0045981773138263566 -0.0022358003285985703 -0.013584578208732467 -0.0020933696301159216 -0.0040570740436315653 -0.00039831294289355447 0.007289244834406447 -0.00031781197357055039 0.0089009516864094647 -0.0086676390336333665 -0.00790824704044483 -0.010363692469209467 -0.0049841183489345861 -0.010051381300192386 0.0028397132814385862 0.0039622037040170964 -0.0086471340308217678 -0.0059695036049526367 -0.014338879160192122
leaf_weight=48.087252140045166 22.350558623671532 133.08429382741451 50.590807750821114 17.344187080860138 53.273672878742218 77.792069494724274 219.29014393687248 38.156965509057045 61.438504204154015 5.6456130445003501 9.3810421228408831 29.444775626063347 8.9676993042230606 8.0318365246057493 151.86725625395775 51.243891298770905 116.58047406375408 6.1535921394824964 15.650058701634405 11.400499954819679 51.846309140324593 33.362305104732513 5.7452262192964545 6.134647861123085 7.854902818799018 18.901334300637245 26.890059992671013 34.447377249598503 22.085832327604294 15.386501580476759
leaf_count=196 92 556 208 71 223 312 884 154 246 23 42 119 36 33 610 210 471 25 64 46 222 141 25 25 33 76 108 145 92 67
internal_value=0 0.00206035 0.000905788 0.00598933 0.00278998 0.00369306 0.00263566 0.000195393 -0.00140367 -0.00417884 -0.00294421 -2.01631e-05 -0.002949 -0.00191714 -0.00267058 -0.00223368 -0.00294086 -0.00608032 -0.00662188 0.00399767 -0.00807622 -0.00548456 -0.000866353 0.00116202 -0.00310372 -0.00159806 0.00228769 -0.00590225 -0.00837597 -0.00996553
internal_weight=0 909.79 703.16 206.629 472.302 350.356 297.082 121.946 99.5955 448.64 272.02 73.5452 230.858 180.267 159.899 240.553 208.017 176.621 164.332 20.3682 116.245 49.0124 122.326 12.2882 44.1004 36.2455 32.5357 85.6913 31.4669 67.2328
internal_count=5555 3699 2844 855 1911 1419 1196 492 400 1856 1116 299 933 725 643 982 851 740 690 82 494 205 496 50 180 147 131 355 134 289
is_linear=0
shrinkage=0.01


Tree=51
num_leaves=31
num_cat=0
split_feature=2 0 0 0 0 0 0 0 0 0 2 0 12 0 0 0 0 2 2 0 0 0 0 0 0 0 0 0 0 0
split_gain=114.744 40.5343 50.0977 40.528 10.6392 21.8756 34.7724 13.6331 11.7552 10.3997 12.0851 19.0807 12.0532 10.2716 9.99734 7.87601 9.9028 7.69067 6.9505 6.10664 6.02448 5.70269 4.64781 4.53575 7.63091 3.56042 3.08091 9.13984 3.07854 3.00959
threshold=75.500000000000014 4643066.5000000009 4586868.5000000009 5494016.0000000009 4378387.5000000009 4492123.5000000009 4493360.5000000009 4262097.0000000009 4266423.5000000009 5496779.5000000009 28.500000000000004 4583087.5000000009 1.9915744832887996 5556929.5000000009 4587470.5000000009 4589803.5000000009 4589810.0000000009 7.5000000000000009 9.5000000000000018 4588245.5000000009 4587692.0000000009 4546978.0000000009 4271267.5000000009 5505757.0000000009 5498189.5000000009 5496965.5000000009 5494016.0000000009 4753603.0000000009 4244591.5000000009 5408068.0000000009
decision_type=2 2 2 2 2 2 2 2 2 2 2 2 2 2 2 2 2 2 2 2 2 2 2 2 2 2 2 2 2 2
left_child=9 2 4 29 7 -6 -7 28 -9 10 11 17 -11 23 -4 19 -17 21 20 -16 -13 -1 -19 24 -5 -14 27 -12 -2 -3
right_child=1 3 14 13 5 6 -8 8 -10 12 26 18 25 -15 15 16 -18 22 -20 -21 -22 -23 -24 -25 -26 -27 -28 -29 -30 -31
leaf_value=-0.00020551911258206952 0.0033992980119084653 0.010324930543289642 -0.0070855215320069376 -0.0063761751075762573 0.008745124772071405 -0.0077573583628780573 0.0036065196854886323 -0.0057509161404980837 0.0013171035807418646 -0.0059461306198217356 -0.0022193962008859071 -0.0081926312098280166 0.010778703717686633 0.0045543265740180241 -0.0022137199965160197 -0.013478088496268919 -0.0020726692790968395 -0.0096184497677583441 -0.0097767960206026176 0.0088184322183710914 -0.0029351326566869631 0.011361730269501333 -0.0030825533002376438 -0.0099730864446437219 0.0028118773619594762 0.0022813969047097904 -0.0072531033019531781 0.010840083852432908 0.010831843583959033 0.0071560661996874402
leaf_weight=29.282020404934883 10.737878248095514 87.14583794772625 46.807050243020058 17.327240288257599 67.39635606110096 30.086000025272369 256.41154189407825 38.136983007192612 61.438594937324524 13.891951724886892 114.79711902141571 47.733016327023506 9.1489554643630999 29.431066691875458 8.9665811806917191 8.0144298821687681 151.85023175179958 13.246600911021231 87.252554938197136 11.392152011394501 40.109448924660683 4.9880889952182761 60.90620981156826 7.837490275502204 18.897580817341805 10.695757374167441 10.518988505005835 5.6214612275362006 11.585276350378988 45.681674629449844
leaf_count=118 44 365 193 71 280 121 1033 154 246 57 467 202 37 119 36 33 610 55 374 46 165 20 252 33 76 43 43 23 48 191
internal_value=0 0.00204121 0.000897166 0.00593836 0.00274141 0.00361904 0.00241316 0.000193518 -0.00138992 -0.00414123 -0.00457583 -0.00573628 0.00119786 -1.99898e-05 -0.00296786 -0.00189844 -0.00264445 -0.00243955 -0.0077777 0.00395955 -0.00579202 0.00147812 -0.00425012 -0.00307537 -0.001583 0.00619889 -0.00206311 -0.00160974 0.00725664 0.0092351
internal_weight=0 909.144 702.823 206.321 475.793 353.894 286.498 121.899 99.5756 448.192 414.456 283.518 33.7367 73.4934 227.03 180.223 159.865 108.423 175.095 20.3587 87.8425 34.2701 74.1528 44.0623 36.2248 19.8447 130.938 120.419 22.3232 132.828
internal_count=5555 3699 2844 855 1926 1434 1154 492 400 1856 1719 1186 137 299 918 725 643 445 741 82 367 138 307 180 147 80 533 490 92 556
is_linear=0
shrinkage=0.01


Tree=52
num_leaves=31
num_cat=0
split_feature=2 0 0 0 0 0 0 0 1 1 1 1 0 0 1 1 1 0 12 1 2 0 12 0 0 0 1 1 1 1
split_gain=112.56 39.8129 49.1243 39.832 10.4337 21.4952 34.094 13.3775 11.8314 10.6671 10.3486 10.2691 10.0737 9.81921 7.93352 7.51884 12.5531 6.7467 8.07229 6.07351 5.83136 5.75068 5.31062 4.93533 4.45974 7.48572 4.35119 4.25885 4.25137 3.79214
threshold=75.500000000000014 4643066.5000000009 4586868.5000000009 5494016.0000000009 4378387.5000000009 4492123.5000000009 4493360.5000000009 4262097.0000000009 248877212578.50003 454237470018.00006 1955339848972.5002 3784361550632.0005 5556929.5000000009 4587470.5000000009 3784361566336.0005 2142597722549.5002 3289799696373.0005 5496779.5000000009 1.9789033726770087 3507688970202.5005 9.5000000000000018 4583097.5000000009 3.9477558332250813 5496996.5000000009 5505757.0000000009 5498189.5000000009 3507688974920.5005 2883033188162.5005 3799450294316.0005 1758355645294.5002
decision_type=2 2 2 2 2 2 2 2 2 2 2 2 2 2 2 2 2 2 2 2 2 2 2 2 2 2 2 2 2 2
left_child=10 2 4 -3 7 9 -7 -2 -9 -6 17 15 24 26 19 -12 27 18 -1 -15 21 -20 -18 -19 25 -5 -4 -17 -13 -22
right_child=1 3 13 12 5 6 -8 8 -10 -11 11 28 -14 14 -16 16 22 23 20 -21 29 -23 -24 -25 -26 -27 -28 -29 -30 -31
leaf_value=-0.0030986567937503142 0.0071935296594979291 0.009160779254168366 -0.0055059966233326416 -0.0063186886247609134 -0.0036815676140663799 -0.007684013239110157 0.0035713916394832378 0.012573531941953573 -0.0022282322785431006 0.0099534624268634384 0.0022938181572837312 -0.013926856843111212 0.0045109206616132614 -0.0015537153702734827 0.0040420426712755317 -0.0039878825871086064 -0.00035936046759702287 0.0084321346149480031 -0.00030106895280723582 -0.0061701601410798787 -0.0085470607022977846 -0.0076361214409359284 -0.010233170922351337 -0.0054253886929958349 -0.0098957011285756534 0.0027843199262186404 -0.01315771546729856 -0.0085402819583180085 -0.0058682220793399844 -0.01421632848426998
leaf_weight=49.53328612446785 22.294007658958435 132.56747324764729 37.48076981306076 17.310118362307549 6.3337572067975989 30.069525465369225 256.34457290172577 5.7299885749816886 93.825217485427856 60.965523287653923 32.522511959075928 9.3140465468168276 29.417192697525024 122.98547515273094 20.098652541637421 51.176111653447151 116.51487149298191 5.4179564863443357 15.644332513213156 37.094315677881241 51.635905548930168 33.739881694316864 5.7143832296133033 4.8894209265708923 7.8198811262845984 18.893790915608406 9.2697582989931089 34.338995397090912 22.031407341361046 15.292982697486876
leaf_count=202 92 556 154 71 26 121 1033 23 377 254 131 42 119 494 81 210 471 22 64 150 222 143 25 20 33 76 39 145 92 67
internal_value=0 0.00202225 0.000888617 0.00588794 0.00271532 0.00358469 0.00238973 0.000191667 -0.0013763 0.00867022 -0.00410375 -0.00287946 -1.98183e-05 -0.00293951 -0.00187993 -0.00217714 -0.00287708 -0.0059915 -0.00647939 -0.00262346 -0.00791912 -0.00531246 -0.000820974 0.00185866 -0.00304731 -0.00156809 -0.00702319 -0.00581592 -0.00826278 -0.00984247
internal_weight=0 908.5 702.492 206.008 475.563 353.713 286.414 121.849 99.5552 67.2993 447.766 271.612 73.441 226.929 180.178 240.267 207.744 176.154 165.846 160.08 116.313 49.3842 122.229 10.3074 44.0238 36.2039 46.7505 85.5151 31.3455 66.9289
internal_count=5555 3699 2844 855 1926 1434 1154 492 400 280 1856 1116 299 918 725 982 851 740 698 644 496 207 496 42 180 147 193 355 134 289
is_linear=0
shrinkage=0.01


Tree=53
num_leaves=31
num_cat=0
split_feature=2 0 0 0 0 0 0 0 1 1 0 1 0 1 12 1 1 1 3 1 1 0 0 1 12 0 1 1 1 0
split_gain=110.422 39.1057 48.1822 39.1492 10.4452 20.8751 18.5207 13.1258 11.832 10.1856 9.87972 9.80486 8.31631 7.77678 7.09021 5.95901 5.29526 6.93146 7.01346 4.89948 5.36622 4.38518 7.34336 4.21265 3.50738 3.7036 3.13991 4.26627 3.47272 3.07788
threshold=75.500000000000014 4643066.5000000009 4583097.5000000009 5494016.0000000009 4378387.5000000009 4487724.5000000009 4496309.0000000009 4262097.0000000009 3743724172461.0005 1837832554337.5002 5556929.5000000009 3784361550632.0005 4587470.5000000009 3784361566336.0005 3.9290280481443154 3507688970202.5005 1758355645294.5002 1058264179828.5001 45.500000000000007 3704300940202.0005 2142597722549.5002 5505757.0000000009 5498189.5000000009 3799450294316.0005 1.9895629315190633 4753603.0000000009 701677533073.50012 1861025323351.0002 1707115179210.0002 4587374.0000000009
decision_type=2 2 2 2 2 2 2 2 2 2 2 2 2 2 2 2 2 2 2 2 2 2 2 2 2 2 2 2 2 2
left_child=9 2 4 26 7 -6 -7 -2 -9 16 21 14 29 15 19 -14 17 24 -19 20 -11 22 -5 -13 -1 -26 -3 28 -28 -4
right_child=1 3 12 10 5 6 -8 8 -10 11 -12 23 13 -15 -16 -17 -18 18 -20 -21 -22 -23 -24 -25 25 -27 27 -29 -30 -31
leaf_value=-0.0042599090279348984 0.0071305891950491571 0.012579794435584784 -0.0051508523190713683 -0.0062617874613038298 0.0093735525998133971 -0.0016344518048104194 0.0040463321170192083 -0.0026670789540609681 0.0077496466896048192 0.00076670006412586297 0.0044679533074902045 -0.013852797255944965 -0.0015382945953031993 0.0040017851315818434 -0.0092229831480272334 -0.0061120965549347119 -0.01088146360310587 -0.0088429312407280712 0.0011835842890515343 0.0020157164278767361 -0.0032014130497789368 -0.0098192038752350549 0.0027570379153315206 -0.0058163120303937896 -0.008689935879211878 -0.00037024640768456695 0.0066597720905461491 0.0092448560707606622 -0.003332448025669637 -0.011133020665467248
leaf_weight=39.712014973163605 22.26602591574192 21.548841699957848 39.421146884560585 17.292829051613808 52.958897903561592 77.762405097484589 219.07048572599888 87.079559698700905 12.465099886059759 42.85553465783596 29.403158813714981 9.2704216390848178 122.97623126208782 20.097839146852493 13.828300818800924 37.072344899177551 19.918466553092003 9.5675041079521161 25.760134145617485 28.720172792673111 166.43268723785877 7.8020839095115653 18.889965936541557 22.005883678793907 63.401242360472679 5.8438771814107886 12.179733991622927 93.708166018128395 4.868377447128295 11.000805184245108
leaf_count=163 92 91 162 71 223 312 884 350 50 174 119 42 494 81 60 150 86 41 106 116 681 33 76 92 271 24 51 394 20 46
internal_value=0 0.00200344 0.000880138 0.00583805 0.00271175 0.00358998 0.00255812 0.000189819 -0.00136268 -0.00406685 -1.96487e-05 -0.00291765 -0.00286623 -0.00186146 -0.00226182 -0.00259773 -0.00604826 -0.00538104 -0.00153182 -0.00185737 -0.00238887 -0.00301954 -0.00155333 -0.00819836 -0.00662908 -0.0079878 0.00908725 0.00840773 0.00380632 -0.00645601
internal_weight=0 907.864 702.171 205.693 471.602 349.792 296.833 121.811 99.5447 447.316 73.388 283.113 230.568 180.146 251.837 160.049 164.203 144.285 35.3276 238.008 209.288 43.9849 36.1828 31.2763 108.957 69.2451 132.305 110.756 17.0481 50.422
internal_count=5555 3699 2844 855 1911 1419 1196 492 400 1856 299 1165 933 725 1031 644 691 605 147 971 855 180 147 134 458 295 556 465 71 208
is_linear=0
shrinkage=0.01


Tree=54
num_leaves=31
num_cat=0
split_feature=12 1 1 1 1 1 1 1 1 1 3 1 1 1 12 1 1 1 1 3 1 1 1 3 1 1 1 12 12 12
split_gain=108.318 12.8408 13.6793 15.1559 11.9533 10.0356 9.94514 9.18811 7.27513 12.2756 5.4188 5.49392 9.74977 5.19136 5.16176 4.91587 4.51176 21.2934 8.08888 4.27507 4.21881 4.19831 4.17478 3.50838 3.50014 2.55123 2.34987 2.05819 2.55893 1.89309
threshold=1.9501783728997251 215631317547.00003 1861025325735.5002 1955339855810.5002 1707115179210.0002 1955339848972.5002 3784361550632.0005 308877337732.00006 2142597722549.5002 3289799696373.0005 32.500000000000007 641304924141.50012 215631320312.50003 308877317530.00006 3.9477558332250813 1335928483606.5002 4084856406127.0005 3784361550632.0005 4311020372865.5005 49.500000000000007 1955339837508.5002 2883033188162.5005 3799450294316.0005 60.500000000000007 1392992072781.5002 641304926193.00012 308877327367.00006 2.9628705879494346 4.8921892208752729 1.967048558543266
decision_type=2 2 2 2 2 2 2 2 2 2 2 2 2 2 2 2 2 2 2 2 2 2 2 2 2 2 2 2 2 2
left_child=1 -1 4 20 7 10 8 13 19 21 25 12 -12 -3 -11 -9 17 -5 -18 -7 -4 -10 -8 -13 -25 26 -2 -27 -29 -21
right_child=5 2 3 16 -6 6 22 15 9 14 11 23 -14 -15 -16 -17 18 -19 -20 29 -22 -23 -24 24 -26 27 -28 28 -30 -31
leaf_value=0.0087509499831267892 -0.0083599533075086538 0.00058795847530113241 0.0036310341191608869 0.0024421427242501039 -0.0057165005595109387 -0.0056510130485962276 -0.01377995995074115 0.0011761981462863921 -0.0039172504301818187 -0.00033593854655236108 0.0026802944530815941 0.0028748570756462577 -0.010615513429439023 -0.0059430765276260837 -0.010097233501504486 0.0066542508661024194 0.0075054583644825514 -0.0069799284187038622 6.4518005656984953e-05 0.00040413051031558959 0.013778226839664247 -0.0084419748678872183 -0.005764895433123726 -0.0027448343735870036 -0.0072807190898730393 -0.0050299561715981371 0.00091026739042379581 -0.012769543769575486 -0.0064359395631778003 0.005924754962334783
leaf_weight=27.20776841044426 6.5432553142309171 21.387583449482918 5.6342523247003582 508.31805001199245 33.492481455206871 5.6408287435770026 9.2264488637447375 161.15787766873837 51.116944745182991 116.48981043696404 6.8064573407173148 7.957274302840232 29.073012068867683 28.242073118686676 5.6815209537744513 18.234812811017036 40.485912248492241 25.173521757125854 22.857609704136848 9.7408811599016207 15.020217716693876 34.244033396244049 21.98025980591774 57.780984297394753 24.111170157790184 7.092215195298194 4.6974723041057587 22.718690365552906 8.869451090693472 17.14312256872654
leaf_count=112 28 87 23 2074 136 23 42 656 210 471 28 33 123 114 25 74 166 102 93 39 62 145 92 238 101 30 20 100 39 69
internal_value=0 0.00198485 0.00177566 0.00258859 -0.000136514 -0.00402984 -0.00282401 0.000679509 -0.00213365 -0.00282282 -0.00589206 -0.00478531 -0.00809325 -0.00312857 -0.000789883 0.00173303 0.00229714 0.00199755 0.00482038 0.00226378 0.0110102 -0.00573242 -0.0081346 -0.00346435 -0.00408032 -0.00867949 -0.00448595 -0.00989815 -0.0109912 0.00392447
internal_weight=0 907.212 880.004 617.49 262.515 446.914 271.264 229.022 240.057 207.532 175.65 125.729 35.8795 49.6297 122.171 179.393 596.835 533.492 63.3435 32.5248 20.6545 85.361 31.2067 89.8494 81.8922 49.9211 11.2407 38.6804 31.5881 26.884
internal_count=5555 3699 3587 2520 1067 1856 1116 931 982 851 740 523 151 201 496 730 2435 2176 259 131 85 355 134 372 339 217 48 169 139 108
is_linear=0
shrinkage=0.01


Tree=55
num_leaves=31
num_cat=0
split_feature=2 0 0 0 0 0 0 0 1 1 0 12 0 2 12 0 0 0 0 0 1 12 3 0 1 0 0 1 2 1
split_gain=106.241 38.3412 47.2675 38.5049 10.0934 20.8533 33.0868 12.8717 11.5622 10.4556 9.94709 11.7737 11.6891 20.1306 10.482 9.71669 9.46508 7.70012 9.76842 7.04827 6.61955 7.73303 7.282 5.96018 5.92286 4.31368 7.18436 4.30398 3.72877 3.63439
threshold=75.500000000000014 4643066.5000000009 4586868.5000000009 5494016.0000000009 4378387.5000000009 4492123.5000000009 4493360.5000000009 4262097.0000000009 3743724172461.0005 454237470018.00006 5496779.5000000009 1.9915744832887996 4583087.5000000009 43.500000000000007 1.9696704931723785 5556929.5000000009 4587470.5000000009 4589803.5000000009 4589810.0000000009 4587345.5000000009 641304924141.50012 1.993590124076418 39.500000000000007 4588245.5000000009 2142597712867.0002 5505757.0000000009 5498189.5000000009 3524617709013.5005 44.500000000000007 3376693905145.5005
decision_type=2 2 2 2 2 2 2 2 2 2 2 2 2 2 2 2 2 2 2 2 2 2 2 2 2 2 2 2 2 2
left_child=10 2 4 -3 7 9 -7 -2 -9 -6 12 -12 20 19 -15 25 27 23 -19 -14 21 -1 24 -18 -22 26 -5 -4 -24 -21
right_child=1 3 16 15 5 6 -8 8 -10 -11 11 -13 13 14 -16 -17 17 18 -20 29 22 -23 28 -25 -26 -27 -28 -29 -30 -31
leaf_value=-0.013190176403930616 0.0070442310434810172 0.0089953187194270774 -0.0055560050466670176 -0.006224120564705584 -0.0037119061238300058 -0.0076013398688595758 0.0034908840315326884 -0.0026621096985386949 0.0076366821502088095 0.0097967113590497756 -0.0058389453691336073 0.006175536140393555 -0.012139910241498065 -0.0021575692564050793 0.010452510879878188 0.0044091181880866253 -0.0021672666114324933 -0.013375600625572167 -0.0020334915310015224 -0.0076624925227735735 -0.012135799515881965 -0.002029384531895685 0.0010990020511349521 0.0087358396806192905 -0.0025442473643760054 -0.0097689353478778683 0.0026993001947808915 -0.013694471790529362 -0.0030089891013812598 -0.0046989395549699607
leaf_weight=11.15913635492325 22.225812524557114 131.95283667743206 38.83918696641922 17.280337631702423 6.3265940248966208 30.046150162816048 256.14184226095676 87.072204172611237 12.461090803146361 60.723935231566429 13.859221756458281 19.822577252984047 25.471440121531487 48.117207795381546 7.6382967978715888 29.382285371422768 8.9631864726543427 7.9932946711778632 151.78263938426971 106.19555827975273 9.8567586839199084 13.992500990629194 72.149094566702843 11.378418952226639 18.561990290880203 7.7898782193660727 18.880307555198669 7.8037046939134589 31.849535897374153 67.802093490958214
leaf_count=48 92 556 160 71 26 121 1033 350 50 254 57 80 111 196 31 119 36 33 610 451 42 58 293 46 76 33 76 33 129 284
internal_value=0 0.00196537 0.000853376 0.00576669 0.00264656 0.0035024 0.00232634 0.000163679 -0.00137275 0.0085221 -0.00399351 0.00123188 -0.00441987 -0.00574207 -0.000430035 -4.28203e-05 -0.00290283 -0.00186317 -0.00260092 -0.00722689 -0.00227821 -0.00698114 -0.00138493 0.00393157 -0.00587098 -0.00301908 -0.001565 -0.00691763 -0.000159068 -0.00650768
internal_weight=0 907.044 701.758 205.286 474.998 353.239 286.188 121.759 99.5333 67.0505 446.475 33.6818 412.794 255.225 55.7555 73.3328 226.76 180.118 159.776 199.469 157.569 25.1516 132.417 20.3416 28.4187 43.9505 36.1606 46.6429 103.999 173.998
internal_count=5555 3699 2844 855 1926 1434 1154 492 400 280 1856 137 1719 1073 227 299 918 725 643 846 646 106 540 82 118 180 147 193 422 735
is_linear=0
shrinkage=0.01


Tree=56
num_leaves=31
num_cat=0
split_feature=2 0 0 0 0 0 0 0 0 0 12 0 2 12 0 0 0 0 0 2 0 12 0 0 0 2 0 0 12 0
split_gain=104.222 37.6613 46.3501 37.8475 9.89989 20.4968 32.4425 12.6299 11.5365 9.76192 11.5449 11.4902 19.7921 10.266 9.52971 9.29843 7.54931 9.60504 6.9658 6.31392 5.8469 5.74431 5.58082 5.02246 4.85969 4.69244 4.24187 7.04788 3.12794 3.05433
threshold=75.500000000000014 4643066.5000000009 4586868.5000000009 5494016.0000000009 4378387.5000000009 4492123.5000000009 4493360.5000000009 4262097.0000000009 4266423.5000000009 5496779.5000000009 1.9902329949527153 4583087.5000000009 43.500000000000007 1.9696704931723785 5556929.5000000009 4587470.5000000009 4589803.5000000009 4589810.0000000009 4587345.5000000009 7.5000000000000009 4588245.5000000009 1.9909035121068848 4546978.0000000009 5496965.5000000009 4271267.5000000009 44.500000000000007 5505757.0000000009 5498189.5000000009 1.9909035121068848 4234980.5000000009
decision_type=2 2 2 2 2 2 2 2 2 2 2 2 2 2 2 2 2 2 2 2 2 2 2 2 2 2 2 2 2 2
left_child=9 2 4 -3 7 -6 -7 29 -9 11 -11 19 18 -14 26 -4 20 -18 -13 22 -17 25 -1 -12 -23 -21 27 -5 -20 -2
right_child=1 3 15 14 5 6 -8 8 -10 10 23 12 13 -15 -16 16 17 -19 28 21 -22 24 -24 -25 -26 -27 -28 -29 -30 -31
leaf_value=-0.00012457861132624578 0.0019453887051655795 0.0089235811881145464 -0.0068575368798934055 -0.0061681748119891888 0.0084505345600401471 -0.0075298577801684178 0.0034569246548114834 -0.0056820531068983004 0.0013223707748114481 -0.006578978462265103 0.010744878642010814 -0.012059885139759963 -0.0021365411850393576 0.010337981196589758 0.0043671752816470772 -0.0021458701976712442 -0.013272638469727156 -0.002013389415603483 -0.0089159751434175136 0.0022437738351437728 0.0086554039296051731 -0.010795782453410469 0.011320999680920039 0.001067642205367329 -0.0039829261972241566 -0.0034767763649132246 -0.0096938687275400538 0.0026728657176207336 -0.005721253320513005 0.0097143679734868777
leaf_weight=29.25429579615593 7.8044674396514919 131.68482612073421 46.581517055630684 17.26278917491436 66.94279819726944 30.028159469366074 256.07184986770153 38.100422635674477 61.420401319861412 12.137556150555609 10.121050253510477 25.384491488337517 48.104939624667168 7.6456512510776511 29.367903709411621 8.9620365351438522 7.9748418033123007 151.76518400013447 39.733720198273659 24.920740619301796 11.369363218545914 13.147758930921553 4.9862481802701941 11.408183962106703 51.40961392223835 33.770119071006775 7.7717894464731208 18.87638296186924 134.01628597080708 14.392743393778799
leaf_count=118 32 556 193 71 280 121 1033 154 246 50 41 111 196 31 119 36 33 610 167 102 46 55 20 46 214 137 33 76 568 60
internal_value=0 0.00194717 0.000845261 0.00571804 0.00262142 0.00346931 0.00230379 0.000162105 -0.00135919 -0.00395747 0.00122009 -0.00438017 -0.00569228 -0.000425782 -4.24377e-05 -0.00287518 -0.00184502 -0.00257549 -0.00716671 -0.00225661 0.00389423 -0.00331198 0.00154217 0.00561698 -0.00537043 -0.00104777 -0.00299161 -0.00155028 -0.00645183 0.00698282
internal_weight=0 906.377 701.414 204.964 474.761 353.043 286.1 121.718 99.5208 446.041 33.6668 412.374 254.885 55.7506 73.2789 226.653 180.071 159.74 199.134 157.489 20.3314 123.248 34.2405 21.5292 64.5574 58.6909 43.911 36.1392 173.75 22.1972
internal_count=5555 3699 2844 855 1926 1434 1154 492 400 1856 137 1719 1073 227 299 918 725 643 846 646 82 508 138 87 269 239 180 147 735 92
is_linear=0
shrinkage=0.01


Tree=57
num_leaves=31
num_cat=0
split_feature=2 0 0 0 0 0 0 1 0 1 1 0 0 1 12 1 1 1 3 1 1 0 0 1 1 1 1 1 1 0
split_gain=102.24 36.9942 45.4601 37.2024 9.90944 19.9208 17.7237 12.6662 13.416 9.69341 9.44264 9.34639 7.8696 7.60785 6.79144 5.83878 5.18449 6.7862 6.79881 4.7278 5.18533 4.17142 6.91405 4.15263 3.38339 3.70944 3.1114 4.17949 3.37333 3.0771
threshold=75.500000000000014 4643066.5000000009 4583097.5000000009 5494016.0000000009 4378387.5000000009 4487724.5000000009 4496309.0000000009 4223680114997.5005 4262097.0000000009 1837832554337.5002 3784361550632.0005 5556929.5000000009 4587470.5000000009 3784361566336.0005 3.9290280481443154 3507688970202.5005 1758355645294.5002 1058264179828.5001 45.500000000000007 3704300940202.0005 2142597722549.5002 5505757.0000000009 5498189.5000000009 3799450294316.0005 215631320312.50003 308877311092.50006 701677533073.50012 1861025323351.0002 1707115179210.0002 4602513.5000000009
decision_type=2 2 2 2 2 2 2 2 2 2 2 2 2 2 2 2 2 2 2 2 2 2 2 2 2 2 2 2 2 2
left_child=9 2 4 26 7 -6 -7 8 -2 16 14 21 -4 15 19 -14 17 24 -19 20 -11 22 -5 -12 -1 -26 -3 28 -28 -25
right_child=1 3 12 11 5 6 -8 -9 -10 10 23 -13 13 -15 -16 -17 -18 18 -20 -21 -22 -23 -24 29 25 -27 27 -29 -30 -31
leaf_value=-0.00052904218975526301 0.0066035082134075088 0.012343716638346618 -0.0063026398527246483 -0.0061127892530263303 0.0091460173232521379 -0.0016334928774485002 0.0039256939770488464 0.015066674473264917 -0.0021542784747094999 0.0008190383239187202 -0.013659997021232866 0.0043256518553651873 -0.0015067080122708348 0.0039751949389461409 -0.0090013280478213626 -0.0060363815728274074 -0.010665230716466148 -0.0086198866475248968 0.0012848870610910575 0.0020432135866444378 -0.0030849361711515824 -0.0096196370518891496 0.0026466937175625271 -0.0080629458645499405 -0.013441467852627422 -0.0063915957829733094 0.0064352819761112146 0.0090066777749752622 -0.0034260752279880991 0.00015516883736361247
leaf_weight=8.8908532410860044 21.450973346829414 21.376157686114311 50.254477635025978 17.24509634077549 52.602342799305916 77.722077801823616 218.79511848092079 5.4453977644443503 94.770099326968193 42.788362577557564 9.1496980786323565 29.35338918864727 122.9168259203434 20.077688068151474 13.707037463784216 37.029835909605026 19.746328324079514 9.4878610521554929 25.707726627588272 28.704121306538582 166.06600348651409 7.7535363733768454 18.872431039810181 15.445471972227098 8.1277777105569822 91.329709589481354 12.110488101840021 93.06658661365509 4.8612837493419638 6.4624430090188971
leaf_count=37 89 91 208 71 223 312 884 22 381 174 42 119 494 81 60 150 86 41 106 116 681 33 76 65 35 386 51 394 20 27
internal_value=0 0.00192914 0.000837229 0.0056699 0.00261818 0.00347464 0.00246854 0.000160558 -0.00053785 -0.00392169 -0.00280001 -4.20592e-05 -0.00280377 -0.00182705 -0.00215704 -0.00255539 -0.00586102 -0.00520014 -0.0013852 -0.00176213 -0.00228512 -0.00296442 -0.00153571 -0.00800184 -0.00643937 -0.00696772 0.00885261 0.00817442 0.00361066 -0.00563875
internal_weight=0 905.704 701.065 204.639 470.786 349.12 296.517 121.666 116.221 445.613 282.323 73.2245 230.279 180.024 251.266 159.947 163.29 143.544 35.1956 237.558 208.854 43.8711 36.1175 31.0576 108.348 99.4575 131.415 110.038 16.9718 21.9079
internal_count=5555 3699 2844 855 1911 1419 1196 492 470 1856 1165 299 933 725 1031 644 691 605 147 971 855 180 147 134 458 421 556 465 71 92
is_linear=0
shrinkage=0.01


Tree=58
num_leaves=31
num_cat=0
split_feature=12 0 0 0 1 1 0 0 0 1 0 1 0 0 1 1 1 0 12 1 12 0 1 3 1 1 0 0 1 1
split_gain=100.292 36.3417 44.5925 36.5718 9.53905 9.57377 9.52734 19.9214 31.5455 12.428 13.1608 10.2879 9.16666 8.98874 7.45761 7.00137 11.9277 6.31768 7.6009 5.72899 4.97132 4.76226 4.26718 4.1831 4.12809 4.11594 4.10229 6.78282 4.08066 9.60217
threshold=1.9501783728997251 4643066.5000000009 4586868.5000000009 5494016.0000000009 1955339848972.5002 3784361550632.0005 4378387.5000000009 4492123.5000000009 4493360.5000000009 4223680114997.5005 4262097.0000000009 454237470018.00006 5556929.5000000009 4587470.5000000009 3784361566336.0005 2142597722549.5002 3289799696373.0005 5496779.5000000009 1.9789033726770087 3507688970202.5005 3.9477558332250813 5496996.5000000009 3507688974920.5005 49.500000000000007 2883033188162.5005 3799450294316.0005 5505757.0000000009 5498189.5000000009 1758355645294.5002 758916134094.00012
decision_type=2 2 2 2 2 2 2 2 2 2 2 2 2 2 2 2 2 2 2 2 2 2 2 2 2 2 2 2 2 2
left_child=1 2 6 -3 17 15 9 11 -9 10 -1 -8 26 22 19 23 24 18 -2 -15 -18 -19 -4 -6 -17 -7 27 -5 29 -20
right_child=4 3 13 12 5 25 7 8 -10 -11 -12 -13 -14 14 -16 16 20 21 28 -21 -22 -23 -24 -25 -26 -27 -28 -29 -30 -31
leaf_value=0.0065456601093108278 -0.0029013151837150764 0.0087827483658881392 -0.0052393464124895085 -0.0060579565936976776 -0.0055575317427827746 -0.013590289773092939 -0.003818886649294825 -0.0074439143067388455 0.0033939642541276453 0.014932982231811099 -0.002132932764683989 0.0095944744837799471 0.0042845429404843307 -0.0014917555127297519 0.0039356534901357895 -0.0037843554224889181 -0.00026259989780461236 0.0083620002386228694 -0.0087410085265782408 -0.0059797546497149107 -0.0098856086483418999 -0.0052696168973424004 -0.012851782181463331 0.0039237497725170137 -0.0082805288248986326 -0.0055892702657483941 -0.0095462182985079688 0.0026207825794016064 -0.011310631184715798 -0.0016504365411014021
leaf_weight=21.424277767539024 49.377986043691635 131.13676007091999 37.293183028697968 17.227265372872353 5.6279061436653128 9.1048871874809283 6.3159699141979209 30.005344972014427 255.91441664099693 5.4392383694648734 94.761382982134819 60.409401446580887 29.338748410344124 122.90743531286716 20.076620534062386 50.98228856921196 116.37078166007996 5.4047439247369748 64.391144350171089 37.006811961531639 5.6280990839004508 4.8739469796419144 9.1753612756729108 26.871914505958557 34.064396053552628 21.881030395627022 7.7351283729076377 18.868452414870262 23.483386233448982 27.152407974004745
leaf_count=89 202 556 154 71 23 42 26 121 1033 22 381 254 119 494 81 210 471 22 278 150 25 20 39 108 145 92 33 76 103 115
internal_value=0 0.00191128 0.000829261 0.0056224 -0.00388598 -0.00270977 0.00257242 0.00340479 0.0022566 0.000159017 -0.000532627 0.00832482 -4.16841e-05 -0.00282142 -0.00180912 -0.00203319 -0.00271053 -0.00570757 -0.00618309 -0.00253035 -0.000706532 0.00189816 -0.00674245 0.0022819 -0.00558524 -0.00794029 -0.0029375 -0.00152129 -0.00759186 -0.0066379
internal_weight=0 905.036 700.729 204.306 445.215 270.531 474.27 352.645 285.92 121.625 116.186 66.7254 73.1696 226.459 179.991 239.545 207.046 174.684 164.405 159.914 121.999 10.2787 46.4685 32.4998 85.0467 30.9859 43.8308 36.0957 115.027 91.5436
internal_count=5555 3699 2844 855 1856 1116 1926 1434 1154 492 470 280 299 918 725 982 851 740 698 644 496 42 193 131 355 134 180 147 496 393
is_linear=0
shrinkage=0.01


Tree=59
num_leaves=31
num_cat=0
split_feature=2 0 0 0 0 12 0 2 12 0 0 0 0 0 0 0 0 0 0 2 0 12 0 0 2 0 0 0 12 0
split_gain=98.3899 35.6998 43.7269 35.9506 9.41518 11.337 11.253 19.265 10.073 9.34496 19.5828 30.9321 11.9364 11.2793 8.99043 8.83172 7.39329 9.46439 6.85251 6.17506 5.71298 5.54221 5.46118 4.79436 4.64135 4.03444 6.65413 3.3432 3.1177 3.03497
threshold=75.500000000000014 4643066.5000000009 4586868.5000000009 5494016.0000000009 5496779.5000000009 1.9915744832887996 4583087.5000000009 43.500000000000007 1.9696704931723785 4378387.5000000009 4492123.5000000009 4493360.5000000009 4262097.0000000009 4266423.5000000009 5556929.5000000009 4587470.5000000009 4589803.5000000009 4589810.0000000009 4587345.5000000009 7.5000000000000009 4588245.5000000009 1.9909035121068848 4546978.0000000009 4271267.5000000009 44.500000000000007 5505757.0000000009 5498189.5000000009 5496965.5000000009 1.9909035121068848 4244591.5000000009
decision_type=2 2 2 2 2 2 2 2 2 2 2 2 2 2 2 2 2 2 2 2 2 2 2 2 2 2 2 2 2 2
left_child=4 2 9 -3 6 -6 19 18 -9 12 -11 -12 29 -14 25 -4 20 -18 -8 22 -17 24 -1 -23 -21 26 -5 -7 -20 -2
right_child=1 3 15 14 5 27 7 8 -10 10 11 -13 13 -15 -16 16 17 -19 28 21 -22 23 -24 -25 -26 -27 -28 -29 -30 -31
leaf_value=-5.6563515602341726e-05 0.0029625342704405573 0.0087132530230586459 -0.0066841530598724351 -0.0060036676675014194 -0.0057132961794238426 0.010536540428820991 -0.011900901356727609 -0.0020686990089350109 0.010288842587394476 0.008255443732533313 -0.0073742767444730083 0.0033609780729229898 -0.0055967458771266701 0.0013314348159621078 0.0042438436356030214 -0.0020810578287665249 -0.013150877948596842 -0.0019570728477887765 -0.008784044389024602 0.002289489505527628 0.0085993854740027305 -0.010638043447610643 0.011268018018199813 -0.003856889832967939 -0.0034029161682875919 -0.0094735962456867478 0.0025951279835507734 0.0022927376479716694 -0.0055883177866885778 0.010377556831775612
leaf_weight=29.230536088347435 10.655399888753893 130.86223776638508 46.405469685792923 17.209305569529533 13.822902768850325 9.116145923733713 25.197236582636833 48.049131706357002 7.6458476334810248 66.613891184329987 29.985905990004539 255.8421668857336 38.064052447676659 61.410201460123062 29.323986649513245 8.9577158093452454 7.9491274803876868 151.69093927741051 39.580330371856689 24.894511684775352 11.359000772237778 13.088489532470701 4.9845080226659766 51.256207466125488 33.732198283076286 7.7165729999542227 18.864449143409729 10.685650721192358 133.47675324976444 11.452837094664572
leaf_count=118 44 556 193 71 57 37 111 196 31 280 121 1033 154 246 119 36 33 610 167 102 46 55 20 214 137 33 76 43 568 48
internal_value=0 0.00189359 0.000821376 0.00557523 -0.0038511 0.00123652 -0.00426719 -0.00556878 -0.000372247 0.00254804 0.0033727 0.00223475 0.000157492 -0.00131965 -4.1313e-05 -0.00279442 -0.00179137 -0.00251446 -0.00702863 -0.00216434 0.00389034 -0.00320983 0.00159322 -0.00523626 -0.000985764 -0.00291085 -0.001507 0.00608793 -0.00631922 0.00680377
internal_weight=0 904.363 700.387 203.977 444.76 33.6247 411.136 253.949 55.695 474.024 352.442 285.828 121.582 99.4743 73.1143 226.362 179.957 159.64 198.254 157.186 20.3167 122.971 34.215 64.3447 58.6267 43.7903 36.0738 19.8018 173.057 22.1082
internal_count=5555 3699 2844 855 1856 137 1719 1073 227 1926 1434 1154 492 400 299 918 725 643 846 646 82 508 138 269 239 180 147 80 735 92
is_linear=0
shrinkage=0.01


Tree=60
num_leaves=31
num_cat=0
split_feature=12 0 0 0 1 0 0 0 1 0 1 0 0 1 12 1 1 1 3 1 1 1 0 0 1 1 1 1 1 0
split_gain=96.5208 35.0696 42.8911 35.3408 9.35799 9.35507 19.0488 16.9717 12.196 12.676 9.11215 8.81765 7.47546 7.30188 6.56053 5.62233 5.06052 6.58128 6.6797 4.58153 4.99822 4.08828 3.96784 6.52794 3.31955 3.65436 3.08989 4.13852 3.32456 3.0276
threshold=1.9501783728997251 4643066.5000000009 4583097.5000000009 5494016.0000000009 1837832554337.5002 4378387.5000000009 4487724.5000000009 4496309.0000000009 4223680114997.5005 4262097.0000000009 3784361550632.0005 5556929.5000000009 4587470.5000000009 3784361566336.0005 3.9290280481443154 3507688970202.5005 1758355645294.5002 1058264179828.5001 45.500000000000007 3704300940202.0005 2142597722549.5002 3799450294316.0005 5505757.0000000009 5498189.5000000009 215631320312.50003 308877311092.50006 701677533073.50012 1861025323351.0002 1707115179210.0002 4587374.0000000009
decision_type=2 2 2 2 2 2 2 2 2 2 2 2 2 2 2 2 2 2 2 2 2 2 2 2 2 2 2 2 2 2
left_child=1 2 5 26 16 8 -7 -8 9 -1 14 22 29 15 19 -14 17 24 -19 20 -6 -12 23 -5 -2 -26 -3 28 -28 -4
right_child=4 3 12 11 10 6 7 -9 -10 -11 21 -13 13 -15 -16 -17 -18 18 -20 -21 -22 -23 -24 -25 25 -27 27 -29 -30 -31
leaf_value=0.0064283362557823942 -0.0004364302900036877 0.012136935175188879 -0.004845661448183671 -0.0059499143706625932 0.00083810194342825376 0.0089438490320112186 -0.0016187761020955943 0.0038230280467099597 0.014801956809764812 -0.0020984847477099832 -0.013495259340987007 0.0042035484718275671 -0.0014590338750252625 0.0039114325195931396 -0.0088341977990349339 -0.0059069083571929607 -0.010491392259951772 -0.0085042502272059239 0.0013307209769220193 0.0020508062980532588 -0.002997039044258023 -0.0054984197889492836 -0.0094017521417253565 0.0025697280197291891 -0.013271795929825943 -0.0062501310580422298 0.0062307345993051809 0.0087983973660840618 -0.0035751469257771702 -0.01080488955762168
leaf_weight=21.366776525974274 8.8692623525857908 21.216743141412735 39.180827155709267 17.191223159432411 42.743557289242744 52.269772961735725 77.680784836411476 218.5613779425621 5.4315558075904837 94.731601640582085 9.0408980995416659 29.309111431241035 122.86825448274612 20.069985806941986 13.611976578831671 36.970299899578094 19.601643085479736 9.4456601738929731 25.68180750310421 28.696562141180038 165.78885705769062 21.827950343489647 7.6978785097599021 18.860422253608704 8.0695460587739927 90.950628936290741 12.044179603457453 92.47518116235733 4.849672242999076 10.896460071206091
leaf_count=89 37 91 162 71 174 223 312 884 22 381 42 119 494 81 60 150 86 41 106 116 681 92 33 76 35 386 51 394 20 46
internal_value=0 0.00187611 0.000813583 0.00552853 -0.00381633 0.00254503 0.00337811 0.00239608 0.000155992 -0.000529206 -0.00271372 -4.09455e-05 -0.00272512 -0.00177394 -0.0020828 -0.00248782 -0.00572643 -0.00507335 -0.00131387 -0.00169541 -0.00221094 -0.00784054 -0.00288446 -0.00149286 -0.00629739 -0.00682235 0.00864447 0.00796696 0.00341579 -0.00614235
internal_weight=0 903.672 700.028 203.644 444.328 470.042 348.512 296.242 121.53 116.098 281.71 73.0586 229.986 179.909 250.841 159.839 162.619 143.017 35.1275 237.229 208.532 30.8688 43.7495 36.0516 107.889 99.0202 130.586 109.369 16.8939 50.0773
internal_count=5555 3699 2844 855 1856 1911 1419 1196 492 470 1165 299 933 725 1031 644 691 605 147 971 855 134 180 147 458 421 556 465 71 208
is_linear=0
shrinkage=0.01


Tree=61
num_leaves=31
num_cat=0
split_feature=12 0 0 0 1 1 0 0 0 1 0 1 0 0 0 0 1 1 0 12 0 12 0 1 1 1 1 1 0 0
split_gain=94.683 34.453 42.0652 34.7449 9.2052 9.23659 8.99288 19.0373 30.0765 11.9691 12.4352 10.1251 8.64823 8.53584 7.24472 9.31733 6.73826 11.6552 6.10722 7.51942 5.59361 4.81293 4.346 4.23398 4.06266 4.05332 3.92469 9.61605 3.90246 6.40418
threshold=1.9501783728997251 4643066.5000000009 4586868.5000000009 5494016.0000000009 1955339848972.5002 3784361550632.0005 4378387.5000000009 4492123.5000000009 4493360.5000000009 4223680114997.5005 4262097.0000000009 454237470018.00006 5556929.5000000009 4587470.5000000009 4589803.5000000009 4589810.0000000009 2142597722549.5002 3289799696373.0005 5496591.0000000009 1.9789033726770087 4588245.5000000009 3.9477558332250813 5496965.5000000009 3524617709013.5005 2883033188162.5005 3799450294316.0005 1758355645294.5002 758916134094.00012 5505757.0000000009 5498189.5000000009
decision_type=2 2 2 2 2 2 2 2 2 2 2 2 2 2 2 2 2 2 2 2 2 2 2 2 2 2 2 2 2 2
left_child=1 2 6 -3 18 16 9 11 -9 10 -1 -8 28 23 20 -16 -6 24 19 -2 -15 -19 -20 -4 -18 -7 27 -21 29 -5
right_child=4 3 13 12 5 25 7 8 -10 -11 -12 -13 -14 14 15 -17 17 21 22 26 -22 -23 -24 -25 -26 -27 -28 -29 -30 -31
leaf_value=0.0063722046661106903 -0.002762652726801317 0.0085767861285269489 -0.0052203497725107351 -0.0058966883642013416 0.0022718312503180542 -0.013428148894265343 -0.003921694120594614 -0.0072903547587862176 0.0032996238049016881 0.014673536657014074 -0.0020776993429913603 0.0093985838610347455 0.0041636518742252443 -0.0020392109526207614 -0.013041828846825644 -0.0019199765734967866 -0.0036869503836761564 -0.00021093757669331394 0.0071972361194240801 -0.0086730471728730055 0.0085320765836094173 -0.0097155746724857592 -0.0047300490379844603 -0.013340305123490895 -0.0081545905861456942 -0.0054499758068118024 -0.01114713179466055 -0.0015567073193115757 -0.0093306677146114091 0.0025445795499202846
leaf_weight=21.339578926563263 47.82379686832428 130.30177909135818 38.58330138027668 17.173026010394096 32.486175730824471 8.995449513196947 6.3053713887929908 29.961343035101891 255.68098041415215 5.4243368506431571 94.722564697265625 60.08573605120182 29.294128730893135 8.9549052715301514 7.926172509789466 151.64382323622704 50.883522495627403 116.28733892738819 6.1177710890769941 63.530323341488838 11.348856493830681 5.5834907591342917 6.1021213382482529 7.7037389427423468 33.924529492855072 21.801886692643166 23.308041542768478 27.08280348777771 7.6790528744459143 18.856373950839043
leaf_count=89 196 556 160 71 131 42 26 121 1033 22 381 254 119 36 33 610 210 471 25 276 46 25 25 33 145 92 103 115 33 76
internal_value=0 0.00185878 0.000805853 0.00548246 -0.00378162 -0.00262566 0.00250039 0.00330996 0.00218883 0.000154498 -0.000524071 0.00813352 -4.05818e-05 -0.00274205 -0.00175654 -0.00247242 -0.0019619 -0.00262737 -0.00557545 -0.00609045 0.00386965 -0.000646391 0.00124123 -0.00657179 -0.00547408 -0.00778028 -0.00748745 -0.00654609 -0.00285833 -0.00147886
internal_weight=0 902.985 699.681 203.304 443.927 269.962 473.52 352.033 285.642 121.486 116.062 66.3911 73.0026 226.161 179.874 159.57 239.165 206.679 173.965 161.745 20.3038 121.871 12.2199 46.287 84.8081 30.7973 113.921 90.6131 43.7085 36.0294
internal_count=5555 3699 2844 855 1856 1116 1926 1434 1154 492 470 280 299 918 725 643 982 851 740 690 82 496 50 193 355 134 494 391 180 147
is_linear=0
shrinkage=0.01


Tree=62
num_leaves=23
num_cat=0
split_feature=12 12 3 12 12 12 12 12 3 12 3 3 12 12 12 12 12 12 12 12 3 12
split_gain=92.888 9.06442 5.59412 4.88637 5.0661 5.3593 4.53647 7.66071 3.70115 2.81058 2.36606 3.1397 2.28057 1.70784 1.56451 1.45866 1.41045 0.943105 0.626057 0.43528 0.375311 0.211209
threshold=1.9501783728997251 2.958035499889569 4.5000000000000009 1.9956098621939431 1.9855520618694149 1.993590124076418 2.9798049978181558 3.9065053212666627 14.500000000000002 1.957927491985145 9.5000000000000018 50.500000000000007 2.946455993625511 2.9737965749324107 2.9625298341582007 1.9835527274496287 1.9902329949527153 2.986179366187661 2.9484244095352081 1.9540448462414644 8.5000000000000018 1.994262914445758
decision_type=2 2 2 2 2 2 2 2 2 2 2 2 2 2 2 2 2 2 2 2 2 2
left_child=-1 3 -3 4 9 16 13 17 -9 19 -5 18 -13 14 -4 -11 -6 -8 -12 -2 -15 -7
right_child=1 2 6 10 5 21 7 8 -10 15 11 12 -14 20 -16 -17 -18 -19 -20 -21 -22 -23
leaf_value=0.0018416407380411018 -0.008496719398418515 0.0029300360066444255 -0.012778948078735076 -0.0061170205634795841 -0.0083369931968304903 -0.0016868588942436119 -0.0020419766390184593 -0.01008052071730093 -0.003316888009435315 -0.0019149127075085946 0.0013928835531187866 -0.00053005258259627432 -0.007606966150298297 -0.014228355549916256 -0.0067174752185639869 0.0029711772165062493 -0.0055813070789466155 0.0022886172053762808 0.005803301658529058 -0.0049726368715255331 -0.010903901069177737 -0.003013896216731789
leaf_weight=902.28139059245586 5.1444910168647793 6.1207019537687293 5.431385129690173 7.2357403337955466 30.239058077335358 17.163166522979736 13.045121237635614 25.158432304859161 11.925572022795675 108.27981549501419 5.1325355172157279 47.907928377389908 5.0318865031003943 6.228029191493988 19.712787210941315 6.47523209452629 48.146591246128082 8.1834857463836652 8.6305204927921277 10.997250929474829 7.4676148742437345 39.818226307630539
leaf_count=3699 21 26 23 30 128 71 55 112 52 443 21 197 21 27 84 27 206 34 36 45 32 165
internal_value=0 -0.00374766 -0.00634249 -0.00295996 -0.0035915 -0.00494791 -0.00692667 -0.00516312 -0.00790545 -0.00218878 -0.000685673 -9.64962e-05 -0.00120271 -0.00957441 -0.00802681 -0.00163921 -0.00664438 -0.000372562 0.00415856 -0.00609579 -0.0124157 -0.00261418
internal_weight=0 443.476 103.273 340.202 266.264 135.367 97.1524 58.3126 37.084 130.897 73.9386 66.7029 52.9398 38.8398 25.1442 114.755 78.3856 21.2286 13.7631 16.1417 13.6956 56.9814
internal_count=5555 1856 445 1411 1106 570 419 253 164 536 305 275 218 166 107 470 334 89 57 66 59 236
is_linear=0
shrinkage=0.01


Tree=63
num_leaves=31
num_cat=0
split_feature=12 0 0 0 0 12 0 0 0 1 0 0 0 1 0 1 0 0 1 1 0 0 1 1 1 12 0 0 0 1
split_gain=91.0923 33.8611 41.258 34.1833 9.12476 11.0662 11.0039 15.1805 11.0839 18.62 9.00594 18.4886 29.7293 11.7496 12.2019 9.95513 8.48272 7.21789 7.14906 6.11906 10.7053 6.14736 5.89765 5.5162 4.32774 3.93112 6.66139 3.83552 6.28109 3.81726
threshold=1.9501783728997251 4643066.5000000009 4583097.5000000009 5494016.0000000009 5496779.5000000009 1.9915744832887996 4583087.5000000009 4587555.5000000009 4641135.5000000009 1058264179828.5001 4378387.5000000009 4492123.5000000009 4493360.5000000009 4223680114997.5005 4262097.0000000009 454237470018.00006 5556929.5000000009 4587470.5000000009 3784361566336.0005 3144346128135.0005 4267182.5000000009 4265344.0000000009 3540362992491.0005 3507688970202.5005 2940898957064.5005 1.9969586346790364 4587345.5000000009 5505757.0000000009 5498189.5000000009 3540362997723.5005
decision_type=2 2 2 2 2 2 2 2 2 2 2 2 2 2 2 2 2 2 2 2 2 2 2 2 2 2 2 2 2 2
left_child=1 2 10 -3 6 -6 19 25 9 -9 13 15 -13 14 -1 -12 27 -4 23 21 22 -2 -21 -19 -23 29 -27 28 -5 -8
right_child=4 3 17 16 5 -7 7 8 -10 -11 11 12 -14 -15 -16 -17 -18 18 -20 20 -22 24 -24 -25 -26 26 -28 -29 -30 -31
leaf_value=0.0063005607394689325 0.0015385070776647775 0.008494943761586847 -0.0060539024724752775 -0.0058604387876520147 -0.0055796671718896093 0.0060912532410363684 -0.0087842593114548749 -0.0081752774165714352 -0.0058187659207730013 0.0032910802981533983 -0.0038999985970239299 -0.0072396156465522202 0.0032999238523210507 0.014531896797392242 -0.0020753615463970829 0.009308118599077049 0.0041066822343611047 -0.0014452652155867 0.0038689228183987497 2.1565896726090031e-05 0.00321868386936964 -0.0040234001186802079 -0.013585787413720645 -0.0058524342071332404 -0.012895195337964311 -0.011746734391519289 -0.0044168373236730318 -0.0092741947469788307 0.0025016608849652909 -0.015329522064226978
leaf_weight=21.304264068603516 19.854467079043388 129.96116749942303 49.971483767032623 17.160466566681862 13.784432724118231 19.785793602466583 34.93354406952858 20.586474224925041 80.338097706437111 45.381979450583458 6.3068142831325522 29.945888057351112 251.83322986960411 5.4156093299388877 94.721535131335258 59.944975346326828 29.272295117378235 122.84055408835411 20.062519937753677 5.9463421702384931 40.616832360625267 77.599657624959946 6.8594105988740921 36.940613508224487 5.9177293628454199 17.599216535687447 41.956506907939911 7.6638646721839896 18.849323108792305 11.961379557847975
leaf_count=89 81 556 208 71 57 80 148 87 337 188 26 121 1018 22 381 254 119 494 81 24 164 324 28 150 25 79 182 33 76 52
internal_value=0 0.0018234 0.000779832 0.0054199 -0.00371318 0.001299 -0.00412401 -0.00541503 -0.00332462 -0.000287174 0.00247929 0.00329744 0.00217984 0.000134604 -0.000537403 0.00805078 -5.86381e-05 -0.00269187 -0.00175769 -0.00204285 0.000705142 -0.00346302 -0.00726722 -0.00246418 -0.00465202 -0.00828812 -0.00658288 -0.00285045 -0.0014833 -0.0104537
internal_weight=0 902.195 699.287 202.907 443.122 33.5702 409.552 252.757 146.307 65.9685 469.472 348.031 281.779 121.441 116.026 66.2518 72.9459 229.815 179.844 156.794 53.4226 103.372 12.8058 159.781 83.5174 106.451 59.5557 43.6737 36.0098 46.8949
internal_count=5555 3699 2844 855 1856 137 1719 1073 612 275 1911 1419 1139 492 470 280 299 933 725 646 216 430 52 644 349 461 261 180 147 200
is_linear=0
shrinkage=0.01


Tree=64
num_leaves=31
num_cat=0
split_feature=14 0 0 0 1 1 0 0 0 1 0 0 0 0 0 14 0 1 1 3 1 1 1 1 0 0 1 1 1 1
split_gain=89.3612 33.2651 40.4734 33.606 8.97211 8.75352 8.65871 18.4286 15.931 11.5331 11.9702 8.31984 8.24916 7.0988 9.16925 6.29191 5.47829 4.94934 6.32608 6.54145 4.43295 4.83642 4.18618 4.01646 3.77256 6.1621 3.26121 3.60821 3.14037 3.07189
threshold=1.9873047883650368 4643066.5000000009 4586868.5000000009 5494016.0000000009 1837832554337.5002 3784361550632.0005 4378387.5000000009 4487724.5000000009 4496309.0000000009 4223680114997.5005 4262097.0000000009 5556929.5000000009 4587470.5000000009 4589803.5000000009 4589810.0000000009 3.9820480203320172 4588245.5000000009 1758355645294.5002 1058264179828.5001 45.500000000000007 3704300940202.0005 2142597722549.5002 3507688974920.5005 3799450294316.0005 5505757.0000000009 5498189.5000000009 215631320312.50003 308877311092.50006 3155490930053.5005 701677533073.50012
decision_type=2 2 2 2 2 2 2 2 2 2 2 2 2 2 2 2 2 2 2 2 2 2 2 2 2 2 2 2 2 2
left_child=1 2 6 29 17 15 9 -8 -9 10 -1 24 22 16 -15 20 -14 18 26 -20 21 -6 28 -7 25 -5 -2 -28 -4 -3
right_child=4 3 12 11 5 23 7 8 -10 -11 -12 -13 13 14 -16 -17 -18 -19 19 -21 -22 -23 -24 -25 -26 -27 27 -29 -30 -31
leaf_value=0.0062456621900393193 -0.00029627403088689072 0.011925431502371558 -0.0064242493220379327 -0.0058080846408294544 0.00088937221566258548 -0.01330158196179102 0.008732439635453516 -0.0016209514449222957 0.0036416791502550082 0.014408671784454406 -0.0020548073565109385 0.0040677409021528102 -0.0020161583969042409 -0.012948481314567325 -0.0019016173211353494 -0.0086249077285939779 0.0084487202820814743 -0.010290435524715858 -0.0083600926905789529 0.0013940689923718688 0.0020822549896041776 -0.0028857096562878411 -0.01256526630174353 -0.0053270757417840757 -0.0092044383845626531 0.0024771860637512479 -0.013074849101630131 -0.0060674487514884726 0.00090890074090004068 0.0077509900609411134
leaf_weight=21.276749417185783 8.840764254331587 21.042857840657234 29.845102220773697 17.142091229557991 42.695112451910973 8.9043615460395831 51.899769887328148 77.638497799634933 222.00828325748444 5.4073465317487708 94.712372168898582 29.257075548171997 8.9531388133764267 7.9055225402116767 151.61341066658497 13.489083945751188 11.33628012239933 19.426261946558952 9.3932063579559308 25.649345070123672 28.680917754769325 165.43644066154957 9.0781912803649885 21.726936474442482 7.6448218524456015 18.845222488045692 7.9978328943252555 90.458989411592484 7.2604913413524619 108.6363732367754
leaf_count=89 37 91 124 71 174 42 223 312 899 22 381 119 36 33 610 60 46 86 41 106 116 681 39 92 33 76 35 386 30 465
internal_value=0 0.00180657 0.00077243 0.00537472 -0.0036796 -0.00259932 0.00243588 0.003231 0.00227813 0.000133318 -0.00053219 -5.81112e-05 -0.00270873 -0.00174046 -0.00244908 -0.00198181 0.00383087 -0.00555567 -0.00490948 -0.00122055 -0.00160342 -0.00211131 -0.00647853 -0.00764522 -0.00282466 -0.0014694 -0.00611426 -0.00663667 -0.00498936 0.00842837
internal_weight=0 901.504 698.935 202.568 442.699 280.933 472.943 351.547 299.647 121.396 115.989 72.8892 225.992 179.808 159.519 250.302 20.2894 161.766 142.34 35.0426 236.812 208.132 46.1838 30.6313 43.6321 35.9873 107.298 98.4568 37.1056 129.679
internal_count=5555 3699 2844 855 1856 1165 1926 1434 1211 492 470 299 918 725 643 1031 82 691 605 147 971 855 193 134 180 147 458 421 154 556
is_linear=0
shrinkage=0.01


Tree=65
num_leaves=31
num_cat=0
split_feature=12 0 0 0 0 12 0 0 0 1 0 0 1 1 0 0 0 0 1 1 1 0 0 1 0 1 1 1 12 0
split_gain=87.6612 32.6802 39.6896 33.0399 8.9099 10.8646 10.8023 14.9146 10.9032 18.1484 8.51149 24.1704 15.2137 11.664 9.92674 9.37265 8.16013 8.10542 7.01143 6.81702 5.96023 10.4949 6.0075 5.80369 4.75702 4.45613 4.28068 4.13821 3.90024 6.58751
threshold=1.9501783728997251 4643066.5000000009 4586868.5000000009 5494016.0000000009 5496779.5000000009 1.9902329949527153 4583087.5000000009 4587555.5000000009 4641135.5000000009 1058264179828.5001 4266423.5000000009 4263147.0000000009 308877337732.00006 215631317547.00003 4264007.0000000009 4270208.5000000009 5556929.5000000009 4587470.5000000009 3799450294316.0005 702778651153.00012 3144346128135.0005 4267182.5000000009 4265344.0000000009 3540362992491.0005 5496965.5000000009 3507688970202.5005 2940898957064.5005 3524617709013.5005 1.9969586346790364 4587345.5000000009
decision_type=2 2 2 2 2 2 2 2 2 2 2 2 2 2 2 2 2 2 2 2 2 2 2 2 2 2 2 2 2 2
left_child=1 2 10 -3 6 -6 20 28 9 -9 11 19 13 -12 -13 -14 -5 27 25 -1 22 23 -2 -22 -7 -19 -24 -4 -8 -30
right_child=4 3 17 16 5 24 7 8 -10 -11 12 14 15 -15 -16 -17 -18 18 -20 -21 21 -23 26 -25 -26 -27 -28 -29 29 -31
leaf_value=0.013636534586105718 0.0015509210895173911 0.0083625455340403127 -0.0050878426429795546 -0.0027991212369189232 -0.0062870391750302051 0.01057114476533785 -0.010348996608085182 -0.0080529286376904517 -0.0057383671771834991 0.0032807106252562132 0.0091017344622224012 -0.016049921170550471 0.011233235725342679 -0.0054734483484314631 -0.002994345360284055 0.0032191311167008262 0.0040291823058436907 -0.0014135296953810541 0.0044171666836500282 0.0020445943874259701 5.0216319203367936e-05 0.0032093195571556037 -0.0039455194248565273 -0.013455867816954046 0.0011429618157012095 -0.0052527090478947181 -0.012784600042087127 -0.013143828557780922 -0.011638884280279552 -0.0043317048082437415
leaf_weight=6.0872617065906516 19.84795056283474 129.39447815716267 38.475078240036964 43.590393275022507 12.061832338571547 10.09331361949444 46.729971781373024 20.51609542965889 80.175975561141968 45.379971235990524 6.6070189476013175 10.841941699385645 15.212677240371702 32.493190139532089 12.583115577697752 358.40752665698528 29.24176861345768 122.80013079941273 16.850860252976418 30.453893557190895 5.9449011832475644 40.617334321141243 77.460009932518005 6.8448003530502319 11.391272202134131 40.107311934232712 5.8960084915161124 7.6430619657039633 17.49672369658947 41.839025214314461
leaf_count=25 81 556 160 180 50 41 200 87 337 188 27 44 61 131 51 1461 119 494 68 126 24 164 324 28 46 163 25 33 79 182
internal_value=0 0.00178994 0.000765119 0.00533002 -0.00364617 0.00130817 -0.00405277 -0.00533399 -0.00326151 -0.000247907 0.00241284 -0.00110755 0.00292434 -0.00301058 -0.00903693 0.00354544 -5.75897e-05 -0.00268304 -0.00172354 0.00397565 -0.00199006 0.000721811 -0.00339343 -0.00717798 0.00557226 -0.00235872 -0.00457073 -0.00642294 -0.00818818 -0.00648642
internal_weight=0 900.79 698.563 202.227 442.295 33.5464 408.749 252.138 146.072 65.8961 472.687 59.9662 412.72 39.1002 23.4251 373.62 72.8322 225.876 179.758 36.5412 156.611 53.407 103.204 12.7897 21.4846 162.907 83.356 46.1181 106.066 59.3357
internal_count=5555 3699 2844 855 1856 137 1719 1073 612 275 1926 246 1680 158 95 1522 299 918 725 151 646 216 430 52 87 657 349 193 461 261
is_linear=0
shrinkage=0.01


Tree=66
num_leaves=31
num_cat=0
split_feature=2 1 1 1 1 1 12 1 1 1 1 1 1 1 1 1 1 3 12 2 1 1 1 1 1 12 1 1 4 5
split_gain=85.9922 12.6792 13.129 14.8867 11.6206 8.88058 8.79531 9.05333 7.01484 5.70116 11.772 5.87528 5.662 5.78812 5.15037 4.98584 4.58902 4.31067 4.27989 6.90006 4.27868 16.7945 8.64437 4.13273 3.99194 3.3704 3.34136 2.33594 2.32504 2.08984
threshold=75.500000000000014 215631317547.00003 1861025325735.5002 1955339855810.5002 1707115179210.0002 1119808861620.0002 2.958035499889569 1058264179828.5001 3784361550632.0005 3507688962491.0005 3540363000335.5005 3704300940202.0005 215631320312.50003 391909231608.00006 3799450294316.0005 3799450294316.0005 308877337732.00006 21.500000000000004 1.993590124076418 21.500000000000004 3507688970202.5005 3048596239447.5005 4084856406127.0005 3704300944570.5005 1955339837508.5002 1.9909035121068848 641304926193.00012 308877327367.00006 12.500000000000002 11.500000000000002
decision_type=2 2 2 2 2 2 2 2 2 2 2 2 2 2 2 2 2 2 2 2 2 2 2 2 2 2 2 2 2 2
left_child=6 -2 4 24 5 16 7 12 18 17 -11 -12 -1 -14 -10 -13 -3 26 19 -9 21 -5 -22 -20 -4 -16 27 -8 -19 -28
right_child=1 2 3 20 -6 -7 9 8 14 10 11 15 13 -15 25 -17 -18 28 23 -21 22 -23 -24 -25 -26 -27 29 -29 -30 -31
leaf_value=0.0029863865008638514 0.0085335977507466406 -0.0032401901258608239 0.0035568558622781554 0.001411118297296057 -0.0058293371426193299 0.0038248933450725467 -0.0077457179024723859 -0.0054543900075306895 -0.013209075165636647 0.0072248894314233128 -0.015068923932170962 0.0035321174312426163 -0.010548582912871071 -0.0045939230556335219 -0.0080705072445530976 -0.0084230243843613356 0.00038611529118519393 0.0026915982984695125 -0.00045332664467061733 -0.00085411412425524488 0.00017684942079418929 0.0064834113641224038 0.0044086896600174421 0.0066876172325300879 0.013466982035469222 0.001850416946266591 -0.004134170427181498 0.0015854150254865952 -0.0057843103771786928 -0.010666448581320011
leaf_weight=6.7587691545486441 26.912745460867882 49.390092700719833 5.5966662466526058 228.68760859966278 33.321684539318085 59.20508998632431 6.4025659412145597 51.234068378806114 8.8361087590456027 8.811235263943674 5.858293384313586 6.2306918799877149 24.481338083744049 48.989702194929123 7.3122523725032789 7.9260267615318298 118.92636898159981 5.1668401807546607 86.548038989305496 89.671370461583138 209.24365696310997 91.352729946374893 62.743910223245621 8.9418066143989545 14.849072724580763 6.440406009554863 5.5197017192840567 4.6177787184715271 8.6620408743619901 43.45509734749794
leaf_count=28 112 201 23 939 136 243 28 215 42 36 25 26 106 205 31 34 487 22 355 366 860 377 259 36 62 27 25 20 37 192
internal_value=0 0.00177315 0.00156482 0.00236497 -0.000313998 0.000493752 -0.00361327 -0.00283716 -0.00192787 -0.00617797 -0.00240654 -0.0066466 -0.00577234 -0.00657808 -0.00725197 -0.0031613 -0.000677973 -0.00765062 -0.00141913 -0.0025268 0.00207525 0.00285896 0.00115308 0.000215362 0.0107543 -0.00342451 -0.00881075 -0.00383576 -0.00261748 -0.00993023
internal_weight=0 900.23 873.317 612.474 260.843 227.522 441.864 339.214 258.984 102.65 28.8262 20.015 80.2298 73.471 22.5888 14.1567 168.316 73.824 236.395 140.905 592.028 320.04 271.988 95.4898 20.4457 13.7527 59.9951 11.0203 13.8289 48.9748
internal_count=5555 3699 3587 2520 1067 931 1856 1411 1072 445 121 85 339 311 100 60 688 324 972 581 2435 1316 1119 391 85 58 265 48 59 217
is_linear=0
shrinkage=0.01


Tree=67
num_leaves=31
num_cat=0
split_feature=2 1 1 1 1 1 12 1 1 1 1 1 1 1 1 1 1 3 12 2 1 1 1 1 1 12 1 1 4 5
split_gain=84.3412 12.4423 12.8711 14.6252 11.39 8.70615 8.65565 8.89545 6.9023 5.61303 11.5462 5.78741 5.56109 5.70983 5.09937 4.89678 4.49732 4.25148 4.19736 6.77444 4.19447 16.4696 8.4783 4.0491 3.93234 3.31077 3.29736 2.2961 2.28118 2.06274
threshold=75.500000000000014 215631317547.00003 1861025325735.5002 1955339855810.5002 1707115179210.0002 1119808861620.0002 2.958035499889569 1058264179828.5001 3784361550632.0005 3507688962491.0005 3540363000335.5005 3704300940202.0005 215631320312.50003 391909231608.00006 3799450294316.0005 3799450294316.0005 308877337732.00006 21.500000000000004 1.993590124076418 21.500000000000004 3507688970202.5005 3048596239447.5005 4084856406127.0005 3704300944570.5005 1955339837508.5002 1.9909035121068848 641304926193.00012 308877327367.00006 12.500000000000002 11.500000000000002
decision_type=2 2 2 2 2 2 2 2 2 2 2 2 2 2 2 2 2 2 2 2 2 2 2 2 2 2 2 2 2 2
left_child=6 -2 4 24 5 16 7 12 18 17 -11 -12 -1 -14 -10 -13 -3 26 19 -9 21 -5 -22 -20 -4 -16 27 -8 -19 -28
right_child=1 2 3 20 -6 -7 9 8 14 10 11 15 13 -15 25 -17 -18 28 23 -21 22 -23 -24 -25 -26 -27 29 -29 -30 -31
leaf_value=0.0029552669642347322 0.0084557748092231703 -0.0032075434445117405 0.0035218503743447423 0.0013971306944870325 -0.0057713588688940443 0.0037876864590136194 -0.0076855435115565996 -0.0054054434967376087 -0.013146314355274497 0.0071459700905232362 -0.014965867235525693 0.0034947708441764574 -0.010472761618722385 -0.0045520639656360905 -0.0080049023030937579 -0.0083568085595631912 0.00038225969667464731 0.0026631586181176375 -0.00044881783979408281 -0.00084565666720359638 0.00017508220493028036 0.0064207865071889796 0.0043669361936543973 0.0066184014682013192 0.013361186277255521 0.0018312409152221607 -0.0040985582608323058 0.0015688813703003126 -0.0057326021024088824 -0.010593508791895951
leaf_weight=6.7616267502307883 26.888952895998955 49.393839195370674 5.5957760661840465 228.66745199263096 33.319873839616776 59.188883557915688 6.3882403671741468 51.181282117962837 8.7897422760725039 8.819418743252756 5.8397408872842815 6.2342845201492292 24.412340402603149 48.946010768413544 7.2985277920961362 7.9090263843536377 118.92458564043045 5.1697818338870993 86.543343469500542 89.662540137767792 209.24221768975258 91.321450591087341 62.710551247000694 8.9449513703584653 14.817143619060515 6.4427570104598999 5.5120240896940222 4.6197690963745117 8.6528176963329297 43.317448422312737
leaf_count=28 112 201 23 939 136 243 28 215 42 36 25 26 106 205 31 34 487 22 355 366 860 377 259 36 62 27 25 20 37 192
internal_value=0 0.00175573 0.00154941 0.00234179 -0.000310876 0.000488846 -0.00358057 -0.00281072 -0.00190951 -0.00612751 -0.00238453 -0.00659077 -0.00572251 -0.00652237 -0.00719801 -0.00313271 -0.000671185 -0.00759108 -0.00140532 -0.00250264 0.0020548 0.00283083 0.0011417 0.00021321 0.0106639 -0.00339312 -0.00874576 -0.00380171 -0.00259251 -0.00986034
internal_weight=0 900.071 873.182 612.355 260.827 227.507 441.446 338.983 258.863 102.463 28.8025 19.9831 80.12 73.3584 22.531 14.1433 168.318 73.6601 236.332 140.844 591.942 319.989 271.953 95.4883 20.4129 13.7413 59.8375 11.008 13.8226 48.8295
internal_count=5555 3699 3587 2520 1067 931 1856 1411 1072 445 121 85 339 311 100 60 688 324 972 581 2435 1316 1119 391 85 58 265 48 59 217
is_linear=0
shrinkage=0.01


Tree=68
num_leaves=31
num_cat=0
split_feature=2 0 0 0 0 0 0 0 2 0 2 13 0 0 0 0 0 2 0 0 13 1 2 0 0 1 0 1 1 1
split_gain=82.7224 31.9917 39.0087 32.5177 8.92709 13.7603 9.65148 8.70004 10.8988 10.5822 18.3838 9.74607 8.04839 6.82417 6.94956 9.04898 6.49267 5.78383 5.36539 5.31756 5.2233 6.70191 4.70987 3.72269 6.02334 3.46205 3.41096 3.17539 3.05356 4.05501
threshold=75.500000000000014 4643066.5000000009 4583097.5000000009 5494016.0000000009 4583087.5000000009 4583075.5000000009 4567385.0000000009 5496779.5000000009 18.500000000000004 4583087.5000000009 43.500000000000007 1.9847184701241782 5556929.5000000009 4587470.5000000009 4589803.5000000009 4589810.0000000009 4587345.5000000009 7.5000000000000009 4588245.5000000009 4546978.0000000009 1.9954413512257532 2940898968050.0005 44.500000000000007 5505757.0000000009 5498189.5000000009 3376693905145.5005 5496965.5000000009 2940898963036.5005 701677533073.50012 1861025323351.0002
decision_type=2 2 2 2 2 2 2 2 2 2 2 2 2 2 2 2 2 2 2 2 2 2 2 2 2 2 2 2 2 2
left_child=7 2 4 28 5 6 -2 9 26 17 16 -12 23 -4 18 -16 -11 19 -15 -1 22 -22 -19 24 -5 -18 -9 -28 -3 -30
right_child=1 3 13 12 -6 -7 -8 8 -10 10 11 -13 -14 14 15 -17 25 20 -20 -21 21 -23 -24 -25 -26 -27 27 -29 29 -31
leaf_value=9.9532013575585353e-05 0.0018233675028635112 0.011762451927283446 -0.0059279678809236883 -0.0057644469573121197 0.0084319177072441284 -0.012763193066858389 0.007160725435516129 0.008452918258703198 -0.0081131012577640958 -0.011462496939770394 -0.0018148731680856906 0.010353202751133037 0.0039647081728250684 -0.0020146890427598743 -0.012887342623696327 -0.0019024204470966186 -0.0071098450375076429 0.0025430734847390101 0.0083460072750936969 0.011279295441992774 -0.0072414473964739021 -0.00040621623604436839 -0.0032024510329725559 -0.0091616838926839549 0.0024302116713207258 -0.0041941523104671394 -0.0036394299003631048 0.0066603020608267558 0.0030620064515121306 0.0084157418520849712
leaf_weight=29.164223775267601 402.29653812944889 20.893144890666008 49.804965376853943 17.124857351183891 23.163436248898506 6.1718923449516288 36.995462998747826 12.487715646624567 8.9277800619602186 24.631512150168419 47.846592724323273 7.6324444115161887 29.214032560586929 8.951466366648674 7.8893609493970862 151.57372227311134 104.28463493287563 24.781848758459091 11.318129017949104 4.9811370968818656 41.952873021364212 21.79800808429718 33.628186643123627 7.6323493421077719 18.835102990269661 66.816071212291718 6.643147334456442 5.4480520784854889 16.741611942648888 91.301530346274376
leaf_count=118 1642 91 208 71 94 25 150 51 37 111 196 31 119 36 33 610 451 102 46 20 180 89 137 33 76 284 27 22 71 394
internal_value=0 0.0017385 0.000724961 0.00524602 0.00237926 0.00206453 0.00227286 -0.0035482 0.00135 -0.00395094 -0.00522205 -0.000140869 -9.67238e-05 -0.00265249 -0.00174483 -0.00244589 -0.00666228 -0.00190804 0.00377051 0.00173044 -0.00292503 -0.00490431 -0.000764775 -0.00281855 -0.00147225 -0.00597125 0.00478728 0.00100142 0.0082629 0.00758616
internal_weight=0 899.908 698.165 201.743 468.627 445.464 439.292 441.024 33.5067 407.518 251.211 55.479 72.8063 229.538 179.733 159.463 195.732 156.306 20.2696 34.1454 122.161 63.7509 58.41 43.5923 35.96 171.101 24.5789 12.0912 128.936 108.043
internal_count=5555 3699 2844 855 1911 1817 1792 1856 137 1719 1073 227 299 933 725 643 846 646 82 138 508 269 239 180 147 735 100 49 556 465
is_linear=0
shrinkage=0.01


Tree=69
num_leaves=31
num_cat=0
split_feature=2 0 0 0 0 2 0 2 12 0 0 0 1 0 1 0 0 1 0 2 1 0 12 1 2 1 0 0 1 0
split_gain=81.1499 31.4346 38.2582 31.9725 8.53806 10.6909 10.4024 18.0752 9.54526 8.47588 18.2243 28.6031 11.2104 11.6723 9.70456 7.89398 7.80147 6.81852 6.42153 5.67266 5.22554 5.21457 5.13094 6.58963 4.61679 4.08071 3.66177 5.90933 3.41107 3.34511
threshold=75.500000000000014 4643066.5000000009 4586868.5000000009 5494016.0000000009 5496779.5000000009 18.500000000000004 4583087.5000000009 43.500000000000007 1.9696704931723785 4378387.5000000009 4492123.5000000009 4493360.5000000009 4223680114997.5005 4262097.0000000009 454237470018.00006 5556929.5000000009 4587470.5000000009 3784361566336.0005 4587345.5000000009 7.5000000000000009 3507688970202.5005 4546978.0000000009 1.9909035121068848 2940898968050.0005 44.500000000000007 3524617709013.5005 5505757.0000000009 5498189.5000000009 3376693905145.5005 5496965.5000000009
decision_type=2 2 2 2 2 2 2 2 2 2 2 2 2 2 2 2 2 2 2 2 2 2 2 2 2 2 2 2 2 2
left_child=4 2 9 -3 6 29 19 18 -9 12 14 -12 13 -2 -11 26 25 20 -8 21 -18 -1 24 -24 -21 -4 27 -5 -20 -6
right_child=1 3 16 15 5 -7 7 8 -10 10 11 -13 -14 -15 -16 -17 17 -19 28 22 -22 -23 23 -25 -26 -27 -28 -29 -30 -31
leaf_value=9.8535718194624233e-05 0.0061083875557145133 0.0081988634821153136 -0.0050173235440354466 -0.0057130204913478366 0.0083712154190325912 -0.0080435473068219184 -0.011390961044464323 -0.0017971667976988954 0.010240452146946626 -0.0039452035297648531 -0.0072189135884202626 0.0031135260726329332 0.014157930133780304 -0.0020998419990291908 0.0091118542531288156 0.003927156668627179 -0.0014265924245096433 0.0037708207755994391 -0.0070519268468148821 0.0025167400240688549 -0.005719589808570423 0.011171674105082434 -0.0071821225383597352 -0.00040217465682525455 -0.0031715749076130918 -0.013034073718846807 -0.0090930767153730926 0.0024064418012736048 -0.0041559405561694346 0.00099139608405138984
leaf_weight=29.164481967687607 21.203729897737503 128.64549146592617 38.409889310598373 17.10631175339222 12.483520314097406 8.914994612336157 24.53880301117897 47.834874421358109 7.6392802596092215 6.2935181558132163 29.935333043336868 255.16627359390259 5.3879026323556891 94.689856126904488 59.582715854048729 29.198521003127098 122.77764676511288 20.03654158115387 104.09069946408272 24.790694206953049 36.867790594696999 4.978842467069625 41.876795276999474 21.796903282403946 33.616073727607727 7.6069883555173865 7.6131327897310248 18.830957636237144 66.756406769156456 12.091250061988829
leaf_count=118 89 556 160 71 51 37 111 196 31 26 121 1033 22 381 254 119 494 81 451 102 150 20 180 89 137 33 33 76 284 49
internal_value=0 0.00172219 0.000717925 0.0052026 -0.00351635 0.00133716 -0.00391564 -0.00517712 -0.000139481 0.00233646 0.00312398 0.00202863 5.74565e-05 -0.000598076 0.00786444 -9.58466e-05 -0.00266875 -0.00172788 -0.00660742 -0.00188997 -0.002418 0.00171324 -0.00289772 -0.0048612 -0.000757175 -0.00634256 -0.00279308 -0.00145846 -0.00592036 0.00474021
internal_weight=0 899.353 697.958 201.394 440.574 33.4898 407.084 250.86 55.4742 472.259 350.978 285.102 121.281 115.894 65.8762 72.7489 225.699 179.682 195.386 156.224 159.645 34.1433 122.08 63.6737 58.4068 46.0169 43.5504 35.9373 170.847 24.5748
internal_count=5555 3699 2844 855 1856 137 1719 1073 227 1926 1434 1154 492 470 280 299 918 725 846 646 644 138 508 269 239 193 180 147 735 100
is_linear=0
shrinkage=0.01


Tree=70
num_leaves=31
num_cat=0
split_feature=2 1 1 1 1 1 1 1 12 1 1 3 1 1 1 1 1 1 1 1 1 1 1 3 1 1 2 5 1 1
split_gain=79.6123 12.2323 12.5768 14.3591 11.1543 8.54353 8.28714 8.33756 5.90851 4.92871 6.04945 6.30433 4.40716 4.13646 4.78334 4.12142 16.2163 8.16261 3.91095 3.84758 3.07012 3.55418 2.70717 2.50395 1.99013 1.78145 3.41188 1.5776 1.54632 1.34276
threshold=75.500000000000014 215631317547.00003 1861025325735.5002 1955339855810.5002 1707115179210.0002 1119808861620.0002 1837832554337.5002 3784361550632.0005 3.9290280481443154 1758355645294.5002 1058264179828.5001 45.500000000000007 308877337732.00006 3704300940202.0005 2142597722549.5002 3507688970202.5005 3048596239447.5005 4084856406127.0005 3799450294316.0005 1955339837508.5002 215631320312.50003 308877311092.50006 1392992072781.5002 65.500000000000014 1392992072781.5002 4311877336090.5005 13.500000000000002 26.500000000000004 3022918908347.0005 1861025321321.0002
decision_type=2 2 2 2 2 2 2 2 2 2 2 2 2 2 2 2 2 2 2 2 2 2 2 2 2 2 2 2 2 2
left_child=6 -2 4 19 5 12 9 8 13 10 20 -12 -3 14 -8 16 -5 -17 -9 -4 -1 -22 -13 -15 -7 26 -20 -10 -29 -6
right_child=1 2 3 15 29 24 7 18 27 -11 11 22 -14 23 -16 17 -18 -19 25 -21 21 -23 -24 -25 -26 -27 -28 28 -30 -31
leaf_value=-0.00018063993086561803 0.0083594126219867539 -0.0032076069433177919 0.0034784159035992301 0.001347946091735427 -0.006842261497876161 0.0027042259884352484 0.0010171600967540935 -0.013052326272651262 -0.003414163212828386 -0.010050950454045159 -0.0080935111412664545 0.0036058460066359498 0.00034777800633720157 0.0067626015616250234 -0.0027422897199024217 0.00014671738825206639 0.0063375448739246753 0.0042640934158053425 0.0020238292869233033 0.013221885245176519 -0.012783986907337048 -0.0057803370708127775 -0.0035646790493750581 0.00021550984349356716 0.0070254469602880187 -0.0087302102274708065 -0.0081430409550974601 -0.014955751807223232 -0.0066284499764725589 -0.0020695348050794129
leaf_weight=8.8045818060636503 26.810654237866402 49.350612804293633 5.5873146951198605 228.33470278978348 25.629843682050705 45.151812985539436 42.584340035915375 8.7166565954685229 4.3805921226739875 19.198382630944252 9.2846853286027891 18.159593760967258 118.77639883756638 8.171806678175928 164.89560705423355 208.93408858776093 91.133319079875946 62.567958533763885 6.909945875406267 14.757217809557913 7.8831300288438788 89.63280288875103 7.4151142090558997 20.485401958227158 13.95087395608425 8.3580380380153638 6.3195894360542297 4.4068389236927015 4.5141561627388 7.6554741114377967
leaf_count=37 112 201 23 939 105 186 174 42 20 86 41 75 487 33 681 860 377 259 29 62 35 386 31 83 57 36 27 20 20 31
internal_value=0 0.00170634 0.00150174 0.00228581 -0.000338127 0.000453824 -0.0034848 -0.00244582 -0.00184408 -0.00529707 -0.00465062 -0.00103552 -0.00069584 -0.0014788 -0.00197068 0.00200145 0.00277131 0.00109557 -0.00739884 0.010546 -0.0058359 -0.00634651 0.00152683 0.00208246 0.00372423 -0.00511607 -0.00283276 -0.00832874 -0.010742 -0.00574456
internal_weight=0 898.64 871.83 611.315 260.515 227.23 440.121 279.743 249.439 160.378 141.18 34.8594 168.127 236.137 207.48 590.97 319.468 271.502 30.3042 20.3445 106.321 97.5159 25.5747 28.6572 59.1027 21.5876 13.2295 13.3016 8.921 33.2853
internal_count=5555 3699 3587 2520 1067 931 1856 1165 1031 691 605 147 688 971 855 2435 1316 1119 134 85 458 421 106 116 243 92 56 60 40 136
is_linear=0
shrinkage=0.01


Tree=71
num_leaves=31
num_cat=0
split_feature=12 0 0 0 0 0 1 1 0 0 0 12 0 0 0 1 0 0 0 0 1 1 12 3 1 0 1 12 0 1
split_gain=78.0832 30.8352 37.5571 31.4561 8.37656 23.4138 14.3988 10.9337 9.74901 9.19238 8.33061 10.3387 10.2187 14.3145 10.768 17.4703 7.76724 7.64745 6.8101 8.9187 6.65295 5.53554 7.69621 6.43094 5.58638 5.25589 4.02257 3.99571 6.39207 3.81987
threshold=1.9501783728997251 4643066.5000000009 4586868.5000000009 5494016.0000000009 4266423.5000000009 4263147.0000000009 308877337732.00006 215631317547.00003 4264007.0000000009 4270208.5000000009 5496779.5000000009 1.9915744832887996 4583087.5000000009 4587555.5000000009 4641135.5000000009 1058264179828.5001 5556929.5000000009 4587470.5000000009 4589803.5000000009 4589810.0000000009 702778651153.00012 641304924141.50012 1.993590124076418 39.500000000000007 2142597712867.0002 4588245.5000000009 3524617709013.5005 1.9969586346790364 4587345.5000000009 3540362997723.5005
decision_type=2 2 2 2 2 2 2 2 2 2 2 2 2 2 2 2 2 2 2 2 2 2 2 2 2 2 2 2 2 2
left_child=1 2 4 -3 5 20 7 -6 -7 -8 12 -12 21 27 15 -15 -5 26 25 -20 -1 22 -2 24 -23 -19 -4 29 -29 -14
right_child=10 3 17 16 6 8 9 -9 -10 -11 11 -13 13 14 -16 -17 -18 18 19 -21 -22 23 -24 -25 -26 -27 -28 28 -30 -31
leaf_value=0.01337430611128849 -0.012513668113012884 0.008119230929578199 -0.0049858880651088974 -0.002791387625169269 0.0087872063254585183 -0.015957867795074226 0.011029203593530401 -0.0053475373908651322 -0.0030142209100528436 0.0030890448460429354 -0.0053293330658351814 0.0059731475634830543 -0.0084351539289072939 -0.0077667907693418385 -0.0055375246408544193 0.0033923514012240237 0.0038773186162759862 -0.0019926985615523955 -0.012803751511769801 -0.0018844870678760353 0.0019063402170908462 -0.011468156029894087 -0.0012351762297461047 0.00012385761913197169 -0.0020524098952400976 0.0082654271660099338 -0.0129572135271043 -0.011312333971091494 -0.0040548371744949007 -0.015033159411918033
leaf_weight=6.0688698887825003 10.805062294006349 128.27227877080441 38.379515767097473 43.513461902737617 6.5806748569011679 10.82580152153969 15.199886828660963 32.499506548047066 12.581891432404516 357.75078950822353 13.710202828049658 19.754050374031067 34.557729303836823 20.332642421126366 79.715099349617958 45.254783913493156 29.176621153950691 8.9490538686513901 7.868668630719184 151.52845218777657 30.392641097307205 9.5885166674852389 13.748968139290808 103.50439654290676 18.379198327660561 11.303496748209 7.5810350328683844 17.162195175886154 41.436522200703621 11.76066918671131
leaf_count=25 48 556 160 180 27 44 61 131 51 1461 57 80 148 87 337 188 119 36 33 610 126 42 58 422 76 46 33 79 182 52
internal_value=0 0.00168959 0.000695211 0.00514094 0.00229966 -0.00119553 0.00280752 -0.0029674 -0.00900052 0.00341265 -0.00345322 0.00134256 -0.00384827 -0.00510066 -0.00306824 -6.70746e-05 -0.000114677 -0.00266075 -0.00172951 -0.00242352 0.00381514 -0.00183981 -0.0061983 -0.0010258 -0.00528053 0.00373264 -0.00630073 -0.00791542 -0.00618039 -0.0101104
internal_weight=0 898.473 697.51 200.962 471.9 59.8692 412.031 39.0802 23.4077 372.951 439.71 33.4643 406.246 250.22 145.303 65.5874 72.6901 225.61 179.65 159.397 36.4615 156.026 24.554 131.472 27.9677 20.2526 45.9606 104.917 58.5987 46.3184
internal_count=5555 3699 2844 855 1926 246 1680 158 95 1522 1856 137 1719 1073 612 275 299 918 725 643 151 646 106 540 118 82 193 461 261 200
is_linear=0
shrinkage=0.01


Tree=72
num_leaves=31
num_cat=0
split_feature=2 0 0 0 0 0 0 12 1 0 1 0 0 0 1 1 1 1 1 0 1 1 0 12 0 0 0 12 0 0
split_gain=76.5989 30.289 36.8334 30.9363 8.75137 13.4752 9.45342 8.17567 8.38831 7.61579 6.59987 6.46763 6.67705 8.77381 5.38294 5.5831 5.32629 11.3473 5.69266 5.15703 5.01421 4.75804 4.59681 10.6009 9.15392 3.60873 5.78594 3.23429 3.07542 7.30838
threshold=75.500000000000014 4643066.5000000009 4583097.5000000009 5494016.0000000009 4583087.5000000009 4583075.5000000009 4567385.0000000009 2.958035499889569 1058264179828.5001 5556929.5000000009 3784361550632.0005 4587470.5000000009 4589803.5000000009 4589810.0000000009 215631320312.50003 391909231608.00006 3507688962491.0005 3540363000335.5005 3704300940202.0005 4588245.5000000009 3799450294316.0005 3799450294316.0005 5496779.5000000009 1.9902329949527153 4641159.0000000009 5505757.0000000009 5498189.5000000009 1.9909035121068848 5408068.0000000009 5491476.0000000009
decision_type=2 2 2 2 2 2 2 2 2 2 2 2 2 2 2 2 2 2 2 2 2 2 2 2 2 2 2 2 2 2
left_child=7 2 4 28 5 6 -2 8 14 25 22 -4 19 -14 -1 -16 -9 -18 -19 -13 -12 -20 24 -24 -10 26 -5 -22 -3 -30
right_child=1 3 11 9 -6 -7 -8 16 10 -11 20 12 13 -15 15 -17 17 18 21 -21 27 -23 23 -25 -26 -27 -28 -29 29 -31
leaf_value=0.0030354840203228408 0.0017467943115130028 0.0091796310770582371 -0.0057912034751971412 -0.0056534186139177312 0.0082958197546739963 -0.012682775531652512 0.0070335425679393165 -0.0073461914199483627 -0.00059581984619674834 0.0038406168134080126 -0.012959421247847087 -0.0019730402841746071 -0.012709919462805816 -0.0018658685273241181 -0.010233093755886765 -0.0043531339801971746 0.0071853269938627539 -0.014788872739674226 0.0035157975329387159 0.0081906951393137129 -0.0078053201691285273 -0.0081875032471823359 -0.0054447882881457068 0.0088701623965020335 -0.0054537115001210348 -0.0090271502146124696 0.0023841668202228333 0.0019393134222462276 0.0013651662340662713 0.0095605092862293562
leaf_weight=6.7438096702098838 401.78797340393066 83.915720164775848 49.625425294041634 17.083463162183762 23.118133798241615 6.1761293560266486 36.931927114725113 72.890439182519913 163.40794950723648 29.160961747169495 8.6413117647171038 8.9478425532579422 7.8475978672504416 151.51017709076405 24.160613894462585 48.694013178348541 8.8127467632293719 5.7956289350986507 6.2258633673191053 11.292618453502655 7.2515411227941495 7.8588656932115555 8.6654729992151278 12.836641401052473 50.862908318638802 7.5940091460943213 18.825768545269966 6.4227852374315262 19.590846881270409 24.476638004183769
leaf_count=28 1642 365 208 71 94 25 150 324 672 119 42 36 33 610 106 205 36 25 26 46 31 34 36 52 212 33 76 27 85 106
internal_value=0 0.0016738 0.000688524 0.00509758 0.00229706 0.00198535 0.00219184 -0.00342216 -0.0026739 -0.000113569 -0.00179862 -0.00259568 -0.00171271 -0.00239989 -0.0055119 -0.00630309 -0.00590953 -0.00225991 -0.00644689 0.00369754 -0.00699649 -0.0030143 -0.00130665 0.00310116 -0.00174897 -0.00276413 -0.00143964 -0.0032283 0.00805629 0.00591715
internal_weight=0 897.885 697.238 200.647 468.014 444.896 438.72 439.271 337.687 72.6642 258.089 229.224 179.598 159.358 79.5984 72.8546 101.584 28.6931 19.8804 20.2405 22.3156 14.0847 235.773 21.5021 214.271 43.5032 35.9092 13.6743 127.983 44.0675
internal_count=5555 3699 2844 855 1911 1817 1792 1856 1411 299 1072 933 725 643 339 311 445 121 85 82 100 60 972 88 884 180 147 58 556 191
is_linear=0
shrinkage=0.01


Tree=73
num_leaves=31
num_cat=0
split_feature=2 0 0 0 0 0 0 1 0 1 0 2 2 0 0 0 1 2 1 2 1 0 1 0 0 0 2 1 1 12
split_gain=75.1409 29.7616 36.1244 30.4179 8.26666 17.9585 27.9856 10.9327 11.3858 9.48185 8.0567 10.2498 10.0438 16.5892 7.46976 7.39612 6.64104 6.6354 6.57248 6.3111 5.08151 4.85088 3.98501 3.54985 5.67648 3.30145 3.13146 3.10445 4.16582 4.91494
threshold=75.500000000000014 4643066.5000000009 4586868.5000000009 5494016.0000000009 4378387.5000000009 4492123.5000000009 4493360.5000000009 4223680114997.5005 4262097.0000000009 454237470018.00006 5496779.5000000009 18.500000000000004 28.500000000000004 4583087.5000000009 5556929.5000000009 4587470.5000000009 3784361566336.0005 14.500000000000002 2753137491035.0005 8.5000000000000018 3507688970202.5005 4271267.5000000009 3507688974920.5005 5505757.0000000009 5498189.5000000009 5496965.5000000009 21.500000000000004 1837832554337.5002 1955683351036.5002 1.967048558543266
decision_type=2 2 2 2 2 2 2 2 2 2 2 2 2 2 2 2 2 2 2 2 2 2 2 2 2 2 2 2 2 2
left_child=10 2 4 -3 7 9 -7 8 -2 -6 12 25 13 19 23 22 20 18 -15 -1 -17 -21 -4 24 -5 -12 -19 -14 -29 -30
right_child=1 3 15 14 5 6 -8 -9 -10 -11 11 -13 27 17 -16 16 -18 26 -20 21 -22 -23 -24 -25 -26 -27 -28 28 29 -31
leaf_value=0.0011014319054394473 0.0059923754305550867 0.007993967382277499 -0.0047456784629378674 -0.0056030546727043962 -0.0039259403504427947 -0.0072008770702856649 0.0030212916492663058 0.013953056761485061 -0.0021246567214247363 0.0089858844637047772 0.0082687053250876472 -0.0078782976884188335 -0.0033347688368208068 -0.0080384798416987622 0.0038042709109302143 -0.0013998148816722019 0.0037329684887447536 -0.012530971408816836 -0.0035729874617814166 -0.0098810483783136303 -0.0056358414890964109 -0.0025402395040671263 -0.012188426990327574 -0.0089598885395588152 0.0023608503117218578 0.00093357539518742864 -0.0063229961292765851 0.0057602571730473598 -0.0037992518342847602 0.0016567473417626042
leaf_weight=44.546505108475685 21.140264347195625 127.6927502155304 36.901090309023857 17.064743548631668 6.2900903820991507 29.92678602039814 254.89280973374844 5.3697394579648963 94.660303682088852 59.363137766718864 12.463790953159334 8.8821752071380597 53.32779249548912 64.438879087567329 29.145247161388397 122.71217089891434 20.019147604703903 25.263390675187111 67.471879407763481 10.921628072857855 36.814748078584671 51.21225243806839 8.9359424561262113 7.5746048539876929 18.821600347757339 12.086218789219854 11.977874889969824 10.194667652249334 33.469278812408447 32.585947379469872
leaf_count=181 89 556 154 71 26 121 1033 22 381 254 51 37 222 285 119 494 81 113 290 47 150 217 39 33 76 49 53 41 137 133
internal_value=0 0.00165811 0.000681846 0.00505545 0.00225557 0.00303402 0.00194722 3.99462e-06 -0.000642831 0.00774883 -0.00339128 0.00132706 -0.00378038 -0.00485919 -0.000112537 -0.00261138 -0.00169609 -0.00680676 -0.0057544 -0.00177112 -0.00237738 -0.00383058 -0.00619664 -0.00273918 -0.00142616 0.00465755 -0.0105343 -0.00148392 -0.000189477 -0.00110773
internal_weight=0 897.325 697.026 200.299 471.643 350.473 284.82 121.17 115.801 65.6532 438.842 33.4322 405.41 275.832 72.6062 225.383 179.546 169.152 131.911 106.68 159.527 62.1339 45.837 43.4609 35.8863 24.55 37.2413 129.578 76.2499 66.0552
internal_count=5555 3699 2844 855 1926 1434 1154 492 470 280 1856 137 1719 1186 299 918 725 741 575 445 644 264 193 180 147 100 166 533 311 270
is_linear=0
shrinkage=0.01


Tree=74
num_leaves=31
num_cat=0
split_feature=2 0 0 0 0 0 1 1 0 0 12 1 0 0 1 0 0 1 3 1 1 0 1 12 12 2 0 12 0 1
split_gain=73.7165 29.2398 35.4246 29.9083 8.14508 22.8204 14.0027 10.8038 9.57113 9.0833 7.9551 8.19666 7.32656 7.2684 6.55667 6.54342 8.6413 6.48483 5.53015 5.28216 5.52021 5.05018 4.96151 4.7 7.22624 7.06181 4.45316 10.2592 8.92544 3.93877
threshold=75.500000000000014 4643066.5000000009 4586868.5000000009 5494016.0000000009 4266423.5000000009 4263147.0000000009 308877337732.00006 248877212578.50003 4264007.0000000009 4270208.5000000009 2.958035499889569 1058264179828.5001 5556929.5000000009 4587470.5000000009 702778651153.00012 4589803.5000000009 4589810.0000000009 3784361550632.0005 4.5000000000000009 215631320312.50003 391909231608.00006 4588245.5000000009 3799450294316.0005 2.9798049978181558 3.9065053212666627 5.5000000000000009 5496779.5000000009 1.9902329949527153 4641159.0000000009 3524617709013.5005
decision_type=2 2 2 2 2 2 2 2 2 2 2 2 2 2 2 2 2 2 2 2 2 2 2 2 2 2 2 2 2 2
left_child=10 2 4 -3 5 14 7 -6 -7 -8 11 19 -5 29 -2 21 -17 26 -12 -1 -21 -15 -19 -20 25 -25 28 -28 -13 -4
right_child=1 3 13 12 6 8 9 -9 -10 -11 18 17 -14 15 -16 16 -18 22 23 20 -22 -23 -24 24 -26 -27 27 -29 -30 -31
leaf_value=0.0030363778927915979 0.013238026279728126 0.0079321871756815043 -0.00484367819516355 -0.0027144701013647964 0.0066192778084574943 -0.015827672722954083 0.01090610779273268 -0.0058469652627648229 -0.0029942703378930693 0.0030106791785043537 0.0034617853353854518 -0.00056727937780672759 0.0037682770841534628 -0.0019332275452160236 0.0018408870333811878 -0.012608864591511506 -0.0018304916536296366 -0.012880560429447359 -0.0091256400684993338 -0.010135441052255716 -0.0042784006437378407 0.0081278830472347689 -0.0031756164690880341 -0.010636165583168985 -0.0073050855350152268 0.0032188914209870523 -0.0053470051815405163 0.0087452864054645505 -0.0053681159968718998 -0.012763246162682471
leaf_weight=6.7401557117700568 6.0545529872179022 127.40188351273537 38.256880760192871 43.418489769101143 9.0468778014183027 10.803234308958055 15.190535724163054 30.021745786070824 12.576861396431921 357.32812282443047 6.0371487736701956 163.31009878218174 29.129482612013817 8.9448937773704529 30.352788493037224 7.8224480897188178 151.4604774415493 8.5775808691978472 38.138658970594406 24.057229548692703 48.59875376522541 11.281019523739815 13.651863679289816 4.7580007165670422 36.072498470544815 16.218017935752869 8.6484006792306918 12.829188823699949 50.762598916888237 7.5133052766323081
leaf_count=28 25 556 160 180 37 44 61 121 51 1461 26 672 119 36 126 33 610 42 166 106 205 46 58 20 164 69 36 52 212 33
internal_value=0 0.00164287 0.000675395 0.00501368 0.00223431 -0.00121467 0.00273531 -0.00296024 -0.0089242 0.00333264 -0.00336079 -0.00262272 -0.000111516 -0.00258648 0.00373624 -0.00167948 -0.00235982 -0.00175742 -0.00581931 -0.00543213 -0.00621773 0.00367837 -0.00692042 -0.00640796 -0.0045911 7.6142e-05 -0.00127017 0.00307073 -0.00170569 -0.0061437
internal_weight=0 896.604 696.654 199.95 471.375 59.7874 411.587 39.0686 23.3801 372.519 438.4 337.176 72.548 225.279 36.4073 179.509 159.283 257.78 101.224 79.3961 72.656 20.2259 22.2294 95.1872 57.0485 20.976 235.55 21.4776 214.073 45.7702
internal_count=5555 3699 2844 855 1926 246 1680 158 95 1522 1856 1411 299 918 151 725 643 1072 445 339 311 82 100 419 253 89 972 88 884 193
is_linear=0
shrinkage=0.01


Tree=75
num_leaves=31
num_cat=0
split_feature=2 0 0 0 0 0 0 12 1 0 1 0 1 1 1 1 1 1 1 1 1 0 12 0 0 0 12 1 1 1
split_gain=72.3125 28.7227 34.7447 29.4156 8.5761 13.2066 9.24706 7.82396 8.05379 7.18374 6.38011 6.14753 6.5033 5.22304 11.1322 5.62071 5.18806 5.44697 4.98796 4.9143 4.65074 4.36628 10.059 8.76037 3.49604 5.5716 3.17414 3.0657 4.01432 3.16875
threshold=75.500000000000014 4643066.5000000009 4583097.5000000009 5494016.0000000009 4583087.5000000009 4583075.5000000009 4567385.0000000009 2.958035499889569 1058264179828.5001 5556929.5000000009 3784361550632.0005 4587470.5000000009 3784361566336.0005 3507688962491.0005 3540363000335.5005 3704300940202.0005 215631320312.50003 391909231608.00006 3507688970202.5005 3799450294316.0005 3799450294316.0005 5496779.5000000009 1.9902329949527153 4641159.0000000009 5505757.0000000009 5498189.5000000009 1.9909035121068848 701677533073.50012 1861025323351.0002 1707115179210.0002
decision_type=2 2 2 2 2 2 2 2 2 2 2 2 2 2 2 2 2 2 2 2 2 2 2 2 2 2 2 2 2 2
left_child=7 2 4 27 5 6 -2 8 16 24 21 -4 18 -9 -15 -16 -1 -18 -13 -12 -17 23 -23 -10 25 -5 -21 -3 29 -29
right_child=1 3 11 9 -6 -7 -8 13 10 -11 19 12 -14 14 15 20 17 -19 -20 26 -22 22 -24 -25 -26 -27 -28 28 -30 -31
leaf_value=0.0030046996062413466 0.0016876517008948585 0.011406684548306956 -0.005645820607727327 -0.0055290127079806245 0.0081755580911517696 -0.01259212232542356 0.0069203592469568309 -0.0071994188016197185 -0.00056164936261160069 0.0037326305349228246 -0.012822525002488115 -0.00136917104478614 0.0037102944821991125 0.0071981815021995368 -0.014633066570190253 0.0035499057678826345 -0.01006417560491155 -0.0042394500703029619 -0.0055679524322529914 -0.0076921726911338461 -0.0080369245575447248 -0.0052988672098056534 0.0086602405170815785 -0.0053197258788417173 -0.0088731411976292786 0.0023643087226540237 0.0019720617142372074 0.005457888351920656 0.0080215933996724328 -0.0041841263008330527
leaf_weight=6.7430898994207373 401.35544256865978 20.557105094194412 49.434248521924019 17.036764651536942 23.077636823058128 6.1809498071670523 36.874245941638947 72.448252886533737 163.29773271083832 29.113672450184822 8.5304755717515963 122.67001378536224 20.011326730251312 8.8100983053445834 5.7593609094619778 6.2217631191015226 23.985665157437325 48.55503061413765 36.774557277560234 7.2248352319002134 7.8157064914703369 8.6397412121295947 12.825640574097632 50.712362051010132 7.549165502190589 18.822221994400024 6.4171270579099655 11.76612325012684 89.988600596785545 4.7984159737825385
leaf_count=28 1642 91 208 71 94 25 150 324 672 119 42 494 81 36 25 26 106 205 150 31 34 36 52 212 33 76 27 51 394 20
internal_value=0 0.00162753 0.000668901 0.00497151 0.00223187 0.00192322 0.00212795 -0.00333037 -0.0025984 -0.000110438 -0.00174075 -0.00252332 -0.00166318 -0.00577084 -0.0021529 -0.00631438 -0.00538548 -0.0061654 -0.00233758 -0.00686898 -0.00290135 -0.00125788 0.00304175 -0.00168913 -0.00268797 -0.00138584 -0.00314615 0.00787097 0.00718884 0.00266479
internal_weight=0 896.01 696.378 199.632 467.488 444.411 438.23 437.987 336.932 72.5218 257.648 228.89 179.456 101.055 28.6069 19.7968 79.2838 72.5407 159.445 22.1724 14.0375 235.475 21.4654 214.01 43.4082 35.859 13.642 127.11 106.553 16.5645
internal_count=5555 3699 2844 855 1911 1817 1792 1856 1411 299 1072 933 725 445 121 85 339 311 644 100 60 972 88 884 180 147 58 556 465 71
is_linear=0
shrinkage=0.01


Tree=76
num_leaves=31
num_cat=0
split_feature=2 1 1 1 1 1 12 1 1 1 1 1 1 1 1 1 1 1 1 1 1 1 1 12 2 1 1 1 2 2
split_gain=70.9365 11.8342 12.1 14.0656 10.97 8.27518 7.69826 7.91342 6.27793 5.14063 10.9188 5.53951 5.09567 5.37501 4.86719 4.56772 4.12447 4.05696 16.0788 7.75539 4.02714 7.70811 3.72009 3.11801 2.92069 2.51322 2.39553 1.99124 1.79443 1.61857
threshold=75.500000000000014 215631317547.00003 1861025325735.5002 1955339855810.5002 1707115179210.0002 1119808861620.0002 2.958035499889569 1058264179828.5001 3784361550632.0005 3507688962491.0005 3540363000335.5005 3704300940202.0005 215631320312.50003 391909231608.00006 3799450294316.0005 3799450294316.0005 308877337732.00006 3507688970202.5005 3048596239447.5005 4084856406127.0005 1392992072781.5002 1861025321321.0002 1955339837508.5002 1.9909035121068848 10.500000000000002 2753137481293.0005 308877341170.00006 1392992072781.5002 45.500000000000007 24.500000000000004
decision_type=2 2 2 2 2 2 2 2 2 2 2 2 2 2 2 2 2 2 2 2 2 2 2 2 2 2 2 2 2 2
left_child=6 -2 4 22 5 16 7 12 20 24 -11 -12 -1 -14 -10 -13 -3 18 -5 -19 28 -22 -4 -16 25 -8 -26 -7 -9 -28
right_child=1 2 3 17 -6 27 9 8 14 10 11 15 13 -15 23 -17 -18 19 -20 -21 21 -23 -24 -25 26 -27 29 -29 -30 -31
leaf_value=0.0029733779681230628 0.008176591901154967 -0.0031735701628851122 0.0034231055577175306 0.001246145613238937 -0.0057640500382924158 0.0025924709112289902 -0.0034957759697321457 0.0052700758702838458 -0.012765290368073071 0.0071196541364612013 -0.01453812041789497 0.0035123593535750994 -0.0099936578426563991 -0.0042008548748040447 -0.0076302454049288638 -0.0079744117284688016 0.00026956804921094221 7.3489504941804082e-05 0.0062248121466786134 0.0040956061220608275 -0.0073291549533150858 -0.001004953035673204 0.013024432121192078 0.0019515579517589924 -0.0022616088747049886 -0.010226150414953479 -0.010732904826756992 0.0069210903926416956 -0.0014941978439189886 -0.0043948543331299222
leaf_weight=6.7459662258625022 26.646415621042252 49.265378698706627 5.5684659630060223 227.57952858507633 33.203366786241531 44.992669746279716 25.811621278524399 12.955349460244181 8.4832726866006869 8.8181572556495684 5.7391062229871777 6.2253712713718397 23.913726270198822 48.51133468747139 7.2107086330652219 7.7982933223247528 118.4085405766964 208.20968906581402 90.727627873420715 62.279171422123909 21.380800724029541 195.43960218131542 14.658096238970755 6.4196883589029312 4.6785324811935416 7.0673340111970893 30.079855784773827 13.913794055581091 5.6243757158517829 4.6524077951908103
leaf_count=28 112 201 23 939 136 186 114 54 42 36 25 26 106 205 31 34 487 860 377 259 92 803 62 27 21 31 137 57 23 21
internal_value=0 0.00161227 0.00141094 0.0021817 -0.000395995 0.000390647 -0.00330035 -0.00257433 -0.00172426 -0.00572366 -0.0021334 -0.00626212 -0.00533928 -0.00611356 -0.00681852 -0.00287522 -0.000742083 0.00190003 0.00266522 0.000999569 -0.0012457 -0.00162859 0.0103811 -0.00311738 -0.00714313 -0.00494247 -0.00897906 0.0036149 0.00322242 -0.00988392
internal_weight=0 895.453 868.806 609.023 259.784 226.58 437.556 336.685 257.514 100.871 28.5809 19.7628 79.171 72.4251 22.1137 14.0237 167.674 588.796 318.307 270.489 235.4 216.82 20.2266 13.6304 72.2898 32.879 39.4108 58.9065 18.5797 34.7323
internal_count=5555 3699 3587 2520 1067 931 1856 1411 1072 445 121 85 339 311 100 60 688 2435 1316 1119 972 895 85 58 324 145 179 243 77 158
is_linear=0
shrinkage=0.01


Tree=77
num_leaves=31
num_cat=0
split_feature=2 1 1 1 1 1 13 1 1 3 1 1 1 13 13 2 1 1 1 1 1 1 1 3 13 1 2 13 13 1
split_gain=69.575 11.6147 11.8625 13.8221 10.7525 8.1126 7.57683 7.77643 6.17783 5.42752 5.00498 5.30428 4.82077 4.60659 7.03947 6.96597 4.0421 3.97728 15.7693 7.60647 3.94673 7.57363 3.66697 3.58101 3.06291 1.95314 1.75657 1.72228 1.52893 1.48642
threshold=75.500000000000014 215631317547.00003 1861025325735.5002 1955339855810.5002 1707115179210.0002 1119808861620.0002 2.9788486887600123 1058264179828.5001 3784361550632.0005 4.5000000000000009 215631320312.50003 391909231608.00006 3799450294316.0005 2.9898745431574811 3.9528525860085275 5.5000000000000009 308877337732.00006 3507688970202.5005 3048596239447.5005 4084856406127.0005 1392992072781.5002 1861025321321.0002 1955339837508.5002 14.500000000000002 1.9954413512257532 1392992072781.5002 45.500000000000007 2.9868494858920722 2.981156307362995 308877327367.00006
decision_type=2 2 2 2 2 2 2 2 2 2 2 2 2 2 2 2 2 2 2 2 2 2 2 2 2 2 2 2 2 2
left_child=6 -2 4 22 5 16 7 10 20 -8 -1 29 -10 27 15 -15 -3 18 -5 -19 26 -22 -4 -16 -14 -7 -9 28 -11 -12
right_child=1 2 3 17 -6 25 9 8 12 13 11 -13 24 14 23 -17 -18 19 -20 -21 21 -23 -24 -25 -26 -27 -28 -29 -30 -31
leaf_value=0.0029424081267105857 0.0081029617023329233 -0.0031416379837622701 0.0033894783183823674 0.0012337922199439758 -0.0057068400207256941 0.0025671293597738206 0.0035251460295865301 0.0052125145909320148 -0.012708835366719051 -0.012150871829912091 -0.0076821446136571356 -0.0041626117222217816 -0.0075689022756019646 -0.010516156394709026 -0.009342791418712389 0.0032674563197200163 0.00026687561264982228 7.2754695759955063e-05 0.0061651056960778218 0.0040569263852265162 -0.00726891485859682 -0.00099502859842660061 0.012925826972105732 -0.002586767031125814 0.0019312796493889 0.006854992486299053 -0.0014795764169383172 -0.011855966796897386 -0.0060848637573401873 -0.012705029121900191
leaf_weight=6.7487857341766349 26.619794860482216 49.268439099192619 5.5674790740013149 227.55966249108315 33.200874492526054 44.982501924037933 6.0256071537733069 12.967369318008425 8.435984671115877 5.2965742945671108 13.200942322611811 48.467673808336258 7.1965284496545774 4.7396049946546581 24.203136742115021 16.19454163312912 118.4071384370327 208.20902542769909 90.69041121006012 62.244400650262833 21.34260331094265 195.41516102850437 14.622395917773245 11.608504369854925 6.4222124516963959 13.907507404685019 5.6231632530689231 13.332664951682089 19.280129313468933 10.640495061874388
leaf_count=28 112 201 23 939 136 186 26 54 42 23 59 205 31 20 112 69 487 860 377 259 92 803 62 52 27 57 23 59 84 47
internal_value=0 0.00159646 0.00139707 0.00216035 -0.00039206 0.000386767 -0.00327049 -0.00255031 -0.00170778 -0.00567721 -0.00529351 -0.00606219 -0.00676854 -0.00626302 -0.00445991 0.000146771 -0.000734655 0.00188133 0.00263905 0.000989705 -0.00123353 -0.00161277 0.0102961 -0.0071528 -0.00308889 0.00357975 0.00318833 -0.00896207 -0.00739216 -0.00992387
internal_weight=0 895.28 868.66 608.893 259.766 226.566 437.142 336.461 257.403 100.681 79.0579 72.3091 22.0547 94.6552 56.7458 20.9341 167.676 588.703 318.25 270.453 235.348 216.758 20.1899 35.8116 13.6187 58.89 18.5905 37.9094 24.5767 23.8414
internal_count=5555 3699 3587 2520 1067 931 1856 1411 1072 445 339 311 100 419 253 89 688 2435 1316 1119 972 895 85 164 58 243 77 166 107 106
is_linear=0
shrinkage=0.01


Tree=78
num_leaves=31
num_cat=0
split_feature=2 0 0 0 0 0 0 1 0 1 0 2 0 2 12 0 0 0 0 0 2 0 0 12 1 2 1 0 0 1
split_gain=68.2382 28.1291 34.155 28.9642 8.09385 17.6742 27.3988 10.636 11.1011 9.24319 7.62628 9.90857 9.65017 17.3862 9.20269 7.09259 6.99913 6.41335 8.52737 6.24254 5.31667 5.08115 4.9479 4.72464 6.1261 4.58136 3.88558 3.44395 5.43979 3.3036
threshold=75.500000000000014 4643066.5000000009 4586868.5000000009 5494016.0000000009 4378387.5000000009 4492123.5000000009 4493360.5000000009 4223680114997.5005 4262097.0000000009 454237470018.00006 5496779.5000000009 18.500000000000004 4583087.5000000009 43.500000000000007 1.9696704931723785 5556929.5000000009 4587470.5000000009 4589803.5000000009 4589810.0000000009 4587345.5000000009 7.5000000000000009 4546978.0000000009 4588245.5000000009 1.9909035121068848 2940898968050.0005 44.500000000000007 3524617709013.5005 5505757.0000000009 5498189.5000000009 3376693905145.5005
decision_type=2 2 2 2 2 2 2 2 2 2 2 2 2 2 2 2 2 2 2 2 2 2 2 2 2 2 2 2 2 2
left_child=10 2 4 -3 7 9 -7 8 -2 -6 12 -12 20 19 -15 27 26 22 -19 -14 21 -1 -18 25 -25 -22 -4 28 -5 -21
right_child=1 3 16 15 5 6 -8 -9 -10 -11 11 -13 13 14 -16 -17 17 18 -20 29 23 -23 -24 24 -26 -27 -28 -29 -30 -31
leaf_value=0.00022681589384717586 0.0058630554775322584 0.0077804462341158646 -0.0047763298228634529 -0.0055108697681117945 -0.0039067279585325836 -0.0071945042952347629 0.0029216541750986137 0.013723754934644341 -0.0021636512409256405 0.0088489623553228147 0.0046269646215871046 -0.0077173216215282508 -0.011032967967213978 -0.0015320479411567215 0.010300098652252999 0.0036736791283064662 -0.0019279441864214991 -0.012548862033933994 -0.0018299687582998565 -0.0067050176981564803 0.0026735860920817805 0.011162084750074561 0.0080352108823431162 -0.0068059303251593109 -0.00024634383451838489 -0.0030018170487331698 -0.012660139401022103 -0.0088509977222176964 0.0022912183586902436 -0.0038385448732447948
leaf_weight=29.105096265673637 21.066167935729027 126.63660898804665 38.189190238714218 17.027585655450821 6.284868359565734 29.919982999563217 254.56493620574474 5.3471054285764685 94.623916417360306 59.110540777444839 24.520955249667168 8.8490892052650434 24.009006842970848 47.605902954936028 7.6264108121395102 29.084972605109215 8.9426480531692505 7.8044533580541602 151.41513696312904 102.74269483983517 24.708283081650734 4.9755645543336859 11.261818200349808 41.297339588403702 21.728324040770531 33.517840266227722 7.475156530737876 7.5417418181896201 18.806100562214851 66.05551441013813
leaf_count=118 89 556 160 71 26 121 1033 22 381 254 100 37 111 196 31 119 36 33 610 451 102 20 46 180 89 137 33 33 76 284
internal_value=0 0.00158081 0.000632687 0.00489529 0.00216421 0.0029353 0.00185771 -6.47626e-05 -0.000702057 0.00762307 -0.00324079 0.0013535 -0.00362087 -0.00484488 0.00010172 -0.000146991 -0.00257149 -0.00168189 -0.00235538 -0.0062619 -0.00166633 0.0018233 0.00362544 -0.00264717 -0.00454449 -0.000593457 -0.00606689 -0.0027089 -0.00141621 -0.00558329
internal_weight=0 895.103 696.006 199.097 470.918 349.88 284.485 121.037 115.69 65.3954 436.742 33.37 403.372 248.04 55.2323 72.4604 225.088 179.424 159.22 192.807 155.332 34.0807 20.2045 121.252 63.0257 58.2261 45.6643 43.3754 35.8337 168.798
internal_count=5555 3699 2844 855 1926 1434 1154 492 470 280 1856 137 1719 1073 227 299 918 725 643 846 646 138 82 508 269 239 193 180 147 735
is_linear=0
shrinkage=0.01


Tree=79
num_leaves=31
num_cat=0
split_feature=2 0 0 0 0 0 0 0 0 0 2 2 0 0 0 2 0 0 0 2 0 0 0 0 0 0 0 2 0 0
split_gain=66.9463 27.636 33.4946 28.4801 7.98614 22.1542 12.8654 13.5497 9.40166 7.48464 9.71906 9.5094 15.9687 6.9567 6.878 6.5607 6.35348 6.28817 8.39058 5.95442 4.85525 4.76229 4.0999 3.39662 3.38799 5.33698 3.23978 3.10827 3.07284 7.27057
threshold=75.500000000000014 4643066.5000000009 4586868.5000000009 5494016.0000000009 4266423.5000000009 4263147.0000000009 4271172.0000000009 4378387.5000000009 4264007.0000000009 5496779.5000000009 18.500000000000004 28.500000000000004 4583087.5000000009 5556929.5000000009 4587470.5000000009 14.500000000000002 4587692.0000000009 4589803.5000000009 4589810.0000000009 8.5000000000000018 4588245.5000000009 4271267.5000000009 4268580.0000000009 4262097.0000000009 5505757.0000000009 5498189.5000000009 5496965.5000000009 21.500000000000004 5408068.0000000009 5491476.0000000009
decision_type=2 2 2 2 2 2 2 2 2 2 2 2 2 2 2 2 2 2 2 2 2 2 2 2 2 2 2 2 2 2
left_child=9 2 4 28 5 23 22 -8 -7 11 26 12 19 24 -4 16 -14 20 -19 -1 -16 -21 -6 -2 25 -5 -11 -17 -3 -30
right_child=1 3 14 13 6 8 7 -9 -10 10 -12 -13 15 -15 17 27 -18 18 -20 21 -22 -23 -24 -25 -26 -27 -28 -29 29 -31
leaf_value=0.0011790555363073993 0.0061178484402575287 0.0088514496789932999 -0.006015154253895043 -0.0054618554646587384 0.0049463538964640719 -0.015723668006789236 -0.0030474286324661194 0.0029078282116608034 -0.0029971719178165874 0.008160379678020387 -0.0076519296424473783 -0.0013529582033363298 -0.007541320760486029 0.003638943002940312 -0.001908927897155858 -0.012303086948014238 -0.0031159177340458156 -0.012458846077046688 -0.0018118912831990111 -0.0096469258045562764 0.0079631458752964877 -0.0023401660678778659 0.01460874112584371 -0.00011806023663493936 -0.0087854516606622173 0.0022688160123882084 0.00088986933964493203 -0.0060842606233048506 0.0010074930865530609 0.009230041179560021
leaf_weight=44.472807928919792 21.723855018615723 82.80471596121788 45.597005635499954 17.00868184864521 7.2352017164230373 10.783002540469171 42.892432138323784 349.6564434915781 12.573427274823187 12.447828084230425 8.8355327993631345 129.2389493137598 70.93999345600605 29.069063678383827 8.9414215981960297 24.926733702421188 59.780173629522324 7.7823437005281439 151.39665272831917 10.815342515707014 11.250156685709953 50.900606974959373 11.172725036740301 14.60844513773918 7.5221273750066748 18.801898583769798 12.073686078190802 11.861711576581 19.380700081586838 24.158083602786064
leaf_count=181 92 365 193 71 29 44 172 1434 51 51 37 533 319 119 36 113 256 33 610 47 46 217 45 59 33 76 49 53 85 106
internal_value=0 0.00156633 0.000626719 0.00485497 0.00214383 -0.00127419 0.00264027 0.00225712 -0.00887263 -0.00321172 0.00134047 -0.00358857 -0.00464422 -0.000145653 -0.00254716 -0.0065674 -0.00551752 -0.00166558 -0.00233243 -0.00161048 0.0035915 -0.00362063 0.010811 0.00361052 -0.00268449 -0.00140296 0.00458059 -0.0102979 0.0077206 0.00556989
internal_weight=0 894.358 695.613 198.745 470.646 59.6887 410.957 392.549 23.3564 436.293 33.357 402.936 273.697 72.4018 224.968 167.509 130.72 179.371 159.179 106.189 20.1916 61.7159 18.4079 36.3323 43.3327 35.8106 24.5215 36.7884 126.343 43.5388
internal_count=5555 3699 2844 855 1926 246 1680 1606 95 1856 137 1719 1186 299 918 741 575 725 643 445 82 264 74 151 180 147 100 166 556 191
is_linear=0
shrinkage=0.01


Tree=80
num_leaves=31
num_cat=0
split_feature=2 0 0 0 0 0 0 0 2 2 0 0 2 0 2 0 0 0 0 0 0 0 0 2 0 0 0 0 0 0
split_gain=65.6744 27.154 32.8528 28.0049 8.39427 12.947 9.05505 7.34453 9.5343 9.35043 15.7136 6.82344 6.48064 6.26229 5.8415 5.81369 6.16548 8.25655 4.76446 4.68646 3.33301 5.23613 3.17795 3.07674 3.03252 7.15976 2.98648 9.29012 2.97506 2.96361
threshold=75.500000000000014 4643066.5000000009 4583097.5000000009 5494016.0000000009 4583087.5000000009 4583075.5000000009 4567385.0000000009 5496779.5000000009 18.500000000000004 28.500000000000004 4583087.5000000009 5556929.5000000009 14.500000000000002 4587692.0000000009 8.5000000000000018 4587470.5000000009 4589803.5000000009 4589810.0000000009 4588245.5000000009 4271267.5000000009 5505757.0000000009 5498189.5000000009 5496965.5000000009 21.500000000000004 5408068.0000000009 5491476.0000000009 5494016.0000000009 4753603.0000000009 4587374.0000000009 4543160.0000000009
decision_type=2 2 2 2 2 2 2 2 2 2 2 2 2 2 2 2 2 2 2 2 2 2 2 2 2 2 2 2 2 2
left_child=7 2 4 24 5 6 -2 9 22 10 14 20 13 -12 29 28 18 -18 -17 -16 21 -5 -9 -14 -3 -26 27 -11 -4 -1
right_child=1 3 15 11 -6 -7 -8 8 -10 26 12 -13 23 -15 19 16 17 -19 -20 -21 -22 -23 -24 -25 25 -27 -28 -29 -30 -31
leaf_value=-0.00044179854966096228 0.0016035594480207865 0.0087866518783428216 -0.004236232713667477 -0.0054133011862718232 0.0080295215060397808 -0.012531954578156619 0.0067868893563498333 0.008082413678210677 -0.0075872053369277197 -0.0015091891928285708 -0.0074838013805021818 0.0036045397174578027 -0.012230045278464989 -0.0030870086521725681 -0.0095739925717222077 -0.0018901000833280465 -0.012370129544180999 -0.001793993348189652 0.0078918993773090616 -0.0023179764338062772 -0.0087205316775779002 0.0022466331241589271 0.00088092152089682947 -0.0060348179169270504 0.00099771591623418025 0.0091630357469774694 -0.0064901693537165323 0.011751653822163895 -0.010203041537403959 0.0053084599792223878
leaf_weight=32.032818377017975 400.72831234335899 82.582331985235214 38.599522277712822 16.98972325026989 23.021598070859909 6.1838385313749304 36.798306986689568 12.442253112792971 8.8218660056591016 113.31587322056293 70.771224543452263 29.053125083446503 24.825356706976891 59.736818000674248 10.788887798786162 8.9401909708976746 7.7598887085914603 151.37810683250427 11.238264217972755 50.874125257134438 7.5024437308311454 18.797690376639366 12.074354276061056 11.839417234063147 19.374941810965538 24.091728389263153 10.355842188000677 5.5413254648447028 10.665108323097227 12.444960966706274
leaf_count=130 1642 365 162 71 94 25 150 51 37 467 319 119 113 256 47 36 33 610 46 217 33 76 49 53 85 106 43 23 46 51
internal_value=0 0.00155181 0.000620717 0.00481504 0.0021419 0.00183643 0.0020395 -0.00318276 0.0013278 -0.00355634 -0.00460429 -0.000144328 -0.00651487 -0.00547128 -0.00159511 -0.00248534 -0.00164942 -0.00230971 0.00355792 -0.00358753 -0.00266031 -0.00138985 0.0045357 -0.0102295 0.00766136 0.00552341 -0.0013397 -0.000890946 -0.00552796 0.00116713
internal_weight=0 893.705 695.313 198.392 466.732 443.71 437.527 435.865 33.3385 402.527 273.314 72.343 167.173 130.508 106.141 228.581 179.316 159.138 20.1785 61.663 43.2899 35.7874 24.5166 36.6648 126.049 43.4667 129.213 118.857 49.2646 44.4778
internal_count=5555 3699 2844 855 1911 1817 1792 1856 137 1719 1186 299 741 575 445 933 725 643 82 264 180 147 100 166 556 191 533 490 208 181
is_linear=0
shrinkage=0.01


Tree=81
num_leaves=31
num_cat=0
split_feature=12 1 1 1 1 1 1 1 1 12 12 1 1 3 1 1 1 1 1 1 12 1 3 12 1 1 1 3 1 1
split_gain=64.4253 11.4648 11.5823 13.5529 10.5572 7.93514 7.31485 7.48182 5.50006 7.62188 5.96801 4.86975 5.57117 5.84303 3.97462 3.94066 15.5775 7.36297 3.71731 3.57817 2.79917 2.52502 2.34942 2.24703 1.98083 1.94396 1.93448 1.75185 1.72696 2.40177
threshold=1.9501783728997251 215631317547.00003 1861025325735.5002 1955339855810.5002 1707115179210.0002 1119808861620.0002 1837832554337.5002 3784361550632.0005 3704300940202.0005 3.9088714247976588 2.9868489734371382 1758355645294.5002 1058264179828.5001 45.500000000000007 308877337732.00006 3507688970202.5005 3048596239447.5005 4084856406127.0005 3799450294316.0005 1955339837508.5002 1.9895629315190633 1392992072781.5002 65.500000000000014 1.9611750976477826 3743724172461.0005 215631320312.50003 1392992072781.5002 10.500000000000002 4311877336090.5005 4223680124756.0005
decision_type=2 2 2 2 2 2 2 2 2 2 2 2 2 2 2 2 2 2 2 2 2 2 2 2 2 2 2 2 2 2
left_child=1 -1 4 19 5 14 11 8 9 10 -8 12 20 -14 -3 16 -5 -17 -9 -4 23 -15 -10 -2 -24 -22 -7 -11 29 -20
right_child=6 2 3 15 -6 26 7 18 22 27 -12 -13 13 21 -16 17 -18 -19 28 -21 25 -23 24 -25 -26 -27 -28 -29 -30 -31
leaf_value=0.0080137009841444572 -0.0083005979242795919 -0.0031557746704029156 0.0033422602249112265 0.0011754805211717349 -0.0057015285465458025 0.0024949048368524194 -0.0019611359167386235 -0.012590015223417446 0.0062861322234167129 -0.013177169942665264 0.0092706413668712812 -0.0096503656601303941 -0.0076280411021244715 0.0037190342906835367 0.00022671261683923386 2.676552125841864e-05 0.0060839570851163871 0.0039524357541266212 -0.0059125694370862035 0.01277723844033799 -0.00099465510907215831 -0.0032311571073255171 -0.0015838491212037615 -0.0021058963402377754 0.005282128199640238 -0.0071604297469211459 0.0067669213897041201 -0.0058436063360236433 -0.0083026498979739977 0.0028555805517758177
leaf_weight=26.521922424435616 7.1825589984655371 49.204563423991203 5.5549828857183483 227.04249352216721 33.139023214578629 44.868065387010574 199.42681124806404 8.3293865919113177 10.175760537385942 6.6441164612770081 4.8457287549972525 18.792761489748955 9.0885076224803907 18.105645030736927 118.16988296806812 207.76197855174541 90.398578613996506 62.046080619096756 7.9182774573564547 14.542366564273832 5.5889471918344489 7.3489000648260108 14.508488342165949 31.694227308034897 5.9149114191532126 60.1005629748106 13.878524020314215 6.3902836292982084 8.2194815129041654 5.1597210466861725
leaf_count=112 30 201 23 939 136 186 826 42 42 31 20 86 41 75 487 860 377 259 34 62 24 31 59 133 24 271 57 29 36 22
internal_value=0 0.00153729 0.00133909 0.00209442 -0.000430358 0.000342155 -0.00315409 -0.00217645 -0.00160885 -0.00216778 -0.0016947 -0.00487241 -0.00422694 -0.000745083 -0.000767667 0.00181807 0.00257328 0.000929527 -0.00692594 0.0101694 -0.00537716 0.00171247 0.00236053 -0.00325038 0.000404637 -0.00663584 0.00350414 -0.0095818 -0.00471074 -0.00245323
internal_weight=0 893.128 866.607 607.346 259.26 226.121 435.435 277.533 247.906 217.307 204.273 157.902 139.109 34.5431 167.374 587.249 317.441 269.808 29.6269 20.0973 104.566 25.4545 30.5992 38.8768 20.4234 65.6895 58.7466 13.0344 21.2975 13.078
internal_count=5555 3699 3587 2520 1067 931 1856 1165 1031 906 846 691 605 147 688 2435 1316 1119 134 85 458 106 125 163 83 295 243 60 92 56
is_linear=0
shrinkage=0.01


Tree=82
num_leaves=31
num_cat=0
split_feature=2 0 0 0 0 0 1 1 0 1 1 1 0 0 1 1 1 12 12 1 1 1 12 1 1 0 0 1 1 1
split_gain=63.1881 26.6366 32.2547 27.5564 7.84094 21.6922 13.2371 10.2387 9.25067 8.75518 7.19383 7.36358 6.71514 6.63443 6.42167 6.27674 5.39237 7.50769 5.84446 4.80509 5.47545 4.76004 3.92575 3.85021 3.68826 3.28136 5.12474 3.06661 3.88775 2.99294
threshold=75.500000000000014 4643066.5000000009 4586868.5000000009 5494016.0000000009 4266423.5000000009 4263147.0000000009 308877337732.00006 248877212578.50003 4264007.0000000009 3784361546101.0005 1837832554337.5002 3784361550632.0005 5556929.5000000009 4587470.5000000009 702778651153.00012 3784361566336.0005 3704300940202.0005 3.9088714247976588 2.9868489734371382 1758355645294.5002 1058264179828.5001 3507688970202.5005 2.9569667855787527 3507688974920.5005 3799450294316.0005 5505757.0000000009 5498189.5000000009 701677533073.50012 1861025323351.0002 1707115179210.0002
decision_type=2 2 2 2 2 2 2 2 2 2 2 2 2 2 2 2 2 2 2 2 2 2 2 2 2 2 2 2 2 2
left_child=10 2 4 27 5 14 7 -6 -7 -8 19 16 25 23 -2 21 17 18 -12 20 -1 -15 -22 -4 -13 26 -5 -3 29 -29
right_child=1 3 13 12 6 8 9 -9 -10 -11 11 24 -14 15 -16 -17 -18 -19 -20 -21 22 -23 -24 -25 -26 -27 -28 28 -30 -31
leaf_value=-0.0053317789877859343 0.012964199819719935 0.011148931258393639 -0.0045015611473629103 -0.0053801842251253711 0.0063884609287848748 -0.015625358771807051 0.0037569012471191103 -0.0057641440414536215 -0.0029949785450688244 -0.00080827785922219842 -0.0019420776328155653 -0.012535904685677 0.0035592425239876395 -0.0013670326832550745 0.0016606844712903101 0.0036332648895462663 0.0023363598487269139 -0.0095185791294974363 0.0091656186242448142 -0.0095856934028642898 0.0010301614687931882 -0.0054721136127888637 -0.0071683937170309662 -0.01186666218387618 -0.0046698603027148216 -0.0086774057405227031 0.0022005035788949436 0.005173222969683468 0.0077288931643778582 -0.0042124500893274616
leaf_weight=104.4026907235384 6.027148872613906 20.282911628484726 36.680871650576591 16.975423634052277 9.014437407255171 10.763228088617327 323.31616233289242 30.021034628152847 12.572345539927481 48.28333392739296 199.37030081450939 8.2819245755672473 29.03069232404232 122.58013606071472 30.257070899009705 19.978621378540993 30.606425687670708 12.990016579627989 4.8522074818611136 18.730668172240257 27.080961093306541 36.704672783613205 7.4464317858219138 8.8008383363485319 21.269326031208038 7.4887512177228919 18.787287250161171 11.653103992342951 88.934535548090935 4.7958230525255194
leaf_count=458 25 91 154 71 37 44 1324 121 51 198 826 42 119 494 126 81 125 60 20 86 113 150 34 39 92 33 76 51 394 20
internal_value=0 0.00152223 0.000600491 0.00475849 0.00208979 -0.00129904 0.00258181 -0.00295775 -0.00882058 0.00316373 -0.00312549 -0.00215598 -0.000161106 -0.00251571 0.0035383 -0.00165028 -0.00159333 -0.00214705 -0.00167817 -0.00483113 -0.00419012 -0.00231298 -0.000737999 -0.00592673 -0.00687437 -0.00265823 -0.00139781 0.00758819 0.00690286 0.00243675
internal_weight=0 892.948 695 197.949 470.255 59.6198 410.635 39.0355 23.3356 371.599 435.031 277.37 72.2822 224.745 36.2842 179.263 247.819 217.213 204.223 157.661 138.93 159.285 34.5274 45.4817 29.5513 43.2515 35.7627 125.666 105.383 16.4489
internal_count=5555 3699 2844 855 1926 246 1680 158 95 1522 1856 1165 299 918 151 725 1031 906 846 691 605 644 147 193 134 180 147 556 465 71
is_linear=0
shrinkage=0.01


Tree=83
num_leaves=31
num_cat=0
split_feature=12 0 0 0 0 0 0 0 12 0 0 0 12 0 0 0 0 0 12 12 0 0 12 0 0 0 0 12 12 3
split_gain=61.9834 26.174 31.6291 27.0995 8.24891 12.6563 8.88835 7.16239 9.32432 9.12463 13.5951 10.3945 7.12572 6.58655 5.60401 6.04292 8.1419 4.66741 4.31949 8.3662 3.22825 5.02796 3.14723 3.00368 7.07404 2.95584 2.92989 2.82758 2.45821 3.87629
threshold=1.9501783728997251 4643066.5000000009 4583097.5000000009 5494016.0000000009 4583087.5000000009 4583075.5000000009 4567385.0000000009 5496779.5000000009 1.9915744832887996 4583087.5000000009 4587555.5000000009 4641135.5000000009 2.9591934780352016 5556929.5000000009 4587470.5000000009 4589803.5000000009 4589810.0000000009 4588245.5000000009 2.9285498477430596 2.958035499889569 5505757.0000000009 5498189.5000000009 1.9709841250782696 5408068.0000000009 5491476.0000000009 5496965.5000000009 4587374.0000000009 1.9848851658944422 2.985166426552643 56.500000000000007
decision_type=2 2 2 2 2 2 2 2 2 2 2 2 2 2 2 2 2 2 2 2 2 2 2 2 2 2 2 2 2 2
left_child=1 2 4 23 5 6 -1 9 -9 28 18 12 -12 20 26 17 -17 -16 27 -20 21 -5 -13 -3 -25 -10 -4 -11 29 -2
right_child=7 3 14 13 -6 -7 -8 8 25 10 11 22 -14 -15 15 16 -18 -19 19 -21 -22 -23 -24 24 -26 -27 -28 -29 -30 -31
leaf_value=0.0015541925906448931 -0.0053341697246542842 0.0086541874080180298 -0.0041639361149444359 -0.0053323927911691025 0.0079295718629345535 -0.012414377927393175 0.0066933438908410329 -0.0050096131245619766 0.0099620436428769447 -0.0061589862223151446 0.0017380493610548154 -0.0022785099951581778 -0.0072570123329493376 0.0035256017632638724 -0.0018679371475793061 -0.012293443058953238 -0.0017762600385048089 0.0078178602950515486 0.0035238729419105599 -0.0072108026611539264 -0.0086135022188075557 0.0021789906981316827 -0.0065268593492100813 0.000894865991748507 0.0090290144725212202 0.0021895485095690908 -0.010096300023703828 -0.01132446032576479 0.0037498570534081929 -0.0011022684775048796
leaf_weight=400.43825559318066 26.39338256418705 82.099683552980423 38.522537514567375 16.956386283040047 22.98106737434864 6.1895205080509177 36.742065936326981 13.601299256086348 9.039026230573656 15.779330074787138 54.471976652741432 26.071496143937111 10.505317091941832 29.014700949192047 8.9374656677246094 7.7371760606765738 151.328368678689 11.221964374184608 8.6194176822900754 46.041530564427376 7.4689667075872412 18.78306744992733 52.656227871775627 19.31157810986042 23.952789977192879 10.666705638170241 10.620423242449759 32.268836453557014 8.2389645427465421 120.29189155995846
leaf_count=1642 113 365 162 71 94 25 150 57 37 66 229 108 46 119 36 33 610 46 37 213 33 76 229 85 106 43 46 145 35 498
internal_value=0 0.00150811 0.000594724 0.00471958 0.00208786 0.00178507 0.0019861 -0.00309701 0.00135903 -0.00346682 -0.0046624 -0.00267664 0.000283757 -0.00015964 -0.00245442 -0.00163414 -0.00228783 0.00352377 -0.00744077 -0.00551806 -0.0026343 -0.00138474 -0.00511997 0.00753053 0.00539824 0.00575479 -0.005446 -0.00962809 -0.00156519 -0.00186372
internal_weight=0 892.306 694.719 197.587 466.351 443.37 437.18 434.645 33.307 401.338 246.414 143.705 64.9773 72.2231 228.368 179.225 159.066 20.1594 102.709 54.6609 43.2084 35.7395 78.7277 125.364 43.2644 19.7057 49.143 48.0482 154.924 146.685
internal_count=5555 3699 2844 855 1911 1817 1792 1856 137 1719 1073 612 275 299 933 725 643 82 461 250 180 147 337 556 191 80 208 211 646 611
is_linear=0
shrinkage=0.01


Tree=84
num_leaves=31
num_cat=0
split_feature=2 1 1 1 1 1 1 1 1 12 12 1 1 1 1 1 12 1 1 1 12 1 2 12 1 1 1 2 1 1
split_gain=60.8033 11.1713 10.6929 13.275 10.6328 7.31281 7.08719 7.20638 5.28512 7.36898 5.72217 4.73993 5.38709 3.83614 15.3637 7.19782 3.83258 3.66016 3.50681 2.82712 2.7493 2.69642 2.21872 2.02273 1.92519 1.91074 1.69834 3.19742 1.58412 1.30623
threshold=75.500000000000014 215631310585.50003 1861025325735.5002 1955339855810.5002 1707115179210.0002 1119808861620.0002 1837832554337.5002 3784361550632.0005 3704300940202.0005 3.9088714247976588 2.9868489734371382 1758355645294.5002 1058264179828.5001 3507688970202.5005 3048596239447.5005 4084856406127.0005 2.9569667855787527 3799450294316.0005 1955339837508.5002 1392992072781.5002 1.9895629315190633 308877337732.00006 58.500000000000007 1.9962840201899541 215631320312.50003 1392992072781.5002 4311877336090.5005 13.500000000000002 3704300953769.5005 1861025321321.0002
decision_type=2 2 2 2 2 2 2 2 2 2 2 2 2 2 2 2 2 2 2 2 2 2 2 2 2 2 2 2 2 2
left_child=6 -2 4 18 5 21 11 8 9 10 -8 12 20 14 -5 -15 19 -9 -4 -14 22 -3 -1 28 -22 -7 27 -19 -10 -6
right_child=1 2 3 13 29 25 7 17 23 -11 -12 -13 16 15 -16 -17 -18 26 -20 -21 24 -23 -24 -25 -26 -27 -28 -29 -30 -31
leaf_value=-0.0020152027829006534 0.0084792312640345289 -0.0025170462686015128 0.003291011947720125 0.0011286624779464241 -0.0067541727922533594 0.0024374275484517031 -0.001896728238418999 -0.012455710535999025 0.0046604910168995999 -0.0094234028130615148 0.0090905524759881447 -0.0094985574622454428 0.0032300709717348352 1.3039770762930721e-06 0.0060080680995201674 0.0038860937377305483 -0.0070731039341385363 0.0023581734737700651 0.012642488087188992 -0.0037320802460738271 -0.00089237161607460039 0.00019329756105075177 -0.0081794694882757583 0.0055107195917520214 -0.0070380499763889482 0.0066862384459900857 -0.0081646647012418739 -0.0075587116127320509 -0.0016932762585609678 -0.0020380732909116273
leaf_weight=31.628552958369255 22.322058945894241 53.277156069874763 5.546520963311198 226.71966694295406 25.479883074760437 44.799180641770363 199.17888620495796 8.2076775878667849 5.6595065891742768 12.918151274323462 4.855571135878562 18.642212808132172 18.564539059996608 207.46529240906239 90.20450721681118 61.931732162833214 7.4119489043951026 6.8469846695661563 14.476189285516737 8.5044213086366636 5.5723859816789618 118.01273754239082 7.1610347628593436 12.140667036175726 59.775480896234512 13.858738660812376 8.1749030798673612 6.1909667253494263 12.7958567738533 7.6320289373397818
leaf_count=133 94 219 23 939 105 186 826 42 23 60 20 86 77 860 377 259 34 29 62 36 24 487 30 50 271 57 36 27 52 31
internal_value=0 0.00149401 0.00131466 0.00204514 -0.00036905 0.000393864 -0.00306901 -0.00210636 -0.00155027 -0.00209899 -0.00163526 -0.00476445 -0.00412778 0.0017717 0.00251746 0.000894379 -0.000701834 -0.0067853 0.010052 0.00104273 -0.00526215 -0.000649714 -0.0031532 0.0023406 -0.00651399 0.00344127 -0.00459131 -0.00235078 0.000255165 -0.00566715
internal_weight=0 891.726 869.404 606.344 263.06 229.948 434.23 276.969 247.549 216.953 204.034 157.261 138.618 586.321 316.924 269.397 34.4809 29.4205 20.0227 27.069 104.137 171.29 38.7896 30.596 65.3479 58.6579 21.2129 13.038 18.4554 33.1119
internal_count=5555 3699 3605 2520 1085 949 1856 1165 1031 906 846 691 605 2435 1316 1119 147 134 85 113 458 706 163 125 295 243 92 56 75 136
is_linear=0
shrinkage=0.01


Tree=85
num_leaves=31
num_cat=0
split_feature=2 0 0 0 0 0 1 1 0 0 0 2 0 2 12 0 0 1 1 0 2 1 12 3 1 1 1 0 0 0
split_gain=59.6356 25.6894 31.0475 26.6779 7.69847 21.2362 12.8773 9.92365 9.10299 8.72543 7.00505 9.2197 8.9625 16.4117 8.97913 6.48223 6.4034 6.28808 6.12085 6.0837 5.04264 5.56862 8.20963 6.59189 4.62987 3.81013 3.27275 3.17873 4.92155 3.09082
threshold=75.500000000000014 4643066.5000000009 4586868.5000000009 5494016.0000000009 4266423.5000000009 4263147.0000000009 308877337732.00006 248877212578.50003 4264007.0000000009 4270208.5000000009 5496779.5000000009 18.500000000000004 4583087.5000000009 43.500000000000007 1.9696704931723785 5556929.5000000009 4587470.5000000009 702778651153.00012 3784361566336.0005 4587345.5000000009 64.500000000000014 641304924141.50012 1.993590124076418 39.500000000000007 3507688970202.5005 3524617709013.5005 3376693905145.5005 5505757.0000000009 5498189.5000000009 5496965.5000000009
decision_type=2 2 2 2 2 2 2 2 2 2 2 2 2 2 2 2 2 2 2 2 2 2 2 2 2 2 2 2 2 2
left_child=10 2 4 -3 5 17 7 -6 -7 -8 12 29 20 19 -15 27 25 -2 24 -14 21 22 -1 -23 -18 -4 -21 28 -5 -12
right_child=1 3 16 15 6 8 9 -9 -10 -11 11 -13 13 14 -16 -17 18 -19 -20 26 -22 23 -24 -25 -26 -27 -28 -29 -30 -31
leaf_value=-0.012682281448942711 0.012805501064234011 0.0074602128362952916 -0.0045627754369267125 -0.0053000750861449978 0.0062706159578243114 -0.015528035453094349 0.010529449749354616 -0.0057009004240918598 -0.0029921089643428645 0.002782389703584345 0.008020976903515848 -0.0074212335290585896 -0.010741027948246005 -0.001405269590712155 0.010286830320014593 0.0034811497406020964 -0.001356012197860687 0.0016083396792133987 0.0035849745279066102 -0.0064362460635340188 -0.011522498268165973 -0.0047192031352553702 -0.00065101112393671631 0.00082763245827844657 -0.0054064934410085874 -0.012415412655913517 -0.0035693736842164741 -0.0085714898812820923 0.0021340351621871906 0.00091506600741821131
leaf_weight=9.7575188279151934 6.0126266181468955 124.98791801929474 37.980998605489731 16.942094996571541 8.9997404515743238 10.742573380470278 15.157051801681517 30.024968579411507 12.571133822202681 356.12124532461166 12.424916282296183 8.7847061306238157 23.559894993901253 47.494695380330086 7.6223772913217536 28.992077723145485 122.54179127514362 30.238117665052414 19.965955942869186 101.63658763468266 4.8834373950958243 27.322205260396004 13.543906420469282 99.262220725417137 36.662904530763626 7.3793694227933875 65.469335541129112 7.4552857279777518 18.772500067949295 12.06503304839134
leaf_count=45 25 556 160 71 37 44 61 121 51 1461 51 37 111 196 31 119 494 126 81 451 20 117 58 406 150 33 284 33 76 49
internal_value=0 0.00147937 0.000574894 0.00466511 0.0020366 -0.00132289 0.0025243 -0.00294007 -0.00876846 0.00309866 -0.00304118 0.00136761 -0.00340743 -0.00459443 0.000211681 -0.000176136 -0.00248396 0.00346553 -0.00163424 -0.00598377 -0.0015224 -0.00119659 -0.00568913 -0.000369606 -0.00228879 -0.00584027 -0.00531305 -0.0026323 -0.00139252 0.00452023
internal_weight=0 891.548 694.398 197.15 469.867 59.5645 410.303 39.0247 23.3137 371.278 433.827 33.2747 400.552 245.783 55.1171 72.162 224.531 36.2507 179.171 190.666 154.769 149.886 23.3014 126.584 159.205 45.3604 167.106 43.1699 35.7146 24.4899
internal_count=5555 3699 2844 855 1926 246 1680 158 95 1522 1856 137 1719 1073 227 299 918 151 725 846 646 626 103 523 644 193 735 180 147 100
is_linear=0
shrinkage=0.01


Tree=86
num_leaves=31
num_cat=0
split_feature=2 0 0 0 0 0 0 1 0 1 1 1 0 0 1 1 12 12 1 1 3 1 1 1 0 0 1 1 0 1
split_gain=58.5041 25.2419 30.4422 26.2333 7.63414 17.4655 26.7607 10.3122 10.5513 8.97329 6.89257 7.08637 6.35814 6.29348 6.00022 5.16285 7.21139 5.63145 4.68106 5.2836 5.57307 4.5438 3.76473 3.63909 3.12742 4.82866 3.06002 3.8169 2.95492 2.89939
threshold=75.500000000000014 4643066.5000000009 4586868.5000000009 5494016.0000000009 4378387.5000000009 4492123.5000000009 4493360.5000000009 4223680114997.5005 4262097.0000000009 454237470018.00006 1837832554337.5002 3784361550632.0005 5556929.5000000009 4587470.5000000009 3784361566336.0005 3704300940202.0005 3.9088714247976588 2.9868489734371382 1758355645294.5002 1058264179828.5001 45.500000000000007 3507688970202.5005 3524617709013.5005 3799450294316.0005 5505757.0000000009 5498189.5000000009 701677533073.50012 1861025323351.0002 4602513.5000000009 1707115179210.0002
decision_type=2 2 2 2 2 2 2 2 2 2 2 2 2 2 2 2 2 2 2 2 2 2 2 2 2 2 2 2 2 2
left_child=10 2 4 26 7 9 -7 8 -2 -6 18 15 24 22 21 16 17 -12 19 -1 -21 -15 -4 -13 25 -5 -3 29 -25 -28
right_child=1 3 13 12 5 6 -8 -9 -10 -11 11 23 -14 14 -16 -17 -18 -19 -20 20 -22 -23 -24 28 -26 -27 27 -29 -30 -31
leaf_value=-0.0051820259731049532 0.0056459052935201159 0.010976967162861048 -0.0045217311061457929 -0.0052530263968011259 -0.0039244501509165825 -0.0072472318394457566 0.0027502273153507339 0.013467270468511205 -0.0021999249491174832 0.0086561240736256328 -0.0018580866762563555 -0.012391991458346935 0.0034482535071064567 -0.0013425586479967246 0.0035495401725412217 0.00233221726078741 -0.0093237515973835592 0.0090389452034834658 -0.0094064635891268362 -0.0074253607183420549 0.0017319038019449401 -0.0053563860630265019 -0.012341308716616562 -0.0069551509516141332 -0.0085085649325734609 0.002113172651814954 0.0049890465831878882 0.0075393134895346374 0.0012234558995445504 -0.0042605385595549626
leaf_weight=103.80260927975178 20.937766522169113 20.097184166312218 37.942690923810005 16.922994717955589 6.2751926928758612 29.929483026266098 253.97818800806999 5.3164061307907096 94.517083078622818 58.74655818939209 198.99830268323421 8.1484435945749301 28.976054653525352 122.53213681280613 19.963630184531212 30.591759890317917 12.844524562358854 4.8582410067319861 18.546135932207108 8.9974776953458768 25.430206328630447 36.635951027274132 7.3495920598506919 14.880765810608866 7.4354169815778723 18.76827783882618 11.577569842338564 88.226882815361023 6.2827399224042884 4.7914604991674414
leaf_count=458 89 91 160 71 26 121 1033 22 381 254 826 42 119 494 81 125 60 20 86 41 106 150 33 65 33 76 51 394 27 20
internal_value=0 0.00146562 0.000569366 0.00462682 0.00201695 0.00276699 0.0016963 -0.000150039 -0.000777082 0.00744198 -0.00301391 -0.00206447 -0.000174533 -0.0024603 -0.00161826 -0.00151341 -0.0020563 -0.00159839 -0.00468902 -0.00405609 -0.000661295 -0.00226643 -0.00579062 -0.00671353 -0.00260862 -0.00137951 0.00740316 0.00671649 -0.00452719 0.00228155
internal_weight=0 890.921 694.125 196.796 469.701 348.929 283.908 120.771 115.455 65.0218 433.381 276.605 72.1027 224.424 179.132 247.293 216.701 203.857 156.776 138.23 34.4277 159.168 45.2923 29.3119 43.1267 35.6913 124.693 104.596 21.1635 16.369
internal_count=5555 3699 2844 855 1926 1434 1154 492 470 280 1856 1165 299 918 725 1031 906 846 691 605 147 644 193 134 180 147 556 465 92 71
is_linear=0
shrinkage=0.01


Tree=87
num_leaves=31
num_cat=0
split_feature=2 0 0 0 0 0 0 0 2 0 2 12 0 0 1 1 1 2 1 12 3 1 1 0 0 1 0 1 1 1
split_gain=57.3914 24.802 29.8605 25.7992 8.09101 12.394 8.71045 6.8508 9.04371 8.79679 16.1044 8.79631 6.23644 6.00615 5.70444 8.80775 8.57413 4.96471 5.42403 8.12063 6.44183 4.77546 3.21385 3.07698 4.73754 3.03799 3.03319 3.02604 3.76058 2.96514
threshold=75.500000000000014 4643066.5000000009 4583097.5000000009 5494016.0000000009 4583087.5000000009 4583075.5000000009 4567385.0000000009 5496779.5000000009 18.500000000000004 4583087.5000000009 43.500000000000007 1.9696704931723785 5556929.5000000009 4587345.5000000009 1996229189690.5002 308877317530.00006 2177228737010.0002 64.500000000000014 641304924141.50012 1.993590124076418 39.500000000000007 3289799725235.5005 3376693905145.5005 5505757.0000000009 5498189.5000000009 3475289729808.0005 5496965.5000000009 701677533073.50012 1861025323351.0002 2940898963036.5005
decision_type=2 2 2 2 2 2 2 2 2 2 2 2 2 2 2 2 2 2 2 2 2 2 2 2 2 2 2 2 2 2
left_child=7 2 4 27 5 6 -2 9 26 17 13 25 23 -11 15 -4 -16 18 19 -1 -20 -18 -15 24 -5 -12 -9 -3 -29 -28
right_child=1 3 14 12 -6 -7 -8 8 -10 10 11 -13 -14 22 16 -17 21 -19 20 -21 -22 -23 -24 -25 -26 -27 29 28 -30 -31
leaf_value=-0.012585634555650855 0.0014873624979906252 0.010908107534493986 0.003005477951340868 -0.0052064119458443518 0.0078078563449431827 -0.012331448400475824 0.006579557860914376 0.0079643937670646602 -0.0073406923024428965 -0.01064935329038285 9.3069005107073306e-05 0.010202702306868403 0.0034156701855867742 -0.0063559449592922824 0.010386611195270337 -0.0056716854197427979 0.00072381424718501956 -0.011413071591695714 -0.004647875985480404 -0.00059356808760127773 0.00084041482381246556 -0.0031855521737054011 -0.0035114564962387047 -0.0084462127588321567 0.0020925140970767739 -0.0057486711186783739 -0.003573872813159208 0.0022606205040097754 0.0074822438180929098 0.0063889660882601529
leaf_weight=9.6943949759006518 399.90066665410995 20.022187620401382 13.801024258136747 16.903861999511719 22.930240288376808 6.1931089311838141 36.672010138630867 12.420503228902819 8.7665768265724164 23.416484415531158 35.589332699775696 7.6256453096866599 28.960023283958435 101.31169876456261 6.1875091195106497 76.765437558293343 51.259777307510376 4.8743241280317298 27.261229872703552 13.52460829913616 99.237270966172218 80.03170619904995 65.337185144424438 7.4155039787292472 18.764055818319321 11.871934548020361 6.6167658865451795 16.355638414621353 88.011901408433914 5.4460563212633133
leaf_count=45 1642 91 56 71 94 25 150 51 37 111 147 31 119 451 25 314 208 20 117 58 406 330 284 33 76 49 27 71 394 22
internal_value=0 0.0014522 0.000563989 0.00458907 0.0020158 0.00171583 0.00191511 -0.00298647 0.00137493 -0.00334924 -0.00452724 0.000233569 -0.000172944 -0.00590708 -0.00240078 -0.00434941 -0.00111708 -0.00148116 -0.00115781 -0.00560049 -0.000342347 -0.00165923 -0.00524072 -0.00258516 -0.00136662 -0.00136818 0.00449567 0.00734711 0.00666395 0.000924095
internal_weight=0 890.175 693.741 196.433 465.696 442.766 436.573 432.994 33.2499 399.744 245.152 55.0869 72.0434 190.065 228.045 90.5665 137.479 154.592 149.718 23.219 126.499 131.291 166.649 43.0834 35.6679 47.4613 24.4833 124.39 104.368 12.0628
internal_count=5555 3699 2844 855 1911 1817 1792 1856 137 1719 1073 227 299 846 933 370 563 646 626 103 523 538 735 180 147 196 100 556 465 49
is_linear=0
shrinkage=0.01


Tree=88
num_leaves=31
num_cat=0
split_feature=12 0 0 0 0 0 0 0 0 0 12 0 0 0 12 0 0 0 0 0 12 12 0 0 0 0 12 0 0 3
split_gain=56.3008 24.373 29.2761 25.3715 7.48534 20.7011 12.5356 13.0215 8.94385 6.7227 8.9054 8.64723 13.1028 10.2459 6.93818 6.1684 6.11707 5.90602 8.04549 4.56718 4.357 8.18998 3.9129 3.32648 3.02741 4.64815 3.00946 2.99045 7.02744 2.94466
threshold=1.9501783728997251 4643066.5000000009 4586868.5000000009 5494016.0000000009 4266423.5000000009 4263147.0000000009 4271172.0000000009 4378387.5000000009 4264007.0000000009 5496779.5000000009 1.9915744832887996 4583087.5000000009 4587555.5000000009 4641135.5000000009 2.9591934780352016 4587470.5000000009 5556929.5000000009 4589803.5000000009 4589810.0000000009 4588245.5000000009 2.9285498477430596 2.958035499889569 4268580.0000000009 4262097.0000000009 5505757.0000000009 5498189.5000000009 1.9709841250782696 5408068.0000000009 5491476.0000000009 57.500000000000007
decision_type=2 2 2 2 2 2 2 2 2 2 2 2 2 2 2 2 2 2 2 2 2 2 2 2 2 2 2 2 2 2
left_child=1 2 4 27 5 23 22 -8 -7 11 -11 -2 20 14 -14 -4 24 19 -19 -17 -13 -22 -6 -1 25 -5 -15 -3 -29 -12
right_child=9 3 15 16 6 8 7 -9 -10 10 29 12 13 26 -16 17 -18 18 -20 -21 21 -23 -24 -25 -26 -27 -28 28 -30 -31
leaf_value=0.0058897853188232731 -0.0014670822948982492 0.0084190775313246983 -0.0057151673193406704 -0.0051602263369365147 0.0048044748604552899 -0.015404470251128772 -0.003119750695694797 0.0027205024305643577 -0.0029688694824474074 -0.0048754859916197947 0.00066045116528319614 -0.0094372277974724278 0.0018396464415970941 -0.0021915026993520161 -0.0070663686071962932 -0.0018134522498840272 0.0033833962519994958 -0.012194239500079163 -0.001719138974604039 0.0077722358939566871 0.0036687729304233532 -0.0069804668336379315 0.014250894962962017 -0.00028891309406447422 -0.0083844232681376633 0.0020720571140334693 -0.0063529229629748739 0.00065102838264875199 0.0087949209124987618 0.0086529427232194932
leaf_weight=21.580529361963272 154.51723675429821 81.224951773881912 45.189047917723656 16.884701758623123 7.2310800552368191 10.715627729892732 42.871697142720222 348.59699200093746 12.56534820795059 13.553230732679365 7.3712323606014243 47.645620182156563 54.322205141186714 26.021914765238762 10.426318585872648 8.9314593970775604 28.943987756967545 7.7058785557746878 151.2143117338419 11.20793192088604 8.5849135220050794 45.483213528990746 11.140723153948782 14.614174738526343 7.3955518901348105 18.759835556149483 52.31735523045063 19.161500290036201 23.702764019370079 12.304364979267122
leaf_count=92 646 365 193 71 29 44 172 1434 51 57 30 211 229 108 46 36 119 33 610 46 37 213 45 59 33 76 229 85 106 50
internal_value=0 0.00143855 0.000558493 0.00455157 0.00197868 -0.00133653 0.00245978 0.00208091 -0.00869265 -0.0029597 0.00136203 -0.00331932 -0.00448845 -0.00253787 0.00040553 -0.00241373 -0.00017137 -0.00158055 -0.00222707 0.00352115 -0.00723246 -0.00528959 0.0105328 0.00339504 -0.00256191 -0.00135385 -0.00497063 0.00729135 0.00515438 0.00565865
internal_weight=0 889.638 693.565 196.073 469.316 59.4757 409.84 391.469 23.281 432.548 33.2288 399.319 244.802 143.088 64.7485 224.249 71.9841 179.06 158.92 20.1394 101.714 54.0681 18.3718 36.1947 43.0401 35.6445 78.3393 124.089 42.8643 19.6756
internal_count=5555 3699 2844 855 1926 246 1680 1606 95 1856 137 1719 1073 612 275 918 299 725 643 82 461 250 74 151 180 147 337 556 191 80
is_linear=0
shrinkage=0.01


Tree=89
num_leaves=31
num_cat=0
split_feature=2 0 0 0 0 0 0 1 1 0 1 1 1 1 12 1 0 1 1 3 1 1 1 0 0 0 1 1 1 1
split_gain=55.2289 23.9486 28.7143 24.9501 7.9272 12.1552 8.52412 6.71711 6.9328 6 5.57838 8.64125 8.39774 5.05572 7.01945 5.58547 4.72228 4.61659 5.1914 5.44484 3.62024 3.00084 3.71979 2.97869 4.56046 2.89626 2.85503 2.82555 2.70122 3.50048
threshold=75.500000000000014 4643066.5000000009 4583097.5000000009 5494016.0000000009 4583087.5000000009 4583075.5000000009 4567385.0000000009 1837832554337.5002 3784361550632.0005 5556929.5000000009 1996229189690.5002 308877317530.00006 2177228737010.0002 3704300940202.0005 3.9088714247976588 2142597722549.5002 4588245.5000000009 1758355645294.5002 1058264179828.5001 45.500000000000007 3799450294316.0005 701677533073.50012 1861025323351.0002 5505757.0000000009 5498189.5000000009 4602513.5000000009 1707115179210.0002 2177228735583.5002 215631320312.50003 308877311092.50006
decision_type=2 2 2 2 2 2 2 2 2 2 2 2 2 2 2 2 2 2 2 2 2 2 2 2 2 2 2 2 2 2
left_child=7 2 4 21 5 6 -2 17 13 23 11 -4 -12 14 15 -9 -14 18 28 -20 -10 -3 26 24 -5 -22 -23 -24 -1 -30
right_child=1 3 10 9 -6 -7 -8 8 20 -11 12 -13 16 -15 -16 -17 -18 -19 19 -21 25 22 27 -25 -26 -27 -28 -29 29 -31
leaf_value=0.00025848279573707111 0.0014547852067800194 0.010793836328097965 0.0030011548862770914 -0.0051144641685003881 0.007715082524639481 -0.012224899382705582 0.0064954889893935816 0.0017421608785777823 -0.012305375465657584 0.0033514288403189946 0.01029608372581598 -0.0055947024836334666 -0.0052004573333347881 0.0023562077645194238 -0.0091890813200759675 -0.002374378601550679 -0.00061668851426838547 -0.0092917958656043367 -0.0073041530420716264 0.0017692744897554 -0.0068390077276571769 0.0048658522631172202 0.010968309006539133 -0.008323185794400308 0.0020518003634786368 0.0012683049908401038 -0.0043225488130461667 0.006474289140620846 -0.012095933259214358 -0.0050035508655428586
leaf_weight=8.6804182231426221 399.6838793605566 19.895147711038589 13.799859821796415 16.865518808364868 22.893310546875 6.1983766406774512 36.621940493583679 41.36792054772377 8.0647440254688281 28.927950009703636 6.1903837472200385 76.672189772129059 28.795546844601631 30.568816766142845 12.740831092000006 162.1821977943182 102.40042573213577 18.422221392393112 8.9417098164558393 25.402221366763115 14.815186128020288 11.52601380646229 17.47853247821331 7.3755655735731116 18.755617663264275 6.2717679738998404 4.7857888340950003 70.106616199016571 7.5629598349332801 87.13245752453804
leaf_count=37 1642 91 56 71 94 25 150 170 42 119 25 314 122 125 60 676 416 86 41 106 65 51 79 33 76 27 20 315 35 386
internal_value=0 0.00142525 0.000553152 0.00451432 0.00197719 0.00168034 0.00187788 -0.0029328 -0.00199509 -0.00016981 -0.00235543 -0.00428356 -0.00108572 -0.00145047 -0.00198847 -0.00153777 -0.00162276 -0.00459039 -0.0039615 -0.000593063 -0.00660704 0.00723586 0.00655455 -0.00253888 -0.00134121 -0.0044277 0.00217003 0.00737112 -0.00508058 -0.00556999
internal_weight=0 888.973 693.256 195.717 465.398 442.504 436.306 432.153 276.011 71.9247 227.858 90.472 137.386 246.86 216.291 203.55 131.196 156.142 137.72 34.3439 29.1517 123.792 103.897 42.9967 35.6211 21.087 16.3118 87.5851 103.376 94.6954
internal_count=5555 3699 2844 855 1911 1817 1792 1856 1165 299 933 370 563 1031 906 846 538 691 605 147 134 556 465 180 147 92 71 394 458 421
is_linear=0
shrinkage=0.01


Tree=90
num_leaves=31
num_cat=0
split_feature=2 0 0 0 0 0 1 1 0 1 1 1 1 0 0 1 1 12 12 1 1 3 1 1 1 1 1 0 0 0
split_gain=54.1763 23.5351 28.1601 24.5381 7.31936 20.3122 12.5017 9.78449 8.80322 8.61912 6.60455 6.82249 6.21712 5.98821 5.88518 5.87585 4.95675 6.91358 5.56308 4.55599 5.10172 5.34777 4.46239 3.73837 3.59262 2.96802 3.66501 2.93079 4.47444 2.84675
threshold=75.500000000000014 4643066.5000000009 4586868.5000000009 5494016.0000000009 4266423.5000000009 4263147.0000000009 308877337732.00006 248877212578.50003 4264007.0000000009 3784361546101.0005 1837832554337.5002 3784361550632.0005 702778651153.00012 4587470.5000000009 5556929.5000000009 3784361566336.0005 3704300940202.0005 3.9088714247976588 2.9868489734371382 1758355645294.5002 1058264179828.5001 45.500000000000007 3507688970202.5005 3507688974920.5005 3799450294316.0005 701677533073.50012 1861025323351.0002 5505757.0000000009 5498189.5000000009 4602513.5000000009
decision_type=2 2 2 2 2 2 2 2 2 2 2 2 2 2 2 2 2 2 2 2 2 2 2 2 2 2 2 2 2 2
left_child=10 2 4 25 5 12 7 -6 -7 -8 19 16 -2 23 27 22 17 18 -12 20 -1 -22 -15 -4 -13 -3 -27 28 -5 -26
right_child=1 3 13 14 6 8 9 -9 -10 -11 11 24 -14 15 -16 -17 -18 -19 -20 -21 21 -23 -24 -25 29 26 -28 -29 -30 -31
leaf_value=-0.0050375049405455667 0.012655419086206132 0.01072694122274801 -0.0042229306761814587 -0.0050691199633782595 0.006183304228804691 -0.015299662051560827 0.0035729300506358724 -0.0057095003532408673 -0.0029542162120402876 -0.00096218553853437546 -0.0017813721117479018 -0.012254879596226363 0.0015022352555788142 -0.0012746191177496521 0.0033197641242274649 0.0035663387071788069 0.0023320693804037458 -0.0091285458096446309 0.009051535447812703 -0.0092303569406615715 -0.0072489368447869948 0.0017510314330322467 -0.0052552973405114297 -0.011536085159042404 -0.0067839676087115691 0.0021500912686268506 0.0073154958247991621 -0.00826248805117096 0.0020317412767486892 0.00125523715249719
leaf_weight=103.21816705167294 5.9904292970895758 19.819405809044838 36.423539042472839 16.846317082643509 8.9898216724395734 10.691441833972933 322.43251737952232 30.014604151248932 12.563280433416365 48.16731171309948 198.63399955630302 8.0172331035137194 30.166451409459114 122.44704326987267 28.911914348602295 19.957482218742371 30.57633301615715 12.697286710143088 4.8564132153987876 18.35970863699913 8.9198321402072889 25.410162821412086 36.572623670101166 8.6498986780643445 14.786177739501001 16.298665776848793 87.369722977280617 7.3555504828691474 18.751403108239174 6.2736806422471991
leaf_count=458 25 91 154 71 37 44 1324 121 51 198 826 42 126 494 119 81 125 60 20 86 41 106 150 39 65 71 394 33 76 27
internal_value=0 0.00141189 0.000547771 0.00447756 0.00194096 -0.00133916 0.00241673 -0.00296842 -0.00863008 0.0029835 -0.00290623 -0.00197639 0.00335008 -0.00236865 -0.000168265 -0.00154823 -0.00143653 -0.00196954 -0.00152284 -0.00455137 -0.00392682 -0.000587396 -0.00219013 -0.00562637 -0.00655788 0.00718126 0.00650339 -0.00251606 -0.00132868 -0.00438911
internal_weight=0 888.419 693.066 195.353 469.016 59.4116 409.604 39.0044 23.2547 370.6 431.749 275.841 36.1569 224.051 71.8652 178.977 246.764 216.188 203.49 155.908 137.548 34.33 159.02 45.0734 29.0771 123.488 103.668 42.9533 35.5977 21.0599
internal_count=5555 3699 2844 855 1926 246 1680 158 95 1522 1856 1165 151 918 299 725 1031 906 846 691 605 147 644 193 134 556 465 180 147 92
is_linear=0
shrinkage=0.01


Tree=91
num_leaves=31
num_cat=0
split_feature=2 0 0 0 0 0 0 1 0 0 2 2 0 2 1 0 0 0 0 2 0 0 1 2 0 0 0 0 1 0
split_gain=53.1438 23.1265 27.6118 24.132 7.18327 17.3249 14.8226 10.1885 9.47464 6.5303 8.75822 8.49566 14.5482 6.40834 6.14141 5.88552 5.80082 7.92956 5.77255 5.39971 4.63546 4.45386 3.69935 3.0828 3.01416 2.98956 2.96576 6.95654 3.92262 2.91265
threshold=75.500000000000014 4643066.5000000009 4586868.5000000009 5494016.0000000009 4378387.5000000009 4487724.5000000009 4496309.0000000009 3743724172461.0005 4262097.0000000009 5496779.5000000009 18.500000000000004 28.500000000000004 4583087.5000000009 14.500000000000002 2753137491035.0005 4587470.5000000009 4589803.5000000009 4589810.0000000009 5556929.5000000009 8.5000000000000018 4271267.5000000009 4588245.5000000009 3524617709013.5005 21.500000000000004 4543160.0000000009 5496965.5000000009 5408068.0000000009 5491476.0000000009 3540362978278.0005 5494016.0000000009
decision_type=2 2 2 2 2 2 2 2 2 2 2 2 2 2 2 2 2 2 2 2 2 2 2 2 2 2 2 2 2 2
left_child=9 2 4 26 7 -6 -7 8 -2 11 25 12 19 14 -14 22 21 -18 -5 24 -21 -17 -4 -15 -1 -11 -3 28 -28 -13
right_child=1 3 15 18 5 6 -8 -9 -10 10 -12 29 13 23 -16 16 17 -19 -20 20 -22 -23 -24 -25 -26 -27 27 -29 -30 -31
leaf_value=-0.00031420899018683857 0.0049896123948756331 0.008254863531916205 -0.0043216674069600286 -0.002493455592707913 0.0080625984029740645 -0.0020278707490893155 0.0030559734603801498 0.0078551157858584558 -0.0026604841675272324 0.0078972008650750984 -0.0072133731452618038 -0.00067627813344892486 -0.0073127598977091061 -0.011872811981324465 -0.0029353420180825763 -0.0017442733940166502 -0.012089829456906563 -0.0016704547362841437 0.0032883988612568832 -0.0092724019829630386 -0.0020082408495089182 0.0077256382434607038 -0.012117960910277297 -0.0056080342988927964 0.0054925820659848801 0.00090456852283022889 0.0031812415611188376 0.0086313422485003108 -0.0071792659375221413 -0.0062223301387913359
leaf_weight=31.964024424552917 19.904665678739548 80.595255419611931 37.748571410775185 42.909804463386536 50.563372150063515 77.557929024100304 220.1240314245224 13.950867265462874 86.733246147632599 12.405708983540537 8.7362113296985608 118.30617886781693 62.302933365106583 24.238880529999733 66.004978150129318 8.9253207147121429 7.674988090991973 151.14030738174915 28.895883575081825 10.639513179659842 50.387089282274246 11.196817472577095 7.256166771054267 11.620496973395346 12.409582689404486 12.055367305874823 14.141745880246164 23.522271186113358 4.9277725666761389 10.293248176574705
leaf_count=130 85 365 160 180 223 312 899 57 350 51 37 490 285 113 290 36 33 610 119 47 217 46 33 53 51 49 63 106 22 43
internal_value=0 0.0013988 0.000542517 0.00444104 0.0019223 0.00265068 0.00173143 -0.000181196 -0.00123254 -0.00287977 0.00138137 -0.00323504 -0.00424395 -0.00610539 -0.0050609 -0.00234612 -0.00153309 -0.00217399 -0.000166735 -0.00134465 -0.00327469 0.00352519 -0.00557867 -0.00984266 0.00130973 0.00445096 0.0071269 0.00499249 0.000503973 -0.00112019
internal_weight=0 887.769 692.776 194.993 468.834 348.245 297.682 120.589 106.638 431.364 33.1973 398.167 269.567 164.167 128.308 223.942 178.937 158.815 71.8057 105.4 61.0266 20.1221 45.0047 35.8594 44.3736 24.4611 123.187 42.5918 19.0695 128.599
internal_count=5555 3699 2844 855 1926 1434 1211 492 435 1856 137 1719 1186 741 575 918 725 643 299 445 264 82 193 166 181 100 556 191 85 533
is_linear=0
shrinkage=0.01


Tree=92
num_leaves=31
num_cat=0
split_feature=12 0 0 0 0 0 0 1 1 0 1 1 1 1 12 1 1 1 1 3 1 1 1 0 0 1 1 0 1 1
split_gain=52.1357 22.7171 27.0863 23.7381 7.75731 11.919 8.31028 6.4581 6.7024 5.66003 5.49031 8.47972 8.20938 4.84545 6.78346 5.47583 4.63537 4.48906 5.03025 5.23896 3.57109 2.94 3.63192 2.88722 4.39215 2.81043 2.79924 2.79403 2.66488 3.46272
threshold=1.9501783728997251 4643066.5000000009 4583097.5000000009 5494016.0000000009 4583087.5000000009 4583075.5000000009 4567385.0000000009 1837832554337.5002 3784361550632.0005 5556929.5000000009 1996229189690.5002 308877317530.00006 2177228737010.0002 3704300940202.0005 3.9088714247976588 2142597722549.5002 3289799725235.5005 1758355645294.5002 1058264179828.5001 45.500000000000007 3799450294316.0005 701677533073.50012 1861025323351.0002 5505757.0000000009 5498189.5000000009 1707115179210.0002 2177228735583.5002 4602513.5000000009 215631320312.50003 308877311092.50006
decision_type=2 2 2 2 2 2 2 2 2 2 2 2 2 2 2 2 2 2 2 2 2 2 2 2 2 2 2 2 2 2
left_child=1 2 4 21 5 6 -1 17 13 23 11 -4 -12 14 15 -9 -14 18 28 -20 -10 -3 25 24 -5 -23 -24 -22 -2 -30
right_child=7 3 10 9 -6 -7 -8 8 20 -11 12 -13 16 -15 -16 -17 -18 -19 19 -21 27 22 26 -25 -26 -27 -28 -29 29 -31
leaf_value=0.0014055882533136489 0.00034011563967672049 0.010613949243840893 0.0030129192231647161 -0.0050020905382652785 0.007603324287872879 -0.012137714440488287 0.0063871764903456829 0.0017629675392426207 -0.01219092504492739 0.0032573300087574827 0.010222318786147787 -0.0055040923032476097 0.00078790679984961341 0.0023265859270408798 -0.0090387020741744956 -0.0023144590515315837 -0.0030673614899962205 -0.0091409941567952031 -0.007157332097772604 0.0017664329173018021 -0.006702324840512852 0.0047423060726338373 0.010805422707719862 -0.0081841820263662719 0.0020362552444289413 -0.0043839665509061623 0.0063132872123511609 0.0012677590729773388 -0.011974289938950961 -0.0048924827614564379
leaf_weight=399.24077638983727 8.6611888557672483 19.688997343182564 13.796402990818022 16.817582488059998 22.845806941390038 6.2020478695631018 36.55328793823719 41.344239711761475 7.9550545811653164 28.879860773682594 6.1922417730092993 76.557639807462692 51.191889062523842 30.572388172149658 12.627984911203383 161.96284957230091 79.807493537664413 18.262088418006897 8.8789108395576459 25.396035686135292 14.740003451704981 11.473550692200662 17.323326095938683 7.3294304907321921 18.752354651689529 4.7801333367824546 69.624037876725197 6.2692986130714408 7.5013577193021765 86.769771382212639
leaf_count=1642 37 91 56 71 94 25 150 170 42 119 25 314 208 125 60 676 330 86 41 106 65 51 79 33 76 20 315 27 35 386
internal_value=0 0.00138594 0.000537398 0.004404 0.00192122 0.00162753 0.00182343 -0.00285381 -0.00193415 -0.000165126 -0.00228955 -0.00420361 -0.00102896 -0.00139947 -0.00192701 -0.00148528 -0.0015608 -0.00448333 -0.0038634 -0.000545265 -0.00648465 0.00707279 0.0063972 -0.00246912 -0.0012915 0.00205831 0.0072083 -0.00432401 -0.00496829 -0.005456
internal_weight=0 887.057 692.388 194.669 464.842 441.996 435.794 430.941 275.472 71.7792 227.546 90.354 137.192 246.507 215.935 203.307 130.999 155.469 137.207 34.2749 28.9644 122.89 103.201 42.8994 35.5699 16.2537 86.9474 21.0093 102.932 94.2711
internal_count=5555 3699 2844 855 1911 1817 1792 1856 1165 299 933 370 563 1031 906 846 538 691 605 147 134 556 465 180 147 71 394 92 458 421
is_linear=0
shrinkage=0.01


Tree=93
num_leaves=31
num_cat=0
split_feature=2 0 0 0 0 0 0 1 0 0 12 0 2 12 1 0 0 1 0 2 1 12 3 1 0 1 12 1 0 0
split_gain=51.1419 22.3253 26.5549 23.3468 7.10958 19.8176 12.4249 14.5819 8.65174 6.36571 8.62438 8.31631 15.3757 8.60953 6.13176 5.89767 5.76784 5.77721 5.55172 4.93661 5.15503 8.0197 6.18885 4.35303 3.82563 3.66026 3.22133 3.05295 2.93704 6.86561
threshold=75.500000000000014 4643066.5000000009 4586868.5000000009 5494016.0000000009 4266423.5000000009 4263147.0000000009 4271172.0000000009 391909231608.00006 4264007.0000000009 5496779.5000000009 1.9915744832887996 4583087.5000000009 43.500000000000007 1.9696704931723785 702778651153.00012 4587345.5000000009 4587470.5000000009 3784361566336.0005 5556929.5000000009 64.500000000000014 641304924141.50012 1.993590124076418 39.500000000000007 3507688970202.5005 4268580.0000000009 3524617709013.5005 1.9909035121068848 3475289729808.0005 5408068.0000000009 5491476.0000000009
decision_type=2 2 2 2 2 2 2 2 2 2 2 2 2 2 2 2 2 2 2 2 2 2 2 2 2 2 2 2 2 2
left_child=9 2 4 28 5 14 24 -8 -7 11 -11 19 15 27 -2 -13 25 23 -5 20 21 -1 -22 -18 -6 -4 -17 -14 -3 -30
right_child=1 3 16 18 6 8 7 -9 -10 10 -12 12 13 -15 -16 26 17 -19 -20 -21 22 -23 -24 -25 -26 -27 -28 -29 29 -31
leaf_value=-0.012393693930190635 0.012540811598424587 0.008145494811597884 -0.0042567021963370866 -0.0024469441197292451 0.0047332135594878692 -0.015181141888804702 -0.0036130411015218651 0.0026447306628904631 -0.0029320640863562614 -0.0047691101793421124 0.005608520647543888 -0.010427438861801504 0.00020115189904230561 0.010187712406776381 0.0014506658276542145 -0.007586355329915348 -0.00123021624612032 0.0035747524723682739 0.0032265548465922871 -0.011278083935507378 -0.0044785245347584929 -0.00041576916213060118 0.00091338208486721852 -0.0051645183681640955 0.014077461583558484 -0.012030012982425595 -0.0042660541525031959 -0.0056612357958139041 0.00043000140281796047 0.0085193169461145416
leaf_weight=9.5605595260858554 5.9740435481071463 80.167064264416695 37.683027803897858 42.855863407254219 7.2291555553674725 10.661926731467249 41.683046445250511 349.10107374191284 12.558091074228285 13.513572126626967 19.656684547662735 23.052172392606735 35.511104613542557 7.6195453107357016 30.129523158073425 37.923647701740265 122.38203883171082 19.95076011121273 28.863848969340324 4.8617113232612601 27.110933318734169 13.458689823746679 99.104342848062515 36.513133838772774 11.122438326478003 7.217861980199813 127.31852298974991 11.846699371933935 19.022743687033653 23.39582134783268
leaf_count=45 25 365 160 180 29 44 169 1437 51 57 80 111 147 31 126 167 494 81 119 20 117 58 406 150 45 33 568 49 85 106
internal_value=0 0.00137294 0.000532165 0.00436818 0.00188579 -0.00134945 0.00235489 0.00197724 -0.00855647 -0.00282795 0.00138067 -0.00317926 -0.00433064 0.000321985 0.00328575 -0.0056891 -0.00230192 -0.00149743 -0.000163625 -0.00136158 -0.00103852 -0.00539055 -0.000244795 -0.00213429 0.0103965 -0.00550627 -0.00502807 -0.00126534 0.00701956 0.00489164
internal_weight=0 886.511 692.206 194.305 468.459 59.3236 409.136 390.784 23.22 430.538 33.1703 397.368 243.272 54.9773 36.1036 188.294 223.747 178.846 71.7197 154.096 149.235 23.0192 126.215 158.895 18.3516 44.9009 165.242 47.3578 122.586 42.4186
internal_count=5555 3699 2844 855 1926 246 1680 1606 95 1856 137 1719 1073 227 151 846 918 725 299 646 626 103 523 644 74 193 735 196 556 191
is_linear=0
shrinkage=0.01


Tree=94
num_leaves=31
num_cat=0
split_feature=2 0 0 0 0 0 0 1 1 0 1 1 1 1 13 13 1 1 1 3 1 1 1 0 0 1 1 0 1 1
split_gain=50.1703 21.9321 26.0458 22.966 7.61617 11.6726 8.15578 6.31491 6.55906 5.44351 5.40128 8.31829 8.03256 4.75593 6.64435 5.46634 4.51768 4.43503 4.93087 5.13792 3.55388 2.91631 3.59163 2.84426 4.31133 2.77817 2.76529 2.75238 2.61623 3.41231
threshold=75.500000000000014 4643066.5000000009 4583097.5000000009 5494016.0000000009 4583087.5000000009 4583075.5000000009 4567385.0000000009 1837832554337.5002 3784361550632.0005 5556929.5000000009 1996229189690.5002 308877317530.00006 2177228737010.0002 3704300940202.0005 3.9540364808027002 2.9934123645371851 3289799725235.5005 1758355645294.5002 1058264179828.5001 45.500000000000007 3799450294316.0005 701677533073.50012 1861025323351.0002 5505757.0000000009 5498189.5000000009 3686367615079.0005 1707115179210.0002 4602513.5000000009 215631320312.50003 308877311092.50006
decision_type=2 2 2 2 2 2 2 2 2 2 2 2 2 2 2 2 2 2 2 2 2 2 2 2 2 2 2 2 2 2
left_child=7 2 4 21 5 6 -2 17 13 23 11 -4 -12 14 15 -9 -14 18 28 -20 -10 -3 26 24 -5 -24 -23 -22 -1 -30
right_child=1 3 10 9 -6 -7 -8 8 20 -11 12 -13 16 -15 -16 -17 -18 -19 19 -21 27 22 25 -25 -26 -27 -28 -29 29 -31
leaf_value=0.00036508940365145268 0.0013735853758933725 0.01050529902497107 0.0030013383649894021 -0.0049360868730350315 0.0075192607740808305 -0.012023421267367615 0.0063118168971498115 -0.0017079449637079041 -0.012125138857067988 0.0031960696752968971 0.010130844622614659 -0.0054349112802452009 0.00079622428002611156 0.0023273460143526038 -0.0089470639720277065 0.0090304262013805366 -0.0030108269610115159 -0.0090584017653910429 -0.0070784778500058501 0.0017730142182441433 -0.0066169530622016207 0.0046425659545288296 0.0080835132354274038 -0.0081069216219895254 0.0020402702261104418 0.003831111137475785 -0.0044172435263455604 0.0013006062852883107 -0.011875612076897761 -0.0048219169280961779
leaf_weight=8.6533134132623655 399.0441884547472 19.560695022344589 13.796326652169226 16.788882985711098 22.808672159910202 6.2068134397268286 36.503782451152802 198.2638987749815 7.8895808011293438 28.847851037979126 6.1953101605176917 76.47766837477684 51.185350924730301 30.564052224159241 12.556191846728323 4.8565744310617438 79.71182544529438 18.171128958463669 8.8417338132858259 25.386096403002739 14.691529616713526 11.430432438850405 66.545334666967392 7.3033363074064246 18.753199592232704 19.9752197265625 4.7769903391599646 6.2620730847120276 7.4487163871526709 86.521343529224396
leaf_count=37 1642 91 56 71 94 25 150 826 42 119 25 314 208 125 60 20 330 86 41 106 65 51 303 33 76 91 20 27 35 386
internal_value=0 0.00136014 0.00052705 0.00433177 0.00188436 0.00159342 0.00178746 -0.00280252 -0.0018929 -0.000162046 -0.00224625 -0.00414562 -0.000995531 -0.00136442 -0.00188758 -0.00145119 -0.00152214 -0.00441662 -0.00380029 -0.000513503 -0.00640467 0.00696633 0.00629247 -0.00242307 -0.00125513 0.00710175 0.00197227 -0.00425076 -0.00489652 -0.00538104
internal_weight=0 885.912 691.93 193.982 464.563 441.755 435.548 430.106 275.084 71.6933 227.366 90.274 137.092 246.241 215.677 203.12 130.897 155.022 136.851 34.2278 28.8432 122.289 102.728 42.8454 35.5421 86.5206 16.2074 20.9536 102.623 93.9701
internal_count=5555 3699 2844 855 1911 1817 1792 1856 1165 299 933 370 563 1031 906 846 538 691 605 147 134 556 465 180 147 394 71 92 458 421
is_linear=0
shrinkage=0.01


Tree=95
num_leaves=31
num_cat=0
split_feature=2 0 0 0 0 0 0 0 0 0 2 0 2 13 0 0 0 0 0 2 0 2 0 13 13 0 0 0 0 0
split_gain=49.2131 21.5538 25.5346 22.5876 6.96721 17.224 25.8202 9.19284 9.06791 6.217 8.48708 8.17132 15.0797 8.43719 5.82512 5.65301 5.65622 7.82648 5.33935 4.86642 4.37268 3.99294 13.6141 5.02876 3.18496 3.03851 2.94168 2.9073 6.78188 2.79856
threshold=75.500000000000014 4643066.5000000009 4586868.5000000009 5494016.0000000009 4378387.5000000009 4492123.5000000009 4493360.5000000009 4262097.0000000009 4266423.5000000009 5496779.5000000009 18.500000000000004 4583087.5000000009 43.500000000000007 1.9847184701241782 4587345.5000000009 4587470.5000000009 4589803.5000000009 4589810.0000000009 5556929.5000000009 64.500000000000014 4588245.5000000009 6.5000000000000009 4494691.5000000009 1.9947677634406549 1.9954413512257532 4244591.5000000009 5496965.5000000009 5408068.0000000009 5491476.0000000009 5505757.0000000009
decision_type=2 2 2 2 2 2 2 2 2 2 2 2 2 2 2 2 2 2 2 2 2 2 2 2 2 2 2 2 2 2
left_child=9 2 4 27 7 -6 -7 25 -9 11 26 19 14 -14 -13 -4 20 -18 29 21 -17 22 -1 -23 -16 -2 -11 -3 -29 -5
right_child=1 3 15 18 5 6 -8 8 -10 10 -12 12 13 -15 24 16 17 -19 -20 -21 -22 23 -24 -25 -26 -27 -28 28 -30 -31
leaf_value=-0.0036581236395643872 0.0018252372432170252 0.0080376489578289825 -0.0054349724581395408 -0.0012434071468177021 0.0072289073632746175 -0.007277556200587571 0.0025432289007082639 -0.005359445162337129 0.00086959099287010747 0.007825053740392161 -0.0070943295810359467 -0.010341481960683517 -0.0012331236466453658 0.010103369837970286 -0.0075077235566749501 -0.0016889837080026357 -0.011971006187639721 -0.0015961239583171696 0.0031658715461624588 -0.011177537603947707 0.0076975417289483275 0.00078941962608953576 0.012248229586235258 -0.0032873694121043004 -0.0042013949576211662 0.0093539558161658525 0.00088564403590887255 0.00035598949032684756 0.008410970396689664 -0.0080480925258493395
leaf_weight=13.028138846158983 10.389380335807802 79.738278791308403 44.796914488077164 35.518637016415596 64.555498391389847 29.936125159263611 253.21505911648273 37.807835340499878 61.20063990354538 12.389938130974771 8.7067642509937269 22.909896731376648 47.327313497662544 7.6224453002214423 37.809106305241585 8.9189464151859283 7.6388840079307547 151.02285943925381 28.831869542598724 4.8525530099868766 11.189050793647766 49.827353626489639 9.1668446660041791 77.035596296191216 126.9902695864439 11.075179889798163 12.049680486321448 18.975584164261818 23.271263360977173 7.2832554727792731
leaf_count=53 44 365 193 147 280 121 1033 154 246 51 37 111 196 31 167 36 33 610 119 20 46 205 37 331 568 48 49 85 106 33
internal_value=0 0.00134739 0.00052192 0.00429656 0.00184958 0.00256765 0.00150493 -0.000222869 -0.00150906 -0.00277705 0.00138341 -0.00312479 -0.00426799 0.000339437 -0.00561677 -0.0022584 -0.0014624 -0.00209563 -0.000160573 -0.00132239 0.00353413 -0.00100156 0.00291143 -0.00168615 -0.00495995 0.00570987 0.00440366 0.00691394 0.004793 -0.00240131
internal_weight=0 885.365 691.746 193.619 468.18 347.707 283.151 120.473 99.0085 429.716 33.1464 396.57 242.659 54.9498 187.709 223.567 178.77 158.662 71.6338 153.91 20.108 149.058 22.195 126.863 164.799 21.4646 24.4396 121.985 42.2468 42.8019
internal_count=5555 3699 2844 855 1926 1434 1154 492 400 1856 137 1719 1073 227 846 918 725 643 299 646 82 626 90 536 735 92 100 556 191 180
is_linear=0
shrinkage=0.01


Tree=96
num_leaves=31
num_cat=0
split_feature=2 0 0 0 0 0 0 1 1 1 1 1 0 1 12 12 1 1 1 3 1 1 1 1 0 0 1 0 1 1
split_gain=48.2797 21.1742 25.0492 22.2173 7.46269 11.4489 7.98183 6.18947 6.43908 5.2825 8.16145 7.8679 5.23597 4.65177 6.51545 5.35413 4.42988 4.37511 4.84991 5.04355 3.5323 2.89319 3.55172 2.77363 2.75452 4.23101 2.72075 2.70127 2.60554 4.58853
threshold=75.500000000000014 4643066.5000000009 4583097.5000000009 5494016.0000000009 4583087.5000000009 4583075.5000000009 4567385.0000000009 1837832554337.5002 3784361550632.0005 1996229189690.5002 308877317530.00006 2177228737010.0002 5556929.5000000009 3704300940202.0005 3.9088714247976588 2.9868489734371382 3289799725235.5005 1758355645294.5002 1058264179828.5001 45.500000000000007 3799450294316.0005 701677533073.50012 1861025323351.0002 2177228735583.5002 5505757.0000000009 5498189.5000000009 1707115179210.0002 4602513.5000000009 3704300950330.5005 2940898964610.5005
decision_type=2 2 2 2 2 2 2 2 2 2 2 2 2 2 2 2 2 2 2 2 2 2 2 2 2 2 2 2 2 2
left_child=7 2 4 21 5 6 -2 17 13 10 -4 -11 24 14 15 -9 -13 18 -1 -20 -10 -3 26 -24 25 -5 -23 -22 29 -6
right_child=1 3 9 12 28 -7 -8 8 20 11 -12 16 -14 -15 -16 -17 -18 -19 19 -21 27 22 23 -25 -26 -27 -28 -29 -30 -31
leaf_value=-0.0048296498273060423 0.0013435854910888356 0.010398687114840422 0.002995450894436182 -0.0048813446132363368 0.005900406667112848 -0.011920156940996452 0.0062322216731632695 -0.0016690081655091945 -0.012062050290769772 0.010042815106725752 -0.005361948672901593 0.00080768742186986832 0.0031359579712597696 0.0023233400839779363 -0.0088575333762796419 0.0089550592614429554 -0.002963383872433088 -0.008975315788031268 -0.0070000288384160191 0.0017840067120420684 -0.0065356225316919297 0.0045444958162768187 0.010599801593444851 0.0061027160824690197 -0.0079897602749244932 0.0020324796913304445 -0.004449053059858845 0.0013138140863025421 0.0011087066209221675 0.01699988685842482
leaf_weight=102.33788728713989 398.74313738942146 19.432123795151711 13.795331478118895 16.764778345823288 12.374427333474165 6.2112020701169959 36.451696708798409 198.07119242846966 7.8255190998315838 6.1974998265504828 76.380851358175278 51.161934018135071 28.815907403826714 30.556552574038506 12.48481138050556 4.8599786162376395 79.639166966080666 18.079267755150795 8.8047757744789106 25.373410373926163 14.644200652837755 11.387496754527094 17.118360057473183 68.976604774594307 7.2631664872169486 18.751559048891068 4.7739571928977957 6.2576216757297507 5.0673037469387046 5.328203856945037
leaf_count=458 1642 91 56 71 51 25 150 826 42 25 314 208 119 125 60 20 330 86 41 106 65 51 79 315 33 76 20 27 21 22
internal_value=0 0.00133503 0.000517 0.00426102 0.00184864 0.00156065 0.00175306 -0.002752 -0.00185123 -0.00220388 -0.00408342 -0.000966712 -0.00015906 -0.001328 -0.00184594 -0.00141457 -0.00148836 -0.00435259 -0.00374039 -0.000478883 -0.00633123 0.00686158 0.00618941 0.00699688 -0.00237856 -0.00123105 0.00188788 -0.00418565 0.00743134 0.00924117
internal_weight=0 884.635 691.351 193.284 464.176 441.406 435.195 429.295 274.7 227.175 90.1762 136.999 71.5954 245.973 215.416 202.931 130.801 154.595 136.516 34.1782 28.7273 121.689 102.256 86.095 42.7795 35.5163 16.1615 20.9018 22.7699 17.7026
internal_count=5555 3699 2844 855 1911 1817 1792 1856 1165 933 370 563 299 1031 906 846 538 691 605 147 134 556 465 394 180 147 71 92 94 73
is_linear=0
shrinkage=0.01


end of trees

feature_importances:
Column_0=1313
Column_1=980
Column_12=248
Column_2=237
Column_3=78
Column_13=28
Column_5=6
Column_14=6
Column_4=3

parameters:
[boosting: gbdt]
[objective: binary]
[metric: l2]
[tree_learner: serial]
[device_type: cpu]
[data_sample_strategy: bagging]
[data: ]
[valid: ]
[num_iterations: 8000]
[learning_rate: 0.01]
[num_leaves: 31]
[num_threads: 0]
[seed: 0]
[deterministic: 0]
[force_col_wise: 0]
[force_row_wise: 0]
[histogram_pool_size: -1]
[max_depth: 6]
[min_data_in_leaf: 20]
[min_sum_hessian_in_leaf: 0.001]
[bagging_fraction: 0.8]
[pos_bagging_fraction: 1]
[neg_bagging_fraction: 1]
[bagging_freq: 0]
[bagging_seed: 3]
[feature_fraction: 0.8]
[feature_fraction_bynode: 1]
[feature_fraction_seed: 2]
[extra_trees: 0]
[extra_seed: 6]
[early_stopping_round: 0]
[early_stopping_min_delta: 0]
[first_metric_only: 0]
[max_delta_step: 0]
[lambda_l1: 0]
[lambda_l2: 0]
[linear_lambda: 0]
[min_gain_to_split: 0]
[drop_rate: 0.1]
[max_drop: 50]
[skip_drop: 0.5]
[xgboost_dart_mode: 0]
[uniform_drop: 0]
[drop_seed: 4]
[top_rate: 0.2]
[other_rate: 0.1]
[min_data_per_group: 100]
[max_cat_threshold: 32]
[cat_l2: 10]
[cat_smooth: 10]
[max_cat_to_onehot: 4]
[top_k: 20]
[monotone_constraints: ]
[monotone_constraints_method: basic]
[monotone_penalty: 0]
[feature_contri: ]
[forcedsplits_filename: ]
[refit_decay_rate: 0.9]
[cegb_tradeoff: 1]
[cegb_penalty_split: 0]
[cegb_penalty_feature_lazy: ]
[cegb_penalty_feature_coupled: ]
[path_smooth: 0]
[interaction_constraints: ]
[verbosity: 1]
[saved_feature_importance_type: 0]
[use_quantized_grad: 0]
[num_grad_quant_bins: 4]
[quant_train_renew_leaf: 0]
[stochastic_rounding: 1]
[linear_tree: 0]
[max_bin: 255]
[max_bin_by_feature: ]
[min_data_in_bin: 3]
[bin_construct_sample_cnt: 200000]
[data_random_seed: 1]
[is_enable_sparse: 1]
[enable_bundle: 1]
[use_missing: 1]
[zero_as_missing: 0]
[feature_pre_filter: 1]
[pre_partition: 0]
[two_round: 0]
[header: 0]
[label_column: ]
[weight_column: ]
[group_column: ]
[ignore_column: ]
[categorical_feature: ]
[forcedbins_filename: ]
[precise_float_parser: 0]
[parser_config_file: ]
[objective_seed: 5]
[num_class: 1]
[is_unbalance: 0]
[scale_pos_weight: 1]
[sigmoid: 1]
[boost_from_average: 1]
[reg_sqrt: 0]
[alpha: 0.9]
[fair_c: 1]
[poisson_max_delta_step: 0.7]
[tweedie_variance_power: 1.5]
[lambdarank_truncation_level: 30]
[lambdarank_norm: 1]
[label_gain: ]
[lambdarank_position_bias_regularization: 0]
[eval_at: ]
[multi_error_top_k: 1]
[auc_mu_weights: ]
[num_machines: 1]
[local_listen_port: 12400]
[time_out: 120]
[machine_list_filename: ]
[machines: ]
[gpu_platform_id: -1]
[gpu_device_id: -1]
[gpu_use_dp: 0]
[num_gpu: 1]

end of parameters

pandas_categorical:null
