tree
version=v4
num_class=1
num_tree_per_iteration=1
label_index=0
max_feature_idx=21
objective=binary sigmoid:1
feature_names=Column_0 Column_1 Column_2 Column_3 Column_4 Column_5 Column_6 Column_7 Column_8 Column_9 Column_10 Column_11 Column_12 Column_13 Column_14 Column_15 Column_16 Column_17 Column_18 Column_19 Column_20 Column_21
feature_infos=[0:4206464] [2574721778:4396975683871] [1:inf] [1:inf] [1:inf] [2:inf] [1:inf] [2:inf] [3:inf] [1:inf] [2:inf] [1:inf] [1:78.27451722287141] [1:94.601244588211713] [1:106.34380011885985] [1:113.85336504001732] [1:118.18771518746456] [1:120.52910962117581] [1:121.74769092367198] [1:122.36954145550676] [1:122.68368350037146] [1:122.84156852603012]
tree_sizes=3279 3448 3453 3464 3461 3480 3468 3481 3476 3477 3492 3467 3482 3468 3458 3492 3490 3453 3461 3487 3494 3461 3486 3489 3492 3489 3488 3482 3484 3460 3483 3472 3469 3476 3503 3477 3495 3492 3491 3490 3495 3484 3497 3498 3486 3487 3499 3465 3495 3494 3473 3487 3464 3504 3473 3484 3497 3504 3470 3499 3499 3507 3479 3501 3475 3507 3482 3495 3479 3468 3468 3493 3469 3485 3470 3496 3488 3481 3498 3477 3482 3480 3492 3474 3478 3496 3482 3490 3489 3488 3494 3488 3499 3477 3487 3478 3494 3481 3485 3489 3487 3501 3483 3499 3482 3489 3504 3474 3481 3504 3503 3482 3483 3485 3481 3495 3491 3498 3496 3490 3490 3488 3489 3488 3498 3488 3497 3491 3496 3494 3492 3504 3481 3513 3492 3488 3507 3496 3484 3488 3482 3505 3490 3496 3485 3485 3493 3491 3512 3478 3490 3522 3485 3499 3499 3477 3500 3481 3505 3509 3479 3494 3490 3518 3482 3485 3484 3495 3486 3491 3494 3504 3497 3488 3493 3494 3483 3499 3486 3505 3487 3507 3497 3508 3497 3501 3485 3493 3501 3493 3518 3494 3502 3494 3493 3500 3508 3503 3493 3487 3521 3494 3499 3519 3500 3497 3509 3494 3517 3500 3510 3498 3500 3510 3488 3512 3503 3485 3500 3502 3504 3493 3503 3508 3525 3498 3499 3493 3522 3502 3497 3498 3505 3508 3485 3499 3510 3505 3487 3527 3510 3508 3477 3485 3512 3488 3499 3497 3499 3483 3496 3498 3496 3475 3500 3488 3492 3507 3496 3482 3491 3500 3511 3501 3499 3490 3507 3502 3510 3498

Tree=0
num_leaves=31
num_cat=0
split_feature=2 0 1 13 13 12 13 4 15 5 5 5 1 13 0 5 0 0 12 1 1 1 3 7 5 1 13 0 2 0
split_gain=135722 229817 4365.32 3959.37 6835.3 3481.34 2468.59 2394.36 1756.78 1730.27 1690.37 1654.67 1723.93 1501.18 1334.81 1086.03 888.19 811.255 809.525 587.265 468.336 5692.79 451.615 240.66 406.596 223.52 218.668 151.556 136.88 273.588
threshold=3511.5000000000005 4200993.0000000009 4202993306407.5005 1.8107551040761356 1.6694167651246727 1.1159798465572681 3.2700284684009455 473.50000000000006 1.9367270844784239 234.50000000000003 974.50000000000011 171.50000000000003 2241719161008.5005 3.7159804673141519 4201072.0000000009 317.50000000000006 4206368.0000000009 4202198.5000000009 1.3826895352780137 4282793179886.0005 2345762830381.5005 2424655943147.0005 166.50000000000003 2729.5000000000005 301.50000000000006 2417604865630.5005 1.7754236602093663 4205705.5000000009 4855.5000000000009 4200985.0000000009
decision_type=2 2 2 2 2 2 2 2 2 2 2 2 2 2 2 2 2 2 2 2 2 2 2 2 2 2 2 2 2 2
left_child=1 5 3 4 15 -1 26 18 -6 19 -11 12 -5 22 28 -3 -13 -16 -7 -8 23 25 -9 24 -19 -22 -4 -23 -2 -30
right_child=14 2 6 11 8 7 9 13 -10 10 -12 16 -14 -15 17 -17 -18 20 -20 -21 21 27 -24 -25 -26 -27 -28 -29 29 -31
leaf_value=2.764539593594042 2.7645366327545089 2.6707484358027727 2.7145005685936465 2.7482414303484908 2.630275740313142 2.5868647946795948 2.6763684746327479 2.6444314295278759 2.6955311908691586 2.7581126172039045 2.6819506962393143 2.7557864529001308 2.7163074899079138 2.7605912647292765 2.7429771179976283 2.7581125185262181 2.618592437342889 2.618592437342889 2.7373097393542802 2.6220061710471674 2.7467721137025971 2.754945718798238 2.5874588100008054 2.7619950994794609 2.764539593594042 2.6291298604819708 2.7577561210951056 2.764539593594042 2.7644254110218744 2.7611687473793545
leaf_weight=11.594216063618658 13509.681866012514 15.140020005404947 13.789237551391123 604.3625829666853 64.499862179160118 4.7277385890483883 45.026081800460815 14.070650562644003 114.47881297767162 48.234190128743649 73.617643743753433 2507.6713432744145 234.698451384902 5.0654342025518408 382.60913009941578 236.49949465692043 4.7277385890483847 3.1518257260322571 14.689759187400339 35.570604622364044 1.6884780675172795 425.2713426053524 1245.7591182142496 1591.6719916462898 4.8403037935495368 37.146517485380173 76.656904265284538 268.69314314424992 5955.3747093379498 4550.7860875725746
leaf_count=206 240033 269 245 10738 1146 84 800 250 2034 857 1308 44555 4170 90 6798 4202 84 56 261 632 30 7556 22134 28280 86 660 1362 4774 105812 80856
internal_value=2.7539 2.70803 2.74492 2.7478 2.71926 2.59203 2.70773 2.59048 2.67201 2.68832 2.7121 2.75147 2.73931 2.58879 2.76312 2.75286 2.75553 2.75647 2.70068 2.65238 2.75869 2.75207 2.5881 2.76172 2.70698 2.63424 2.75116 2.75866 2.76387 2.76301
internal_weight=0 5370.88 4074.97 3782.08 430.618 1295.91 292.895 1284.31 178.979 202.449 121.852 3351.46 839.061 1264.9 26730.9 251.64 2512.4 2715.07 19.4175 80.5967 2332.46 732.799 1259.83 1599.66 7.99213 38.835 90.4461 693.964 24015.8 10506.2
internal_count=570368 95427 72402 67198 7651 23025 5204 22819 3180 3597 2165 59547 14908 22474 474941 4471 44639 48240 345 1432 41442 13020 22384 28422 142 690 1607 12330 426701 186668
is_linear=0
shrinkage=1


Tree=1
num_leaves=31
num_cat=0
split_feature=2 0 1 13 13 6 12 4 15 0 1 1 13 0 2 0 4 12 14 1 1 3 3 1 7 10 7 1 0 2
split_gain=128509 185661 4045.91 3728.8 6032.54 2987.92 2593.25 1674.02 1357.44 1333.41 1220.53 6169.06 1108.71 890.552 919.49 792.704 764.046 642.078 622.751 463.103 5033.1 375.106 296.644 296.062 229.067 402.474 178.639 175.513 150.72 137.728
threshold=3511.5000000000005 4200993.0000000009 4202993306407.5005 1.8107551040761356 1.6694167651246727 162.50000000000003 1.1159798465572681 473.50000000000006 1.9367270844784239 4201072.0000000009 2417604865630.5005 2424655934955.0005 3.7159804673141519 4205395.0000000009 56.500000000000007 4202198.5000000009 4824.0000000000009 1.3826895352780137 1.80966411804849 2345762830381.5005 2424655943147.0005 46.500000000000007 166.50000000000003 4282793179886.0005 2729.5000000000005 553.50000000000011 3098.5000000000005 2417604865630.5005 4205705.5000000009 4855.5000000000009
decision_type=2 2 2 2 2 2 2 2 2 2 2 2 2 2 2 2 2 2 2 2 2 2 2 2 2 2 2 2 2 2
left_child=1 6 3 4 18 23 -1 17 -6 29 21 -12 22 14 -7 -11 -15 -8 -3 24 27 -5 -9 26 25 -17 -4 -21 -22 -2
right_child=9 2 5 10 8 13 7 12 -10 15 11 -13 -14 16 -16 19 -18 -19 -20 20 28 -23 -24 -25 -26 -27 -28 -29 -30 -31
leaf_value=0.010630051454001642 0.010627064448962864 0.0075878652785117771 -0.062751480211957283 -0.051595422952807994 -0.10980647181341673 -0.05459091714313262 -0.14288044672683575 -0.098439786769425913 -0.054889856419842585 -0.010712451850531003 -0.073620764372293618 -0.001839092830850119 0.0066608892952934083 -0.088527736649774966 -0.0032924090501411981 0.0106374002546391 0.010634339048874968 -0.01618799296949066 -0.029709024530626182 -0.0070150096692613382 0.0010334376872848106 0.0019117567420903112 -0.14244550606855924 -0.11729770843585717 0.0080689629020565829 -0.132020857186464 -0.11070603398799968 -0.11071379185925836 0.010630051454001642 0.0090939094471778337
leaf_weight=11.486090324819086 13383.727683886886 193.68086007237434 24.922765295952559 13.176381804049013 71.851087376475334 46.738116219639778 5.4675750732421902 15.483245253562925 120.49126236140728 386.30402871966362 138.25422471761703 893.42383490502834 5.0356858223676673 34.36319200694561 138.43290986865759 5.1194101758301258 10.040462933480738 14.905664406716822 58.226937152445316 1.6991048678755749 424.88106651604176 2313.9386092349887 1439.9701982438564 39.451173983514309 1580.3683336079121 3.222457502037285 11.285794466733931 41.421267539262772 266.18735539168119 10422.188783586025
leaf_count=206 240033 3454 421 234 1146 799 84 250 2034 6798 2432 15786 90 558 2420 91 179 261 1017 30 7556 41095 22134 639 28280 51 188 660 4774 186668
internal_value=0 -0.0435189 -0.00881751 -0.00600607 -0.0332329 -0.0438465 -0.139048 -0.140209 -0.0754044 0.00919934 -0.00240492 -0.0114585 -0.141465 -0.0258852 -0.0162404 0.00255187 -0.0661054 -0.0501885 -0.00103308 0.00475777 -0.00181037 0.00160879 -0.141977 -0.0983466 0.00779309 -0.0444714 -0.0776984 -0.106628 0.00472988 0.00995585
internal_weight=0 5600.63 4108.28 3803.04 444.25 305.234 1492.35 1480.86 192.342 26515.1 3358.79 1031.68 1460.49 229.575 185.171 2709.2 44.4037 20.3732 251.908 2322.9 734.189 2327.11 1455.45 75.6597 1588.71 8.34187 36.2086 43.1204 691.068 23805.9
internal_count=570368 95427 72402 67198 7651 5204 23025 22819 3180 474941 59547 18218 22474 3956 3219 48240 737 345 4471 41442 13020 41329 22384 1248 28422 142 609 690 12330 426701
is_linear=0
shrinkage=0.01


Tree=2
num_leaves=31
num_cat=0
split_feature=2 0 1 13 13 14 12 5 1 0 2 0 4 15 5 13 0 0 14 1 1 1 4 13 3 1 5 10 0 2
split_gain=122079 154093 3761.72 3519.5 5369.24 2028.48 2021.39 1591.86 1548.7 1331.94 1282.84 1302.67 1232.58 1077.45 960.17 858.104 776.889 774.702 547.811 513.638 457.951 4508.5 242.127 226.638 208.508 160.799 155.89 203.984 149.885 138.585
threshold=3511.5000000000005 4200993.0000000009 4202993306407.5005 1.8107551040761356 1.6694167651246727 3.2946001893412262 1.1159798465572681 171.50000000000003 2241719161008.5005 4201072.0000000009 170.50000000000003 4205991.5000000009 473.50000000000006 1.9367270844784239 317.50000000000006 3.7159804673141519 4206368.0000000009 4202198.5000000009 3.4392933550634934 4305764224321.0005 2345762830381.5005 2424655943147.0005 20.500000000000004 1.7754236602093663 166.50000000000003 2424655934955.0005 295.50000000000006 556.50000000000011 4205705.5000000009 4855.5000000000009
decision_type=2 2 2 2 2 2 2 2 2 2 2 2 2 2 2 2 2 2 2 2 2 2 2 2 2 2 2 2 2 2
left_child=1 6 3 4 14 23 -1 8 -5 29 19 -12 18 -6 -3 24 -9 -11 22 -7 26 25 -8 -4 -14 -22 27 -19 -23 -2
right_child=9 2 5 7 13 10 12 16 -10 17 11 -13 15 -15 -16 -17 -18 20 -20 -21 21 28 -24 -25 -26 -27 -28 -29 -30 -31
leaf_value=0.010623388654237471 0.010620375268643897 -0.074271033815099793 -0.037533768289716579 -0.0055995844802643928 -0.098880448498700521 -0.065497645085043285 0.010658008701438982 0.0018861499899877063 -0.035347171577874092 -0.010505498540126688 -0.0042201591444072572 -0.077972518531083543 -0.089495690679862336 -0.05179359078788693 0.00417779603301932 0.0066333048456498206 -0.11918469688809052 0.0024529664282088933 0.0039816479306357582 -0.10936655350221983 -0.11052056394952456 0.0010240390699189147 -0.11819219951259485 0.0059228760470877518 -0.12485175961380185 -0.072395630744267248 0.0079612382251930541 -0.11874943510251125 0.010623388654237471 0.009075821770875285
leaf_weight=11.378897756338118 13258.86083997041 16.709045883268118 14.315847698599098 606.56359215825796 78.953607067465782 87.23678307980299 1.7378045618534077 2508.2966910600662 245.98244666308165 389.95630616694689 65.176387175917625 37.860540024936199 16.85287244617939 126.38635544478893 235.44364831596613 5.0062086805701247 5.3112730979919425 3.6582027971744537 10.484754189848898 38.454710640013218 29.591848187148571 424.49464674293995 9.0702426731586474 74.221902571618557 1625.4170751571655 17.667949676513672 1571.9490010738373 2.2381516993045798 263.70319363474846 10338.9476737082
leaf_count=206 240033 269 245 10738 1146 1377 30 44555 4170 6798 1120 568 250 2034 4202 90 84 64 181 578 434 7556 134 1316 22134 256 28326 32 4774 186668
internal_value=0 -0.0414286 -0.00865701 -0.00591153 -0.0319357 -0.0417451 -0.122207 -0.00237461 -0.0141826 0.00918199 -0.0574769 -0.0313202 -0.123113 -0.0698986 -0.00102066 -0.12409 0.00163033 0.00253313 -0.0475167 -0.0789191 0.00473106 -0.00178592 -0.0974746 -0.00110372 -0.124489 -0.0962677 0.00776873 -0.0435533 0.00470231 0.00994366
internal_weight=0 5820.86 4140.91 3823.65 457.493 317.266 1679.95 3366.15 852.546 26301.1 228.728 103.037 1668.57 205.34 252.153 1647.28 2513.61 2703.26 21.2928 125.691 2313.3 735.458 10.808 88.5378 1642.27 47.2598 1577.85 5.89635 688.198 23597.8
internal_count=570368 95427 72402 67198 7651 5204 23025 59547 14908 474941 3643 1688 22819 3180 4471 22474 44639 48240 345 1955 41442 13020 164 1561 22384 690 28422 96 12330 426701
is_linear=0
shrinkage=0.01


Tree=3
num_leaves=31
num_cat=0
split_feature=2 0 1 13 13 6 12 5 1 0 6 4 5 5 15 2 0 13 14 1 1 13 4 1 3 5 10 0 2 0
split_gain=116299 130519 3507.49 3328.02 4813.88 2211.45 1629.02 1539.54 1445.83 1330.42 953.939 944.563 901.684 884.628 874.38 787.016 757.225 687.322 475.391 452.865 4080.22 366.994 199.419 186.176 154.249 149.059 174.455 149.052 139.451 279.049
threshold=3511.5000000000005 4200993.0000000009 4202993306407.5005 1.8107551040761356 1.6694167651246727 162.50000000000003 1.1159798465572681 171.50000000000003 2241719161008.5005 4201072.0000000009 171.50000000000003 473.50000000000006 154.50000000000003 317.50000000000006 1.9367270844784239 56.500000000000007 4202198.5000000009 3.7159804673141519 3.4392933550634934 2345762830381.5005 2424655943147.0005 3.5157224911158447 20.500000000000004 4205234304898.5005 166.50000000000003 295.50000000000006 556.50000000000011 4205705.5000000009 4855.5000000000009 4200985.0000000009
decision_type=2 2 2 2 2 2 2 2 2 2 2 2 2 2 2 2 2 2 2 2 2 2 2 2 2 2 2 2 2 2
left_child=1 6 3 4 13 23 -1 8 -5 28 -9 18 21 -3 -6 -14 -11 24 22 25 -21 -7 -8 -4 -13 26 -18 -22 -2 -30
right_child=9 2 5 7 14 12 11 10 -10 16 -12 17 15 -15 -16 -17 19 -19 -20 20 27 -23 -24 -25 -26 -27 -28 -29 29 -31
leaf_value=0.010616801753506813 0.01061376181199538 -0.068944591880725867 -0.057980672306057121 -0.0055162176311478245 -0.090013447845716021 0.0034843631509298098 0.010651033439115535 -0.015169029150546685 -0.033926334683774963 -0.010304558150499632 0.0038806540002829485 -0.082089976407483625 -0.048053335701580394 0.0041513472904543755 -0.049021434067608095 -0.0024938592065776324 0.0024336955811137431 0.0066057056573363537 0.0039556862380541033 -0.087810298369639772 0.0010147178478946187 -0.075236754638896744 -0.10585261884374349 -0.09121458263890371 -0.11136278446127154 0.0079374755166459563 -0.10635118470484291 0.010616801753506813 0.010501668729635594 0.0071734998938736225
leaf_weight=11.272630684077738 13135.071498144418 17.814035899937153 22.692193448543549 609.55812371522188 85.826487421989441 6.9557570815086356 1.721634306013583 298.33106704056263 253.68142706900835 393.56654490530491 2211.6862871721387 18.182341009378433 51.695678658783436 234.57862291485071 132.16780507564545 142.24976153299212 3.6503372341394424 4.977000765502452 10.448216438293455 51.270908281207085 424.11205513775349 39.851502247154713 10.021076038479807 65.542540453374386 1803.0925140827894 1560.943684425205 2.4727883487939826 261.24048002809286 5806.577120423317 4449.864380300045
leaf_count=206 240033 269 344 10738 1146 118 30 5276 4170 6798 39363 250 797 4202 2034 2479 64 90 181 690 7556 562 134 904 22134 28326 32 4774 105812 80856
internal_value=0 -0.0395561 -0.00850245 -0.00582013 -0.0307384 -0.0398408 -0.109231 -0.00234537 -0.0138651 0.00916465 0.00161648 -0.109962 -0.024145 -0.00100781 -0.0651604 -0.0146376 0.00251444 -0.11075 -0.0451126 0.00470447 -0.00176239 -0.0635385 -0.0887717 -0.0826675 -0.111071 0.00774431 -0.0414984 0.00467481 0.00993148 0.00905771
internal_weight=0 6032.35 4172.63 3843.64 470.387 328.987 1859.72 3373.26 863.24 26088.8 2510.02 1848.44 240.753 252.393 217.994 193.945 2697.26 1826.25 22.1909 2303.69 736.623 46.8073 11.7427 88.2347 1821.27 1567.07 6.12313 685.353 23391.5 10256.4
internal_count=570368 95427 72402 67198 7651 5204 23025 59547 14908 474941 44639 22819 3956 4471 3180 3276 48240 22474 345 41442 13020 680 164 1248 22384 28422 96 12330 426701 186668
is_linear=0
shrinkage=0.01


Tree=4
num_leaves=31
num_cat=0
split_feature=2 0 1 13 13 13 12 0 1 1 2 2 4 0 15 13 15 1 1 15 1 3 7 7 13 4 0 2 0 0
split_gain=111062 112340 3279.35 3152.53 4343.18 1598.18 1346.83 1328.83 1146.75 5455.31 971.016 1140.61 745.683 740.253 722.965 565.189 526.091 447.85 3724.22 403.165 374.453 352.59 208.277 239.1 196.553 168.547 148.221 140.323 280.069 26045.8
threshold=3511.5000000000005 4200993.0000000009 4202993306407.5005 1.8107551040761356 1.6694167651246727 3.2700284684009455 1.1159798465572681 4201072.0000000009 2417604865630.5005 2424655934955.0005 170.50000000000003 263.50000000000006 473.50000000000006 4202198.5000000009 1.9367270844784239 3.7159804673141519 1.8964817957666884 2345762830381.5005 2424655943147.0005 3.9274939831295064 4305764224321.0005 46.500000000000007 2729.5000000000005 2669.0000000000005 1.7754236602093663 20.500000000000004 4205705.5000000009 4855.5000000000009 4200985.0000000009 4200993.0000000009
decision_type=2 2 2 2 2 2 2 2 2 2 2 2 2 2 2 2 2 2 2 2 2 2 2 2 2 2 2 2 2 2
left_child=1 6 3 4 16 24 -1 27 21 -10 20 -12 19 -9 -6 -14 -3 22 -19 25 -7 -5 23 -15 -4 -8 -20 -2 -29 -30
right_child=7 2 5 8 14 10 12 13 9 -11 11 -13 15 17 -16 -17 -18 18 26 -21 -22 -23 -24 -25 -26 -27 -28 28 29 -31
leaf_value=0.010610287290671051 0.010607221261356327 0.0075723765136589205 -0.035851461269365316 -0.048824055359096494 -0.082666059034522205 -0.05760532242718884 0.010644135642197102 -0.010109377463213234 -0.06672216680171561 -0.0016868117839319622 0.0085206437106489005 -0.057114541594574506 -0.10043028248735918 0.010613551330373019 -0.046524450373697741 0.00657809204754458 -0.025302719427913619 -0.080781415912867305 0.0010054734270212148 0.002200769425113807 -0.092814986659071397 0.0019051390153300976 0.0079993435922561928 -0.092305256822406673 0.0039044256393755751 -0.096388253302781723 0.010610287290671051 0.010494112503869666 -0.16264288336933386 0.010616357973937358
leaf_weight=11.167283736169336 13012.354293253273 186.77967008203268 14.824947770684956 13.78271698951721 92.484329044818878 96.579439356923103 1.7056027427315701 397.13527674973011 150.45129764080048 903.74717850238085 46.653866626322269 61.219368688762188 1993.150174215436 4.5751888900995255 137.8389755487442 4.948059730231761 65.834812790155411 55.153820991516113 423.73320725560188 10.640954576432703 43.949596717953682 2312.2737345211208 1547.347517631948 4.4556195437908155 77.167942516505718 10.708473704755308 258.79909007996321 5752.9193111509085 88.537844188511372 4333.2138109728694
leaf_count=206 240033 3378 245 234 1146 1363 30 6798 2432 15786 802 870 22384 84 2034 90 1093 690 7556 184 562 41095 28280 58 1362 131 4774 105812 1619 79237
internal_value=0 -0.0378653 -0.00835289 -0.00573107 -0.0296304 -0.0381083 -0.0989077 0.00914732 -0.00231657 -0.0109684 -0.0512945 -0.0287281 -0.0995128 0.00249585 -0.0610368 -0.100165 -0.000995326 0.004678 -0.00173979 -0.0429667 -0.0686169 0.00160455 0.00771988 -0.0401645 -0.00250236 -0.0816828 0.00464738 0.00991932 0.00903957 0.00714714
internal_weight=0 6235.91 4203.59 3863.19 482.938 340.395 2032.32 25878.2 3380.25 1054.2 248.402 107.873 2021.15 2691.2 230.323 1998.1 252.614 2294.06 737.686 23.055 140.529 2326.06 1556.38 9.03081 91.9929 12.4141 682.532 23187 10174.7 4421.75
internal_count=570368 95427 72402 67198 7651 5204 23025 474941 59547 18218 3597 1672 22819 48240 3180 22474 4471 41442 13020 345 1925 41329 28422 142 1607 161 12330 426701 186668 80856
is_linear=0
shrinkage=0.01


Tree=5
num_leaves=31
num_cat=0
split_feature=12 0 1 13 13 6 5 15 0 1 12 0 6 5 0 3 4 1 1 13 14 13 0 1 4 12 0 0 1 1
split_gain=102734 101234 3046.31 1946.87 3226.35 1783.09 1489.51 1421.09 1339.31 1305.29 1140.37 981.029 864.409 793.039 706.825 669.905 603.013 572.337 3432.75 474.584 371.679 288.654 164.186 147.177 143.812 141.237 280.912 22484.1 133.899 129.927
threshold=1.1264410422066955 4201048.0000000009 4202993306407.5005 1.8107551040761356 1.6890147687630592 162.50000000000003 171.50000000000003 1.9367270844784239 4201072.0000000009 2241719161008.5005 1.1159798465572681 4203566.0000000009 170.50000000000003 154.50000000000003 4202198.5000000009 53.500000000000007 473.50000000000006 2417604865630.5005 2424655943147.0005 3.7159804673141519 3.4392933550634934 3.5157224911158447 4205705.5000000009 2424655934955.0005 20.500000000000004 1.0174949934843371 4200985.0000000009 4200993.0000000009 4205234304898.5005 3155490927897.0005
decision_type=2 2 2 2 2 2 2 2 2 2 2 2 2 2 2 2 2 2 2 2 2 2 2 2 2 2 2 2 2 2
left_child=8 16 3 4 11 28 9 -6 10 -5 25 -3 -8 21 29 -15 20 -16 23 -18 24 -7 -20 -19 -2 26 -1 -28 -4 -10
right_child=1 2 5 6 7 13 12 -9 14 -11 -12 -13 -14 15 17 -17 19 18 22 -21 -22 -23 -24 -25 -26 -27 27 -29 -30 -31
leaf_value=0.010486616979762801 0.010637316286466157 -0.035299259600583034 -0.051473410033300873 -0.005457087941970448 -0.082450923105817003 0.0034207244749551303 -0.014035330431858185 -0.031689631723966806 -0.014287585271576671 -0.032038752263123228 -0.09234795364910163 0.0047390607481198697 0.0037814808491778073 -0.03568668013782908 0.0080055007714058823 0.0015962826297358107 -0.091782212623455955 -0.090212496858451952 -0.00020654413078551967 0.006550464937002105 0.0039153783374080457 -0.066087905910497499 0.010603846604739373 -0.057043114734831736 -0.087999324106897897 0.010600767596189917 -0.13956217903149182 0.010609849665804057 -0.078185570847836103 -0.0024386757241250659
leaf_weight=5699.7274231314659 1.6897088661789883 76.871869616210461 25.027122795581818 611.69771440327168 87.801789164543152 6.9004473686218253 309.85857399553061 148.30923271179199 256.0205803848803 264.65971494466066 10.911305412650107 300.11900033801794 2246.9681194648147 78.520341150462627 1446.2973470836878 124.78250585496426 2147.7810706458986 35.150834441184998 383.75502213835716 4.9193835631012908 10.391934491693972 44.523067317903042 221.63290683180094 21.595863342285156 11.806209750473501 12910.111661024392 102.07110151648521 4292.716182179749 75.003972053527832 144.92944059148431
leaf_count=105812 30 1196 344 10738 1017 118 5396 2213 4343 4170 113 5383 40058 1159 26611 2179 22276 404 6848 90 181 562 4127 256 134 240391 1619 79237 904 2459
internal_value=0 -0.0352179 -0.0076287 -0.00516523 -0.0215795 -0.0357265 -0.00223395 -0.0505661 0.00910307 -0.0134847 0.00985943 -0.00342512 0.00162228 -0.0216773 0.00216585 -0.0128033 -0.091003 0.00448025 -0.00321995 -0.0915575 -0.0410366 -0.0567606 0.00375115 -0.0775894 -0.0756499 0.00990791 0.0090218 0.00712203 -0.0715024 -0.0100046
internal_weight=0 6577.63 4401.04 4046.29 613.102 354.757 3433.18 236.111 25524.9 876.357 23015.5 376.991 2556.83 254.726 2509.38 203.303 2176.59 2108.43 662.135 2152.7 23.8879 51.4235 605.388 56.7467 13.4959 23004.6 10094.5 4394.79 100.031 400.95
internal_count=570368 98148 75437 70171 9809 5266 60362 3230 472220 14908 427172 6579 45454 4018 45048 3338 22711 38246 11635 22366 345 680 10975 660 164 427059 186668 80856 1248 6802
is_linear=0
shrinkage=0.01


Tree=6
num_leaves=31
num_cat=0
split_feature=2 0 1 6 13 14 1 2 0 1 0 1 1 12 0 3 12 5 3 0 1 1 15 7 10 0 2 0 0 1
split_gain=101939 86333.3 2943.34 3332.91 1975.33 1851.42 1531.66 1403.69 1324.58 1288.78 1229.56 1162.66 978.789 974.588 708.096 481.687 947.925 456.068 860.145 704.765 436.881 3167.16 357.443 199.28 260.364 146.735 141.919 281.681 19851.7 121.621
threshold=3511.5000000000005 4200993.0000000009 2417604865630.5005 192.50000000000003 1.8107551040761356 1.80966411804849 2424655934955.0005 772.50000000000011 4201072.0000000009 2424655927106.5005 4203798.0000000009 1900371961397.0002 2507242453870.5005 1.1159798465572681 4202198.5000000009 155.50000000000003 1.3826895352780137 169.50000000000003 48.500000000000007 4206368.0000000009 2345762830381.5005 2424655943147.0005 5.2206801228272122 2729.5000000000005 553.50000000000011 4205705.5000000009 4855.5000000000009 4200985.0000000009 4200993.0000000009 3155490927897.0005
decision_type=2 2 2 2 2 2 2 2 2 2 2 2 2 2 2 2 2 2 2 2 2 2 2 2 2 2 2 2 2 2
left_child=1 13 4 9 5 -3 10 -8 26 -4 -5 -7 -11 -1 29 16 -15 18 -6 -19 23 -22 -17 24 -16 -23 -2 -28 -29 -10
right_child=8 2 3 6 17 11 7 -9 14 12 -12 -13 -14 15 20 22 -18 19 -20 -21 21 25 -24 -25 -26 -27 27 28 -30 -31
leaf_value=0.010597479273808125 0.010594355772155702 0.0079894010870236818 -0.12618456603869979 -0.10994005432211683 -0.13744234348753082 -0.065758368985004381 -0.0032675235266013737 -0.0271256411907774 -0.013841802933281296 -0.023119263152247157 -0.029978158524370385 -0.015084064548368326 -0.064104965347266202 -0.094047001316595921 0.010626184764335654 -0.084699944846314407 0.0023326494965982725 0.0046102856720575385 -0.0047769445710886425 -0.10378228997375587 -0.069762143873434115 0.00099345418743792863 0.0060495293829675688 0.0079538491851478803 -0.095161180476481061 0.010599506644312116 0.01047918184034646 -0.12253783669681674 0.01060341328246797 -0.0024091221170022699
leaf_weight=10.959351748228071 12770.103209149092 102.77504042163491 21.316433519124985 25.193831324577332 4.9271417409181586 109.75506711006165 954.24566870182753 332.53957307711244 258.94468238577247 109.31303385272622 81.239854946732521 77.07023698464036 124.77744571492076 22.32931113243103 5.0269311144948006 2301.5777894556522 18.793762724846601 1710.7816167399287 602.20723232254386 6.0196425318717948 62.555603794753551 423.24154974520206 4.3484912961721411 1526.3300373628736 4.3310451060533506 254.71833583340049 5646.9979087412357 115.0169276446104 4252.5698185712099 145.23869869485497
leaf_count=206 240033 1879 312 400 79 1418 16234 5226 4339 1738 1236 1061 1569 235 91 22228 280 30651 10515 84 690 7556 76 28280 51 4774 105812 1619 79237 2459
internal_value=0 -0.0349337 -0.00807329 -0.0185363 -0.00147317 -0.0261006 -0.0124486 -0.0094331 0.0091132 -0.0517445 -0.0489059 -0.0448539 -0.0449659 -0.0834845 0.0024637 -0.0839238 -0.0500003 0.00159581 -0.00585358 0.00423023 0.00462956 -0.00167944 -0.0845288 0.00767179 -0.0383342 0.00460257 0.00989545 0.00900424 0.00709724 -0.0097336
internal_weight=0 6620.17 4262.16 1648.63 2613.54 289.6 1393.22 1286.79 25465.1 255.407 106.434 186.825 234.09 2358.01 2680.39 2347.05 41.1231 2323.94 607.134 1716.8 2276.2 740.515 2305.93 1535.69 9.35798 677.96 22784.7 10014.6 4367.59 404.183
internal_count=570368 95427 72402 26715 45687 4358 23096 21460 474941 3619 1636 2479 3307 23025 48240 22819 515 41329 10594 30735 41442 13020 22304 28422 142 12330 426701 186668 80856 6798
is_linear=0
shrinkage=0.01


Tree=7
num_leaves=31
num_cat=0
split_feature=2 0 1 6 5 0 1 16 12 1 2 15 1 12 0 0 1 1 4 6 12 14 14 7 10 14 0 2 0 0
split_gain=97898.7 76815.9 2814.87 3045.66 1474.98 1322.92 1259.56 1208.74 1072.58 1039.68 1026.99 1579.42 861.327 847.365 692.522 624.875 432.053 2942.94 430.106 407.889 887.02 328.298 291.506 191.671 230.968 172.94 145.91 142.658 282.376 17819.8
threshold=3511.5000000000005 4200993.0000000009 2417604865630.5005 192.50000000000003 223.50000000000003 4201072.0000000009 2424655934955.0005 4.7321277542704676 1.8259902897476288 2424655927106.5005 1224.5000000000002 1.9367270844784239 2507242453870.5005 1.1159798465572681 4202198.5000000009 4204355.0000000009 2345762830381.5005 2424655943147.0005 473.50000000000006 289.50000000000006 4.3214483426998367 4.2450123703691158 3.4392933550634934 2729.5000000000005 553.50000000000011 1.9623143175368347 4205705.5000000009 4855.5000000000009 4200985.0000000009 4200993.0000000009
decision_type=2 2 2 2 2 2 2 2 2 2 2 2 2 2 2 2 2 2 2 2 2 2 2 2 2 2 2 2 2 2
left_child=1 13 8 9 6 27 -5 -6 10 -4 11 -3 -11 -1 -7 -12 23 -18 22 20 -10 -20 -15 24 -16 -21 -19 -2 -29 -30
right_child=5 2 3 4 7 14 -8 -9 19 12 15 -13 -14 18 16 -17 17 26 21 25 -22 -23 -24 -25 -26 -27 -28 28 29 -31
leaf_value=0.010591180663468303 0.010588029675923261 -0.068765633517516897 -0.11225225505296306 -0.094266775642736667 -0.013410101599831289 -0.00955418055075259 -0.025394021359397244 0.0098544090938801326 -0.0011998571597273879 -0.022433767946867682 -0.019171310231012758 -0.013806754698496536 -0.060216412573641631 -0.064838108463843261 0.010619570206369364 0.0057963041991471792 -0.065337068219152139 0.00098438489379932951 -0.078525448319481606 -0.094363397544254962 -0.055909322298047473 0.0062445183761406032 0.0038639743445798192 0.0079302746906772543 -0.087252259845581839 0.0061382910032989728 0.010593185673524907 0.010471806700527339 -0.10942726457261896 0.010597048662628178
leaf_weight=10.856724500656126 12650.555022854358 63.292346157133579 23.709265530109406 29.676322042942047 819.32924004644156 407.63270734623075 252.34488482400775 307.01324886456132 454.66316649317741 111.51539949700236 139.55882005766034 300.82278392463923 131.47136000916362 15.378330372273924 4.9799968004226685 355.78807696700096 66.105549454689026 422.87131937220693 2470.6661547496915 1.7144871167838562 31.701561488211155 4.5770790092647067 10.320931058377026 1515.6125088334084 4.6745375618338567 1269.0905492417514 252.33356996625662 5594.7272203564644 127.44060476869345 4212.7720635198057
leaf_count=206 240033 679 312 404 13637 6798 3797 5258 7898 1738 2127 5236 1569 164 91 6383 690 7556 22390 31 554 84 181 28280 51 22779 4774 105812 1619 79237
internal_value=0 -0.0336415 -0.00793532 -0.0180574 -0.0121896 0.00909625 -0.0326413 -0.00706877 -0.00145556 -0.0490441 -0.0106101 -0.02336 -0.0428766 -0.0775635 0.0024455 -0.00123806 0.00460359 -0.00165903 -0.0779461 0.00302209 -0.00476585 -0.0783687 -0.0372471 0.00764735 -0.0367681 0.0060027 0.00457533 0.00988373 0.00898691 0.0070728
internal_weight=0 6803.49 4291.69 1675.06 1408.36 25259.7 282.021 1126.34 2616.63 266.696 859.462 364.115 242.987 2511.8 2674.21 495.347 2266.58 741.31 2500.94 1757.17 486.365 2475.24 25.6993 1525.27 9.65453 1270.81 675.205 22585.5 9934.94 4340.21
internal_count=570368 95427 72402 26715 23096 474941 4201 18895 45687 3619 14425 5915 3307 23025 48240 8510 41442 13020 22819 31262 8452 22474 345 28422 142 22810 12330 426701 186668 80856
is_linear=0
shrinkage=0.01


Tree=8
num_leaves=31
num_cat=0
split_feature=2 0 1 1 1 13 2 14 15 12 0 14 1 12 0 5 3 0 1 1 4 13 14 7 5 0 2 0 0 1
split_gain=94163.7 68893.3 2694.13 2850.35 1979.8 1831.99 1634.26 1631.17 1357.37 1706.69 1321.25 1267.8 965.902 745.257 677.399 446.593 740.17 636.826 427.274 2746.51 366.134 312.128 264.573 184.694 181.979 145.087 143.358 282.997 16200 115.549
threshold=3511.5000000000005 4200993.0000000009 2417604865630.5005 2424655934955.0005 4202993306407.5005 1.8107551040761356 772.50000000000011 1.80966411804849 7.3108384570300888 3.0255552019457324 4201072.0000000009 3.2946001893412262 1900371961397.0002 1.1159798465572681 4202198.5000000009 169.50000000000003 48.500000000000007 4206368.0000000009 2345762830381.5005 2424655943147.0005 473.50000000000006 3.7159804673141519 3.4392933550634934 2729.5000000000005 301.50000000000006 4205705.5000000009 4855.5000000000009 4200985.0000000009 4200993.0000000009 3155490927897.0005
decision_type=2 2 2 2 2 2 2 2 2 2 2 2 2 2 2 2 2 2 2 2 2 2 2 2 2 2 2 2 2 2
left_child=1 13 5 8 6 7 -5 -3 9 -4 26 -6 -9 -1 29 16 -7 -17 23 -20 22 -22 -15 24 -16 -21 -2 -28 -29 -12
right_child=10 2 3 4 11 15 -8 12 -10 -11 14 -13 -14 20 18 17 -18 -19 19 25 21 -23 -24 -25 -26 -27 27 28 -30 -31
leaf_value=0.010584952262505025 0.010581773603271174 0.0079520166014883081 0.0037924061895621402 0.00018955177506101893 -0.00067893565830886465 -0.12074205479396062 -0.027395140210747987 -0.059211084436807886 0.010739374865551075 -0.083651219779801916 -0.013330962367464172 -0.043406156420903945 -0.014253604352868012 -0.061034151643223622 -0.075188831900400793 0.0045759702204136339 -0.004715144940461817 -0.094048438230245029 -0.061460701869667442 0.0009753915013591515 -0.073349548151211877 0.0065326911772819445 0.0038384120285340942 0.007906658310562786 0.010605569939416384 0.010586935671239845 0.010464488934764806 -0.099001677161983506 0.010590755586538636 -0.0022650753402582015
leaf_weight=10.754991285502909 12532.047676753253 101.62894754484296 27.358422920107841 861.89984842762351 91.635212279856205 5.5485824644565573 286.05819664523005 119.79631212353706 26.027089238166809 121.20215904712677 264.27624372392893 286.77564991638064 79.505494467914104 16.169240385293964 5.3231540620326996 1702.0776713378727 604.51480005681515 6.5724209547042838 69.553895406424999 422.5047203078866 2617.8236796408892 4.9005527570843688 10.285943675786255 1504.9915205612779 4.6163416653871518 249.96955769136548 5542.9125987142324 139.38712597638369 4173.3202603980899 146.76389260590076
leaf_count=206 240033 1879 428 14787 1561 79 4280 1418 406 1610 4339 3643 1061 164 56 30651 10515 84 690 7556 22384 90 181 28280 86 4774 105812 1619 79237 2459
internal_value=0 -0.0324509 -0.00780143 -0.0176011 -0.0132231 -0.00143842 -0.00668424 -0.0246514 -0.055877 -0.0675479 0.0090794 -0.0330594 -0.0412766 -0.0724897 0.00242743 0.00157424 -0.00577042 0.00419661 0.00457778 -0.00163917 -0.0728269 -0.0732003 -0.0358113 0.0076229 -0.0353421 0.00454816 0.00987214 0.00896979 0.00704872 -0.00937983
internal_weight=0 6980.54 4320.6 1700.96 1526.37 2619.64 1147.96 300.931 174.588 148.561 25055.7 378.411 199.302 2659.93 2668 2318.71 610.063 1708.65 2256.96 742.028 2649.18 2622.72 26.4552 1514.93 9.9395 672.474 22387.7 9855.62 4312.71 411.04
internal_count=570368 95427 72402 26715 24271 45687 19067 4358 2444 2038 474941 5204 2479 23025 48240 41329 10594 30735 41442 13020 22819 22474 345 28422 142 12330 426701 186668 80856 6798
is_linear=0
shrinkage=0.01


Tree=9
num_leaves=31
num_cat=0
split_feature=2 0 1 6 14 13 14 0 5 13 13 1 1 1 0 12 5 2 0 1 1 4 13 14 7 10 0 2 0 0
split_gain=90698.1 62217.6 2580.36 2646.15 2270.7 1759.53 1524.62 1319.54 1050.47 985.016 1955.06 1026.02 959.273 862.879 662.681 661.908 437.68 676.399 581.672 422.54 2572.94 315.61 276.241 241.396 178.249 188.956 144.266 144.019 283.545 14875.9
threshold=3511.5000000000005 4200993.0000000009 2417604865630.5005 2579.5000000000005 6.7348587750187763 1.8107551040761356 1.80966411804849 4201072.0000000009 260.50000000000006 1.8107551040761356 1.6694167651246727 2424655934955.0005 2424655927106.5005 1900371961397.0002 4202198.5000000009 1.1159798465572681 169.50000000000003 166.50000000000003 4206368.0000000009 2345762830381.5005 2424655943147.0005 473.50000000000006 3.7159804673141519 3.4392933550634934 2729.5000000000005 553.50000000000011 4205705.5000000009 4855.5000000000009 4200985.0000000009 4200993.0000000009
decision_type=2 2 2 2 2 2 2 2 2 2 2 2 2 2 2 2 2 2 2 2 2 2 2 2 2 2 2 2 2 2
left_child=1 15 5 4 12 6 -3 27 -6 10 -5 -11 -4 -8 -9 -1 17 -7 -18 24 -21 23 -23 -17 25 -16 -22 -2 -29 -30
right_child=7 2 3 9 8 16 13 14 -10 11 -12 -13 -14 -15 19 21 18 -19 -20 20 26 22 -24 -25 -26 -27 -28 28 29 -31
leaf_value=0.010578792941568818 0.010575585661012356 0.0079284181531087527 -0.09742112423866503 -0.0011196125424989742 -0.061202136237392887 -0.050171808791884064 -0.055888676252913244 -0.0092100356532694473 0.0053105800352377056 -0.046211642611643504 -0.056691494960980839 -0.0023711845541322814 -0.045711844017103237 -0.013943538261928262 0.010613242367157114 -0.05766867953108111 0.0045486278249070736 -0.0032035987859127687 -0.086152084956984509 -0.058035764666525519 0.00096647212873365591 -0.068858216190178206 0.0065050389301497015 0.0038129393632818889 0.0078829980703775497 -0.075462647241392206 0.010580754361259458 0.010457229405718915 -0.090502561454614064 0.010584531548383107
leaf_weight=10.654145963490008 12414.574911497533 100.91570460796356 41.105151146650314 136.16193578019738 28.864625331014395 32.370551262050867 125.61799208819866 414.40934837237 133.88107159733772 56.636588245630264 118.31669468060136 929.32145713269711 282.01860638335347 80.455893374979496 4.9171181246638298 16.937682457268242 1695.2204747162759 580.79003566503525 7.1002217531204215 72.904329046607018 422.14174658432603 2759.9344012215734 4.8723121769726268 10.25128825381398 1494.4663227275014 5.2984492182731611 247.62617088109255 5491.5504961907864 150.88991642743349 4134.2123429402709
leaf_count=206 240033 1879 468 2236 308 543 1418 6798 2239 816 1469 15586 3593 1061 91 164 30651 10051 84 690 7556 22384 90 181 28280 51 4774 105812 1619 79237
internal_value=0 -0.0313501 -0.00767121 -0.0171653 -0.0369476 -0.0014215 -0.0239173 0.00906265 -0.00648614 -0.00941673 -0.0269571 -0.00488952 -0.0522899 -0.0395123 0.00240949 -0.0680918 0.00156102 -0.00568319 0.00417032 0.00455212 -0.00161982 -0.068392 -0.0687254 -0.0344877 0.00759843 -0.0340312 0.00452106 0.00986068 0.00895288 0.00702498
internal_weight=0 7151.43 4348.78 1726.31 485.869 2622.47 306.99 24853 162.746 1240.44 254.479 985.958 323.124 206.074 2661.76 2802.65 2315.48 613.161 1702.32 2247.35 742.672 2792 2764.81 27.189 1504.68 10.2156 669.768 22191.2 9776.65 4285.1
internal_count=570368 95427 72402 26715 6608 45687 4358 474941 2547 20107 3705 16402 4061 2479 48240 23025 41329 10594 30735 41442 13020 22819 22474 345 28422 142 12330 426701 186668 80856
is_linear=0
shrinkage=0.01


Tree=10
num_leaves=31
num_cat=0
split_feature=2 0 1 6 14 13 14 0 3 13 13 1 2 1 0 12 1 1 1 1 3 12 4 1 2 0 0 0 1 1
split_gain=87472.5 56532.4 2473.35 2461.29 2056.16 1691.45 1428.67 1317.81 956.189 932.702 1787.27 960.641 900.598 775.28 648.38 592.872 417.854 2418.42 336.115 2538.81 277.991 630.446 266.256 224.131 144.645 284.022 13771.5 143.447 109.923 220.332
threshold=3511.5000000000005 4200993.0000000009 2417604865630.5005 2579.5000000000005 6.7348587750187763 1.8107551040761356 1.80966411804849 4201072.0000000009 91.500000000000014 1.8107551040761356 1.6694167651246727 2424655934955.0005 134.50000000000003 1900371961397.0002 4202198.5000000009 1.1159798465572681 2345762830381.5005 2424655943147.0005 1564759720309.0002 1478970866856.5002 166.50000000000003 1.3826895352780137 47.500000000000007 1836311521521.5002 4855.5000000000009 4200985.0000000009 4200993.0000000009 4205705.5000000009 3155490927897.0005 2432589630104.5005
decision_type=2 2 2 2 2 2 2 2 2 2 2 2 2 2 2 2 2 2 2 2 2 2 2 2 2 2 2 2 2 2
left_child=1 15 5 4 12 6 -3 24 -6 10 -5 -11 -4 -8 28 -1 -16 -18 19 -7 21 -17 -22 -20 -2 -26 -27 -19 29 -9
right_child=7 2 3 9 8 18 13 14 -10 11 -12 -13 -14 -15 16 20 17 27 23 -21 22 -23 -24 -25 25 26 -28 -29 -30 -31
leaf_value=0.010572703016187315 0.010569466868644404 0.0079047771442695841 -0.017830573623810991 -0.0011073342119994856 -0.062206619313200921 0.0018508456571391129 -0.052925003644815373 -0.0083538195945382452 0.0040872599755039981 -0.0439876854750798 -0.053584867968844679 -0.0023426075310959446 -0.058005669194459514 -0.013644174129721331 0.0075739750096827365 -0.072220874883420785 -0.054986823622385092 0.00095762657429969216 0.0075913881064153723 -0.057801336712834078 -0.014233132055119604 -0.00017281066316991481 -0.065097672610845009 -0.0010713373035037882 0.010450026071963032 -0.083434935850444841 0.010578376865184865 0.01057464177112822 -0.0021283492707492493 -0.031035374077308723
leaf_weight=10.554180860519407 12298.127785161138 100.20889019221067 70.566461369395256 136.29438726603985 25.83965627104044 879.25447781383991 131.29594751447439 216.08430368825793 137.69829881191254 58.89326423406601 123.89509928599 931.24180133268237 266.60939770564437 81.394160710275173 1494.5157280415297 28.032072082161903 76.160198457539082 421.78235040977597 911.02874951437116 77.64806504547596 10.328299842774866 21.429841954261065 2869.8149030022323 444.34311363846064 5440.6373651623726 161.97518791258335 4095.4456545189023 245.30325199663639 148.23950995132327 53.415493294596672
leaf_count=206 240033 1879 925 2236 254 15761 1418 3479 2293 816 1469 15586 3136 1061 28422 235 690 7556 16309 1292 143 291 22150 7967 105812 1619 79237 4774 2459 860
internal_value=0 -0.0303292 -0.00754483 -0.0167498 -0.0354847 -0.00140491 -0.0232256 0.00904601 -0.00638744 -0.00924715 -0.0260957 -0.00481966 -0.0495976 -0.0378927 0.00239168 -0.0642421 0.00452663 -0.00160096 0.00154788 -0.00298964 -0.0645116 -0.0410054 -0.0649153 0.00475141 0.00984935 0.00893618 0.0070016 0.00449403 -0.00904489 -0.0128494
internal_weight=0 7316.37 4376.21 1751.04 500.714 2625.17 312.899 24651.7 163.538 1250.32 260.189 990.135 337.176 212.69 2655.5 2940.16 2237.76 743.246 2312.27 956.903 2929.61 49.4619 2880.14 1355.37 21996.2 9698.06 4257.42 667.086 417.739 269.5
internal_count=570368 95427 72402 26715 6608 45687 4358 474941 2547 20107 3705 16402 4061 2479 48240 23025 41442 13020 41329 17053 22819 526 22293 24276 426701 186668 80856 12330 6798 4339
is_linear=0
shrinkage=0.01


Tree=11
num_leaves=31
num_cat=0
split_feature=2 3 2 2 4 15 15 4 3 12 14 3 5 12 14 2 5 12 16 13 12 3 7 3 10 13 13 5 3 4
split_gain=84460.4 14653.3 11536 7905.99 4910.55 2067.97 1951 2498.44 1692.19 1592.25 1413.39 1195.63 1163.93 662.084 3407.35 541.247 512.735 477.497 413.177 289.109 236.383 212.755 196.633 184.959 172.658 102.61 99.3574 94.6843 78.5057 63.1983
threshold=3511.5000000000005 271.50000000000006 84.500000000000014 662.50000000000011 4187.5000000000009 3.6922419901710248 3.8135929736245573 2537.5000000000005 1142.5000000000002 1.8855877148658888 1.8343053871512336 46.500000000000007 55.500000000000007 4.3214483426998367 6.7348587750187763 2977.5000000000005 3769.0000000000005 1.0174949934843371 4.956072573043552 3.0370153012011101 4.0072691311806761 155.50000000000003 2729.5000000000005 152.50000000000003 553.50000000000011 1.3461532835074757 3.364457487938862 179.50000000000003 3103.5000000000005 3051.5000000000005
decision_type=2 2 2 2 2 2 2 2 2 2 2 2 2 2 2 2 2 2 2 2 2 2 2 2 2 2 2 2 2 2
left_child=1 6 16 8 5 -5 7 26 12 -10 -6 18 -4 23 -15 21 19 -2 -8 27 -21 -9 24 -13 -19 -24 -1 -3 -18 -20
right_child=17 2 3 4 10 -7 11 15 9 -11 -12 13 -14 14 -16 -17 28 22 29 20 -22 -23 25 -25 -26 -27 -28 -29 -30 -31
leaf_value=-0.063827651207502945 0.0075207959978129246 -0.15432601621659134 -0.042797324468008963 -0.0091199217210451468 -0.040559085607023128 -0.068157475769232076 0.0093719741517768029 -0.0033872414383573917 -0.018790258497150669 0.0035619259384412471 -0.059722669950749527 0.006750369114355839 -0.014809830422044108 -0.067594607407091167 0.0041491177617698684 -0.078325955162754521 -0.061872186591114348 0.010602202698182843 -0.065574969746637915 0.010158875323466352 -0.053102980278849986 -0.026832010244531808 0.010564203908478991 -0.0018995445856987599 -0.071033113652657617 0.0065694529098746695 -0.092670161838051532 -0.060881882756127277 -0.055595439800926648 -0.10088933243053033
leaf_weight=16.047385089099407 11291.547633383423 1.6361578479409216 268.61634401232004 490.6478340998292 716.2211977019906 67.493404280394316 7.6040669977664939 147.59509674459696 602.82470694184303 676.15077752247453 831.88436611369252 812.03274105489254 332.55618159472942 83.566535890102386 318.51939929276705 12.131309825927017 1339.8377236127853 4.8385643251240253 23.864586755633354 19.699558779597286 8.4358820617198926 52.466016203165054 12471.916829127818 355.39263935387135 5.5768911987543088 677.95266959816217 46.703688435256481 3.2152867913246146 234.07855808734894 6.4338154979050186
leaf_count=146 216531 27 3344 7644 7620 742 127 2476 9184 11846 6866 14472 4735 957 5483 109 9889 91 218 338 114 653 245482 5877 51 12786 593 56 1834 77
internal_value=0 -0.0293792 -0.0375011 -0.0283832 -0.0416886 -0.0162591 -0.00524534 -0.0298614 -0.0134777 -0.00697342 -0.0508568 -0.00103483 -0.0273152 0.000305422 -0.0107616 -0.0134685 -0.0601209 0.00902943 -0.0565335 -0.0211023 -0.008809 -0.00953563 0.0103238 0.00411713 -0.0331089 0.0103583 -0.0852942 -0.0923961 -0.0609387 -0.0730739
internal_weight=0 7475.66 5593.3 3986.39 2106.25 558.141 1882.36 274.943 1880.15 1278.98 1548.11 1607.41 601.173 1569.51 402.086 212.192 1606.9 24451.8 37.9025 32.9869 28.1354 200.061 13160.3 1167.43 10.4155 13149.9 62.7511 4.85144 1573.92 30.2984
internal_count=570368 95427 64239 51981 22872 8386 31188 3977 29109 21030 14486 27211 8079 26789 6440 3238 12258 474941 422 535 452 3129 258410 20349 142 258268 739 83 11723 295
is_linear=0
shrinkage=0.01


Tree=12
num_leaves=31
num_cat=0
split_feature=2 0 1 6 14 13 0 14 5 13 13 1 2 1 0 13 5 2 0 1 1 3 13 4 7 10 2 0 0 0
split_gain=81597.3 48236.8 2283.17 2197.1 1713.69 1542.17 1324 1318.8 899.964 832.387 1597.08 855.966 774.147 669.82 638.677 514.564 421.076 581.313 505.825 416.115 2292.72 226.669 551.361 221.979 167.777 157.772 145.772 286.404 12911.1 143.646
threshold=3511.5000000000005 4200993.0000000009 2417604865630.5005 2579.5000000000005 6.7348587750187763 1.8107551040761356 4201072.0000000009 1.80966411804849 260.50000000000006 1.8107551040761356 1.6694167651246727 2424655934955.0005 134.50000000000003 1900371961397.0002 4202198.5000000009 1.3201124284121852 169.50000000000003 166.50000000000003 4206368.0000000009 2345762830381.5005 2424655943147.0005 155.50000000000003 2.2989862069126414 47.500000000000007 2729.5000000000005 553.50000000000011 4855.5000000000009 4200985.0000000009 4200993.0000000009 4205705.5000000009
decision_type=2 2 2 2 2 2 2 2 2 2 2 2 2 2 2 2 2 2 2 2 2 2 2 2 2 2 2 2 2 2
left_child=1 15 5 4 12 7 26 -3 -6 10 -5 -11 -4 -9 -8 -1 17 -7 -18 24 -21 22 -17 -23 25 -16 -2 -28 -29 -22
right_child=6 2 3 9 8 16 14 13 -10 11 -12 -13 -14 -15 19 21 18 -19 -20 20 29 23 -24 -25 -26 -27 27 28 -30 -31
leaf_value=0.010590136509541227 0.01055742806425297 0.008001431405911804 -0.016375124219362686 -0.0007466093427294869 -0.053825451780296928 -0.044792763306731376 -0.0090172177176962662 -0.048534387755990026 0.0052394804219648029 -0.040237771623248604 -0.049124747535739366 -0.0021955396876443241 -0.052595205499163307 -0.012845503264112918 0.010595858603629415 -0.064073432051863777 0.0045257013101924889 -0.0030928797064850677 -0.075278654039946422 -0.052620772166768782 0.00087819934398865773 -0.01329982613827399 0.0030832963580331393 -0.058924696058014321 0.0078131895611773822 -0.066707768536078682 0.010437764585873047 -0.077979629722536276 0.010568003709273258 0.010564409369774113
leaf_weight=10.839678794145582 12068.276469927281 103.14770930632949 74.168115347623825 140.31304085999727 32.042592648416758 35.455859672278166 418.29860631003976 140.65823259204626 132.34444605186582 63.112263552844524 132.84478852152824 941.11091516166925 288.73123516142368 83.990828916430473 4.793273538351059 30.950594171881676 1689.4164686724544 585.17735351249576 7.9798259139060965 78.885792426764965 418.58026988431811 10.700414109975098 20.206727363169193 3111.3945960700512 1464.0695557296276 5.8775204718112928 5354.1033323854208 171.68286272883415 4029.8883542045951 241.400620482862
leaf_count=206 240033 1879 925 2236 308 543 6798 1418 2239 816 1469 15586 3136 1061 91 235 30651 10051 84 690 7556 143 280 22161 28280 51 105812 1619 79237 4774
internal_value=0 -0.0284741 -0.00721301 -0.0158856 -0.0330592 -0.00129763 0.00901175 -0.0215998 -0.00627355 -0.00879649 -0.0242743 -0.00458637 -0.0451927 -0.0351912 0.00231494 -0.0581913 0.00157333 -0.00547513 0.00415052 0.00445634 -0.00166901 -0.0584262 -0.0375471 -0.0587683 0.00752523 -0.0319833 0.00982683 0.00890413 0.00694981 0.00442112
internal_weight=0 7634.59 4450.49 1804.67 527.286 2645.83 24255.9 327.797 164.387 1277.38 273.158 1004.22 362.899 224.649 2631.91 3184.09 2318.03 620.633 1697.4 2213.61 738.867 3173.25 51.1573 3122.1 1474.74 10.6708 21624 9555.67 4201.57 659.981
internal_count=570368 95427 72402 26715 6608 45687 474941 4358 2547 20107 3705 16402 4061 2479 48240 23025 41329 10594 30735 41442 13020 22819 515 22304 28422 142 426701 186668 80856 12330
is_linear=0
shrinkage=0.01


Tree=13
num_leaves=31
num_cat=0
split_feature=12 3 4 14 17 1 1 6 6 12 12 5 12 4 3 12 4 1 1 5 5 4 7 8 14 4 12 3 1 13
split_gain=76698.7 14646.7 5192.45 2510.66 2940.13 2313.99 1389.86 1382.41 1558.12 1198.74 1018.61 758.858 2109.23 877.799 650.473 465.556 443.697 383.543 375.714 367.386 756.974 365.258 332.563 303.55 288.379 287.223 278.412 482.404 196.448 147.721
threshold=1.1264410422066955 264.50000000000006 248.50000000000003 2.9116587207511304 4.5693209168025453 4205234304898.5005 1754221145042.5002 1977.5000000000002 2532.5000000000005 4.0072691311806761 1.2620922837348056 733.50000000000011 4.3214483426998367 1975.5000000000002 2627.5000000000005 1.0174949934843371 3085.5000000000005 4202993306407.5005 4202993306407.5005 974.50000000000011 264.50000000000006 4756.5000000000009 3174.5000000000005 2441.5000000000005 4.8276800330473497 275.50000000000006 1.0937088826584003 4211.5000000000009 4202993306407.5005 3.5157224911158447
decision_type=2 2 2 2 2 2 2 2 2 2 2 2 2 2 2 2 2 2 2 2 2 2 2 2 2 2 2 2 2 2
left_child=15 5 7 4 6 11 -4 17 24 14 -10 16 13 -13 -5 -1 18 -3 -2 20 29 -6 -18 -14 -9 -21 -17 -28 -29 -7
right_child=1 2 3 9 21 19 -8 8 10 -11 -12 12 23 -15 -16 26 22 -19 -20 25 -22 -23 -24 -25 -26 -27 27 28 -30 -31
leaf_value=0.0074724537858505491 0.0082622388713489564 0.0087874640289965309 -0.043746540572546469 -0.056417575386144225 0.0060707881352413959 0.00016133482926856203 -0.03095458333745206 -0.020869776432716373 -0.036818834628593498 -0.010976572582878756 -0.0063088460917774761 0.0025662469136438553 -0.08741111431604201 -0.019546077301964095 -0.038444125801730865 0.010496300523291318 0.0028136924748119996 -0.043096920230175452 -0.023989102462813522 -0.029850586738943346 0.010738821532905292 -0.056062222083039917 -0.087177662893857616 -0.035457419144647222 -0.069807648730244906 -0.06364582390998641 0.0051682842971562523 -0.0080940906645317508 -0.057577016442870159 -0.059471570251727675
leaf_weight=11137.97667575255 850.39301152527332 257.70556875318289 1567.1413445435464 1024.6392348632216 186.92440156638622 4.7279101908206931 1854.4672649651766 14.589508313685654 152.06551420688629 72.110506765544415 390.25711545348167 671.47129931673408 33.301339216530323 245.0395977422595 250.60438575223088 12490.817631065845 7.6608581542968759 15.081347480416296 37.723529253154993 41.76861048489809 37.435311544686556 9.9658235311508161 8.850941888988018 16.980286322534084 68.941355664283037 63.200415801256895 263.87926199659705 14.404869634658096 18.109230667352676 34.223082590848207
leaf_count=216531 15236 4500 14506 7829 3189 74 21026 253 1894 938 6159 11797 405 3708 2740 250252 135 151 481 515 593 68 99 195 705 647 5045 253 139 305
internal_value=0 -0.0269401 -0.0349872 -0.03899 -0.0346512 -0.00395076 -0.0368135 -0.0128677 -0.0210561 -0.0506426 -0.0148637 -0.000645626 -0.00680538 -0.00334573 -0.0528855 0.00896712 0.00593741 0.00591897 0.00689233 -0.0380567 -0.021372 0.00292585 -0.045425 -0.0698662 -0.0612602 -0.0501982 0.010269 0.000690074 -0.0356544 -0.0522333
internal_weight=0 7917.27 5864.49 4965.85 3618.5 2052.78 3421.61 898.64 625.853 1347.35 542.323 1871.42 966.793 916.511 1275.24 23925.2 904.628 272.787 888.117 181.355 76.3863 196.89 16.5118 50.2816 83.5309 104.969 12787.2 296.393 32.5141 38.951
internal_count=570368 98148 63958 50296 38789 34190 35532 13662 9011 11507 8053 32056 16105 15505 10569 472220 15951 4651 15717 2134 972 3257 234 600 958 1162 255689 5437 392 379
is_linear=0
shrinkage=0.01


Tree=14
num_leaves=31
num_cat=0
split_feature=2 3 2 2 4 1 12 3 12 15 4 13 2 6 3 3 12 5 6 5 2 12 13 12 7 5 4 1 1 13
split_gain=76387.8 11931 9030.82 6680.1 3809.29 2189.1 1734.93 1436.79 1452.61 1170.29 1913.68 1074.32 1034.33 990.584 2063.68 531.879 482.967 449.348 623.941 403.876 350.071 273.525 259.098 219.441 187.192 129.387 117.225 116.242 116.116 103.99
threshold=3511.5000000000005 264.50000000000006 84.500000000000014 662.50000000000011 4187.5000000000009 4205234304898.5005 1.2458435429170043 1142.5000000000002 1.8855877148658888 3.8135929736245573 2537.5000000000005 1.6890147687630592 337.50000000000006 213.50000000000003 173.50000000000003 180.50000000000003 1.0174949934843371 4846.5000000000009 160.50000000000003 3769.0000000000005 303.50000000000006 2.8416269947219686 3.0370153012011101 4.0072691311806761 2729.5000000000005 301.50000000000006 4824.0000000000009 1525463046782.0002 4205234324575.5005 1.3461532835074757
decision_type=2 2 2 2 2 2 2 2 2 2 2 2 2 2 2 2 2 2 2 2 2 2 2 2 2 2 2 2 2 2
left_child=1 5 19 7 6 9 -5 12 -9 10 27 -6 -4 14 -11 -15 -2 18 -7 22 -20 -12 -3 -24 25 -18 -19 -1 -28 -26
right_child=16 2 3 4 11 17 -8 8 -10 13 21 -13 -14 15 -16 -17 24 26 20 -21 -22 -23 23 -25 29 -27 28 -29 -30 -31
leaf_value=-0.1230197196003148 0.0074472963522128222 -0.083357684029038648 -0.019374871705258211 -0.038909315539654508 -0.036182736322729524 -0.049968985025018661 -0.0027042190070732906 -0.017256335120658536 0.003717746343476885 -0.038928942294256801 -0.026831937545739062 -0.052161422291545051 -0.055640846772249973 0.0087371232308938746 0.0061946230485482269 -0.041483774503329809 -0.059765614398840129 -0.078060673798075381 0.0085476977803445181 -0.053177272750364449 -0.038654489111482157 -0.00017799992104341114 0.010203339758216053 -0.04876021902987767 0.010546527856172938 0.010577453077759402 -0.058995684588833454 -0.071547990999723907 0.007852825941917772 0.0064895811282917213
leaf_weight=4.8591306358575812 11064.215822353959 5.3133064955472937 576.52182905003428 203.40117520093918 763.96108423545957 70.739066645503044 378.93226349726319 633.69791689515114 689.47438373044133 160.16790786385536 52.535129640251398 936.68185351416469 91.065131675451994 986.34961244091392 276.0095312744379 21.549120932817459 6.4454087913036346 28.141736470162868 45.437646050006151 1754.9220587573946 24.016887530684471 144.12749840691686 20.919868879020218 9.0389189422130567 12125.415902398527 4.3998420536518079 10.69869804382324 45.214398428797722 3.4319462403655043 666.55468054488301
leaf_count=77 216531 83 7855 2325 7513 583 6078 9184 11846 2109 612 6973 643 17984 4823 220 56 310 714 11740 324 2388 354 114 245482 86 76 447 52 12786
internal_value=0 -0.0268339 -0.0336483 -0.02575 -0.0374247 -0.00477518 -0.0153502 -0.0123616 -0.00632723 -0.00122398 -0.0213509 -0.0449835 -0.0243219 0.00221493 -0.0103751 0.00766339 0.00897751 -0.0376822 -0.029065 -0.0525039 -0.00777449 -0.00729815 -0.0190006 -0.00758666 0.0102999 -0.0312279 -0.0662605 -0.0765428 -0.04276 0.0103351
internal_weight=0 7937.21 6063.93 4273.74 2282.98 1873.28 582.333 1990.76 1323.17 1690.81 246.736 1700.64 667.587 1444.08 436.177 1007.9 23867 182.466 140.194 1790.19 69.4545 196.663 35.2721 29.9588 12802.8 10.8453 42.2724 50.0735 14.1306 12792
internal_count=570368 95427 64708 52417 22889 30719 8403 29528 21030 28660 3524 14486 8498 25136 6932 18204 474941 2059 1621 12291 1038 3000 551 468 258410 142 438 524 128 258268
is_linear=0
shrinkage=0.01


Tree=15
num_leaves=31
num_cat=0
split_feature=2 0 1 6 14 0 12 2 0 5 0 2 1 0 2 0 12 1 1 6 1 14 7 14 2 0 0 0 4 14
split_gain=74000.9 39938.9 2023.75 1922.71 1388.48 1338.23 855.427 798.275 943.293 768.396 633.175 606.395 576.441 895.088 842.44 495.402 425.219 416.662 2190.42 381.797 702.306 175.29 158.673 148.526 147.448 290.734 12235.7 144.841 139.252 165.596
threshold=3511.5000000000005 4200993.0000000009 2417604865630.5005 2579.5000000000005 6.7348587750187763 4201072.0000000009 1.8259902897476288 1224.5000000000002 4204355.0000000009 260.50000000000006 4202198.5000000009 134.50000000000003 2424655934955.0005 4204916.0000000009 662.50000000000011 4204355.0000000009 1.1159798465572681 2345762830381.5005 2424655943147.0005 289.50000000000006 612353529778.00012 4.2450123703691158 2729.5000000000005 1.9623143175368347 4855.5000000000009 4200985.0000000009 4200993.0000000009 4205705.5000000009 448.50000000000006 3.4392933550634934
decision_type=2 2 2 2 2 2 2 2 2 2 2 2 2 2 2 2 2 2 2 2 2 2 2 2 2 2 2 2 2 2
left_child=1 16 6 4 11 24 7 8 -3 -6 -7 -4 13 -5 -14 -9 -1 22 -19 20 -8 28 -12 -21 -2 -26 -27 -20 29 -18
right_child=5 2 3 12 9 10 19 15 -10 -11 17 -13 14 -15 -16 -17 21 18 27 23 -22 -23 -24 -25 25 26 -28 -29 -30 -31
leaf_value=0.010599112366618361 0.010539889646483603 -0.0052430091700528684 -0.015142078665667181 -0.068466284204177871 -0.04715911960735323 -0.0091227418273664845 -0.058031921907376632 -0.015285221900796387 -0.03562482540349169 0.0052216438405092392 -0.030235401921977722 -0.046326947834060182 -0.0010239508828085652 0.0045003940985203035 -0.018748643744963493 0.0058827504635125486 -0.044680530358028582 -0.050819737305477605 0.00073187154373157792 -0.080951448454676458 -0.0017570774954842345 -0.0010957137183781381 0.0077422500987691057 0.0060932824701079372 0.010420710603341913 -0.073751952001759075 0.010553708765609198 0.010550840113799509 -0.051993064366685146 0.0093625296549301237
leaf_weight=10.985927917063234 11731.599540799856 221.88322165608406 77.490936458110809 38.159980289638042 35.552729476243258 416.15959932655096 23.264396652579308 159.32882371544838 189.44513493403792 131.92245336249471 11.08639746531844 319.22305391728878 872.28942115977407 30.051493704319 387.17471934854984 361.20619964599609 20.502840586006645 81.088779807090759 412.79633256047964 1.963339827954768 474.35105473548174 6.8283163085579863 1434.160021558404 1257.7929445393384 5234.0458318591118 180.02081768214703 3939.1223160512745 236.18878662213683 3454.4157176949084 7.8370657414197913
leaf_count=206 240033 3794 925 400 308 6798 364 2127 2121 2239 142 3136 14148 428 5131 6383 163 690 7556 31 8088 125 28280 22779 105812 1619 79237 4774 22392 139
internal_value=0 -0.0260862 -0.00665355 -0.0145779 -0.0300427 0.00895972 -0.00107881 -0.00882401 -0.0192359 -0.00589809 0.00217833 -0.0402355 -0.00800618 -0.0363198 -0.00647274 -0.000596483 -0.0515172 0.00434033 -0.00181736 0.00302816 -0.00438803 -0.0517127 0.00745093 0.00595762 0.00979321 0.00885665 0.00686926 0.00430534 -0.051812 -0.0297356
internal_weight=0 8081.67 4581.1 1891.86 564.189 23676.3 2689.24 931.863 411.328 167.475 2591.48 396.714 1327.68 68.2115 1259.46 520.535 3500.57 2175.32 730.074 1757.37 497.615 3489.58 1445.25 1259.76 21084.8 9353.19 4119.14 648.985 3482.76 28.3399
internal_count=570368 95427 72402 26715 6608 474941 45687 14425 5915 2547 48240 4061 20107 828 19279 8510 23025 41442 13020 31262 8452 22819 28422 22810 426701 186668 80856 12330 22694 302
is_linear=0
shrinkage=0.01


Tree=16
num_leaves=31
num_cat=0
split_feature=2 0 1 6 0 13 14 14 13 12 3 1 0 1 1 1 12 1 1 1 14 7 2 0 0 0 10 4 14 1
split_gain=71778 37191 1948.45 1812.16 1336.19 1293.69 1134.16 1099.13 770.627 2094.22 725.364 669.245 619.334 538.159 411.857 2072.75 393.079 314.759 2121.58 208.714 161.166 153.754 147.99 291.002 11507.4 143.969 133.03 126.466 155.159 105.879
threshold=3511.5000000000005 4200993.0000000009 2417604865630.5005 3741.5000000000005 4201072.0000000009 1.8107551040761356 1.80966411804849 6.7348587750187763 3.4655344199481246 3.0617787435117623 107.50000000000001 2424655927106.5005 4202198.5000000009 1900371961397.0002 2345762830381.5005 2424655943147.0005 1.1159798465572681 1564759720309.0002 1478970866856.5002 1836311521521.5002 4.2450123703691158 2729.5000000000005 4855.5000000000009 4200985.0000000009 4200993.0000000009 4205705.5000000009 553.50000000000011 448.50000000000006 3.4392933550634934 3155490927897.0005
decision_type=2 2 2 2 2 2 2 2 2 2 2 2 2 2 2 2 2 2 2 2 2 2 2 2 2 2 2 2 2 2
left_child=1 16 5 7 22 6 -3 11 9 -5 -9 -4 29 -8 21 -16 -1 18 -7 -19 27 26 -2 -24 -25 -17 -14 28 -18 -6
right_child=4 2 3 8 12 17 13 10 -10 -11 -12 -13 14 -15 15 25 20 19 -20 -21 -22 -23 23 24 -26 -27 -28 -29 -30 -31
leaf_value=0.010592796519367649 0.01053416145723913 0.0081676832836999023 -0.06813578406457424 -0.0071443907283603716 -0.012668687964835114 0.0019585452960570208 -0.041711617881455193 -0.039204755211263896 0.0096738139259421058 -0.064235803319683871 0.0070324795477024575 -0.031322535447307912 0.010602664926643692 -0.011103121690927314 -0.048492270009738436 0.00072502428857826372 -0.042907051509582746 0.0075505693388437682 -0.04945536120294064 -0.00075274272605456525 -0.0010837015390404805 0.0077182866345555092 0.010413783478472277 -0.069133342801429742 0.010547896138348055 0.010545059413154605 -0.058653989247871463 -0.049857663651434486 0.0093460173155575418 -0.0021541246475680832
leaf_weight=10.883068911731241 11621.152446851134 108.51447801664472 55.925028696656227 977.89915829151869 271.51021288335323 889.08094305917621 158.05233044922352 47.123598553240299 220.51380197331309 68.76940494030714 121.17644920572639 422.14947098121047 4.8219178430736065 90.236849673092365 84.115158505737782 412.52933665364981 21.133506849408153 900.97312868386507 88.223860740661621 455.91128885746002 6.8349274285137644 1424.276242159307 5185.3956906050444 190.07369683682919 3902.0659053437412 233.96622202917933 6.5287121683359128 3565.7643627300858 7.7727255225181571 147.95922647416592
leaf_count=206 240033 1879 468 14708 4339 15761 1418 459 3789 718 2090 4483 91 1061 690 7556 163 16309 1292 7967 125 28280 105812 1619 79237 4774 51 22392 139 2459
internal_value=0 -0.0253959 -0.00655215 -0.0142663 0.00894326 -0.00106666 -0.0188009 -0.0278919 -0.00731603 -0.0108955 -0.00591383 -0.0356289 0.00216193 -0.0305874 0.00431555 -0.00179665 -0.0494152 0.00164418 -0.00268272 0.00476067 -0.0495965 0.00742614 0.00978228 0.00884047 0.00684682 0.00427889 -0.0292327 -0.0496888 -0.0288565 -0.00895989
internal_weight=0 8216.94 4604.55 1913.56 23484.4 2690.99 356.804 646.375 1267.18 1046.67 168.3 478.074 2585.71 248.289 2166.24 730.611 3612.39 2334.19 977.305 1356.88 3601.51 1435.63 20898.7 9277.54 4092.14 646.496 11.3506 3594.67 28.9062 419.469
internal_count=570368 95427 72402 26715 474941 45687 4358 7500 19215 15426 2549 4951 48240 2479 41442 13020 23025 41329 17053 24276 22819 28422 426701 186668 80856 12330 142 22694 302 6798
is_linear=0
shrinkage=0.01


Tree=17
num_leaves=31
num_cat=0
split_feature=2 3 2 2 4 17 6 3 14 3 4 3 5 14 5 3 13 4 13 5 4 5 2 7 7 4 4 4 10 13
split_gain=69674.7 9957.1 7005.24 5530.43 3016.41 1506.95 1615.54 2329.03 1469.64 1242.62 1223.65 1146.36 924.477 865.365 714.791 709.575 487.635 474.578 315.75 295.247 291.187 228.09 196.395 173.536 173.068 165.906 164.106 134.05 123.53 105.354
threshold=3511.5000000000005 264.50000000000006 84.500000000000014 662.50000000000011 4187.5000000000009 3.9564883558720996 213.50000000000003 173.50000000000003 2.9116587207511304 1142.5000000000002 2599.5000000000005 3103.5000000000005 1875.0000000000002 1.8150298500602577 795.50000000000011 166.50000000000003 1.0935280532362801 2129.5000000000005 2.9257316291234807 3769.0000000000005 4824.0000000000009 454.50000000000006 51.500000000000007 1952.5000000000002 2729.5000000000005 1830.5000000000002 3128.5000000000005 2472.5000000000005 553.50000000000011 1.3461532835074757
decision_type=2 2 2 2 2 2 2 2 2 2 2 2 2 2 2 2 2 2 2 2 2 2 2 2 2 2 2 2 2 2
left_child=1 5 19 9 8 10 7 14 -5 12 17 -11 -4 -6 -7 -8 -2 25 22 21 -20 26 -12 -9 28 -1 -3 -19 -18 -26
right_child=16 2 3 4 13 6 15 23 -10 11 18 -13 -14 -15 -16 -17 24 27 20 -21 -22 -23 -24 -25 29 -27 -28 -29 -30 -31
leaf_value=-0.050603644103189072 0.0073758151670667771 -0.055673485102477417 -0.034618615490517278 -0.0082170463855067606 -0.032170368066988274 -0.022848823081365092 0.0082649106005980959 0.006561766787699431 -0.053591930304920821 0.0065583128727655995 -0.046960722198905833 -0.012795434745791366 -0.011632955760628946 -0.046062619717517149 -0.057381778983070876 -0.041317160149094215 0.01059632120933318 -0.071202451546964307 -0.01828297251328867 -0.046945871969599894 0.010572064009650956 0.010642324281569235 -0.01244571455823436 -0.03321557421810812 0.010529471007346672 -0.0072559474105509548 0.010762788443334946 -0.040932552944854261 -0.055761721615290812 0.0064107228819951928
leaf_weight=13.160715639591215 10838.127435989678 15.752566777169706 329.7249756641686 518.20622620731592 769.592848431319 145.87714996933937 1000.9177117757499 271.59811960533261 82.783360734581947 471.28727845847607 29.196857050061226 872.90769925713539 372.82946585118771 1074.3196807354689 101.74518694728613 29.720534794032574 4.7767827175557613 59.74698106944561 59.151908993721008 1927.2840297222137 85.556606996804476 15.647220615297554 37.86826740577817 11.429286420345305 11788.566200580448 26.827811449766159 4.8667357414960852 19.374026414006948 6.7972639128565771 655.58056604489684
leaf_count=83 216531 199 3597 7637 7144 1831 18339 4775 766 8082 206 12948 4901 7342 916 291 91 598 908 11740 1461 278 483 121 245482 492 74 215 51 12786
internal_value=0 -0.0247451 -0.0306582 -0.0237705 -0.0339231 -0.00457229 -0.000463963 -0.0146404 -0.0144672 -0.0116429 -0.0239576 -0.00600983 -0.0224207 -0.0402644 -0.037038 0.00683511 0.00892689 -0.0495997 -0.00953549 -0.0464139 -0.00122289 -0.0181462 -0.0274719 0.00495547 0.0102765 -0.0215222 -0.0399927 -0.0637904 -0.0283748 0.0103125
internal_weight=0 8347.37 6455.2 4491.65 2444.9 1892.17 1561.29 530.65 600.99 2046.75 330.883 1344.19 702.554 1843.91 247.622 1030.64 23293.8 119.11 211.774 1963.55 144.709 36.2665 67.0651 283.027 12455.7 39.9885 20.6193 79.121 11.574 12444.1
internal_count=570368 95427 64708 52417 22889 30719 26273 7643 8403 29528 4446 21030 8498 14486 2747 18630 474941 1388 3058 12291 2369 551 689 4896 258410 575 273 813 142 258268
is_linear=0
shrinkage=0.01


Tree=18
num_leaves=31
num_cat=0
split_feature=2 3 2 2 4 17 6 3 12 3 12 4 5 14 3 5 12 4 12 4 5 5 2 7 7 2 4 10 4 13
split_gain=67644 9392.22 6512.59 5193.95 2805.25 1444.87 1574.13 2203.25 1437.35 1180.46 1301.67 1124.85 858.641 834.217 682.338 645.191 489.719 417.237 301.671 283.248 274.062 214.917 182.643 168.976 167.352 155.213 149.997 115.132 114.98 105.851
threshold=3511.5000000000005 264.50000000000006 84.500000000000014 662.50000000000011 4192.5000000000009 3.9564883558720996 213.50000000000003 173.50000000000003 1.2458435429170043 1142.5000000000002 1.8855877148658888 2599.5000000000005 1875.0000000000002 1.8343053871512336 166.50000000000003 795.50000000000011 1.0174949934843371 2129.5000000000005 2.8416269947219686 4824.0000000000009 3769.0000000000005 454.50000000000006 51.500000000000007 2729.5000000000005 1952.5000000000002 2977.5000000000005 3128.5000000000005 553.50000000000011 2472.5000000000005 1.3461532835074757
decision_type=2 2 2 2 2 2 2 2 2 2 2 2 2 2 2 2 2 2 2 2 2 2 2 2 2 2 2 2 2 2
left_child=1 5 20 9 8 11 7 15 -5 12 -11 17 -4 -6 -8 -7 -2 25 22 -20 21 26 -13 27 -9 -1 -3 -18 -19 -25
right_child=16 2 3 4 13 6 14 24 -10 10 -12 18 -14 -15 -16 -17 23 28 19 -21 -22 -23 -24 29 -26 -27 -28 -29 -30 -31
leaf_value=-0.0071374105807998859 0.0073504594034590285 -0.052653306008707886 -0.033361896496853984 -0.035166747293190512 -0.031691413695726298 -0.022211004897697461 0.0082425190184044761 0.0065338995865064685 -0.0034573848228451817 -0.015925908721395148 0.0037109841156465029 -0.045145160427613712 -0.011412758958079295 -0.045098715156633079 -0.03966987875044644 -0.054504340771303186 0.010590047055435861 -0.066752927209207308 -0.017818902109921122 0.010563792369019982 -0.045233031307637436 0.010635533907194978 -0.0122024644477327 0.010523858559582058 -0.032067258857062075 -0.048600071486145917 0.010754624419758987 -0.053163664849942872 -0.039238444303906439 0.0063831799495108789
leaf_weight=26.999754764139652 10767.115605246276 16.485714621841911 338.67771619558334 220.02396957576275 852.59796018153429 148.55181486904621 993.6369787864387 270.03676502406597 408.08938155695796 662.50425257906318 688.24361883103848 30.062831178307533 376.20540022477508 1018.4346689507365 30.640350233763456 106.02300261706114 4.7320407070219517 63.074573636054993 60.080763090401888 84.771296709775925 1979.9883954524994 15.501369345933197 38.235055256634951 11677.46188397333 11.718684315681456 13.564143776893614 4.8219501599669448 7.0567875206470472 20.005109995603561 651.84403523430228
leaf_count=492 216531 199 3597 2330 7620 1831 18339 4775 6317 9184 11846 206 4901 6622 291 916 91 598 908 1461 11740 278 483 245482 121 83 74 51 215 12786
internal_value=0 -0.0241139 -0.0297649 -0.0231529 -0.0328507 -0.00451204 -0.000458167 -0.0143374 -0.014565 -0.0114199 -0.00592037 -0.0232966 -0.0218112 -0.0389892 0.00680926 -0.0356602 0.008909 -0.0472916 -0.00937753 -0.00120859 -0.0447304 -0.0176941 -0.0267029 0.0102688 0.00492841 -0.0210021 -0.038304 -0.0275729 -0.0601276 0.0103049
internal_weight=0 8478.98 6581.57 4564.78 2499.15 1897.4 1560.61 536.33 628.113 2065.63 1350.75 336.794 714.883 1871.03 1024.28 254.575 23108.2 123.644 213.15 144.852 2016.8 36.809 68.2979 12341.1 281.755 40.5639 21.3077 11.7888 83.0797 12329.3
internal_count=570368 95427 64708 52417 22889 30719 26273 7643 8647 29528 21030 4446 8498 14242 18630 2747 474941 1388 3058 2369 12291 551 689 258410 4896 575 273 142 813 258268
is_linear=0
shrinkage=0.01


Tree=19
num_leaves=31
num_cat=0
split_feature=2 0 1 1 0 1 12 14 12 2 3 0 15 12 0 1 1 12 1 1 2 0 0 0 7 14 4 10 1 1
split_gain=65715.5 31478.9 1738.47 1489.65 1349.9 1321.66 1135.17 845.989 753.745 701.741 768.515 613.878 600.486 716.306 454.814 412.86 1986.61 348.184 280.496 1266.8 149.652 295.262 10991 145.123 141.302 128.944 110.017 107.663 102.936 207.422
threshold=3511.5000000000005 4200993.0000000009 2417604865630.5005 2424655934955.0005 4201072.0000000009 4202993306407.5005 1.8913489950052682 3.2946001893412262 1.8259902897476288 1224.5000000000002 2519.5000000000005 4202198.5000000009 7.3108384570300888 3.0255552019457324 4204355.0000000009 2345762830381.5005 2424655943147.0005 1.1159798465572681 1564759720309.0002 1478970866856.5002 4855.5000000000009 4200985.0000000009 4200993.0000000009 4205705.5000000009 2729.5000000000005 4.2450123703691158 47.500000000000007 553.50000000000011 3155490927897.0005 2432589630104.5005
decision_type=2 2 2 2 2 2 2 2 2 2 2 2 2 2 2 2 2 2 2 2 2 2 2 2 2 2 2 2 2 2
left_child=1 17 8 12 20 6 -5 -7 9 10 -3 28 13 -4 -11 24 -17 -1 19 -10 -2 -22 -23 -18 27 26 -19 -13 29 -6
right_child=4 2 3 5 11 7 -8 -9 18 14 -12 15 -14 -15 -16 16 23 25 -20 -21 21 22 -24 -25 -26 -27 -28 -29 -30 -31
leaf_value=0.010625230008398186 0.010517346107186184 -0.073534324563888975 0.0043346460055890077 -0.014529745956295879 -0.0083194425402347647 0.00076324345709889751 0.0043145959690992566 -0.031631929442375771 0.0030411105708216162 -0.013950275586502808 -0.014263725818865631 0.010583843057773519 0.010686257014608749 -0.048721885508275956 0.0059523368403572273 -0.047011083570503168 0.0005761572843102161 -0.012457470084425467 0.0063591495096380745 -0.03816321643209758 0.010397261141595256 -0.0659374382730121 0.010534222294170833 0.010531599088269394 0.0076472789140853287 -0.0011618758389507497 -0.044864261170243502 -0.050816707343334454 -0.0023042867272222147 -0.030135477446471954
leaf_weight=11.408548168838022 11295.615369211882 23.100191876292229 29.382391691207886 615.42609975859523 216.45841527357697 103.71673705801368 665.17459494248033 361.88270618021488 638.9188384488225 167.38761762902141 412.89918757602572 4.6876886002719402 24.394848227500916 189.94178727269173 365.60391413420439 86.15483745932579 406.80199874937534 10.504285980015991 1026.6398647837341 84.480233017355204 5069.6595899909735 197.68667201697826 3814.5639767795801 228.76806166768074 1395.6129178069532 6.7904200740158549 3868.6850056685507 7.307567469775675 146.34575293213129 54.568455517292023
leaf_count=206 240033 312 428 8167 3479 1561 10900 3643 11511 2127 5603 91 406 1610 6383 690 7556 116 18620 1131 105812 1619 79237 4774 28280 125 22578 51 2459 860
internal_value=0 -0.0235163 -0.00611722 -0.0132197 0.00889107 -0.00998735 -0.00474154 -0.0244156 -0.000919262 -0.00799496 -0.017404 0.00202688 -0.0363791 -0.041614 -0.000298139 0.00420054 -0.00194888 -0.0445383 0.00299853 -0.00177083 0.00974893 0.0087932 0.0067664 0.00415953 0.00735354 -0.0447003 -0.0447765 -0.0268217 -0.0090626 -0.0127119
internal_weight=0 8606.34 4708.95 1989.92 22924.2 1746.2 1280.6 465.599 2719.03 968.991 435.999 2546.71 243.719 219.324 532.992 2129.33 721.725 3897.39 1750.04 723.399 20377.5 9081.91 4012.25 635.57 1407.61 3885.98 3879.19 11.9953 417.373 271.027
internal_count=570368 95427 72402 26715 474941 24271 19067 5204 45687 14425 5915 48240 2444 2038 8510 41442 13020 23025 31262 12642 426701 186668 80856 12330 28422 22819 22694 142 6798 4339
is_linear=0
shrinkage=0.01


Tree=20
num_leaves=31
num_cat=0
split_feature=2 0 1 6 0 14 2 2 2 5 0 2 0 0 15 14 1 1 6 4 14 2 0 0 0 7 0 15 3 14
split_gain=63911.4 29633.3 1677.65 1533.17 1347.58 1015.79 689.674 764.305 779.655 644.942 600.328 485.037 480.399 480.079 1235.17 456.364 408.004 1886.47 321.555 738.434 231.425 150.141 295.396 10411.9 144.215 137.595 127.256 164.754 101.416 259.019
threshold=3511.5000000000005 4200993.0000000009 2417604865630.5005 2579.5000000000005 4201072.0000000009 6.7348587750187763 316.50000000000006 1224.5000000000002 878.50000000000011 260.50000000000006 4202198.5000000009 134.50000000000003 4204355.0000000009 4204581.0000000009 3.8950054854148513 5.1963084408949678 2345762830381.5005 2424655943147.0005 327.00000000000006 3085.5000000000005 1.9623143175368347 4855.5000000000009 4200985.0000000009 4200993.0000000009 4205705.5000000009 2729.5000000000005 4200954.0000000009 5.2206801228272122 166.50000000000003 3.4392933550634934
decision_type=2 2 2 2 2 2 2 2 2 2 2 2 2 2 2 2 2 2 2 2 2 2 2 2 2 2 2 2 2 2
left_child=1 26 6 5 21 11 18 8 -8 -7 -6 -4 -9 14 -5 -15 25 -18 19 -3 -20 -2 -23 -24 -19 -12 -1 28 29 -28
right_child=4 2 3 13 10 9 7 12 -10 -11 16 -13 -14 15 -16 -17 17 24 20 -21 -22 22 23 -25 -26 -27 27 -29 -30 -31
leaf_value=-0.0022493764023653559 0.010511862861062666 -0.0012023610281279827 -0.012505672623666662 -0.019456901792509876 -0.0089010059405904233 -0.040685709353875658 -0.0083305516865194006 -0.013653933892813891 -0.035976824383312789 0.0052506169401132933 -0.026116304917189331 -0.038959663427410002 0.0061839297611947733 0.00092274013880774028 0.010455277633380573 -0.049345970784429163 -0.045025440637527531 0.00057068809356634529 -0.072421712689966028 -0.069954942325312935 0.0065192530021633147 0.010390504124436581 -0.062289536928310747 0.010528623999286306 0.010526029510484437 0.0076231371876473502 -0.04277069161272791 0.010619468391326221 -0.043371710464829287 0.0042432278995794695
leaf_weight=7.6413903236389151 11189.02671635896 470.85353286191821 85.620061129331589 585.84571548178792 420.66855000331998 39.736262477934361 370.1737572029233 169.30059894919395 140.8088590465486 132.40768393501639 12.193594742566345 363.82982792705297 437.57843396440148 603.12374770268798 180.60660694539547 18.617409706115723 89.039742305874825 406.59442934393883 3.7261394485831252 16.157970942556858 1111.9169737957418 5022.4631861150265 207.1215415596962 3778.6065242923796 226.61102011054754 1386.0802664645016 44.101304531097412 5.7015827633440486 3920.7697461619973 15.959416236728428
leaf_count=129 240033 8102 925 7738 6798 308 5420 2127 1602 2239 142 3136 7814 9083 3108 178 690 7556 56 200 20366 105812 1619 79237 4774 28280 276 104 22301 215
internal_value=0 -0.0229627 -0.00602757 -0.0129564 0.00887473 -0.0260088 -0.000908917 -0.0069376 -0.0159489 -0.00535294 0.00201156 -0.0339202 0.000649775 -0.00711185 -0.0124084 -0.000582506 0.0041764 -0.00192691 0.00329612 -0.00348342 0.0062556 0.00973825 0.00877734 0.00674457 0.0041335 0.00732891 -0.0430191 -0.0430972 -0.0431742 -0.0302781
internal_weight=0 8724.48 4730.3 2009.79 22738.4 621.594 2720.52 1117.86 510.983 172.144 2541.19 449.45 606.879 1388.19 766.452 621.741 2120.52 722.245 1602.65 487.012 1115.64 20197.2 9008.19 3985.73 633.205 1398.27 3994.17 3986.53 3980.83 60.0607
internal_count=570368 95427 72402 26715 474941 6608 45687 16963 7022 2547 48240 4061 9941 20107 10846 9261 41442 13020 28724 8302 20422 426701 186668 80856 12330 28422 23025 22896 22792 491
is_linear=0
shrinkage=0.01


Tree=21
num_leaves=31
num_cat=0
split_feature=2 3 2 2 4 1 12 3 12 15 4 6 3 2 14 12 3 5 6 2 12 5 5 7 4 1 13 10 4 2
split_gain=62193.7 8020.22 5274.69 4409.11 2346.24 1686.76 1362.71 1058.14 1169.67 925.937 1196.66 882.101 1564.58 747.989 671.724 494.192 428.072 290.281 393.431 307.068 236.879 213.767 193.638 157.767 127.451 116.85 107.231 99.5072 61.6219 82.3938
threshold=3511.5000000000005 264.50000000000006 84.500000000000014 662.50000000000011 4187.5000000000009 4205234304898.5005 1.2458435429170043 1142.5000000000002 1.8855877148658888 3.8135929736245573 2599.5000000000005 213.50000000000003 173.50000000000003 337.50000000000006 1.8150298500602577 1.0174949934843371 180.50000000000003 4846.5000000000009 160.50000000000003 303.50000000000006 2.8416269947219686 3769.0000000000005 454.50000000000006 2729.5000000000005 3128.5000000000005 1525463046782.0002 1.3461532835074757 553.50000000000011 4824.0000000000009 2977.5000000000005
decision_type=2 2 2 2 2 2 2 2 2 2 2 2 2 2 2 2 2 2 2 2 2 2 2 2 2 2 2 2 2 2
left_child=1 5 21 7 6 9 -5 13 -9 10 25 12 -11 -4 -6 -2 -13 18 -7 -20 -12 22 24 27 -3 -1 -25 -17 -19 -30
right_child=15 2 3 4 14 17 -8 8 -10 11 20 16 -14 -15 -16 23 -18 28 19 -21 -22 -23 -24 26 -26 -27 -28 -29 29 -31
leaf_value=-0.093604274930239748 0.0072791880772288941 -0.047676800348198101 -0.016296872413043152 -0.032595015187584661 -0.028549236788858425 -0.038903754340973068 -0.0020441495239783753 -0.014794058181685546 0.0036670219054712049 -0.031560690163763214 -0.021761625478351095 0.0086399642984111066 0.0060878163566236952 -0.044865822697480073 -0.040278290068508076 0.01059296514544669 -0.032906163899787989 -0.059070240555313173 0.0085578788129694657 -0.034410040759148504 0.0020485149360625634 -0.040801695421266208 0.010627122483794011 0.01050753947174605 0.010736749048151868 -0.048306573268886641 0.0063044492699176734 -0.047631595518760672 0.0078666433306715886 -0.047285434695853279
leaf_weight=6.2128761559724799 10547.860100198537 17.847596891224388 636.39359902590513 231.07104805856943 831.79780351743102 85.316937208175659 396.57968334853649 689.02565105631948 683.8027312271297 186.54147602617741 59.698767974972725 949.72008767724037 270.37196923792362 107.0621452331543 1182.2990731447935 4.7528641894459724 25.465208895504475 35.543964438140392 45.550284042954445 26.197817780077457 139.23156118020415 2128.0943722352386 15.302898555994032 11352.388090346009 4.7238620966672888 68.287031307816505 641.28278663754463 7.6752303987741453 3.4450960680842408 12.673542380332947
leaf_count=77 216531 199 7855 2325 7144 583 6078 9184 11846 2109 612 17984 4823 643 7342 91 220 310 714 324 2280 11740 278 245482 74 555 12786 51 52 76
internal_value=0 -0.0224376 -0.0274464 -0.0215575 -0.0301734 -0.00432051 -0.0132915 -0.0108022 -0.00559864 -0.00103663 -0.0178992 0.00218294 -0.00928273 -0.020411 -0.0354343 0.00885845 0.00755506 -0.0311534 -0.0243899 -0.00713126 -0.00509688 -0.0403826 -0.0168339 0.0102459 -0.0354517 -0.0520841 0.0102828 -0.0253648 -0.0517156 -0.0354976
internal_weight=0 8838.26 6924 4758.03 2641.75 1914.26 627.651 2116.28 1372.83 1705.53 273.43 1432.1 456.913 743.456 2014.1 22554 975.185 208.728 157.065 71.7481 198.93 2165.97 37.8744 12006.1 22.5715 74.4999 11993.7 12.4281 51.6626 16.1186
internal_count=570368 95427 64708 52417 22889 30719 8403 29528 21030 28660 3524 25136 6932 8498 14486 474941 18204 2059 1621 1038 2892 12291 551 258410 273 632 258268 142 438 128
is_linear=0
shrinkage=0.01


Tree=22
num_leaves=31
num_cat=0
split_feature=2 0 0 5 13 13 6 2 12 15 12 5 3 0 13 5 3 0 0 0 12 15 2 0 0 4 13 15 3 17
split_gain=60526.4 26753.6 1353.17 1054.25 1565.39 2424.5 1224.27 1497.98 920.358 1033.02 1050.08 1011.84 904.4 590.996 578.291 504.018 459.707 309.6 1021.53 387.099 308.914 166.885 151.194 297.523 9949.85 107.524 107.735 102.484 72.915 115.973
threshold=3511.5000000000005 4200993.0000000009 4201072.0000000009 171.50000000000003 1.7754236602093663 1.6694167651246727 171.50000000000003 134.50000000000003 3.0255552019457324 5.4423474458976537 3.6051838377280454 156.50000000000003 4630.5000000000009 4202198.5000000009 3.4655344199481246 317.50000000000006 2188.5000000000005 4204355.0000000009 4205705.5000000009 4204808.5000000009 1.1159798465572681 2.9876049790630992 4855.5000000000009 4200985.0000000009 4200993.0000000009 448.50000000000006 3.7159804673141519 4.3891709197946822 170.50000000000003 2.8277949178315844
decision_type=2 2 2 2 2 2 2 2 2 2 2 2 2 2 2 2 2 2 2 2 2 2 2 2 2 2 2 2 2 2
left_child=1 20 22 8 5 15 7 -6 11 -10 -11 12 -3 -4 -8 -5 -13 28 19 -19 -1 -7 -2 -24 -25 27 -27 -22 29 -15
right_child=2 3 13 4 6 21 14 -9 9 10 -12 16 -14 17 -16 -17 -18 18 -20 -21 25 -23 23 24 -26 26 -28 -29 -30 -31
leaf_value=0.010649649198278001 0.010501072990769925 0.006706881019693519 -0.0088722892570385868 -0.039438228683375424 0.0069865165566384106 -0.042494356723544756 -0.00048474289630927883 -0.030721296850352849 -0.05326934866439266 0.0037417078639926022 -0.028272759807025753 -0.0050506225087686794 -0.057667174443924288 -0.01629662352266897 0.009956186671033259 0.005359875168408538 -0.034211563050248167 0.0026388987587863382 0.01053120898102934 -0.015195783358716504 -0.033753756829825836 -0.026833793206936386 0.010379120744398928 -0.059424301725556086 0.010519294271516759 -0.040801871216168212 0.0064644703290534788 0.0044623735195526721 0.0092071193078370334 0.0056122753477528447
leaf_weight=11.795495070517061 10978.669694133103 402.35457262024283 421.26063884794712 27.398126095533371 177.05424900352955 208.26915331184864 1749.1246863268316 260.1477886736393 95.941518921405077 157.08646277338266 294.59361925348639 88.301418021321297 23.075878717005253 28.295019268989563 761.39765448123217 301.33422263711691 139.41083166003227 183.16704194247723 504.2154969163239 362.65928519144654 25.266738519072533 101.06675167381763 4943.1446258723736 215.15378476679325 3718.5009186789393 4115.0311972945929 4.8279375322163096 9.7153227478265745 854.52649781480432 165.37037850171328
leaf_count=206 240033 6832 6798 274 3107 1564 28428 2834 773 2552 2947 1342 337 562 14378 4327 1672 3691 10559 6109 170 1035 105812 1619 79237 22385 91 173 17263 3258
internal_value=0 -0.0219255 0.0088404 -0.0057974 -0.00308161 -0.0172829 -7.57994e-06 -0.0154507 -0.0139074 -0.0234687 -0.0171387 -0.00589093 0.00321515 0.00193675 0.00268181 0.00162619 -0.0229036 0.00410688 0.000269005 -0.00921087 -0.0404532 -0.0373777 0.00971641 0.00874596 0.00669368 -0.0405982 -0.0407465 -0.0231403 0.00795152 0.00241133
internal_weight=0 8953.19 22375 4786.56 3585.79 638.068 2947.72 437.202 1200.76 547.622 451.68 653.143 425.43 2519.49 2510.52 328.732 227.712 2098.23 1050.04 545.826 4166.64 309.336 19855.5 8876.8 3933.65 4154.84 4119.86 34.9821 1048.19 193.665
internal_count=570368 95427 474941 72402 55947 7200 48747 5941 16455 6272 5499 10183 7169 48240 42806 4601 3014 41442 20359 9800 23025 2599 426701 186668 80856 22819 22476 343 21083 3820
is_linear=0
shrinkage=0.01


Tree=23
num_leaves=31
num_cat=0
split_feature=2 0 1 0 1 1 12 15 12 2 0 0 15 12 0 1 1 12 1 1 2 0 0 0 7 4 3 12 1 1
split_gain=58964.2 25346.9 1527.26 1351.25 1282.36 1153.49 1018.6 683.233 671.245 612.115 650.543 577.908 493.812 563.025 412.023 407.174 1771.88 291.498 274.655 1130.1 151.624 297.529 9482.13 144.238 128.398 100.66 104.025 339.771 97.9019 192.689
threshold=3511.5000000000005 4200993.0000000009 2417604865630.5005 4201072.0000000009 2424655934955.0005 4202993306407.5005 1.8913489950052682 3.6922419901710248 1.8259902897476288 1224.5000000000002 4204355.0000000009 4202198.5000000009 7.3108384570300888 3.0255552019457324 4204355.0000000009 2345762830381.5005 2424655943147.0005 1.1159798465572681 1564759720309.0002 1478970866856.5002 4855.5000000000009 4200985.0000000009 4200993.0000000009 4205705.5000000009 2729.5000000000005 47.500000000000007 155.50000000000003 1.3826895352780137 3155490927897.0005 2432589630104.5005
decision_type=2 2 2 2 2 2 2 2 2 2 2 2 2 2 2 2 2 2 2 2 2 2 2 2 2 2 2 2 2 2
left_child=1 17 8 20 12 6 -6 -7 9 10 -3 28 13 -4 -11 24 -17 -1 19 -10 -2 -22 -23 -18 -13 -19 27 -27 29 -5
right_child=3 2 4 11 5 7 -8 -9 18 14 -12 15 -14 -15 -16 16 23 25 -20 -21 21 22 -24 -25 -26 26 -28 -29 -30 -31
leaf_value=0.010642767411257668 0.010495766125708685 -0.0042404345531424949 0.0041969900838281695 -0.0079984593843312555 -0.013264019698669138 0.00099104602511432684 0.0043515279450958063 -0.02819936910447713 0.0029596724067261272 -0.012706859708536626 -0.028039154943775908 -0.024319758968965578 0.010663418527362731 -0.042931130816292608 0.0059384760525245306 -0.042931455171068576 0.00045402880879588236 -0.011617902294060985 0.0062999231076316586 -0.0348407808088892 0.010372491555618295 -0.056500587196859006 0.010513860152644154 0.01051140230817035 0.0075612500308919178 -0.043350098836443161 -0.03964960415946478 0.0056378203122844075 -0.0021514374084920609 -0.028699969879228418
leaf_weight=11.685641437768934 10874.89864218235 236.01771026477218 28.844691932201385 220.01187916100025 645.50821555033326 100.75799338147044 667.89638885483146 392.69079660624266 632.51094214990735 175.60947367548943 223.74976460635662 12.750948600471018 23.679480358958244 209.19414552301168 364.54513631016016 92.282493211328983 402.21029692515731 13.028656233102081 1014.17617719993 90.393379498273134 4897.07163618505 223.97812344133854 3683.3944725170732 220.92099399864674 1362.0919948555529 41.697705447673798 4164.902652118355 21.437044586986303 147.98839347064495 56.511651426553726
leaf_count=206 240033 3794 428 3479 8167 1485 10900 3719 11511 2127 2121 142 406 1610 6383 690 7556 147 18620 1131 105812 1619 79237 4774 28280 235 22161 276 2459 860
internal_value=0 -0.0214517 -0.00571547 0.00882392 -0.0122001 -0.00920354 -0.00430611 -0.0222389 -0.000814502 -0.00734175 -0.0158223 0.00192144 -0.0328879 -0.0372203 -0.000123302 0.0040818 -0.00203661 -0.0392335 0.0029428 -0.00176697 0.00970597 0.00873044 0.00667246 0.00401971 0.00726557 -0.039371 -0.0394565 -0.0267165 -0.00871595 -0.0122291
internal_weight=0 9058.33 4805.57 22194.1 2068.57 1806.85 1313.4 493.449 2737 999.922 459.767 2514.77 261.718 238.039 540.155 2090.26 715.414 4252.75 1737.08 722.904 19679.3 8804.44 3907.37 623.131 1374.84 4241.07 4228.04 63.1348 424.512 276.524
internal_count=570368 95427 72402 474941 26715 24271 19067 5204 45687 14425 5915 48240 2444 2038 8510 41442 13020 23025 31262 12642 426701 186668 80856 12330 28422 22819 22672 511 6798 4339
is_linear=0
shrinkage=0.01


Tree=24
num_leaves=31
num_cat=0
split_feature=2 0 1 0 6 13 14 14 1 0 3 13 13 15 1 1 2 6 13 13 4 2 0 0 0 7 4 13 1 1
split_gain=57470.4 24063.1 1476.18 1348.83 1293.57 981.227 840.975 838.688 574.213 565.233 553.562 516.609 1189.02 575.37 402.281 1688.94 401.887 306.789 840.069 275.682 224.731 152.021 297.474 9060.52 143.307 125.08 94.8885 100.422 94.0429 181.018
threshold=3511.5000000000005 4200993.0000000009 2417604865630.5005 4201072.0000000009 2579.5000000000005 1.8224467243415561 1.80966411804849 6.7348587750187763 1900371961397.0002 4202198.5000000009 107.50000000000001 1.8107551040761356 1.6694167651246727 3.6922419901710248 2345762830381.5005 2424655943147.0005 134.50000000000003 1092.5000000000002 2.2688285431649127 1.3201124284121852 56.500000000000007 4855.5000000000009 4200985.0000000009 4200993.0000000009 4205705.5000000009 2729.5000000000005 47.500000000000007 3.7159804673141519 3155490927897.0005 2432589630104.5005
decision_type=2 2 2 2 2 2 2 2 2 2 2 2 2 2 2 2 2 2 2 2 2 2 2 2 2 2 2 2 2 2
left_child=1 19 5 21 7 6 -3 16 -8 28 -9 12 -6 -13 25 -16 -4 18 -7 -1 -19 -2 -23 -24 -17 -11 -21 -28 29 -5
right_child=3 2 4 9 11 17 8 10 -10 14 -12 13 -14 -15 15 24 -18 20 -20 26 -22 22 23 -25 -26 -27 27 -29 -30 -31
leaf_value=0.010635963006500573 0.010490515761835158 0.0083447642425833312 -0.011235273748044648 -0.0078636788195338998 0.0013182644451258177 -0.071724025603707831 -0.034125594317134827 -0.031183876165033691 -0.0061328623508896223 -0.02366255728595994 0.0070550730562132626 0.0037461707041601096 -0.036367698260182831 -0.010797901927927279 -0.041282023672500986 0.0004496705136661084 -0.034634907920370106 -0.0030892226840477754 -0.0021985792504402015 -0.011400494473037814 0.0058925679023454046 0.010365908660239283 -0.053876632005192944 0.010508485943757554 0.010506055085042508 0.0075369454359450272 -0.038365728199821557 0.003605598221074975 -0.0021259144249862485 -0.027719435886838513
leaf_weight=11.576731584966181 10772.053079579026 114.693951793015 90.104943878948689 221.53722693771124 167.98573010414839 17.881251774728298 190.45913876965642 54.97109230607748 119.10541151836514 12.972902853041886 121.60575419664383 564.48841376975179 166.89897688478231 524.96181420981884 94.995879046618938 402.04831950366497 395.86444888263941 352.8179847560823 618.86227649077773 13.143756281584499 1323.7745047137141 4851.4085941314697 232.49310749769211 3648.5997373089194 218.83355465903878 1352.8658396452665 4304.868053521961 5.7081810384988776 148.2660478875041 57.918302565813065
leaf_count=206 240033 1879 925 3479 2236 210 1498 457 1348 142 2090 9008 1469 7394 690 7556 3136 6453 10443 147 23856 105812 1619 79237 4774 28280 22565 107 2459 860
internal_value=0 -0.0209997 -0.00563522 0.00880776 -0.0119707 -0.000805645 -0.0147855 -0.0235144 -0.0233553 0.0019068 -0.0048493 -0.00660104 -0.0174636 -0.00326203 0.00405807 -0.00201397 -0.0302963 0.00175822 -0.00415102 -0.0380979 0.00400246 0.00969563 0.00871509 0.00665156 0.0039941 0.00724061 -0.0382283 -0.0383101 -0.00856342 -0.0119789
internal_weight=0 9159.77 4824.48 22014 2086.88 2737.59 424.259 662.546 309.565 2509.44 176.577 1424.33 334.885 1089.45 2081.72 715.878 485.969 2313.34 636.744 4335.3 1676.59 19504.6 8732.5 3881.09 620.882 1365.84 4323.72 4310.58 427.722 279.456
internal_count=570368 95427 72402 474941 26715 45687 4725 6608 2846 48240 2547 20107 3705 16402 41442 13020 4061 40962 10653 23025 30309 426701 186668 80856 12330 28422 22819 22672 6798 4339
is_linear=0
shrinkage=0.01


Tree=25
num_leaves=31
num_cat=0
split_feature=2 0 1 0 1 1 2 14 2 2 2 0 15 2 0 1 1 1 1 14 2 0 0 0 7 0 15 10 1 1
split_gain=56040.6 22883.7 1427.52 1346.4 1170.78 1072.23 916.612 675.144 607.808 665.227 640.693 552.905 444.939 491.409 426.371 397.541 1675.89 207.367 762.824 275.978 152.387 297.36 8678.26 142.379 121.816 94.5111 128.951 90.6351 90.3756 170.293
threshold=3511.5000000000005 4200993.0000000009 2417604865630.5005 4201072.0000000009 2424655934955.0005 4202993306407.5005 772.50000000000011 3.2946001893412262 316.50000000000006 1224.5000000000002 878.50000000000011 4202198.5000000009 7.3108384570300888 337.50000000000006 4204355.0000000009 2417604865630.5005 2424655943147.0005 1564759720309.0002 1478970866856.5002 1.9623143175368347 4855.5000000000009 4200985.0000000009 4200993.0000000009 4205705.5000000009 2729.5000000000005 4200954.0000000009 5.2206801228272122 553.50000000000011 3155490927897.0005 2432589630104.5005
decision_type=2 2 2 2 2 2 2 2 2 2 2 2 2 2 2 2 2 2 2 2 2 2 2 2 2 2 2 2 2 2
left_child=1 25 8 20 12 6 -6 -7 17 10 -10 28 13 -4 -11 24 -17 18 -3 -19 -2 -22 -23 -18 27 -1 -27 -13 29 -5
right_child=3 2 4 11 5 7 -8 -9 9 14 -12 15 -14 -15 -16 16 23 19 -20 -21 21 22 -24 -25 -26 26 -28 -29 -30 -31
leaf_value=-0.0020622327782576638 0.010485322751016012 0.0029056443946436613 -0.040089163422769004 -0.0077321359291880679 0.001169949800783808 0.0010942217492473777 -0.017153479335474977 -0.027200894198880166 -0.0075379201973681566 -0.012182713511346746 -0.031684697920651171 0.010624918840274462 0.01065176778017427 0.0041096349002631679 0.0061476311899765932 -0.041306761688862735 0.00044535263397602152 -0.12926238501523599 -0.030076928465688768 0.0065393851772437075 0.010359369543274924 -0.051508277640497799 0.010503170152954194 0.010500766369386173 0.0075005104042841714 -0.037157970034722501 0.010615281910031572 -0.043448785065191842 -0.0021007418263317406 -0.026797853988967599
leaf_weight=7.7135255932807913 10670.124958589673 591.98416478931904 220.07738534361124 223.04541529715061 940.99398975819349 106.82559164613485 384.58310933038592 400.4234735481441 384.54432512074709 179.26623217761517 153.84396615251899 4.9793680980801573 23.314530357718468 28.401133328676224 434.36691762879491 94.205725967884064 401.88794711232185 1.4989087879657734 79.544417820870876 913.05702185258269 4806.1527404487133 240.70843517780304 3614.1146467886865 216.7646965496242 1347.1519603990018 4401.2833306416869 5.6573582701385012 8.2115522399544698 148.5408350713551 59.30387943983078
leaf_count=129 240033 10813 1620 3479 14787 1561 4280 3643 5420 2127 1602 91 406 418 7814 660 7556 21 1005 16885 105812 1619 79237 4774 28310 22792 104 51 2459 860
internal_value=0 -0.0205684 -0.00555694 0.00879168 -0.0117497 -0.00887755 -0.00414614 -0.021242 -0.000796924 -0.00632522 -0.0144378 0.00189227 -0.031118 -0.0350372 0.000792621 0.00403448 -0.00201464 0.00321844 -0.00100123 0.00631681 0.00968541 0.00869993 0.00663096 0.00396859 0.0072044 -0.0370354 -0.0370966 -0.0230368 -0.00841486 -0.0117366
internal_weight=0 9257.38 4842.73 21835.2 2104.62 1832.83 1325.58 507.249 2738.11 1152.02 538.388 2504.09 271.793 248.479 613.633 2073.2 712.858 1586.08 671.529 914.556 19331.1 8660.98 3854.82 618.653 1360.34 4414.65 4406.94 13.1909 430.89 282.349
internal_count=570368 95427 72402 474941 26715 24271 19067 5204 45687 16963 7022 48240 2444 2038 9941 41442 12990 28724 11818 16906 426701 186668 80856 12330 28452 23025 22896 142 6798 4339
is_linear=0
shrinkage=0.01


Tree=26
num_leaves=31
num_cat=0
split_feature=2 0 0 13 14 6 8 12 8 0 13 13 14 15 0 0 0 12 2 0 0 3 12 15 3 2 13 12 14 2
split_gain=54668.1 21798.8 1343.9 919.254 1892.12 1403.21 1819.03 903.662 734.841 540.92 420.688 2394.11 344.034 524.443 305.405 979.702 349.254 254.432 152.721 297.188 8329.83 88.2722 268.706 75.9053 73.7286 56.4465 47.9119 84.4103 44.9761 43.6655
threshold=3511.5000000000005 4200993.0000000009 4201072.0000000009 1.8107551040761356 1.8150298500602577 3741.5000000000005 1923.5000000000002 3.0255552019457324 40.500000000000007 4202198.5000000009 3.4655344199481246 3.2700284684009455 2.5840003636924758 2.9876049790630992 4204355.0000000009 4205705.5000000009 4204808.5000000009 1.1159798465572681 4855.5000000000009 4200985.0000000009 4200993.0000000009 166.50000000000003 1.3826895352780137 5.2206801228272122 4159.5000000000009 4175.5000000000009 1.3461532835074757 1.1125572557191938 1.9784954450991996 1224.5000000000002
decision_type=2 2 2 2 2 2 2 2 2 2 2 2 2 2 2 2 2 2 2 2 2 2 2 2 2 2 2 2 2 2
left_child=1 17 18 4 26 6 8 -8 -5 -4 11 -7 13 -6 24 16 -16 -1 -2 -20 -21 22 -19 28 25 -11 27 -3 -23 -28
right_child=2 3 9 5 12 10 7 -9 -10 14 -12 -13 -14 -15 15 -17 -18 21 19 20 -22 23 -24 -25 -26 -27 29 -29 -30 -31
leaf_value=0.0106409557950257 0.01048018619965453 0.010795476747716463 -0.0082701103338791784 -0.043071387513998943 -0.033603709713309872 0.0031390853512813129 -0.005753661635718681 -0.023710133122230661 0.0089498753771299396 0.0069532264498676456 0.0094720574651622289 -0.031996994562379054 -0.062497632423937514 -0.012466459296562272 0.0024878735750083628 0.010512608434147887 -0.014487188667228952 -0.039616246019144694 0.010352874869628562 -0.04935965495368403 0.010497912919122979 -0.038233751710322277 0.0016376298216209039 0.0059238250422220494 0.010536966672728788 -0.0010745907305083912 -0.029862954900578165 -0.031154205375930936 -0.035826860091782348 0.0091475173974069762
leaf_weight=11.64619394391775 10569.107125673443 10.864284954965116 434.01821342110634 28.887480191886425 280.14595478773117 1705.4241533689201 441.31302770227194 767.97568249702454 452.47170760110021 395.32019724324346 496.02128000184894 218.80804595723748 25.413428641855717 202.03563637286425 179.95882970094681 487.75651340931654 371.23740190267563 44.336795628070831 4761.3009216934443 248.63329809904099 3579.936544328928 1006.1004193723202 24.52087738737464 4.2462365627288809 517.86372881010175 112.51684089377522 2.9072182998061171 8.5885572955012304 3400.1077865511179 220.00605504214764
leaf_count=206 240033 160 6798 175 2090 28650 6926 8170 8364 8103 9405 2649 230 2119 3691 10559 6109 235 105812 1619 79237 5210 291 76 10753 2227 27 133 17007 3304
internal_value=0 -0.0201551 0.0087757 -0.00547999 -0.0156615 -0.00362257 -0.0106129 -0.0171572 0.00582796 0.00187792 0.00126045 -0.000856304 -0.0266372 -0.0247471 0.00401117 0.000189731 -0.00894504 -0.0360389 0.0096753 0.00868495 0.00661067 -0.0361603 -0.0249253 -0.0363357 0.00788198 0.00517458 0.00732531 -0.00772558 -0.0363764 0.00863875
internal_weight=0 9351.82 21657.6 4860.86 749.961 4110.9 1690.65 1209.29 481.359 2498.67 2420.25 1924.23 507.595 482.182 2064.65 1038.95 551.196 4490.96 19159 8589.87 3828.57 4479.31 68.8577 4410.45 1025.7 507.837 242.366 19.4528 4406.21 222.913
internal_count=570368 95427 474941 72402 8063 64339 23635 15096 8539 48240 40704 31299 4439 4209 41442 20359 9800 23025 426701 186668 80856 22819 526 22293 21083 10330 3624 293 22217 3331
is_linear=0
shrinkage=0.01


Tree=27
num_leaves=31
num_cat=0
split_feature=2 0 0 5 8 6 0 12 5 3 4 0 4 3 3 3 0 0 0 8 12 2 0 0 4 16 14 3 4 2
split_gain=53352.5 20801.3 1341.95 926.977 789.487 1536.88 897.002 744.394 915.375 838.294 833.491 529.174 439.16 413.083 400.184 378.699 302.511 962.089 336.408 255.592 242.002 153.024 296.96 8010.73 86.0499 84.2206 80.5057 73.8176 61.2953 55.8774
threshold=3511.5000000000005 4200993.0000000009 4201072.0000000009 171.50000000000003 1837.0000000000002 168.50000000000003 4204581.0000000009 3.0255552019457324 156.50000000000003 4630.5000000000009 1241.0000000000002 4202198.5000000009 297.50000000000006 811.50000000000011 48.500000000000007 2188.5000000000005 4204355.0000000009 4205705.5000000009 4204808.5000000009 40.500000000000007 1.1159798465572681 4855.5000000000009 4200985.0000000009 4200993.0000000009 448.50000000000006 4.9245593236275562 4.3083569471530261 4159.5000000000009 20.500000000000004 4175.5000000000009
decision_type=2 2 2 2 2 2 2 2 2 2 2 2 2 2 2 2 2 2 2 2 2 2 2 2 2 2 2 2 2 2
left_child=1 20 21 7 19 12 -7 8 9 -3 13 -4 -6 -9 -12 -10 27 18 -18 -5 -1 -2 -23 -24 25 28 -26 29 -22 -13
right_child=2 3 11 4 5 6 -8 10 15 -11 14 16 -14 -15 -16 -17 17 -19 -20 -21 24 22 23 -25 26 -27 -28 -29 -30 -31
leaf_value=0.01063417218539112 0.010475104200854105 0.006687676094707746 -0.0081289573561903264 -0.040212285644726675 -0.037565331085861318 -0.0077907597818519594 0.0034454465468139713 -0.023065328994521336 -0.0049115544796755027 -0.053524659458886681 -0.058219900469811674 0.0069269788738913849 -0.011386051696454567 -0.047930274117833127 0.0059477033483502952 -0.030961378959751321 0.0024685237820104363 0.010507253432940773 -0.014171771566439978 0.0098085609150568315 0.011427740960239866 0.010346423648529102 -0.047401354651851718 0.010492713466840487 -0.035386865198793076 0.0046705624991733993 0.010568522537375844 0.010531341973828353 -0.03461245145633593 -0.0010628198108383624
leaf_weight=11.537630446255205 10468.994215674698 400.49407419189811 437.12327988818288 10.431262686848639 166.54069991782308 1526.5229708217084 1329.0647246167064 369.63967422023416 88.932671662420034 24.538701459765434 10.552857227623461 392.86230786144733 104.15040461346507 81.554224237799644 123.02193527668715 149.82205460593104 179.5577896758914 483.14813954383135 375.68225639685988 493.11293352022767 3.2798159196972874 4716.849590241909 256.27633300423622 3546.0630684830248 4510.685470983386 10.015145555138586 3.8152305260300627 512.98336677625775 24.436605606228113 112.62480638176203
leaf_count=206 240033 6832 6798 65 1505 22389 21339 3483 1342 337 79 8103 1291 582 2128 1672 3691 10559 6109 9358 30 105812 1619 79237 22401 173 75 10753 140 2227
internal_value=0 -0.0197607 0.00875949 -0.00540473 -0.00284816 -0.00471985 -0.00256114 -0.0128372 -0.00558996 0.0032114 -0.0210638 0.00186305 -0.0274927 -0.0275597 0.000878247 -0.0212582 0.00398655 0.000188484 -0.00879051 0.00877234 -0.0351064 0.00966529 0.00867013 0.00659067 -0.0352223 -0.0201835 -0.035348 0.00785889 -0.0291643 0.00514682
internal_weight=0 9442.15 21482.2 4878.38 3629.82 3126.28 2855.59 1248.56 663.788 425.033 584.769 2493.98 270.691 451.194 133.575 238.755 2056.86 1038.39 555.24 503.544 4563.77 18988.2 8519.19 3802.34 4552.23 37.7316 4514.5 1018.47 27.7164 505.487
internal_count=570368 95427 474941 72402 55947 46524 43728 16455 10183 7169 6272 48240 2796 4065 2207 3014 41442 20359 9800 9423 23025 426701 186668 80856 22819 343 22476 21083 170 10330
is_linear=0
shrinkage=0.01


Tree=28
num_leaves=31
num_cat=0
split_feature=2 0 0 1 6 15 12 2 0 0 5 0 15 1 1 1 0 12 6 3 2 12 2 0 0 0 4 5 10 1
split_gain=52083.6 19885 1340 1316.2 1083.88 689.339 613.409 537.917 539.801 517.733 497.614 413.798 1048.6 394.48 1133.03 417.919 367.697 359.326 344.801 673.99 341.557 230.56 153.298 296.678 7717.22 141.176 123.775 90.7735 107.993 85.6939
threshold=3511.5000000000005 4200993.0000000009 4201072.0000000009 2417604865630.5005 2579.5000000000005 7.3108384570300888 1.8259902897476288 1224.5000000000002 4204355.0000000009 4202198.5000000009 260.50000000000006 4204581.0000000009 3.8950054854148513 2241719161008.5005 2424655943147.0005 2417604865630.5005 4204355.0000000009 3.6878183672386036 327.00000000000006 173.50000000000003 134.50000000000003 1.1159798465572681 4855.5000000000009 4200985.0000000009 4200993.0000000009 4205705.5000000009 171.50000000000003 301.50000000000006 553.50000000000011 3155490927897.0005
decision_type=2 2 2 2 2 2 2 2 2 2 2 2 2 2 2 2 2 2 2 2 2 2 2 2 2 2 2 2 2 2
left_child=1 21 22 6 5 20 7 8 -3 29 -7 12 -6 27 15 -15 -9 -13 19 -8 -5 -1 -2 -24 -25 -16 -20 28 -11 -4
right_child=2 3 9 4 11 10 18 16 -10 13 -12 17 -14 14 25 -17 -18 -19 26 -21 -22 -23 23 24 -26 -27 -28 -29 -30 -31
leaf_value=0.010627465412172283 0.010470077483220611 -0.0039942745009427559 -0.011178674301802955 -0.010058913333241548 -0.017019083591191995 -0.032804771257599057 -0.03237212496165548 -0.011555230843195567 -0.025219256576873437 0.010575858791632498 0.0053654907596969413 0.0017220557670379688 0.010446668929666218 0.0025933481880862979 0.0003657908154857145 -0.038801060599886264 0.0058415791642012016 -0.029136410617286126 0.00052989901503366649 0.00064524259936172743 -0.031016366786658069 -0.034340708281629863 0.010340015619926672 -0.045609003802109367 0.010487570065160106 0.010485228301309759 0.0077507870661399983 0.0075617954596376236 -0.040403148868285256 -0.0018836938235854742
leaf_weight=11.430001609027384 10369.777286667377 239.74354014545679 289.24309121072292 95.07668124884367 633.21881515532732 45.977611809968948 71.82070304825902 183.86871530488133 239.54748082906008 7.9895992428064373 132.81305406242609 597.74303312599659 178.10059491172433 32.411046076565981 398.94117175042629 98.551553130149841 358.13173361867666 40.277275912463665 324.40831542387605 444.25591292977333 427.09956385195255 4622.0489492639899 4672.7959868311882 263.64576651155949 3512.4921529851854 210.66167670115829 884.90789200738072 1291.9032266102731 8.6589362397789937 150.95013524219394
leaf_count=206 240033 3794 4339 926 7738 307 853 2127 2121 157 2227 8913 3108 654 7556 660 6383 348 5873 7747 3148 22819 105812 1619 79237 4774 16789 27587 54 2459
internal_value=0 -0.0193801 0.00874333 -0.00532953 -0.0111889 -0.0213978 -0.000742386 -0.00688481 -0.0146024 0.00184829 -0.00445033 -0.00625142 -0.0109898 0.00396203 -0.00187031 -0.0285566 -6.01302e-05 -0.000225993 0.00289343 -0.00394968 -0.0272005 -0.0342298 0.00965539 0.00865549 0.00657097 0.00386279 0.00581373 0.00726281 -0.0159384 -0.00799126
internal_weight=0 9530.47 21308 4896.99 2150.31 700.967 2746.68 1021.29 479.291 2489.31 178.791 1449.34 811.319 2049.12 740.565 130.963 542 638.02 1725.39 516.077 522.176 4633.48 18818.7 8448.93 3776.14 609.603 1209.32 1308.55 16.6485 440.193
internal_count=570368 95427 474941 72402 26715 6608 45687 14425 5915 48240 2534 20107 10846 41442 13644 1314 8510 9261 31262 8600 4074 23025 426701 186668 80856 12330 22662 27798 211 6798
is_linear=0
shrinkage=0.01


Tree=29
num_leaves=31
num_cat=0
split_feature=2 3 2 2 4 1 12 3 12 15 4 6 3 5 12 14 3 5 6 2 12 13 5 5 1 7 4 10 4 2
split_gain=50868.3 5677.27 3338.03 3054.86 1580.61 1320.5 1291.65 790.034 993.574 771.22 936.842 775.389 1207.52 591.238 502.797 388.835 348.328 236.806 273.019 259.491 190.716 146.281 117.281 163.068 109.598 101.423 97.7627 80.7724 58.0113 56.7847
threshold=3511.5000000000005 264.50000000000006 84.500000000000014 662.50000000000011 4172.5000000000009 4205234304898.5005 1.2458435429170043 1205.5000000000002 1.8855877148658888 3.8135929736245573 2599.5000000000005 213.50000000000003 173.50000000000003 1875.0000000000002 1.0174949934843371 1.8150298500602577 180.50000000000003 4846.5000000000009 160.50000000000003 303.50000000000006 2.8416269947219686 1.3461532835074757 3769.0000000000005 454.50000000000006 1525463046782.0002 2729.5000000000005 3128.5000000000005 553.50000000000011 4824.0000000000009 2977.5000000000005
decision_type=2 2 2 2 2 2 2 2 2 2 2 2 2 2 2 2 2 2 2 2 2 2 2 2 2 2 2 2 2 2
left_child=1 5 22 7 6 9 -5 13 -9 10 24 12 -11 -4 -2 -6 -13 18 -7 -20 -12 -16 23 26 -1 27 -3 -23 -19 -30
right_child=14 2 3 4 15 17 -8 8 -10 11 20 16 -14 -15 21 -17 -18 28 19 -21 -22 25 -24 -25 -26 -27 -28 -29 29 -31
leaf_value=-0.081274148945760946 0.007096780169909671 -0.040594846824278989 -0.025701880489278461 -0.027568653932242459 -0.023653248705485474 -0.031227420118235882 0.0020984680967916186 -0.012913242169585389 0.003968863838530891 -0.025879500587840783 -0.018291799953032258 0.0085590476661670939 0.006033015588311888 -0.0087816347622217353 0.010466443144760012 -0.03198158698007534 -0.026441588670883819 -0.050158717528748877 0.0086361295662531271 -0.029301039476232207 0.002336723878563006 0.010631180208076591 -0.032708241098383058 0.010616772295402348 -0.040052700141466897 0.0061043727718442025 0.010706351068618945 -0.039670114553197675 0.0078664194094167101 -0.037175010448119161
leaf_weight=7.0283623635768881 9979.3001147285104 20.20243035256863 412.55761970579624 255.39519023895264 924.6095394231379 98.981223329901695 344.99868653342128 734.19679813086987 663.8100568652153 212.97711861133575 65.236247219145298 920.00111436098814 267.48150807246566 413.49867611005902 10525.649497199804 1423.927690371871 29.340695541352034 40.473879039287567 46.638680402189493 29.392691433429718 143.19217098876834 5.0244268849492064 2444.1381237357855 15.005675733089445 78.371406383812428 615.74673702567816 4.5515522733330718 8.7546151429414731 3.4440852068364629 14.944490492343903
leaf_count=77 216531 199 3720 2313 7144 583 5198 9184 11605 2109 612 17984 4823 5019 245482 8234 220 310 714 324 2280 91 11740 278 555 12786 74 51 52 76
internal_value=0 -0.0190172 -0.0229026 -0.0183274 -0.0250011 -0.00381934 -0.0105213 -0.00947859 -0.00489718 -0.000793907 -0.0155496 0.00223842 -0.00811313 -0.0172321 0.00872754 -0.0287028 0.00747731 -0.0261164 -0.0202808 -0.00602986 -0.00411982 0.0101864 -0.0324311 -0.0153943 -0.0434452 0.00550393 -0.031162 -0.0213281 -0.0434672 -0.028739
internal_weight=0 9614.4 7656.89 5172.99 2948.93 1957.5 600.394 2224.06 1398.01 1723.63 293.828 1429.8 480.459 826.056 21134.5 2348.54 949.342 233.875 175.013 76.0314 208.428 11155.2 2483.9 39.7597 85.3998 629.526 24.754 13.779 58.8625 18.3886
internal_count=570368 95427 64708 52417 22889 30719 7511 29528 20789 28660 3524 25136 6932 8739 474941 15378 18204 2059 1621 1038 2892 258410 12291 551 632 12928 273 142 438 128
is_linear=0
shrinkage=0.01


Tree=30
num_leaves=31
num_cat=0
split_feature=2 0 0 1 6 13 14 14 0 1 5 13 13 15 1 1 1 2 5 2 0 12 2 0 0 0 7 1 1 1
split_gain=49668.8 18463 1345.16 1229.16 1016.92 840.471 705.623 633.738 509.89 500.878 466.9 446.066 1305.64 501.201 392.492 1097.57 394.148 324.193 322.989 379.398 310.253 217.902 154.202 298.466 7482.2 141.21 111.197 82.974 157.707 495.844
threshold=3511.5000000000005 4200993.0000000009 4201072.0000000009 2345762830381.5005 2579.5000000000005 1.8224467243415561 1.80966411804849 6.7348587750187763 4202198.5000000009 1900371961397.0002 260.50000000000006 1.7754236602093663 1.6694167651246727 3.123849335349389 2241719161008.5005 2424655943147.0005 2417604865630.5005 134.50000000000003 169.50000000000003 166.50000000000003 4206368.0000000009 1.1159798465572681 4855.5000000000009 4200985.0000000009 4200993.0000000009 4205705.5000000009 2729.5000000000005 3155490927897.0005 2432589630104.5005 2521344728486.5005
decision_type=2 2 2 2 2 2 2 2 2 2 2 2 2 2 2 2 2 2 2 2 2 2 2 2 2 2 2 2 2 2
left_child=1 21 22 5 7 6 -3 17 27 -8 -9 12 -6 -13 26 16 -16 -5 19 -7 -20 -1 -2 -24 -25 -17 -10 28 -4 -30
right_child=2 3 8 4 11 18 9 10 14 -11 -12 13 -14 -15 15 25 -18 -19 20 -21 -22 -23 23 24 -26 -27 -28 -29 29 -31
leaf_value=0.010635690568188423 0.010460183087947335 0.0084584332899357469 -0.0072679508214057859 -0.0093807721428904086 0.0016863467719008243 -0.032059996293892598 -0.030130626948376291 -0.031077363189222353 -0.020891339886177054 -0.0047680901041170223 0.0053250516267598566 0.0040222294343945546 -0.039150697536254768 -0.0091597837869356567 0.0025158797433321891 0.00029154946853065096 -0.037720415908074435 -0.029530660278830789 0.0044493515551026434 -0.002137507615135419 -0.047423569601331816 -0.032829704823476566 0.010329299721080156 -0.04421360846717598 0.010479072012197745 0.010476837257031539 0.0075212094118852751 -0.0019444955024200158 -0.093370880323357539 -0.013484481550958318
leaf_weight=11.561954736709593 10173.994709730148 111.75487219914794 228.52644940465689 97.476800531148911 176.13257135823369 45.604916542768478 207.07623172551394 47.860055103898048 13.924503061920403 124.78979558497667 133.55940223112702 535.14658314362168 140.93983805924654 625.65125054493546 32.124975994229317 396.23872561752796 100.53826290369034 441.47757280617952 1649.154298581183 598.12141734734178 11.611327618360518 4744.163951870054 4599.3838259577751 269.64391203224659 3456.8673923313618 207.34817038476467 1277.7395237870514 150.26792615652084 9.1157756447792035 52.613098800182343
leaf_count=206 240033 1839 3479 925 2276 543 1498 308 142 1338 2239 8430 1047 8476 654 7556 660 3139 30273 9987 84 22819 105812 1619 79237 4774 27656 2459 127 733
internal_value=0 -0.0186554 0.00870909 -0.00512894 -0.0107026 -0.000670511 -0.013275 -0.0204445 0.00177516 -0.0205937 -0.00427823 -0.00595399 -0.0164659 -0.00308266 0.00389346 -0.00193364 -0.027977 -0.0258863 0.00175589 -0.00425737 0.00408668 -0.032724 0.00963428 0.00862505 0.0065216 0.00379047 0.00721491 -0.00797625 -0.0110989 -0.0252817
internal_weight=0 9702.08 20968.3 4946.36 2198.24 2748.11 443.621 720.374 2468.44 331.866 181.419 1477.87 317.072 1160.8 2027.91 736.25 132.663 538.954 2304.49 643.726 1660.77 4755.73 18499.9 8325.9 3726.51 603.587 1291.66 440.523 290.255 61.7289
internal_count=570368 95427 474941 72402 26840 45562 4675 6611 48240 2836 2547 20229 3323 16906 41442 13644 1314 4064 40887 10530 30357 23025 426701 186668 80856 12330 27798 6798 4339 860
is_linear=0
shrinkage=0.01


Tree=31
num_leaves=31
num_cat=0
split_feature=2 3 2 2 4 1 12 5 15 3 12 17 5 12 14 4 1 5 6 2 8 7 13 15 5 7 5 10 5 4
split_gain=48544.9 5248.14 3053.23 2803.3 1448.35 1240.19 1194.94 746.712 894.891 731.743 951.075 570.029 537.96 505.665 352.485 312.377 254.678 219.266 247.076 246.149 182.749 147.586 147.25 109.245 102.868 96.5217 82.4343 76.198 72.3059 52.402
threshold=3511.5000000000005 264.50000000000006 84.500000000000014 662.50000000000011 4172.5000000000009 4205234304898.5005 1.2458435429170043 733.50000000000011 7.1885776073286189 1205.5000000000002 1.8855877148658888 3.9564883558720996 1875.0000000000002 1.0174949934843371 1.8343053871512336 3085.5000000000005 4202993306407.5005 4846.5000000000009 160.50000000000003 303.50000000000006 2441.5000000000005 3174.5000000000005 1.3461532835074757 5.2206801228272122 454.50000000000006 2729.5000000000005 160.50000000000003 553.50000000000011 185.50000000000003 4824.0000000000009
decision_type=2 2 2 2 2 2 2 2 2 2 2 2 2 2 2 2 2 2 2 2 2 2 2 2 2 2 2 2 2 2
left_child=1 5 23 9 6 7 -5 15 11 12 -11 -9 -4 -2 -6 16 -1 18 -7 -20 -10 -17 -15 26 -25 27 -3 -24 -28 -19
right_child=13 2 3 4 14 17 -8 8 20 10 -12 -13 -14 22 -16 21 -18 29 19 -21 -22 -23 25 24 -26 -27 28 -29 -30 -31
leaf_value=0.008541351674706564 0.007048859646255433 0.010720532728811205 -0.024476278263912049 -0.026174115040937234 -0.022995152670597971 -0.029604608808983138 0.0020956238218717148 -0.014201069569896205 -0.048773620399256742 -0.012534203215323557 0.0039463375582192949 0.0029037410536983986 -0.0084994528578538515 0.010456705185767221 -0.030728884747115361 0.0030878193367362763 -0.014739075581581008 -0.047588393524644522 0.0086203826139985614 -0.028023084255299247 -0.017116762821366479 -0.051164939065595147 0.01063767659818728 -0.029586997538246246 0.010595705525374642 0.0060509349799488408 -0.07462042851085357 -0.037788180006442344 -0.031204354969967964 -0.027522634012257029
leaf_weight=757.00360475853086 9846.3218801692128 4.6838169023394576 425.45361345261335 264.03709122166038 1027.9871713221073 102.34149938076735 344.74652548134327 323.21785986796021 55.658204574137926 744.0666837990284 661.44639682397246 490.50021479278803 417.62211453914642 10327.999588616192 1381.1154704242945 7.8888746835291395 50.100318118929863 42.143263034522533 46.375414457172155 30.315000452101231 27.121444262564182 13.760289333760738 5.0700392425060263 13.345557726919653 12.190267689526079 609.23814510181546 3.8418122231960288 9.0479549616575223 2513.229121234268 18.829845618456602
leaf_count=14416 216531 75 3720 2313 7620 583 5198 4009 451 9184 11605 8874 5019 245482 7758 135 481 310 714 324 195 99 91 115 231 12786 39 51 11831 128
internal_value=0 -0.0183221 -0.0219961 -0.0176487 -0.0239463 -0.00371464 -0.0101653 -0.000751729 -0.00707714 -0.00919647 -0.00477832 -0.00389048 -0.0165621 0.00869331 -0.0274288 0.00609074 0.00709624 -0.0250132 -0.0194352 -0.00586444 -0.0384018 -0.0313954 0.0101718 -0.0309842 -0.0104046 0.00545192 -0.0311926 -0.0203975 -0.0312706 -0.0413916
internal_weight=0 9779.02 7813.77 5266.48 3017.89 1965.26 608.784 1725.25 896.498 2248.59 1405.51 813.718 843.076 20797.7 2409.1 828.753 807.104 240.005 179.032 76.6904 82.7796 21.6492 10951.4 2547.29 25.5358 623.356 2521.75 14.118 2517.07 60.9731
internal_count=570368 95427 64708 52417 22889 30719 7511 28660 13529 29528 20789 12883 8739 474941 15378 15131 14897 2059 1621 1038 646 234 258410 12291 346 12928 11945 142 11870 438
is_linear=0
shrinkage=0.01


Tree=32
num_leaves=31
num_cat=0
split_feature=12 0 0 1 8 13 3 1 14 1 1 0 0 0 1 1 1 15 12 0 0 0 1 1 4 13 4 15 14 0
split_gain=46410.9 18254.5 1395.42 1114.36 749.733 1134.94 850.29 630.714 624.99 541.224 1408.61 410.608 216 703.954 175.283 187.238 162.806 178.534 155.356 300.214 7262.47 120.316 80.2705 320.972 78.6294 75.3091 73.4512 72.3657 64.3058 94.2769
threshold=1.1159798465572681 4201048.0000000009 4201072.0000000009 4202993306407.5005 1837.0000000000002 4.6912353757914458 2188.5000000000005 2424655934955.0005 3.2946001893412262 2417604865630.5005 2521344728486.5005 4202198.5000000009 4205705.5000000009 4204808.5000000009 2432589630104.5005 2424655934955.0005 4205234304898.5005 4.2854732606655803 1.0174949934843371 4200985.0000000009 4200993.0000000009 4202198.5000000009 1900371961397.0002 1779273504520.5002 448.50000000000006 3.7159804673141519 192.50000000000003 4.3891709197946822 1.896216349394136 4204916.0000000009
decision_type=2 2 2 2 2 2 2 2 2 2 2 2 2 2 2 2 2 2 2 2 2 2 2 2 2 2 2 2 2 2
left_child=2 24 18 4 -3 6 -6 -7 28 11 14 22 13 -12 15 -11 26 -18 19 -1 -21 -16 23 -4 27 -26 -10 -2 29 -5
right_child=1 3 9 8 5 7 -8 -9 16 10 12 -13 -14 -15 21 -17 17 -19 -20 20 -22 -23 -24 -25 25 -27 -28 -29 -30 -31
leaf_value=0.010318722954876625 -0.025522033407733874 0.008493590354684331 -0.0071199307634136032 -0.077204546950731617 0.0020459529203264082 -0.032027713542895582 -0.00742034599157695 -0.0019835480557275891 -0.0025674711147068135 -0.042701829207330108 0.00055470931879484525 0.0073844229617019601 0.010465972170813867 -0.046181498458328363 -0.086022478558051355 -0.018280165236614031 -0.045592235501786822 -0.023913161323696915 0.010451130207512687 -0.042916651914825826 0.010470747509140114 -0.0064204745248022449 0.00092422046667884076 -0.059488881731481931 -0.031643426926618784 0.0067509874243897872 -0.019437167871125129 0.0049873547086631137 0.0060002253592031929 -0.0061112301007471472
leaf_weight=4527.2468387335539 29.945598788559437 513.33413438498974 135.34149765968323 2.1420695558190355 1854.6342566534877 217.7849998138845 1942.8963446356356 102.88162273168564 43.494022585451603 64.578151166439056 491.7011323235929 1185.8114656917751 169.69165716320276 34.488834232091904 9.799609646201132 61.0932911708951 43.72267846763134 289.59479519724846 10004.100452631712 275.43253210186958 3402.2066922597587 2.3551220893859854 77.262913227081299 12.811452448368071 4810.371279001236 5.1141437813639632 63.478563614189625 10.500485282391308 97.897622816264629 14.436287619173527
leaf_count=105812 170 9848 2060 19 31917 2055 26010 1248 517 416 8807 26026 3989 612 127 658 314 2292 240391 1619 79237 47 1176 195 22390 91 520 173 1477 155
internal_value=0 -0.0175525 0.00869751 -0.00450647 -0.0029022 -0.00432269 -0.0027972 -0.0223884 -0.0178999 0.00125868 -0.00512951 0.00503263 0.000655274 -0.00250859 -0.0343368 -0.0308296 -0.023312 -0.0267569 0.00961462 0.00859468 0.00647236 -0.0705987 -0.00733912 -0.0116485 -0.031486 -0.0316027 -0.0125781 -0.0176013 0.00291596 -0.0152971
internal_weight=0 10042.2 20453.9 5186.3 4631.53 4118.2 3797.53 320.667 554.766 2244.94 833.708 1411.23 695.882 526.19 137.826 125.671 440.29 333.317 18209 8204.89 3677.64 12.1547 225.416 148.153 4855.93 4815.49 106.973 40.4461 114.476 16.5784
internal_count=570368 99196 471172 76372 71078 61230 57927 3303 5294 44113 14656 29457 13408 9419 1248 1074 3643 2606 427059 186668 80856 174 3431 2255 22824 22481 1037 343 1651 174
is_linear=0
shrinkage=0.01


Tree=33
num_leaves=31
num_cat=0
split_feature=12 0 0 1 8 13 3 1 14 1 1 0 0 0 5 5 12 0 0 1 1 0 1 1 4 3 12 5 14 0
split_gain=45393.4 17562.4 1392.08 1074.64 735.989 1108.6 827.868 613.381 597.303 531.181 1344.49 404.278 213.369 661.175 161.646 430.35 155.557 299.772 7023.51 151.476 174.263 102.975 77.4364 293.946 76.3778 79.2316 261.726 72.8126 62.7214 85.8923
threshold=1.1159798465572681 4201048.0000000009 4201072.0000000009 4202993306407.5005 1875.0000000000002 4.6912353757914458 2188.5000000000005 2424655934955.0005 3.2946001893412262 2417604865630.5005 2521344728486.5005 4202198.5000000009 4205705.5000000009 4204808.5000000009 234.50000000000003 974.50000000000011 1.0174949934843371 4200985.0000000009 4200993.0000000009 2432589630104.5005 2424655934955.0005 4202198.5000000009 1900371961397.0002 1779273504520.5002 47.500000000000007 155.50000000000003 1.3826895352780137 50.500000000000007 1.896216349394136 4204916.0000000009
decision_type=2 2 2 2 2 2 2 2 2 2 2 2 2 2 2 2 2 2 2 2 2 2 2 2 2 2 2 2 2 2
left_child=2 24 16 4 27 6 -6 -7 28 11 19 22 13 -12 -10 -16 17 -1 -19 20 -11 -21 23 -4 -2 26 -26 -3 29 -5
right_child=1 3 9 8 5 7 -8 -9 14 10 12 -13 -14 -15 15 -17 -18 18 -20 21 -22 -23 -24 -25 25 -27 -28 -29 -30 -31
leaf_value=0.010312491900127892 -0.0082340494659432929 -0.02172619557701027 -0.0070055797419641044 -0.072216438323543367 0.0020290727239242528 -0.031543339872488911 -0.0073022053955884006 -0.0019605369326728818 -0.028833077992191036 -0.041194188827260031 0.00054943160806241993 0.0073598074645390022 0.010461120812200854 -0.043898505907046442 0.0058921196146567469 -0.025170187883601224 0.010446360766237162 -0.04147722891078498 0.010465844357898947 -0.079300906652190292 -0.017859712723069132 -0.0063197482007945347 0.00091570915922816539 -0.055959967393111862 -0.033799956318175214 -0.031037551516481 0.0065197169767926859 0.0088994378456016508 0.0059708420909437071 -0.0060210202634613076
leaf_weight=4484.8949121832848 14.937034368515013 7.8842782825231543 136.17094486951828 2.2664640694856653 1851.3789963237941 219.14226192608476 1954.527621306479 103.04743639007211 220.30099260061979 66.263458669185638 491.46130165830255 1177.9193606935441 168.0807238817215 35.912197232246399 61.042834386229515 165.60149896889925 9909.0574995875359 282.10665956139565 3369.9242410734296 10.520053043961523 61.90209799259901 2.3686636276543132 77.201623857021332 13.479640223085879 48.939604952931404 4824.3302853703499 23.992156088352203 505.17440575361252 97.398109093308449 14.505701623857021
leaf_count=105812 147 80 2060 19 31917 1992 26010 1248 1448 416 8807 26026 3989 612 857 1338 240391 1619 79237 127 658 47 1176 195 235 22166 276 9831 1477 155
internal_value=0 -0.0172517 0.00868186 -0.00444725 -0.00286692 -0.0042708 -0.00276302 -0.0220817 -0.0175186 0.00124888 -0.00505984 0.00500557 0.000649713 -0.00247731 -0.0227332 -0.0168041 0.00960503 0.00858046 0.00645342 -0.0332102 -0.029924 -0.0658886 -0.00721872 -0.0114151 -0.0308123 -0.0308812 -0.0205361 0.00842881 0.00289509 -0.0149662
internal_weight=0 10114.5 20287.3 5202.27 4641.15 4128.1 3805.91 322.19 561.116 2241.28 836.508 1404.77 695.454 527.373 446.945 226.644 18046 8136.93 3652.03 141.054 128.166 12.8887 226.852 149.651 4912.2 4897.26 72.9318 513.059 114.17 16.7722
internal_count=570368 99196 471172 76372 71078 61167 57927 3240 5294 44113 14656 29457 13408 9419 3643 2195 427059 186668 80856 1248 1074 174 3431 2255 22824 22677 511 9911 1651 174
is_linear=0
shrinkage=0.01


Tree=34
num_leaves=31
num_cat=0
split_feature=2 3 2 2 1 15 14 15 12 6 3 3 12 12 8 14 3 12 15 6 2 13 14 12 1 1 1 1 1 1
split_gain=45369.8 4691.12 2700.82 2544.64 1107.46 732.151 1710.09 707.701 764.643 727.132 1059.27 684.452 890.958 508.957 459.397 433.758 319.414 267.15 186.776 226.443 225.353 148.787 95.2015 88.244 84.1734 48.8681 132.132 62.2417 448.591 1150.44
threshold=3511.5000000000005 264.50000000000006 84.500000000000014 662.50000000000011 4205234304898.5005 2.9876049790630992 2.9116587207511304 3.8135929736245573 3.0617787435117623 213.50000000000003 173.50000000000003 1205.5000000000002 1.8855877148658888 1.0174949934843371 3134.5000000000005 1.8343053871512336 180.50000000000003 2.8416269947219686 4.3891709197946822 160.50000000000003 303.50000000000006 1.3461532835074757 4.2450123703691158 4.0072691311806761 2417604865630.5005 4187424672483.5005 4205234324575.5005 2695065616452.5005 2417604865630.5005 2424655943147.0005
decision_type=2 2 2 2 2 2 2 2 2 2 2 2 2 2 2 2 2 2 2 2 2 2 2 2 2 2 2 2 2 2
left_child=1 4 22 11 7 15 -7 8 17 10 -9 14 -13 25 -4 -5 -11 -1 -6 -20 -21 -15 -3 -24 -10 27 -27 28 -2 -30
right_child=13 2 3 5 18 6 -8 9 24 16 -12 12 -14 21 -16 -17 -18 -19 19 20 -22 -23 23 -25 -26 26 -28 -29 29 -31
leaf_value=-0.01979022014331434 0.0076379767679669195 -0.029268167838019263 0.0086833643112478841 -0.021560668771029974 -0.037790939472071891 -0.004839065345574026 -0.031042947574086526 -0.023528885021866324 -0.074955837460964403 0.0085058837343792437 0.0059685220896436818 -0.011851247034141801 0.0039875616403432382 0.010442518780650688 -0.01793106473970512 -0.030697742895419333 -0.024173029342140932 0.0024383594743641996 -0.027605046633556757 0.0086643737050361019 -0.025691122017761463 0.0053747030081367133 0.009779259357719762 -0.027217003991810762 -0.039595735559818088 -0.0077038895847076792 0.0064417076211701089 0.0081853138339170427 -0.028471376235600351 0.0046117668164329861
leaf_weight=85.987222731113434 4923.5018151402473 2605.9592831432819 70.633004069328308 1061.6803775988519 65.013503395020962 600.40176640823483 425.58770181983709 225.79975471645594 7.5330528989434233 901.33132464438677 264.17367204278708 762.72711727023125 664.61823547631502 10038.639969285578 793.0523471608758 1017.4847779273987 30.936805911362171 145.64593495801091 106.7260632365942 47.024393599480391 32.143890008330345 614.80776512995362 12.055415943264963 13.858770474791525 63.312543421983719 82.538757227361202 330.21967476978898 3481.4609358943999 123.47331129014492 706.81752759590745
leaf_count=695 111466 11948 1220 7620 438 7765 2412 2109 77 17984 4823 9184 11605 245482 7519 5092 220 2284 583 714 324 12928 229 114 468 1708 7359 79498 1053 15447
internal_value=0 -0.0173762 -0.0207732 -0.0167225 -0.00357198 -0.0226211 -0.0157086 -0.000716307 -0.0146064 0.0022378 -0.00762509 -0.00872795 -0.00447618 0.00864327 -0.0157545 -0.0260321 0.00742145 -0.00581337 -0.0232016 -0.0180993 -0.00528464 0.0101501 -0.0290785 -0.0100061 -0.0433556 0.00697947 0.00361303 0.00712992 0.00649134 -0.000308058
internal_weight=0 10003.7 8028.06 5396.19 1975.63 3105.15 1025.99 1724.72 302.479 1422.24 489.973 2291.03 1427.35 20301.5 863.685 2079.17 932.268 231.633 250.908 185.894 79.1683 10653.4 2631.87 25.9142 70.8456 9648.01 412.758 9235.25 5753.79 830.291
internal_count=570368 95427 64708 52417 30719 22889 10177 28660 3524 25136 6932 29528 20789 474941 8739 12712 18204 2979 2059 1621 1038 258410 12291 343 545 216531 9067 207464 127966 16500
is_linear=0
shrinkage=0.01


Tree=35
num_leaves=31
num_cat=0
split_feature=2 0 0 1 4 13 14 1 12 0 1 1 14 1 1 1 5 2 0 12 9 2 0 0 0 5 10 1 1 1
split_gain=44369.8 15538.4 1348.49 1074.13 919.667 735.11 658.862 556.215 541.279 491.202 490.152 451.4 433.409 375.831 975.913 315.078 305.86 328.046 292.917 189.252 177.678 156.271 301.536 6831.97 138.312 86.3302 93.8754 74.8513 143.788 336.139
threshold=3511.5000000000005 4200993.0000000009 4201072.0000000009 2345762830381.5005 4824.0000000000009 1.8224467243415561 1.80966411804849 2424655927106.5005 1.8913489950052682 4202198.5000000009 4205234304898.5005 1900371961397.0002 1.8150298500602577 2241719161008.5005 2424655943147.0005 2417604865630.5005 169.50000000000003 170.50000000000003 4206368.0000000009 1.1159798465572681 3135.0000000000005 4855.5000000000009 4200985.0000000009 4200993.0000000009 4205705.5000000009 301.50000000000006 553.50000000000011 3155490927897.0005 2432589630104.5005 2521344728486.5005
decision_type=2 2 2 2 2 2 2 2 2 2 2 2 2 2 2 2 2 2 2 2 2 2 2 2 2 2 2 2 2 2
left_child=1 19 21 5 7 6 -3 20 12 27 -9 -8 -6 25 15 -15 17 -7 -18 -1 -5 -2 -23 -24 -16 26 -11 28 -4 -30
right_child=2 3 9 4 8 16 11 10 -10 13 -12 -13 -14 14 24 -17 18 -19 -20 -21 -22 22 23 -25 -26 -27 -28 -29 29 -31
leaf_value=0.010644021704522949 0.010436360569062518 0.0085854736267991071 -0.0071401155896620369 0.010598744263434896 0.0074233640860358009 -0.025364367841595254 -0.027642359544959558 -0.008742346137154744 0.0098781718406448903 0.010547444443933478 -0.0219364183183621 -0.0040933935044152377 -0.014079973263502955 0.0022686453379496146 0.00023610934544325248 -0.033775181997044754 0.004434780705376882 -0.0016546130521369834 -0.044986274055679135 -0.029629869982565928 -0.037199809351022711 0.010301881079139359 -0.040363122489811651 0.010457599406122049 0.010456829173539644 0.0073970166618952202 -0.036887538277367335 -0.0021094961184651298 -0.073913001221109623 -0.013521330941189205
leaf_weight=11.695175789296625 9699.7453539445996 116.575593277812 230.07373135536909 8.3148977458477003 134.25450378283858 64.776571728289127 218.73737819492817 1022.6933116950095 295.09201983734965 7.6269177533686188 388.52856129407883 129.64262691885233 310.53866191580892 31.241540510207415 394.19823305681348 108.41047537326813 1644.1250467300415 588.68013267219067 12.080913580954073 5010.0924874395132 120.18149151653051 4413.0569563657045 287.45790126919746 3315.4890668876469 199.36474619433284 1233.8319997005165 9.2103748396038991 148.44513698667288 11.177314244210718 52.536655105650425
leaf_count=206 240033 1839 3479 156 1737 749 1498 12367 4917 157 3172 1338 3688 654 7556 660 30273 9781 84 22819 803 105812 1619 79237 4774 27587 54 2459 127 733
internal_value=0 -0.0170778 0.00862503 -0.00469953 -0.0097855 -0.000520949 -0.0119931 -0.0141885 -0.000622781 0.00163308 -0.0123749 -0.0188791 -0.0075895 0.00375751 -0.00192701 -0.0257118 0.00178849 -0.00400494 0.00407429 -0.0295361 -0.0341068 0.00958256 0.00854942 0.00640291 0.00366902 0.0070901 -0.0154005 -0.00789722 -0.0108216 -0.0241158
internal_weight=0 10076 20141.9 5054.22 2279.6 2774.62 464.956 1539.72 739.885 2426.12 1411.22 348.38 444.793 1983.88 733.215 139.652 2309.66 653.457 1656.21 5021.79 128.496 17715.7 8016 3602.95 593.563 1250.67 16.8373 442.233 293.788 63.714
internal_count=570368 95427 474941 72402 26840 45562 4675 16498 10342 48240 15539 2836 5425 41442 13644 1314 40887 10530 30357 23025 959 426701 186668 80856 12330 27798 211 6798 4339 860
is_linear=0
shrinkage=0.01


Tree=36
num_leaves=31
num_cat=0
split_feature=2 0 0 1 6 13 15 15 0 1 3 13 13 15 1 1 5 7 1 0 2 12 2 0 0 0 7 1 1 1
split_gain=43426.2 14989.9 1345.59 1041.8 859.328 715.979 619.252 508.456 480.579 423.797 403.66 386.207 931.287 473.086 371.237 943.332 300.294 335.644 298.547 280.435 277.375 182.051 156.424 300.993 6621.51 137.361 105.499 72.9272 100.204 107.938
threshold=3511.5000000000005 4200993.0000000009 4201072.0000000009 2345762830381.5005 2579.5000000000005 1.8224467243415561 1.8964817957666884 7.3108384570300888 4202198.5000000009 1900371961397.0002 107.50000000000001 1.8107551040761356 1.6694167651246727 3.6922419901710248 2241719161008.5005 2424655943147.0005 169.50000000000003 1952.5000000000002 2417604865630.5005 4206368.0000000009 134.50000000000003 1.1159798465572681 4855.5000000000009 4200985.0000000009 4200993.0000000009 4205705.5000000009 2729.5000000000005 92909938457.500015 3155490927897.0005 3095686187053.5005
decision_type=2 2 2 2 2 2 2 2 2 2 2 2 2 2 2 2 2 2 2 2 2 2 2 2 2 2 2 2 2 2
left_child=1 21 22 5 7 6 -3 20 27 -8 -9 12 -6 -13 26 18 17 -7 -16 -18 -5 -1 -2 -24 -25 -17 -10 -4 29 -29
right_child=2 3 8 4 11 16 9 10 14 -11 -12 13 -14 -15 15 25 19 -19 -20 -21 -22 -23 23 24 -26 -27 -28 28 -30 -31
leaf_value=0.010637204411838444 0.010431748512585307 0.0085234672957957766 0.0098730597487274464 -0.0080531921690362458 0.0021155611938449156 0.0073981221901680038 -0.026648896238086077 -0.023954499642376854 -0.020001394419553502 -0.0039815884476719909 0.0070827160690856228 0.003936338666356759 -0.029249673595190779 -0.0088895397615372674 0.0022505198785517243 0.00023379783352370752 0.0044077180651748557 -0.0084624586702206038 -0.032786501527260162 -0.043260542322052002 -0.026088400414259489 -0.029047518795277644 0.010295751075465962 -0.039107717195379858 0.010452839201799459 0.010452078119226065 0.0073791227550694879 -0.011746980715048871 -0.0020845499640700705 -0.086307857946101227
leaf_weight=11.586190566420553 9607.4557350575924 113.64317166432738 22.26818535476923 103.83213333785534 183.66930734366179 186.45396611094475 223.97574792057276 64.509820409119129 14.235383853316305 130.56342848390341 119.57615396752954 581.08951637893915 195.34804082661867 569.36784905940294 31.178539205342531 394.1154729090631 1637.7098112478852 469.1451982408762 110.55178195238113 12.43537202477455 477.15806495398283 5059.1790143102407 4371.7345541194081 293.6866248100996 3283.9867504015565 197.47031006589532 1228.2988754622638 272.25828781723976 148.71807370707393 1.9555176571011532
leaf_count=206 240033 1807 335 926 2276 3260 1522 456 142 1346 2078 9070 1479 7404 654 7556 30273 7270 660 84 3151 22819 105812 1619 79237 4774 27656 3977 2459 27
internal_value=0 -0.0168006 0.00860941 -0.00463891 -0.00962376 -0.000515527 -0.0117901 -0.0182764 0.00162061 -0.0183014 -0.00379375 -0.00529551 -0.0140503 -0.00241126 0.00373547 -0.00190684 0.00177378 -0.00395167 -0.0250789 0.00404849 -0.0228652 -0.0289568 0.00957315 0.00853546 0.00638448 0.00364464 0.00706543 -0.00776537 -0.00869407 -0.0122787
internal_weight=0 10139.2 19977.9 5068.48 2294.55 2773.93 468.182 765.076 2421.05 354.539 184.086 1529.47 379.017 1150.46 1975.85 733.316 2305.74 655.599 141.73 1650.15 580.99 5070.77 17556.9 7949.41 3577.67 591.586 1242.53 445.2 422.932 274.214
internal_count=570368 95427 474941 72402 26840 45562 4675 6611 48240 2868 2534 20229 3755 16474 41442 13644 40887 10530 1314 30357 4077 23025 426701 186668 80856 12330 27798 6798 6463 4004
is_linear=0
shrinkage=0.01


Tree=37
num_leaves=31
num_cat=0
split_feature=2 0 0 1 4 13 14 1 13 2 0 1 1 1 1 5 7 1 0 13 8 2 0 0 0 7 4 1 1 1
split_gain=42515.9 14472.8 1342.75 1011.31 856.282 697.476 616.127 518.274 489.462 498.196 470.228 459.587 408.887 366.672 912.425 294.826 327.588 283.321 268.903 175.295 162.666 156.551 300.404 6424.38 136.414 103.139 74.7632 71.0789 96.2887 103.542
threshold=3511.5000000000005 4200993.0000000009 4201072.0000000009 2345762830381.5005 4824.0000000000009 1.8224467243415561 1.80966411804849 2424655927106.5005 1.94222114303065 316.50000000000006 4202198.5000000009 4205234304898.5005 1900371961397.0002 2241719161008.5005 2424655943147.0005 169.50000000000003 1952.5000000000002 2417604865630.5005 4206368.0000000009 1.3201124284121852 2311.0000000000005 4855.5000000000009 4200985.0000000009 4200993.0000000009 4205705.5000000009 2729.5000000000005 47.500000000000007 92909938457.500015 3155490927897.0005 2432589630104.5005
decision_type=2 2 2 2 2 2 2 2 2 2 2 2 2 2 2 2 2 2 2 2 2 2 2 2 2 2 2 2 2 2
left_child=1 19 21 5 7 6 -3 20 9 -6 27 -9 -8 25 17 16 -7 -15 -17 -1 -5 -2 -23 -24 -16 -12 -21 -4 29 -29
right_child=2 3 10 4 8 15 12 11 -10 -11 13 -13 -14 14 24 18 -18 -19 -20 26 -22 22 23 -25 -26 -27 -28 28 -30 -31
leaf_value=0.010630463578310032 0.010427184248469482 0.0085425414264640575 0.0098578484565858705 0.010588249994888142 -0.044495516554519207 0.0073719634803056915 -0.026222564378968683 -0.0084075837667335826 0.0090826757396188229 -0.0043348875667833225 -0.019548052505210127 -0.021050319863748342 -0.0039876441990251326 0.002232504822914063 0.00023150796520042256 0.0043807248822775981 -0.0083176084677898943 -0.031856785251155782 -0.041671120754336648 -0.0068420799934993592 -0.035436776461279337 0.010289657808832431 -0.037938248205020897 0.010448129990292357 0.01044737720246933 0.0073546409479089405 -0.028560575374854295 -0.0086188265553443603 -0.0020599435069616656 -0.022987058834503735
leaf_weight=11.478143729269503 9516.0021862573922 114.91599657014012 22.080462872982025 8.1853709220886213 33.47032068297267 185.25046860054135 225.97707468271255 1038.3774369508028 305.99581506848335 400.46141052618623 14.418925695121287 397.63998115807772 130.44723772257566 31.116149786859751 394.03354230523109 1631.3550150208175 472.5249761082232 112.62967699766159 12.778804540634153 15.899483516812323 124.15015383064747 4330.7851658388972 299.68135817348957 3252.7685992904007 195.59297575429082 1220.1048552840948 5089.9336383789778 211.33150282502174 148.98819752410054 65.761659994721413
leaf_count=206 240033 1839 335 156 502 3260 1498 12367 5148 4692 142 3172 1338 654 7556 30273 7270 660 84 147 803 105812 1619 79237 4774 27656 22672 3144 2459 860
internal_value=0 -0.0165345 0.0085938 -0.00458017 -0.00947003 -0.000510163 -0.0115929 -0.0136535 -0.000602726 -0.00743258 0.00160813 -0.0119084 -0.0180848 0.00371345 -0.00188703 0.00175915 -0.00389893 -0.0244776 0.00402279 -0.0284052 -0.03259 0.00956383 0.00852166 0.0063663 0.00362035 0.00704042 -0.0284929 -0.00763639 -0.00854298 -0.0120288
internal_weight=0 10198.8 19815.3 5081.53 2308.28 2773.25 471.34 1568.35 739.928 433.932 2416.06 1436.02 356.424 1967.9 733.372 2301.91 657.775 143.746 1644.13 5117.31 132.336 17399.2 7883.24 3552.45 589.627 1234.52 5105.83 448.162 426.081 277.093
internal_count=570368 95427 474941 72402 26840 45562 4675 16498 10342 5194 48240 15539 2836 41442 13644 40887 10530 1314 30357 23025 959 426701 186668 80856 12330 27798 22819 6798 6463 4004
is_linear=0
shrinkage=0.01


Tree=38
num_leaves=31
num_cat=0
split_feature=2 0 0 1 4 13 14 12 1 0 1 14 1 1 1 1 6 3 4 12 8 2 0 0 0 7 4 3 12 10
split_gain=41632.1 13990 1339.88 981.195 835.956 682.715 587.087 517.639 503.897 460.157 439.858 415.996 393.544 362.155 883.064 269.263 266.447 582.973 209.873 168.952 158.262 156.653 299.771 6239.25 135.472 100.864 72.1653 75.8799 221.679 69.7598
threshold=3511.5000000000005 4200993.0000000009 4201072.0000000009 2334414751297.5005 4824.0000000000009 1.8224467243415561 1.80966411804849 1.8913489950052682 2424655927106.5005 4202198.5000000009 4205234304898.5005 1.8150298500602577 1900371961397.0002 2241719161008.5005 2424655943147.0005 2417604865630.5005 1077.0000000000002 3103.5000000000005 56.500000000000007 1.1159798465572681 2311.0000000000005 4855.5000000000009 4200985.0000000009 4200993.0000000009 4205705.5000000009 2729.5000000000005 47.500000000000007 166.50000000000003 1.3826895352780137 553.50000000000011
decision_type=2 2 2 2 2 2 2 2 2 2 2 2 2 2 2 2 2 2 2 2 2 2 2 2 2 2 2 2 2 2
left_child=1 19 21 5 8 6 -3 11 20 -4 -10 -6 -8 25 15 -15 17 -7 -18 -1 -5 -2 -23 -24 -16 29 -21 28 -28 -11
right_child=2 3 9 4 7 16 12 -9 10 13 -12 -13 -14 14 24 -17 18 -19 -20 26 -22 22 23 -25 -26 -27 27 -29 -30 -31
leaf_value=0.010623797829455986 0.010422668806030466 0.0084909387998824189 -0.0075107737183005433 0.010580844474482376 0.0074403531068894012 -0.0023568319952798583 -0.025561446944235872 0.0098500571463608546 -0.0082691689952965226 0.010643633416391603 -0.020568276302933716 -0.01350661800362748 -0.0038156303633570879 0.0022145989744508402 0.00022924020551257025 -0.030980802410599126 -0.002929860709762212 -0.072254667819619242 0.0057648351888567959 -0.0067423672337941888 -0.034624670919002967 0.010283599797038221 -0.036846138047548348 0.010443472731704909 0.010442728115016753 0.0073301122755758223 -0.030533838324744499 -0.02818325068305803 0.0045657076575763532 -0.035170757332866683
leaf_weight=11.371028482913969 9425.3775540031493 112.55029981955886 451.07074790820479 8.2471502311527711 135.19317286461592 638.49144666641951 229.48550654947758 290.78707808256149 1045.1664028465748 5.1171541921794406 402.86287331208587 317.38224061951041 130.5761848166585 31.054367929697037 393.95242433622479 114.64577054977417 353.61140044033527 12.159442715346811 1291.8044715635478 15.972902853041886 127.07169048115611 4290.2063801623881 305.44845671951771 3221.8320127017796 193.73257667571306 1211.9866093695164 51.736645385622978 5054.6913480162621 27.589033719152212 9.4820481687784177
leaf_count=206 240033 1814 6798 159 1762 10437 1498 4946 12367 91 3172 3689 1336 654 7556 660 6482 177 23755 147 808 105812 1619 79237 4774 27656 235 22150 287 51
internal_value=0 -0.0162758 0.00857826 -0.00452153 -0.00930843 -0.000498772 -0.011444 -0.000560435 -0.0134155 0.00159576 -0.011691 -0.00724935 -0.0176753 0.00369155 -0.00186756 -0.0239056 0.00175414 -0.00366309 0.00389628 -0.0278799 -0.0318696 0.00955461 0.00850801 0.00634838 0.00359616 0.00701539 -0.0279649 -0.028031 -0.0183264 -0.0191124
internal_weight=0 10256.8 19653.9 5095.39 2326.71 2768.68 472.612 743.362 1583.35 2411.04 1448.03 452.575 360.062 1959.97 733.385 145.7 2296.07 650.651 1645.42 5161.36 135.319 17242.9 7817.49 3527.28 587.685 1226.59 5149.99 5134.02 79.3257 14.5992
internal_count=570368 95427 474941 72402 26903 45499 4648 10397 16506 48240 15539 5451 2834 41442 13644 1314 40851 10614 30237 23025 967 426701 186668 80856 12330 27798 22819 22672 522 142
is_linear=0
shrinkage=0.01


Tree=39
num_leaves=31
num_cat=0
split_feature=2 0 0 1 4 13 14 1 1 13 2 0 1 1 1 15 6 13 1 4 13 2 0 0 0 7 4 1 1 1
split_gain=40777.5 13537.2 1337 952.39 806.443 665.353 568.221 485.301 565.333 471.595 458.212 450.354 375.518 357.707 855.139 279.974 261.586 576.385 256.252 206.927 162.998 156.729 299.094 6064.98 134.534 98.8376 69.757 68.8527 92.0054 97.2868
threshold=3511.5000000000005 4200993.0000000009 4201072.0000000009 2334414751297.5005 4824.0000000000009 1.8224467243415561 1.80966411804849 2424655934955.0005 4205234304898.5005 1.94222114303065 316.50000000000006 4202198.5000000009 1900371961397.0002 2241719161008.5005 2424655943147.0005 7.3108384570300888 1077.0000000000002 2.2688285431649127 2417604865630.5005 56.500000000000007 1.3201124284121852 4855.5000000000009 4200985.0000000009 4200993.0000000009 4205705.5000000009 2729.5000000000005 47.500000000000007 92909938457.500015 3155490927897.0005 2432589630104.5005
decision_type=2 2 2 2 2 2 2 2 2 2 2 2 2 2 2 2 2 2 2 2 2 2 2 2 2 2 2 2 2 2
left_child=1 20 21 5 7 6 -3 15 -9 10 -6 27 -8 25 18 -5 17 -7 -15 -18 -1 -2 -23 -24 -16 -13 -22 -4 29 -29
right_child=2 3 11 4 9 16 12 8 -10 -11 -12 13 -14 14 24 -17 19 -19 -20 -21 26 22 23 -25 -26 -27 -28 28 -30 -31
leaf_value=0.010617206528597109 0.010418202256483305 0.0084684943720592498 0.0098542306511930078 -0.02665188537830834 -0.041784530673392377 -0.054441618702179409 -0.024931858750357729 -0.0058336632672649335 -0.02010569751045331 0.0090532975016757375 -0.0041540599429767261 -0.018766818469773908 -0.0037664161401089135 0.0021968023995342484 0.00022699467952580745 0.010600072449717297 -0.0028930621584431697 -0.0018772015178368259 -0.03015393039910148 0.0057364063592476909 -0.0066446308574205698 0.010277577454788842 -0.035823921234971315 0.010438865298748467 0.010438129412197595 0.0073055361771768267 -0.027527526444993119 -0.0083407460675652013 -0.0019475559515435238 -0.022112144773398401
leaf_weight=11.264838688075541 9335.574684754014 111.72424899414182 22.036030068993568 299.79404211044312 35.165580499917269 21.57379461824894 232.91019564121962 868.09512176737189 407.98417676612735 302.78489072620869 405.36002042517066 14.717658925801514 130.95761285722256 30.993187956511974 393.87211006134748 21.630976095795631 354.52347938716412 631.1297223828733 116.60160541534424 1285.2573397234082 16.045403979718685 4249.99457038939 310.99406509101391 3191.1750615276396 191.88898349925876 1203.9435065090656 5175.4153536334634 214.2622177451849 150.23370674997568 67.445082060992718
leaf_count=206 240033 1814 335 2047 502 204 1498 10881 3172 5177 4718 142 1336 654 7556 406 6482 10410 660 23755 147 105812 1619 79237 4774 27656 22672 3144 2459 860
internal_value=0 -0.0160265 0.00856278 -0.00446398 -0.00915913 -0.000493541 -0.0112575 -0.0131629 -0.0103967 -0.000554365 -0.00715797 0.00158346 -0.0173143 0.0036699 -0.00184841 -0.0241449 0.00173952 -0.00361461 -0.0233607 0.0038707 -0.0273805 0.00954549 0.00849451 0.00633071 0.00357205 0.00699066 -0.027463 -0.00738782 -0.00826745 -0.0116378
internal_weight=0 10311.6 19493.7 5108.89 2340.81 2768.08 475.592 1597.5 1276.08 743.31 440.526 2405.99 363.868 1952.02 733.356 321.425 2292.48 652.704 147.595 1639.78 5202.73 17087.7 7752.16 3502.17 585.761 1218.66 5191.46 453.977 431.941 281.707
internal_count=570368 95427 474941 72402 26903 45499 4648 16506 14053 10397 5220 48240 2834 41442 13644 2453 40851 10614 1314 30237 23025 426701 186668 80856 12330 27798 22819 6798 6463 4004
is_linear=0
shrinkage=0.01


Tree=40
num_leaves=31
num_cat=0
split_feature=12 0 0 1 15 14 1 1 1 1 3 0 0 14 0 1 6 3 0 0 12 0 0 8 1 1 1 1 12 4
split_gain=39148.6 13890.4 1377.82 861.291 917.381 647.956 477.761 1045.74 454.29 499.478 425.692 658.112 752.877 408.896 369.692 297.501 218.744 456.111 199.445 623.512 157.058 298.375 5900.56 141.197 125.047 128.917 74.3066 260.454 68.9307 68.2079
threshold=1.1159798465572681 4201048.0000000009 4201072.0000000009 2345762830381.5005 3.2201306844997846 2.3795204768346951 2417604865630.5005 2521344728486.5005 2424655927106.5005 4205234304898.5005 2188.5000000000005 4204581.0000000009 4204355.0000000009 1.8150298500602577 4202198.5000000009 41942576223.500008 277.00000000000006 160.50000000000003 4205705.5000000009 4204808.5000000009 1.0174949934843371 4200985.0000000009 4200993.0000000009 2311.0000000000005 2432589630104.5005 2424655934955.0005 1900371961397.0002 1779273504520.5002 3.1651774695465433 448.50000000000006
decision_type=2 2 2 2 2 2 2 2 2 2 2 2 2 2 2 2 2 2 2 2 2 2 2 2 2 2 2 2 2 2
left_child=2 29 20 10 5 13 14 24 23 -10 16 12 -12 -5 26 -13 17 -3 19 -9 21 -1 -23 -6 25 -8 27 -4 -18 -2
right_child=1 3 6 4 8 -7 7 18 9 -11 11 15 -14 -15 -16 -17 28 -19 -20 -21 -22 22 -24 -25 -26 -27 -28 -29 -30 -31
leaf_value=0.010271588698769926 -0.014579953866469028 -0.030661668987212766 -0.0064785318639453277 0.0085934366387903621 0.010569856328460534 0.010398997959755147 -0.034148482886090362 0.00059805887767879504 -0.007619667840506961 -0.020840764155680681 -0.0052835038818279494 -0.017459011712671158 -0.029835242389785001 -0.012113434914547954 0.0071866153698243972 0.0055758352934195676 0.0034242426227829295 0.0006378790577860233 0.010429627190631634 -0.041785391662641738 0.010414467130527395 -0.034865056266752313 0.010434308031688941 -0.032820721752012269 -0.055673977417575918 -0.015096835178502363 0.0012317229878029781 -0.050910525971207495 0.0084362440710342886 -0.02709333449782815
leaf_weight=4210.1474603302777 43.928641188889742 51.928600072860718 140.11833555996418 124.99739136174321 7.9570383578538886 346.5268025547266 75.215418785810471 493.45902638137341 1015.2644938454032 397.67220359668136 469.97605118900537 63.122682299464941 170.10596862062812 402.25435627996922 1124.7516389153898 501.70720360055566 738.66865690797567 450.17671877890825 157.54807726293802 37.336023904383183 9268.2131973989308 316.32415832579136 3160.7953509166837 130.42803670465946 14.818679727613924 67.295893337577581 79.537375330924988 14.564180821180342 436.59019667282701 5187.5130874961615
leaf_count=105812 343 537 2060 1632 156 5982 416 8807 11923 2972 6276 463 1569 5009 26026 8223 13944 7743 3989 612 240391 1619 79237 799 174 658 1176 195 9144 22481
internal_value=0 -0.0154247 0.00857098 -0.00402662 -0.00841837 -0.000223161 0.00113425 -0.00476695 -0.0130343 -0.0113408 -0.000331472 -0.00486583 -0.0118083 -0.00720439 0.0048065 0.00300157 0.00292572 -0.00259917 0.000549413 -0.00238319 0.00953795 0.00848116 0.00631329 -0.0303258 -0.0280268 -0.025152 -0.00662311 -0.010662 0.00528612 -0.0269883
internal_weight=0 10538.8 19160.1 5307.38 2425.1 873.779 2204.64 845.673 1551.32 1412.94 2882.28 1204.91 640.082 527.252 1358.97 564.83 1677.36 502.105 688.343 530.795 16955.5 7687.27 3477.12 138.385 157.33 142.511 234.22 154.683 1175.26 5231.44
internal_count=570368 99196 471172 76372 28473 12623 44113 14656 15850 14895 47899 16531 7845 6641 29457 8686 31368 8280 13408 9419 427059 186668 80856 955 1248 1074 3431 2255 23088 22824
is_linear=0
shrinkage=0.01


Tree=41
num_leaves=31
num_cat=0
split_feature=12 0 0 1 15 14 13 13 1 1 1 13 1 1 0 5 3 15 0 0 0 5 12 0 0 1 1 1 1 3
split_gain=38368.1 13460.9 1374.3 837.1 886.355 636.942 511.418 531.265 503.633 469 1005.04 446.964 443.412 636.393 364.108 278.191 313.25 260.985 255.056 197.028 588.275 174.671 157.083 297.616 5745.12 111.031 122.188 71.8265 241.017 67.8873
threshold=1.1159798465572681 4201048.0000000009 4201072.0000000009 2345762830381.5005 3.2201306844997846 2.3795204768346951 1.8224467243415561 1.6890147687630592 1900371961397.0002 2417604865630.5005 2521344728486.5005 1.6694167651246727 2424655934955.0005 4205234304898.5005 4202198.5000000009 169.50000000000003 4685.5000000000009 7.3108384570300888 4206368.0000000009 4205705.5000000009 4204808.5000000009 317.50000000000006 1.0174949934843371 4200985.0000000009 4200993.0000000009 2432589630104.5005 2424655934955.0005 1900371961397.0002 1779273504520.5002 166.50000000000003
decision_type=2 2 2 2 2 2 2 2 2 2 2 2 2 2 2 2 2 2 2 2 2 2 2 2 2 2 2 2 2 2
left_child=2 29 22 6 5 11 7 21 -9 14 25 -5 17 -14 27 16 -8 -6 -17 20 -12 -3 23 -1 -25 26 -11 28 -4 -2
right_child=1 3 9 4 12 -7 15 8 -10 10 19 -13 13 -15 -16 18 -18 -19 -20 -21 -22 -23 -24 24 -26 -27 -28 -29 -30 -31
leaf_value=0.010265633246303727 -0.017498382565201621 -0.031076204398353725 -0.0063782347536299926 0.0075666960745735543 -0.025490449120609552 0.010389307103977846 -0.0027918078919543471 -0.028553255253342683 -0.001839987537214571 -0.03321853298554861 0.00059239089913683707 -0.012844034869041733 -0.0050675204447572396 -0.020377245733381625 0.0071616375278079972 0.0042328498065712355 -0.052040802163129139 0.010594627734531688 -0.039948254620439161 0.010425169773052731 -0.039891862283930296 0.0038148512855615082 0.010410086201635164 -0.03396380696887142 0.010429799658082568 -0.052727090880236548 -0.014795896513177887 0.0012206961479694011 -0.048296796985170073 -0.026670391560940202
leaf_weight=4170.6617372445762 81.97272077575326 15.280047722160814 140.89452017098665 149.38014649599791 306.57453789934516 343.39721507579088 649.72134111821651 180.30646204203367 115.97016703337431 76.54103896021843 493.19990431144834 380.76712524145842 833.77419471368194 402.62550186365843 1117.4244987480342 1658.5024187974632 13.176987335085867 21.44488950073719 13.17037872970104 156.04680962488055 38.709994189441204 235.2249964363873 9179.8349310792983 321.44447754323483 3130.6908431984484 15.486908148974178 67.974543727934361 79.453734397888184 15.195534154772757 5186.8813691437244
leaf_count=105812 526 107 2060 2160 2035 5982 10363 1155 1213 416 8807 4481 10437 2972 26026 31090 167 406 84 3989 612 3720 240391 1619 79237 174 658 1176 195 22298
internal_value=0 -0.0151986 0.00855573 -0.00397692 -0.00828958 -0.000220496 -0.000327901 -0.00903325 -0.018097 0.00112538 -0.00470558 -0.00709288 -0.0127952 -0.010053 0.00477988 0.00171099 -0.00377077 -0.0231313 0.00388477 0.000544755 -0.00235387 0.0016866 0.009529 0.00846795 0.0062961 -0.0272802 -0.0245532 -0.00651923 -0.0104591 -0.0265277
internal_weight=0 10588.2 19003.6 5319.32 2437.96 873.544 2881.35 546.782 296.277 2200.93 847.959 530.147 1564.42 1236.4 1352.97 2334.57 662.898 328.019 1671.67 687.957 531.91 250.505 16802.6 7622.8 3452.14 160.002 144.516 235.544 156.09 5268.85
internal_count=570368 99196 471172 76372 28473 12623 47899 6195 2368 44113 14656 6641 15850 13409 29457 41704 10530 2441 31174 13408 9419 3827 427059 186668 80856 1248 1074 3431 2255 22824
is_linear=0
shrinkage=0.01


Tree=42
num_leaves=31
num_cat=0
split_feature=12 0 0 1 15 14 13 13 1 1 1 13 1 1 0 5 7 0 0 0 5 12 0 0 8 1 1 3 12 1
split_gain=37612.2 13053.4 1370.77 813.882 866.442 625.818 501.884 505.989 485.501 460.424 967.238 440.53 430.749 460.267 358.629 270.077 312.285 245.245 189.114 561.785 167.814 157.086 296.818 5597.88 132.659 69.4522 223.702 66.4319 197.164 58.7399
threshold=1.1159798465572681 4201048.0000000009 4201072.0000000009 2334414751297.5005 3.2201306844997846 2.3795204768346951 1.8224467243415561 1.6890147687630592 1900371961397.0002 2417604865630.5005 2621383306356.5005 1.6354768353212548 2424655927106.5005 4205234304898.5005 4202198.5000000009 169.50000000000003 1952.5000000000002 4206368.0000000009 4205705.5000000009 4204808.5000000009 317.50000000000006 1.0174949934843371 4200985.0000000009 4200993.0000000009 2311.0000000000005 1900371961397.0002 1779273504520.5002 166.50000000000003 1.3826895352780137 2424655934955.0005
decision_type=2 2 2 2 2 2 2 2 2 2 2 2 2 2 2 2 2 2 2 2 2 2 2 2 2 2 2 2 2 2
left_child=2 27 21 6 5 11 7 20 -9 14 29 -5 24 -14 25 16 -8 -17 19 -12 -3 22 -1 -24 -6 26 -4 28 -2 -11
right_child=1 3 9 4 12 -7 15 8 -10 10 18 -13 13 -15 -16 17 -18 -19 -20 -21 -22 -23 23 -25 -26 -27 -28 -29 -30 -31
leaf_value=0.010259711686083113 -0.02861367024965036 -0.030150345887743957 -0.0062800668445249473 0.0085652581509338774 0.010557114489562534 0.010380538558467236 0.0073618487724310278 -0.027838712947787198 -0.0016802929512642994 -0.032342830912066231 0.00080895665094712151 -0.012255119645036949 -0.0073717597537919441 -0.019931997346925738 0.0071366154528164265 0.0042055347468905116 -0.0079357761780365892 -0.038604870667140169 0.010420760889008904 -0.038154856375147359 0.0037391300458704084 0.010405753073446622 -0.033115103276976358 0.01042534065384864 -0.031486190117720143 0.0012097566922506342 -0.045934930851202545 -0.026227572442976858 0.0037022094528795894 -0.020560870631290168
leaf_weight=4131.5344696342945 53.404873609542847 15.590179331600664 141.66208509355783 136.43360351026058 7.9469532966613761 341.83062217384577 184.84498528391123 183.07090164721012 115.85343870520592 77.820718765258789 484.97779346257448 398.31570784747601 1027.2717619165778 407.47850598022342 1110.1654100716114 1650.5803378522396 479.90090826153755 13.490742132067679 154.55915234982967 40.060523092746735 232.80012172833085 9092.2594158165157 326.36064840853214 3100.8590594269335 134.9100699275732 79.370917081832886 15.813849493861197 5221.5333043113351 29.203918181359768 92.747045248746872
leaf_count=105812 235 107 2060 1993 159 6012 3260 1155 1211 416 8703 4677 11923 2972 26026 31057 7267 84 3989 612 3691 240391 1619 79237 804 1176 195 22298 291 936
internal_value=0 -0.0149804 0.00854053 -0.00392857 -0.00815871 -0.000187583 -0.000319014 -0.00893582 -0.0177006 0.00111658 -0.00464552 -0.0069431 -0.0125878 -0.0109389 0.00475333 0.00170609 -0.00368199 0.00385847 0.000698129 -0.00216399 0.00161206 0.00952015 0.00845489 0.00627916 -0.0291474 -0.0064178 -0.0102622 -0.0260868 -0.0171893 -0.0259363
internal_weight=0 10634.5 18848.2 5330.32 2454.19 876.58 2876.13 547.315 298.924 2197.18 850.165 534.749 1577.61 1434.75 1347.01 2328.82 664.746 1664.07 679.597 525.038 248.39 16651 7558.75 3427.22 142.857 236.847 157.476 5304.14 82.6088 170.568
internal_count=570368 99196 471172 76372 28540 12682 47832 6164 2366 44113 14656 6670 15858 14895 29457 41668 10527 31141 13304 9315 3798 427059 186668 80856 963 3431 2255 22824 526 1352
is_linear=0
shrinkage=0.01


Tree=43
num_leaves=31
num_cat=0
split_feature=12 0 0 1 15 14 1 1 1 1 3 0 0 14 0 1 15 6 15 0 0 5 12 0 0 4 3 12 1 1
split_gain=36878.3 12669.2 1367.19 791.284 837.693 615.358 452.046 931.668 422.237 590.742 403.976 617.098 690.595 382.238 353.253 274.51 245.771 215.159 440.911 186.888 532.144 171.079 157.066 295.982 5458.15 67.9152 70.5072 221.664 67.1776 208.201
threshold=1.1159798465572681 4201048.0000000009 4201072.0000000009 2334414751297.5005 3.2201306844997846 2.3795204768346951 2417604865630.5005 2621383306356.5005 2424655934955.0005 4205234304898.5005 2188.5000000000005 4204581.0000000009 4204355.0000000009 1.8150298500602577 4202198.5000000009 41942576223.500008 7.3108384570300888 277.00000000000006 7.1885776073286189 4205705.5000000009 4204808.5000000009 163.50000000000003 1.0174949934843371 4200985.0000000009 4200993.0000000009 47.500000000000007 155.50000000000003 1.3826895352780137 1900371961397.0002 1779273504520.5002
decision_type=2 2 2 2 2 2 2 2 2 2 2 2 2 2 2 2 2 2 2 2 2 2 2 2 2 2 2 2 2 2
left_child=2 25 22 10 5 13 14 -8 16 -10 17 12 -12 -5 28 -13 -6 18 -3 20 -9 -19 23 -1 -25 -2 27 -27 29 -4
right_child=1 3 6 4 8 -7 7 19 9 -11 11 15 -14 -15 -16 -17 -18 21 -20 -21 -22 -23 -24 24 -26 26 -28 -29 -30 -31
leaf_value=0.010253821367078012 -0.005615387570087501 0.00023491626914333747 -0.0061839626875071722 0.0085533768400164484 -0.024541988672006031 0.010370968424142901 -0.025294689404544424 0.00080143963750866026 -0.0048937870261468305 -0.01950391858511286 -0.0050739119051345354 -0.016370258583629376 -0.028305948062242833 -0.011458212886765757 0.0071115492615807206 0.0055050541225571924 0.010589262235177819 -0.0030415167523506464 -0.033614115524151056 0.010416398484932419 -0.036555520804587203 0.0070091304647637367 0.010401465523851478 -0.03231445815900244 0.010420929261743813 -0.028089385135667905 -0.025871620584198531 0.0072256303573462813 0.0011989036538859307 -0.043789746568252276
leaf_weight=4092.7628691717982 16.840606652200222 459.62397945299745 142.42114275693893 124.10179265215993 314.68357499688864 338.74007758125663 173.13226664438844 484.63300250843167 842.0752067938447 412.23347671329975 472.88112122192979 64.881906148046255 175.41700870171189 413.40717942640185 1102.9737758375704 495.1692281588912 21.258568450808525 205.67616064101458 41.998376078903675 153.08502801507711 41.388173826038837 959.13157603144646 9005.4821731597185 331.07808278501034 3071.298007722944 53.855344459414482 5239.889661796391 26.528779372572899 79.288914620876312 16.419495865702629
leaf_count=105812 147 7812 2060 1657 2043 6012 1352 8703 10437 2972 6272 463 1567 5013 26026 8173 406 3427 468 3989 612 19650 240391 1619 79237 235 22166 276 1176 195
internal_value=0 -0.014769 0.00852541 -0.00388088 -0.00803621 -0.000185285 0.00110785 -0.00458709 -0.0123622 -0.00969546 -0.000315696 -0.00471793 -0.0113601 -0.00683787 0.00472684 0.0029708 -0.0223189 0.00287642 -0.0025991 0.000692134 -0.00213786 0.00523444 0.00951139 0.00844196 0.00626244 -0.0256656 -0.025729 -0.0164345 -0.00631872 -0.0100713
internal_weight=0 10678.4 18694 5341.28 2466.5 876.249 2193.34 852.238 1590.25 1254.31 2874.78 1208.35 648.298 537.509 1341.1 560.051 335.942 1666.43 501.622 679.106 526.021 1164.81 16500.6 7495.14 3402.38 5337.11 5320.27 80.3841 238.13 158.841
internal_count=570368 99196 471172 76372 28540 12682 44113 14656 15858 13409 47832 16475 7839 6670 29457 8636 2449 31357 8280 13304 9315 23077 427059 186668 80856 22824 22677 511 3431 2255
is_linear=0
shrinkage=0.01


Tree=44
num_leaves=31
num_cat=0
split_feature=2 0 0 1 6 13 14 14 0 13 13 15 3 1 1 1 5 2 0 2 1 2 0 0 12 0 7 1 1 1
split_gain=36885.4 11611.6 1321.59 823.674 684.014 601.922 506.447 428.332 416.88 381.826 1015.85 375.003 364.227 331.495 749.773 317.027 263.313 309.662 236.71 222.346 200.879 156.751 295.11 5325.31 137.886 127.085 95.7081 66.6817 78.5764 92.977
threshold=3511.5000000000005 4200993.0000000009 4201072.0000000009 2334414751297.5005 2579.5000000000005 1.8224467243415561 1.80966411804849 6.7348587750187763 4202198.5000000009 1.7754236602093663 1.6694167651246727 3.123849335349389 107.50000000000001 2241719161008.5005 2424655943147.0005 1900371961397.0002 169.50000000000003 166.50000000000003 4206368.0000000009 134.50000000000003 2417604865630.5005 4855.5000000000009 4200985.0000000009 4200993.0000000009 1.1159798465572681 4205705.5000000009 2729.5000000000005 92909938457.500015 3155490927897.0005 3095686187053.5005
decision_type=2 2 2 2 2 2 2 2 2 2 2 2 2 2 2 2 2 2 2 2 2 2 2 2 2 2 2 2 2 2
left_child=1 24 21 5 7 6 -3 19 27 10 -6 -11 -9 26 20 -8 17 -7 -18 -5 -15 -2 -23 -24 -1 -16 -10 -4 29 -29
right_child=2 3 8 4 9 16 15 12 13 11 -12 -13 -14 14 25 -17 18 -19 -20 -21 -22 22 23 -25 -26 -27 -28 28 -30 -31
leaf_value=0.010585791115620061 0.010396563374714342 0.0083969268195061026 0.0098780620945828207 -0.0069318512208965113 0.0021337735741498347 -0.027263734748041429 -0.022806327331379599 -0.021409851895344341 -0.018322119107632803 0.0041670580322897008 -0.032220693591284925 -0.0069122532937546891 0.0072142422261468799 0.0019532842729490909 0.00035995560082342304 -0.0035925396184351165 0.0042334288884242942 -0.0016335272224062549 -0.037362743611945942 -0.022659270829740018 -0.026792629025049863 0.01024796267329579 -0.031557876509271145 0.01041656482850617 -0.025256065186485679 0.010417436178277518 0.0071888555291787191 -0.01037217614202361 -0.0019575367910702186 -0.075773803481309424
leaf_weight=10.754931338131426 8898.6399864256382 109.14616706594825 22.330194599926472 108.83293734490871 184.01879884675145 51.035214327275753 244.72165101021528 68.836066380143166 14.893697541207073 544.29403957352042 161.70869410037994 696.33158141002059 125.50180825963616 30.175916068255901 398.49956584721804 132.30224600434303 1595.0618200711906 617.52089850604534 13.799116030335425 516.46219802647829 125.054030418396 4054.344133194536 335.60208892822266 3042.005657017231 5367.4618058651686 183.4836557097733 1166.9292369075119 288.9906042739749 150.12231242284179 2.1901685670018187
leaf_count=206 240033 1814 335 925 2301 543 1498 457 142 8459 1049 8482 2090 654 7556 1336 30240 9984 84 3140 660 105812 1619 79237 22819 4774 27656 3977 2459 27
internal_value=0 -0.0148978 0.00848612 -0.00419598 -0.00847398 -0.000471543 -0.0105725 -0.0158918 0.00152878 -0.00464135 -0.013935 -0.00205148 -0.00292465 0.00358476 -0.00167755 -0.016064 0.00168474 -0.00359005 0.00387666 -0.0199219 -0.0212046 0.00950121 0.00842916 0.00624595 -0.0251844 0.00353081 0.00686736 -0.00698119 -0.00783427 -0.0108641
internal_weight=0 10547.8 18713.3 5169.57 2405.99 2763.59 486.17 819.633 2382.67 1586.35 345.727 1240.63 194.338 1919.04 737.213 377.024 2277.42 668.556 1608.86 625.295 155.23 16330.6 7431.95 3377.61 5378.22 581.983 1181.82 463.633 441.303 291.181
internal_count=570368 95427 474941 72402 26903 45499 4648 6612 48240 20291 3350 16941 2547 41442 13644 2834 40851 10527 30324 4065 1314 426701 186668 80856 23025 12330 27798 6798 6463 4004
is_linear=0
shrinkage=0.01


Tree=45
num_leaves=31
num_cat=0
split_feature=2 0 0 1 4 13 14 12 0 0 1 0 1 1 0 1 5 7 8 0 2 0 0 12 1 4 3 12 1 1
split_gain=36174 11283.4 1318.68 800.939 667.92 587.165 491.239 466.956 408.499 704.794 641.287 599.027 397.772 460.578 384.957 303.901 258.554 301.344 228.393 228.146 156.688 294.203 5198.83 133.599 111.11 66.6762 69.1293 213.961 65.0885 56.9574
threshold=3511.5000000000005 4200993.0000000009 4201072.0000000009 2334414751297.5005 4824.0000000000009 1.8224467243415561 1.80966411804849 1.8913489950052682 4205705.5000000009 4204808.5000000009 2173776771241.5002 4202198.5000000009 2424655934955.0005 2424655951016.5005 4204355.0000000009 1900371961397.0002 169.50000000000003 1869.5000000000002 2311.0000000000005 4206368.0000000009 4855.5000000000009 4200985.0000000009 4200993.0000000009 1.1159798465572681 4205234304898.5005 47.500000000000007 155.50000000000003 1.3826895352780137 92909938457.500015 932620487749.50012
decision_type=2 2 2 2 2 2 2 2 2 2 2 2 2 2 2 2 2 2 2 2 2 2 2 2 2 2 2 2 2 2
left_child=1 23 20 5 12 6 -3 14 9 11 29 28 18 -14 -6 -8 17 -7 -5 -18 -2 -22 -23 -1 -12 -25 27 -27 -4 -11
right_child=2 3 8 4 7 16 15 -9 -10 10 24 -13 13 -15 -16 -17 19 -19 -20 -21 21 22 -24 25 -26 26 -28 -29 -30 -31
leaf_value=0.010579623432051287 0.010392372211919977 0.008374348036279719 0.0098628424085432237 0.010575553645623187 0.0077452227070640579 0.0077018352969144355 -0.022301690372725017 0.0097810359489639877 0.010438492240798491 0.0087791685895588119 -0.022590755934153297 0.0066668307705273809 0.0037857084102613232 -0.01201158413392678 -0.01233634463763277 -0.0035468586922540388 0.0042068986961638129 -0.0075402043663407026 -0.023532162645447587 -0.036196818163466954 0.010242134831640251 -0.030841805242995821 0.01041224874093168 -0.0051984453587613248 -0.044828834053132857 -0.027151069937861379 -0.025070194949753995 0.0073125911889482852 -0.007704521585456368 -0.0032500878970584701
leaf_weight=10.654094278812407 8813.632672123611 108.35003016516566 22.141950465738773 20.905959837138653 133.7772228717804 175.80972187593579 247.74110937863588 278.20788731426001 422.11881128698587 52.771472450345755 162.55611038953066 1092.8674631267786 221.46486246213317 1107.5358566790819 333.26856289431453 132.66430729627609 1589.0996385402977 494.68824083730578 322.32778968662024 14.099608317017553 4016.2753897793591 339.93776135146618 3012.9793852232397 17.181119866669178 26.071171902120113 54.650496035814285 5298.1232927516103 26.871634338051081 444.22357449308038 154.89832539111376
leaf_count=206 240033 1814 335 407 1803 3119 1498 4946 10559 1197 1236 24774 2992 11061 3648 1336 30240 7408 2046 84 105812 1619 79237 147 385 235 22161 276 6463 3291
internal_value=0 -0.014693 0.00847092 -0.00414527 -0.00834869 -0.000466759 -0.0104106 -0.000475033 0.00151702 -0.000408756 -0.0123169 0.00261784 -0.0118577 -0.00937912 -0.00658433 -0.015761 0.00167077 -0.00354362 -0.0214547 0.00385156 0.00949262 0.0084165 0.00622968 -0.0247969 -0.0256644 -0.0248668 -0.0249296 -0.015791 -0.00687046 -0.000193305
internal_weight=0 10587.4 18560.5 5179.94 2417.49 2762.45 488.755 745.254 2377.65 1955.53 396.297 1559.23 1672.23 1329 467.046 380.405 2273.7 670.498 343.234 1603.2 16182.8 7369.19 3352.92 5407.48 188.627 5396.83 5379.65 81.5221 466.366 207.67
internal_count=570368 95427 474941 72402 26903 45499 4648 10397 48240 37681 6109 31572 16506 14053 5451 2834 40851 10527 2453 30324 426701 186668 80856 23025 1621 22819 22672 511 6798 4488
is_linear=0
shrinkage=0.01


Tree=46
num_leaves=31
num_cat=0
split_feature=2 0 0 1 6 12 0 0 1 0 14 3 3 14 15 15 6 3 14 2 2 2 0 0 12 14 1 4 3 12
split_gain=35481.2 10976.4 1315.89 778.391 647.583 418.958 404.602 686.343 613.388 588.475 400.254 391.289 349.146 339.273 329.382 1043.98 306.995 517.565 302.675 243.21 206.238 156.605 293.262 5078.22 129.546 110.864 98.9845 64.8606 66.8144 207.621
threshold=3511.5000000000005 4200993.0000000009 4201072.0000000009 2334414751297.5005 2579.5000000000005 1.8259902897476288 4205705.5000000009 4204808.5000000009 2173776771241.5002 4202198.5000000009 6.7348587750187763 1881.5000000000002 107.50000000000001 1.80966411804849 3.8950054854148513 3.6922419901710248 327.00000000000006 3103.5000000000005 5.1963084408949678 3092.5000000000005 134.50000000000003 4855.5000000000009 4200985.0000000009 4200993.0000000009 1.1159798465572681 1.9623143175368347 4205234304898.5005 47.500000000000007 155.50000000000003 1.3826895352780137
decision_type=2 2 2 2 2 2 2 2 2 2 2 2 2 2 2 2 2 2 2 2 2 2 2 2 2 2 2 2 2 2
left_child=1 24 21 5 10 11 7 9 -9 -4 20 19 -12 -13 15 -6 17 -7 -16 -3 -5 -2 -23 -24 -1 -18 -10 -26 29 -29
right_child=2 3 6 4 14 16 -8 8 26 -11 12 13 -14 -15 18 -17 25 -19 -20 -21 -22 22 23 -25 27 -27 -28 28 -30 -31
leaf_value=0.010573524327652312 0.010388224704903068 0.0090331339436018915 -0.0067619932107760954 -0.0067446367256476149 -0.0028154174766558421 -0.0020781537639839205 0.010433944255666093 -0.00019122663473965004 -0.022081594968537337 0.0066403801512821157 -0.020698899831250644 0.0083517364335956162 0.0071916231924910416 -0.010617256233390016 0.0055629180296471762 -0.027366961544371588 -0.060908854574125759 -0.065420617129385489 -0.028825328427761959 -0.043893311408994967 -0.021811108938333587 0.010236337046440717 -0.030163053639854453 0.010407978781289977 -0.0051291788692006722 0.0057026913194713012 -0.042711362793669674 -0.026692357807719298 -0.024694986585089854 0.0072773956181649739
leaf_weight=10.554138049483297 8729.4015170037746 205.53052565455437 469.09022016450763 109.77197770029306 979.33067918941379 509.4059365093708 418.0999094620347 207.69336286187172 164.63069692626595 1086.281558662653 70.087915576994419 107.56091294810176 124.81640734896064 764.14866961166263 380.87104561924934 210.40590817481279 2.5040140375494948 13.234711788594721 27.438982643187046 9.0652768872678262 527.18798026442528 3978.5536436028779 344.09012672305107 2984.2175329439342 17.238716915249825 1149.8658414520323 27.084754727780819 55.031822726130486 5324.6991327628493 26.73227871209383
leaf_count=206 240033 3965 6798 925 12881 8423 10559 4488 1236 24774 457 1814 2090 8440 5435 1795 31 177 180 108 3140 105812 1619 79237 147 22541 385 235 22161 276
internal_value=0 -0.0144935 0.00845567 -0.00409449 -0.00822237 -0.000462025 0.00150531 -0.0004044 -0.0120975 0.00259831 -0.0153776 -0.00529884 -0.00283785 -0.00827666 -0.00449773 -0.00715738 0.00267483 -0.00368216 0.00325198 0.00679734 -0.0192146 0.00948411 0.00840398 0.00621363 -0.0244274 0.00555795 -0.0249961 -0.0244955 -0.0245572 -0.0155862
internal_weight=0 10625.5 18409.1 5191.23 2429.91 2761.32 2372.88 1954.78 399.409 1555.37 831.864 1086.31 194.904 871.71 1598.05 1189.74 1675.01 522.641 408.31 214.596 636.96 16036.3 7306.86 3328.31 5434.26 1152.37 191.715 5423.7 5406.46 81.7641
internal_count=570368 95427 474941 72402 26903 45499 48240 37681 6109 31572 6612 14327 2547 10254 20291 14676 31172 8600 5615 4073 4065 426701 186668 80856 23025 22572 1621 22819 22672 511
is_linear=0
shrinkage=0.01


Tree=47
num_leaves=31
num_cat=0
split_feature=2 3 2 2 4 12 5 14 17 4 3 3 12 3 8 14 8 13 2 5 6 7 4 10 14 5 5 4 2 8
split_gain=34807.2 3277.61 1722.8 1734.14 861.113 875.986 838.362 579.786 653.171 544.949 521.026 751.725 513.241 484.644 354.323 218.844 167.649 155.869 147.109 122.745 108.702 81.2067 79.4102 64.7616 51.3004 73.8674 58.4513 46.164 186.043 29.3069
threshold=3511.5000000000005 264.50000000000006 84.500000000000014 662.50000000000011 4172.5000000000009 1.2458435429170043 778.50000000000011 6.5258133243940231 3.9564883558720996 2599.5000000000005 1205.5000000000002 3103.5000000000005 1.0174949934843371 46.500000000000007 3134.5000000000005 1.8343053871512336 40.500000000000007 1.3461532835074757 2977.5000000000005 499.50000000000006 165.50000000000003 2729.5000000000005 20.500000000000004 553.50000000000011 4.2450123703691158 454.50000000000006 160.50000000000003 874.50000000000011 4175.5000000000009 2441.5000000000005
decision_type=2 2 2 2 2 2 2 2 2 2 2 2 2 2 2 2 2 2 2 2 2 2 2 2 2 2 2 2 2 2
left_child=1 6 22 10 5 -5 13 8 9 -8 14 -12 -2 19 -4 -6 -15 -14 -10 -1 -18 23 -3 -19 26 -26 -24 -23 -29 -9
right_child=12 2 3 4 15 -7 7 29 18 -11 11 -13 17 16 -16 -17 20 21 -20 -21 -22 27 24 -25 25 -27 -28 28 -30 -31
leaf_value=-0.035666220809369042 0.0067033345665292133 0.01162725884755407 0.0086115857639460554 -0.020741326604841487 -0.017628709232587567 0.0024457742897989595 -0.028937319016147069 -0.029601188121536934 0.0022961420207246921 -0.0057315492031171002 0.0071305220190523537 -0.0083775203237595117 0.010386284716470665 -0.027719457544297412 -0.014982463715716097 -0.023387552342824438 0.0011730180961031745 0.010657224347570344 -0.027499432412187712 0.010601428046667175 0.0086414767369451945 0.010488663932751342 0.010779679714403863 -0.032907947744780126 -0.023490092812092089 0.010624066504206697 -0.02358345658522672 0.0065627728787322195 -0.013107959106217964 -0.016311860018902228
leaf_weight=36.90602558106184 8805.809766933322 6.488968461751937 68.766585476696491 301.02067570015788 1140.7193639874458 355.17311539873481 173.51540670916438 121.47881283611059 512.90419565886259 242.79920832067728 449.61342416703701 1025.4674881249666 8875.1834453232586 14.827763408422468 855.3475853651762 1565.4668868593872 290.30571041628718 5.2121294140815726 17.123707860708237 6.7885875329375258 592.90206246078014 145.6157274954021 4.9586976617574683 9.8811344206333143 15.446019545197489 10.774954404681919 2833.5013266950846 361.87640541791916 55.448093887418509 19.220025703310966
leaf_count=195 216531 63 1220 2313 7620 5198 1388 714 9107 3058 7841 12948 245482 72 7519 7758 4273 91 74 129 11597 3306 74 51 116 206 11832 8271 1209 112
internal_value=0 -0.0142995 -0.0169874 -0.0138338 -0.0184681 -0.00819102 -0.00286211 -0.00884539 -0.0060294 -0.0154035 -0.0073391 -0.00365058 0.00844044 0.0040444 -0.0132267 -0.0209601 0.0056268 0.0100586 0.00133353 -0.0284779 0.00618663 0.00502704 -0.0233157 -0.0178637 -0.0233948 -0.0094716 -0.0235234 0.00564077 0.00394921 -0.0277858
internal_weight=0 10661.5 8632.75 5761.58 3362.38 656.194 2028.77 1087.04 946.343 416.315 2399.2 1475.08 18259 941.73 924.114 2706.19 898.036 9453.22 530.028 43.6946 883.208 578.033 2871.17 15.0933 2864.68 26.221 2838.46 562.94 417.324 140.699
internal_count=570368 95427 64708 52417 22889 7511 30719 14453 13627 4446 29528 20789 474941 16266 8739 15378 15942 258410 9181 324 15870 12928 12291 142 12228 322 11906 12786 9480 826
is_linear=0
shrinkage=0.01


Tree=48
num_leaves=31
num_cat=0
split_feature=2 0 0 1 6 13 14 0 0 1 0 14 13 14 15 3 5 2 0 2 1 2 0 0 13 1 1 3 13 1
split_gain=34127.4 10502 1320.27 739.605 621.515 544.447 487.136 402.951 671.307 589.67 581.642 370.031 347.478 796.549 365.497 334.116 282.687 280.48 220.577 197.481 187.391 157.278 294.512 4983.11 125.558 89.3621 63.5413 57.4486 169.296 56.2654
threshold=3511.5000000000005 4200993.0000000009 4201072.0000000009 2334414751297.5005 2579.5000000000005 1.8107551040761356 1.80966411804849 4205705.5000000009 4204808.5000000009 2173776771241.5002 4202198.5000000009 6.7348587750187763 1.8107551040761356 1.8150298500602577 3.6922419901710248 107.50000000000001 169.50000000000003 170.50000000000003 4206368.0000000009 134.50000000000003 1900371961397.0002 4855.5000000000009 4200985.0000000009 4200993.0000000009 1.3201124284121852 4205234304898.5005 92909938457.500015 166.50000000000003 2.2989862069126414 932620487749.50012
decision_type=2 2 2 2 2 2 2 2 2 2 2 2 2 2 2 2 2 2 2 2 2 2 2 2 2 2 2 2 2 2
left_child=1 24 21 5 11 6 -3 8 10 29 26 19 13 -6 -14 -13 17 -7 -18 -5 -8 -2 -23 -24 -1 -11 -4 28 -26 -10
right_child=2 3 7 4 12 16 20 -9 9 25 -12 15 14 -15 -16 -17 18 -19 -20 -21 -22 22 23 -25 27 -27 -28 -29 -30 -31
leaf_value=0.010577584995223323 0.010380059555022135 0.0083767802201343174 0.009847733956273105 -0.0064271940398528127 0.0074398264173682893 -0.022904405928455909 -0.020687146303766144 0.010426365386545193 0.0087479358383257717 -0.021740916414994968 0.0065873762236353939 -0.020071372926898024 0.0040260058110157928 -0.022341884985855799 -0.0069688874926518386 0.0071410057545998945 0.0042152391152788056 -0.0016568339266300951 -0.035113209992577575 -0.021055017103947998 -0.0052210575589931672 0.010226804606696496 -0.029660307615189466 0.010401057141100881 -0.025919995154507693 -0.041076496988102278 -0.0075765997209392925 -0.023967653353720669 0.0037822678397726444 -0.0032740070310365104
leaf_weight=10.620703950524328 8563.2274456433952 108.43537350744009 21.956404447555542 111.45296090841293 135.09533531591296 69.166949424892664 247.21840628236532 411.40104790776968 52.043034426867962 166.04176821187139 1073.2666130699217 71.144028387963772 586.93529146909714 267.90037862956524 623.54846478253603 123.34458415955305 1604.3892927318811 610.44222287461162 14.388774633407591 536.83871147036552 114.68229433149099 3916.8733226619661 347.18862833082676 2937.4937449507415 55.657824397087097 27.921661280095577 447.15712486207485 5383.6206666976213 29.28732792288065 154.51615282520652
leaf_count=206 240033 1814 335 925 1762 749 1418 10559 1197 1236 24774 457 9099 2020 7410 2090 30550 9835 84 3140 1049 105812 1619 79237 235 385 6463 22293 291 3291
internal_value=0 -0.0140996 0.00842093 -0.00395638 -0.00795086 -0.000412698 -0.0102154 0.00143579 -0.000467929 -0.0120029 0.00252746 -0.0149109 -0.00431536 -0.0123582 -0.00163772 -0.0028133 0.0015933 -0.0038193 0.00386566 -0.0185402 -0.0157861 0.00946408 0.00837492 0.0061666 -0.0237722 -0.0245243 -0.00676107 -0.0238389 -0.0156793 -0.000245052
internal_weight=0 10704.2 18119.1 5224.98 2456.26 2768.72 470.336 2354.3 1942.9 400.523 1542.38 842.78 1613.48 402.996 1210.48 194.489 2298.39 679.609 1618.78 648.292 361.901 15764.8 7201.56 3284.68 5479.19 193.963 469.114 5468.57 84.9452 206.559
internal_count=570368 95427 474941 72402 26903 45499 4281 48240 37681 6109 31572 6612 20291 3782 16509 2547 41218 10584 30634 4065 2467 426701 186668 80856 23025 1621 6798 22819 526 4488
is_linear=0
shrinkage=0.01


Tree=49
num_leaves=31
num_cat=0
split_feature=2 0 0 1 4 3 0 0 0 1 1 1 15 1 14 2 1 1 3 2 0 0 15 2 1 4 1 3 14 0
split_gain=33491.7 10231.8 1317.36 719.697 609.573 408.071 399.066 653.882 571.37 564.775 397.522 1084.41 405.159 363.749 389.626 294.769 243.982 281.999 237.904 157.158 293.499 4871.89 132.036 109.813 80.0221 62.6234 62.0462 60.6178 136.921 60.4856
threshold=3511.5000000000005 4200993.0000000009 4201072.0000000009 2334414751297.5005 4824.0000000000009 4811.5000000000009 4205705.5000000009 4204808.5000000009 4202198.5000000009 2173776771241.5002 1581613327004.0002 1478970866856.5002 3.4144128872897697 2424655927106.5005 2.4189829462400438 1354.5000000000002 1836311521521.5002 1878247533774.0002 144.50000000000003 4855.5000000000009 4200985.0000000009 4200993.0000000009 1.9567528927479276 772.50000000000011 4205234304898.5005 47.500000000000007 92909938457.500015 155.50000000000003 3.4392933550634934 4200985.0000000009
decision_type=2 2 2 2 2 2 2 2 2 2 2 2 2 2 2 2 2 2 2 2 2 2 2 2 2 2 2 2 2 2
left_child=1 25 19 10 13 -6 7 8 26 -9 11 18 -13 23 -15 -7 22 -18 -3 -2 -21 -22 -12 -5 -11 -1 -4 28 29 -27
right_child=2 3 6 4 5 15 -8 9 -10 24 16 12 -14 14 -16 -17 17 -19 -20 20 21 -23 -24 -25 -26 27 -28 -29 -30 -31
leaf_value=-0.0046312133145519499 0.010376042283418268 0.0073740782932657616 0.0098325572873753184 -0.028662851015117716 0.010584711523844803 -0.0095200249854628712 0.010421947894116903 -0.00024244155081023182 0.0065608411176818638 -0.021266409038951762 -0.0078787776989892276 -0.005454313783575305 -0.040610182424130552 -0.051426910979110015 -0.0090913732624024815 0.0082231463339983921 -0.015971125274764585 0.0014404585376545213 -0.0036470397133918624 0.010221083921948527 -0.029040966197019541 0.010396907066048813 0.0074991488593629608 -0.00019182684473348946 -0.039280336615229082 0.012529269542824493 -0.0074526218006855799 -0.023631497790676508 0.0065460030534396866 -0.025527736137351799
leaf_weight=17.64296018332243 8481.2881061732769 254.28739151358604 21.771320179104805 137.65180725976825 235.33158440887928 393.84426042437553 407.47930185496807 206.59099563211203 1066.8634728677571 168.03889917954803 59.912555772811174 47.769959785044193 104.47893145307899 22.050120666623116 1540.1383735015988 122.83258682116866 113.53508321195841 514.76117254048586 852.45706461369991 3880.0594987496734 351.02733546495438 2909.4203217402101 820.1613995693624 15.025950685143469 28.901344113051891 4.5112990140914908 450.03521454334259 5400.7961188331246 21.735233269631863 56.224956139922142
leaf_count=147 240033 5472 335 795 4262 4519 10559 4488 24774 1236 750 620 971 158 15381 1616 1531 7991 12267 105812 1619 79237 15897 172 385 28 6463 22367 246 237
internal_value=0 -0.0139179 0.0084057 -0.00390951 -0.00783694 -0.000330342 0.00142464 -0.00046302 0.00250843 -0.0117932 -0.000408543 -0.00455703 -0.0295796 -0.0111288 -0.00968893 -0.00530184 0.00305408 -0.00170587 -0.00111481 0.00945573 0.0083626 0.00615093 0.00645227 -0.0258608 -0.02391 -0.023441 -0.006655 -0.0235016 -0.014993 -0.022701
internal_weight=0 10735.1 17971.5 5234.24 2466.87 752.008 2349.68 1942.2 1538.67 403.531 2767.36 1258.99 152.249 1714.87 1562.19 516.677 1508.37 628.296 1106.74 15621.8 7140.51 3260.45 880.074 152.678 196.94 5500.91 471.807 5483.27 82.4715 60.7363
internal_count=570368 95427 474941 72402 26903 10397 48240 37681 31572 6109 45499 19330 1591 16506 15539 6135 26169 9522 17739 426701 186668 80856 16647 967 1621 23025 6798 22878 511 265
is_linear=0
shrinkage=0.01


Tree=50
num_leaves=31
num_cat=0
split_feature=12 0 0 1 8 13 3 1 14 1 1 0 0 0 12 0 0 16 1 15 1 1 3 12 14 0 1 1 1 15
split_gain=32260.3 10566.6 1354.49 663.365 613.363 761.804 636.496 565.683 423.4 414.168 779.172 324.008 175.39 417.603 157.313 292.456 4765.41 93.6142 236.841 68.4377 65.1343 187.302 54.1906 172.886 52.748 62.7835 52.3351 51.6066 101.802 50.6482
threshold=1.1159798465572681 4201048.0000000009 4201072.0000000009 4202993306407.5005 1837.0000000000002 4.6912353757914458 2188.5000000000005 1632570077489.5002 3.2946001893412262 2417604865630.5005 2621383306356.5005 4202198.5000000009 4205705.5000000009 4204808.5000000009 1.0174949934843371 4200985.0000000009 4200993.0000000009 8.4356129444710657 4321636781420.5005 4.2854732606655803 1900371961397.0002 1779273504520.5002 155.50000000000003 1.3826895352780137 1.896216349394136 4204916.0000000009 1936595230848.0002 2424655934955.0005 2432589630104.5005 5.2206801228272122
decision_type=2 2 2 2 2 2 2 2 2 2 2 2 2 2 2 2 2 2 2 2 2 2 2 2 2 2 2 2 2 2
left_child=2 22 14 4 -3 6 -6 -7 24 11 27 20 13 -12 15 -1 -17 19 -19 -10 21 -4 23 -2 25 -5 -22 -11 -29 -24
right_child=1 3 9 8 5 7 -8 -9 17 10 12 -13 -14 -15 -16 16 -18 18 -20 -21 26 -23 29 -25 -26 -27 -28 28 -30 -31
leaf_value=0.010215390415748725 -0.025122894766780025 0.0083789158008327255 -0.0057579042164477593 -0.05537808941584052 0.002114980704326632 -0.051698906535944708 -0.0059575780261311162 -0.012742863409372758 -0.027405625643570432 -0.028405289672731478 0.00071873748459831373 0.0069457703126890816 0.010388528565627882 -0.03038065522013814 0.010372813682569877 -0.028451685839304894 0.010392801732246248 0.010775427566365965 -0.02887375336794774 -0.016877298393851221 0.010530401369373736 -0.040404482960462319 -0.023347099774774761 0.0057600295196844455 0.0063979361430993118 -0.0041385287194517749 -0.0056166295168820135 -0.011913653806572793 -0.035044762420069243 0.0071780441889773309
leaf_weight=3843.5824303217232 56.277499124407768 487.7452647946775 145.86814243346453 2.8108560293912914 1844.0854171663523 42.053318418562412 2076.6121563017368 328.08918612077832 73.537192560732365 83.922965675592422 480.5796273611486 1057.257379129529 143.60559596866369 47.439977839589119 8420.8832184188068 354.69589738547802 2881.6030911318958 36.706892348825932 25.553797453641891 384.90948782116175 35.820301532745361 17.472515143454075 5422.2311183139682 26.739672519266605 104.2928665690124 16.020984455943108 45.658759593963623 74.993562988936901 25.495090939104557 5.4410686120390883
leaf_count=105812 235 9848 2060 19 31917 420 26010 2883 483 416 8703 26026 3989 612 240391 1619 79237 557 116 2487 517 195 22233 280 1477 155 659 658 278 76
internal_value=0 -0.0134419 0.0084157 -0.00353128 -0.00224742 -0.00345533 -0.00216068 -0.0171688 -0.0130602 0.00099327 -0.00440959 0.00454532 0.00058962 -0.00207539 0.00944909 0.00835041 0.00613548 -0.0170035 -0.00549788 -0.0185661 -0.00582105 -0.00946404 -0.0231939 -0.0151756 0.00361663 -0.0117866 0.00148202 -0.0226166 -0.0177823 -0.0233165
internal_weight=0 10933.1 17658.9 5422.42 4778.59 4290.84 3920.7 370.143 643.832 2158.11 856.037 1302.08 671.625 528.02 15500.8 7079.88 3236.3 520.707 62.2607 458.447 244.82 163.341 5510.69 83.0172 123.125 18.8318 81.4791 184.412 100.489 5427.67
internal_count=570368 99196 471172 76372 71078 61230 57927 3303 5294 44113 14656 29457 13304 9315 427059 186668 80856 3643 673 2970 3431 2255 22824 515 1651 174 1176 1352 936 22309
is_linear=0
shrinkage=0.01


Tree=51
num_leaves=31
num_cat=0
split_feature=2 0 0 1 4 13 14 13 0 0 0 0 1 1 14 5 7 0 1 2 0 0 13 2 1 4 1 3 13 3
split_gain=32261 9737.81 1311.17 688.662 583.156 521.15 470.189 402.563 412.366 392.668 626.816 554.347 515.308 352.879 363.715 273.464 304.536 205.28 176.76 156.862 291.384 4663.36 118.949 104.296 66.7235 61.0312 60.9856 58.0496 182.674 56.306
threshold=3511.5000000000005 4200993.0000000009 4201072.0000000009 2334414751297.5005 4824.0000000000009 1.8107551040761356 1.80966411804849 1.94222114303065 4204355.0000000009 4205705.5000000009 4204808.5000000009 4202198.5000000009 2173776771241.5002 2424655927106.5005 2.4189829462400438 169.50000000000003 1952.5000000000002 4206368.0000000009 1900371961397.0002 4855.5000000000009 4200985.0000000009 4200993.0000000009 1.3201124284121852 772.50000000000011 4205234304898.5005 47.500000000000007 4374073345192.5005 155.50000000000003 2.2989862069126414 170.50000000000003
decision_type=2 2 2 2 2 2 2 2 2 2 2 2 2 2 2 2 2 2 2 2 2 2 2 2 2 2 2 2 2 2
left_child=1 22 19 5 13 6 -3 8 -6 10 11 26 -12 23 -15 16 -7 -17 -8 -2 -21 -22 -1 -5 -14 -24 -4 28 -27 -13
right_child=2 3 9 4 7 15 18 -9 -10 -11 12 29 24 14 -16 17 -18 -19 -20 20 21 -23 25 -25 -26 27 -28 -29 -30 -31
leaf_value=0.010579135586652423 0.010368132233971409 0.0083767999023394695 -0.0062424158720274722 -0.027943071187512835 0.0090531072179406823 0.0073284799609512809 -0.020032375056833081 0.0089524133732371124 -0.011948147645400965 0.010414573915175408 -0.00031290586691116388 0.0012619170532867721 -0.020371792464171309 -0.048992770943644716 -0.0088334626373739785 0.0041827116140531828 -0.0077438948510449865 -0.033012032111801363 -0.0050866747792320298 0.010209723358148171 -0.027890317019731325 0.010388740108012216 -0.0044001756693439467 -0.00020274663503805018 -0.036393750146487262 -0.02474828971158053 -0.059971892864353747 -0.023065606509847857 0.0071712155839881806 0.0075300355465323654
leaf_weight=10.646095894277094 8319.6520622894168 108.43573852628469 474.07873240858316 139.5308046862483 129.8457365334034 183.04058526456356 251.27264139056206 289.93038177862763 333.97806634381413 400.82655027881265 205.34237181767821 171.00855324044824 171.86032412201166 22.883816629648209 1556.1576972864568 1596.3023275025189 500.87785889580846 14.977519273757933 115.50860337167978 3807.4397117756307 358.19881074130535 2854.0405024066567 17.815449357032776 15.011429041624067 30.624104149639606 56.556625917553902 2.1219804286956778 5427.9474977105856 26.251403998583555 884.83382453769445
leaf_count=206 240033 1814 6764 795 1724 3260 1418 5177 3496 10559 4488 3820 1236 158 15381 30550 7324 84 1049 105812 1619 79237 147 172 385 235 34 22161 276 20954
internal_value=0 -0.0135624 0.00837546 -0.00381463 -0.00763415 -0.000385394 -0.00991715 -0.00029099 -0.00606892 0.00140408 -0.000457716 0.00247511 -0.0114752 -0.0108269 -0.00941546 0.00158814 -0.00371 0.00383697 -0.0153256 0.00943925 0.00833835 0.00612022 -0.0228148 -0.0252485 -0.022795 -0.0228791 -0.00648184 -0.0229388 -0.0146293 0.00651483
internal_weight=0 10797 17680 5257.75 2487.34 2770.42 475.217 753.754 463.824 2340.7 1939.87 1532.04 407.827 1733.58 1579.04 2295.2 683.918 1611.28 366.781 15339.3 7019.68 3212.24 5539.22 154.542 202.484 5528.57 476.201 5510.76 82.808 1055.84
internal_count=570368 95427 474941 72402 26903 45499 4281 10397 5220 48240 37681 31572 6109 16506 15539 41218 10584 30634 2467 426701 186668 80856 23025 967 1621 22819 6798 22672 511 24774
is_linear=0
shrinkage=0.01


Tree=52
num_leaves=31
num_cat=0
split_feature=2 0 0 8 15 4 0 12 8 0 0 0 6 3 10 2 0 0 12 5 4 3 12 3 7 2 15 13 4 4
split_gain=31671.5 9506.34 1308.26 592.707 1045.38 1013.67 876.771 970.743 460.689 388.883 610.846 544.637 322.455 196.723 185.23 156.685 290.282 4565.43 115.71 87.665 59.6125 56.3681 163.673 55.9648 36.8421 28.0931 24.5896 9.75925 9.57386 7.63851
threshold=3511.5000000000005 4200993.0000000009 4201072.0000000009 1875.0000000000002 5.3217667867264238 1341.5000000000002 4204581.0000000009 3.1651774695465433 40.500000000000007 4205705.5000000009 4204808.5000000009 4202198.5000000009 213.50000000000003 811.50000000000011 553.50000000000011 4855.5000000000009 4200985.0000000009 4200993.0000000009 1.1159798465572681 50.500000000000007 47.500000000000007 166.50000000000003 1.3826895352780137 170.50000000000003 2717.5000000000005 50.500000000000007 1.9879314951391314 2.6662065669018999 1410.0000000000002 3085.5000000000005
decision_type=2 2 2 2 2 2 2 2 2 2 2 2 2 2 2 2 2 2 2 2 2 2 2 2 2 2 2 2 2 2
left_child=1 18 15 8 6 13 7 -5 -3 10 11 -4 -8 -6 -12 -2 -17 -18 -1 -10 25 22 -22 -13 -16 -20 -23 -27 -7 -21
right_child=2 3 9 4 5 28 12 -9 19 -11 14 23 -14 -15 24 16 17 -19 20 29 21 26 -24 -25 -26 27 -28 -29 -30 -31
leaf_value=0.010573041823085863 0.010364237816257504 -0.026992181031005064 -0.0063816980410338221 -0.0093701958722008372 -0.016160491821406643 -0.0036483436002769242 -0.016799968069339605 0.009666748024491063 -0.02049779941718664 0.01041028415537837 0.010519853706085745 0.0012507320869630449 0.0042894172462665499 -0.029527341464537584 -0.036934608680647046 0.010204083027149716 -0.027354909966518445 0.010384723720174301 0.0069816200234237282 0.0096941694919073767 -0.024388347147532307 -0.023988681785473961 0.0049716481006967326 0.007506302219498673 -0.012933098194267009 -0.02699806331006073 -0.022397457374181168 -0.0043616284987306611 0.0089249081336317659 -0.0064998411341079957
leaf_weight=10.546209715306757 8239.9490985274315 38.425814285874367 478.81889241933823 1822.3169989697635 735.7589996419847 6.2867911979556075 76.19319948554039 314.01871457695961 9.8827512860298139 397.0009775981307 35.596137057989836 170.81343465670943 1495.9154430367053 129.47809262946248 6.5083290040493003 3771.6282545551658 361.54048748314381 2826.7298254184425 9.8388807997107524 471.5786819010973 56.816091775894165 1265.3854467123747 28.517842352390289 878.78551600128412 368.57430920004845 4.9165546894073469 4176.6109282523394 3.1089301854372025 165.02868290990591 2.9308313280344001
leaf_count=206 240033 175 6798 21268 5656 109 1009 6480 86 10559 765 3820 24038 919 33 105812 1619 79237 91 9572 235 5210 287 20954 5311 25 16940 31 3031 59
internal_value=0 -0.0133934 0.00836033 -0.00376894 -0.00488237 -0.0137605 -0.00240084 -0.00657197 0.00633632 0.00139316 -0.000452958 0.00245639 0.00326731 -0.0181608 -0.0112807 0.00943113 0.0083264 0.00610516 -0.0225191 0.0089802 -0.0225821 -0.022641 -0.0145765 0.00648826 -0.0133496 -0.00434419 -0.0227675 -0.0182291 0.00846351 0.00959415
internal_weight=0 10823.6 17535.9 5267.82 4745 1036.55 3708.44 2136.34 522.818 2336.1 1939.1 1528.42 1572.11 865.237 410.679 15199.8 6959.9 3188.27 5555.74 484.392 5545.19 5527.33 85.3339 1049.6 375.083 17.8644 5442 8.02548 171.315 474.51
internal_count=570368 95427 474941 72402 62510 9715 52795 27748 9892 48240 37681 31572 25047 6575 6109 426701 186668 80856 23025 9717 22819 22672 522 24774 5344 147 22150 56 3140 9631
is_linear=0
shrinkage=0.01


Tree=53
num_leaves=31
num_cat=0
split_feature=2 0 0 1 4 13 14 12 0 0 0 1 0 1 1 5 12 0 12 1 2 0 0 12 1 1 4 3 1 3
split_gain=31095.7 9285.71 1305.63 653.723 549.801 505.575 451.84 429.094 385.145 594.906 535.13 489.795 355.406 339.013 414.841 265.498 251.823 195.538 195.366 169.743 156.49 289.154 4471.35 112.61 59.9022 59.782 58.1526 55.6232 55.5702 54.9249
threshold=3511.5000000000005 4200993.0000000009 4201072.0000000009 2334414751297.5005 4824.0000000000009 1.8107551040761356 1.80966411804849 1.8913489950052682 4205705.5000000009 4204808.5000000009 4202198.5000000009 2173776771241.5002 4204355.0000000009 2424655934955.0005 2424655951016.5005 169.50000000000003 3.5172192486056071 4206368.0000000009 4.5914784098466539 1900371961397.0002 4855.5000000000009 4200985.0000000009 4200993.0000000009 1.1159798465572681 4305764224321.0005 92909938457.500015 47.500000000000007 170.50000000000003 932620487749.50012 155.50000000000003
decision_type=2 2 2 2 2 2 2 2 2 2 2 2 2 2 2 2 2 2 2 2 2 2 2 2 2 2 2 2 2 2
left_child=1 23 20 5 13 6 -3 12 9 10 25 28 -6 18 -15 16 -7 -17 -5 -8 -2 -22 -23 -1 -13 -4 -25 -12 -11 -28
right_child=2 3 8 4 7 15 19 -9 -10 11 27 24 -14 14 -16 17 -18 -19 -20 -21 21 22 -24 26 -26 -27 29 -29 -30 -31
leaf_value=0.010567015747679624 0.010360385104124615 0.0083443277153804896 0.0098457341030103711 -0.022050107869222232 0.0077916694767531875 -0.0013027208369329993 -0.019531449515415938 0.0097494305358379486 0.010406039839837664 0.0087432364774626091 0.0012396338229002648 -0.02065326315391209 -0.011326178308251857 0.0040684650416009096 -0.010665178081347114 0.0041495642441562062 -0.019417353448465215 -0.031695553627982806 -0.00094671984204688323 -0.0049514645274709446 0.010198468615696239 -0.026843692599461424 0.010380748652154643 -0.0042942805457055243 -0.044010485516347571 -0.0070536984755308185 -0.01428356063951311 0.0074825174071582873 -0.0032073152611971768 -0.022476031510037582
leaf_weight=10.447197787463663 8160.9784785099328 107.30303118377924 21.931929215788841 312.53823895379901 135.23370642215014 599.57558214664459 254.47877091169357 272.45965132862329 393.2102509252727 51.934790376573801 170.62023180350661 195.15268593281507 346.1183410435915 228.69867267087102 1162.4096828959882 1588.4910273700953 88.006971977651119 15.365650385618208 51.030350238084793 116.36321842670441 3736.1454138755798 364.72519698739052 2799.6696604862809 17.888908416032791 11.634552150964735 459.47161880880594 83.080390568822622 872.79322787746787 155.15587674453855 5459.3430457860231
leaf_count=206 240033 1814 335 1873 1803 9561 1418 4946 10559 1197 3820 1480 3648 2992 11061 30550 1023 84 580 1049 105812 1619 79237 147 141 6463 511 20954 3291 22161
internal_value=0 -0.0132282 0.00834503 -0.00372359 -0.00742154 -0.000374264 -0.00972746 -0.000278817 0.00138204 -0.000448229 0.00243777 -0.0110809 -0.0059551 -0.0104901 -0.00824296 0.00157743 -0.0036213 0.00380615 -0.019088 -0.0149565 0.00942308 0.00831457 0.00609029 -0.0222335 -0.0219674 -0.00628379 -0.0222951 0.00646167 -0.000210322 -0.0223532
internal_weight=0 10848.8 17393.4 5278.07 2508.49 2769.58 478.145 753.812 2331.91 1938.69 1524.82 413.878 481.352 1754.68 1391.11 2291.44 687.583 1603.86 363.569 370.842 15061.5 6900.54 3164.39 5570.76 206.787 481.404 5560.31 1043.41 207.091 5542.42
internal_count=570368 95427 474941 72402 26903 45499 4281 10397 48240 37681 31572 6109 5451 16506 14053 41218 10584 30634 2453 2467 426701 186668 80856 23025 1621 6798 22819 24774 4488 22672
is_linear=0
shrinkage=0.01


Tree=54
num_leaves=31
num_cat=0
split_feature=2 3 2 2 5 4 12 12 15 17 4 3 3 3 19 1 5 1 14 1 13 5 12 7 4 10 4 2 1 1
split_gain=30535.8 2742.55 1464.65 1462.81 777.433 757.54 762.286 513.997 496.792 586.151 488.048 448.661 690.758 441.846 308.814 249.08 282.269 199.771 199.221 187.452 160.46 105.209 81.6947 76.8945 72.2999 60.3749 47.6748 185.472 47.2542 116.11
threshold=3511.5000000000005 264.50000000000006 84.500000000000014 662.50000000000011 778.50000000000011 4172.5000000000009 1.2458435429170043 1.0174949934843371 7.1885776073286189 3.9564883558720996 2599.5000000000005 1205.5000000000002 3103.5000000000005 46.500000000000007 6.957876504778258 4202993306407.5005 260.50000000000006 2991567571528.5005 1.8343053871512336 1632570084616.0002 1.3461532835074757 499.50000000000006 1.3826895352780137 2729.5000000000005 20.500000000000004 553.50000000000011 874.50000000000011 4175.5000000000009 4187424672483.5005 4205234324575.5005
decision_type=2 2 2 2 2 2 2 2 2 2 2 2 2 2 2 2 2 2 2 2 2 2 2 2 2 2 2 2 2 2
left_child=1 4 24 11 13 6 -5 28 9 10 -6 14 -13 21 -4 22 -17 -11 -7 -10 -9 -1 -15 25 -3 -22 -25 -28 -2 -30
right_child=7 2 3 5 8 18 -8 20 19 17 -12 12 -14 15 -16 16 -18 -19 -20 -21 23 -23 -24 26 -26 -27 27 -29 29 -31
leaf_value=-0.032587110828872168 0.0067190793381925852 0.011698991498964315 -0.014858888107455464 -0.018620443737368545 -0.026834283507909361 -0.015977895514375551 0.0026181485511644043 0.010358893030317727 -0.052356672614058457 0.0041340518586934459 -0.0052057023267033991 0.0071225304385014931 -0.007722114059436444 -0.054278467329265591 -0.00048339189202819372 -0.018412939519910968 0.0098373017272226065 -0.012401985013173009 -0.021403560427965224 -0.020676533101911029 0.010645977382722185 0.010585026043510266 0.008130007150210488 0.010469385685469219 -0.021335224040328837 -0.031427176863520305 0.0063868413877064423 -0.013412343844023452 -0.0074117184763322309 0.0060301578255951317
leaf_weight=38.888834744691849 8015.6990112699568 6.6404079124331465 767.34673562273383 317.94335540011525 181.1212486512959 1169.3709852136672 360.72204366698861 8301.4239003136754 21.940032117068768 439.49250124767423 246.07095301523805 447.37889944761992 1047.1998338475823 2.1034442111849776 185.57392598316073 83.048354104161263 61.604996826499701 87.624567113816738 1606.4586278609931 125.59839791804552 5.135591782629489 6.6031976453959933 745.17037892341614 140.00620745122433 2923.8694433420897 10.155015304684637 348.04649341478944 54.75710367038846 82.225239258259535 294.14058528840542
leaf_count=195 207464 63 6536 2313 1388 7620 5198 245482 203 8494 3058 7841 12948 14 2203 516 819 692 7758 618 91 129 14593 3306 12228 51 8271 1209 1708 7359
internal_value=0 -0.013068 -0.0154814 -0.0126119 -0.00261523 -0.0168024 -0.00733178 0.00833 -0.00831032 -0.00567014 -0.0143758 -0.00669735 -0.0032786 0.00407881 -0.0120594 0.00562931 -0.00638172 0.00138521 -0.0191179 -0.0253876 0.0100099 -0.0263206 0.00795434 0.00481957 -0.0212604 -0.0172962 0.00544256 0.00369534 0.00655648 0.00309349
internal_weight=0 10871.8 8832.5 5901.99 2039.27 3454.5 678.665 17251.6 1101.85 954.309 427.192 2447.5 1494.58 937.419 952.921 891.927 144.653 527.117 2775.83 147.538 8859.52 45.492 747.274 558.1 2930.51 15.2906 542.81 402.804 8392.06 376.366
internal_count=570368 95427 64708 52417 30719 22889 7511 474941 14453 13632 4446 29528 20789 16266 8739 15942 1335 9186 15378 821 258410 324 14607 12928 12291 142 12786 9480 216531 9067
is_linear=0
shrinkage=0.01


Tree=55
num_leaves=31
num_cat=0
split_feature=12 0 0 1 13 13 6 13 1 1 14 12 0 15 0 0 12 0 0 14 1 1 16 1 1 1 1 4 0 1
split_gain=29431.2 9465.1 1348.7 594.207 464.618 1037.87 530.145 530.09 393.977 700.827 388.342 308.55 307.397 226.073 173.229 351.018 157.397 290.226 4397.07 137.545 104.864 103.057 83.5432 217.233 65.3342 62.8511 173.364 56.4066 51.0311 51.0116
threshold=1.1159798465572681 4201048.0000000009 4201072.0000000009 4202993306407.5005 1.8107551040761356 1.6694167651246727 2579.5000000000005 2.2688285431649127 2417604865630.5005 2521344728486.5005 3.2946001893412262 1.1805096743689598 4202198.5000000009 3.8950054854148513 4205705.5000000009 4204808.5000000009 1.0174949934843371 4200985.0000000009 4200993.0000000009 1.7795022112803112 2432589630104.5005 2424655934955.0005 8.4356129444710657 4321636781420.5005 4205234304898.5005 1900371961397.0002 1779273504520.5002 47.500000000000007 4202198.5000000009 1936595230848.0002
decision_type=2 2 2 2 2 2 2 2 2 2 2 2 2 2 2 2 2 2 2 2 2 2 2 2 2 2 2 2 2 2
left_child=2 27 16 4 5 19 7 -6 12 20 -5 -7 25 -8 15 -11 17 -1 -19 -3 21 -10 24 -24 -12 26 -4 -2 -22 -27
right_child=1 3 8 10 6 11 13 -9 9 14 22 -13 -14 -15 -16 -17 -18 18 -20 -21 28 -23 23 -25 -26 29 -28 -29 -30 -31
leaf_value=0.010189279749902283 -0.0041271125034265596 0.0094840173306091589 -0.0055184878590391331 0.0037323342063847933 -0.036301806069224909 0.010455211105979269 0.00032249756572612186 -0.0040805959277283215 -0.026800931230928571 0.00041855204271902508 -0.010680596412380804 -0.019408310153654285 0.0068313437377608777 0.0069611907403668537 0.01037021041369292 -0.027046598349971921 0.01035360433264134 -0.026470138086811104 0.010374341857988268 -0.0017555833318264242 -0.05220449351746792 -0.01093433621540524 0.01077115669386638 -0.02687834425565919 -0.019384726198671095 0.010532945603868932 -0.038201385509953334 -0.021848603702105791 -0.0045028590104433256 -0.0053444577371681576
leaf_weight=3678.42692591995 18.019099429249763 195.65488418191671 147.87685230374336 124.52262268215418 52.992982767522335 37.11398733779788 1629.5914774611592 1398.4707148186862 86.554002076387405 484.81750762090087 113.3172966837883 510.23806484043598 1027.488826032728 748.6057360433042 137.31780203059316 51.474097110331059 8025.7147746160626 367.04381287097931 2755.9476562812924 245.48946502432227 14.896193049848081 77.671853013336658 36.491620935499668 26.421322613954544 360.84518252313137 35.894316755235195 18.230824023485184 5566.5440382622182 2.6401735618710509 46.38445745408535
leaf_count=105812 147 2875 2060 1651 390 903 26128 19896 416 8807 865 3282 26026 13948 3989 612 240391 1619 79237 3656 127 658 557 116 2105 517 195 22677 47 659
internal_value=0 -0.0126295 0.00833594 -0.00329236 -0.00207212 -0.00818436 -0.000494458 -0.00525699 0.00089759 -0.00435345 -0.0121789 -0.0173834 0.00441799 0.00241222 0.000348476 -0.0022176 0.00940512 0.00828591 0.00604403 0.00322937 -0.0217788 -0.0192967 -0.0158679 -0.00504037 -0.0173046 -0.00556522 -0.00910554 -0.0217914 -0.0450228 0.0015821
internal_weight=0 11064.3 16958.4 5479.76 4818.16 988.496 3829.66 1451.46 2131.25 855.372 661.598 547.352 1275.88 2378.2 673.609 536.292 14827.1 6801.42 3122.99 441.144 181.762 164.226 537.075 62.9129 474.162 248.386 166.108 5584.56 17.5364 82.2788
internal_count=570368 99196 471172 76372 71078 10716 60362 20286 44113 14656 5294 4185 29457 40076 13408 9419 427059 186668 80856 6531 1248 1074 3643 673 2970 3431 2255 22824 174 1176
is_linear=0
shrinkage=0.01


Tree=56
num_leaves=31
num_cat=0
split_feature=2 0 0 1 6 13 15 0 0 0 1 9 13 13 15 6 1 1 1 4 1 2 0 0 12 1 1 3 4 1
split_gain=29439.3 8745.5 1305.39 615.084 527.381 465.672 390.297 380.642 570.809 522.429 450.531 317.114 298.417 843.443 310.34 271.513 241.914 232.59 1013.16 195.021 179.734 156.865 289.037 4309.21 106.896 58.6083 57.6276 55.1755 55.1751 54.913
threshold=3511.5000000000005 4200993.0000000009 4201072.0000000009 2334414751297.5005 2532.5000000000005 1.8224467243415561 1.8964817957666884 4205705.5000000009 4204808.5000000009 4202198.5000000009 2173776771241.5002 3135.0000000000005 1.7754236602093663 1.6694167651246727 3.123849335349389 160.50000000000003 1900371961397.0002 1564759720309.0002 1478970866856.5002 287.50000000000006 1836311521521.5002 4855.5000000000009 4200985.0000000009 4200993.0000000009 1.1159798465572681 92909938457.500015 2424655934955.0005 170.50000000000003 47.500000000000007 932620487749.50012
decision_type=2 2 2 2 2 2 2 2 2 2 2 2 2 2 2 2 2 2 2 2 2 2 2 2 2 2 2 2 2 2
left_child=1 24 21 5 11 6 -3 8 9 25 29 15 13 -6 -14 -5 -8 18 -7 -13 -19 -2 -23 -24 -1 -4 -12 -11 -26 -10
right_child=2 3 7 4 12 17 16 -9 10 27 26 19 14 -15 -16 -17 -18 20 -20 -21 -22 22 23 -25 28 -27 -28 -29 -30 -31
leaf_value=0.010564220128562896 0.010349066546010611 0.0082974261481964101 0.0098287079905976498 -0.026144384156052119 0.0027084268513421911 0.0018111297114037489 -0.018817198648199019 0.010396150680473696 0.0086972717560372583 0.0011762121750730945 -0.027334582227904473 -0.022578653586268614 0.0041869445672474458 -0.027349455364231258 -0.0057272907529028264 0.010644807463839398 -0.0026298910556676464 0.00723625700067444 -0.028912735128334949 -0.011980891670864227 -0.00065564540631110873 0.010183730038199555 -0.025997668098822719 0.010370477783814978 -0.0040754446962654803 -0.0069786108159807158 -0.01673130750900156 0.0074200071009093965 -0.021580229128941548 -0.0032823395836183208
leaf_weight=10.401190109550951 7928.380203589797 105.24229810386896 21.724598594009876 26.065322548151016 194.73906251788139 869.33746462315321 270.28891532868147 384.26702582836151 50.892862662672997 169.5158276297152 87.365187473595142 270.74090325087309 544.52549133449793 179.31781686097383 751.44088795036077 87.085057560354471 140.21801844984293 826.47612151503563 122.44904589280486 484.16098058223724 443.40264268219471 3643.8005783818662 369.96223163604736 2729.53698598966 18.06483369320631 461.21448431164026 124.01633512973785 857.28420597314835 5577.2751475051045 154.19904689490795
leaf_count=206 240033 1782 335 114 2301 15753 1522 10559 1197 3820 424 1378 8459 1049 8566 1592 1344 16287 1242 3444 7569 105812 1619 79237 147 6463 1197 20954 22672 3291
internal_value=0 -0.0127503 0.00829523 -0.0035606 -0.00711907 -0.000308767 -0.00888338 0.00130868 -0.000504213 0.00235493 -0.0108688 -0.0134417 -0.00383266 -0.0117009 -0.00156163 0.00217005 -0.0132881 0.00164659 -0.00198213 -0.0157817 0.00448065 0.00939547 0.00827428 0.00602951 -0.0214642 -0.00622255 -0.0211137 0.00638921 -0.0215237 -0.00030964
internal_weight=0 10921.2 16982.2 5315.49 2538.08 2777.41 515.749 2310.48 1926.21 1509.74 416.473 868.052 1670.02 374.057 1295.97 113.15 410.507 2261.67 991.787 754.902 1269.88 14671.7 6743.3 3099.5 5605.74 482.939 211.382 1026.8 5595.34 205.092
internal_count=570368 95427 474941 72402 26903 45499 4648 48240 37681 31572 6109 6528 20375 3350 17025 1706 2866 40851 16995 4822 23856 426701 186668 80856 23025 6798 1621 24774 22819 4488
is_linear=0
shrinkage=0.01


Tree=57
num_leaves=31
num_cat=0
split_feature=2 0 0 1 6 13 14 0 0 0 1 14 13 13 15 5 1 1 1 2 1 2 0 0 12 1 1 1 0 15
split_gain=28921.7 8553.45 1302.17 599.302 511.358 454.987 391.363 376.934 556.872 513.294 434.195 308.364 289.904 810.262 303.493 284.184 235.889 228.794 972.218 178.793 177.908 156.622 287.824 4224.56 104.193 57.2859 56.0767 54.0766 52.4242 46.4291
threshold=3511.5000000000005 4200993.0000000009 4201072.0000000009 2334414751297.5005 2532.5000000000005 1.8224467243415561 1.80966411804849 4205705.5000000009 4204808.5000000009 4202198.5000000009 2173776771241.5002 6.7348587750187763 1.7754236602093663 1.6694167651246727 3.123849335349389 260.50000000000006 1900371961397.0002 1564759720309.0002 1478970866856.5002 134.50000000000003 1836311521521.5002 4855.5000000000009 4200985.0000000009 4200993.0000000009 1.1159798465572681 92909938457.500015 2424655934955.0005 932620487749.50012 4204355.0000000009 5.2206801228272122
decision_type=2 2 2 2 2 2 2 2 2 2 2 2 2 2 2 2 2 2 2 2 2 2 2 2 2 2 2 2 2 2
left_child=1 24 21 5 11 6 -3 8 9 25 27 19 13 -6 -14 -13 -8 18 -7 -5 -19 -2 -23 -24 -1 -4 -12 -10 -11 -26
right_child=2 3 7 4 12 17 16 -9 10 28 26 15 14 -15 -16 -17 -18 20 -20 -21 -22 22 23 -25 29 -27 -28 -29 -30 -31
leaf_value=0.010558291854652384 0.010345370897774316 0.0083215903805492469 0.0098135529413535573 -0.0052607215702520672 0.0026872353309283638 0.0017958725026426855 -0.018628791757528733 0.010392058492804768 0.0086791659867772614 0.007312643679691414 -0.026779858947840695 -0.020464955983980931 0.0041599874113136441 -0.026676060861299773 -0.0056456240414637796 0.0055976949653714202 -0.0026450980586303582 0.0072103950495300412 -0.02803073437528255 -0.018816404483867823 -0.00064871929967838505 0.010178203533102574 -0.025545260263805717 0.01036665615960224 -0.021304859633327372 -0.0068682064396428447 -0.016376473425818886 -0.0032401544344112265 0.00095737412811536997 0.0031416163762295873
leaf_weight=10.303449600934981 7852.2808360308409 106.51827694475651 21.541483625769615 117.89426059275866 194.31416250020266 867.96280159056187 271.17170864343643 380.59257350489497 50.491054140031338 868.21493982151151 88.278461996465921 59.927920788526535 542.5832977630198 181.99225052446127 754.67134416848421 138.59158049151301 140.00178244709969 821.17271027714014 125.02568405866623 556.96207181364298 443.65401647612453 3609.4932172112167 372.73494908213615 2703.3690372742712 5597.3864937610924 463.92830605059862 125.42919047921896 154.64229989796877 152.61203259974718 7.7796667143702498
leaf_count=206 240033 1814 335 925 2301 15753 1498 10559 1197 21083 424 303 8459 1049 8566 2239 1336 16287 1242 3061 7569 105812 1619 79237 22708 6463 1197 3291 3691 111
internal_value=0 -0.0126033 0.00828032 -0.00352003 -0.00702294 -0.000305586 -0.00876104 0.0012986 -0.000499144 0.00233692 -0.0106986 -0.0132255 -0.00378601 -0.0115137 -0.00154438 -0.00226995 -0.0131865 0.00163315 -0.00195955 -0.0164483 0.00445371 0.00938763 0.00826275 0.00601517 -0.0212125 -0.006128 -0.0206739 -0.00030636 0.00636254 -0.0212709
internal_weight=0 10937.9 16843.6 5322.44 2546.94 2775.51 517.692 2305.73 1925.14 1506.3 418.841 873.376 1673.56 376.306 1297.25 198.52 411.173 2257.82 992.988 674.856 1264.83 14537.9 6685.6 3076.1 5615.47 485.47 213.708 205.133 1020.83 5605.17
internal_count=570368 95427 474941 72402 26903 45499 4648 48240 37681 31572 6109 6528 20375 3350 17025 2542 2834 40851 16995 3986 23856 426701 186668 80856 23025 6798 1621 4488 24774 22819
is_linear=0
shrinkage=0.01


Tree=58
num_leaves=31
num_cat=0
split_feature=12 0 0 1 8 13 0 1 1 1 13 0 0 0 12 0 0 5 16 1 1 5 4 13 1 15 1 1 1 4
split_gain=27911.2 8853.93 1337.74 553.593 563.109 659.418 578.748 483.699 375.371 637.701 348.562 294.247 163.59 323.863 156.669 286.588 4142.94 104.16 293.451 61.0396 160.425 58.3934 54.2424 49.9206 49.7007 46.7016 45.2223 94.4468 63.5072 41.1673
threshold=1.1159798465572681 4201048.0000000009 4201072.0000000009 4202993306407.5005 1837.0000000000002 4.6912353757914458 4204581.0000000009 1632570077489.5002 2417604865630.5005 2621383306356.5005 3.2700284684009455 4202198.5000000009 4205705.5000000009 4204808.5000000009 1.0174949934843371 4200985.0000000009 4200993.0000000009 234.50000000000003 4.7321277542704676 1900371961397.0002 1779273504520.5002 50.500000000000007 448.50000000000006 3.7159804673141519 1936595230848.0002 4.3891709197946822 2432589630104.5005 2424655934955.0005 2521344728486.5005 20.500000000000004
decision_type=2 2 2 2 2 2 2 2 2 2 2 2 2 2 2 2 2 2 2 2 2 2 2 2 2 2 2 2 2 2
left_child=2 22 14 4 21 6 -6 -7 11 26 -5 19 13 -11 15 -1 -17 -12 -19 20 -4 -3 25 -24 -21 29 27 -10 -28 -2
right_child=1 3 8 10 5 7 -8 -9 9 12 17 -13 -14 -15 -16 16 -18 18 -20 24 -22 -23 23 -25 -26 -27 28 -29 -30 -31
leaf_value=0.010172700702522651 0.012201741377848978 -0.01655440958919557 -0.0053074412059176479 0.0029093714844530805 -0.0055427063577862647 -0.045974784847032969 0.0021079691514992662 -0.011470104973673631 -0.02520788956764437 0.00060314874716096674 -0.019651846346581153 0.0067584347128382335 0.010358852791295043 -0.025257236032817675 0.010342511447820158 -0.025111653514089671 0.010362874441059756 -0.024344401851786022 -0.002803846644969328 0.0105364221354773 -0.036159556191164025 0.0088186749055467091 -0.021155302847812685 0.0075707620108729293 -0.0050679982375878632 0.0060981863907104304 -0.042737769739174529 -0.010228976533758186 -0.01020336359734408 -0.02034389475624979
leaf_weight=3575.5015906393528 4.43645916879177 9.2498791068792325 149.68459386378527 131.44238986447453 2082.5480613820255 46.108421482145786 1882.5712017938495 341.77237116545439 89.21955606341362 475.05733397975564 269.30794952064753 1009.2962648048997 133.39719315618277 53.924529477953911 7796.9295823983848 375.36585709452629 2677.4418279267848 101.05261655151844 169.03812088444829 35.995522893965244 18.992397487163544 466.96965814009309 5559.7100119516253 6.0561968795955172 47.143925830721855 12.565963432192801 18.243277955800298 79.695918288081884 8.939964830875395 31.356988161802292
leaf_count=105812 30 80 2060 1697 27958 420 29969 2883 416 8703 1432 26026 3989 612 240391 1619 79237 680 1485 517 195 9768 22390 91 659 173 174 658 104 140
internal_value=0 -0.0121981 0.00829165 -0.00318062 -0.00199817 -0.00312762 -0.0019103 -0.0155718 0.000873589 -0.00422696 -0.0116928 0.00434569 0.000462556 -0.00203306 0.00938163 0.00825134 0.00600101 -0.0152511 -0.0108631 -0.00532475 -0.00878127 0.00832584 -0.0210324 -0.021124 0.00168799 -0.0104873 -0.0200671 -0.0181407 -0.0320379 -0.01631
internal_weight=0 11114.2 16544.8 5500.06 4829.22 4353 3965.12 387.881 2119.59 858.478 670.841 1261.11 662.379 528.982 14425.2 6628.31 3052.81 539.399 270.091 251.816 168.677 476.22 5614.13 5565.77 83.1394 48.3594 196.099 168.915 27.1832 35.7934
internal_count=570368 99196 471172 76372 71078 61230 57927 3303 44113 14656 5294 29457 13304 9315 427059 186668 80856 3597 2165 3431 2255 9848 22824 22481 1176 343 1352 1074 278 170
is_linear=0
shrinkage=0.01


Tree=59
num_leaves=31
num_cat=0
split_feature=2 0 0 1 1 1 3 13 14 0 0 0 1 14 1 1 12 12 1 2 0 0 1 12 1 3 1 1 3 12
split_gain=27922 8195.78 1295.01 574.737 492.686 444.837 619.052 443.863 397.731 370.641 535.585 498.483 399.558 305.096 250.995 1035.52 205.099 224.183 163.669 156.09 285.329 4064.16 147.846 99.1279 55.8847 54.9715 53.8142 53.6204 50.2174 143.921
threshold=3511.5000000000005 4200993.0000000009 4201072.0000000009 2334414751297.5005 2424655934955.0005 4202993306407.5005 2188.5000000000005 1.8107551040761356 1.80966411804849 4205705.5000000009 4204808.5000000009 4202198.5000000009 2173776771241.5002 3.2946001893412262 1564759720309.0002 1478970866856.5002 3.0255552019457324 4.5914784098466539 1836311521521.5002 4855.5000000000009 4200985.0000000009 4200993.0000000009 1900371961397.0002 1.1159798465572681 92909938457.500015 170.50000000000003 2424655934955.0005 932620487749.50012 166.50000000000003 1.3826895352780137
decision_type=2 2 2 2 2 2 2 2 2 2 2 2 2 2 2 2 2 2 2 2 2 2 2 2 2 2 2 2 2 2
left_child=1 23 19 7 16 6 -6 8 -3 10 11 24 27 -7 15 -9 -5 -18 -16 -2 -21 -22 -10 -1 -4 -13 -14 -12 29 -25
right_child=2 3 9 4 5 13 -8 14 22 -11 12 25 26 -15 18 -17 17 -19 -20 20 21 -23 -24 28 -26 -27 -28 -29 -30 -31
leaf_value=0.010546745723894302 0.010338095737641667 0.0082918936818788241 0.0098066030817538889 0.0026465733911085498 0.0055258370071842181 0.0025463333400001726 -0.0074610286372762237 0.0017987086581435277 -0.017776996459784956 0.010385289422996047 0.0086467942365223704 0.0010994839247502283 -0.025775994019050712 -0.014944045729235975 0.0071913165120310579 -0.028126872074454169 -0.02339435806948487 -0.00072433373826527646 -0.00023814335629270008 0.010167219736196444 -0.024695686633762141 0.010359133183540155 -0.0043993377196794841 -0.022562172704496196 -0.0066972338985719039 0.0073607069460389588 -0.015687359101796503 -0.0032903760052357539 -0.020909932386218213 0.0042916160376130132
leaf_weight=10.112440414726732 7702.1789825744927 105.50886624678969 21.457959339022636 45.516632243990898 634.02037129551172 121.79745283722878 871.66393176093698 868.95516658574343 265.80025263875723 374.4021188467741 49.78454851359129 168.20135895907879 89.932222682982683 550.52578587457538 817.23083893582225 133.37881133705378 287.91871710121632 51.410188466310501 465.37108063697815 3541.8236583732069 377.85876427590847 2651.7533417269588 119.86964538693428 57.940436273813248 468.09959688037634 842.99366795271635 128.30629841983318 154.12088145688176 5532.099979929626 30.444586735218763
leaf_count=206 240033 1814 335 603 9627 1561 9440 15761 1418 10559 1197 3820 424 3643 16309 1292 1449 580 7856 105812 1619 79237 1049 235 6463 20954 1197 3291 22293 291
internal_value=0 -0.0123173 0.00825066 -0.00344063 -0.00685541 -0.00501236 -0.00199246 -0.000288172 -0.00891246 0.00128245 -0.000489936 0.00230912 -0.0104408 -0.0117755 0.00156574 -0.00218344 -0.017286 -0.0199597 0.00449566 0.00937217 0.00824004 0.00598703 -0.0136191 -0.0207342 -0.00597385 0.00631922 -0.0198447 -0.000375855 -0.0207905 -0.0133123
internal_weight=0 10969.6 16570.9 5338.97 2562.85 2178.01 1505.68 2776.11 491.179 2297.3 1922.9 1500.75 422.144 672.323 2284.94 1002.33 384.846 339.329 1282.6 14273.6 6571.44 3029.61 385.67 5630.6 489.558 1011.2 218.239 203.905 5620.49 88.385
internal_count=570368 95427 474941 72402 26903 24271 19067 45499 4281 48240 37681 31572 6109 5204 41218 17053 2632 2029 24165 426701 186668 80856 2467 23025 6798 24774 1621 4488 22819 526
is_linear=0
shrinkage=0.01


Tree=60
num_leaves=31
num_cat=0
split_feature=12 0 0 5 13 13 6 8 13 3 1 1 12 5 3 15 12 5 0 12 0 0 1 12 0 0 1 1 4 3
split_gain=26951.7 8492.87 1330.54 534.927 511.634 1087.62 668.736 605.096 474.066 370.2 363.065 599.346 351.625 574.401 618.061 383.334 422.802 312.026 285.751 200.044 160.117 311.018 158.506 156.104 284.048 3988.07 59.2686 150.028 53.5785 54.4838
threshold=1.1159798465572681 4201048.0000000009 4201072.0000000009 171.50000000000003 1.7754236602093663 1.6694167651246727 170.50000000000003 1923.5000000000002 3.4655344199481246 4153.5000000000009 2417604865630.5005 2621383306356.5005 3.0255552019457324 156.50000000000003 4630.5000000000009 5.4423474458976537 3.6051838377280454 317.50000000000006 4202198.5000000009 1.530827738221441 4205705.5000000009 4204355.0000000009 1525463046782.0002 1.0174949934843371 4200985.0000000009 4200993.0000000009 1900371961397.0002 1779273504520.5002 47.500000000000007 155.50000000000003
decision_type=2 2 2 2 2 2 2 2 2 2 2 2 2 2 2 2 2 2 2 2 2 2 2 2 2 2 2 2 2 2
left_child=2 28 23 12 5 17 7 -6 -8 -7 18 -12 13 14 -3 22 -17 -5 26 -15 21 -13 -14 24 -1 -26 27 -4 -2 -30
right_child=1 3 10 4 6 9 8 -9 -10 -11 11 20 15 19 -16 16 -18 -19 -20 -21 -22 -23 -24 -25 25 -27 -28 -29 29 -31
leaf_value=0.01016175979488395 -0.0035625964026063869 0.0069367245372684207 -0.0051685157195067001 -0.023646146088938995 0.0056367560252749129 0.010005358336995403 0.00022218446482188755 -0.017073290521742605 0.0098751475919474571 -0.020790628445328526 -0.019325770393836209 0.0016132970146277301 -0.070982514931269919 -0.0027073399735880882 -0.039007793787232695 0.0041723355187955249 -0.0147840581440626 0.0060358719292586318 0.0067083323394557257 -0.01995451352267661 0.010351485558747715 -0.018236398981251761 -0.024966910259615744 0.010335311793842018 -0.024296297216493255 0.010355432957793018 0.0017310889396814516 -0.034553654996266163 -0.012705617305427073 -0.020746949144023703
leaf_weight=3508.4564913809299 18.466110602021217 418.74471860378981 150.89802045375109 38.742729179561138 175.97578674927354 42.807790242135525 1866.1272209919989 352.01558405533433 699.46086789295077 442.83600081503391 199.65920347347856 433.54045844823122 7.9003293961286536 101.56713547930121 31.480720050632954 163.28608495369554 421.06722493469715 412.49452853575349 997.12826631963253 199.03321627900004 130.84454061463475 96.50823100656271 142.65484047681093 7647.9341077879071 380.21735069155693 2626.3014089614153 83.492716617882252 19.635545164346695 85.563548859208822 5522.4990541338921
leaf_count=105812 147 6832 2060 274 3257 1053 29123 2800 14382 2588 1352 7856 80 1334 337 2552 2947 6440 26026 1680 3989 1459 693 240391 1619 79237 1176 195 511 22166
internal_value=0 -0.0119239 0.00826225 -0.00310671 -0.00121602 -0.00769029 0.000744695 -0.00950419 0.00285389 -0.0180761 0.000857381 -0.0041423 -0.00823572 -0.00342272 0.00372419 -0.013153 -0.00948707 0.00348741 0.00429619 -0.014127 0.000444705 -0.00200082 -0.0273816 0.00936633 0.00822884 0.00597323 -0.00517216 -0.00855197 -0.0205683 -0.0206243
internal_weight=0 11142.7 16274.6 5516.19 4030.46 936.881 3093.58 527.991 2565.59 485.644 2111.71 860.552 1485.73 750.826 450.225 734.908 584.353 451.237 1251.15 300.6 660.893 530.049 150.555 14162.9 6514.98 3006.52 254.026 170.534 5626.53 5608.06
internal_count=570368 99196 471172 76372 59917 10355 49562 6057 43505 3641 44113 14656 16455 10183 7169 6272 5499 6714 29457 3014 13304 9315 773 427059 186668 80856 3431 2255 22824 22677
is_linear=0
shrinkage=0.01


Tree=61
num_leaves=31
num_cat=0
split_feature=2 0 0 1 4 13 12 15 0 0 0 1 13 1 1 5 7 6 2 0 0 1 12 8 1 1 1 4 0 13
split_gain=26969.5 7863.82 1288.62 550.139 471.874 423.586 399.096 366.103 364.421 513.778 484.757 369.199 330.294 309.803 255.247 253.129 277.843 194.595 155.496 282.746 3914.5 140.565 94.4469 86.988 55.2334 53.3392 52.9049 52.5319 52.4459 48.659
threshold=3511.5000000000005 4200993.0000000009 4201072.0000000009 2334414751297.5005 4824.0000000000009 1.8107551040761356 1.8913489950052682 1.8964817957666884 4205705.5000000009 4204808.5000000009 4202198.5000000009 2173776771241.5002 1.8627737393255022 2424655927106.5005 4205234304898.5005 169.50000000000003 1869.5000000000002 1146.0000000000002 4855.5000000000009 4200985.0000000009 4200993.0000000009 1900371961397.0002 1.1159798465572681 2311.0000000000005 4374073345192.5005 2424655934955.0005 932620487749.50012 47.500000000000007 4204355.0000000009 3.7159804673141519
decision_type=2 2 2 2 2 2 2 2 2 2 2 2 2 2 2 2 2 2 2 2 2 2 2 2 2 2 2 2 2 2
left_child=1 22 18 5 13 7 12 -3 9 10 24 26 -6 23 -15 16 -7 -17 -2 -20 -21 -9 -1 -5 -4 -13 -11 -24 -12 -29
right_child=2 3 8 4 6 15 -8 21 -10 11 28 25 -14 14 -16 17 -18 -19 19 20 -22 -23 27 -25 -26 -27 -28 29 -30 -31
leaf_value=0.010535448664576756 0.010330970300084605 0.0082038798647755574 -0.0056102604548286996 0.010525473546959461 -0.0018912852186056927 0.0075984926756950391 0.0097273985650356207 -0.017055629755569818 0.010378305840930378 0.0086143349803394983 0.0072373395175808278 -0.024941975083031288 -0.024402002461637595 -0.0056682287016954691 -0.014344497032239284 -0.0038264129252664359 -0.0071248984224162306 0.0053650938844911154 0.010156321295222823 -0.023912500318994296 0.010351770644876759 -0.0041217389883473933 -0.0035194454570186117 -0.024254509168166485 -0.054904573412750332 -0.014989857007626797 -0.00330793961729554 -0.020429341249237835 0.00083833281889153055 0.0054150515465401184
leaf_weight=9.9247133657336217 7554.8410784639418 102.17900167033076 490.92834132909775 7.5414289869368067 414.89416337758303 169.97618300840259 268.57082456350327 270.96866659075022 368.03363199159503 49.091132387518883 850.41984756290913 91.310197282582521 77.330010086297989 1178.3992774114013 476.05405208840966 279.54985555261374 521.10536867752671 1308.3174866996706 3475.397495675832 382.44525690376759 2601.0845067352057 121.79610271751881 18.505396082997322 154.841139100492 2.2836202085018149 131.28256087005138 153.91866002604365 5604.6854318007827 150.79226238280535 7.2944956161081782
leaf_count=206 240033 1782 6764 159 4420 3119 4946 1442 10559 1197 21083 424 1031 12367 3172 4727 7465 25907 105812 1619 79237 1057 147 808 34 1197 3291 22565 3691 107
internal_value=0 -0.0120472 0.00822093 -0.00336364 -0.00668971 -0.000272893 -7.78066e-05 -0.00865813 0.00126286 -0.000484397 0.00227618 -0.0101776 -0.00542779 -0.00945843 -0.00816475 0.00154822 -0.00350358 0.0037469 0.00935699 0.00821775 0.00595959 -0.0130448 -0.020286 -0.0226392 -0.0058385 -0.0190723 -0.000424936 -0.0203403 0.00627359 -0.0203957
internal_weight=0 10991.9 16301.8 5351.52 2577.63 2773.89 760.795 494.944 2288.06 1920.03 1494.42 425.603 492.224 1816.84 1654.45 2278.95 691.082 1587.87 14013.8 6458.93 2983.53 392.765 5640.41 162.383 493.212 222.593 203.01 5630.49 1001.21 5611.98
internal_count=570368 95427 474941 72402 26903 45499 10397 4281 48240 37681 31572 6109 5451 16506 15539 41218 10584 30634 426701 186668 80856 2499 23025 967 6798 1621 4488 22819 24774 22672
is_linear=0
shrinkage=0.01


Tree=62
num_leaves=31
num_cat=0
split_feature=2 3 2 2 5 4 12 12 15 17 4 3 15 14 3 14 13 6 5 2 2 5 7 4 5 4 2 14 5 5
split_gain=26507.1 2301.32 1251.71 1227.48 712.178 662.406 661.35 512.437 416.122 523.285 446.581 391.703 390.692 457.507 351.202 168.454 165.378 143.836 230.454 229.163 111.178 89.0799 72.6564 65.9427 53.6922 49.755 185.366 40.917 56.0729 48.0556
threshold=3511.5000000000005 264.50000000000006 84.500000000000014 662.50000000000011 778.50000000000011 4172.5000000000009 1.2458435429170043 1.0174949934843371 7.1885776073286189 3.9564883558720996 2599.5000000000005 46.500000000000007 5.3217667867264238 5.8644858152678658 615.50000000000011 1.8343053871512336 1.3461532835074757 165.50000000000003 167.50000000000003 181.50000000000003 2977.5000000000005 499.50000000000006 2729.5000000000005 20.500000000000004 301.50000000000006 874.50000000000011 4175.5000000000009 4.2450123703691158 454.50000000000006 160.50000000000003
decision_type=2 2 2 2 2 2 2 2 2 2 2 2 2 2 2 2 2 2 2 2 2 2 2 2 2 2 2 2 2 2
left_child=1 4 23 12 11 6 -5 -2 9 10 -6 21 14 -14 -4 -7 -9 19 -19 -13 -11 -1 24 -3 -18 -24 -27 29 -29 -25
right_child=7 2 3 5 8 15 -8 16 -10 20 -12 17 13 -15 -16 -17 22 18 -20 -21 -22 -23 25 27 -26 26 -28 28 -30 -31
leaf_value=-0.029256254792741236 0.0063939760643685218 0.011754678651433075 -0.014360961565583551 -0.016732918905186626 -0.024990490606491916 -0.014564829701291417 0.0027534998927740018 0.010330008727938305 -0.022931327882082297 0.0023350980061974964 -0.0045890412442833881 -0.0087061034200382852 -0.018906966697304645 -0.00040595153524692766 -0.0020408760024445004 -0.019518286842280123 -0.029335160161819942 -0.014103699769538848 0.010362963573481463 0.0085219031943758912 -0.022808937618459525 0.010581978782916919 0.010453410694779295 0.010820617391190439 0.01068085381319237 0.0061872654301104524 -0.013800583843158265 -0.018427213517105186 0.010638516869044014 -0.019672231812302016
leaf_weight=41.1208257637918 7940.7650425992906 6.7651255875825873 270.52859510853887 333.57825651019812 188.01582235470414 1182.9602721258998 364.45786860957742 7690.1004732120782 155.07113747298717 505.99346546456218 249.91081397235394 150.59434306621552 419.28595377132297 196.20998477935791 1599.0155231952667 1635.9917982630432 10.635174974799154 41.503658145666122 531.54953882470727 158.44602786004543 18.218412548303604 6.5000240691006175 135.11825963109732 5.1774881258606902 4.8970167823135844 333.4122917689383 53.898309014737606 17.724819429218773 10.610534217208622 2913.4952297583222
leaf_count=195 216531 63 1999 2313 1388 7620 5198 245482 821 9112 3058 1336 2896 2243 22390 7758 56 333 11264 3009 74 129 3306 74 86 8271 1209 116 206 11832
internal_value=0 -0.0119148 -0.0141013 -0.0114786 -0.00234863 -0.01528 -0.00655869 0.00820614 -0.00772948 -0.00527934 -0.013348 0.00411738 -0.0060987 -0.0130091 -0.00382363 -0.0174396 0.00995504 0.00562553 0.00859095 0.000126753 0.00146124 -0.0238185 0.00459485 -0.0194305 -0.0167188 0.00522852 0.00340575 -0.019502 -0.00754318 -0.0196181
internal_weight=0 11002.7 8955.8 6002.03 2046.92 3516.99 698.036 16168.8 1117.21 962.139 437.927 929.714 2485.04 615.496 1869.54 2818.95 8228.06 882.094 573.053 309.04 524.212 47.6208 537.961 2953.77 15.5322 522.429 387.311 2947.01 28.3354 2918.67
internal_count=570368 95427 64708 52417 30719 22889 7511 474941 14453 13632 4446 16266 29528 5139 24389 15378 258410 15942 11597 4345 9186 324 12928 12291 142 12786 9480 12228 322 11906
is_linear=0
shrinkage=0.01


Tree=63
num_leaves=31
num_cat=0
split_feature=2 0 0 1 4 13 12 0 0 0 1 14 0 1 14 1 1 1 1 2 0 0 12 2 3 1 1 1 4 13
split_gain=26035.8 7623.59 1292 523.646 455.984 400.996 388.28 362.755 503.438 479.144 357.936 348.549 318.012 294.289 296.396 217.208 863.7 207.441 171.179 156.025 283.668 3857.22 92.4045 83.9802 55.318 54.6435 52.2477 51.8897 51.7035 45.7151
threshold=3511.5000000000005 4200993.0000000009 4201072.0000000009 2334414751297.5005 4824.0000000000009 1.8224467243415561 1.8913489950052682 4205705.5000000009 4204808.5000000009 4202198.5000000009 2173776771241.5002 1.80966411804849 4204355.0000000009 2424655927106.5005 2.4189829462400438 1564759720309.0002 1478970866856.5002 1900371961397.0002 1836311521521.5002 4855.5000000000009 4200985.0000000009 4200993.0000000009 1.1159798465572681 772.50000000000011 170.50000000000003 92909938457.500015 932620487749.50012 2424655934955.0005 448.50000000000006 3.7159804673141519
decision_type=2 2 2 2 2 2 2 2 2 2 2 2 2 2 2 2 2 2 2 2 2 2 2 2 2 2 2 2 2 2
left_child=1 22 19 5 13 11 12 8 9 25 26 -3 -6 23 -15 16 -7 -13 -17 -2 -21 -22 -1 -5 -11 -4 -10 -12 -24 -30
right_child=2 3 7 4 6 15 -8 -9 10 24 27 17 -14 14 -16 18 -18 -19 -20 20 21 -23 28 -25 -26 -27 -28 -29 29 -31
leaf_value=0.010537610514089022 0.010323989935563651 0.008270688888394849 0.0097982392318129562 -0.024250957063473907 0.0078161065689503709 0.0017693116225550357 0.0097213667469379095 0.010371819979594117 0.0085822881447699326 0.00094665488055493063 -0.024606367032245315 -0.017071660641809705 -0.010122401314956564 -0.04155218094172472 -0.0074005522955996944 0.0071353680546276613 -0.025660396914274991 -0.0022859789990170927 -0.00059011750568210234 0.010147500227462318 -0.023641262375763455 0.010345929373960854 -0.0097182163338413435 0.00021814841722851155 0.007279765057994006 -0.0065551635448860756 -0.0033311789898492305 -0.01481935259742849 -0.020066710207483178 0.0075434454094719175
leaf_weight=9.9606964960694295 7410.2081069871783 104.79426991939545 21.357817053794861 149.01398648321629 136.00203716009855 864.5221209526062 267.46308977901936 362.18145883269608 48.421041022986174 165.64279794320464 91.866071149706841 281.75638788193464 361.53582858294249 25.811830326914787 1643.2366772033274 805.43402774259448 132.37098651751876 143.07037550956011 445.42910560965538 3422.1708311326802 383.99333453178406 2560.7794164828956 48.983713813126087 15.483657225966452 824.12194127216935 471.62839038670063 153.54418576136231 132.02937297523022 5579.5382984131575 6.003280032426118
leaf_count=206 240033 1814 335 795 1803 15753 4946 10559 1197 3820 424 1498 3648 158 15381 16287 1242 1336 7569 105812 1619 79237 343 172 20954 6463 3291 1197 22385 91
internal_value=0 -0.0117765 0.00818562 -0.00325405 -0.00648064 -0.000235206 4.57837e-06 0.00119666 -0.000544433 0.00220798 -0.0101277 -0.00806309 -0.00521891 -0.00918643 -0.00792871 0.00160922 -0.0018729 -0.0120922 0.00438434 0.00933756 0.00818949 0.00591406 -0.0198935 -0.0219478 0.00621988 -0.00584668 -0.000474932 -0.018835 -0.0199473 -0.020037
internal_weight=0 11020.4 16047.9 5375.92 2598.55 2777.38 765.001 2270.79 1908.61 1482.75 425.861 529.621 497.538 1833.55 1669.05 2247.76 996.893 424.827 1250.86 13777.2 6366.94 2944.77 5644.49 164.498 989.765 492.986 201.965 223.895 5634.53 5585.54
internal_count=570368 95427 474941 72402 26903 45499 10397 48240 37681 31572 6109 4648 5451 16506 15539 40851 16995 2834 23856 426701 186668 80856 23025 967 24774 6798 4488 1621 22819 22476
is_linear=0
shrinkage=0.01


Tree=64
num_leaves=31
num_cat=0
split_feature=12 3 4 3 1 12 5 20 6 6 14 17 12 4 4 1 4 1 1 1 12 13 4 5 6 4 1 1 3 7
split_gain=25150.6 2625.57 851.494 618.691 578.523 534.642 424.355 470.106 414.362 488.03 373.51 740.722 350.572 324.309 265.031 248.59 230.297 173.624 168.506 159.372 140.04 119.755 108.188 103.946 136.1 145.34 81.7367 541.725 80.0155 79.9846
threshold=1.1159798465572681 264.50000000000006 248.50000000000003 4685.5000000000009 4205234304898.5005 1.0174949934843371 733.50000000000011 7.9707246512065701 1905.5000000000002 2472.5000000000005 2.9116587207511304 4.5693209168025453 4.0072691311806761 1943.5000000000002 297.50000000000006 1754221145042.5002 3085.5000000000005 4202993306407.5005 4202993306407.5005 1632570077489.5002 1.0937088826584003 2.3307100685622415 4756.5000000000009 4846.5000000000009 160.50000000000003 56.500000000000007 613988597298.50012 556197117522.00012 4149.5000000000009 2865.5000000000005
decision_type=2 2 2 2 2 2 2 2 2 2 2 2 2 2 2 2 2 2 2 2 2 2 2 2 2 2 2 2 2 2
left_child=5 4 3 8 6 -1 16 13 17 -10 11 15 14 -8 -12 -4 18 -3 -2 -9 -7 -5 -13 24 -6 -26 27 -22 -28 -14
right_child=1 2 10 21 23 20 7 19 9 -11 12 22 29 -15 -16 -17 -18 -19 -20 -21 26 -23 -24 -25 25 -27 28 -29 -30 -31
leaf_value=0.0063468361448826742 0.0079408989021827921 0.0089588291240835644 -0.016665267349692245 -0.075598713982526072 -0.017329959846934941 0.010234640642091612 0.0031148082266947504 -0.044311330546847931 -0.024967540557008453 -0.0048638695938318108 -0.066643024839942194 0.0064916815772902512 0.0040350092897441462 -0.0089953065189667392 -0.019094206384655088 -0.012309311940874437 -0.023841884957335462 -0.018083303817582146 -0.0093763492234313784 -0.016242185350036208 0.010421385509496506 -0.034775785404737886 -0.019782389298097797 -0.023590950331542744 -0.014624919294219463 0.0097866790335254025 0.0040874196279382423 -0.21254415099340121 -0.030477981208121764 -0.013721716718942328
leaf_weight=7840.4973391778767 750.1932773925364 235.76214154437184 2489.9313438385725 11.762026578187944 132.37153799086809 7736.8771707303822 599.40946898981929 25.166304469108582 143.36529594659805 765.56621626764536 11.786615274846552 200.90945167466998 80.028244622051716 350.41365891695023 2151.8204409144819 2765.0228749848902 25.560685466974974 26.401326462626457 60.739357199519873 103.08495852351189 5.7342247404158107 18.470451802015305 16.997943043708801 86.253659825772047 46.334629982709885 51.492785524576902 168.01959268376231 1.3453522026538847 6.9751953333616248 37.140657640993595
leaf_count=216531 15236 4376 14594 135 583 250252 11646 210 980 7834 112 3189 641 4229 10457 21264 234 151 481 712 148 190 68 539 366 672 4108 33 100 297
internal_value=0 -0.011409 -0.0138272 -0.00599327 -0.00170269 0.00819791 0.000367587 -0.00377943 -0.00484023 -0.00803481 -0.015041 -0.0136241 -0.0184409 -0.00135292 -0.0193532 -0.0143733 0.00571228 0.00623554 0.00664383 -0.0217501 0.0100306 -0.0506581 0.00444216 -0.014228 -0.0107198 -0.00177554 0.00136202 -0.0319494 0.00270966 -0.00159359
internal_weight=0 11186 8954.97 1201.33 2231.02 15759.4 1914.57 1078.07 1171.09 908.932 7753.64 5472.86 2280.78 949.823 2163.61 5254.95 836.493 262.163 810.933 128.251 7918.95 30.2325 217.907 316.453 230.199 97.8274 182.074 7.07958 174.995 117.169
internal_count=570368 99196 64288 13666 34908 471172 32748 16797 13341 8814 50622 39115 11507 15875 10569 35858 15951 4527 15717 922 254641 325 3257 2160 1621 1038 4389 181 4208 938
is_linear=0
shrinkage=0.01


Tree=65
num_leaves=31
num_cat=0
split_feature=2 0 0 1 4 13 12 0 0 0 1 16 13 1 1 6 4 4 1 12 2 0 0 12 3 1 1 4 3 12
split_gain=25133.6 7434.08 1295.49 499.26 445.932 383.474 378.236 361.568 493.83 473.41 346.396 329.031 310.449 282.016 346.792 218.534 407.836 201.942 197.263 157.026 156.555 284.562 3801.29 88.5094 54.4844 53.7337 51.7801 50.5192 51.9557 148.797
threshold=3511.5000000000005 4200993.0000000009 4201072.0000000009 2334414751297.5005 4824.0000000000009 1.8224467243415561 1.8913489950052682 4205705.5000000009 4204808.5000000009 4202198.5000000009 2173776771241.5002 1.9468272257204859 1.8627737393255022 2424655934955.0005 2424655951016.5005 1077.0000000000002 258.50000000000006 56.500000000000007 1900371961397.0002 4.5914784098466539 4855.5000000000009 4200985.0000000009 4200993.0000000009 1.1159798465572681 170.50000000000003 92909938457.500015 932620487749.50012 47.500000000000007 166.50000000000003 1.3826895352780137
decision_type=2 2 2 2 2 2 2 2 2 2 2 2 2 2 2 2 2 2 2 2 2 2 2 2 2 2 2 2 2 2
left_child=1 23 20 5 13 11 12 8 9 25 26 -3 -6 19 -15 16 -7 -17 -13 -5 -2 -22 -23 -1 -11 -4 -10 -25 29 -29
right_child=2 3 7 4 6 15 -8 -9 10 24 -12 18 -14 14 -16 17 -18 -19 -20 -21 21 22 -24 27 -26 -27 -28 28 -30 -31
leaf_value=0.010526559497672346 0.010317183148715475 0.0082382790706222956 0.0097733175627862032 -0.01904501766588821 -0.0015584710040341019 0.0067684530925873152 0.0097242963360790954 0.010365885571683045 0.0085501459109812699 0.00093382581947990819 -0.018603814302084864 -0.016436519240544956 -0.02298809161126391 0.004255179648704953 -0.009038734558822932 -0.0030722481153598559 -0.0093503888306613065 0.005541688714194316 -0.002114257874214656 -0.00038982227946831319 0.010138753322031527 -0.023377917893315409 0.010340203276165838 -0.0032094517917057421 0.0072296796118434458 -0.0065519382060571976 -0.0033760873030469277 -0.021420760476552586 -0.019765131286865592 0.0057956079450865883
leaf_weight=9.7764200493693334 7268.8496688343585 103.29052289202809 21.061907857656479 334.05461598187685 423.27199664711952 254.19354341179132 267.94873498752713 356.79115687310696 47.763056483119726 165.42989181354642 225.17142861708999 286.66407088935375 80.451477479189634 233.45489411428571 1230.6239895746112 348.96230994164944 410.40475173667073 1236.5981723405421 144.71237073838711 52.1664699614048 3369.8756700120866 385.47270819544792 2521.1778908781707 18.768960572779179 812.86963207647204 471.71057678759098 153.08355515450239 58.43938721716404 5527.3448095694184 30.609540201723576
leaf_count=206 240033 1782 335 1873 4420 4749 4946 10559 1197 3820 1621 1522 1031 2992 11061 6482 5865 23755 1344 580 105812 1619 79237 147 20954 6463 3291 235 22150 287
internal_value=0 -0.0115094 0.00815012 -0.00312916 -0.00626085 -0.000180617 0.000125092 0.00113026 -0.000606715 0.00213891 -0.0100876 -0.00779323 -0.00498107 -0.00892412 -0.00691895 0.00162824 -0.0031853 0.00364587 -0.0116319 -0.0165253 0.00931819 0.00816125 0.00586859 -0.0195362 0.00616505 -0.00585417 -0.000539926 -0.0195883 -0.0196431 -0.0120654
internal_weight=0 11051.7 15799.3 5406.8 2621.97 2784.83 771.672 2253.88 1897.09 1471.07 426.018 534.667 503.723 1850.3 1464.08 2250.16 664.598 1585.56 431.376 386.221 13545.4 6276.53 2906.65 5644.94 978.3 492.772 200.847 5635.16 5616.39 89.0489
internal_count=570368 95427 474941 72402 26903 45499 10397 48240 37681 31572 6109 4648 5451 16506 14053 40851 10614 30237 2866 2453 426701 186668 80856 23025 24774 6798 4488 22819 22672 522
is_linear=0
shrinkage=0.01


Tree=66
num_leaves=31
num_cat=0
split_feature=2 0 0 8 13 13 16 20 8 1 0 2 0 0 1 2 0 0 13 7 12 5 4 10 4 13 2 16 1 1
split_gain=24711.6 7297.77 1292.14 491.98 805.154 482.07 889.21 602.107 382.161 364.665 357.977 486.988 291.613 290.69 275.859 156.213 283.183 3733.45 125.694 89.8173 86.5321 71.8498 70.9586 56.7437 49.671 43.6781 25.0438 21.5699 19.762 12.8781
threshold=3511.5000000000005 4200993.0000000009 4201072.0000000009 1875.0000000000002 4.6912353757914458 1.8107551040761356 1.9468272257204859 3.9698649853746475 40.500000000000007 1632570077489.5002 4205705.5000000009 4175.5000000000009 4204808.5000000009 4204112.0000000009 2173776771241.5002 4855.5000000000009 4200985.0000000009 4200993.0000000009 5.0180548448060334 2729.5000000000005 1.1159798465572681 50.500000000000007 1203.5000000000002 553.50000000000011 47.500000000000007 3.7159804673141519 50.500000000000007 1.9939474305500642 4374073345192.5005 4205234324575.5005
decision_type=2 2 2 2 2 2 2 2 2 2 2 2 2 2 2 2 2 2 2 2 2 2 2 2 2 2 2 2 2 2
left_child=1 20 15 8 5 6 -5 -7 -3 22 11 19 13 -13 -14 -2 -17 29 -11 23 -1 -10 -6 -4 26 27 -22 -26 -21 -18
right_child=2 3 10 4 9 7 -8 -9 21 18 -12 12 14 -15 -16 16 17 -19 -20 28 24 -23 -24 -25 25 -27 -28 -29 -30 -31
leaf_value=0.010521046553288933 0.010313817128397773 -0.022906543026546846 0.010650783073070417 0.0078993237062466512 -0.044811854279036861 0.0052668509328638426 -0.014412049430548309 -0.0037375199176047109 -0.015991583906531999 -0.020829109419654858 0.010362116592675993 -0.0051719237133145005 -0.0010271398590158401 0.00629688443812509 -0.018311271932093445 0.010133396935805415 -0.023357636910915837 0.010336703190806033 -0.0097932561901383636 0.0081507062704242947 0.0073824531527711245 0.0095305909730345976 -0.0090753127680465052 -0.029874429797452397 -0.020611888835783541 0.0052794875042554467 -0.015790564229931459 -0.019141983477162946 -0.0039547026581093821 -0.012920056809002101
leaf_weight=9.6841894462704641 7198.8603193536401 41.110298603773117 5.1615158282220355 238.5755301527679 44.530059076845646 1114.9499044120312 710.90596302598715 2223.7980147078633 11.306429713964461 135.31525054201484 353.36886110529304 597.60523690655828 155.76113364100456 350.68902798369527 226.78815107792616 3338.0995445996523 375.18826898932457 2496.9326036646962 434.92242892086506 535.93884057179093 10.240192264318468 451.75841818749905 6.3483377322554579 10.451336249709128 1299.3994017988443 7.1325138397514811 8.5641569569706899 4308.5688468888402 13.833757203072308 12.205516576766966
leaf_count=206 240033 175 91 3486 361 18702 4577 31385 86 733 10559 9108 3678 8980 1611 105812 1568 79237 3207 13858 91 9631 59 51 5210 107 56 17355 304 51
internal_value=0 -0.0113887 0.00813518 -0.00309376 -0.00405983 -0.00251858 -0.00880589 -0.000730578 0.00631333 -0.0147008 0.00112139 -0.00060065 -0.00390376 -0.00093064 -0.0112738 0.0093108 0.00815038 0.00585539 -0.012412 0.00717443 -0.0193454 0.00890743 -0.0403528 -0.016477 -0.0193968 -0.0194511 -0.00317135 -0.0194826 0.0078461 -0.0230288
internal_weight=0 11057.1 15670.9 5413.52 4909.35 4288.23 949.481 3338.75 504.175 621.116 2249.6 1896.23 1330.84 948.294 382.549 13421.3 6222.43 2884.33 570.238 565.385 5643.59 463.065 50.8784 15.6129 5633.91 5615.1 18.8043 5607.97 549.773 387.394
internal_count=570368 95427 474941 72402 62510 58150 8063 50087 9892 4360 48240 37681 23377 18088 5289 426701 186668 80856 3940 14304 23025 9717 420 142 22819 22672 147 22565 14162 1619
is_linear=0
shrinkage=0.01


Tree=67
num_leaves=31
num_cat=0
split_feature=2 0 0 1 1 1 3 13 0 2 14 0 0 14 1 6 3 1 12 12 2 0 0 2 7 12 10 3 12 0
split_gain=24298.1 7165.35 1288.72 483.081 422.16 387.126 558.929 366.889 354.42 478.837 322.233 283.406 285.018 274.063 266.245 211.419 394.476 191.712 177.704 190.132 155.859 281.787 3667.69 148.276 88.2427 84.6147 54.7645 46.3935 133.373 44.2943
threshold=3511.5000000000005 4200993.0000000009 4201072.0000000009 2334414751297.5005 2424655934955.0005 4202993306407.5005 2188.5000000000005 1.8224467243415561 4205705.5000000009 4175.5000000000009 1.80966411804849 4204808.5000000009 4204112.0000000009 3.2946001893412262 2173776771241.5002 1077.0000000000002 3103.5000000000005 1900371961397.0002 3.0255552019457324 4.5914784098466539 4855.5000000000009 4200985.0000000009 4200993.0000000009 263.50000000000006 2729.5000000000005 1.1159798465572681 553.50000000000011 166.50000000000003 1.3826895352780137 4204581.0000000009
decision_type=2 2 2 2 2 2 2 2 2 2 2 2 2 2 2 2 2 2 2 2 2 2 2 2 2 2 2 2 2 2
left_child=1 25 20 7 18 6 -6 10 9 24 -3 12 -11 -7 -13 16 -9 -12 29 -20 -2 -22 -23 -17 26 -1 -4 28 -27 -5
right_child=2 3 8 4 5 13 -8 15 -10 11 17 14 -14 -15 -16 23 -18 -19 19 -21 21 22 -24 -25 -26 27 -28 -29 -30 -31
leaf_value=0.010515594007718796 0.010310486505194925 0.0082452782407387275 0.010643901380483194 -0.028012640008889426 0.0055540473847985553 0.0028068700779330957 -0.0066902251688365647 -0.0018939084431136852 0.010358387870082718 -0.0050976810073809151 -0.016073547933852007 -0.0010159126345800481 0.0062702212429294069 -0.013553350571271792 -0.017959423025520331 0.0065511905632170764 -0.052257725360755451 -0.0020007722222318306 -0.02103294277138977 -0.00036043914836455295 0.010128058601487602 -0.022692396928736029 0.01033324027976076 0.00041719964675954407 0.0078241196126824872 -0.020967684998878619 -0.029213325475385989 -0.019324774064233403 0.0046420307332955806 0.0059320051065157794
leaf_weight=9.5927766337990743 7129.52149499394 103.94382769986987 5.1134450957179061 4.2303270511329165 635.18744404613972 124.75334582850337 902.54902137443423 652.21330786496401 349.97809794358909 600.23234560340643 288.74139145761728 155.906978007406 348.66865058988333 571.28518730029464 228.90811046212912 823.44830353930593 15.931793339550493 145.62592479586601 302.15861269459128 52.172705173492432 3306.6181015241891 389.19576676189899 2472.9119821134955 755.77241287380457 545.82500442489982 58.570287734270096 10.580312535166739 5542.2892241328955 31.15150710195303 42.115199886262417
leaf_count=206 240033 1814 91 37 9627 1561 9440 10437 10559 9108 1498 3678 8980 3643 1611 17255 177 1336 1449 580 105812 1619 79237 12982 14162 235 51 22293 291 566
internal_value=0 -0.01127 0.00812033 -0.00305881 -0.00612872 -0.00443333 -0.00163253 -0.000155558 0.00111265 -0.000594685 -0.00757075 -0.00385615 -0.000920605 -0.0106211 -0.0110948 0.0016206 -0.00309482 -0.0113555 -0.0155805 -0.0179891 0.00930347 0.00813961 0.00584234 0.00361563 0.00715193 -0.0191588 -0.0162268 -0.0192093 -0.012076 0.00283361
internal_weight=0 11061.7 15543.5 5420.13 2634.45 2233.77 1537.74 2785.68 2245.21 1895.23 538.311 1333.72 948.901 696.039 384.815 2247.37 668.145 434.367 400.677 354.331 13298.2 6168.73 2862.11 1579.22 561.519 5641.6 15.6938 5632.01 89.7218 46.3455
internal_count=570368 95427 474941 72402 26903 24271 19067 45499 48240 37681 4648 23377 18088 5204 5289 40851 10614 2834 2632 2029 426701 186668 80856 30237 14304 23025 142 22819 526 603
is_linear=0
shrinkage=0.01


Tree=68
num_leaves=31
num_cat=0
split_feature=2 0 0 8 15 4 0 12 1 8 0 2 0 0 1 15 2 0 0 12 4 3 12 3 1 2 3 3 14 1
split_gain=23895.5 7036.5 1285.3 478.976 797.242 760.901 749.543 799.904 417.086 371.101 350.9 470.836 275.488 279.471 257.079 234.821 155.491 280.375 3603.93 82.7663 49.5724 50.6395 154.455 32.4039 27.093 24.169 20.1434 19.3956 16.8791 12.4227
threshold=3511.5000000000005 4200993.0000000009 4201072.0000000009 1875.0000000000002 5.3217667867264238 1410.0000000000002 4204581.0000000009 3.1651774695465433 1632570077489.5002 40.500000000000007 4205705.5000000009 4175.5000000000009 4204808.5000000009 4204112.0000000009 2173776771241.5002 1.9848434443577256 4855.5000000000009 4200985.0000000009 4200993.0000000009 1.1159798465572681 47.500000000000007 155.50000000000003 1.3826895352780137 4159.5000000000009 4374073345192.5005 50.500000000000007 46.500000000000007 318.50000000000006 1.9784954450991996 4205234324575.5005
decision_type=2 2 2 2 2 2 2 2 2 2 2 2 2 2 2 2 2 2 2 2 2 2 2 2 2 2 2 2 2 2
left_child=1 19 16 9 6 8 7 -5 -6 -3 11 23 13 -13 -14 -8 -2 -18 29 -1 25 22 -22 24 -4 -21 -11 -28 -23 -19
right_child=2 3 10 4 5 -7 15 -9 -10 26 -12 12 14 -15 -16 -17 17 18 -20 20 21 28 -24 -25 -26 -27 27 -29 -30 -31
leaf_value=0.010510201524852405 0.010307189676188475 -0.022356232507344986 0.0057892309304796753 -0.0078960234045064564 -0.035811364843095744 0.0088327817995267881 -0.0021523636034253102 0.0096155709462976604 -0.012730718267233161 -0.021131883994383826 0.010354699010905027 -0.0050248406532112933 -0.0010048181894958905 0.0062435364086843165 -0.017619190431251288 0.0061062788032853069 0.010122738123860046 -0.022689269292564904 0.010329814454009283 0.0074424305769856015 -0.020740575805695341 -0.020197762960591378 0.0077744671223582288 0.010399995989971518 -0.011826299861674022 -0.015177480155329501 0.0094495539433177254 -0.0012057390583608617 -0.018894778198879858 -0.012474337005991555
leaf_weight=9.5021755844354612 7060.8278305996209 41.449005708098412 352.43271419778466 1932.7612032219768 86.096884146332741 158.69414265826344 506.33621118962765 301.54423863068223 863.91846046969295 2.2242979593574992 346.61858240514994 602.830850251019 156.05133667960763 346.66732216626406 230.98453260213137 1075.7434368878603 3275.428810602054 378.59042248129845 2449.1140224654227 10.316062815487387 58.619258657097816 1300.3379735201597 28.102199666202068 196.30003742873669 8.9528198353946191 8.7134860530495626 438.69494968280196 17.775545287877321 4222.7889886796474 12.29193229973316
leaf_count=206 240033 175 8730 21268 713 3031 5565 6480 5971 19 10559 9108 3678 8980 1611 19482 105812 1568 79237 91 235 5210 276 5381 193 56 9450 248 16951 51
internal_value=0 -0.0111553 0.00810549 -0.00302514 -0.003972 -0.0114366 -0.00180344 -0.00553264 -0.0148224 0.00629897 0.00110397 -0.000588795 -0.0038093 -0.00091069 -0.0109203 0.00346314 0.00929621 0.00812894 0.00582945 -0.0189781 -0.0190278 -0.0190825 -0.0115002 0.00712939 0.00535283 -0.00291505 0.00888834 0.00903462 -0.0192015 -0.022368
internal_weight=0 11063.6 15417.1 5425.24 4925.09 1108.71 3816.39 2234.31 950.015 500.144 2240.84 1894.22 1336.53 949.498 387.036 1582.08 13176.3 6115.43 2840 5638.38 5628.88 5609.85 86.7215 557.686 361.386 19.0295 458.695 456.47 5523.13 390.882
internal_count=570368 95427 474941 72402 62510 9715 52795 27748 6684 9892 48240 37681 23377 18088 5289 25047 426701 186668 80856 23025 22819 22672 511 14304 8923 147 9717 9698 22161 1619
is_linear=0
shrinkage=0.01


Tree=69
num_leaves=31
num_cat=0
split_feature=2 0 0 8 15 4 0 13 8 0 2 6 0 0 2 0 0 3 7 13 5 10 4 3 13 2 3 14 20 13
split_gain=23499.5 6914.25 1282 469.856 774.535 738.511 732.775 780.208 364.256 347.418 462.887 276.925 267.846 274.046 155.111 278.946 3542.05 152.852 87.0731 80.9828 70.671 52.9967 48.7332 49.5669 151.174 23.568 20.7958 16.0223 8.99809 8.14292
threshold=3511.5000000000005 4200993.0000000009 4201072.0000000009 1875.0000000000002 5.3217667867264238 1410.0000000000002 4204581.0000000009 3.4655344199481246 40.500000000000007 4205705.5000000009 4175.5000000000009 213.50000000000003 4204808.5000000009 4204112.0000000009 4855.5000000000009 4200985.0000000009 4200993.0000000009 811.50000000000011 2729.5000000000005 1.3201124284121852 50.500000000000007 553.50000000000011 47.500000000000007 155.50000000000003 2.2989862069126414 50.500000000000007 4159.5000000000009 1.9784954450991996 7.9200565504568727 2.6662065669018999
decision_type=2 2 2 2 2 2 2 2 2 2 2 2 2 2 2 2 2 2 2 2 2 2 2 2 2 2 2 2 2 2
left_child=1 19 14 8 6 17 7 -5 -3 10 18 -8 13 -12 -2 -16 -17 -6 21 -1 -10 -4 25 24 -24 -21 -20 -25 -22 -27
right_child=2 3 9 4 5 -7 11 -9 20 -11 12 -13 -14 -15 15 16 -18 -19 26 22 28 -23 23 27 -26 29 -28 -29 -30 -31
leaf_value=0.010504868057510266 0.010303926206255356 -0.022027864783926529 0.010633426776822883 -0.0077668732953476037 -0.012872456406000734 0.0088136560176460994 -0.014417439009161514 0.009600479624019595 -0.015724854543247329 0.01035104862230841 -0.0049533655480799004 0.0044226593459114564 -0.010750209353814662 0.0062168310893049861 0.010117433784495375 -0.022055135984341986 0.010326425344805936 -0.024035881474004882 0.0063040815614696655 0.0074038122130978025 -0.0042260188746234186 -0.028708036272433207 -0.020520552249153303 -0.019994515423090713 0.0077376556419446307 -0.022557377824801703 0.010395863568064516 -0.018724910393414257 0.0096497811038098267 -0.0027802585264265207
leaf_weight=9.4123796075582487 6992.7744081113487 41.645212292671204 5.0400264263153067 1944.390190385282 813.23659694567323 157.45434868708253 82.314435597509146 298.36016737297177 11.38998234272003 343.29006978683174 605.40111972764134 1494.8303190544248 389.21270196512341 344.6848651021719 3244.5293689221144 392.45562343299389 2425.536757517606 144.43632337078452 343.92851628363132 10.266421921551229 4.7237078696489325 10.679799899458883 58.655109941959381 1300.4199173003435 27.954278852790594 5.385631322860716 194.4236918464303 4218.5071432739496 438.92292315512896 3.3937698006629944
leaf_count=206 240033 175 91 21280 5765 3031 1009 6468 86 10559 9108 24038 5289 8980 105812 1619 79237 919 8781 91 96 51 235 5210 276 25 5381 16951 9535 31
internal_value=0 -0.0110415 0.00809056 -0.002991 -0.00392406 -0.0112563 -0.00178358 -0.00545644 0.00627985 0.00109526 -0.000582924 0.00343936 -0.0037632 -0.000900893 0.00928901 0.00811837 0.00581672 -0.0145561 0.00710441 -0.018803 0.00887059 -0.0160945 -0.018852 -0.0189063 -0.0113999 -0.00288308 0.00778181 -0.0190241 0.00950204 -0.0149123
internal_weight=0 11065.7 15292 5431.7 4935.02 1115.13 3819.9 2242.75 496.682 2236.66 1893.37 1577.14 1339.3 950.086 13055.3 6062.52 2817.99 957.673 554.072 5633.99 455.037 15.7198 5624.58 5605.54 86.6094 19.0458 538.352 5518.93 443.647 8.7794
internal_count=570368 95427 474941 72402 62510 9715 52795 27748 9892 48240 37681 25047 23377 18088 426701 186668 80856 6684 14304 23025 9717 142 22819 22672 511 147 14162 22161 9631 56
is_linear=0
shrinkage=0.01


Tree=70
num_leaves=31
num_cat=0
split_feature=2 3 2 2 5 4 13 2 3 15 17 4 15 14 3 1 5 13 14 1 1 5 13 7 4 4 2 10 1 1
split_gain=23111.7 1938.62 1136.6 1077.13 646.571 606.336 512.836 364.025 356.695 344.624 459.157 402.461 335.674 384.66 309.445 202.644 226.126 169.585 158.781 150.737 112.726 77.2526 70.9811 66.7528 60.9216 51.7663 173.167 51.2186 45.478 103.101
threshold=3511.5000000000005 264.50000000000006 84.500000000000014 662.50000000000011 778.50000000000011 4172.5000000000009 1.0935280532362801 2126.5000000000005 46.500000000000007 7.1885776073286189 3.9564883558720996 2599.5000000000005 5.3217667867264238 5.8644858152678658 615.50000000000011 4202993306407.5005 260.50000000000006 1.3461532835074757 1.8343053871512336 2991567571528.5005 1632570084616.0002 499.50000000000006 2.2989862069126414 2729.5000000000005 20.500000000000004 874.50000000000011 4175.5000000000009 553.50000000000011 4187424672483.5005 4205234324575.5005
decision_type=2 2 2 2 2 2 2 2 2 2 2 2 2 2 2 2 2 2 2 2 2 2 2 2 2 2 2 2 2 2
left_child=1 4 24 12 8 7 28 -5 21 10 11 -6 14 -14 -4 22 -17 -8 -7 -12 -11 -1 -10 27 -3 -25 -27 -19 -2 -30
right_child=6 2 3 5 9 18 17 -9 15 20 19 -13 13 -15 -16 16 -18 23 -20 -21 -22 -23 -24 25 -26 26 -28 -29 29 -31
leaf_value=-0.027019093618238631 0.0063949381690493988 0.011787048733849011 -0.013213698381844599 0.0033942764846141738 -0.02312401595679809 -0.013302689194980913 0.01030321656850117 -0.011310258418814927 -0.047185723802758497 -0.03919537752995262 0.0039974981949236644 -0.0040264284659384322 -0.016942376976469581 -0.00017163409798142432 -0.0016874184118745811 -0.014829799513780875 0.0098917442528378002 0.010626739941094336 -0.018097526153256754 -0.010017649949533976 -0.016931138374350337 0.010562450233762018 0.0080103055532401869 0.01044015062489325 -0.018099500236264752 0.0059605110461000014 -0.013233475404848783 -0.028103999701348487 -0.0071054146611983227 0.0057031819265849727
leaf_weight=42.564858097583055 7177.9501048829406 6.8364615216851226 272.11087628826499 269.2505795173347 195.50621946528554 1190.3882142081857 7120.0931159704924 449.28026676923037 2.3375068902969351 27.341585919260979 425.1933396756649 253.33966099843383 440.32185123860836 198.38190798461437 1617.1889048367739 91.495546750724316 62.120956491678953 4.9930013976991168 1645.0769537054002 93.641174022108316 135.15082481503487 6.2762169316411009 710.88928147032857 130.55278505757451 2931.856253799051 318.10863264650106 55.1533716134727 10.799632400274275 82.034302903339267 268.63361625745893
leaf_count=195 207464 63 1999 3678 1388 7620 245482 3833 14 203 8494 3058 2896 2243 22390 516 819 91 7758 692 618 129 14593 3306 12228 8271 1209 51 1708 7359
internal_value=0 -0.0109302 -0.0129234 -0.010456 -0.00214151 -0.0140053 0.00807541 -0.00580012 0.00410403 -0.00720175 -0.00493892 -0.0123449 -0.00546622 -0.0117334 -0.00334752 0.00558552 -0.00483266 0.00990073 -0.0160846 0.00146799 -0.0206774 -0.0221898 0.00782941 0.00438553 -0.01803 0.00502012 0.0031244 -0.0158589 0.00622315 0.00270677
internal_weight=0 11066.5 9020.69 6082 2045.86 3554 15168.3 718.531 915.684 1130.17 967.68 448.846 2528 638.704 1889.3 866.843 153.617 7639.7 2835.47 518.835 162.492 48.8411 713.227 519.607 2938.69 503.815 373.262 15.7926 7528.62 350.668
internal_count=570368 95427 64708 52417 30719 22889 474941 7511 16266 14453 13632 4446 29528 5139 24389 15942 1335 258410 15378 9186 821 324 14607 12928 12291 12786 9480 142 216531 9067
is_linear=0
shrinkage=0.01


Tree=71
num_leaves=31
num_cat=0
split_feature=12 0 0 1 8 6 0 3 1 1 14 0 12 0 0 0 0 15 0 1 1 1 1 1 1 1 4 3 12 14
split_gain=22326.3 7107.83 1323.95 421.497 472.332 512.066 560.218 433.789 329.203 485.837 299.033 258.967 155.915 279.72 3493.56 150.168 275.277 72.7528 123.235 57.301 138.899 56.8573 50.8011 88.4446 58.6397 47.9928 47.7154 47.5339 146.878 43.7317
threshold=1.1159798465572681 4201048.0000000009 4201072.0000000009 4202993306407.5005 1837.0000000000002 2579.5000000000005 4204581.0000000009 3103.5000000000005 2417604865630.5005 2621383306356.5005 3.2946001893412262 4202198.5000000009 1.0174949934843371 4200985.0000000009 4200993.0000000009 4205705.5000000009 4204355.0000000009 4.2854732606655803 4205395.0000000009 1900371961397.0002 1779273504520.5002 4205234304898.5005 2432589630104.5005 2424655943147.0005 2521344728486.5005 1936595230848.0002 47.500000000000007 155.50000000000003 1.3826895352780137 1.896216349394136
decision_type=2 2 2 2 2 2 2 2 2 2 2 2 2 2 2 2 2 2 2 2 2 2 2 2 2 2 2 2 2 2
left_child=2 26 12 4 -3 7 -7 -6 11 22 29 19 13 -1 -15 16 -11 21 -19 20 -4 -12 23 -10 -24 -21 -2 28 -28 -5
right_child=1 3 8 10 5 6 -8 -9 9 15 17 -13 -14 14 -16 -17 -18 18 -20 25 -22 -23 24 -25 -26 -27 27 -29 -30 -31
leaf_value=0.010108876850461577 -0.0027698374025847548 0.0081854825860158149 -0.0048785411959552287 -0.0092671683065396818 -0.0071721122879223444 -0.0039831766141219518 0.0043940049643108334 -0.040903988471663391 -0.018651666816163832 0.001398602087142272 -0.0075401429848388577 0.0064449562543099142 0.010298425945320447 -0.021835642081156476 0.010321053795767861 0.01031738709977653 -0.017019185151897674 -0.0065537038336155127 -0.016521535844163601 0.010551456149535714 -0.032608894138630634 -0.026312196367934516 -0.039723948740877438 -0.00031302238707461719 -0.0092049722059824243 -0.0046471293649497872 -0.020209613446033402 -0.018716255072029914 0.0077091509450988903 0.0065833035220251284
leaf_weight=3195.0787159781903 19.104017101228237 448.67649702727795 153.4894061461091 20.788788601756096 1109.1450022272766 1966.4261670559645 1343.8333256263286 39.48100421577692 148.69946622848511 423.64326129853725 21.73178793489933 936.95323702320457 6877.7273376993835 393.52388973534107 2388.0902318097651 118.92939047329128 100.37944673374295 253.35146270319819 242.99198578298092 36.433632150292397 20.472174994647503 62.647204622626305 19.262347135692838 31.949411191046238 9.3526949882507306 48.345464900135994 58.666912570595741 5508.2600559145212 27.760147765278816 106.98679406568408
leaf_count=105812 147 9848 2060 174 12493 26480 21901 356 672 7856 169 26026 240391 1619 79237 3989 1459 1980 1180 517 195 314 174 402 104 659 235 22166 276 1477
internal_value=0 -0.0105896 0.00808206 -0.0026354 -0.00159448 -0.00257859 -0.000582375 -0.00833156 0.000614487 -0.00413462 -0.00984557 0.00399935 0.00927177 0.00809033 0.00577174 0.000172909 -0.00212943 -0.012893 -0.0114336 -0.00485667 -0.00814191 -0.0214775 -0.0173693 -0.0154083 -0.029749 0.00188443 -0.0185469 -0.0186008 -0.0112422 0.00400447
internal_weight=0 11229.9 14902.3 5616.06 4907.56 4458.89 3310.26 1148.63 2047.91 852.216 708.498 1195.69 12854.4 5976.69 2781.61 642.952 524.023 580.722 496.343 258.741 173.962 84.379 209.264 180.649 28.615 84.7791 5613.79 5594.69 86.4271 127.776
internal_count=570368 99196 471172 76372 71078 61230 48381 12849 44113 14656 5294 29457 427059 186668 80856 13304 9315 3643 3160 3431 2255 483 1352 1074 278 1176 22824 22677 511 1651
is_linear=0
shrinkage=0.01


Tree=72
num_leaves=31
num_cat=0
split_feature=2 0 0 8 14 4 0 12 1 8 0 2 6 0 0 1 2 0 0 7 12 5 10 4 3 12 2 3 14 1
split_gain=22342.9 6624.96 1280.97 444.237 714.284 680.653 667.016 756.294 452.395 348.275 343.035 451.134 257.699 256.632 266.653 236.353 155.18 278.25 3434.74 84.2917 77.8412 68.7854 50.101 46.9682 46.513 132.202 22.6697 21.0082 15.6575 12.0049
threshold=3511.5000000000005 4200993.0000000009 4201072.0000000009 1875.0000000000002 4.8276800330473497 1410.0000000000002 4204581.0000000009 3.1651774695465433 1632570077489.5002 40.500000000000007 4205705.5000000009 4175.5000000000009 213.50000000000003 4204808.5000000009 4204112.0000000009 2173776771241.5002 4855.5000000000009 4200985.0000000009 4200993.0000000009 2729.5000000000005 1.1159798465572681 50.500000000000007 553.50000000000011 47.500000000000007 166.50000000000003 1.3826895352780137 50.500000000000007 4159.5000000000009 1.9784954450991996 4205234324575.5005
decision_type=2 2 2 2 2 2 2 2 2 2 2 2 2 2 2 2 2 2 2 2 2 2 2 2 2 2 2 2 2 2
left_child=1 20 16 9 6 8 7 -5 -6 -3 11 19 -8 14 -13 -15 -2 -18 29 22 -1 -11 -4 26 25 -25 -22 -21 -26 -19
right_child=2 3 10 4 5 -7 12 -9 -10 21 -12 13 -14 15 -16 -17 17 18 -20 27 23 -23 -24 24 28 -27 -28 -29 -30 -31
leaf_value=0.010501095926706455 0.010294334224301663 -0.021269572000511841 0.010622973607407575 -0.0074623755596971231 -0.03643800539965842 0.0087534629159208566 -0.013763057953860547 0.0095980680042716121 -0.01187182772411457 -0.015253517869173014 0.010342578175306054 -0.0049121895725367185 0.0041725369686270953 -0.0010166657435589728 0.0061514352193760566 -0.016890685743520564 0.010103613917079096 -0.021854904575542813 0.01031775723325226 0.0062305604452350593 0.0074021380448935671 0.0094703830129294741 -0.027694514548538267 -0.020005892247292576 -0.019507326292784011 0.0057439786237647459 -0.014422014635750872 0.010386171822384847 -0.018251126953290318 -0.011858389007136599
leaf_weight=9.3487585335969907 6792.3755618445575 42.061848714947701 4.971318941563367 1970.4354555159807 82.026914045214653 152.71889228001237 84.589152373373508 299.31289856880903 870.37233896553516 11.551765903830526 335.46695986390114 606.79307164996862 1512.4784335382283 155.89718286320567 339.86178635805845 235.46767325699329 3164.9266964122653 382.50854071974754 2365.0799755640328 338.49476107209921 10.244117155671121 434.87386384606361 10.881345510482786 58.671643704175949 1299.2104939818382 30.201733727008104 8.8901468291878682 189.90079822763801 4199.030817180872 12.402836948633192
leaf_count=206 240033 175 91 21268 589 2963 1010 6548 5780 86 10559 9108 24352 3678 8980 1611 105812 1568 79237 8781 91 9631 51 235 5210 287 56 5381 16940 51
internal_value=0 -0.010704 0.00803965 -0.00286096 -0.003755 -0.010845 -0.00172872 -0.00521261 -0.0139876 0.00623881 0.00102657 -0.000633778 0.00322257 -0.00375611 -0.0009402 -0.0105674 0.00926264 0.0080799 0.00575928 0.0070424 -0.0183303 0.00883062 -0.0156783 -0.0183784 -0.018432 -0.0112553 -0.00273778 0.00772405 -0.018548 -0.0215409
internal_weight=0 11076 14935 5460.42 4971.93 1105.12 3866.82 2269.75 952.399 488.487 2217.73 1882.27 1597.07 1338.02 946.655 391.365 12717.3 5924.92 2759.99 544.248 5615.6 446.426 15.8527 5606.25 5587.11 88.8734 19.1343 528.396 5498.24 394.911
internal_count=570368 95427 474941 72402 62510 9332 53178 27816 6369 9892 48240 37681 25362 23377 18088 5289 426701 186668 80856 14304 23025 9717 142 22819 22672 522 147 14162 22150 1619
is_linear=0
shrinkage=0.01


Tree=73
num_leaves=31
num_cat=0
split_feature=2 0 0 8 15 0 12 4 1 8 0 2 6 0 0 1 2 0 0 7 12 10 4 3 12 2 3 3 3 14
split_gain=21978.7 6516.95 1277.45 435.902 712.512 685.551 731.658 678.474 366.884 342.091 339.599 443.593 256.392 249.607 261.476 228.52 154.765 276.767 3377.58 82.8571 76.2357 48.4796 46.2287 45.7327 141.137 22.1207 21.0649 19.1754 18.839 14.9443
threshold=3511.5000000000005 4200993.0000000009 4201072.0000000009 1875.0000000000002 5.3217667867264238 4204581.0000000009 3.1651774695465433 1410.0000000000002 2424655927106.5005 40.500000000000007 4205705.5000000009 4175.5000000000009 213.50000000000003 4204808.5000000009 4204112.0000000009 2173776771241.5002 4855.5000000000009 4200985.0000000009 4200993.0000000009 2729.5000000000005 1.1159798465572681 553.50000000000011 47.500000000000007 155.50000000000003 1.3826895352780137 50.500000000000007 4159.5000000000009 46.500000000000007 318.50000000000006 1.9784954450991996
decision_type=2 2 2 2 2 2 2 2 2 2 2 2 2 2 2 2 2 2 2 2 2 2 2 2 2 2 2 2 2 2
left_child=1 20 16 9 5 6 -5 8 -6 -3 11 19 -7 14 -13 -15 -2 -18 -19 21 -1 -4 25 24 -24 -22 -21 -11 -29 -25
right_child=2 3 10 4 7 12 -8 -9 -10 27 -12 13 -14 15 -16 -17 17 18 -20 26 22 -23 23 29 -26 -27 -28 28 -30 -31
leaf_value=0.010495861674012792 0.010291201900346696 -0.020978267779214819 0.010616402150034872 -0.0073482874909767551 -0.022925073759877308 -0.013446067816055878 0.0095735302115397825 0.0087741748152074823 -0.0096679722611845518 -0.020324489637651894 0.010339057275715588 -0.0048428157938016584 0.0043891839701459849 -0.0010055625104890083 0.0061246615433231313 -0.016584538668320346 0.010098364616892935 -0.021256187808385788 0.010314495821891661 0.006203840879165261 0.0073636055172994416 -0.027137916160210222 -0.019808229360387886 -0.019324330397125413 0.0076449978408922696 -0.014179040999130818 0.010382187510501534 0.0093870121008021289 -0.0010936336584246224 -0.018096634137140011
leaf_weight=9.2603295594453794 6726.8267728462815 42.218659728765488 4.9248848892748347 1980.9643240943551 301.5056028701365 85.222115244716406 293.35150463506579 154.9221788905561 678.57857825607061 2.2471188791096202 332.24154902994633 609.317791685462 1486.800025831908 156.04164670407772 337.94366146624088 237.40632865577936 3135.0556962173432 396.19320417940617 2342.2837696131319 336.56281949579716 10.194992378354074 10.992905303835867 58.664571791887283 1298.4023782163858 27.506824966520071 8.9517508894205076 188.08305058628321 422.73293698579073 17.875989031046629 4194.6937645748258
leaf_count=206 240033 175 91 21268 2396 1009 6480 3031 4288 19 10559 9108 24038 3678 8980 1611 105812 1619 79237 8781 91 51 235 5210 276 56 5381 9450 248 16951
internal_value=0 -0.0105987 0.00802481 -0.00282895 -0.00371015 -0.00165569 -0.00516564 -0.0106724 -0.0137463 0.00622029 0.00101852 -0.000627528 0.0034223 -0.00371088 -0.000930074 -0.0104059 0.00925561 0.00806957 0.00574696 0.00701981 -0.0181728 -0.0154569 -0.0182202 -0.0182734 -0.0110449 -0.00270831 0.00770176 0.0088132 0.0089618 -0.0183868
internal_weight=0 11074.1 14813.9 5466.42 4981.34 3846.34 2274.32 1135.01 980.084 485.075 2213.51 1881.27 1572.02 1340.71 947.261 393.448 12600.4 5873.53 2738.48 540.564 5607.67 15.9178 5598.41 5579.27 86.1714 19.1467 524.646 442.856 440.609 5493.1
internal_count=570368 95427 474941 72402 62510 52795 27748 9715 6684 9892 48240 37681 25047 23377 18088 5289 426701 186668 80856 14304 23025 142 22819 22672 511 147 14162 9717 9698 22161
is_linear=0
shrinkage=0.01


Tree=74
num_leaves=31
num_cat=0
split_feature=2 0 0 8 14 4 0 12 1 8 0 2 6 0 0 1 2 0 0 7 12 5 4 3 12 5 2 3 14 1
split_gain=21622.2 6412.27 1273.93 427.796 672.697 640.664 637.831 724.177 413.897 337.122 336.199 436.192 245.384 242.82 256.412 221.029 154.34 275.27 3321.98 81.4591 74.6805 67.752 45.515 44.8373 138.29 43.4372 21.5886 21.121 14.2278 11.6508
threshold=3511.5000000000005 4200993.0000000009 4201072.0000000009 1837.0000000000002 4.8276800330473497 1410.0000000000002 4204581.0000000009 3.1651774695465433 1632570077489.5002 40.500000000000007 4205705.5000000009 4175.5000000000009 213.50000000000003 4204808.5000000009 4204112.0000000009 2173776771241.5002 4855.5000000000009 4200985.0000000009 4200993.0000000009 2729.5000000000005 1.1159798465572681 50.500000000000007 47.500000000000007 155.50000000000003 1.3826895352780137 301.50000000000006 50.500000000000007 4159.5000000000009 1.9784954450991996 4205234324575.5005
decision_type=2 2 2 2 2 2 2 2 2 2 2 2 2 2 2 2 2 2 2 2 2 2 2 2 2 2 2 2 2 2
left_child=1 20 16 9 6 8 7 -5 -6 -3 11 19 -8 14 -13 -15 -2 -18 29 25 -1 -11 26 24 -24 -4 -22 -21 -25 -19
right_child=2 3 10 4 5 -7 12 -9 -10 21 -12 13 -14 15 -16 -17 17 18 -20 27 22 -23 23 28 -26 -27 -28 -29 -30 -31
leaf_value=0.010490684831755911 0.010288101581180065 -0.020696417371116878 -0.025738746450466036 -0.0072366146909722861 -0.034532264479146479 0.0087144697239899069 -0.01322260537214387 0.0095717550144455068 -0.011443385377545778 -0.01491923359201601 0.010335573677813752 -0.0047747189793301151 0.0041182763703302688 -0.00099459108027712931 0.0060978708805201976 -0.016287722022073819 0.010093130623300035 -0.021288886642581072 0.010311268331847848 0.0061771025127182223 0.0073251860179780652 0.0095046147797421578 -0.0196163671406651 -0.019146525039918035 0.0076084176996093072 0.01065751628553374 -0.013942737036352699 0.010378244697936278 -0.017947999290595471 -0.011466618712218544
leaf_weight=9.1726892143487913 6661.8905057832599 42.364922493696213 11.370816379785536 1991.3657216690481 85.117143116891384 150.35439207777381 86.289132837206125 294.19488802552223 883.85242850705981 11.670053347945212 329.04599161446095 611.81511306390166 1502.4429461918771 156.18464336544275 336.04365792497993 239.30565997958183 3105.4630289524794 384.90762332081795 2319.6998511739075 334.64911204576492 10.146224386990072 424.46311937645078 58.646054804325104 1297.3605239540339 27.363404329866171 4.607826054096221 9.0121248587965948 186.28197339177132 4187.1748445630074 12.467463880777357
leaf_count=206 240033 175 56 21268 589 2963 1010 6548 5843 86 10559 9108 24352 3678 8980 1611 105812 1568 79237 8781 91 9568 235 5210 276 86 56 5381 16951 51
internal_value=0 -0.0104956 0.00800998 -0.00279748 -0.00366299 -0.0104914 -0.00169019 -0.00507306 -0.0134716 0.00623503 0.00101054 -0.00062135 0.00317644 -0.00366634 -0.000920068 -0.0102483 0.00924863 0.00805932 0.00573478 0.00699723 -0.0180195 0.00885108 -0.0180662 -0.0181192 -0.010955 -0.015243 -0.00267929 0.00767941 -0.0182315 -0.0209807
internal_weight=0 11071 14693.7 5472.11 4993.62 1119.32 3874.29 2285.56 968.97 478.498 2209.3 1880.26 1588.73 1343.35 947.859 395.49 12484.4 5822.54 2717.07 536.91 5598.88 436.133 5589.7 5570.54 86.0095 15.9786 19.1583 520.931 5484.54 397.375
internal_count=570368 95427 474941 72402 62573 9395 53178 27816 6432 9829 48240 37681 25362 23377 18088 5289 426701 186668 80856 14304 23025 9654 22819 22672 511 142 147 14162 22161 1619
is_linear=0
shrinkage=0.01


Tree=75
num_leaves=31
num_cat=0
split_feature=2 0 0 1 4 12 0 2 13 13 13 1 14 0 0 1 1 1 1 2 0 0 1 2 12 9 4 3 12 3
split_gain=21272.6 6311 1270.42 414.564 405.665 355.326 332.833 428.924 329.594 309.619 288.576 256.215 264.824 236.259 251.458 230.883 837.241 225.391 213.861 153.903 273.761 3267.89 143.828 75.4182 73.1732 61.4292 44.8254 43.9964 124.337 32.6054
threshold=3511.5000000000005 4200993.0000000009 4201072.0000000009 2241719161008.5005 4824.0000000000009 1.8913489950052682 4205705.5000000009 4175.5000000000009 1.8107551040761356 1.8627737393255022 1.6890147687630592 2424655927106.5005 2.4189829462400438 4204808.5000000009 4204112.0000000009 1564759720309.0002 1478970866856.5002 1900371961397.0002 2173776771241.5002 4855.5000000000009 4200985.0000000009 4200993.0000000009 1836311521521.5002 3092.5000000000005 1.1159798465572681 3135.0000000000005 47.500000000000007 166.50000000000003 1.3826895352780137 4159.5000000000009
decision_type=2 2 2 2 2 2 2 2 2 2 2 2 2 2 2 2 2 2 2 2 2 2 2 2 2 2 2 2 2 2
left_child=1 24 19 8 11 9 7 29 10 -6 23 25 -13 14 -9 16 -10 -12 -15 -2 -21 -22 -17 -3 -1 -5 -26 28 -28 -4
right_child=2 3 6 4 5 -7 -8 13 15 -11 17 12 -14 18 -16 22 -18 -19 -20 20 21 -23 -24 -25 26 -27 27 -29 -30 -31
leaf_value=0.010485564875055127 0.010285032576932793 0.0048595377961653556 0.0051762111881506149 0.010486147308051452 -0.0010115021526376214 0.0097242315810349787 0.010332126837920905 -0.0047078673755368925 0.0018177337908714211 -0.022126688731417082 -0.019369638188707298 -0.03742693762986081 -0.00627637312727125 -0.0009837493351050287 0.0060710637253447121 0.0070709769471097887 -0.023980545149236615 -0.0010520407707794712 -0.015999791141056197 0.010087909268890687 -0.020714249807831875 0.010308075594026626 -3.7750786045703871e-05 -0.01271465484584058 -0.002650697077496213 -0.019896798694801321 -0.019430061749815663 -0.018081999869628315 0.005649590517925589 0.01037434482252954
leaf_weight=9.0858313590288144 6597.5618425961584 163.19982953742146 348.79522648826241 6.8970008790493003 439.28738401830196 273.39121643826365 325.88007856346667 614.28534971550107 865.83806195855141 82.483919560909271 206.51185224950314 27.73325277864933 1712.7068518213928 156.32620469480753 334.16164516657591 790.19029144197702 147.18027111887932 99.557693794369698 241.16658937186003 3076.1464556530118 398.45645570755005 2297.326220145449 444.84419407695532 28.71543700248003 19.169108331203461 189.25637359917164 58.616439610719681 5472.551210783422 29.826550614088774 184.49741869419813
leaf_count=206 240033 2008 8923 156 4559 5195 10559 9108 15761 1039 956 158 15381 3678 8980 16309 1292 812 1611 105812 1619 79237 7446 283 147 1047 235 22150 287 5381
internal_value=0 -0.0103943 0.00799515 -0.00276636 -0.00552456 0.000489313 0.0010026 -0.000615241 -2.25072e-05 -0.00434948 -0.00738342 -0.00799385 -0.00677275 -0.00362249 -0.00091018 0.00160807 -0.00193047 -0.0134113 -0.0100943 0.00924172 0.00804916 0.00572275 0.0045105 0.00222999 -0.0178701 -0.0188285 -0.0179163 -0.0179689 -0.0109722 0.00697455
internal_weight=0 11067 14574.6 5477.79 2731.76 795.163 2205.11 1879.23 2746.04 521.771 497.985 1936.59 1740.44 1345.94 948.447 2248.05 1013.02 306.07 397.493 12369.5 5771.93 2695.78 1235.03 191.915 5589.25 196.153 5580.16 5560.99 88.443 533.293
internal_count=570368 95427 474941 72402 27535 10793 48240 37681 44867 5598 4059 16742 15539 23377 18088 40808 17053 1768 5289 426701 186668 80856 23755 2291 23025 1203 22819 22672 522 14304
is_linear=0
shrinkage=0.01


Tree=76
num_leaves=31
num_cat=0
split_feature=2 3 2 2 5 4 12 12 3 15 17 4 15 14 3 1 5 14 14 1 1 5 4 7 4 4 2 10 1 1
split_gain=20930.6 1710.12 1063 993.273 599.024 585.318 554.714 510.825 329.596 301.374 407.982 377.856 299.761 345.783 282.419 189.112 207.987 171.896 150.417 138.586 83.5234 68.8176 66.5405 62.003 56.6978 52.9366 162.348 45.7082 44.1537 96.4166
threshold=3511.5000000000005 264.50000000000006 84.500000000000014 662.50000000000011 778.50000000000011 4172.5000000000009 1.2458435429170043 1.0174949934843371 46.500000000000007 7.1885776073286189 3.9564883558720996 2599.5000000000005 5.3217667867264238 5.8644858152678658 615.50000000000011 4202993306407.5005 260.50000000000006 1.7795022112803112 1.8343053871512336 2991567571528.5005 1632570084616.0002 499.50000000000006 4047.5000000000005 2729.5000000000005 20.500000000000004 874.50000000000011 4175.5000000000009 553.50000000000011 4187424672483.5005 4205234324575.5005
decision_type=2 2 2 2 2 2 2 2 2 2 2 2 2 2 2 2 2 2 2 2 2 2 2 2 2 2 2 2 2 2
left_child=1 4 24 12 8 6 -5 28 21 10 11 -6 14 -14 -4 22 -17 -9 -7 -12 -11 -1 -10 27 -3 -25 -27 -19 -2 -30
right_child=7 2 3 5 9 18 -8 17 15 20 19 -13 13 -15 -16 16 -18 23 -20 -21 -22 -23 -24 25 -26 26 -28 -29 29 -31
leaf_value=-0.025362322723068917 0.0062751843744845463 0.011772861745940942 -0.012465235088258132 -0.014226800619748646 -0.021842489418417762 -0.012563351100065024 0.0031607998167854229 0.010284469627224352 0.0079418634390530339 -0.034352363231085217 0.0039088908663733497 -0.0035371334397057957 -0.015697546924879544 5.9673431231712363e-05 -0.0014514954008047125 -0.013782701853425488 0.0098781859063685837 0.010603856639812616 -0.017238555485161712 -0.0095054370144416287 -0.015935290848342224 0.010542952001546764 -0.044310152603389386 0.010431827887722482 -0.017208772114742862 0.0058016371302020064 -0.012631640766584089 -0.026226417753776429 -0.0068128811808251654 0.0055872521491289531
leaf_weight=43.603229727596045 6887.1664372365922 6.765998773276805 271.68634855002165 355.74025098606944 200.80467334762216 1185.2036433033645 378.91228457167745 6718.7762745656073 693.32572459429502 29.994546569883823 416.98251850903034 257.19273438304663 454.61625347658992 200.768773753196 1627.5813501663506 94.092947900295258 61.390716698020697 4.8242428638041011 1640.9752333909273 94.463209953159094 137.54035294800997 6.0827253684401503 2.4457330256700507 127.36517007276416 2901.3059244789183 308.11829955130816 56.548231527209282 11.175594657659529 82.626206004992127 260.07117602415383
leaf_count=195 207464 63 1999 2313 1388 7620 5198 245482 14593 203 8494 3058 2896 2243 22390 516 819 91 7758 692 618 129 14 3306 12228 8271 1209 51 1708 7359
internal_value=0 -0.0102955 -0.0121641 -0.00979726 -0.00202174 -0.0132108 -0.00525879 0.00798022 0.0040688 -0.00684789 -0.00470762 -0.0115629 -0.00503921 -0.0108705 -0.00302699 0.00553007 -0.00444051 0.00986038 -0.0152779 0.00143129 -0.0192326 -0.0209667 0.00775819 0.00425171 -0.0171413 0.00488169 0.00294322 -0.0151214 0.00610086 0.00259751
internal_weight=0 11061.5 9023.56 6115.48 2037.92 3560.83 734.653 14456.7 900.941 1136.98 969.443 457.997 2554.65 655.385 1899.27 851.255 155.484 7226.81 2826.18 511.446 167.535 49.686 695.771 508.032 2908.07 492.032 364.667 15.9998 7229.86 342.697
internal_count=570368 95427 64708 52417 30719 22889 7511 474941 16266 14453 13632 4446 29528 5139 24389 15942 1335 258410 15378 9186 821 324 14607 12928 12291 12786 9480 142 216531 9067
is_linear=0
shrinkage=0.01


Tree=77
num_leaves=31
num_cat=0
split_feature=2 0 0 8 15 0 12 4 0 2 1 8 6 0 0 1 2 0 0 7 12 5 4 3 12 5 3 2 14 1
split_gain=20577.8 6163.92 1272.89 409.639 659.43 646.426 683.651 617.253 331.005 422.804 326.887 324.335 241.852 230.41 247.193 206.197 154.331 274.439 3225.59 79.0237 71.9504 64.283 44.0885 42.4035 132.151 40.9336 21.2594 20.7714 13.9543 11.3485
threshold=3511.5000000000005 4200993.0000000009 4201072.0000000009 1837.0000000000002 5.3217667867264238 4204581.0000000009 3.1651774695465433 1410.0000000000002 4205705.5000000009 4175.5000000000009 2424655927106.5005 40.500000000000007 213.50000000000003 4204808.5000000009 4204112.0000000009 2173776771241.5002 4855.5000000000009 4200985.0000000009 4200993.0000000009 2729.5000000000005 1.1159798465572681 50.500000000000007 47.500000000000007 155.50000000000003 1.3826895352780137 301.50000000000006 4159.5000000000009 50.500000000000007 1.9784954450991996 4205234324575.5005
decision_type=2 2 2 2 2 2 2 2 2 2 2 2 2 2 2 2 2 2 2 2 2 2 2 2 2 2 2 2 2 2
left_child=1 20 16 11 5 6 -5 10 9 19 -6 -3 -7 14 -11 -15 -2 -18 29 25 -1 -13 27 24 -24 -4 -21 -22 -25 -19
right_child=2 3 8 4 7 12 -8 -9 -10 13 -12 21 -14 15 -16 -17 17 18 -20 26 22 -23 23 28 -26 -27 -28 -29 -30 -31
leaf_value=0.010486574741760703 0.010278986926702505 -0.020083159656090272 -0.024892916741914514 -0.0069650521605129512 -0.021455488554650883 -0.01275627749269341 0.0095393782855673192 0.0087096260259072762 0.010326489335908849 -0.0047100237105517232 -0.0091380242269720607 -0.013944206141525022 0.0043719476950746699 -0.0010415451608379144 0.0060166222695478 -0.01579053432425076 0.01007953251309706 -0.020833401761118524 0.010303047732638848 0.0061005098157208473 0.0073218452543120077 0.0094833364730908393 -0.019168888336511748 -0.018719872558708116 0.0075517108952787917 0.010645846015532564 0.010366756590480935 -0.013482655287001894 -0.017530675465728875 -0.011157850671867801
leaf_weight=9.1029759049415571 6470.6902188565582 42.650482073426247 11.548234328627588 2014.4273176342249 313.24460414797068 87.299843110144138 286.69607125967741 150.89216008782387 320.70118569582701 614.23544401675463 690.14594849199057 12.049727410078047 1480.0813101194799 155.57439933344722 330.39670652151108 242.60236747562885 3029.5147107783705 386.65079313516617 2262.0204328000546 329.2760882563889 10.121828615665438 418.27904806658626 58.532370507717133 1293.4419907927513 27.068160835653543 4.5054035149514666 181.01690411567688 9.1257050186395627 4161.271747469902 12.514750823378561
leaf_count=206 240033 175 56 21268 2459 1009 6480 3031 10559 9108 4288 86 24038 3678 8980 1611 105812 1568 79237 8781 91 9568 235 5210 276 86 5381 56 16951 51
internal_value=0 -0.0101897 0.00795879 -0.00267652 -0.00351431 -0.00153508 -0.00490877 -0.0101476 0.00094046 -0.000669952 -0.0129834 0.00622036 0.00341794 -0.00364762 -0.000958247 -0.0100279 0.00922255 0.00802132 0.00567823 0.00692662 -0.0176046 0.00882734 -0.0176506 -0.0177031 -0.0107194 -0.0149191 0.00761388 -0.00254205 -0.0178127 -0.0205301
internal_weight=0 11064.4 14351.2 5495.77 5022.79 3868.5 2301.12 1154.28 2189.86 1869.16 1003.39 472.979 1567.38 1342.81 944.632 398.177 12161.4 5690.7 2661.19 526.347 5568.66 430.329 5559.56 5540.31 85.6005 16.0536 510.293 19.2475 5454.71 399.166
internal_count=570368 95427 474941 72402 62573 52795 27748 9778 48240 37681 6747 9829 25047 23377 18088 5289 426701 186668 80856 14304 23025 9654 22819 22672 511 142 14162 147 22161 1619
is_linear=0
shrinkage=0.01


Tree=78
num_leaves=31
num_cat=0
split_feature=12 0 0 5 13 13 6 13 4 0 0 0 3 3 12 5 15 5 1 12 0 0 1 0 1 1 4 4 3 12
split_gain=19905.9 6397.83 1308.88 375.574 409.616 921.355 530.084 407.428 318.847 303.701 445.249 405.676 277.621 270.711 328.037 613.756 286.622 254.676 199.979 154.236 272.895 3173.94 66.052 63.1446 55.0844 51.1061 44.6494 43.4897 41.6969 129.583
threshold=1.1159798465572681 4201048.0000000009 4201072.0000000009 171.50000000000003 1.7754236602093663 1.6694167651246727 170.50000000000003 3.4655344199481246 258.50000000000006 4205705.5000000009 4204808.5000000009 4202198.5000000009 4149.5000000000009 4685.5000000000009 3.0255552019457324 156.50000000000003 5.4423474458976537 317.50000000000006 2173776771241.5002 1.0174949934843371 4200985.0000000009 4200993.0000000009 932620487749.50012 4204355.0000000009 2424655934955.0005 92909938457.500015 54.500000000000007 47.500000000000007 155.50000000000003 1.3826895352780137
decision_type=2 2 2 2 2 2 2 2 2 2 2 2 2 2 2 2 2 2 2 2 2 2 2 2 2 2 2 2 2 2
left_child=2 27 19 13 5 17 8 -8 -6 10 11 25 -7 14 15 -3 -16 -5 22 20 -1 -22 -12 -13 -20 -4 -15 -2 29 -29
right_child=1 3 9 4 6 12 7 -9 -10 -11 18 23 -14 26 16 -17 -18 -19 24 -21 21 -23 -24 -25 -26 -27 -28 28 -30 -31
leaf_value=0.010074344150173791 -0.0025152461414015902 0.0065579606669977563 0.0098144126730634034 -0.019219969877004788 0.0030742297935565312 0.010409620006928542 0.00057681852729620875 0.0097781199658003755 -0.013167720653463298 0.010320599623333119 0.0085245086937140412 0.0073221308460391108 -0.017707950129803918 -0.042139400554844705 -0.022149412504733058 -0.011559102696582295 -0.0073925486440040945 0.0061948812072143075 -0.021701279959894567 0.010277086471787062 -0.020277844874376925 0.010299941181275765 -0.00561633698579222 -8.6677907639828473e-05 -0.012038109400358101 -0.0059208734706861247 -0.0016559218405702747 -0.018995381419775199 -0.017678495521950065 0.0075152758184467367
leaf_weight=3000.9075782541186 19.255930282175541 430.89141513779759 21.551836803555489 43.525891646742821 178.75828899815679 37.902663744986057 1905.0327749811113 643.8790682181716 373.2129596658051 272.98033215664327 47.216991860419512 689.17833340167999 477.50412502139807 24.459036991000179 166.66204084455967 330.35051525384188 625.98481242731214 418.86776556260884 96.250574007630348 6427.2357091493905 400.08413156867027 2240.1849969662726 109.95274005830288 138.0868581160903 152.39106369018555 488.20846979320049 3.065815031528472 58.476615980267525 5443.6885184720159 26.928100910037756
leaf_count=105812 147 6912 335 274 3256 1042 29123 14382 2801 9146 1193 19127 2599 228 773 3014 5499 6440 414 240391 1619 79237 2511 3691 1233 6463 29 235 22166 276
internal_value=0 -0.00988661 0.00797208 -0.0024064 -0.000802424 -0.00644589 0.00097713 0.00290115 -0.00790769 0.000513049 -0.00102311 0.00176151 -0.0156402 -0.00654329 -0.00599263 -0.00130417 -0.0104953 0.00380254 -0.0101976 0.00921798 0.00801129 0.00566644 -0.00136814 0.00608545 -0.0157788 -0.00525561 -0.0376302 -0.0175175 -0.0175697 -0.0106366
internal_weight=0 11208.4 14084.2 5660.1 4078.68 977.8 3100.88 2548.91 551.971 2015.82 1742.84 1337.03 515.407 1581.41 1553.89 761.242 792.647 462.394 405.811 12068.4 5641.18 2640.27 157.17 827.265 248.642 509.76 27.5249 5548.35 5529.09 85.4047
internal_count=570368 99196 471172 76372 59917 10355 49562 43505 6057 44113 34967 29616 3641 16455 16198 9926 6272 6714 5351 427059 186668 80856 3704 22818 1647 6798 257 22824 22677 511
is_linear=0
shrinkage=0.01


Tree=79
num_leaves=31
num_cat=0
split_feature=2 0 0 8 15 0 12 4 0 2 1 8 6 0 0 1 2 0 0 7 12 5 10 4 3 12 3 2 15 1
split_gain=19928.2 5977.83 1265.66 395.824 629.476 627.619 658.314 595.156 324.495 408.999 322.64 315.095 232.542 217.973 239.228 193.61 153.41 271.341 3123.62 77.6357 69.1847 62.4575 43.0867 42.8963 40.8937 116.364 21.4405 20.2577 12.8731 11.0607
threshold=3511.5000000000005 4200993.0000000009 4201072.0000000009 1875.0000000000002 5.3217667867264238 4204581.0000000009 3.1651774695465433 1410.0000000000002 4205705.5000000009 4175.5000000000009 2424655927106.5005 40.500000000000007 213.50000000000003 4204808.5000000009 4204112.0000000009 2173776771241.5002 4855.5000000000009 4200985.0000000009 4200993.0000000009 2729.5000000000005 1.1159798465572681 50.500000000000007 553.50000000000011 47.500000000000007 166.50000000000003 1.3826895352780137 4159.5000000000009 50.500000000000007 1.9879314951391314 4205234324575.5005
decision_type=2 2 2 2 2 2 2 2 2 2 2 2 2 2 2 2 2 2 2 2 2 2 2 2 2 2 2 2 2 2
left_child=1 20 16 11 5 6 -5 10 9 19 -6 -3 -7 14 -11 -15 -2 -18 29 22 -1 -13 -4 27 25 -25 -21 -22 -26 -19
right_child=2 3 8 4 7 12 -8 -9 -10 13 -12 21 -14 15 -16 -17 17 18 -20 26 23 -23 -24 24 28 -27 -28 -29 -30 -31
leaf_value=0.010476577541397199 0.010273063772629732 -0.019710389342363303 0.010593640179262566 -0.0068001592745430177 -0.0210573119600608 -0.012333045143211834 0.0095124322450317201 0.0086940948835057836 0.010319931219897112 -0.0046021009802413053 -0.0088569074237877157 -0.01355138395849087 0.00434298464806924 -0.0010154402146840249 0.0059709802838448633 -0.015259409418318909 0.010069166945600658 -0.020332071075061482 0.010296868107042887 0.0060441324664798537 0.007296691012723574 0.0093973064745112595 -0.025303108043989834 -0.018826683483831205 -0.018409446810890132 0.0055624065788244907 0.010360334359386745 -0.013224737084159813 -0.017265247082631253 -0.010799267799708823
leaf_weight=8.9329392164945585 6346.1940177753568 42.819304540753365 4.7383897975087192 2029.1668328866363 314.69841735437512 88.655654076486826 281.74232517182827 149.95783096924424 314.64328698068857 618.19756906107068 696.45271362364292 12.208050936460493 1472.5242059230804 155.90905789658427 327.29433114826679 245.9813326895237 2972.5678910519928 388.3487536907196 2218.5533849261701 325.41423653438687 10.090150475502016 415.45099572464824 11.360585182905195 58.410917088389397 1289.7144737690687 29.413751661777496 178.06377023458481 9.1928808912634832 4138.4578676223755 12.565251633524893
leaf_count=206 240033 175 91 21268 2396 1009 6480 3031 10559 9108 4288 86 24038 3678 8980 1611 105812 1568 79237 8781 91 9631 51 235 5210 287 5381 56 16940 51
internal_value=0 -0.0100018 0.0079291 -0.00261889 -0.00343881 -0.00150225 -0.00481135 -0.00989689 0.000925419 -0.000657861 -0.012654 0.00615267 0.00339599 -0.00356438 -0.000942091 -0.00973361 0.00920896 0.00800135 0.00565478 0.00687941 -0.0173307 0.00874221 -0.0147377 -0.0173755 -0.0174276 -0.0106584 0.00757063 -0.00248658 -0.0175371 -0.0200333
internal_weight=0 11047.9 14119.8 5503.68 5033.2 3872.09 2310.91 1161.11 2181.6 1866.96 1011.15 470.478 1561.18 1347.38 945.492 401.89 11938.2 5592.04 2619.47 519.577 5544.21 427.659 16.099 5535.28 5516 87.8247 503.478 19.283 5428.17 400.914
internal_count=570368 95427 474941 72402 62510 52795 27748 9715 48240 37681 6684 9892 25047 23377 18088 5289 426701 186668 80856 14304 23025 9717 142 22819 22672 522 14162 147 22150 1619
is_linear=0
shrinkage=0.01


Tree=80
num_leaves=31
num_cat=0
split_feature=12 0 0 1 8 6 13 3 0 0 0 14 1 12 0 0 16 6 1 0 1 1 14 0 1 3 12 15 13 10
split_gain=19281.2 6204.95 1301.1 367.03 413.125 430.459 542.413 380.451 297.462 424.258 392.028 273.984 187.898 153.295 269.776 3074.57 69.307 205.925 64.7826 62.9756 54.7195 49.8482 43.0653 45.826 39.6499 35.8635 103.581 37.0928 31.4358 85.635
threshold=1.1159798465572681 4201048.0000000009 4201072.0000000009 4202993306407.5005 1837.0000000000002 2579.5000000000005 1.8107551040761356 3103.5000000000005 4205705.5000000009 4204808.5000000009 4202198.5000000009 3.2946001893412262 2173776771241.5002 1.0174949934843371 4200985.0000000009 4200993.0000000009 4.7321277542704676 4066.0000000000005 932620487749.50012 4204355.0000000009 2424655934955.0005 92909938457.500015 1.896216349394136 4204916.0000000009 4205234304898.5005 166.50000000000003 1.3826895352780137 5.2206801228272122 3.7915626115324721 553.50000000000011
decision_type=2 2 2 2 2 2 2 2 2 2 2 2 2 2 2 2 2 2 2 2 2 2 2 2 2 2 2 2 2 2
left_child=2 25 13 4 28 7 -7 -6 9 10 21 22 18 14 -1 -16 24 -18 -11 -12 -14 -4 23 -5 -13 26 -2 -27 29 -3
right_child=1 3 8 11 5 6 -8 -9 -10 12 19 16 20 -15 15 -17 17 -19 -20 -21 -22 -23 -24 -25 -26 27 -28 -29 -30 -31
leaf_value=0.010064001289000566 -0.018662605233339267 0.010451424662645819 0.0098063735288944874 -0.042430676579644527 -0.0063463166031309613 -0.0063708716162818911 0.0023118279493456041 -0.036736883503157708 0.01031405774072968 0.0085081062884518385 0.0072773795093278686 -0.0067549337768493187 -0.021152915339621617 0.010271234748188933 -0.019796326390946986 0.010293826661340677 -0.012272190160694871 0.010458011418593106 -0.0055175515075153283 -0.00014615179131454516 -0.011576814470027823 -0.0057646912143890262 0.0066935242665070796 -0.0024342915073207743 -0.021485268831345633 -0.017379096044033444 0.0042681430212713548 0.0076361641616137389 0.008972480483664582 -0.018869522117994048
leaf_weight=2944.4934541620314 58.335582464933395 27.919018439948559 21.45520880818367 3.4204371720552471 1142.6685690656304 1050.7525219768286 2282.1279443539679 42.73334626853466 267.74314472451806 46.892724491655827 680.43096831813455 22.534877389669418 97.056841805577278 6303.709341712296 401.652183547616 2197.1241603828967 430.90671115741134 43.919124856591225 110.60986019298434 137.34068372100592 154.91230364888906 492.48466072976589 108.71391376294196 17.629380643367767 96.627268984913826 5428.6531524881721 29.7427420578897 5.9340885654091826 380.92309994623065 15.485774453729389
leaf_count=105812 235 681 335 19 12493 10716 37665 356 9146 1193 19127 169 414 240391 1619 79237 2393 494 2511 3691 1233 6463 1477 155 587 22222 291 76 9025 142
internal_value=0 -0.00970608 0.00794265 -0.00235425 -0.00138035 -0.00226634 -0.000425554 -0.00744189 0.000501174 -0.00100776 0.0017294 -0.00900518 -0.00990973 0.00920453 0.00799149 0.00564326 -0.011881 -0.0101698 -0.00134174 0.00603063 -0.0152655 -0.00511465 0.00415858 -0.0089334 -0.0186996 -0.0172492 -0.0109192 -0.0173518 0.0080537 -9.57603e-06
internal_weight=0 11189 13855.9 5666.36 4942.61 4518.28 3332.88 1185.4 2008.93 1741.18 1331.71 723.752 409.472 11847 5543.27 2598.78 593.988 474.826 157.503 817.772 251.969 513.94 129.764 21.0498 119.162 5522.67 88.0783 5434.59 424.328 43.4048
internal_count=570368 99196 471172 76372 71078 61230 48381 12849 44113 34967 29616 5294 5351 427059 186668 80856 3643 2887 3704 22818 1647 6798 1651 174 756 22824 526 22298 9848 823
is_linear=0
shrinkage=0.01


Tree=81
num_leaves=31
num_cat=0
split_feature=2 3 2 2 5 4 12 12 3 4 15 14 3 4 12 1 1 5 13 5 14 1 12 4 5 7 4 2 4 1
split_gain=19307.3 1530.58 1016.81 926.319 566.349 563.02 521.205 508.717 309.863 270.848 270.372 314.899 259.991 194.283 196.467 196.416 178.738 192.204 174.28 155.443 143.993 116.933 65.7923 62.6586 62.2832 57.1039 54.3233 156.544 53.9615 43.2673
threshold=3511.5000000000005 264.50000000000006 84.500000000000014 662.50000000000011 778.50000000000011 4172.5000000000009 1.2458435429170043 1.0174949934843371 46.500000000000007 258.50000000000006 5.3217667867264238 5.8644858152678658 615.50000000000011 4824.0000000000009 2.8416269947219686 1836311521521.5002 4202993306407.5005 260.50000000000006 1.3461532835074757 3083.5000000000005 1.8343053871512336 4282793179886.0005 3.5172192486056071 4047.5000000000005 499.50000000000006 2729.5000000000005 874.50000000000011 4175.5000000000009 20.500000000000004 4187424672483.5005
decision_type=2 2 2 2 2 2 2 2 2 2 2 2 2 2 2 2 2 2 2 2 2 2 2 2 2 2 2 2 2 2
left_child=1 4 28 10 8 6 -5 29 24 19 12 -12 -4 15 -15 -11 23 -18 -9 21 -7 -6 -21 -10 -1 -20 -27 -28 -3 -2
right_child=7 2 3 5 9 20 -8 18 16 13 11 -13 -14 14 -16 -17 17 -19 25 22 -22 -23 -24 -25 -26 26 27 -29 -30 -31
leaf_value=-0.024169962942871801 0.0061762735190478233 0.011785964233376887 -0.01186401632608961 -0.013454934475006536 0.0061044527702592286 -0.011975960518731179 0.0032718820548350044 0.010269704027713576 0.0078778175596207582 -0.0045559882344571555 -0.01470766986027186 0.00022708784052134109 -0.0012889299720041827 -0.010715544901384046 0.010612896196761944 -0.016608387883874039 -0.012932653185452834 0.0098478348569602612 -0.014324211212778199 -0.017614333323311918 -0.016560393181718001 -0.01400703925871122 0.0071622627486256033 -0.04182340721173658 0.010521281543473851 0.010424185633863494 0.0056519716041862388 -0.012423951403677882 -0.016564217181351735 0.0024986030713446059
leaf_weight=44.29105531051755 6659.0512769035995 6.7296343669295302 271.07840665429831 362.78785743564367 254.99296807870269 1179.5091161876917 382.90216121450067 6401.3424429856241 677.49630590900779 202.8761385306716 466.28151661157608 202.49049771204591 1632.8469385020435 90.918681770563126 82.268524743616581 405.44689810276031 96.213055871427059 60.217599358409643 16.230707753449678 55.952248215675354 1634.5945509262383 32.606738045811653 13.256734389811752 2.5461010187864295 5.8599606938660136 124.80394392646849 299.22622858732939 57.044826943427324 2865.1828930638731 336.04301653988659
leaf_count=195 207464 63 1999 2313 5282 7620 5198 245482 14593 3757 2896 2243 22390 689 1461 2521 516 819 142 244 7758 257 242 14 129 3306 8271 1209 12228 9067
internal_value=0 -0.00982071 -0.0115873 -0.00928764 -0.00196521 -0.0125917 -0.00486593 0.00789986 0.00402715 -0.00663259 -0.00471592 -0.0101857 -0.0027946 -0.00992854 -0.000583969 -0.0125889 0.00547469 -0.00416336 0.00982669 0.000586464 -0.0146389 0.0038243 -0.0128685 0.00769173 -0.0201164 0.00412419 0.00474661 0.00275772 -0.0164978 0.0059996
internal_weight=0 11029.3 9004.4 6132.49 2024.94 3559.79 745.69 13893.7 886.624 1138.32 2572.7 668.772 1903.93 781.51 173.187 608.323 836.473 156.431 6898.65 356.809 2814.1 287.6 69.209 680.042 50.151 497.306 481.075 356.271 2871.91 6995.09
internal_count=570368 95427 64708 52417 30719 22889 7511 474941 16266 14453 29528 5139 24389 8428 2150 6278 15942 1335 258410 6025 15378 5539 486 14607 324 12928 12786 9480 12291 216531
is_linear=0
shrinkage=0.01


Tree=82
num_leaves=31
num_cat=0
split_feature=2 5 13 6 14 12 2 2 15 1 12 5 2 6 4 15 2 14 1 13 16 13 1 12 12 4 5 13 2 7
split_gain=18987.1 1329.17 631.234 553.5 520.818 510.879 509.734 907.998 876.601 467.008 372.547 362.311 401.912 359.448 338.705 619.491 564.959 278.704 273.534 216.448 180.793 174.728 143.067 126.059 109.955 470.764 100.088 230.819 67.7745 55.881
threshold=3511.5000000000005 3107.0000000000005 2.3496119563897824 3741.5000000000005 2.9116587207511304 1.0174949934843371 84.500000000000014 316.50000000000006 1.9848434443577256 1836311521521.5002 3.3333744316333989 937.50000000000011 3092.5000000000005 973.50000000000011 54.500000000000007 2.9876049790630992 440.50000000000006 3.2415194670581573 1581613327004.0002 2.2688285431649127 8.3164346342264963 1.3461532835074757 1886436749564.5002 1.5623053364853321 2.8416269947219686 4824.0000000000009 1909.0000000000002 3.4655344199481246 48.500000000000007 2729.5000000000005
decision_type=2 2 2 2 2 2 2 2 2 2 2 2 2 2 2 2 2 2 2 2 2 2 2 2 2 2 2 2 2 2
left_child=1 2 4 9 11 -2 10 8 22 18 24 12 -1 19 16 -16 -9 -10 -4 -6 -11 -7 -8 -15 -3 -26 28 -28 -5 -23
right_child=5 6 3 26 13 21 7 14 17 20 -12 -13 -14 23 15 -17 -18 -19 -20 -21 -22 29 -24 -25 25 -27 27 -29 -30 -31
leaf_value=0.0029176541011677287 0.0059707192006639856 -0.016454105634447755 -0.0049676046825132061 -0.0081343176129587552 -0.016885766467607581 0.010266824362591279 -0.016789122936052007 -0.017495811076672033 0.0075327676517841381 -0.010265505395982857 0.0062636045336620016 -0.030155257146832405 -0.023963426380322162 -0.010785343110300697 -0.012970185847024123 0.0019897407230829358 -0.10090327877324086 -0.011291870527816428 0.0072963221806157091 0.0031793320825546133 0.0028232007917539203 -0.014085530949878883 -0.039730710986806063 -0.040752295904587107 -0.014967645719394691 0.010604402494326981 -0.016809128206983843 0.009439376868317851 0.0092861299230271085 0.0047201396295184321
leaf_weight=385.96196230500937 6958.8249993342906 2581.392651297152 342.20311941206455 23.466430589556694 387.66246792674065 6339.416542256251 94.424953371286392 29.116846978664398 551.07067601010203 953.85051720961928 80.570568569004536 46.916741102933884 64.985998906195164 17.075858026742935 3076.2901914343238 304.17653530463576 11.262031920254229 91.741718485951424 388.15368638560176 62.417623810470104 118.66184494644403 16.340124655514956 38.171364203095436 78.891367599368095 616.10474650934339 81.514850296080112 56.250165432691574 82.837847862392664 462.39877075329423 478.96600502356887
leaf_count=4375 216531 10824 5488 350 1672 245482 671 131 10120 6105 1807 246 415 180 19257 3517 141 964 8213 459 2001 142 432 609 4659 1461 742 1325 9263 12786
internal_value=0 -0.00972401 -0.00460226 -0.00180621 -0.011105 0.00787799 -0.0120773 -0.00975331 1.7106e-05 -0.00461741 -0.0149802 -0.00370777 -0.000956172 -0.0178496 -0.011968 -0.0116241 -0.0407589 0.00484613 0.00155015 -0.0141031 -0.00881738 0.0098199 -0.0233935 -0.0354201 -0.0155021 -0.0119796 0.00630356 -0.00117608 0.00844475 0.00409974
internal_weight=0 11027.6 3471.73 2427.82 1043.91 13793.5 7555.84 4196.25 775.409 1802.87 3359.58 497.865 450.948 546.047 3420.85 3380.47 40.3789 642.812 730.357 450.08 1072.51 6834.72 132.596 95.9672 3279.01 697.62 624.953 139.088 485.865 495.306
internal_count=570368 95427 41443 33487 7956 474941 53984 35233 12187 21807 18751 5036 4790 2920 23046 22774 272 11084 13701 2131 8106 258410 1103 789 16944 6120 11680 2067 9613 12928
is_linear=0
shrinkage=0.01


Tree=83
num_leaves=31
num_cat=0
split_feature=2 0 0 8 15 0 14 4 0 2 8 6 0 0 2 0 0 3 7 5 4 10 3 14 0 0 3 2 15 0
split_gain=18669.9 5718.22 1268.59 368.803 587.373 603.118 614.678 554.675 321.59 398.617 301.908 219.118 208.828 231.827 154.21 272.59 3046.26 132.668 72.6298 61.0052 42.1173 41.0056 38.0506 84.1328 41.7441 27.6654 21.3277 19.2446 14.4095 12.0318
threshold=3511.5000000000005 4200993.0000000009 4201072.0000000009 1837.0000000000002 5.3217667867264238 4204581.0000000009 3.7073435257169489 1410.0000000000002 4205705.5000000009 4174.5000000000009 40.500000000000007 213.50000000000003 4204808.5000000009 4204112.0000000009 4855.5000000000009 4200985.0000000009 4200993.0000000009 811.50000000000011 2729.5000000000005 50.500000000000007 47.500000000000007 556.50000000000011 155.50000000000003 3.4392933550634934 4200985.0000000009 4200954.0000000009 4159.5000000000009 50.500000000000007 3.8135929736245573 4200985.0000000009
decision_type=2 2 2 2 2 2 2 2 2 2 2 2 2 2 2 2 2 2 2 2 2 2 2 2 2 2 2 2 2 2
left_child=1 20 14 10 5 6 -5 17 9 18 -3 -7 13 -11 -2 -16 -17 -6 21 -12 27 -4 23 24 -22 -24 -20 -1 -25 -27
right_child=2 3 8 4 7 11 -8 -9 -10 12 19 -13 -14 -15 15 16 -18 -19 26 -21 22 -23 25 28 -26 29 -28 -29 -30 -31
leaf_value=0.0073868703517143003 0.010261570086392828 -0.019062361633934849 0.0066000608432687079 -0.0064518019491216121 -0.010505632681598591 -0.011605938391180586 0.0094853025916073613 0.0086675080345904425 0.010310309495401966 -0.0046022123268859875 -0.013117052668686931 0.0043745412320547765 -0.0096373576616620715 0.0058715286749934717 0.010052709261978297 -0.019704627589781573 0.010287349614856554 -0.020543121034531962 0.0059706326178040215 0.009425207879640898 0.01267956847544411 -0.026042516800246111 0.0042343344000133646 -0.0098263458815394753 -0.0184003798095497 -0.016597987135432101 0.010346976432425825 -0.012513627530220712 0.010749746044875292 -0.017546184266095294
leaf_weight=10.11429586261511 6104.1159599404782 43.070569425821304 6.1418189406394985 2060.2094004154205 876.3089416436851 91.106964528560638 274.21956397220492 148.33431167528033 305.67859561555088 619.61278431862593 12.374200493097304 1473.6023253723979 402.52524687349796 320.71590573713183 2883.8429405335337 401.92136877775192 2151.3875023368746 154.96451365947723 316.19577016681433 402.67236809805036 4.666743576526641 10.305707201361654 6.1207010000944129 4.2283361107111004 58.415618553757668 2883.9433370828629 171.89612814970315 9.3529551029205305 17.446702875196934 2496.8360241502523
leaf_count=91 240033 175 97 21408 5828 1009 6340 3031 10559 9168 86 24038 5289 8980 105812 1619 79237 919 8721 9568 28 45 123 22 237 12024 5381 56 224 10220
internal_value=0 -0.00962621 0.00785603 -0.00245519 -0.00323033 -0.0013598 -0.00457971 -0.00941325 0.000809312 -0.000762768 0.00613802 0.00344406 -0.00361006 -0.00102996 0.00917062 0.00794585 0.00556625 -0.0120139 0.00681541 0.00875313 -0.016857 -0.0138532 -0.0169092 -0.010261 -0.0161011 -0.0170138 0.00751189 -0.00217424 0.00673579 -0.017038
internal_weight=0 11028 13694.3 5536.86 5078.75 3899.14 2334.43 1179.61 2153.07 1847.39 458.117 1564.71 1342.85 940.329 11541.3 5437.15 2553.31 1031.27 504.539 415.047 5491.12 16.4475 5471.66 84.7574 63.0824 5386.9 488.092 19.4673 21.675 5380.78
internal_count=570368 95427 474941 72402 62573 52795 27748 9778 48240 37681 9829 25047 23437 18148 426701 186668 80856 6747 14244 9654 23025 142 22878 511 265 22367 14102 147 246 22244
is_linear=0
shrinkage=0.01


Tree=84
num_leaves=31
num_cat=0
split_feature=2 3 2 2 4 5 12 12 3 15 19 4 15 14 3 13 14 6 5 2 2 5 7 4 2 4 10 14 5 5
split_gain=18377.1 1434.37 1000.12 891.813 544.562 541.025 512.166 496.207 300.01 254.337 351.882 348.28 253.384 297.756 250.922 175.477 142.368 118.811 188.349 167.726 81.2614 59.1786 53.6566 54.6349 151.923 52.4036 39.9868 33.2426 42.1805 40.8128
threshold=3511.5000000000005 264.50000000000006 84.500000000000014 662.50000000000011 4172.5000000000009 778.50000000000011 1.0174949934843371 1.2458435429170043 46.500000000000007 7.1885776073286189 3.9889710657870459 2599.5000000000005 5.3217667867264238 5.8644858152678658 615.50000000000011 1.3461532835074757 1.8343053871512336 165.50000000000003 167.50000000000003 181.50000000000003 2477.5000000000005 499.50000000000006 2729.5000000000005 874.50000000000011 4175.5000000000009 20.500000000000004 553.50000000000011 4.2450123703691158 160.50000000000003 454.50000000000006
decision_type=2 2 2 2 2 2 2 2 2 2 2 2 2 2 2 2 2 2 2 2 2 2 2 2 2 2 2 2 2 2
left_child=1 5 25 12 7 8 -2 -5 21 10 11 -7 14 -14 -4 -8 -6 19 -19 -10 -12 -1 26 -24 -25 -3 -17 28 -27 -29
right_child=6 2 3 4 16 9 15 -9 17 -11 20 -13 13 -15 -16 22 -18 18 -20 -21 -22 -23 23 24 -26 27 -28 29 -30 -31
leaf_value=-0.023602068664866711 0.0059227245948678007 0.011793991923899143 -0.011568483848669018 -0.012966356008697362 -0.011600760602047134 -0.020384598008407591 0.010261154436922023 0.0032944424853397309 -0.0063849775812676547 -0.017637842494848937 0.0021832209356031774 -0.0030104657242423965 -0.014120050800601587 0.00033825363475555677 -0.0011772477058366235 0.010602240457705419 -0.016160437803068764 -0.010924601548136162 0.01027476101232735 0.0083167041285725704 -0.018219568347380911 0.010510137327207554 0.01041731593147035 0.0055730285195983095 -0.012177785281289925 0.010916224372299579 -0.023666018414689308 -0.014011853361880497 -0.016381969138564326 0.010628878038187333
leaf_weight=44.604825370013714 6875.7427265308797 6.6957169994711867 270.75142052397132 367.43132183328271 1180.0621862187982 207.09558184444904 6217.3485812097788 383.56882125139236 164.39182848483324 172.71128408610821 480.93430538102984 260.5189564935863 473.32841898500919 203.75307133048773 1639.8413741700351 4.8056739680469063 1631.5071142949164 46.023707702755928 468.89017103612423 146.9848177395761 20.347027238458395 5.7400916442275038 122.69124387018383 294.7238232716918 57.646382009610534 5.6717993393540374 11.683922901749609 20.12639765441418 2805.0160812214017 10.092608895152805
leaf_count=195 216531 63 1999 2313 7620 1390 245482 5198 1336 821 9070 3058 2896 2243 22390 91 7758 333 11264 3009 114 129 3306 8271 1209 74 51 116 11832 206
internal_value=0 -0.00954026 -0.0112492 -0.00898066 -0.012226 -0.00192124 0.00784072 -0.00466125 0.00398717 -0.00645829 -0.00446547 -0.0107051 -0.00451262 -0.00976914 -0.0026498 0.00980641 -0.0142467 0.00543118 0.00837993 0.000554926 0.00135507 -0.0197128 0.00405462 0.00467016 0.00266907 -0.0161489 -0.013679 -0.0162147 -0.0163269 -0.00578229
internal_weight=0 11016.1 8997.85 6150.24 3562.57 2018.24 13584.6 751 876.635 1141.61 968.896 467.615 2587.67 677.081 1910.59 6708.9 2811.57 826.291 514.914 311.377 501.281 50.3449 491.551 475.061 352.37 2847.6 16.4896 2840.91 2810.69 30.219
internal_count=570368 95427 64708 52417 22889 30719 474941 7511 16266 14453 13632 4448 29528 5139 24389 258410 15378 15942 11597 4345 9184 324 12928 12786 9480 12291 142 12228 11906 322
is_linear=0
shrinkage=0.01


Tree=85
num_leaves=31
num_cat=0
split_feature=12 0 0 1 8 6 13 3 0 0 0 13 1 12 0 0 1 0 1 20 1 1 4 3 12 4 13 13 13 10
split_gain=17773.6 5890.76 1312.34 335.473 381.863 403.802 496.355 354.47 296.087 407.186 384.919 246.14 181.791 154.998 273.172 3008.51 64.0217 63.8311 61.5715 84.4865 53.9411 49.3981 41.741 37.599 118.067 35.4916 34.5756 34.4957 30.6336 79.8494
threshold=1.1159798465572681 4201048.0000000009 4201072.0000000009 4202993306407.5005 1837.0000000000002 2579.5000000000005 1.8107551040761356 3103.5000000000005 4205705.5000000009 4204808.5000000009 4202198.5000000009 3.2700284684009455 2173776771241.5002 1.0174949934843371 4200985.0000000009 4200993.0000000009 932620487749.50012 4204355.0000000009 4205234304898.5005 3.9934062673467854 2424655934955.0005 4374073345192.5005 47.500000000000007 155.50000000000003 1.3826895352780137 192.50000000000003 1.7754236602093663 1.6694167651246727 3.7915626115324721 553.50000000000011
decision_type=2 2 2 2 2 2 2 2 2 2 2 2 2 2 2 2 2 2 2 2 2 2 2 2 2 2 2 2 2 2
left_child=2 22 13 4 28 7 -7 -6 9 10 21 26 16 14 -1 -16 -11 -12 25 -20 -14 -4 -2 24 -24 -13 27 -5 29 -3
right_child=1 3 8 11 5 6 -8 -9 -10 12 17 18 20 -15 15 -17 -18 -19 19 -21 -22 -23 23 -25 -26 -27 -28 -29 -30 -31
leaf_value=0.010044552845022557 -0.0020849844084310913 0.010433782809758744 -0.0050154027563060286 0.0061394633373661658 -0.0059632055640263014 -0.0058951130895352677 0.0023555389274385057 -0.034728268297558734 0.010302201397464605 0.0084708243111700169 0.0071731376797565562 0.00088941591375717958 -0.020968382795144107 0.010257282179838043 -0.019545192412713765 0.010282729048488258 -0.0055532944048871588 -0.00038706726535287368 -0.031978348113734761 -0.01208085047390128 -0.011475580407288886 -0.04982866481389385 -0.018096654428584446 -0.016845240256290223 0.007423760140448008 -0.0094224464745345637 0.0062753722451804311 -0.014690459652077778 0.0089166994284970071 -0.01793230481768051
leaf_weight=2840.6625947616994 19.502976290881634 26.884047064930201 507.95910565555096 14.179431665688751 1158.4248159304261 1070.3481702692807 2287.3404104374349 44.485077768564224 258.20587418973446 46.168579366058111 660.67665940895677 53.718527920544147 97.321386903524399 6005.8941006939858 402.36430209875107 2118.6972777862102 110.37015545740724 134.3948147892952 22.453512743115425 430.22842329367995 155.50529093295336 2.4717567265033713 57.971633687615395 5348.6705098971725 26.376051105558872 88.145458042621613 106.45291631296277 18.097909921780229 369.87607990950346 15.730138696730135
leaf_count=105812 147 681 6764 193 12493 10716 37665 356 9146 1193 19127 517 414 240391 1619 79237 2511 3691 109 2451 1233 34 235 22166 276 520 1362 142 9025 142
internal_value=0 -0.00925549 0.0078473 -0.00215327 -0.00122222 -0.00205559 -0.000274565 -0.00702697 0.000318991 -0.00118417 0.00154448 -0.00846761 -0.00988608 0.00915399 0.00791814 0.00552216 -0.00141711 0.0058952 -0.0112663 -0.0130678 -0.0151297 -0.00523241 -0.0166884 -0.0167408 -0.0101163 -0.00551773 0.00352641 -0.00553988 0.0079917 -3.69674e-05
internal_weight=0 11158.9 13340.7 5706.36 4973.09 4560.6 3357.69 1202.91 1973.07 1714.87 1305.5 733.276 409.365 11367.6 5361.72 2521.06 156.539 795.071 594.546 452.682 252.827 510.431 5452.52 5433.02 84.3477 141.864 138.73 32.2773 412.49 42.6142
internal_count=570368 99196 471172 76372 71078 61230 48381 12849 44113 34967 29616 5294 5351 427059 186668 80856 3704 22818 3597 2560 1647 6798 22824 22677 511 1037 1697 335 9848 823
is_linear=0
shrinkage=0.01


Tree=86
num_leaves=31
num_cat=0
split_feature=2 0 0 8 15 0 13 0 2 8 6 0 0 15 13 1 2 0 0 7 13 5 6 10 15 1 13 5 2 1
split_gain=17797.9 5518.69 1265.51 349.32 556.3 588.965 595.118 316.83 386.332 289.699 209.698 200.126 222.052 186.447 368.394 176.412 154.09 271.544 2962.04 69.663 65.8758 59.6672 43.1623 38.3879 31.9528 25.3893 22.7734 18.1846 16.3109 10.901
threshold=3511.5000000000005 4200993.0000000009 4201072.0000000009 1837.0000000000002 5.3217667867264238 4204581.0000000009 3.4655344199481246 4205705.5000000009 4171.5000000000009 40.500000000000007 213.50000000000003 4204808.5000000009 4204112.0000000009 5.4423474458976537 4.5189938148362421 2173776771241.5002 4855.5000000000009 4200985.0000000009 4200993.0000000009 2729.5000000000005 1.3201124284121852 50.500000000000007 24.500000000000004 553.50000000000011 5.2206801228272122 4374073345192.5005 3.7159804673141519 476.50000000000006 152.50000000000003 4205234324575.5005
decision_type=2 2 2 2 2 2 2 2 2 2 2 2 2 2 2 2 2 2 2 2 2 2 2 2 2 2 2 2 2 2
left_child=1 20 16 9 5 6 -5 8 19 -3 -7 12 -10 22 -15 -13 -2 -18 29 23 -1 -11 -6 -4 26 -21 28 -26 -22 -19
right_child=2 3 7 4 13 10 -8 -9 11 21 -12 15 -14 14 -16 -17 17 18 -20 25 24 -23 -24 -25 27 -27 -28 -29 -30 -31
leaf_value=0.010482071584432357 0.010253248603232559 -0.018520079497184382 0.010597686126758923 -0.006269866344289686 0.0053401170301448702 -0.011106067123997655 0.0094584462096442296 0.010302789315341206 -0.0044758350077139467 -0.012811427625277996 0.0043892017182547496 -0.0010669589695202107 0.0057990621340712105 0.004034921728120997 -0.010585166339383835 -0.014640321006534847 0.010039431782105732 -0.019618530506240423 0.010279836886959772 0.0078930512688116135 -0.016091986170089605 0.0093924454757292539 -0.018868111715952804 -0.022990495153789325 -0.027173299913390455 -0.0072970256253495494 0.004905179369841384 0.010887723269338203 -0.017190126344403582 -0.010182602719330285
leaf_weight=9.0191116854548437 5928.4746243618429 43.221743389964104 4.7790941335260895 2075.1552883312106 7.6609215736389151 92.838170781731606 272.11420924589038 298.62234364077449 628.68646733462811 12.486004754900931 1473.7791426703334 155.23270348086953 316.07188545912504 222.02764144167304 770.30850339308381 249.90336573123932 2813.8249016031623 390.28826162219048 2098.20308829844 460.2641507871449 2838.8590703010559 394.11908790096641 190.72858889400959 11.814628154039381 1.5608108714222906 11.272982452064751 4.9217778518795958 6.4127639196813098 2583.478599332273 12.639807432889937
leaf_count=206 240033 175 91 21280 33 1009 6468 10559 9349 86 24038 3678 8980 3365 5310 1611 105812 1568 79237 13643 11924 9568 1070 51 18 278 77 93 10707 51
internal_value=0 -0.00936667 0.00780414 -0.00235379 -0.00309823 -0.00127738 -0.00444651 0.000749317 -0.000802827 0.00609414 0.00347095 -0.00355974 -0.00103834 -0.00908333 -0.00731403 -0.00943953 0.0091448 0.0079084 0.00551095 0.00682123 -0.0165215 0.00871061 -0.0179333 -0.0133169 -0.0165663 0.0075299 -0.0165957 0.00343736 -0.0166152 -0.0193225
internal_weight=0 10998.7 13380.1 5554.44 5104.61 3913.89 2347.27 2136.65 1838.03 449.827 1566.62 1349.89 944.758 1190.73 992.336 405.136 11243.4 5314.96 2501.13 488.131 5444.25 406.605 198.39 16.5937 5435.23 471.537 5427.26 7.97357 5422.34 402.928
internal_count=570368 95427 474941 72402 62573 52795 27748 48240 37681 9829 25047 23618 18329 9778 8675 5289 426701 186668 80856 14063 23025 9654 1103 142 22819 13921 22708 111 22631 1619
is_linear=0
shrinkage=0.01


Tree=87
num_leaves=31
num_cat=0
split_feature=2 3 2 2 4 5 12 12 3 12 14 12 17 4 3 13 1 5 14 1 1 4 5 4 7 4 2 1 1 1
split_gain=17521 1353.26 977.943 854.823 526.887 522.959 512.013 475.706 288.84 239.982 282.715 239.507 326.423 336.233 238.374 176.57 167.004 176.824 140.857 119.568 70.0989 58.1933 56.0766 51.2119 50.6092 55.4053 146.938 42.9871 90.201 61.2724
threshold=3511.5000000000005 264.50000000000006 84.500000000000014 662.50000000000011 4172.5000000000009 778.50000000000011 1.0174949934843371 1.2458435429170043 46.500000000000007 2.9012823613743883 5.8644858152678658 4.3214483426998367 3.9564883558720996 2599.5000000000005 615.50000000000011 1.3461532835074757 4202993306407.5005 260.50000000000006 1.8343053871512336 2991567571528.5005 2417604865630.5005 4047.5000000000005 499.50000000000006 20.500000000000004 2729.5000000000005 874.50000000000011 4175.5000000000009 4187424672483.5005 4205234324575.5005 3155490927897.0005
decision_type=2 2 2 2 2 2 2 2 2 2 2 2 2 2 2 2 2 2 2 2 2 2 2 2 2 2 2 2 2 2
left_child=1 5 23 9 7 8 27 -5 22 14 -11 12 13 -7 -4 -8 21 -18 -6 -14 -13 -10 -1 -3 -17 -26 -27 29 -29 -2
right_child=6 2 3 4 18 11 15 -9 16 10 -12 20 19 -15 -16 24 17 -19 -20 -21 -22 -23 -24 -25 25 26 -28 28 -30 -31
leaf_value=-0.022958881296141098 0.0054369218864841308 0.011805696170160597 -0.011234803711039314 -0.012555787515493726 -0.011259773107965831 -0.019841622609246247 0.010252925743067577 0.0033165432514647205 0.0077981658606462003 -0.013637209786817036 0.00041107099888472247 -0.03033220352230441 0.0035463435712748217 -0.00283861611482217 -0.0010986625819311771 -0.013164016904672672 -0.012060200477201452 0.0098243341551757356 -0.015802266093997916 -0.0088722505960736938 -0.014126630082751621 -0.038997370494724869 0.010501651948449445 -0.015889138168452586 0.010413160300507507 0.0054801320880661711 -0.011922702855815719 -0.006763080164226617 0.0053534939471581999 0.0076259181362127769
leaf_weight=44.906888369470835 4656.9104721341282 6.6927570700645438 270.1861725859344 371.30656607449055 1177.2455748170614 209.39478930085897 6039.4003785066307 384.20909066870809 658.55971007794142 478.90810159593821 204.39011080563068 33.245621733367443 407.65520029887557 261.60162559896708 1642.2109239771962 16.617778521031141 98.401569880545139 59.091945435851812 1624.7970861941576 95.738503385335207 135.40732859075069 2.6682120412588111 5.637348558753728 2812.9850559942424 121.30062213540077 289.57450352609158 58.281800983473659 81.914336103945971 245.81170375272632 1762.7399922125041
leaf_count=195 147429 63 1999 2313 7620 1388 245482 5198 14593 2899 2243 206 8540 3058 22387 142 516 819 7758 694 567 14 129 12228 3306 8271 1209 1708 7359 60035
internal_value=0 -0.00928438 -0.0109465 -0.00871173 -0.0118955 -0.00187288 0.00778913 -0.00448409 0.00397288 -0.00434823 -0.00943505 -0.00631849 -0.00441409 -0.0103978 -0.00253071 0.00978639 0.00540514 -0.00384907 -0.0138938 0.0011845 -0.0173211 0.00760933 -0.0192269 -0.0158234 0.0039862 0.00459367 0.00256436 0.00585764 0.00232499 0.00603799
internal_weight=0 10985.2 8972.93 6153.25 3557.56 2012.31 13272.6 755.516 869.266 2595.7 683.298 1143.04 974.39 470.996 1912.4 6525.18 818.721 157.494 2802.04 503.394 168.653 661.228 50.5442 2819.68 485.775 469.157 347.856 6747.38 327.726 6419.65
internal_count=570368 95427 64708 52417 22889 30719 474941 7511 16266 29528 5142 14453 13680 4446 24386 258410 15942 1335 15378 9234 773 14607 324 12291 12928 12786 9480 216531 9067 207464
is_linear=0
shrinkage=0.01


Tree=88
num_leaves=31
num_cat=0
split_feature=2 0 0 8 15 0 12 4 0 2 1 8 6 1 0 2 0 0 0 7 12 5 4 10 3 12 1 2 15 1
split_gain=17233.9 5409.11 1266.82 337.111 541.382 574.316 575.501 509.152 314.749 380.539 298.374 279.719 204.546 199.893 203.846 154.458 272.07 2925.44 110.33 66.8956 64.9224 57.6339 41.2979 37.3586 36.9121 105.162 21.9933 18.1802 12.6998 10.6686
threshold=3511.5000000000005 4200993.0000000009 4201072.0000000009 1875.0000000000002 5.3217667867264238 4204581.0000000009 3.1651774695465433 1410.0000000000002 4205705.5000000009 4174.5000000000009 2424655927106.5005 40.500000000000007 213.50000000000003 2417604865630.5005 4204355.0000000009 4855.5000000000009 4200985.0000000009 4200993.0000000009 4204112.0000000009 2729.5000000000005 1.1159798465572681 50.500000000000007 47.500000000000007 556.50000000000011 166.50000000000003 1.3826895352780137 4374073345192.5005 50.500000000000007 1.9879314951391314 4205234324575.5005
decision_type=2 2 2 2 2 2 2 2 2 2 2 2 2 2 2 2 2 2 2 2 2 2 2 2 2 2 2 2 2 2
left_child=1 20 15 11 5 6 -5 10 9 19 -6 -3 -7 18 -15 -2 -17 29 -11 23 -1 -13 27 -4 25 -24 -21 -22 -26 -18
right_child=2 3 8 4 7 12 -8 -9 -10 13 -12 21 -14 14 -16 16 17 -19 -20 26 22 -23 24 -25 28 -27 -28 -29 -30 -31
leaf_value=0.010482446689405201 0.010247838258231098 -0.018113195980695298 0.0066849264140419499 -0.0060991673913964456 -0.019234719289817518 -0.010839877473873554 0.0094396434230481618 0.0086213858883952329 0.010297684978024777 -0.0041899716403825905 -0.0077320260054672086 -0.012366372965323051 0.0043940716517846977 -0.0025479478259297513 -0.013869929705367432 0.010031285646385273 -0.01946245956144587 0.010275330912004148 0.0037872785772963325 0.0077533061226703996 0.0074516063118904002 0.0093042356195515343 -0.017758042704819271 -0.024338882691118294 -0.0173913840900836 0.0055753797274236665 -0.0057853079497300133 -0.011802785563222291 -0.016244066677503707 -0.010129810423401704
leaf_weight=9.0254824608564359 5814.1216971091926 43.308966279029846 6.1301690042018917 2090.575709592551 328.33079317957163 93.748452629894018 269.01848804578185 145.61092163994908 293.85569047369063 322.29825059324503 720.08262231573462 12.669142335653303 1472.9490547291934 354.36441422253847 288.47795714810491 2771.5472212210298 390.62403884530067 2066.1972006820142 375.21995532512665 459.50473723374307 10.114824160933496 392.07494040206075 57.653591394424438 10.581533059477804 1268.6700487136841 29.046620208770037 12.320615924894808 9.5187602043151838 4027.7274211496115 12.645410612225531
leaf_count=206 240033 175 97 21268 2396 1009 6480 3031 10559 4770 4288 86 24038 5757 2459 105812 1568 79237 10451 13800 91 9631 235 45 5210 287 302 56 16940 51
internal_value=0 -0.0091958 0.00776695 -0.00227646 -0.0030043 -0.00121115 -0.00432758 -0.00890072 0.000691293 -0.000852202 -0.0113343 0.0060413 0.0034825 -0.00360607 -0.00762873 0.00912559 0.00788062 0.00546687 0.000101276 0.00670336 -0.0163154 0.00862591 -0.0163601 -0.0129588 -0.0164129 -0.00994079 0.00739978 -0.00188331 -0.0165189 -0.0191698
internal_weight=0 10980.1 13177.9 5568.37 5120.32 3926.29 2359.59 1194.02 2122.75 1828.9 1048.41 448.053 1566.7 1340.36 642.842 11055.1 5241.01 2469.47 697.518 488.537 5411.76 404.744 5402.73 16.7117 5383.1 86.7002 471.825 19.6336 5296.4 403.269
internal_count=570368 95427 474941 72402 62510 52795 27748 9715 48240 37681 6684 9892 25047 23437 8216 426701 186668 80856 15221 14244 23025 9717 22819 142 22672 522 14102 147 22150 1619
is_linear=0
shrinkage=0.01


Tree=89
num_leaves=31
num_cat=0
split_feature=2 0 0 8 15 0 12 4 0 2 8 15 0 0 2 0 0 3 7 12 5 4 10 3 12 3 2 15 20 0
split_gain=16967.4 5336.87 1262.92 331.202 524.985 562.262 564.097 494.596 311.47 374.134 276.249 201.548 191.956 216.452 153.94 270.413 2880.9 118.575 66.3706 63.7641 57.1533 40.7841 36.4494 36.4067 113.224 20.8345 17.7815 12.2129 9.94812 5.02301
threshold=3511.5000000000005 4200993.0000000009 4201072.0000000009 1837.0000000000002 5.3217667867264238 4204581.0000000009 3.1651774695465433 1410.0000000000002 4205705.5000000009 4171.5000000000009 40.500000000000007 1.9848434443577256 4204808.5000000009 4204112.0000000009 4855.5000000000009 4200985.0000000009 4200993.0000000009 811.50000000000011 2729.5000000000005 1.1159798465572681 50.500000000000007 47.500000000000007 553.50000000000011 155.50000000000003 1.3826895352780137 4159.5000000000009 50.500000000000007 1.9879314951391314 7.9200565504568727 4200970.0000000009
decision_type=2 2 2 2 2 2 2 2 2 2 2 2 2 2 2 2 2 2 2 2 2 2 2 2 2 2 2 2 2 2
left_child=1 19 14 10 5 6 -5 17 9 18 -3 -7 13 -11 -2 29 -17 -6 22 -1 -12 26 -4 24 -23 -20 -21 -25 -22 -16
right_child=2 3 8 4 7 11 -8 -9 -10 12 20 -13 -14 -15 15 16 -18 -19 25 21 28 23 -24 27 -26 -27 -28 -29 -30 -31
leaf_value=0.010477416295807604 0.010245175077051239 -0.017915479674070773 0.010595234888806536 -0.0060128644300684632 -0.0097109511915577235 -0.0016317631900725762 0.0094261968505412221 0.0086017982483513559 0.010294638274232088 -0.0044342063854647422 -0.012153942164925749 0.0059926923536317758 -0.0092783854676915922 0.0057436554249430402 0.010273877725690604 -0.018958120730979817 0.010272515878905401 -0.019063518813883476 0.0058887330782164795 0.0074124890331978303 -0.0057878411692088997 -0.017622067760406094 -0.022112718584235774 -0.017264639865368588 0.0074303790066021103 0.010329308507221399 -0.011627895832160402 -0.016137968662493056 0.0095267826165967642 0.009287514574051749
leaf_weight=8.9399458318948728 5757.7593958508223 43.348850935697556 4.7616562657058266 2099.3316714465618 897.43456042557955 519.39021675288677 266.71975011005998 144.4887060560286 291.01744787208736 630.30926036462188 12.761204600334166 1042.7928210645914 406.85324862971902 312.5729577280581 2055.950164983049 403.69256022572517 2046.1959440931678 159.68059360980988 298.19088463485241 10.066762126982214 4.2893127389252177 57.518148928880692 11.976819932460783 1265.2210453301668 26.283620953559875 163.64180346950889 9.5650722160935384 4015.9046667069197 381.20284497737885 689.40894094109535
leaf_count=206 240033 175 91 21268 5828 5565 6480 3031 10559 9349 86 19482 5289 8980 79240 1619 79237 919 8540 91 96 235 51 5210 276 5381 56 16951 9472 26572
internal_value=0 -0.00911648 0.00775182 -0.00225225 -0.00296761 -0.00119831 -0.00427245 -0.00875176 0.000685715 -0.000843768 0.00605771 0.00345773 -0.0035374 -0.00106016 0.00911905 0.007871 0.00545589 -0.0111237 0.00675319 -0.0162072 0.00866713 -0.0162515 -0.0128082 -0.0163041 -0.00976461 0.00746217 -0.00186442 -0.0164079 0.00935638 0.0100262
internal_weight=0 10964.9 13072.3 5571.44 5129.84 3928.23 2366.05 1201.6 2119.32 1828.31 441.602 1562.18 1349.74 942.882 10953 5195.25 2449.89 1057.12 478.571 5393.5 398.253 5384.56 16.7385 5364.93 83.8018 461.833 19.6318 5281.13 385.492 2745.36
internal_count=570368 95427 474941 72402 62573 52795 27748 9778 48240 37681 9829 25047 23618 18329 426701 186668 80856 6747 14063 23025 9654 22819 142 22672 511 13921 147 22161 9568 105812
is_linear=0
shrinkage=0.01


Tree=90
num_leaves=31
num_cat=0
split_feature=2 3 2 2 4 12 5 12 3 12 13 13 3 3 13 14 1 5 14 3 1 6 5 4 7 4 2 1 1 1
split_gain=16706 1264.36 960.881 821.276 517.705 512.015 500.481 459.512 278.428 223.331 306.321 414.366 222.925 499.19 177.737 175.357 161.478 168.401 138.765 130.163 62.0109 57.7909 53.0066 49.3558 47.7412 55.7925 140.525 42.253 87.1245 61.0135
threshold=3511.5000000000005 264.50000000000006 84.500000000000014 662.50000000000011 4172.5000000000009 1.0174949934843371 778.50000000000011 1.2458435429170043 46.500000000000007 4.3214483426998367 3.4655344199481246 3.2700284684009455 1205.5000000000002 3103.5000000000005 1.3461532835074757 5.8644858152678658 4202993306407.5005 260.50000000000006 1.8343053871512336 155.50000000000003 2417604865630.5005 277.00000000000006 499.50000000000006 20.500000000000004 2729.5000000000005 874.50000000000011 4175.5000000000009 4187424672483.5005 4205234324575.5005 3155490927897.0005
decision_type=2 2 2 2 2 2 2 2 2 2 2 2 2 2 2 2 2 2 2 2 2 2 2 2 2 2 2 2 2 2
left_child=1 6 23 12 7 27 8 -5 22 10 11 -8 15 -14 -7 -4 21 -18 -6 -12 -11 -10 -1 -3 -16 -26 -27 29 -29 -2
right_child=5 2 3 4 18 14 9 -9 16 20 19 -13 13 -15 24 -17 17 -19 -20 -21 -22 -23 -24 -25 25 26 -28 28 -30 -31
leaf_value=-0.022414893897370756 0.0053682822706815504 0.011784240931379624 -0.0097784306213750411 -0.012147308339520229 -0.010943492293953552 0.010244911010751567 -5.3680270247337652e-05 0.0033833811164163696 0.0037254755784883052 -0.028739413678273044 0.0085372548577101314 -0.016284860142425736 0.0071770292399324842 -0.0053522595107435037 -0.012667850796151299 0.00053697857394036184 -0.011638156137692061 0.0097947209906595247 -0.015461449747969931 -0.0039214408626056354 -0.013709926044022984 0.0098776530237697068 0.010487928018893174 -0.015579210952880666 0.010407672559739853 0.0053881578331176549 -0.011536956607231466 -0.0066220988980940868 0.0052914233578432723 0.007575836974038434
leaf_weight=45.073115352541208 4573.8958445955068 6.6073360666632643 838.83859277889132 375.28845354914665 1172.6794703267515 5866.00273889862 303.10756929218769 386.92518722638488 245.49533816054463 34.390622116625309 198.07043309509754 326.92772013694048 444.70695066824555 1115.9650419652462 16.753925710916519 205.08860444277525 99.419965952634811 58.072409231215715 1617.540638871491 145.42861694470048 136.07241679728031 403.88478787615895 5.4929418899118891 2783.4480680711567 119.30605308525264 284.6389086227864 59.270533734932542 82.22561570070684 242.18648521229625 1723.8617316149175
leaf_count=195 147429 63 6497 2313 7620 245482 4531 5198 4037 206 4283 2676 7841 12948 142 2242 516 819 7758 2190 567 10570 129 12228 3306 8271 1209 1708 7359 60035
internal_value=0 -0.00903889 -0.0106462 -0.00844011 -0.0115674 0.0077364 -0.00185387 -0.00426341 0.00392222 -0.00618311 -0.00433426 -0.0084761 -0.00417479 -0.00178209 0.0097662 -0.00775188 0.00534875 -0.00373518 -0.0135626 0.00326257 -0.0167421 0.00755185 -0.0188407 -0.0155144 0.00391554 0.00451534 0.00247123 0.00579125 0.00227182 0.00597255
internal_weight=0 10948.5 8947.09 6157.03 3552.43 12968.1 2001.44 762.214 857.439 1144 973.534 630.035 2604.6 1560.67 6345.97 1043.93 806.873 157.492 2790.22 343.499 170.463 649.38 50.5661 2790.06 479.969 463.215 343.909 6622.17 324.412 6297.76
internal_count=570368 95427 64708 52417 22889 474941 30719 7511 16266 14453 13680 7207 29528 20789 258410 8739 15942 1335 15378 6473 773 14607 324 12291 12928 12786 9480 216531 9067 207464
is_linear=0
shrinkage=0.01


Tree=91
num_leaves=31
num_cat=0
split_feature=2 3 2 2 12 4 5 12 3 15 14 3 4 14 4 12 1 5 1 14 5 1 6 12 5 4 7 4 2 1
split_gain=16433.4 1239.57 956.117 806.295 513.995 508.531 490.082 449.164 273.211 219.764 259.704 225.384 217.502 178.156 174.114 181.684 159.496 164.895 157.817 137.124 136.832 106.968 57.7876 57.297 51.6452 48.5131 46.7654 55.5658 137.286 41.9012
threshold=3511.5000000000005 264.50000000000006 84.500000000000014 662.50000000000011 1.0174949934843371 4172.5000000000009 778.50000000000011 1.2620922837348056 46.500000000000007 5.3217667867264238 5.8644858152678658 3103.5000000000005 258.50000000000006 1.7795022112803112 4824.0000000000009 2.8416269947219686 4202993306407.5005 260.50000000000006 1836311521521.5002 1.8343053871512336 3083.5000000000005 4282793179886.0005 277.00000000000006 3.5172192486056071 499.50000000000006 20.500000000000004 2729.5000000000005 874.50000000000011 4175.5000000000009 4187424672483.5005
decision_type=2 2 2 2 2 2 2 2 2 2 2 2 2 2 2 2 2 2 2 2 2 2 2 2 2 2 2 2 2 2
left_child=1 6 25 9 29 7 8 -5 24 11 -11 -4 20 -6 18 -16 22 -18 -14 -7 21 -8 -10 -22 -1 -3 -15 -28 -29 -2
right_child=4 2 3 5 13 19 12 -9 16 10 -12 -13 14 26 15 -17 17 -19 -20 -21 23 -23 -24 -25 -26 -27 27 28 -30 -31
leaf_value=-0.022127878383879428 0.0059436163409038447 0.011764298339380724 0.001687048543893259 -0.011019146622835749 0.010242278086441415 -0.010824777424454686 0.0059049725564066262 0.0044341135346585864 0.0036997137877588212 -0.012923317605638513 0.00048801350205537604 -0.0052732603327179496 -0.0042503151051761093 -0.012476301659876168 -0.009894107168943355 0.010609791251989756 -0.011469428092227753 0.0097756639734799013 -0.014949399577729543 -0.015315344735621851 -0.016434877555388524 -0.013099477760281674 0.0098681923772081341 0.0070249855893107808 0.010482865820729175 -0.01547739895285165 0.010403465321867913 0.0053611390428185872 -0.011303967921763228 0.0022540817393809027
leaf_weight=45.200517274439335 6265.2970489505678 6.55262567102909 795.95987116917968 427.17627829313278 5809.1201235521585 1173.6796892844141 245.32941928878427 336.06013278663158 244.73653092235327 487.74824251979589 205.10736740380526 1119.6435898728669 205.18981306627393 16.840597804635763 90.561410222202539 82.662323664873838 99.871424168348312 57.606099992990494 420.19772557541728 1616.6463011950254 56.3808723539114 33.683702997863293 400.24749938957393 12.768409930169581 5.440899033099412 2773.7887035384774 118.16646707803011 283.21981777995825 59.884124219417572 323.71408812142909
leaf_count=195 207464 63 11442 2875 245482 7620 5282 4636 4037 2896 2243 12947 3757 142 689 1461 516 819 2521 7758 244 257 10570 242 129 12228 3306 8271 1209 9067
internal_value=0 -0.0089536 -0.0105453 -0.00834887 0.00771401 -0.011448 -0.00183642 -0.00421493 0.00390303 -0.0041268 -0.00895314 -0.00238116 -0.0061061 0.00975935 -0.00898162 -0.000109652 0.00532467 -0.00369786 -0.011439 -0.0134265 0.000489742 0.00361067 0.00752759 -0.012103 -0.0186242 -0.0154132 0.00389174 0.00448933 0.00245247 0.00576235
internal_weight=0 10942.2 8942.36 6162.02 12876.2 3553.56 1999.88 763.236 853.103 2608.46 692.856 1915.6 1146.77 6287.23 798.611 173.224 802.462 157.478 625.388 2790.33 348.162 279.013 644.984 69.1493 50.6414 2780.34 478.111 461.27 343.104 6589.01
internal_count=570368 95427 64708 52417 474941 22889 30719 7511 16266 29528 5139 24389 14453 258410 8428 2150 15942 1335 6278 15378 6025 5539 14607 486 324 12291 12928 12786 9480 216531
is_linear=0
shrinkage=0.01


Tree=92
num_leaves=31
num_cat=0
split_feature=2 3 2 2 12 4 5 12 3 3 3 15 13 13 2 13 12 1 5 3 6 1 5 4 1 1 1 1 1 1
split_gain=16165.5 1213.86 952.103 792.895 516 482.526 480.393 414.023 268.129 231.555 533.121 213.89 304.12 389.149 197.892 178.571 168.826 157.538 161.483 119.292 57.7817 56.9067 50.337 48.1679 41.5727 85.6439 61.2676 168.33 531.765 46.1329
threshold=3511.5000000000005 264.50000000000006 84.500000000000014 772.50000000000011 1.0174949934843371 4172.5000000000009 778.50000000000011 1.2458435429170043 46.500000000000007 1205.5000000000002 3103.5000000000005 7.1885776073286189 3.4655344199481246 3.2700284684009455 337.50000000000006 1.3461532835074757 1.4764695836922559 4202993306407.5005 260.50000000000006 155.50000000000003 277.00000000000006 1632570084616.0002 499.50000000000006 47.500000000000007 4187424672483.5005 4205234324575.5005 3155490927897.0005 2417604865630.5005 2424655943147.0005 4205234304898.5005
decision_type=2 2 2 2 2 2 2 2 2 2 2 2 2 2 2 2 2 2 2 2 2 2 2 2 2 2 2 2 2 2
left_child=1 6 23 9 24 7 8 -5 22 14 -11 12 13 -8 -4 -6 -7 20 -19 -14 -10 -13 -1 -3 26 29 27 -2 -29 -26
right_child=4 2 3 5 15 16 11 -9 17 10 -12 21 19 -15 -16 -17 -18 18 -20 -21 -22 -23 -24 -25 25 -27 -28 28 -30 -31
leaf_value=-0.021850017636396928 0.0064887400541929745 0.00050360997863867912 -0.0059273691076994353 -0.011790354918053416 0.010239673021190155 -0.011621176376439902 -5.2061967353853835e-05 0.0030818592373255721 0.003674058360124903 0.0070909859745042292 -0.0054482458012601251 -0.027663621584307619 0.0085153516027242689 -0.015737119130652934 -0.016999338646068611 0.0038680203847855578 -0.01689183219704813 -0.011304460250639563 0.0097566312767194772 -0.0035658316514200952 0.0098587301119157696 -0.013351150294280727 0.010477858680555121 -0.015423842131668893 -0.0010016167373090253 0.0052504596000616903 0.0075314211153249214 -0.014494230328867352 0.0047419352174383487 -0.016623322257729264
leaf_weight=45.316969681531191 3292.0524615347385 19.119332302361727 895.26752151548862 379.23760344088078 5752.7745060306042 1658.1808827184141 301.9249109774828 369.62949441373348 243.9848349429667 466.1676397100091 1243.5790611468256 34.477970443665981 196.58185274153948 332.23136475682259 196.93820061162114 476.26794222183526 959.32077147066593 100.31333190202713 57.143608957529068 139.89531268551946 396.64339301921427 143.00196878612041 5.3893225677311412 2751.3114228770137 53.16030178591609 240.60687217675149 1703.2686811778694 165.95698300749063 1071.9680371936411 29.336034232750535
leaf_count=195 111466 142 8096 2313 245482 10043 4531 4970 4037 8016 13699 203 4283 2676 828 12928 4452 516 819 2142 10570 618 129 12149 1092 7359 60035 1053 34910 616
internal_value=0 -0.00886938 -0.0104441 -0.00825687 0.00769145 -0.0115278 -0.00182049 -0.00444965 0.00388393 -0.00432703 -0.00202939 -0.00603772 -0.00419207 -0.00826939 -0.00792378 0.0097525 -0.0135529 0.00530063 -0.00366106 0.00349242 0.00750328 -0.0161315 -0.018414 -0.0153139 0.00573329 0.00223578 0.00591459 0.00530666 0.00216312 -0.00655676
internal_weight=0 10935.7 8938.75 6168.32 12785.4 3366.37 1996.9 748.867 848.791 2801.95 1709.75 1148.11 970.633 634.156 1092.21 6229.04 2617.5 798.085 157.457 336.477 640.628 177.48 50.7063 2770.43 6556.35 323.103 6233.25 4529.98 1237.93 82.4963
internal_count=570368 95427 64708 52417 474941 21778 30719 7283 16266 30639 21715 14453 13632 7207 8924 258410 14495 15942 1335 6425 14607 821 324 12291 216531 9067 207464 147429 35963 1708
is_linear=0
shrinkage=0.01


Tree=93
num_leaves=31
num_cat=0
split_feature=2 0 0 0 2 8 15 0 13 4 8 6 0 0 2 0 0 3 13 7 5 4 10 3 13 3 2 15 20 13
split_gain=15903.9 5177.6 1271.41 311.253 369.155 308.756 503.271 538.993 520.72 462.111 260.13 201.85 182.823 214.346 156.186 275.404 2863.6 114.123 63.4271 63.3538 53.9219 39.7993 35.4175 33.3206 99.9724 20.9692 16.9825 12.7238 10.1643 6.4345
threshold=3511.5000000000005 4200993.0000000009 4201072.0000000009 4205705.5000000009 4171.5000000000009 1837.0000000000002 5.3217667867264238 4204581.0000000009 3.4655344199481246 1410.0000000000002 40.500000000000007 213.50000000000003 4204808.5000000009 4204112.0000000009 4855.5000000000009 4200985.0000000009 4200993.0000000009 811.50000000000011 1.3201124284121852 2729.5000000000005 50.500000000000007 47.500000000000007 556.50000000000011 166.50000000000003 2.2989862069126414 4159.5000000000009 50.500000000000007 1.9879314951391314 7.9200565504568727 2.6662065669018999
decision_type=2 2 2 2 2 2 2 2 2 2 2 2 2 2 2 2 2 2 2 2 2 2 2 2 2 2 2 2 2 2
left_child=1 18 14 4 19 10 7 8 -7 17 -3 -9 13 -6 -2 -16 -17 -8 -1 22 -12 26 -4 24 -23 -21 -20 -25 -22 -28
right_child=2 5 3 -5 12 6 9 11 -10 -11 20 -13 -14 -15 15 16 -18 -19 21 25 28 23 -24 27 -26 -27 29 -29 -30 -31
leaf_value=0.010488479193100014 0.010234777325436435 -0.017190114177857818 0.0067608104836132847 0.010286027162585981 -0.0045831041151261666 -0.0056423819756695453 -0.0092662968228024774 -0.010677743348701146 0.0093797229196807361 0.0085575716433957325 -0.011304915299064171 0.0044332910588969895 -0.0092640327920691726 0.0056337784382264333 0.010011970630134316 -0.018942256341334736 0.010264934165035027 -0.018385100808323708 0.0074146849035764727 0.0057904156848931189 -0.0061536641153892603 -0.01739437321547466 -0.023315275827764222 -0.016926934129539502 0.0055008946000372682 0.0103162649973238 -0.017674377372262545 -0.015770926302869689 0.0094934628537176775 -0.00095535661997875234
leaf_weight=9.1278550103306753 5537.5479240082204 43.387274026870728 6.1629121005535152 282.93750618956983 624.64329260215163 2133.5643425472081 908.64666697010398 94.039434615522623 258.73340005427599 141.96485842764378 13.119434639811514 1473.37614928931 406.38353813812137 305.90331570059061 2673.4467058777809 403.71501545608044 1992.101310679689 161.66293852776289 10.023867413401605 292.32525255717337 4.19837787374854 57.257629424333572 10.73641364276409 1254.0471573919058 28.596869558095932 157.54393535293639 5.9050191193819028 3954.7270872741938 372.03595666214824 3.772593729197979
leaf_count=206 240033 175 97 10559 9349 21280 5828 1009 6468 3031 86 24038 5289 8980 105812 1619 79237 919 91 8540 96 235 45 5210 287 5381 25 16940 9472 31
internal_value=0 -0.00878667 0.00767002 0.00053456 -0.000995106 -0.00207841 -0.00275733 -0.00103133 -0.0040177 -0.00839505 0.00603578 0.00352668 -0.00366823 -0.00122446 0.00907375 0.00780547 0.00534328 -0.0106436 -0.0158494 0.00666132 0.00862393 -0.0158946 -0.012347 -0.0159474 -0.0097683 0.00737537 -0.00170789 -0.0160492 0.00931886 -0.0111569
internal_weight=0 10928.2 12693.4 2086.64 1803.7 5604.73 5171.99 3959.71 2392.3 1212.27 432.741 1567.42 1336.93 930.547 10606.8 5069.26 2395.82 1070.31 5323.46 466.769 389.354 5314.33 16.8993 5294.63 85.8545 449.869 19.7015 5208.77 376.234 9.67761
internal_count=570368 95427 474941 48240 37681 72402 62573 52795 27748 9778 9829 25047 23618 18329 426701 186668 80856 6747 23025 14063 9654 22819 142 22672 522 13921 147 22150 9568 56
is_linear=0
shrinkage=0.01


Tree=94
num_leaves=31
num_cat=0
split_feature=2 0 0 0 2 8 14 0 12 4 1 8 1 0 2 2 0 0 0 7 12 4 10 3 12 1 2 3 3 14
split_gain=15660.8 5111.24 1267.5 307.933 362.748 303.475 483.406 502.309 518.5 442.417 298.561 255.136 184.569 191.346 176.052 155.65 273.694 2820.27 107.072 62.3801 62.3353 39.2944 34.6435 32.9348 107.883 25.8227 16.6373 16.4041 15.6761 12.2521
threshold=3511.5000000000005 4200993.0000000009 4201072.0000000009 4205705.5000000009 4171.5000000000009 1875.0000000000002 4.8276800330473497 4204581.0000000009 3.1651774695465433 1410.0000000000002 1632570077489.5002 40.500000000000007 2417604865630.5005 4204355.0000000009 134.50000000000003 4855.5000000000009 4200985.0000000009 4200993.0000000009 4204112.0000000009 2729.5000000000005 1.1159798465572681 47.500000000000007 553.50000000000011 155.50000000000003 1.3826895352780137 4374073345192.5005 50.500000000000007 46.500000000000007 318.50000000000006 1.9784954450991996
decision_type=2 2 2 2 2 2 2 2 2 2 2 2 2 2 2 2 2 2 2 2 2 2 2 2 2 2 2 2 2 2
left_child=1 20 15 4 19 11 7 8 -7 10 -8 -3 18 -14 -9 -2 -17 -18 -6 22 -1 26 -4 24 -23 -21 -22 -13 -29 -25
right_child=2 5 3 -5 12 6 9 14 -10 -11 -12 27 13 -15 -16 16 17 -19 -20 25 21 23 -24 29 -26 -27 -28 28 -30 -31
leaf_value=0.010483384304461621 0.010232241221693588 -0.017016021735552559 0.01059756781807192 0.010283102768899002 -0.0042167473855268481 -0.005569454894144038 -0.027032222861683209 -0.03736160710597277 0.0093819632915455118 0.008496027965338139 -0.0088261239730713717 -0.018443191483245504 -0.0025384411325883533 -0.013475836451767292 0.0035722621112034281 0.010006891120899718 -0.018736785701982579 0.010262228782100632 0.0036534880817066201 0.0077337076862545023 0.007375596728913825 -0.017267425818070951 -0.021189851359736393 -0.016811400593502814 0.0073625410823167352 -0.0078018419377859447 -0.011014935285285856 0.0091566286169541353 -0.0002107613100788763 -0.015675186154631014
leaf_weight=9.041401728987692 5483.8002419304103 43.392827853560448 4.7782522551715401 280.20149633660913 325.89366863295436 2141.0693415403366 99.540444403886795 10.577406477183102 260.12396685406566 137.92318191379309 947.12175966799259 2.2389744184911242 354.79627296701074 291.26283564046025 1577.3090169429779 2648.1822946667671 404.05900026857853 1972.7969337124377 368.12393014505506 435.81524454057217 9.976459104567768 57.102566495537758 12.137918621301649 1250.0586999058723 25.827504340559244 10.968407370150087 9.7040818706154806 368.61658686771989 18.774823028594255 3941.3687824010849
leaf_count=206 240033 175 91 10559 4882 21268 589 86 6548 2963 5780 19 5826 2459 25276 105812 1619 79237 10451 13643 91 235 51 5210 276 278 56 9450 248 16951
internal_value=0 -0.00871355 0.00765444 0.000530119 -0.000984924 -0.00205674 -0.00272982 -0.00106409 -0.00394975 -0.00833913 -0.0105576 0.00598504 -0.00362286 -0.00746935 0.00329959 0.00906724 0.00779588 0.00533248 -4.21818e-05 0.00663863 -0.0157515 -0.0157963 -0.012211 -0.0158489 -0.00959674 0.00735231 -0.00169241 0.00854665 0.00870264 -0.0159488
internal_weight=0 10909.8 12592.8 2083.98 1803.78 5606.69 5173.67 3989.08 2401.19 1184.59 1046.66 433.023 1340.08 646.059 1587.89 10508.8 5025.04 2376.86 694.018 463.7 5303.08 5294.04 16.9162 5274.36 82.9301 446.784 19.6805 389.63 387.391 5191.43
internal_count=570368 95427 474941 48240 37681 72402 62510 53178 27816 9332 6369 9892 23618 8285 25362 426701 186668 80856 15333 14063 23025 22819 142 22672 511 13921 147 9717 9698 22161
is_linear=0
shrinkage=0.01


Tree=95
num_leaves=31
num_cat=0
split_feature=2 0 0 0 2 8 15 0 13 4 8 6 0 0 2 0 0 3 13 7 5 4 10 3 13 3 2 2 20 13
split_gain=15421.8 5046.84 1263.32 304.654 356.538 298.245 479.685 517.29 500.913 440.309 252.161 198.079 173.734 210.146 155.107 271.979 2777.94 111.949 61.2704 60.9161 53.0304 38.8423 33.7906 32.4681 96.5552 22.2437 16.2819 11.7993 10.1632 6.27026
threshold=3511.5000000000005 4200993.0000000009 4201072.0000000009 4205705.5000000009 4174.5000000000009 1837.0000000000002 5.3217667867264238 4204581.0000000009 3.4655344199481246 1410.0000000000002 40.500000000000007 213.50000000000003 4204808.5000000009 4204112.0000000009 4855.5000000000009 4200985.0000000009 4200993.0000000009 811.50000000000011 1.3201124284121852 2729.5000000000005 50.500000000000007 47.500000000000007 553.50000000000011 166.50000000000003 2.2989862069126414 4159.5000000000009 50.500000000000007 152.50000000000003 7.9200565504568727 2.6662065669018999
decision_type=2 2 2 2 2 2 2 2 2 2 2 2 2 2 2 2 2 2 2 2 2 2 2 2 2 2 2 2 2 2
left_child=1 18 14 4 19 10 7 8 -7 17 -3 -9 13 -6 -2 -16 -17 -8 -1 22 -12 26 -4 24 -23 -21 -20 -25 -22 -28
right_child=2 5 3 -5 12 6 9 11 -10 -11 20 -13 -14 -15 15 16 -18 -19 21 25 28 23 -24 27 -26 -27 29 -29 -30 -31
leaf_value=0.010478343438443581 0.010229731386758017 -0.016846118446968341 0.010591281462016556 0.01028020942222343 -0.0045373410728116433 -0.0054882141992740816 -0.0089858106057535136 -0.010553873150271455 0.0093525157412486255 0.0085180926208197009 -0.011107210313628582 0.0043836858615685162 -0.0090276935097268474 0.005605017479186355 0.01000181591586315 -0.018536997759398845 0.010259551518040066 -0.017982792499402326 0.0073366245978562332 0.0056329493672603505 -0.0062004234462269756 -0.017143559688055695 -0.020890341398174458 -0.015399206063208716 0.0054367356639266982 0.010310794342893311 -0.01727310182010219 -0.016356028662536951 0.0094682917962940361 -0.00082875054708132485
leaf_weight=8.9557225927710515 5430.5609083492309 43.392163053154945 4.7335016243159798 277.49113181605935 622.1343597881496 2149.7632274366915 916.9308302514255 94.502001747488976 254.33991104736924 139.79928344115615 13.199632078409193 1464.2170023135841 409.6653208732605 304.16619098559022 2623.1561680864543 404.32831524312496 1953.6744049079716 162.86724156141281 9.9293957874178904 295.51477944105864 4.187022551894187 56.940801993012428 12.188564687967299 2713.9007820188999 28.373690240085125 154.95251727476716 5.9437967836856824 2454.425739556551 365.85904135741293 3.8019039407372475
leaf_count=206 240033 175 91 10559 9168 21280 5828 1009 6468 3031 86 24038 5289 8980 105812 1619 79237 919 91 8721 96 235 51 11763 287 5381 25 10387 9472 31
internal_value=0 -0.00864108 0.00763914 0.000525829 -0.000975126 -0.00203514 -0.00269675 -0.00100896 -0.00391815 -0.00818086 0.00600157 0.00347805 -0.00360512 -0.00120693 0.00906078 0.00778636 0.00532179 -0.0103428 -0.0156557 0.00654233 0.00858845 -0.0157001 -0.0120842 -0.0157526 -0.00963386 0.00724204 -0.00167574 -0.0158536 0.009291 -0.010858
internal_weight=0 10891.3 12492.6 2080.85 1803.36 5609.06 5182.42 3962.82 2404.1 1219.6 426.638 1558.72 1335.97 926.301 10411.7 4981.16 2358 1079.8 5282.27 467.389 383.246 5273.32 16.9221 5253.64 85.3145 450.467 19.6751 5168.33 370.046 9.7457
internal_count=570368 95427 474941 48240 37681 72402 62573 52795 27748 9778 9829 25047 23437 18148 426701 186668 80856 6747 23025 14244 9654 22819 142 22672 522 14102 147 22150 9568 56
is_linear=0
shrinkage=0.01


Tree=96
num_leaves=31
num_cat=0
split_feature=2 0 0 0 2 1 13 13 15 4 15 5 14 1 1 2 0 0 14 0 20 13 7 13 5 4 10 3 13 1
split_gain=15187.2 4983.61 1259.41 301.41 350.409 282.476 332.129 731.402 454.051 1094.99 460.094 232.911 230.1 178.052 187.629 154.556 270.258 2736.57 130.887 103.639 76.0146 71.991 60.5049 60.2312 49.9335 38.3622 32.997 32.1159 104.376 25.6582
threshold=3511.5000000000005 4200993.0000000009 4201072.0000000009 4205705.5000000009 4171.5000000000009 4205234304898.5005 1.8107551040761356 1.6694167651246727 3.663363957765823 54.500000000000007 3.8696488910393634 317.50000000000006 3.2946001893412262 2417604865630.5005 3155490927897.0005 4855.5000000000009 4200985.0000000009 4200993.0000000009 2.5840003636924758 4204112.0000000009 3.9934062673467854 1.7754236602093663 2729.5000000000005 1.3201124284121852 172.50000000000003 47.500000000000007 556.50000000000011 155.50000000000003 2.2989862069126414 4374073345192.5005
decision_type=2 2 2 2 2 2 2 2 2 2 2 2 2 2 2 2 2 2 2 2 2 2 2 2 2 2 2 2 2 2
left_child=1 23 15 4 22 6 7 11 9 -8 -10 -3 21 19 -15 -2 -17 -18 -9 -6 -14 -7 26 -1 -22 -25 -4 28 -27 -24
right_child=2 5 3 -5 13 12 8 18 10 -11 -12 -13 20 14 -16 16 17 -19 -20 -21 24 -23 29 25 -26 27 -28 -29 -30 -31
leaf_value=0.010473358596521798 0.010227246157270782 -0.01672950540392781 0.0067365525145411786 0.01027734623340827 -0.0041001268218106421 -0.0099295802334948245 -0.087278676475311345 -0.012206312857688454 -0.013196918491735933 0.0056472740057269353 -0.00076269804656067287 0.0068969883725640028 -0.029287568271415751 -0.012481021514247875 -0.001732297406439256 0.0099967446951285208 -0.018342650478845039 0.010256902158990977 -0.031019523380609721 0.0036333741037885693 -0.01440317350578022 0.0074979251436805075 0.0076917482361594453 -0.0016606842022714177 -0.0076929508093091757 -0.01702266875793201 -0.02238767610262981 -0.01575738502282252 0.0072990075868411943 -0.0077936995519799811
leaf_weight=8.8708110228180868 5377.8258993979543 47.380612134933472 6.0595916621387031 274.80620598606765 328.27344606071711 31.242668069899082 12.801898546516894 553.04311317205429 341.10898161306977 1336.8992851451039 2332.1961571518332 349.52643349021673 23.523004293441772 336.70391947776079 313.70910775288939 2598.3661540150642 404.52514013648033 1934.7321085706353 39.630320742726326 367.04618405178189 208.98619022965431 98.223729997873306 429.75490476563573 19.652754906564951 236.27195408940315 56.772571757435799 10.865706726908682 5150.1563093662262 25.601400539278984 10.973088163882492
leaf_count=206 240033 269 97 10559 4882 240 141 2980 3602 21740 35132 4207 109 3326 4959 105812 1619 79237 200 10451 929 1285 13643 147 1568 235 45 22161 276 278
internal_value=0 -0.00857003 0.00762355 0.00052146 -0.000965176 -0.00201398 -0.00123883 -0.00642889 3.78212e-05 0.00476587 -0.00234928 0.00407659 -0.00850881 -0.00353576 -0.00729667 0.00905437 0.00777692 0.00531121 -0.0134643 -1.77568e-05 -0.011768 0.00329234 0.00659366 -0.015562 -0.0108425 -0.0156059 -0.0119606 -0.0156583 -0.00946362 0.0073062
internal_weight=0 10871.9 12393.6 2078.19 1803.39 5610.83 5012.59 989.58 4023.01 1349.7 2673.31 396.907 598.248 1345.73 650.413 10315.4 4937.62 2339.26 592.673 695.32 468.781 129.466 457.653 5261.05 445.258 5252.18 16.9253 5232.53 82.374 440.728
internal_count=570368 95427 474941 48240 37681 72402 68271 7656 60615 21881 38734 4476 4131 23618 8285 426701 186668 80856 3180 15333 2606 1525 14063 23025 2497 22819 142 22672 511 13921
is_linear=0
shrinkage=0.01


Tree=97
num_leaves=31
num_cat=0
split_feature=2 0 0 0 2 8 15 0 14 8 6 1 0 3 2 2 0 0 0 7 6 5 10 15 3 14 0 0 1 1
split_gain=14956.7 4921.95 1255.31 298.204 344.4 293.212 468.113 500.124 488.116 245.146 193.303 173.4 181.913 173.314 261.737 153.997 268.532 2696.13 101.55 59.5853 54.8392 51.8775 32.3153 28.5354 26.8412 64.4977 26.8249 26.0931 25.3187 17.7642
threshold=3511.5000000000005 4200993.0000000009 4201072.0000000009 4205705.5000000009 4171.5000000000009 1875.0000000000002 5.3217667867264238 4204581.0000000009 3.7465223383473654 40.500000000000007 213.50000000000003 2417604865630.5005 4204355.0000000009 811.50000000000011 181.50000000000003 4855.5000000000009 4200985.0000000009 4200993.0000000009 4204112.0000000009 2729.5000000000005 2260.5000000000005 50.500000000000007 553.50000000000011 5.2206801228272122 166.50000000000003 3.4392933550634934 4200954.0000000009 4200985.0000000009 4374073345192.5005 3961556815837.5005
decision_type=2 2 2 2 2 2 2 2 2 2 2 2 2 2 2 2 2 2 2 2 2 2 2 2 2 2 2 2 2 2
left_child=1 23 15 4 19 9 7 8 -7 -3 -9 18 -13 14 -8 -2 -17 -18 -6 22 -15 -11 -4 24 25 27 -26 -1 -21 -25
right_child=2 5 3 -5 11 6 13 10 -10 21 -12 12 -14 20 -16 16 17 -19 -20 28 -22 -23 -24 29 26 -27 -28 -29 -30 -31
leaf_value=0.0032233972439813874 0.010224785479601135 -0.016568207812174308 0.010581146039835079 0.010274513004250273 -0.0040450542899975904 -0.0052974396326150516 -0.010116182108973438 -0.010353529319015051 0.0099540480142012201 -0.010900041789224674 0.0043504570418813719 -0.0024031972172945662 -0.013007712247574006 -0.011895779231899734 0.00042351139858552006 0.0099916772027489522 -0.018153518319058756 0.010254280746624798 0.0036092128566835593 0.0076699939176475378 -0.023465512590303918 0.0092100917325996928 -0.020347800364539755 0.010954943373849856 0.0059112258417497923 0.0062165407184795619 -0.01561438748723778 -0.016958074586983281 -0.0076605530918537204 -0.026413575804107147
leaf_weight=7.2202602326869956 5325.5907441135496 43.367176190018654 4.6611133813858059 272.14647948369384 329.40965463966131 2180.791528083384 702.28635971620679 95.254733022302389 232.18704893440008 13.287525311112402 1456.1828135736287 358.13210482522845 295.02340944111347 82.625282987952232 354.58121424913406 2573.8102061040699 404.65160019695759 1915.9684633444995 365.81446395814419 426.67950868420303 81.257953181862831 370.68073945306242 12.272933959960936 6.351387992501258 5.7958335280418387 19.188252713531256 5142.4165305048227 56.841907471418381 11.051771160215138 1.590752314776182
leaf_count=39 240033 175 91 10559 4882 21930 4344 1009 5818 86 24038 5826 2459 558 4452 105812 1619 79237 10451 13643 361 9631 51 91 122 215 22301 237 278 20
internal_value=0 -0.00849999 0.00760817 0.000517211 -0.000955528 -0.00199303 -0.00264919 -0.000981878 -0.00382988 0.00596874 0.00344767 -0.00349339 -0.00719314 -0.00806384 -0.00658009 0.009048 0.00776755 0.00530075 -1.75162e-05 0.0065709 -0.0176324 0.00851416 -0.0118346 -0.0154703 -0.0154991 -0.00986627 -0.0155902 -0.0146835 0.00728293 0.0034703
internal_weight=0 10851.9 12295.2 2075.19 1803.04 5612.5 5185.17 3964.42 2412.98 427.335 1551.44 1348.38 653.156 1220.75 1056.87 10220 4894.43 2320.62 695.224 454.665 163.883 383.968 16.934 5239.4 5231.46 83.2504 5148.21 64.0622 437.731 7.94214
internal_count=570368 95427 474941 48240 37681 72402 62510 52795 27748 9892 25047 23618 8285 9715 8796 426701 186668 80856 15333 14063 919 9717 142 23025 22914 491 22423 276 13921 111
is_linear=0
shrinkage=0.01


Tree=98
num_leaves=31
num_cat=0
split_feature=2 0 0 0 2 8 15 0 12 4 1 8 15 1 1 2 0 0 0 12 7 5 4 10 3 12 3 13 2 1
split_gain=14730 4861.4 1251.15 295.036 338.532 288.227 454.368 489.879 482.902 422.629 260.483 242.376 186.401 172.771 176.688 153.432 266.802 2656.58 99.207 59.0175 58.0164 51.5297 38.2011 31.549 31.1999 100.82 22.9407 15.8512 10.9228 10.64
threshold=3511.5000000000005 4200993.0000000009 4201072.0000000009 4205705.5000000009 4175.5000000000009 1837.0000000000002 5.3217667867264238 4204581.0000000009 3.1651774695465433 1410.0000000000002 2424655927106.5005 40.500000000000007 1.9848434443577256 2417604865630.5005 3155490927897.0005 4855.5000000000009 4200985.0000000009 4200993.0000000009 4204112.0000000009 1.1159798465572681 2729.5000000000005 50.500000000000007 49.500000000000007 553.50000000000011 155.50000000000003 1.3826895352780137 4159.5000000000009 2.6662065669018999 152.50000000000003 4205234324575.5005
decision_type=2 2 2 2 2 2 2 2 2 2 2 2 2 2 2 2 2 2 2 2 2 2 2 2 2 2 2 2 2 2
left_child=1 19 15 4 20 11 7 8 -7 10 -8 -3 -9 18 -15 -2 -17 29 -6 -1 23 -13 27 -4 25 -24 -22 -21 -26 -18
right_child=2 5 3 -5 13 6 9 12 -10 -11 -12 21 -14 14 -16 16 17 -19 -20 22 26 -23 24 -25 28 -27 -28 -29 -30 -31
leaf_value=0.010470731287789669 0.010222349295403523 -0.016408836630382184 0.010575041561740986 0.010271709853551263 -0.0040121440306888365 -0.0053047194112345363 -0.017185789036821299 -0.0014253968240344013 0.0093338632217147988 0.0084997123282803209 -0.0066860840264926025 -0.010725230602681324 0.0059081685521670778 -0.012174357625402366 -0.0017552215796080113 0.0099866125764354035 -0.018261621783074045 0.01025168681632747 0.0035851353089985738 -0.011613585241098883 0.0055073212623826971 0.0092647329067497113 -0.016789055924983098 -0.02007544004533229 -0.015135793315836902 0.0072287509950132306 0.010303295156222135 0.0059322685056722672 -0.016061937105972299 -0.0089731559598690801
leaf_weight=8.8167061284184438 5273.8505244366825 43.350576341152191 4.6173850186169174 269.51174234226346 325.17865609005094 2167.1633352674544 346.610541023314 524.24098870158195 251.50441572070122 138.80604822933674 742.27524147927761 13.368646517395971 1022.7783494368196 339.25178837403655 312.85080746561289 2549.4861767757684 391.97658988833427 1897.3818293511868 364.5946850143373 9.3087158948183077 292.39367742463946 364.24159322865307 56.417021676898003 12.314830511808394 2679.4111829996109 25.322193078696728 151.36882709525526 11.521911159157751 2426.8405628353357 12.733198061585425
leaf_count=206 240033 175 91 10559 4726 21268 2459 5565 6480 3031 4288 86 19482 3304 4896 105812 1568 79237 10451 42 8781 9568 235 51 11769 275 5381 111 10387 51
internal_value=0 -0.00843055 0.00759285 0.000513018 -0.000946055 -0.0019723 -0.00261738 -0.000971632 -0.00378253 -0.00793349 -0.0100283 0.00598604 0.00342303 -0.0034853 -0.0071757 0.00904168 0.00775824 0.0052904 3.56302e-06 -0.0153798 0.00645006 0.00855702 -0.0154236 -0.0117171 -0.0154778 -0.00934852 0.00714324 -0.00190856 -0.015576 -0.0179694
internal_weight=0 10832 12197.5 2072.08 1802.57 5614.34 5193.38 3965.69 2418.67 1227.69 1088.89 420.961 1547.02 1341.88 652.103 10125.4 4851.58 2302.09 689.773 5217.64 460.695 377.61 5208.82 16.9322 5187.99 81.7392 443.763 20.8306 5106.25 404.71
internal_count=570368 95427 474941 48240 37681 72402 62573 52795 27748 9778 6747 9829 25047 23377 8200 426701 186668 80856 15177 23025 14304 9654 22819 142 22666 510 14162 153 22156 1619
is_linear=0
shrinkage=0.01


Tree=99
num_leaves=31
num_cat=0
split_feature=2 0 0 0 2 8 6 13 14 15 2 8 6 0 0 2 0 0 1 13 7 5 4 10 1 13 13 2 1 20
split_gain=14507.5 4802.43 1247.06 291.904 332.799 283.372 449.627 449.813 687.82 340.454 251.477 237.767 196.698 166.177 197.248 152.86 265.066 2617.9 148.962 58.0378 57.8126 50.5158 37.7643 30.8388 25.1561 24.9392 15.5164 12.5983 10.4392 10.142
threshold=3511.5000000000005 4200993.0000000009 4201072.0000000009 4205705.5000000009 4171.5000000000009 1875.0000000000002 2579.5000000000005 1.8107551040761356 1.80966411804849 3.6922419901710248 983.50000000000011 40.500000000000007 2090.5000000000005 4204808.5000000009 4204112.0000000009 4855.5000000000009 4200985.0000000009 4200993.0000000009 932620487749.50012 1.3201124284121852 2729.5000000000005 50.500000000000007 49.500000000000007 556.50000000000011 4374073345192.5005 3.7159804673141519 2.6662065669018999 152.50000000000003 4205234324575.5005 7.9200565504568727
decision_type=2 2 2 2 2 2 2 2 2 2 2 2 2 2 2 2 2 2 2 2 2 2 2 2 2 2 2 2 2 2
left_child=1 19 15 4 20 11 10 8 -8 -9 12 -3 -7 14 -6 -2 -17 28 -15 -1 23 -13 26 -4 -22 27 -21 -24 -18 -23
right_child=2 5 3 -5 13 6 7 9 -10 -11 -12 21 -14 18 -16 16 17 -19 -20 22 24 29 25 -25 -26 -27 -28 -29 -30 -31
leaf_value=0.010465829459986774 0.010219935750830971 -0.016253090454163822 0.0067127325214771105 0.010268935915577161 -0.004239323309366866 -0.0052269213061852324 0.0080545074655984233 0.0047172301884639981 -0.01085305628392568 -0.0025746130770932479 -0.03673689911578383 -0.010554598728524562 -0.016273664010926104 0.0084232959204961089 0.0055702258665071168 0.0099815503087475697 -0.018079749631690675 0.010249119519564576 -0.010799194090058042 -0.011464835634660608 0.0076277430211790067 -0.0063704034062499184 -0.014938399331031773 -0.021549230801816106 -0.0076533916874113265 0.0046053439414386636 0.005897039217392497 -0.015927442936707611 -0.0088806967514368645 0.0093595331412821402
leaf_weight=8.7330460771918279 5222.6016635969281 43.328432723879814 5.9577598720788982 266.90177939645946 637.90272362530231 1336.2403830625117 254.67334323003888 1472.0745520107448 786.83186532557011 1133.2064360193908 28.125449299812317 13.448518499732016 183.2985563352704 45.27084544673562 302.03648393973708 2525.3920902106911 391.9604863524437 1878.9707295447588 368.18942575156689 9.3350621946156043 420.79736083000898 4.1460843160748473 2680.7745495587587 10.970193162560461 11.055931486189364 6.2305442206561557 11.475072395056484 2478.7311843968928 12.737089812755583 360.42326284386218
leaf_count=206 240033 175 97 10559 9349 13148 3562 23533 4501 16760 163 86 843 1193 8980 105812 1568 79237 4096 42 13643 96 11851 45 278 107 111 10708 51 9535
internal_value=0 -0.00836245 0.00757746 0.000508837 -0.000936627 -0.00195191 -0.00259167 -0.000675037 -0.0062297 0.00154553 -0.00710787 0.0059353 -0.00655946 -0.00341118 -0.00108716 0.0090354 0.00774901 0.00528016 -0.00869447 -0.0152919 0.00652592 0.00847853 -0.0153353 -0.0116025 0.00723653 -0.0153894 -0.00189119 -0.0154136 -0.0177902 0.00918064
internal_weight=0 10811.1 12100.7 2069.08 1802.18 5615.8 5194.45 3646.79 1041.51 2605.28 1547.66 421.346 1519.54 1353.4 939.939 10031.7 4809.06 2283.67 413.46 5195.28 448.781 378.018 5186.55 16.928 431.853 5165.74 20.8101 5159.51 404.698 364.569
internal_count=570368 95427 474941 48240 37681 72402 62510 48356 8063 40293 14154 9892 13991 23618 18329 426701 186668 80856 5289 23025 14063 9717 22819 142 13921 22666 153 22559 1619 9631
is_linear=0
shrinkage=0.01


Tree=100
num_leaves=31
num_cat=0
split_feature=2 0 0 0 2 8 15 0 12 4 1 8 15 1 1 2 0 0 0 12 7 5 4 3 12 5 1 13 1 2
split_gain=14289 4743.62 1243.02 288.804 327.108 278.573 435.059 476.161 473.309 411.099 264.499 235.13 183.862 162.097 173.374 152.281 263.327 2580.06 96.0537 57.0754 56.9424 50.1974 37.3317 31.3502 90.1295 28.5983 24.8236 15.1899 10.2475 10.1536
threshold=3511.5000000000005 4200993.0000000009 4201072.0000000009 4205705.5000000009 4171.5000000000009 1837.0000000000002 5.3217667867264238 4204581.0000000009 3.1651774695465433 1341.5000000000002 2424655927106.5005 40.500000000000007 1.9848434443577256 2417604865630.5005 3155490927897.0005 4855.5000000000009 4200985.0000000009 4200993.0000000009 4204112.0000000009 1.1159798465572681 2729.5000000000005 50.500000000000007 49.500000000000007 166.50000000000003 1.3826895352780137 301.50000000000006 4374073345192.5005 2.6662065669018999 4205234324575.5005 152.50000000000003
decision_type=2 2 2 2 2 2 2 2 2 2 2 2 2 2 2 2 2 2 2 2 2 2 2 2 2 2 2 2 2 2
left_child=1 19 15 4 20 11 7 8 -7 10 -8 -3 -9 18 -15 -2 -17 28 -6 -1 25 -13 27 24 -24 -4 -22 -21 -18 -25
right_child=2 5 3 -5 13 6 9 12 -10 -11 -12 21 -14 14 -16 16 17 -19 -20 22 26 -23 23 29 -26 -27 -28 -29 -30 -31
leaf_value=0.010460981028784851 0.010217547297592354 -0.016100835497498939 -0.019102156335622428 0.010266190707797747 -0.0038831708718434638 -0.0052055918149591755 -0.017136362781139242 -0.0014145262193064263 0.009323968986547547 0.0080029743069011654 -0.0065200837651114077 -0.01038799705433145 0.0058784000526704164 -0.01184447789427019 -0.0015871941435944307 0.0099764905588633872 -0.017902636298679435 0.010246579448209702 0.0035547621167805118 -0.01131905400430188 0.0076057946881445005 0.0092359932854667089 -0.016571473789530198 -0.014975439974601108 0.0053822772782060593 0.010692854321139558 -0.007523654676587329 0.0058619211947144069 -0.0087895661453586144 -0.015872455604773798
leaf_weight=8.6501379013061506 5171.8387964386493 43.300913661718369 12.601446703076364 264.3163646813482 332.78859800845385 2176.1963603459299 342.39978007599711 523.67128058150411 249.95368772000074 146.13648802042007 745.97754712402821 13.527163296937941 1017.1224214471877 343.23106878623366 316.9579636529088 2501.5257661435753 391.8801816701889 1860.7335393875837 363.02043853700161 9.3606092706322688 417.80657331645489 358.16268003545702 56.047553077340126 2652.346435084939 28.063904523849487 4.327834725379943 11.133718118071554 11.428613528609274 12.740438953042029 2407.0982671678066
leaf_count=206 240033 175 56 10559 4882 21268 2350 5565 6480 3140 4288 86 19482 3326 4959 105812 1568 79237 10451 42 13643 9568 235 11758 286 86 278 111 51 10387
internal_value=0 -0.0082955 0.00756201 0.000504688 -0.000927229 -0.00193201 -0.00256107 -0.000947713 -0.00370869 -0.00774539 -0.00985993 0.00595263 0.00339975 -0.00337043 -0.00691994 0.00902918 0.00773985 0.00527003 -2.62096e-06 -0.0152045 0.00650313 0.0085218 -0.0152475 -0.0153015 -0.00924657 -0.0114853 0.00721309 -0.00187403 -0.0176157 -0.0154022
internal_weight=0 10789.4 12004.9 2066.18 1801.87 5616.45 5201.46 3966.94 2426.15 1234.51 1088.38 414.991 1540.79 1356 660.189 9938.72 4766.88 2265.35 695.809 5173 445.87 371.69 5164.35 5143.56 84.1115 16.9293 428.94 20.7892 404.621 5059.44
internal_count=570368 95427 474941 48240 37681 72402 62573 52795 27748 9778 6638 9829 25047 23618 8285 426701 186668 80856 15333 23025 14063 9654 22819 22666 521 142 13921 153 1619 22145
is_linear=0
shrinkage=0.01


Tree=101
num_leaves=31
num_cat=0
split_feature=13 0 0 17 14 3 13 13 1 1 0 13 5 1 13 0 0 0 0 13 13 4 3 4 3 13 4 16 13 5
split_gain=13520.2 5167.23 1226.42 340.217 579.122 450.513 433.478 680.071 381.876 457.335 289.171 250.514 234.797 187.086 151.892 261.585 2543.01 141.323 91.2704 72.113 68.3954 36.916 35.2778 35.0317 31.0196 97.6705 25.4463 43.2048 14.8714 11.0096
threshold=1.3201124284121852 4200993.0000000009 4201072.0000000009 3.7692897112350514 2.3795204768346951 4685.5000000000009 1.6083210945637985 1.7754236602093663 1836311521521.5002 1564759720309.0002 4205705.5000000009 1.2404971691558024 795.50000000000011 2417604865630.5005 1.0935280532362801 4200985.0000000009 4200993.0000000009 4204355.0000000009 4204112.0000000009 2.3307100685622415 1.3461532835074757 49.500000000000007 170.50000000000003 54.500000000000007 155.50000000000003 2.2989862069126414 159.50000000000003 3.4653381241912631 2.6662065669018999 4846.5000000000009
decision_type=2 2 2 2 2 2 2 2 2 2 2 2 2 2 2 2 2 2 2 2 2 2 2 2 2 2 2 2 2 2
left_child=2 20 14 4 6 8 22 -8 9 -5 11 13 -10 18 15 -1 -17 -15 -4 29 -2 28 -3 -21 25 -23 27 -6 -22 -7
right_child=1 3 10 5 26 19 7 -9 12 -11 -12 -13 -14 17 -16 16 -18 -19 -20 23 21 24 -24 -25 -26 -27 -28 -29 -30 -31
leaf_value=0.0099714317164967311 0.0087116474406266162 0.00054722429383330742 -0.0041528434856187083 -0.0043590248822139811 -0.0059867805379561203 -0.046603818441282412 -0.015278932629649418 0.0008995202567261719 -0.0034862456637403056 0.0067349782429364392 0.010259815655730477 0.010297692509558285 -0.010549607717869437 -0.0027516845115562079 0.010216930610337774 -0.017445586887244825 0.010244065690963934 -0.012409933198164228 0.003530874342918966 -0.031147611661309967 -0.011176141920112421 -0.016463937160351067 0.0069513138547089848 0.0050836195940690467 -0.015315314316815197 0.0072270260143989067 0.010353737949734708 0.00852632032881105 0.0058269150868337253 -0.063548513214424965
leaf_weight=2477.8853014037013 12.027725039049981 107.24511134810746 269.91344057768583 779.37723510712385 26.625193297863007 8.5615357682108861 418.64455164037645 684.89075126126409 1571.8974114060402 710.1763018257916 219.31363447196782 145.82165803946555 671.73415043205023 306.2815320789814 5120.2994311731309 404.48087392747402 1842.6686328332871 299.79144835099578 361.82764927297831 19.40112330019474 9.3853763863444346 55.850486397743225 434.5747398044914 3.0942998602986362 5038.8246357291937 25.278160125017166 543.94221432134509 89.34062959253788 11.382531825453041 6.9448536261916152
leaf_count=105812 534 2911 3431 12140 203 67 2680 9391 14753 15368 8957 5288 5509 4726 239417 1619 79237 2459 10451 163 42 235 9962 27 22153 275 10534 1845 111 68
internal_value=0 -0.00774037 0.00770308 -0.0014937 0.00153274 -0.00334371 -0.00164148 -0.00523805 -0.00299499 0.000930277 -0.000408483 -0.00209947 -0.00560099 -0.00355992 0.00902375 0.00773075 0.00526 -0.0075291 0.000247981 -0.0376009 -0.0151068 -0.0151626 0.00568372 -0.0261639 -0.0152165 -0.00908228 0.00944705 0.00519418 -0.00185706 -0.0541928
internal_weight=0 11229.2 11448.3 6076.45 2305.26 3771.19 1645.36 1103.54 3733.19 1489.55 1602.95 1383.64 2243.63 1237.81 9845.33 4725.03 2247.15 606.073 631.741 38.0018 5152.75 5140.72 541.82 22.4954 5119.95 81.1286 659.908 115.966 20.7679 15.5064
internal_count=570368 108971 461397 85621 37526 48095 24944 12071 47770 27508 35312 26355 20262 21067 426085 186668 80856 7185 13882 325 23350 22816 12873 190 22663 510 12582 2048 153 135
is_linear=0
shrinkage=0.01


Tree=102
num_leaves=31
num_cat=0
split_feature=2 0 0 0 2 8 14 0 12 4 8 2 0 0 2 0 0 3 7 12 4 3 12 10 3 3 3 13 2 7
split_gain=13860.8 4633.17 1235.43 283.241 316.062 272.873 416.683 438.154 467.979 391.091 230.054 170.374 158.5 189.91 151.107 259.843 2506.73 122.155 56.1786 55.24 36.5129 30.61 87.2207 29.842 21.8981 15.6812 14.9404 14.5606 9.63101 8.03339
threshold=3511.5000000000005 4200993.0000000009 4201072.0000000009 4205705.5000000009 4171.5000000000009 1875.0000000000002 4.8276800330473497 4204581.0000000009 3.1651774695465433 1410.0000000000002 40.500000000000007 134.50000000000003 4204808.5000000009 4204112.0000000009 4855.5000000000009 4200985.0000000009 4200993.0000000009 811.50000000000011 2729.5000000000005 1.1159798465572681 49.500000000000007 166.50000000000003 1.3826895352780137 553.50000000000011 4159.5000000000009 46.500000000000007 318.50000000000006 2.6662065669018999 152.50000000000003 49.500000000000007
decision_type=2 2 2 2 2 2 2 2 2 2 2 2 2 2 2 2 2 2 2 2 2 2 2 2 2 2 2 2 2 2
left_child=1 19 14 4 18 10 7 8 -7 17 -3 -9 13 -6 -2 -16 -17 -8 23 -1 27 22 -22 -4 -20 -12 -27 -21 -23 -29
right_child=2 5 3 -5 12 6 9 11 -10 -11 25 -13 -14 -15 15 16 -18 -19 24 20 21 28 -24 -25 -26 26 -28 29 -30 -31
leaf_value=0.010451549765086617 0.010212839581105618 -0.015919459517712224 0.010563392116742494 0.010261135963203565 -0.0040930258566258901 -0.0050919390880004535 -0.008371835011850794 -0.036471281864284576 0.0093258029364282208 0.0084251557123972125 -0.018036959110473483 0.0034545490367799631 -0.0084362080928800567 0.0055389364787073406 0.0099663743158570645 -0.017279504487857082 0.010241578493133048 -0.018387736340323702 0.0055115125504703252 -0.011036009782678722 -0.016358839693821722 -0.014815897810049848 0.0053192405478817133 -0.019433219602310176 0.01029304771018325 0.0090686654732504129 -7.4481491197883509e-05 -0.011111611404120593 -0.015693459765348437 0.0099840767341801868
leaf_weight=8.4884093925356847 5071.7923605963588 43.260644853115082 4.5272438712418106 259.50262263603508 643.6549144461751 2186.9704235829413 931.85066541656852 10.762224473059176 250.96366757154465 134.24132195860147 2.2228150814771643 1549.119955021888 416.43090316280723 300.15981021896005 2454.4685786776245 404.28580683469772 1824.7746712043881 140.07063313573599 276.75067468360066 9.4093816764652747 55.64821769297123 2626.9394102394581 27.847942657768726 12.401538044214247 146.47028710506856 351.16827511973679 18.830247201025486 2.2528115771710864 2386.9262122958899 9.0840142481029016
leaf_count=206 240033 175 91 10559 9349 21268 5765 86 6548 2963 19 25276 5289 8980 105812 1619 79237 604 8540 42 235 11758 286 51 5381 9450 248 29 10387 82
internal_value=0 -0.00816292 0.00753095 0.000493969 -0.000913836 -0.00189127 -0.00251392 -0.000959645 -0.00360776 -0.00766553 0.00590747 0.00317909 -0.00329722 -0.00102979 0.00901685 0.00772171 0.00525007 -0.00968064 0.00645181 -0.0150375 -0.0150798 -0.0151337 -0.00912869 -0.0114113 0.00716633 0.00844426 0.00860335 -0.00184028 -0.0152337 0.00579202
internal_weight=0 10746.1 11815.2 2059.9 1800.4 5619.46 5203.98 3997.82 2437.93 1206.16 415.482 1559.88 1360.25 943.815 9755.32 4683.53 2229.06 1071.92 440.15 5126.6 5118.11 5097.36 83.4962 16.9288 423.221 372.221 369.999 20.7462 5013.87 11.3368
internal_count=570368 95427 474941 48240 37681 72402 62510 53178 27816 9332 9892 25362 23618 18329 426701 186668 80856 6369 14063 23025 22819 22666 521 142 13921 9717 9698 153 22145 111
is_linear=0
shrinkage=0.01


Tree=103
num_leaves=31
num_cat=0
split_feature=12 0 0 17 12 12 8 17 3 4 0 12 13 0 8 1 12 0 0 1 0 5 4 1 0 3 12 3 13 1
split_gain=13426.2 4873.7 1200.05 278.753 601.849 392.742 391.659 284.834 479.401 390.675 256.805 277.965 252.39 222.986 215.15 180.67 151.005 258.098 2471.19 136.071 88.4206 44.9092 36.1675 33.8648 40.0261 30.3707 94.6642 20.3513 14.2561 10.1239
threshold=1.1104125616508325 4201048.0000000009 4201072.0000000009 3.8034897267170433 1.8855877148658888 1.7355707354261438 1875.0000000000002 3.9564883558720996 86.500000000000014 154.50000000000003 4205705.5000000009 1.0578388900283002 1.7754236602093663 4203788.0000000009 40.500000000000007 2417604865630.5005 1.0174949934843371 4200985.0000000009 4200993.0000000009 3058045354224.5005 4204112.0000000009 50.500000000000007 49.500000000000007 4374073345192.5005 4204112.0000000009 155.50000000000003 1.3826895352780137 4155.5000000000009 2.6662065669018999 4205234324575.5005
decision_type=2 2 2 2 2 2 2 2 2 2 2 2 2 2 2 2 2 2 2 2 2 2 2 2 2 2 2 2 2 2
left_child=2 22 16 4 5 12 14 9 -9 -8 11 15 -3 -7 -5 20 17 -1 29 -17 -4 -16 28 27 -25 26 -24 -13 -2 -19
right_child=1 3 10 6 -6 13 7 8 -10 -11 -12 23 -14 -15 21 19 -18 18 -20 -21 -22 -23 25 24 -26 -27 -28 -29 -30 -31
leaf_value=0.0099613171964375909 -0.010898568568530021 -0.0038157894456276866 -0.0040425416891715369 -0.015774506390535997 0.0098312028813842007 0.01078606101544497 -0.096383288336439832 0.0050927125083863271 -0.0054380112829433436 -0.011968096484206032 0.010255423139410132 0.0051338007062938906 0.0046962708197786709 -0.024120978232152628 -0.01014880243032072 -0.012153275288729995 0.010212307982517878 -0.017403239548395177 0.010239117083838878 -0.0027049361295879595 0.0035103591602727545 0.0083151589089372167 -0.01625610373755532 0.010394109360970525 -0.032368214526863087 -0.01515699313761603 0.0071639580689094508 0.010290332336653501 0.005754605982324316 -0.0083482283051462443
leaf_weight=2431.2737953346223 9.4326445832848567 894.94146205857396 271.75371160358191 43.221779525279999 588.15630714967847 21.881560049951077 5.5783919543027869 527.100825086236 2403.5317390151322 318.77885558828712 217.26372844725847 161.12729411944747 570.33179720491171 111.80443423241377 13.630985096096991 300.63723022118211 5041.7782250791788 391.28257572650909 1807.049974963069 309.17885081097484 360.76362300664186 392.10002608411014 55.440943703055382 4.1200855895876867 4.6697833836078644 4993.9526417255402 25.059912152588367 145.79065264388919 11.297144908457993 12.749595701694487
leaf_count=105812 42 12142 3431 175 11829 324 60 11754 22072 2528 9029 5081 6941 1399 86 2472 240391 1568 79237 4713 10451 10367 235 114 111 22161 275 5406 111 51
internal_value=0 -0.00784313 0.00762851 -0.00164888 0.00118192 -0.00199961 -0.00332043 -0.00452809 -0.00354397 -0.0134199 7.04281e-05 -0.00134984 -0.00050262 -0.0184074 0.00543539 -0.0034791 0.00901407 0.00771274 0.00524023 -0.00736293 0.000265343 0.00769484 -0.0150049 0.00702897 -0.0123242 -0.0150588 -0.00896544 0.00758323 -0.00182306 -0.0171175
internal_weight=0 10986.2 11459.4 5891.06 2187.12 1598.96 3703.94 3254.99 2930.63 324.357 1775.3 1558.04 1465.27 133.686 448.953 1242.33 9684.13 4642.36 2211.08 609.816 632.517 405.731 5095.18 315.708 8.78987 5074.45 80.5009 306.918 20.7298 404.032
internal_count=570368 102501 467867 79677 32635 20806 47042 36414 33826 2588 40808 31779 19083 1723 10628 21067 427059 186668 80856 7185 13882 10453 22824 10712 225 22671 510 10487 153 1619
is_linear=0
shrinkage=0.01


Tree=104
num_leaves=31
num_cat=0
split_feature=2 0 0 0 2 8 6 0 15 3 12 8 2 1 1 1 2 0 0 0 12 5 5 4 10 3 12 3 2 20
split_gain=13452.1 4524.53 1226.24 277.534 305.969 264.363 415.389 306.103 599.615 253.505 327.059 224.227 224.116 161.576 151.922 158.486 149.91 256.35 2436.39 89.3337 53.4857 50.5752 48.556 35.7467 35.0612 29.9065 93.1325 23.346 13.1347 10.3556
threshold=3511.5000000000005 4200993.0000000009 4201072.0000000009 4205705.5000000009 4175.5000000000009 1837.0000000000002 2532.5000000000005 4204581.0000000009 3.8950054854148513 3103.5000000000005 3.0255552019457324 40.500000000000007 134.50000000000003 3021549772722.0005 2417604865630.5005 3155490927897.0005 4855.5000000000009 4200985.0000000009 4200993.0000000009 4204112.0000000009 1.1159798465572681 301.50000000000006 50.500000000000007 49.500000000000007 556.50000000000011 155.50000000000003 1.3826895352780137 4159.5000000000009 50.500000000000007 7.9200565504568727
decision_type=2 2 2 2 2 2 2 2 2 2 2 2 2 2 2 2 2 2 2 2 2 2 2 2 2 2 2 2 2 2
left_child=1 20 16 4 21 11 9 8 -8 10 -7 -3 -9 -11 19 -16 -2 -18 -19 -6 -1 24 -13 28 -4 26 -25 -23 -22 -24
right_child=2 5 3 -5 14 6 7 12 -10 13 -12 22 -14 -15 15 -17 17 18 -20 -21 23 27 29 25 -26 -27 -28 -29 -30 -31
leaf_value=0.01044231696205448 0.010208221351442597 -0.015632653010951184 0.0072198972456872061 0.010256475169949215 -0.0037104212974833116 0.00082177705696410335 -0.0050010119532890567 -0.024970534079085071 0.010210655927420131 -0.040106748134881645 -0.0092170830384454856 -0.0099916469298907181 0.0035207350927864713 -0.0045818560688419396 -0.01132088139442276 -0.0015498043517609889 0.0099562601497717711 -0.016959655214738915 0.01023668063249124 0.0034866300864767369 0.0057783544509004596 0.0053366587095974452 -0.0066348269867891607 -0.016155655494981221 -0.021330674617071436 -0.015070130322566528 0.0071278085340593499 0.010287082382900633 -0.010169216282176685 0.0093824198464143096
leaf_weight=8.3295172676444036 4973.5930769704282 43.178059503436089 7.0913926474750069 255.02314071543515 331.423852968961 476.49306753277779 1923.9192312434316 28.15901281312108 299.46513674035668 36.500695668160915 1017.6108224503696 13.706544950604437 1413.3078934773803 19.720047995448112 347.98133066296577 317.41831323876977 2408.2986981496215 403.71617662906647 1789.4931774605066 359.5926520600915 10.858456522226335 282.81207435391843 4.0841518528759471 55.22885562479496 10.932179823517798 4969.7896448075771 24.935761045664549 143.65237940475345 9.848867963999508 345.57935132458806
leaf_count=206 240033 175 165 10559 4726 6525 19997 164 6293 279 7212 86 21981 122 3304 4896 105812 1619 79237 10451 96 8712 96 235 46 22156 275 5381 57 9472
internal_value=0 -0.00803593 0.00750012 0.000492885 -0.000889722 -0.00185528 -0.00246074 -0.000625147 -0.00295217 -0.00679994 -0.00601553 0.00591156 0.00296416 -0.027646 -0.00324926 -0.00665974 0.00900469 0.00770383 0.0052305 3.47957e-05 -0.014877 0.00631073 0.00847159 -0.0149186 -0.0100974 -0.0149724 -0.00891317 0.00700418 -0.00180667 0.00919533
internal_weight=0 10700.7 11631 2055.93 1800.9 5621.72 5215.18 3664.85 2223.38 1550.32 1494.1 406.548 1441.47 56.2207 1356.42 665.4 9575.1 4601.51 2193.21 691.017 5078.99 444.488 363.37 5070.66 18.0236 5049.95 80.1646 426.464 20.7073 349.664
internal_count=570368 95427 474941 48240 37681 72402 62573 48435 26290 14138 13737 9829 22145 401 23377 8200 426701 186668 80856 15177 23025 14304 9654 22819 211 22666 510 14093 153 9568
is_linear=0
shrinkage=0.01


Tree=105
num_leaves=31
num_cat=0
split_feature=2 0 0 0 2 8 15 0 12 4 1 8 3 0 0 2 0 0 1 12 5 5 4 3 12 1 1 2 20 1
split_gain=13250.5 4473.43 1222.2 274.6 300.808 259.896 396.929 439.565 442.199 386.634 241.663 220.913 178.333 152.766 181.751 149.305 254.603 2402.28 137.84 52.632 50.4843 47.9423 35.4223 29.7015 83.3318 24.5742 23.0481 14.9984 10.2618 9.98803
threshold=3511.5000000000005 4200993.0000000009 4201072.0000000009 4205705.5000000009 4171.5000000000009 1837.0000000000002 5.3217667867264238 4204581.0000000009 3.1651774695465433 1410.0000000000002 2424655927106.5005 40.500000000000007 3103.5000000000005 4204808.5000000009 4204112.0000000009 4855.5000000000009 4200985.0000000009 4200993.0000000009 932620487749.50012 1.1159798465572681 301.50000000000006 50.500000000000007 47.500000000000007 166.50000000000003 1.3826895352780137 4374073345192.5005 1746051715793.5002 50.500000000000007 7.9200565504568727 4205234324575.5005
decision_type=2 2 2 2 2 2 2 2 2 2 2 2 2 2 2 2 2 2 2 2 2 2 2 2 2 2 2 2 2 2
left_child=1 19 15 4 20 11 7 8 -7 10 -8 -3 -9 14 -6 -2 -17 29 -15 -1 26 -13 27 24 -24 -22 -4 -21 -23 -18
right_child=2 5 3 -5 13 6 9 12 -10 -11 -12 21 -14 18 -16 16 17 -19 -20 22 25 28 23 -25 -26 -27 -28 -29 -30 -31
leaf_value=0.010437724331815812 0.010205945367222729 -0.015493787302210436 0.010368048588146583 0.010253860215642195 -0.0039222179357625234 -0.0049254253279328135 -0.016108346034907749 0.0066302319878215566 0.0092809399675755563 0.0084730881933632578 -0.0061097967625279503 -0.00983805157303041 -0.00021476369896840017 0.0083916054749127531 0.0055058284781281464 0.0099512029541729205 -0.017089644147638458 0.010234270326308985 -0.010189911896154659 0.0073290910754208365 0.0075021213994229665 -0.0065289960534933014 -0.016057424232798247 -0.014992161686314094 0.0052415820341974581 -0.0075819029894679145 -0.016286357126597314 -0.010158969669805538 0.0093691407460243722 -0.0080952876162830416
leaf_weight=8.2502481043338758 4925.1976171135902 43.129639178514481 4.2444885633885869 252.54967902973294 650.50486797094345 2204.2655982710421 355.5453271381557 788.82290309667587 243.28783640265465 137.37598469480872 755.16943661123514 13.780953153967856 735.50033716484904 44.687677051872015 298.2070783637464 2385.5414207726717 390.60138666629791 1772.1026023905724 374.3645730279386 9.7926576919853705 403.56385104358196 4.1087253354489794 55.012136310338974 4944.3040046691895 27.577909823507071 11.09755005314946 13.764557365328074 9.8238881453871709 342.62327309884131 12.749371513724325
leaf_count=206 240033 175 124 10559 9349 21268 2459 15616 6480 3031 4288 86 9431 1193 8980 105812 1568 79237 4096 91 13574 96 235 22150 287 278 87 56 9472 51
internal_value=0 -0.0079723 0.00748464 0.00048885 -0.000880903 -0.00183594 -0.00243374 -0.000887965 -0.00351331 -0.00735298 -0.00931038 0.00589492 0.00332746 -0.00317985 -0.000958715 0.00899866 0.00769497 0.00522086 -0.00820838 -0.0147992 0.00638656 0.00845374 -0.0148405 -0.0148928 -0.0089454 0.00709843 -0.0100043 -0.00142886 0.00918075 -0.0168053
internal_weight=0 10678.4 11539.2 2052.98 1800.43 5623.61 5219.97 3971.88 2447.55 1248.09 1110.71 403.643 1524.32 1367.76 948.712 9486.19 4560.99 2175.45 419.052 5054.76 432.67 360.513 5046.51 5026.89 82.59 414.661 18.009 19.6165 346.732 403.351
internal_count=570368 95427 474941 48240 37681 72402 62573 52795 27748 9778 6747 9829 25047 23618 18329 426701 186668 80856 5289 23025 14063 9654 22819 22672 522 13852 211 147 9568 1619
is_linear=0
shrinkage=0.01


Tree=106
num_leaves=31
num_cat=0
split_feature=2 5 12 3 2 2 4 17 6 2 3 3 4 4 12 2 3 2 13 2 13 2 1 2 3 2 1 1 1 1
split_gain=13052.6 976.368 501.897 410.757 409.698 620.139 401.951 394.099 377.041 374.031 363.266 315.572 249.314 242.468 405.469 226.689 210.501 198.832 182.994 181.626 135.23 124.494 156.371 103.222 98.1115 98.0929 40.1369 78.0883 59.4636 153.062
threshold=3511.5000000000005 3107.0000000000005 1.0174949934843371 256.50000000000006 84.500000000000014 662.50000000000011 54.500000000000007 3.7177499324229797 213.50000000000003 440.50000000000006 155.50000000000003 180.50000000000003 4209.5000000000009 1943.5000000000002 3.0617787435117623 2126.5000000000005 4685.5000000000009 181.50000000000003 1.3461532835074757 3092.5000000000005 1.6508726532795293 303.50000000000006 2991567595041.5005 316.50000000000006 2627.5000000000005 146.50000000000003 4187424672483.5005 4205234324575.5005 3155490927897.0005 2417604865630.5005
decision_type=2 2 2 2 2 2 2 2 2 2 2 2 2 2 2 2 2 2 2 2 2 2 2 2 2 2 2 2 2 2
left_child=1 3 26 8 10 6 9 20 11 -6 13 25 16 -3 -15 -9 19 -8 -4 -5 -7 -10 -23 -14 -25 -1 28 -28 29 -2
right_child=2 4 18 12 5 7 17 15 21 -11 -12 -13 23 14 -16 -17 -18 -19 -20 -21 -22 22 -24 24 -26 -27 27 -29 -30 -31
leaf_value=-0.014302362685538026 0.0062270037057265484 0.0076959210732651393 0.010205996739738096 -0.0036834323519202568 -0.012868376696592097 -0.0093876119902103969 0.0045127697878165453 0.0082645697426834905 0.0099713304928331931 -0.072709076149745769 -0.014228885818932705 0.0066010250856417896 -0.038086261438939721 0.0018477400125396122 -0.019000738344695553 -0.015619569494256207 -0.030133838814063764 -0.0040509001920695517 0.0035734461973029132 -0.018918207789956992 -0.014275920867022769 0.0056549783273477285 -0.011462228066197365 -0.014467951277866736 0.00932151517232414 -0.0048256418115404419 -0.0064809057705690013 0.0049775133270936319 0.0073394283560601669 0.0019376116258602253
leaf_weight=202.20900683104992 2986.5931104999036 117.20217191800475 5020.5541669353843 1776.7953486256301 34.499421246349812 991.4119905307889 355.56900582462549 155.56757295504212 379.26497508212924 14.980782918632029 2619.4951612576842 177.90189225971699 17.354420959949493 182.79935013502836 190.49684656411409 53.371900856494904 32.223410882055759 1141.5922733582556 453.5639333166182 81.859236091375351 1318.6110292002559 201.80633428320289 72.557551763951778 281.33344437927008 18.474481899291277 237.52709529921412 81.042904525995255 223.48509811609983 1529.8649699892849 1153.0998996458948
leaf_count=989 111466 3095 245482 16518 166 6940 6393 2197 10429 141 12160 4050 129 2372 1124 233 257 12843 12928 458 6320 4666 480 1336 145 1986 1708 7359 60035 35963
internal_value=0 -0.00791005 0.0074691 -0.0035628 -0.0100179 -0.00792807 -0.00294384 -0.0109884 0.000965465 -0.0309859 -0.01275 -0.00463694 -0.00616992 -0.00485187 -0.00879145 0.00216356 -0.00479373 -0.00201707 0.00965645 -0.00435441 -0.012178 0.00625939 0.00112821 -0.0143746 -0.013002 -0.00918343 0.00546482 0.00192813 0.00565478 0.00503221
internal_weight=0 10654.9 11448.2 3479.31 7175.6 4065.6 1546.64 2518.96 1271.27 49.4802 3109.99 617.638 2208.04 490.498 373.296 208.939 1890.88 1497.16 5474.12 1858.65 2310.02 653.629 274.364 317.162 299.808 439.736 5974.09 304.528 5669.56 4139.69
internal_count=570368 95427 474941 41443 53984 35233 19543 15690 22600 307 18751 7025 18843 6591 3496 2430 17233 19236 258410 16976 13260 15575 5146 1610 1481 2975 216531 9067 207464 147429
is_linear=0
shrinkage=0.01


Tree=107
num_leaves=31
num_cat=0
split_feature=2 0 0 0 2 14 15 4 3 12 2 0 0 0 0 1 0 7 12 2 4 2 12 12 3 12 10 3 2 12
split_gain=12844.8 4401.37 1222.3 272.682 296.487 256.071 558.525 468.412 395.772 367.953 149.539 254.853 2374.97 146.444 181.177 134.097 97.8694 53.3736 52.003 36.9982 35.5756 31.9138 36.4697 50.8851 29.2403 80.9679 28.4751 23.389 18.1793 17.9662
threshold=3511.5000000000005 4200993.0000000009 4201072.0000000009 4205705.5000000009 4175.5000000000009 1.80966411804849 1.9367270844784239 4824.0000000000009 4685.5000000000009 1.8855877148658888 4855.5000000000009 4200985.0000000009 4200993.0000000009 4204808.5000000009 4204112.0000000009 932620487749.50012 4204916.0000000009 2729.5000000000005 1.1159798465572681 878.50000000000011 49.500000000000007 3092.5000000000005 1.1125572557191938 1.1159798465572681 166.50000000000003 1.3826895352780137 553.50000000000011 4159.5000000000009 1354.5000000000002 1.4114136852055832
decision_type=2 2 2 2 2 2 2 2 2 2 2 2 2 2 2 2 2 2 2 2 2 2 2 2 2 2 2 2 2 2
left_child=1 18 10 4 17 21 16 8 -8 -9 -2 -12 -13 14 -6 -15 -7 26 -1 -18 -20 28 -23 -24 25 -22 -4 -19 29 -3
right_child=2 5 3 -5 13 6 7 9 -10 -11 11 12 -14 15 -16 -17 19 27 20 -21 24 22 23 -25 -26 -27 -28 -29 -30 -31
leaf_value=0.010437264886632569 0.010201459699820227 -0.015247051845337221 0.01055213892007411 0.010249765260689421 -0.0040183924239948496 -0.022252530144932937 -0.0027425004737811048 -0.001754967672974696 -0.034041188412598025 0.0097807382649335896 0.0099432840847790572 -0.016701033029820941 0.010230588228040145 0.0083583733606996426 0.0054509903320254039 -0.010076245380464817 -0.0021792323111541239 0.0052727042977890109 -0.0016468342014099677 -0.013202317632159273 -0.015872066547298114 0.01093521987191968 -0.038500392030699424 0.00027491168828304267 -0.014855296100892153 0.0052020371751819857 -0.018934141940007736 0.010279425742692598 0.010048499199226898 0.0069965041692744787
leaf_weight=8.2423145025968534 4829.7734803669155 5.7153585292398903 4.4431688524782684 248.64316338300705 640.70008037239313 126.20444825291634 3932.7882694695145 527.88956798240542 40.820394560694695 580.64446528255939 2350.31459739618 403.05334003269672 1745.4450665917248 44.089020371437073 295.11958684772253 375.77061395347118 39.697689846158028 279.80246025882661 20.787330344319344 130.69666218757629 54.576518714427948 11.996084332466125 5.0101373381912699 10.42981593683362 4898.1392834484577 27.376114584505558 12.458172142505644 139.9859846252948 210.65032363310456 9.9576503187417984
leaf_count=206 240033 71 91 10559 9108 527 49329 6018 325 11831 105812 1619 79237 1193 8980 4096 183 8781 153 627 235 160 54 153 22145 286 51 5381 3002 122
internal_value=0 -0.00784071 0.00744584 0.000436103 -0.00092528 -0.00177586 -0.00223899 -0.00146052 -0.00306403 0.00428738 0.00897951 0.00766766 0.00517828 -0.00323361 -0.00103213 -0.00814045 -0.0155779 0.00624079 -0.0146603 -0.0106342 -0.0147017 0.00804069 -0.00214481 -0.0123074 -0.0147562 -0.0088323 -0.0111825 0.00694229 0.00927543 -0.00111489
internal_weight=0 10641.6 11369.6 2041.01 1792.37 5632.5 5378.74 5082.14 3973.61 1108.53 9328.59 4498.81 2148.5 1355.68 935.82 419.86 296.599 436.69 5009.12 170.394 5000.88 253.759 27.436 15.44 4980.09 81.9526 16.9013 419.788 226.323 15.673
internal_count=570368 95427 474941 48240 37681 72402 68840 67503 49654 17849 426701 186668 80856 23377 18088 5289 1337 14304 23025 810 22819 3562 367 207 22666 521 142 14162 3195 193
is_linear=0
shrinkage=0.01


Tree=108
num_leaves=31
num_cat=0
split_feature=2 0 0 0 2 14 15 18 12 3 2 0 0 0 0 1 0 7 12 2 2 12 12 10 3 12 15 1 2 12
split_gain=12652.3 4353.44 1218.2 269.779 291.488 251.959 545.112 426.665 408.75 373.815 148.923 253.091 2342.02 144.046 175.605 130.739 95.6007 53.2266 51.1866 35.948 31.6694 35.6564 47.9891 27.8427 25.2974 71.0295 29.1224 24.5599 18.0934 17.4737
threshold=3511.5000000000005 4200993.0000000009 4201072.0000000009 4205705.5000000009 4171.5000000000009 1.80966411804849 1.9367270844784239 3.8816782216938077 1.8855877148658888 4685.5000000000009 4855.5000000000009 4200985.0000000009 4200993.0000000009 4204808.5000000009 4204112.0000000009 932620487749.50012 4204916.0000000009 2729.5000000000005 1.1159798465572681 878.50000000000011 3092.5000000000005 1.1125572557191938 1.1159798465572681 553.50000000000011 166.50000000000003 1.3826895352780137 5.2206801228272122 4374073345192.5005 1354.5000000000002 1.4114136852055832
decision_type=2 2 2 2 2 2 2 2 2 2 2 2 2 2 2 2 2 2 2 2 2 2 2 2 2 2 2 2 2 2
left_child=1 18 10 4 17 20 16 8 -8 -9 -2 -12 -13 14 -6 -15 -7 23 -1 -18 28 -22 -23 -4 25 -20 -26 -19 29 -3
right_child=2 5 3 -5 13 6 7 9 -10 -11 11 12 -14 15 -16 -17 19 27 24 -21 21 22 -24 -25 26 -27 -28 -29 -30 -31
leaf_value=0.010432725629527517 0.010199249702579747 -0.014906639178049581 0.010546356969522448 0.010247220224163368 -0.0038897028968187639 -0.021954170709015029 -0.0014163644851743499 -0.0028348172661296911 0.0097682612414166353 -0.03290784046772903 0.0099382231101324704 -0.016552787589074101 0.010228241320395638 0.0083392285243556602 0.0054240452889335357 -0.0099209394451207321 -0.0021560568414453066 0.0074464752348493658 -0.015779989284343425 -0.013013423196368484 0.01092516156902759 -0.037019260446657161 0.00027222650015260296 -0.01870434398250468 -0.014746612415149867 0.003861211080220449 0.0076485879724179726 -0.0076725716501325862 0.01003312237547394 0.0069664414623122201
leaf_weight=8.1638345941901189 4782.7474878691137 5.7870514616370174 4.4013582840561893 246.22995288111269 651.82570977509022 126.6381571739912 755.78740126639605 3712.5531783178449 575.59756078198552 41.798936665058136 2328.1076726950705 402.59868094325066 1728.4720993377268 43.75003357604146 293.62729139812291 377.82610018178821 39.723020330071449 397.04642638750374 54.347177669405937 131.26494194567204 11.887600392103195 5.1577208191156378 10.427383214235306 12.484980985522268 4888.0634037703276 27.845879063010216 5.8134407177567473 11.043108202517031 208.87235019356012 9.9009001106023788
leaf_count=206 240033 71 91 10559 9349 527 8397 46950 11831 325 105812 1619 79237 1193 8980 4096 183 13643 235 627 160 54 153 51 22217 291 76 278 3002 122
internal_value=0 -0.00777848 0.00743025 0.000432544 -0.000916039 -0.00175707 -0.00221458 -0.00144479 0.00341908 -0.00316963 0.00897354 0.00765889 0.00516881 -0.00316475 -0.000997152 -0.00802595 -0.0153686 0.00631745 -0.0145866 -0.0104911 0.00801533 -0.00211928 -0.012069 -0.0110803 -0.0146276 -0.00912582 -0.01472 0.00703735 0.0092552 -0.00110221
internal_weight=0 10619.6 11280.2 2038.23 1792.01 5635.4 5383.36 5085.74 1331.38 3754.35 9241.93 4459.18 2131.07 1367.03 945.453 421.576 297.626 424.976 4984.23 170.988 252.033 27.4727 15.5851 16.8863 4976.07 82.1931 4893.88 408.09 224.56 15.688
internal_count=570368 95427 474941 48240 37681 72402 68840 67503 20228 47275 426701 186668 80856 23618 18329 5289 1337 14063 23025 810 3562 367 207 142 22819 526 22293 13921 3195 193
is_linear=0
shrinkage=0.01


Tree=109
num_leaves=31
num_cat=0
split_feature=2 5 12 2 2 15 8 6 13 12 15 12 12 2 13 8 13 14 2 13 6 6 12 13 5 1 1 1 1 1
split_gain=12463 953.912 500.884 400.19 588.465 477.469 386.98 405.924 341.902 375.203 269.245 444.267 251.865 246.899 260.846 229.89 184.04 182.772 165.946 157.913 157.698 121.255 104.916 374.74 45.9097 39.3857 75.305 59.0378 150.424 416.047
threshold=3511.5000000000005 3107.0000000000005 1.0174949934843371 84.500000000000014 662.50000000000011 2.9876049790630992 1923.5000000000002 2532.5000000000005 2.2688285431649127 3.0255552019457324 3.8950054854148513 1.530827738221441 3.3333744316333989 181.50000000000003 1.8391835409573971 40.500000000000007 1.3461532835074757 1.8343053871512336 2126.5000000000005 4.5189938148362421 171.50000000000003 973.50000000000011 2.8416269947219686 3.2700284684009455 50.500000000000007 4187424672483.5005 4205234324575.5005 3155490927897.0005 2417604865630.5005 2424655943147.0005
decision_type=2 2 2 2 2 2 2 2 2 2 2 2 2 2 2 2 2 2 2 2 2 2 2 2 2 2 2 2 2 2
left_child=1 6 25 12 13 17 15 8 21 -10 11 -9 22 20 -15 -1 -4 -6 -7 -12 -5 -8 -3 -24 -17 27 -27 28 -2 -30
right_child=2 3 16 4 5 18 7 10 9 -11 19 -13 -14 14 -16 24 -18 -19 -20 -21 -22 -23 23 -25 -26 26 -28 -29 29 -31
leaf_value=-0.016005119826904987 0.0061638190685480466 -0.014007035833400159 0.010199352708834725 -0.011351252681257348 -0.009398146630603111 0.0064434530228317131 -0.014402680035168767 -0.0016856713280482645 0.0027782071463268595 -0.0087536124198022685 0.0057389604472967773 -0.025516899813041997 0.0060299390200106162 0.0017594256241191121 -0.0082861889609150627 -0.0095370463462075301 0.0035079203396698316 -0.015121538990836942 -0.011709231402360654 -0.0087533105831339129 0.0072945486604229295 -0.034552902124134602 0.010584544134800908 -0.012253216183004765 0.0089774560755952366 -0.0063455208033809524 0.0049160295951444881 0.0072879727768573026 -0.012531525882296963 0.0044160653292817263
leaf_weight=43.642517879605293 2929.9639764092863 2305.9471070170403 4875.8404245022684 53.47540919855237 1116.2134343646467 200.25014551356435 352.56831665337086 537.01816973462701 395.15754183754325 986.52982529252768 596.75547522678971 91.563917022198439 71.34040354564786 380.31179258227348 806.89887040108442 13.921913862228392 448.86901842057705 1115.6265857219696 67.279650673270226 86.025845907628536 298.85361339151859 32.627189472317696 81.41789323464036 611.36549094319344 352.57820942439139 81.306584592908621 220.16444903798401 1496.7846396267414 170.33524632081389 968.24747459962964
leaf_count=181 111466 10824 245482 569 7620 2549 1672 4982 5704 6936 10659 706 1807 4119 9005 86 12928 5170 351 624 5850 182 1461 4659 9711 1708 7359 60035 1053 34910
internal_value=0 -0.00771698 0.00741464 -0.00981864 -0.00775007 -0.0107458 -0.00343399 -0.00464975 -0.0077782 -0.00545555 -0.0004346 -0.0051571 -0.01254 -0.00288658 -0.00506817 0.00569065 0.00963527 -0.0122591 0.00187833 0.00391303 0.00446455 -0.0161095 -0.0129818 -0.00956926 0.00827416 0.00539919 0.0018788 0.00558989 0.00496518 0.00188066
internal_weight=0 10597.4 11191.5 7108.98 4038.91 2499.37 3488.39 3078.25 1766.88 1381.69 1311.36 628.582 3070.07 1539.54 1187.21 410.143 5324.71 2231.84 267.53 682.781 352.329 385.196 2998.73 692.783 366.5 5866.8 301.471 5565.33 4068.55 1138.58
internal_count=570368 95427 474941 53984 35233 15690 41443 31465 14494 12640 16971 5688 18751 19543 13124 9978 258410 12790 2900 11283 6419 1854 16944 6120 9797 216531 9067 207464 147429 35963
is_linear=0
shrinkage=0.01


Tree=110
num_leaves=31
num_cat=0
split_feature=12 0 0 17 12 12 8 17 0 0 0 12 13 0 8 1 12 0 0 0 0 5 4 1 0 3 12 3 13 1
split_gain=12070.4 4547.83 1185.72 259.003 563.295 365.491 355.904 256.667 429.486 311.838 244.206 255.661 241.642 208.758 199.72 161.191 149.817 253.505 2316.42 121.65 82.2462 42.0029 35.7327 33.3296 37.6691 28.7957 86.3361 20.718 13.2175 9.90019
threshold=1.1104125616508325 4201048.0000000009 4201072.0000000009 3.8034897267170433 1.8855877148658888 1.7355707354261438 1875.0000000000002 3.9564883558720996 4201072.0000000009 4203788.0000000009 4205705.5000000009 1.0578388900283002 1.7754236602093663 4203788.0000000009 40.500000000000007 2417604865630.5005 1.0174949934843371 4200985.0000000009 4200993.0000000009 4204355.0000000009 4204112.0000000009 50.500000000000007 49.500000000000007 4374073345192.5005 4204112.0000000009 155.50000000000003 1.3826895352780137 4155.5000000000009 2.6662065669018999 4205234324575.5005
decision_type=2 2 2 2 2 2 2 2 2 2 2 2 2 2 2 2 2 2 2 2 2 2 2 2 2 2 2 2 2 2
left_child=2 22 16 4 5 12 14 9 -9 -8 11 15 -3 -7 -5 20 17 -1 29 -17 -4 -16 28 27 -25 26 -24 -13 -2 -19
right_child=1 3 10 6 -6 13 7 8 -10 -11 -12 23 -14 -15 21 19 -18 18 -20 -21 -22 -23 25 24 -26 -27 -28 -29 -30 -31
leaf_value=0.0099301131878277472 -0.010121386557890844 -0.0035512462503495897 -0.0039469768669651408 -0.015092512299742669 0.009789183896590831 0.010799581902862237 -0.011177330060364317 0.0093117683747482791 -0.0044352608226503202 -0.081269764901204994 0.010239520262572415 0.0049430722524022343 0.0047542818459904868 -0.022660274983277922 -0.0093935502521600555 -0.0026069360906508829 0.010196821974899177 -0.016741573794987922 0.010224577331469109 -0.011497694669204422 0.0033584521096586485 0.0082482905696253279 -0.015617289416427869 0.010381254797372719 -0.031202512659989745 -0.014654398230196868 0.0070240338528795498 0.010272518751107931 0.0058481170474386328 -0.0077844359560372599
leaf_weight=2292.9424412511289 9.5439481884241122 899.69304365664721 273.36669442802668 42.932806357741356 569.8083229213953 22.202247776091099 326.9079998023808 248.05965706706047 2710.9281499572098 6.4729537218809119 204.33827277645469 155.77614421211183 573.65072361007333 116.42568506300449 13.9928792566061 309.11548521369696 4709.058922406286 389.52348035573959 1701.8752096183598 306.49032710120082 353.2472953684628 379.73742137104273 53.920831769704819 3.9893355779349786 4.7988303042948246 4830.3336072713137 24.491592191159725 137.17725795693696 11.342246226966379 12.743404313921927
leaf_count=105812 42 12142 3431 175 11829 324 2528 6601 27225 60 9029 5081 6941 1399 86 4726 240391 1568 79237 2459 10451 10367 235 114 111 22161 275 5406 111 51
internal_value=0 -0.00740885 0.00750918 -0.00149375 0.00124291 -0.00177807 -0.00309491 -0.00422001 -0.00328281 -0.0125383 -3.38678e-05 -0.00139352 -0.000317464 -0.0173014 0.00538808 -0.00339906 0.00895737 0.00762999 0.00512347 -0.00703336 0.000171385 0.00762131 -0.0145013 0.00686298 -0.0123258 -0.0145568 -0.00854542 0.00743862 -0.00144915 -0.0164578
internal_weight=0 10840.4 10854.4 5910.81 2181.78 1611.97 3729.03 3292.37 2958.99 333.381 1748.3 1543.96 1473.34 138.628 436.663 1242.22 9106.14 4397.08 2104.14 615.606 626.614 393.73 4929.63 301.742 8.78817 4908.75 78.4124 292.953 20.8862 402.267
internal_count=570368 102501 467867 79677 32635 20806 47042 36414 33826 2588 40808 31779 19083 1723 10628 21067 427059 186668 80856 7185 13882 10453 22824 10712 225 22671 510 10487 153 1619
is_linear=0
shrinkage=0.01


Tree=111
num_leaves=31
num_cat=0
split_feature=2 0 0 0 2 15 13 15 4 13 2 2 0 0 0 0 12 12 7 12 13 12 4 10 2 0 13 12 13 2
split_gain=12088.6 4233.96 1209.82 264.75 282.036 243.845 622.555 579.459 766.991 549.318 216.625 148.67 251.725 2284.57 133.855 173.533 95.4639 83.0322 52.0888 49.8238 41.6839 61.9019 35.3371 27.483 25.668 22.2175 21.4587 17.7806 12.9509 10.4837
threshold=3511.5000000000005 4200993.0000000009 4201072.0000000009 4205705.5000000009 4175.5000000000009 1.8964817957666884 1.7754236602093663 3.6922419901710248 54.500000000000007 2.2688285431649127 2477.5000000000005 4855.5000000000009 4200985.0000000009 4200993.0000000009 4204808.5000000009 4204112.0000000009 1.1381958684948938 1.2458435429170043 2729.5000000000005 1.1159798465572681 1.3461532835074757 1.1125572557191938 49.500000000000007 556.50000000000011 1354.5000000000002 4203566.0000000009 3.7159804673141519 1.1159798465572681 2.6662065669018999 152.50000000000003
decision_type=2 2 2 2 2 2 2 2 2 2 2 2 2 2 2 2 2 2 2 2 2 2 2 2 2 2 2 2 2 2
left_child=1 19 11 4 18 20 10 8 -8 -9 17 -2 -13 -14 15 -6 -12 -7 23 -1 21 -3 28 -4 -22 -20 29 -23 -21 -24
right_child=2 5 3 -5 14 6 7 9 -10 -11 16 12 13 -15 -16 -17 -18 -19 25 22 24 27 26 -25 -26 -27 -28 -29 -30 -31
leaf_value=0.010427893853853414 0.010192744587396859 0.010917110755304446 0.0066419946926524701 0.010241386468311303 -0.0039455948243311296 -0.022925516998539081 -0.062921460475268157 -0.026116924559093709 0.00481358478343181 -0.0025596173573300897 -0.01975522204475149 0.0099250447850968791 -0.016315406785294403 0.01022229272661912 -0.0078288261149430417 0.005366285475339792 0.0003788523792567638 -0.012574449998356807 0.010268620461200938 -0.010000915767231529 -0.006635410168250473 -0.035176339353215451 -0.014055236357514852 -0.020281522629542924 0.010056628099024049 0.0052713683292400382 0.0044459124073933922 -0.0094782979446575207 0.00581302384452411 -0.014983104477252403
leaf_weight=8.0801397785544378 4644.3239394389093 11.781831890344622 5.7602286413311985 240.57270117476583 643.62618735805154 96.77303159236908 16.897309370338917 102.33758465945721 1568.3865393325686 3022.1665065959096 27.203194916248322 2271.280758485198 401.72315137088299 1685.3159333243966 423.32802934572101 290.4357185177505 175.31753771007061 389.02609222382307 130.38386484794319 9.5622324459254759 9.6257911585271341 5.3532884120941144 2522.6969408690929 11.092656999826429 214.51032723858953 280.08340940251946 5.9835926331579676 5.4168288111686707 11.296840909868477 2353.9776281751692
leaf_count=206 240033 160 97 10559 9108 471 141 598 24245 40208 145 105812 1619 79237 5289 8980 1099 2009 5205 42 117 54 11851 45 3076 8957 107 79 111 10708
internal_value=0 -0.00759417 0.00737689 0.000393663 -0.000933776 -0.00168668 -0.00213099 -0.000832728 0.00409161 -0.0033312 -0.0110143 0.00894787 0.0076213 0.00511419 -0.00316423 -0.00105017 -0.00232562 -0.0146364 0.00615129 -0.0143835 0.00803586 -0.0049232 -0.0144244 -0.0110792 0.00933977 0.00685873 -0.0144799 -0.0222515 -0.00143641 -0.0145031
internal_weight=0 10556.4 11027.9 2025.28 1784.71 5644.8 5398.11 4709.79 1585.28 3124.5 688.32 9002.64 4358.32 2087.04 1357.39 934.062 202.521 485.799 427.32 4911.6 246.688 22.5519 4903.52 16.8529 224.136 410.467 4882.66 10.7701 20.8591 4876.67
internal_count=570368 95427 474941 48240 37681 72402 68916 65192 24386 40806 3724 426701 186668 80856 23377 18088 1244 2480 14304 23025 3486 293 22819 142 3193 14162 22666 133 153 22559
is_linear=0
shrinkage=0.01


Tree=112
num_leaves=31
num_cat=0
split_feature=2 0 0 0 2 14 15 20 12 3 2 0 0 0 0 1 0 7 12 2 2 12 12 10 3 12 15 1 2 12
split_gain=11908.4 4188.25 1205.84 261.921 277.254 246.255 508.822 398.069 399.434 335.515 148.04 249.948 2253.31 131.624 168.189 124.055 93.7561 51.9497 49.0538 34.7937 31.0673 33.5137 42.5521 26.9916 25.266 68.5051 27.6955 24.1059 17.5549 16.7753
threshold=3511.5000000000005 4200993.0000000009 4201072.0000000009 4205705.5000000009 4171.5000000000009 1.80966411804849 1.9367270844784239 3.9698649853746475 1.8855877148658888 4685.5000000000009 4855.5000000000009 4200985.0000000009 4200993.0000000009 4204808.5000000009 4204112.0000000009 932620487749.50012 4204916.0000000009 2729.5000000000005 1.1159798465572681 878.50000000000011 3092.5000000000005 1.1125572557191938 1.1159798465572681 553.50000000000011 166.50000000000003 1.3826895352780137 5.2206801228272122 4374073345192.5005 1354.5000000000002 1.4114136852055832
decision_type=2 2 2 2 2 2 2 2 2 2 2 2 2 2 2 2 2 2 2 2 2 2 2 2 2 2 2 2 2 2
left_child=1 18 10 4 17 20 16 8 -8 -9 -2 -12 -13 14 -6 -15 -7 23 -1 -18 28 -22 -23 -4 25 -20 -26 -19 29 -3
right_child=2 5 3 -5 13 6 7 9 -10 -11 11 12 -14 15 -16 -17 19 27 24 -21 21 22 -24 -25 26 -27 -28 -29 -30 -31
leaf_value=0.010423456411748647 0.010190618481650111 -0.014154089848566488 0.010536302247993616 0.01023892973944087 -0.0038196867110635098 -0.021266647665160364 -0.0013911981711693861 -0.0027018365565569628 0.0097360758757166835 -0.030455028234905979 0.0099199732690482545 -0.016175930861147953 0.010220032211882507 0.008316111620941518 0.0053393658128510551 -0.0095355015103098795 -0.0018031466912430893 0.0073705163094813699 -0.015448692895292495 -0.012429790738724349 0.010907267346443109 -0.033930510954155765 0.00039563535169687223 -0.018424595064537874 -0.014474202705777038 0.0039022461047169802 0.0075697406439828845 -0.007576001779069203 0.010022204963272335 0.0070365475838169997
leaf_weight=8.0031297430396062 4599.066673938185 5.9517179131507847 4.3326747119426754 238.2358359862119 654.70927684381604 127.55867594480515 756.17980675771832 3731.7807653546333 562.6329672075808 44.07426805049181 2249.8250266667455 401.13802628219128 1668.9140290394425 43.346284858882427 288.98830273188651 381.88007640838623 40.103418678045273 387.76874803379178 53.445907592773438 132.97490701824427 11.67507489025593 5.493621490895749 10.540238123387098 12.51028488576412 4791.3474584668875 27.815645653754473 5.7062007859349242 11.099417243152855 207.61624433100224 10.033832430839539
leaf_count=206 240033 71 91 10559 9349 527 8400 46947 11831 325 105812 1619 79237 1193 8980 4096 183 13643 235 627 160 54 153 51 22217 291 76 278 3002 122
internal_value=0 -0.00753505 0.00736101 0.000390378 -0.000924332 -0.0016691 -0.00211981 -0.00137381 0.00335593 -0.00302579 0.00894199 0.00761267 0.00510498 -0.00309639 -0.00101491 -0.00771576 -0.0147617 0.00622817 -0.0143137 -0.00996753 0.00800701 -0.00198088 -0.0113654 -0.0109747 -0.0143543 -0.00882491 -0.014448 0.0069546 0.00924472 -0.000853121
internal_weight=0 10532.9 10941.8 2022.87 1784.64 5646.62 5395.3 5094.67 1318.81 3775.86 8918.94 4319.88 2070.05 1368.92 943.698 425.226 300.637 415.711 4886.32 173.078 251.311 27.7089 16.0339 16.843 4878.32 81.2616 4797.05 398.868 223.602 15.9856
internal_count=570368 95427 474941 48240 37681 72402 68840 67503 20231 47272 426701 186668 80856 23618 18329 5289 1337 14063 23025 810 3562 367 207 142 22819 526 22293 13921 3195 193
is_linear=0
shrinkage=0.01


Tree=113
num_leaves=31
num_cat=0
split_feature=2 0 0 0 2 14 13 15 4 13 5 5 2 0 0 0 0 0 7 12 13 12 4 10 0 13 2 12 12 13
split_gain=11731.2 4144.12 1201.71 259.125 272.531 242.343 613.861 560.237 712.263 528.694 250.497 168.013 147.405 248.172 2222.65 128.272 164.955 65.1099 51.1774 48.3032 40.8629 58.4205 35.1293 26.406 21.0784 20.9645 17.5695 16.3355 15.2449 12.4856
threshold=3511.5000000000005 4200993.0000000009 4201072.0000000009 4205705.5000000009 4171.5000000000009 1.80966411804849 1.7754236602093663 3.6922419901710248 54.500000000000007 2.2688285431649127 853.50000000000011 215.50000000000003 4855.5000000000009 4200985.0000000009 4200993.0000000009 4204808.5000000009 4204112.0000000009 4204916.0000000009 2729.5000000000005 1.1159798465572681 1.3461532835074757 1.1125572557191938 49.500000000000007 553.50000000000011 4203566.0000000009 3.7159804673141519 1354.5000000000002 1.4114136852055832 1.1159798465572681 2.6662065669018999
decision_type=2 2 2 2 2 2 2 2 2 2 2 2 2 2 2 2 2 2 2 2 2 2 2 2 2 2 2 2 2 2
left_child=1 19 12 4 18 20 10 8 -8 -9 11 -7 -2 -14 -15 16 -6 -12 23 -1 21 -3 29 -4 -20 -24 27 -22 -23 -21
right_child=2 5 3 -5 15 6 7 9 -10 -11 17 -13 13 14 -16 -17 -18 -19 24 22 26 28 25 -25 -26 -27 -28 -29 -30 -31
leaf_value=0.010419066831222838 0.010188510754046518 0.010897537729880162 0.010530693073270477 0.010236498024554242 -0.0037693846443405893 -0.029117415952168928 -0.058720231518713153 -0.02543377066035362 0.0047720711086885878 -0.002494851331530613 -0.01722485086421939 0.0023895041947046862 0.0099148976334958693 -0.016039545017117702 0.01021779465492632 -0.0076096783699716418 0.0053124573048441703 -0.0097070688796248479 0.010264127895041789 -0.0097145298657425033 -0.013852143143693612 -0.03276749527993178 -0.014365430443302993 -0.018209075887926578 0.0053348620236292324 0.0044151995988132853 0.010026617728749921 0.007006466252351933 -0.0093152069060318237 0.0058062629588687877
leaf_weight=7.9268186315894118 4554.242199473083 11.569174580276014 4.291837319731715 235.92109556309879 656.80127127096057 18.884469613432884 17.871009431779385 103.91784886270761 1558.7363588176668 3032.8203886561096 325.77765164524317 163.12482348829508 2228.5734895635396 400.5065999776125 1652.6680113039911 426.82883634418249 287.55476137436926 178.23176678270102 128.27348994836211 9.6038306728005427 6.0202881246805164 5.6310105919837934 4825.8086765222251 12.53166091442108 267.99442430585623 5.9511161781847468 210.94147847220302 9.9764312356710434 5.4586469270288944 11.259555272758005
leaf_count=206 240033 160 91 10559 9349 100 141 598 24245 40208 1672 1037 105812 1619 79237 5289 8980 839 5205 42 71 54 22559 51 8716 107 3076 122 79 111
internal_value=0 -0.00747644 0.00734529 0.000387188 -0.00091511 -0.00165161 -0.00209693 -0.00081056 0.00405238 -0.0032548 -0.0109351 -0.000879513 0.00893615 0.00760408 0.00509585 -0.00306023 -0.00100398 -0.0145664 0.00620525 -0.0142461 0.00798186 -0.00482315 -0.0142864 -0.0108773 0.00693048 -0.0143423 0.00926039 -0.000843571 -0.0212236 -0.00133827
internal_weight=0 10509.5 10856.2 2020.2 1784.28 5648.96 5399.36 4713.35 1576.61 3136.74 686.019 182.009 8835.99 4281.75 2053.17 1371.18 944.356 504.009 413.091 4860.55 249.597 22.6588 4852.62 16.8235 396.268 4831.76 226.938 15.9967 11.0897 20.8634
internal_count=570368 95427 474941 48240 37681 72402 68840 65192 24386 40806 3648 1137 426701 186668 80856 23618 18329 2511 14063 23025 3562 293 22819 142 13921 22666 3269 193 133 153
is_linear=0
shrinkage=0.01


Tree=114
num_leaves=31
num_cat=0
split_feature=2 5 13 2 2 16 4 3 4 8 3 5 4 4 2 8 2 13 2 14 6 2 3 5 7 4 2 13 4 10
split_gain=11556.9 920.804 496.683 379.851 540.038 397.974 376.202 338.094 337.562 293.025 308.426 330.188 234.149 366.731 228.936 224.57 212.451 185.025 172.721 167.083 157.762 96.2394 93.7694 45.1278 35.2464 60.9179 110.051 32.851 30.5126 25.869
threshold=3511.5000000000005 3107.0000000000005 1.0935280532362801 84.500000000000014 662.50000000000011 3.4298310265708296 4209.5000000000009 155.50000000000003 54.500000000000007 1875.0000000000002 86.500000000000014 853.50000000000011 1943.5000000000002 2537.5000000000005 440.50000000000006 40.500000000000007 2126.5000000000005 1.3461532835074757 181.50000000000003 1.8343053871512336 574.50000000000011 316.50000000000006 2627.5000000000005 50.500000000000007 2729.5000000000005 874.50000000000011 4175.5000000000009 3.7159804673141519 20.500000000000004 556.50000000000011
decision_type=2 2 2 2 2 2 2 2 2 2 2 2 2 2 2 2 2 2 2 2 2 2 2 2 2 2 2 2 2 2
left_child=1 6 -2 7 8 19 9 12 14 15 20 -12 -3 -14 -5 -1 -7 -4 -10 -6 -11 -8 -23 -17 29 -26 -27 28 -9 -19
right_child=2 3 17 4 5 16 21 27 18 10 11 -13 13 -15 -16 23 -18 24 -20 -21 -22 22 -24 -25 25 26 -28 -29 -30 -31
leaf_value=-0.015686398682420895 0.0052982880355667049 0.0077023075776217085 0.010188672905830318 -0.012368381991801172 -0.0090721347516953231 0.0064102735472958139 -0.036261392557654849 0.012288578037427486 0.0043073784234901914 -0.0210993976395672 -0.0034521654180063267 -0.015345371855283814 -0.018858493571837557 0.00092405749707991243 -0.055812226769574314 -0.0091379454866475553 -0.012900592749319633 0.0066193271926559471 -0.0038021876303936347 -0.014606071004796176 0.0059337821840978926 -0.013902069966310349 0.0093428734916131476 0.0091026967797216713 0.010392583541590233 0.0047118188161344486 -0.010015632031823526 0.0083031608499717115 -0.013794338119993942 -0.019629708895032565
leaf_weight=43.473139844834805 5685.2457669842988 117.31628534197807 4643.4082890339196 34.834844850003719 1097.3067308068275 198.59535260125995 17.969276405870914 4.4931089431047431 342.49903606623411 22.812865823507309 2103.1638663820922 262.5773933455348 178.63979747891426 197.10499733313918 18.610250554978848 14.120472982525824 79.888953775167465 5.6634998992085483 1126.2943130508065 1085.1139570921659 401.9926101565361 270.35706028342247 18.54456178098917 343.70743183977902 110.03807745501399 252.59624584764242 63.492332091554999 6.774501606822013 2499.130171738565 11.138659805059431
leaf_count=181 216531 3095 245482 166 7620 2549 129 30 6393 101 19563 1373 1020 2476 141 86 432 97 12843 5089 8897 1336 145 9632 3306 8271 1209 96 12034 45
internal_value=0 -0.00741883 0.00732937 -0.00951591 -0.00749116 -0.0103871 -0.00323118 -0.0122011 -0.00280944 -0.00221443 -0.00336343 -0.00477221 -0.00463053 -0.00848113 -0.0274961 0.00577545 0.000870554 0.00959961 -0.00191117 -0.0118236 0.00448205 -0.0138066 -0.01241 0.00838289 0.00342423 0.00398438 0.00175353 -0.013688 -0.0137475 -0.010782
internal_weight=0 10485.3 10771.6 6986.6 3983.14 2460.9 3498.72 3003.46 1522.24 3191.85 2790.55 2365.74 493.061 375.745 53.4451 401.301 278.484 5086.34 1468.79 2182.42 424.805 306.871 288.902 357.828 442.929 426.127 316.089 2510.4 2503.62 16.8022
internal_count=570368 95427 474941 53984 35233 15690 41443 18751 19543 39833 29934 20936 6591 3496 307 9899 2981 258410 19236 12709 8998 1610 1481 9718 12928 12786 9480 12160 12064 142
is_linear=0
shrinkage=0.01


Tree=115
num_leaves=31
num_cat=0
split_feature=2 0 0 0 2 1 8 6 13 3 14 2 0 0 1 1 0 20 13 7 12 5 5 4 3 12 5 1 1 1
split_gain=11374.6 4080.88 1202.17 257.395 268.49 241.194 313.116 290.93 428.624 288.288 201.454 147.588 248.371 2198.55 128.168 144.283 78.7285 66.9097 62.8429 49.6682 47.7707 42.32 35.861 34.8171 29.2024 75.4893 24.2793 24.084 14.8879 14.7298
threshold=3511.5000000000005 4200993.0000000009 4201072.0000000009 4205705.5000000009 4171.5000000000009 4205234304898.5005 1837.0000000000002 2579.5000000000005 1.8107551040761356 3103.5000000000005 3.2946001893412262 4855.5000000000009 4200985.0000000009 4200993.0000000009 2345762830381.5005 3155490927897.0005 4204112.0000000009 3.9934062673467854 1.7754236602093663 2729.5000000000005 1.1159798465572681 172.50000000000003 50.500000000000007 49.500000000000007 166.50000000000003 1.3826895352780137 301.50000000000006 4374073345192.5005 4223680113635.0005 4282793179886.0005
decision_type=2 2 2 2 2 2 2 2 2 2 2 2 2 2 2 2 2 2 2 2 2 2 2 2 2 2 2 2 2 2
left_child=1 20 11 4 19 6 22 9 -9 -8 18 -2 -13 -14 16 -16 -6 -12 29 26 -1 -19 -3 -22 25 -25 -4 -21 -20 -7
right_child=2 5 3 -5 14 10 7 8 -10 -11 17 12 13 -15 15 -17 -18 21 28 27 23 -23 -24 24 -26 -27 -28 -29 -30 -31
leaf_value=0.010418502446641376 0.010184358213691798 -0.0079349314791406864 -0.01745242783015449 0.010232674354983798 -0.0034825747945196371 -0.016267082339189234 -0.0045637552539258934 -0.0054052442627794467 0.0023600845275784429 -0.028955951427003065 -0.026669979076681827 0.0099070995081679426 -0.015950007131013771 0.010214441866823581 -0.010521580511045719 -0.0013067359196097751 0.003288384029817102 -0.012967786335903311 -0.0028600395209422164 0.0073052646604049665 -0.0012698686726341959 -0.0068207209339520708 0.0091996127104660586 -0.015218697313113125 -0.014323911922332342 0.0052679091690955209 0.010685325905957766 -0.0076793672501115099 0.0089715343703846689 -0.0027370817572922807
leaf_weight=7.9170063510537139 4465.8634633477777 12.704144030809401 12.748524039983751 232.29244412109256 337.31348799541593 14.002219572663305 1292.9021259397268 1016.7095131054521 2362.5595231242478 50.339985579252243 24.550463065505028 2196.3539801388979 400.05925478041172 1628.2915417551994 358.64845070242882 322.89758592098951 349.81079595349729 211.74107521772385 12.154246553778647 380.1325717382133 20.844869088381529 237.75656665116549 316.94825314357877 52.743362203240395 4703.4978939592838 27.294319853186607 4.0379028208553782 11.037406846880911 85.098421573638916 18.917113251984119
leaf_count=206 240033 80 56 10559 4836 99 12758 7656 38209 356 109 105812 1619 79237 3378 4959 10445 929 149 13643 153 1568 9212 235 22145 286 86 278 1136 141
internal_value=0 -0.00735635 0.00730526 0.000333482 -0.000960829 -0.00159748 -0.000883356 -0.0015411 2.37557e-05 -0.00547789 -0.00756859 0.00891686 0.00757701 0.00505393 -0.00308321 -0.00615584 -3.55208e-05 -0.0105944 0.00345043 0.00615963 -0.0141253 -0.00971637 0.00853928 -0.0141658 -0.014222 -0.00823239 -0.010684 0.00688245 0.00749287 -0.00849206
internal_weight=0 10468.7 10699.5 2008.92 1776.63 5656.38 5052.16 4722.51 3379.27 1343.24 604.22 8690.57 4224.7 2028.35 1368.67 681.546 687.124 474.048 130.172 407.956 4812.3 449.498 329.652 4804.38 4783.54 80.0377 16.7864 391.17 97.2527 32.9193
internal_count=570368 95427 474941 48240 37681 72402 68271 58979 45865 13114 4131 426701 186668 80856 23618 8337 15281 2606 1525 14063 23025 2497 9292 22819 22666 521 142 13921 1285 240
is_linear=0
shrinkage=0.01


Tree=116
num_leaves=31
num_cat=0
split_feature=2 0 0 0 2 14 13 20 3 14 2 2 0 0 1 1 12 0 12 7 12 13 12 4 3 12 10 3 2 12
split_gain=11206.7 4038.07 1197.92 254.631 263.931 241.334 580.509 493.944 316.624 259.009 207.152 146.945 246.583 2168.87 128.133 139.132 89.762 77.8823 72.4191 48.2997 47.0517 39.8787 55.8436 34.5637 28.9079 74.3669 24.9271 23.8184 17.2705 15.7263
threshold=3511.5000000000005 4200993.0000000009 4201072.0000000009 4205705.5000000009 4175.5000000000009 1.80966411804849 1.7754236602093663 3.9698649853746475 4685.5000000000009 1.9705083599242028 2477.5000000000005 4855.5000000000009 4200985.0000000009 4200993.0000000009 2417604865630.5005 3155490927897.0005 1.1381958684948938 4204112.0000000009 1.2458435429170043 2729.5000000000005 1.1159798465572681 1.3461532835074757 1.1125572557191938 49.500000000000007 166.50000000000003 1.3826895352780137 553.50000000000011 4159.5000000000009 1354.5000000000002 1.4114136852055832
decision_type=2 2 2 2 2 2 2 2 2 2 2 2 2 2 2 2 2 2 2 2 2 2 2 2 2 2 2 2 2 2
left_child=1 20 11 4 19 21 10 9 -9 -8 18 -2 -13 -14 17 -16 -12 -6 -7 26 -1 22 -3 -22 25 -25 -4 -21 29 -23
right_child=2 5 3 -5 14 6 7 8 -10 -11 16 12 13 -15 15 -17 -18 -19 -20 27 23 28 -24 24 -26 -27 -28 -29 -30 -31
leaf_value=0.010414166292293312 0.010182310694995825 0.010902799468250823 0.010518769962541908 0.010230307836526854 -0.003464348767438708 -0.021747843398886885 -0.00053157178410713371 -0.0023055973301602667 -0.028783709041633694 0.0088927342007458117 -0.018817722246257725 0.0099020117296619511 -0.015818535324378536 0.010212262178698998 -0.010477229904671554 -0.0013910159414572845 0.00050439148434092986 0.0032758693705200177 -0.012173991483715599 0.0050360007104282671 -0.0012564547344101713 -0.013259478731292757 -0.020245727853934133 -0.015140194155149771 -0.014259626376535295 0.0052327298258513641 -0.017631741440590078 0.010257824858881463 0.01003336223075966 0.0070384010339374263
leaf_weight=7.8414782434701911 4422.3118824511766 11.611484825611116 4.1951590962708023 230.03403134644032 336.7361115925014 99.184958308935165 514.75095549970865 3480.8539144508541 45.755235582590103 672.74417667835951 27.833930969238281 2175.6116173509508 399.35391435027122 1612.4320831559598 355.32820520177484 320.55765120685101 176.51387313753366 349.21757347323 388.42197500914335 268.07958711497486 20.856670804321766 6.1592726260423669 11.413032017648218 52.487953066825867 4677.5851587951183 27.203497923910618 12.572616040706633 129.57041620649397 211.73938412964344 10.03738397359848
leaf_count=206 240033 160 91 10559 4726 471 6030 45419 325 13418 145 105812 1619 79237 3304 4896 1099 10451 1933 8781 153 71 133 235 22145 286 51 5381 3076 122
internal_value=0 -0.00730083 0.00728949 0.000330756 -0.000951284 -0.00158122 -0.00202624 -0.000770782 -0.00264913 0.00480752 -0.0105794 0.00891106 0.0075685 0.00504496 -0.0030777 -0.00616784 -0.00212745 -3.29179e-05 -0.0141214 0.00603645 -0.0140614 0.00800512 -0.00453723 -0.0141016 -0.0141579 -0.00818569 -0.0105887 0.00673748 0.00927206 -0.000680487
internal_weight=0 10443 10616 2006.29 1776.26 5657.02 5406.06 4714.1 3526.61 1187.5 691.955 8609.71 4187.4 2011.79 1361.84 675.886 204.348 685.954 487.607 414.418 4785.97 250.961 23.0245 4778.13 4757.28 79.6915 16.7678 397.65 227.936 16.1967
internal_count=570368 95427 474941 48240 37681 72402 68840 65192 45744 19448 3648 426701 186668 80856 23377 8200 1244 15177 2404 14304 23025 3562 293 22819 22666 521 142 14162 3269 193
is_linear=0
shrinkage=0.01


Tree=117
num_leaves=31
num_cat=0
split_feature=2 0 0 0 2 14 13 15 4 15 2 2 0 0 0 0 1 12 12 7 12 13 12 4 10 1 13 2 12 2
split_gain=11040.9 3996.57 1193.67 251.898 259.451 237.535 566.449 534.771 632.901 516.95 201.335 146.298 244.798 2139.72 124.668 158.327 118.559 87.1672 69.509 48.2088 46.3471 39.5005 54.1548 34.3176 24.4661 23.9036 19.9758 17.1953 15.3284 13.9438
threshold=3511.5000000000005 4200993.0000000009 4201072.0000000009 4205705.5000000009 4171.5000000000009 1.80966411804849 1.7754236602093663 3.6922419901710248 54.500000000000007 3.8696488910393634 2477.5000000000005 4855.5000000000009 4200985.0000000009 4200993.0000000009 4204808.5000000009 4204112.0000000009 932620487749.50012 1.1381958684948938 1.2458435429170043 2729.5000000000005 1.1159798465572681 1.3461532835074757 1.1125572557191938 47.500000000000007 556.50000000000011 4374073345192.5005 3.7159804673141519 1354.5000000000002 1.4114136852055832 50.500000000000007
decision_type=2 2 2 2 2 2 2 2 2 2 2 2 2 2 2 2 2 2 2 2 2 2 2 2 2 2 2 2 2 2
left_child=1 20 11 4 19 21 10 8 -8 -9 18 -2 -13 -14 15 -6 -16 -12 -7 24 -1 22 -3 29 -4 -21 -25 28 -23 -22
right_child=2 5 3 -5 14 6 7 9 -10 -11 17 12 13 -15 16 -17 -18 -19 -20 25 23 27 -24 26 -26 -27 -28 -29 -30 -31
leaf_value=0.010409876484746698 0.010180282895143292 0.010893125467232893 0.0066044992828732905 0.010227965492985222 -0.0036702695917163997 -0.021354664318503379 -0.052617953706852551 -0.014028156035463797 0.0047250394009647955 -0.0016306262634376498 -0.018472605654094889 0.0098969176681126883 -0.015689872033958198 0.010210105683102818 0.008286931231087577 0.0052532633859595024 -0.0092494506486653898 0.0004994905018657252 -0.012008946023550052 0.0072611199295141591 0.0075382590720771935 -0.012987331517538763 -0.019730156878473615 -0.014116337309537952 -0.019043821515442087 -0.0076643618421421058 0.0043419199062554341 0.010018208192491565 0.0070083185773428171 -0.0092483263378140158
leaf_weight=7.766637220978736 4379.1769971232861 11.506106808781626 5.5771690420806435 227.79704508930445 660.90078981593251 99.996879532933235 19.490013308823109 382.90698484331369 1547.0486661195755 2765.5954440105706 28.069201543927193 2155.0670092534274 398.60622051358223 1596.7235750947148 42.845282152295113 284.38738611340523 384.8120591789484 176.46362621337175 389.81557933241129 375.12171594426036 9.8453782424330729 6.2251200005412111 11.593231879174708 4726.0793982110918 11.163981124758719 11.046143490821121 5.8703201413154593 209.9480585642159 9.9799520820379257 9.9483357295393926
leaf_count=206 240033 160 97 10559 9349 471 141 3312 24245 37494 145 105812 1619 79237 1193 8980 4096 1099 1933 13643 91 71 133 22565 45 278 107 3076 122 56
internal_value=0 -0.00724517 0.00727372 0.000328054 -0.000941853 -0.00156483 -0.00200463 -0.000762833 0.00401161 -0.00313836 -0.0104372 0.0089053 0.00756004 0.00503608 -0.00301248 -0.000985649 -0.00749255 -0.00210416 -0.0139169 0.00611397 -0.0139986 0.00797986 -0.00447627 -0.0140385 -0.0104993 0.00683418 -0.0140934 0.00925213 -0.000672938 -0.000898692
internal_weight=0 10418.1 10533.2 2003.65 1775.85 5658.64 5409.39 4715.04 1566.54 3148.5 694.345 8529.57 4150.4 1995.33 1372.95 945.288 427.657 204.533 489.812 402.909 4759.51 249.252 23.0993 4751.74 16.7412 386.168 4731.95 226.153 16.2051 19.7937
internal_count=570368 95427 474941 48240 37681 72402 68840 65192 24386 40806 3648 426701 186668 80856 23618 18329 5289 1244 2404 14063 23025 3562 293 22819 142 13921 22672 3269 193 147
is_linear=0
shrinkage=0.01


Tree=118
num_leaves=31
num_cat=0
split_feature=2 0 0 0 2 1 8 6 12 3 14 2 0 0 0 0 1 20 14 12 5 5 5 4 2 3 12 10 0 1
split_gain=10877.8 3954.99 1189.47 249.196 255.021 235.254 308.438 281.701 319.427 274.733 193.825 145.649 243.016 2111.11 121.526 155.296 115.71 63.2738 49.086 45.6523 43.9119 41.9345 35.3355 34.0334 31.7583 29.167 81.3115 28.8937 25.0911 23.554
threshold=3511.5000000000005 4200993.0000000009 4201072.0000000009 4205705.5000000009 4171.5000000000009 4205234304898.5005 1837.0000000000002 2579.5000000000005 1.8855877148658888 3103.5000000000005 3.2946001893412262 4855.5000000000009 4200985.0000000009 4200993.0000000009 4204808.5000000009 4204112.0000000009 932620487749.50012 3.9934062673467854 1.896216349394136 1.1159798465572681 301.50000000000006 172.50000000000003 50.500000000000007 49.500000000000007 2477.5000000000005 155.50000000000003 1.3826895352780137 556.50000000000011 4204916.0000000009 4374073345192.5005
decision_type=2 2 2 2 2 2 2 2 2 2 2 2 2 2 2 2 2 2 2 2 2 2 2 2 2 2 2 2 2 2
left_child=1 19 11 4 20 6 22 9 -9 -8 18 -2 -13 -14 15 -6 -16 -12 28 -1 27 -19 -3 -21 -20 26 -25 -4 -7 -22
right_child=2 5 3 -5 14 10 7 8 -10 -11 17 12 13 -15 16 -17 -18 21 24 23 29 -23 -24 25 -26 -27 -28 -29 -30 -31
leaf_value=0.010405633108933852 0.010178274084098438 -0.0077607462555396934 0.0071288829079447372 0.010225647589831134 -0.0036224140881640087 -0.031322989947068676 -0.0044566897823762773 -0.0023338812682237439 0.0040194389486477855 -0.028025816673263374 -0.025928974437323695 0.009891817812336428 -0.015563919558562336 0.010207971704093651 0.0082675567760378127 0.0052263929757924536 -0.0091125850920350943 -0.012770432864468785 0.0085041859453679775 -0.0012281818041902765 0.0072331778222664124 -0.0066609393683454464 0.0091916991850376582 -0.014992576924095216 -0.009475377739219356 -0.014133111524652809 0.0070887490113069563 -0.019209602138579491 -0.0045005869701642501 -0.0075344134813213701
leaf_weight=7.6924776956439009 4336.4547869618982 12.794263869524 6.6815759819000986 225.58129353821278 662.92534562945366 4.1176504641771343 1299.2430269680917 2109.0580077767372 1266.605116404593 51.413590312004089 24.842453509569168 2134.7182339951396 397.81759610772133 1581.1647659037262 42.517868239432573 282.99800106883049 386.6763385348022 212.20740919560194 91.413893535733223 20.852452702820301 371.54456496797502 238.74175734445453 315.41061242669821 51.985380128026009 11.007180616259573 4628.2120042741299 24.552598606795073 11.058676809072493 22.792154505848885 11.12389677390456
leaf_count=206 240033 80 165 10559 9349 19 12758 22374 23491 356 109 105812 1619 79237 1193 8980 4096 929 1254 153 13574 1568 9212 235 73 22156 275 46 179 278
internal_value=0 -0.0071902 0.00725787 0.000325378 -0.000932455 -0.00154876 -0.000843326 -0.00149429 4.99905e-05 -0.00535386 -0.00744116 0.00889957 0.00755163 0.00502727 -0.00297752 -0.000975059 -0.00739083 -0.0103919 0.0034141 -0.0139357 0.00609086 -0.00953594 0.00853085 -0.0139754 0.00657192 -0.0140319 -0.00790911 -0.00928964 -0.00860486 0.00680389
internal_weight=0 10392.9 10451.3 2001.11 1775.53 5659.65 5054.52 4726.32 3375.66 1350.66 605.122 8450.16 4113.7 1978.98 1375.12 945.923 429.194 475.792 129.331 4733.29 400.409 450.949 328.205 4725.6 102.421 4704.75 76.538 17.7403 26.9098 382.668
internal_count=570368 95427 474941 48240 37681 72402 68271 58979 45865 13114 4131 426701 186668 80856 23618 18329 5289 2606 1525 23025 14063 2497 9292 22819 1327 22666 510 211 198 13852
is_linear=0
shrinkage=0.01


Tree=119
num_leaves=31
num_cat=0
split_feature=2 0 0 0 2 14 17 4 12 8 2 0 0 1 1 0 0 7 12 4 2 2 1 3 12 3 10 12 2 12
split_gain=10717.3 3914.85 1185.28 246.524 250.701 233.915 453.841 386.065 350.354 317.499 144.997 241.236 2083.02 121.538 133.473 91.35 74.089 46.1944 44.9756 33.7976 33.3929 29.6269 42.4654 28.8522 72.4302 24.1354 23.6105 18.5007 16.9913 14.9159
threshold=3511.5000000000005 4200993.0000000009 4201072.0000000009 4205705.5000000009 4175.5000000000009 1.80966411804849 1.9837919607664294 4824.0000000000009 1.8855877148658888 1875.0000000000002 4855.5000000000009 4200985.0000000009 4200993.0000000009 2417604865630.5005 3155490927897.0005 4204916.0000000009 4204112.0000000009 2729.5000000000005 1.1159798465572681 49.500000000000007 878.50000000000011 3092.5000000000005 4205234324575.5005 166.50000000000003 1.3826895352780137 4159.5000000000009 553.50000000000011 1.1125572557191938 1354.5000000000002 1.4114136852055832
decision_type=2 2 2 2 2 2 2 2 2 2 2 2 2 2 2 2 2 2 2 2 2 2 2 2 2 2 2 2 2 2
left_child=1 18 10 4 17 21 15 9 -9 -8 -2 -12 -13 16 -15 -7 -6 26 -1 -20 -17 28 27 24 -21 -19 -4 -23 29 -3
right_child=2 5 3 -5 13 6 7 8 -10 -11 11 12 -14 14 -16 20 -18 25 19 23 -22 22 -24 -25 -26 -27 -28 -29 -30 -31
leaf_value=0.010401434595331681 0.010176285572460055 -0.012676948244250115 0.010506327128872528 0.010223353715514083 -0.0033263391861785081 -0.020221426851928782 0.0058465491165744848 -0.0017377382325727952 0.009691953101231051 -0.0036012015289034918 0.0098867109577223718 -0.01544058597768083 0.010205858816949137 -0.010166885449014578 -0.0013001906831549529 -0.0012003200484003987 0.0032407802401705306 0.004940498585662572 -0.0012152339834601022 -0.014918578284712119 -0.011525997457158944 0.010886016329034985 -0.052837203556832447 -0.014074024364749051 0.0052481633532171215 0.010251923202158029 -0.017113679654418675 -0.0059361725610016375 0.0099867968446557542 0.0069882758047500569
leaf_weight=7.6189949512481681 4294.1412262860686 6.301837071776391 4.1039725206792381 223.38658490590751 339.76861458271742 128.72201873362064 394.21767149679363 527.72867860645056 545.30843563377857 3640.6067970693111 2114.5636445842683 396.98940028250217 1565.7543350849301 358.4019464366138 322.57636469602585 40.726089745759964 347.48725410364568 263.60281459800899 20.863818548619747 51.722122892737389 135.60158875584602 11.425426490604881 1.5344101190567005 4599.1836097538471 27.161960303783417 126.66024399735034 12.588584467768667 15.282263118773699 203.57543386146426 9.9419466257095337
leaf_count=206 240033 71 91 10559 4726 527 9892 6018 11831 39762 105812 1619 79237 3304 4896 183 10451 8781 153 235 627 160 10 22145 286 5381 51 197 3002 122
internal_value=0 -0.00713588 0.00724199 0.000322721 -0.000923156 -0.00153282 -0.00196797 -0.00126035 0.00407073 -0.00267812 0.00889387 0.00754326 0.00501855 -0.00297266 -0.00596677 -0.0138167 -5.90148e-06 0.00596753 -0.0138752 -0.0139145 -0.00914109 0.00796271 -0.00167887 -0.0139712 -0.00797461 0.00666433 -0.0103231 0.00126028 0.00920145 -0.000640922
internal_weight=0 10367.5 10370 1998.58 1775.19 5660.97 5412.91 5107.86 1073.04 4034.82 8371.45 4077.31 1962.74 1368.23 680.978 305.05 687.256 406.956 4706.55 4698.93 176.328 248.061 28.2421 4678.07 78.8841 390.263 16.6926 26.7077 219.819 16.2438
internal_count=570368 95427 474941 48240 37681 72402 68840 67503 17849 49654 426701 186668 80856 23377 8200 1337 15177 14304 23025 22819 810 3562 367 22666 521 14162 142 357 3195 193
is_linear=0
shrinkage=0.01


Tree=120
num_leaves=31
num_cat=0
split_feature=2 0 0 0 2 14 13 15 4 15 2 2 0 0 0 0 12 12 7 12 13 12 4 3 12 10 3 2 12 12
split_gain=10559.4 3875.32 1181.05 243.884 246.457 230.254 541.322 514.704 599.146 502.017 193.199 144.342 239.459 2055.43 118.086 150.6 84.3904 67.9922 46.1238 44.312 38.8451 51.3895 33.5668 28.5759 79.0537 23.1298 22.8147 17.0136 14.5459 13.2775
threshold=3511.5000000000005 4200993.0000000009 4201072.0000000009 4205705.5000000009 4171.5000000000009 1.80966411804849 1.7754236602093663 3.6922419901710248 54.500000000000007 3.8696488910393634 2477.5000000000005 4855.5000000000009 4200985.0000000009 4200993.0000000009 4204808.5000000009 4204112.0000000009 1.1381958684948938 1.2458435429170043 2729.5000000000005 1.1159798465572681 1.3461532835074757 1.1125572557191938 49.500000000000007 155.50000000000003 1.3826895352780137 553.50000000000011 4159.5000000000009 1354.5000000000002 1.4114136852055832 1.1159798465572681
decision_type=2 2 2 2 2 2 2 2 2 2 2 2 2 2 2 2 2 2 2 2 2 2 2 2 2 2 2 2 2 2
left_child=1 19 11 4 18 20 10 8 -8 -9 17 -2 -13 -14 15 -6 -12 -7 25 -1 21 -3 -21 24 -24 -4 -20 28 -22 -23
right_child=2 5 3 -5 14 6 7 9 -10 -11 16 12 13 -15 -16 -17 -18 -19 26 22 27 29 23 -25 -26 -27 -28 -29 -30 -31
leaf_value=0.010397282730805979 0.010174314466132794 0.010876535737694534 0.010501047827661605 0.010221084308606391 -0.003525986503227566 -0.020871723922989822 -0.050062906364036971 -0.013731042058770446 0.0046853780514684654 -0.0015622671056674678 -0.01802056388748113 0.0098815974258392308 -0.015319781718617115 0.01020376918408874 -0.0072510286337944679 0.0051967963181884019 0.0005539086367568909 -0.011671074178233747 0.0050347206257849927 -0.0012024300963553065 -0.012423392440617704 -0.029198695958586311 -0.014846032633041569 -0.014012369028146052 0.0070256212258035201 -0.016932556804617867 0.010249356236973754 0.0099922629578613337 0.0069582165530078788 -0.0080613284806368164
leaf_weight=7.546182081103324 4252.2331855855882 11.321552056819202 4.0651699379086521 221.21270878240466 666.99651414528489 100.99663999676704 20.252318747341633 386.24082674831152 1537.5961038805544 2772.9637064319104 28.381845727562904 2094.6013759691268 396.1229882389307 1550.490723779425 430.80766312032938 281.45294538140297 177.02375623583794 392.32174034416676 253.40091294236481 20.875063180923462 6.3658243268728265 6.0926056355237943 51.456448212265968 4575.4926882386208 24.343905724585056 12.595969662070273 125.43120157904923 206.90282521769404 9.8853312879800797 5.8015540391206741
leaf_count=206 240033 160 91 10559 9349 471 141 3312 24245 37494 145 105812 1619 79237 5289 8980 1099 1933 8540 153 71 54 235 22156 275 51 5381 3076 122 79
internal_value=0 -0.00708218 0.00722614 0.000320079 -0.000914026 -0.00151707 -0.00194717 -0.000730386 0.00397364 -0.00305001 -0.0101617 0.00888821 0.00753495 0.0050099 -0.00290951 -0.000937495 -0.00201261 -0.0135547 0.00604511 -0.0138156 0.00793767 -0.00437312 -0.0138547 -0.0139115 -0.00782177 -0.010239 0.00676128 0.00921842 -0.000633854 -0.0188886
internal_weight=0 10341.9 10289.4 1995.96 1774.75 5662.15 5415.78 4717.05 1557.85 3159.2 698.724 8293.45 4041.22 1946.61 1379.26 948.449 205.406 493.318 395.493 4679.71 246.37 23.2157 4672.17 4651.29 75.8004 16.6611 378.832 223.154 16.2512 11.8942
internal_count=570368 95427 474941 48240 37681 72402 68840 65192 24386 40806 3648 426701 186668 80856 23618 18329 1244 2404 14063 23025 3562 293 22819 22666 510 142 13921 3269 193 133
is_linear=0
shrinkage=0.01


Tree=121
num_leaves=31
num_cat=0
split_feature=2 0 0 0 2 1 14 15 12 14 2 0 0 14 0 0 1 20 14 7 12 5 4 2 0 1 10 14 2 0
split_gain=10404 3836.35 1177.01 241.272 242.246 229.076 204.725 400.103 256.471 187.065 143.686 237.685 2028.32 130.965 115.027 147.735 111.441 59.8069 47.181 45.4467 43.6614 41.4529 33.3414 31.0135 23.6376 23.5442 22.6627 18.1456 15.324 15.0262
threshold=3511.5000000000005 4200993.0000000009 4201072.0000000009 4205705.5000000009 4171.5000000000009 4205234304898.5005 1.7795022112803112 1.9367270844784239 1.2458435429170043 3.2946001893412262 4855.5000000000009 4200985.0000000009 4200993.0000000009 1.8343053871512336 4204808.5000000009 4204112.0000000009 932620487749.50012 3.9934062673467854 1.896216349394136 2729.5000000000005 1.1159798465572681 172.50000000000003 49.500000000000007 2477.5000000000005 4204916.0000000009 4374073345192.5005 553.50000000000011 4.2450123703691158 3092.5000000000005 4204916.0000000009
decision_type=2 2 2 2 2 2 2 2 2 2 2 2 2 2 2 2 2 2 2 2 2 2 2 2 2 2 2 2 2 2
left_child=1 20 10 4 19 6 28 13 -9 18 -2 -12 -13 -8 15 -6 -16 -11 24 26 -1 -19 -22 -20 -7 -21 -4 -24 -3 -30
right_child=2 5 3 -5 14 9 7 8 -10 17 11 12 -14 -15 16 -17 -18 21 23 25 22 -23 27 -25 -26 -27 -28 -29 29 -31
leaf_value=0.010393174203113038 0.010172362003884572 0.0099735988404339986 0.010495826138632978 0.010218837272223971 -0.0034804549953283128 -0.030130705440019254 -0.0012028501547617896 -0.0087465869683716769 0.00022492776278066584 -0.0252134164939114 0.0098764756542805143 -0.015201422685320314 0.010201700084072769 -0.015834672933850075 0.0082575613505179706 0.0051699578482581696 -0.008821645084349173 -0.012573448989121947 0.0084644576640526825 0.0071719797987127741 -0.0011897684833507057 -0.0065083680656276999 -0.013873443366366662 -0.009242016922334742 -0.0043246061528693508 -0.0076356544512371748 -0.016755803811364007 0.0052448502575069321 0.01079508246905005 -0.005066463461659728
leaf_weight=7.4740349203348151 4210.7270851228386 181.05469691380858 4.0267129167914417 219.05952098593116 668.9550793170929 4.198632717132571 82.539034824818373 344.88839839398861 4187.4619691651314 25.118839681148529 2074.8297868557274 395.21967376768589 1535.3728498462588 236.31138336658478 42.350559201091528 280.09174033813179 390.20044594630599 212.71933671832085 90.359496846795082 365.35835154540837 20.886187229305506 239.63891654834151 4619.4197046235204 11.108094885945318 22.955675631761551 11.06286672875285 12.601523637771605 4.9698244556784621 10.253231611102819 14.305534686893225
leaf_count=206 240033 2724 91 10559 9349 19 663 2033 61534 109 105812 1619 79237 976 1193 8980 4096 929 1254 13643 153 1568 22573 73 179 278 51 93 152 189
internal_value=0 -0.00702926 0.00721003 0.000317407 -0.000904809 -0.00150155 -0.000805239 -0.00121947 -0.000457758 -0.00731102 0.00888257 0.00752668 0.00500132 -0.012047 -0.00287544 -0.000927463 -0.00714944 -0.0101944 0.0033929 0.00602211 -0.0137571 -0.00936044 -0.013796 0.00652605 -0.00831478 0.00673679 -0.0101565 -0.0138529 0.00896815 0.0015557
internal_weight=0 10315.7 10209.9 1993.71 1774.65 5662.91 5056.81 4851.2 4532.35 606.099 8216.15 4005.42 1930.59 318.85 1381.6 949.047 432.551 477.477 128.622 393.049 4652.75 452.358 4645.28 101.468 27.1543 376.421 16.6282 4624.39 205.613 24.5588
internal_count=570368 95427 474941 48240 37681 72402 68271 65206 63567 4131 426701 186668 80856 1639 23618 18329 5289 2606 1525 14063 23025 2497 22819 1327 198 13921 142 22666 3065 341
is_linear=0
shrinkage=0.01


Tree=122
num_leaves=31
num_cat=0
split_feature=2 0 0 0 2 1 13 13 6 3 5 14 2 0 0 3 14 1 1 0 20 13 7 12 5 4 3 12 3 10
split_gain=10251.2 3797.12 1172.84 238.691 238.162 224.247 235.05 548.492 299.261 313.776 191.549 182.68 143.027 235.915 2001.68 136.122 116.296 115.977 128.339 70.7699 57.9515 57.0734 44.1788 43.0186 40.6368 33.114 28.8375 70.6229 24.3179 22.262
threshold=3511.5000000000005 4200993.0000000009 4201072.0000000009 4205705.5000000009 4175.5000000000009 4205234304898.5005 1.8107551040761356 1.6694167651246727 2579.5000000000005 3103.5000000000005 317.50000000000006 3.2946001893412262 4855.5000000000009 4200985.0000000009 4200993.0000000009 4630.5000000000009 2.5840003636924758 2417604865630.5005 3155490927897.0005 4204112.0000000009 3.9934062673467854 1.7754236602093663 2729.5000000000005 1.1159798465572681 172.50000000000003 49.500000000000007 166.50000000000003 1.3826895352780137 4159.5000000000009 556.50000000000011
decision_type=2 2 2 2 2 2 2 2 2 2 2 2 2 2 2 2 2 2 2 2 2 2 2 2 2 2 2 2 2 2
left_child=1 23 12 4 22 6 7 10 9 -8 -3 21 -2 -14 -15 -10 -9 19 -19 -6 -13 -7 29 -1 -22 -25 27 -27 -24 -4
right_child=2 5 3 -5 17 11 8 16 15 -11 -12 20 13 14 -16 -17 -18 18 -20 -21 24 -23 28 25 -26 26 -28 -29 -30 -31
leaf_value=0.010389110540087523 0.01017042734240199 -0.013851986770765178 0.0065508854131558526 0.010216614273036771 -0.0031949859953648873 -0.0077939432954177868 -0.0022612757099311331 -0.009720198860896815 0.0038648239253042849 -0.02712176058023507 0.0068719659519800805 -0.024809679512318678 0.0098713455601462281 -0.015085426575992609 0.010199652639904955 -0.0015706561702948404 -0.026796779635487933 -0.0098827491803689972 -0.0012176357399610995 0.003215293558700013 -0.012429392907563088 0.0073596442514039509 0.004853706240692611 -0.0011772475690214107 -0.0064296201893066039 -0.0147093703408195 -0.013898057583957363 0.005265160684826021 0.010245256725240091 -0.01814453021631366
leaf_weight=7.4025470018386832 4169.6184587161988 51.280526414513588 5.4218455329537418 216.92679544910789 342.70159392058849 33.732843175530434 1543.5050911288708 585.07785687595606 1822.3661001622677 52.495909906923771 342.36022866889834 25.271550253033638 2055.2470390386879 394.28072793781757 1520.3992055170238 616.63512663915753 42.798002108931541 361.25514735281467 324.43009202182293 346.21340853534639 213.03130814433098 94.43197201564908 259.65849586762488 20.897192697972059 240.14563246443868 50.934924826025963 4519.7705693840981 27.128345061093569 123.41926809772849 11.172054290771483
leaf_count=206 240033 269 97 10559 4726 240 19631 2980 31804 356 4207 109 105812 1619 79237 8824 200 3304 4896 10451 929 1285 8781 153 1568 235 22145 286 5381 45
internal_value=0 -0.00697698 0.00719408 0.000314811 -0.000895808 -0.00148643 -0.000797197 -0.00508222 0.000287616 -0.00307899 0.00417221 -0.00723163 0.00887697 0.00751845 0.00499282 0.00249061 -0.0108842 -0.00287137 -0.00578287 2.64923e-05 -0.0100719 0.00337124 0.00589878 -0.0136983 -0.00925002 -0.0137369 -0.013794 -0.00776787 0.00659075 -0.0100756
internal_weight=0 10289.3 10130.7 1991.2 1774.27 5663.13 5056.52 1021.52 4035 1596 393.641 606.613 8139.55 3969.93 1914.68 2439 627.876 1374.6 685.685 688.915 478.448 128.165 399.672 4626.13 453.177 4618.73 4597.83 78.0633 383.078 16.5939
internal_count=570368 95427 474941 48240 37681 72402 68271 7656 60615 19987 4476 4131 426701 186668 80856 40628 3180 23377 8200 15177 2606 1525 14304 23025 2497 22819 22666 521 14162 142
is_linear=0
shrinkage=0.01


Tree=123
num_leaves=31
num_cat=0
split_feature=2 0 0 0 2 8 15 0 12 4 1 8 2 2 0 0 0 0 1 7 5 12 4 1 10 13 2 1 4 2
split_gain=10101.3 3758.84 1168.64 236.141 234.137 226.775 341.994 366.408 391.877 360.859 243.259 197.278 160.135 142.366 234.148 1975.51 111.816 143.305 107.814 44.122 43.9082 42.3926 32.8995 23.3602 21.8628 18.7166 13.6326 10.2142 9.73769 8.92784
threshold=3511.5000000000005 4200993.0000000009 4201072.0000000009 4205705.5000000009 4171.5000000000009 1837.0000000000002 5.3217667867264238 4204581.0000000009 3.1651774695465433 1341.5000000000002 2424655927106.5005 40.500000000000007 134.50000000000003 4855.5000000000009 4200985.0000000009 4200993.0000000009 4204808.5000000009 4204112.0000000009 932620487749.50012 2729.5000000000005 50.500000000000007 1.1159798465572681 47.500000000000007 4374073345192.5005 553.50000000000011 3.7159804673141519 50.500000000000007 4205234324575.5005 3051.5000000000005 152.50000000000003
decision_type=2 2 2 2 2 2 2 2 2 2 2 2 2 2 2 2 2 2 2 2 2 2 2 2 2 2 2 2 2 2
left_child=1 21 13 4 19 11 7 8 -7 10 -8 -3 -9 -2 -15 27 17 -6 -18 24 -13 -1 26 -21 -4 29 -23 -16 -22 -24
right_child=2 5 3 -5 16 6 9 12 -10 -11 -12 20 -14 14 15 -17 18 -19 -20 23 28 22 25 -25 -26 -27 -28 -29 -30 -31
leaf_value=0.010385089293823481 0.010168510620078433 -0.014448261932519612 0.010487464654989218 0.010214414417200805 -0.003388476468548503 -0.0042085286752411169 -0.015264537778480441 -0.033685027578878757 0.0092547498674682756 0.0080786410102905472 -0.0052890192196997357 -0.00880159118581424 0.0036269752080312439 0.0098662074570928793 -0.01526484412632265 0.010197627077004653 0.0082304829336020645 0.0051402746150460855 -0.0086451901251980816 0.00712719692625412 0.0093102477732545843 0.0075301189505523449 -0.013329660561498018 -0.0076190187412498904 -0.016436696631023508 0.0042682871715431789 -0.0090527036505770059 -0.0061121157914115756 -0.0058203697103569223 -0.014214436925859702
leaf_weight=7.3317140489816657 4128.9041728992015 42.49482250213623 3.9649745523929623 214.81436334177852 672.89985628426075 2257.8812971673906 357.76748668774962 11.592209775000809 239.08944439515471 149.6095870770514 771.82227915525436 14.265348166227339 1485.1256083883345 2035.8513938169926 380.7112440764904 1505.5685272701085 41.902678869664669 278.57175320386887 392.16887105628848 360.62508110143244 328.65264000743628 9.836086183786394 2352.6296097934246 11.072600238025187 12.600086987018583 5.7668071240186682 9.9952056109905225 12.596155375242232 4.3092337306588879 2213.4442810826004
leaf_count=206 240033 175 91 10559 9349 21268 2350 87 6480 3140 4288 86 24960 105812 1568 79237 1193 8980 4096 13643 9454 91 11856 278 51 107 56 51 114 10709
internal_value=0 -0.00692594 0.00717815 0.000312227 -0.000886964 -0.0014716 -0.00201565 -0.00057431 -0.0029194 -0.00651556 -0.0084485 0.00588938 0.00333799 0.0088714 0.00751027 0.00498439 -0.00281021 -0.00089143 -0.00701611 0.00597627 0.00837837 -0.0136417 -0.0136801 0.00668792 -0.00999219 -0.0137358 -0.00082782 -0.0149717 0.00911443 -0.0137586
internal_weight=0 10261.6 10052.3 1988.62 1773.81 5662.61 5272.89 3993.69 2496.97 1279.2 1129.59 389.722 1496.72 8063.63 3934.73 1898.88 1385.54 951.472 434.072 388.263 347.227 4599 4591.67 371.698 16.5651 4571.84 19.8313 393.307 332.962 4566.07
internal_count=570368 95427 474941 48240 37681 72402 62573 52795 27748 9778 6638 9829 25047 426701 186668 80856 23618 18329 5289 14063 9654 23025 22819 13921 142 22672 147 1619 9568 22565
is_linear=0
shrinkage=0.01


Tree=124
num_leaves=31
num_cat=0
split_feature=2 0 0 0 2 8 15 0 14 4 1 8 6 2 0 0 0 0 1 5 12 5 4 3 12 10 3 13 1 4
split_gain=9953.26 3720.79 1164.49 233.618 230.165 223.124 334.207 359.216 386.531 352.933 223.202 194.459 167.858 141.702 232.384 1949.8 109.052 140.595 105.298 43.3857 41.774 40.0432 32.6459 29.1129 69.8136 26.2815 23.281 11.8229 10.0832 9.65583
threshold=3511.5000000000005 4200993.0000000009 4201072.0000000009 4205705.5000000009 4171.5000000000009 1837.0000000000002 5.3217667867264238 4204581.0000000009 3.7465223383473654 1410.0000000000002 2424655927106.5005 40.500000000000007 213.50000000000003 4855.5000000000009 4200985.0000000009 4200993.0000000009 4204808.5000000009 4204112.0000000009 932620487749.50012 50.500000000000007 1.1159798465572681 301.50000000000006 49.500000000000007 166.50000000000003 1.3826895352780137 556.50000000000011 4159.5000000000009 2.6662065669018999 4205234324575.5005 3051.5000000000005
decision_type=2 2 2 2 2 2 2 2 2 2 2 2 2 2 2 2 2 2 2 2 2 2 2 2 2 2 2 2 2 2
left_child=1 20 13 4 21 11 7 8 -7 10 -8 -3 -9 -2 -15 28 17 -6 -18 -13 -1 25 27 24 -24 -4 -23 -22 -16 -21
right_child=2 5 3 -5 16 6 9 12 -10 -11 -12 19 -14 14 15 -17 18 -19 -20 29 22 26 23 -25 -26 -27 -28 -29 -30 -31
leaf_value=0.010381112099370595 0.010166613076141423 -0.01433281954146956 0.0071264851632813746 0.010212237285296629 -0.0033451248585374686 -0.0040954834097293768 -0.014685984177039786 -0.0092448790334837688 0.009887637636111786 0.0085285429965254508 -0.0052259742514221153 -0.0086737457070221666 0.0042088532903432644 0.009861060136847748 -0.015152385372402049 0.010195621633403483 0.0082109239699194175 0.0051134733498247641 -0.0085207830426625008 0.0092967346992226616 -0.0092783938133325968 0.0048933077874964773 -0.014575625204508233 -0.013785750261424605 0.0053044679790718108 -0.018194920945689343 0.010241242102266495 0.0058121992013752868 -0.0060551346140706678 -0.0057312863456229777
leaf_weight=7.2615291550755492 4088.5802074335515 42.40915010869503 6.5175192933529642 212.72203792631626 674.79462306201458 2284.5509774647653 368.14440335333347 99.350172512233257 216.41288962215185 140.32695735991001 773.31447164714336 14.330522969365118 1393.4128522500396 2016.641188217327 379.70648854970932 1490.8795693535358 41.584064614027739 277.23823953233659 393.90693739801645 325.85307756066322 9.6396287605166453 246.87687774188817 50.396867692470551 4466.4789451807737 27.197563052177429 11.045949846506117 121.44411568157375 11.251593071967362 12.587585315108297 4.3323341943323603
leaf_count=206 240033 175 165 10559 9349 21930 2459 1009 5818 3031 4288 86 24038 105812 1568 79237 1193 8980 4096 9454 42 8471 235 22145 286 46 5381 111 51 114
internal_value=0 -0.00687485 0.00716215 0.00030967 -0.000878153 -0.0014568 -0.00199439 -0.000568476 -0.0028855 -0.00643719 -0.00827703 0.00587297 0.00331345 0.00886586 0.00750215 0.00497605 -0.00277802 -0.000881925 -0.00692311 0.00836025 -0.0135848 0.00595321 -0.0136229 -0.0136803 -0.00760747 -0.00879856 0.00665665 -0.0011509 -0.0148605 0.00909955
internal_weight=0 10234.7 9974.53 1986.13 1773.41 5662.44 5275.51 3993.73 2500.96 1281.79 1141.46 386.925 1492.76 7988.4 3899.81 1883.17 1387.52 952.033 435.491 344.516 4572.23 385.884 4564.96 4544.07 77.5944 17.5635 368.321 20.8912 392.294 330.185
internal_count=570368 95427 474941 48240 37681 72402 62573 52795 27748 9778 6747 9829 25047 426701 186668 80856 23618 18329 5289 9654 23025 14063 22819 22666 521 211 13852 153 1619 9568
is_linear=0
shrinkage=0.01


Tree=125
num_leaves=31
num_cat=0
split_feature=2 0 0 0 2 8 12 3 2 14 8 14 6 2 0 0 13 0 0 5 7 12 3 12 15 3 5 5 20 2
split_gain=9807.74 3684 1160.35 231.125 226.299 219.584 328.807 458.803 280.068 275.456 190.817 186.824 588.122 141.037 230.624 1924.53 119.283 105.208 139.579 42.5302 42.2351 41.1719 25.0631 60.791 25.7177 24.4934 20.4412 10.7062 10.3865 8.3487
threshold=3511.5000000000005 4200993.0000000009 4201072.0000000009 4205705.5000000009 4175.5000000000009 1875.0000000000002 2.9571588198506471 2188.5000000000005 3092.5000000000005 1.80966411804849 40.500000000000007 3.667033527947122 3741.5000000000005 4855.5000000000009 4200985.0000000009 4200993.0000000009 3.364457487938862 4204808.5000000009 4204112.0000000009 50.500000000000007 2729.5000000000005 1.1159798465572681 166.50000000000003 1.3826895352780137 5.2206801228272122 4159.5000000000009 301.50000000000006 510.50000000000006 7.9200565504568727 152.50000000000003
decision_type=2 2 2 2 2 2 2 2 2 2 2 2 2 2 2 2 2 2 2 2 2 2 2 2 2 2 2 2 2 2
left_child=1 21 13 4 20 10 7 8 -7 -9 -3 16 -13 -2 -15 -16 -8 18 -6 -12 26 -1 23 -23 29 -22 -4 -25 -21 -24
right_child=2 5 3 -5 17 6 11 9 -10 -11 19 12 -14 14 15 -17 -18 -19 -20 28 25 22 24 27 -26 -27 -28 -29 -30 -31
leaf_value=0.010377176971398436 0.010164732662206686 -0.014219470587190308 -0.015866589515779045 0.010210082532797361 -0.0033687342620268481 0.0070218514073824047 -0.0059702906710698712 0.0078451753877510529 -0.02313026622249887 -0.003407428750198175 -0.0085485159701029507 -0.0070967208818666899 0.0082532045216094294 0.0098559029665180615 -0.014751397769209182 0.010193637795174782 -0.018991467196810358 -0.0068317184097249984 0.0050866920297314216 -0.0070077586663525697 0.0047669994676171083 -0.014509670439487969 -0.01327842495450926 -0.021914725444605529 0.0075906197955476606 0.010238787278264589 0.010693243399362649 0.0054504541847637637 0.0092061556344286005 -0.014145074386048569
leaf_weight=7.1919881552457801 4048.6434291806072 42.320183858275414 12.749169662594797 210.64964121766388 667.61071242764592 873.9916860088706 132.82024066150188 240.43315251916647 31.930906292051077 2285.1098375283182 14.39472423493862 1248.7390673346817 311.96308231912553 1997.6147919818759 391.24835722148418 1476.3309206366539 149.5831266567111 436.89099678769708 275.91755088791251 3.9992257356643668 255.82663806341588 50.121071562170982 2321.4643614590168 1.5123141966760183 5.6843318343162528 120.26440772973001 3.7500433921813956 26.162892196327448 326.92146754637361 2132.7610656321049
leaf_count=206 240033 175 56 10559 9108 16544 1065 3562 222 23811 86 8794 7786 105812 1619 79237 726 5289 8980 96 8781 235 11830 23 76 5381 86 268 9535 10387
internal_value=0 -0.00682459 0.00714611 0.000307129 -0.000869431 -0.00144216 -0.00197602 -0.000146188 0.00595908 -0.00233617 0.00582207 -0.00538278 -0.00402848 0.00886035 0.00749407 0.00496778 -0.0128673 -0.00277467 -0.0008961 0.00827826 0.00582975 -0.0135302 -0.0135681 -0.00794103 -0.0136663 0.00651674 -0.00982991 0.00395508 0.00901021 -0.0136934
internal_weight=0 10207.1 9897.5 1983.66 1773.01 5662.21 5274.57 3431.47 905.923 2525.54 387.636 1843.11 1560.7 7913.84 3865.19 1867.58 282.403 1380.42 943.528 345.315 392.59 4544.9 4537.71 77.7963 4459.91 376.091 16.4992 27.6752 330.921 4454.23
internal_count=570368 95427 474941 48240 37681 72402 62510 44139 16766 27373 9892 18371 16580 426701 186668 80856 1791 23377 18088 9717 14304 23025 22819 526 22293 14162 142 291 9631 22217
is_linear=0
shrinkage=0.01


Tree=126
num_leaves=31
num_cat=0
split_feature=2 0 0 0 2 8 6 13 13 15 12 12 8 2 0 0 1 1 1 12 4 3 1 3 12 3 3 13 1 3
split_gain=9664.85 3646.94 1156.35 228.658 222.457 216.073 321.619 323.85 508.242 275.405 209.426 240.391 188.094 140.372 228.87 1899.67 106.47 125.5 67.1893 40.5792 32.5709 32.4609 32.007 28.6557 75.3369 14.4631 13.6774 11.4233 10.0071 9.17225
threshold=3511.5000000000005 4200993.0000000009 4201072.0000000009 4205705.5000000009 4171.5000000000009 1875.0000000000002 2532.5000000000005 1.8107551040761356 1.6694167651246727 3.6922419901710248 1.6295573063858544 3.0255552019457324 40.500000000000007 4855.5000000000009 4200985.0000000009 4200993.0000000009 2417604865630.5005 3155490927897.0005 1564759720309.0002 1.1159798465572681 49.500000000000007 4159.5000000000009 4374073345192.5005 155.50000000000003 1.3826895352780137 46.500000000000007 311.50000000000006 2.6662065669018999 4205234324575.5005 2342.5000000000005
decision_type=2 2 2 2 2 2 2 2 2 2 2 2 2 2 2 2 2 2 2 2 2 2 2 2 2 2 2 2 2 2
left_child=1 19 13 4 21 12 10 8 -8 -9 29 -12 -3 -2 -15 28 18 -18 -6 -1 27 22 -4 24 -22 -14 -27 -21 -16 -7
right_child=2 5 3 -5 16 6 7 9 -10 -11 11 -13 25 14 15 -17 17 -19 -20 20 23 -23 -24 -25 -26 26 -28 -29 -30 -31
leaf_value=0.010373284656427418 0.010162869480294885 -0.014108148189098221 0.0045355495307410482 0.010207950167782901 -0.0035147385735185021 -0.038688002946420406 0.0038968295514251205 0.0045374786032875798 -0.010306435527223805 -0.0020057169525730593 0.00037030089573792074 -0.0079280191342538178 -0.01754201664333499 0.0098507361567603952 -0.014936136530333616 0.010191674009698273 -0.0095189923474689655 -0.0010096960571156347 0.0027558214724073752 -0.0090204838455639775 -0.014444957649193004 0.010236357525923315 -0.016574743744106869 -0.013675127310063427 0.0070292473936475241 0.0089942949423551487 0.0013885063824056712 0.0058086408354623377 -0.0058616943937816988 -0.027221862496834878
leaf_weight=7.1230853497982016 4009.0898169130087 42.228037357330322 254.74044944345951 208.59698821231723 300.70345274545252 10.119610726833342 404.64004039391875 1425.9286862313747 667.60254418849945 1171.9716241750866 522.96395684406161 1049.9623893126845 2.1588445343077174 1978.7703660912812 377.62242743372917 1461.9213845971972 365.46471568197012 329.67283400520682 395.79276341572404 9.6731569170951861 49.843548759818077 119.09588207677007 7.3905563019216052 4415.5353631824255 24.302643593400717 314.92536769621074 25.562841508537531 11.220147386193274 12.556719571352003 22.462238490581512
leaf_count=206 240033 175 8515 10559 6779 53 4611 23533 3452 16839 6756 7149 19 105812 1568 79237 3326 4959 8554 42 235 5381 167 22156 275 9299 399 111 51 117
internal_value=0 -0.00677561 0.00712985 0.000304555 -0.000860691 -0.00142802 -0.00195573 -0.000322688 -0.00494645 0.0015857 -0.00568882 -0.00516901 0.00580551 0.00885487 0.00748601 0.00495956 -0.00271471 -0.00548341 4.85863e-05 -0.013476 -0.0135136 0.00590724 0.00394036 -0.0135716 -0.00740643 0.00825968 0.00842327 -0.00105693 -0.0146441 -0.0307831
internal_weight=0 10178.2 9821.42 1981.46 1772.86 5660.53 5275.65 3670.14 1072.24 2597.9 1605.51 1572.93 384.875 7839.96 3830.87 1852.1 1391.63 695.138 696.496 4517.7 4510.57 381.227 262.131 4489.68 74.1462 342.647 340.488 20.8933 390.179 32.5818
internal_count=570368 95427 474941 48240 37681 72402 62510 48435 8063 40372 14075 13905 9892 426701 186668 80856 23618 8285 15333 23025 22819 14063 8682 22666 510 9717 9698 153 1619 170
is_linear=0
shrinkage=0.01


Tree=127
num_leaves=31
num_cat=0
split_feature=2 0 0 0 2 8 12 3 2 15 8 3 15 2 0 0 1 0 1 7 5 12 12 3 12 15 3 10 5 1
split_gain=9524.38 3610.63 1152.35 226.22 218.612 212.656 312.811 448.636 271.758 261.136 186.283 179.266 221.823 139.704 227.119 1875.24 103.939 123.134 66.7853 42.313 42.2603 40.8823 39.9996 24.5845 59.0543 25.096 23.1825 20.7732 10.4405 9.88554
threshold=3511.5000000000005 4200993.0000000009 4201072.0000000009 4205705.5000000009 4171.5000000000009 1837.0000000000002 2.9571588198506471 2188.5000000000005 3092.5000000000005 1.8964817957666884 40.500000000000007 811.50000000000011 3.8135929736245573 4855.5000000000009 4200985.0000000009 4200993.0000000009 2345762830381.5005 4204355.0000000009 1564759720309.0002 2729.5000000000005 50.500000000000007 3.1345410895504946 1.1159798465572681 166.50000000000003 1.3826895352780137 5.2206801228272122 4159.5000000000009 553.50000000000011 510.50000000000006 4205234324575.5005
decision_type=2 2 2 2 2 2 2 2 2 2 2 2 2 2 2 2 2 2 2 2 2 2 2 2 2 2 2 2 2 2
left_child=1 22 13 4 19 10 7 8 -7 -9 -3 12 -8 -2 -15 29 18 -18 -6 27 -12 -13 -1 24 -24 -25 -21 -4 -26 -16
right_child=2 5 3 -5 16 6 11 9 -10 -11 20 21 -14 14 15 -17 17 -19 -20 26 -22 -23 23 25 28 -27 -28 -29 -30 -31
leaf_value=0.010369432590108451 0.010161023587846048 -0.013998787680665205 0.010474996473000221 0.010205839994879083 -0.003468801761119693 0.0069854470754928382 -0.012677327118772166 0.0078088982822042945 -0.02250475907758525 -0.0033237031218773254 -0.0084287901181683625 -0.010670005360850663 -0.0027353902184909852 0.0098455584690740634 -0.014830089701458752 0.010189730225059283 -0.0015851058869448382 -0.010002328766406872 0.0027957314425293479 0.0048369331740630997 0.0090556238957593942 -0.020886962657724922 -0.014381454496860346 -0.01358561911391722 -0.021478254858943772 0.0075469648026540541 0.010233952763669981 -0.016032328375909132 0.0053885474978938334 -0.005807338060209351
leaf_weight=7.054816022515296 3969.9162381533533 42.132825314998627 3.8641307577490833 206.56390425004065 301.63405302911997 866.90471418574452 266.20821706950665 232.00127298012376 32.416753560304642 2295.3104931525886 14.44369764626026 83.606932401657104 1429.7101425565779 1960.1063655186445 376.52499634027481 1447.6497537549585 383.80420434102416 317.62646706402302 390.48363424092531 244.76322635449469 322.15379452891648 73.677589952945709 49.564402624964714 4400.4792682379484 1.5317301563918615 5.6266956850886336 117.93842162005603 12.586135491728781 25.964953146874905 12.547554463148115
leaf_count=206 240033 175 91 10559 6779 16544 1650 3486 222 23887 86 437 16032 105812 1568 79237 5874 2463 8502 8540 9568 315 235 22217 23 76 5381 51 268 51
internal_value=0 -0.00672744 0.00711357 0.000301998 -0.000852047 -0.00141413 -0.00193333 -0.00014331 0.00592245 -0.00230176 0.00582407 -0.00524314 -0.00429598 0.00884941 0.00747801 0.00495143 -0.00268379 -0.00539665 6.55649e-05 0.00588042 0.00830535 -0.015456 -0.0134233 -0.0134607 -0.00786121 -0.0135586 0.00659186 -0.00980582 0.00389191 -0.0145391
internal_weight=0 10148.8 9746.01 1979.26 1772.7 5658.57 5279.84 3426.63 899.321 2527.31 378.73 1853.2 1695.92 7766.74 3796.83 1836.72 1393.55 701.431 692.118 379.152 336.597 157.285 4490.22 4483.17 77.0611 4406.11 362.702 16.4503 27.4967 389.073
internal_count=570368 95427 474941 48240 37681 72402 62573 44139 16766 27373 9829 18434 17682 426701 186668 80856 23618 8337 15281 14063 9654 752 23025 22819 526 22293 13921 142 291 1619
is_linear=0
shrinkage=0.01


Tree=128
num_leaves=31
num_cat=0
split_feature=12 0 0 0 17 14 17 0 13 13 3 0 9 12 4 12 0 0 0 0 12 4 3 4 3 12 13 16 7 3
split_gain=9240.97 3781.88 1122.26 203.533 203.422 503.858 272.601 377.38 267.704 474.724 214.665 198.874 195.481 192.047 182.645 139.527 225.373 1851.22 93.2541 148.37 87.4262 32.5647 31.6424 30.1737 28.2289 73.3873 11.0357 8.49895 8.36446 7.93329
threshold=1.1104125616508325 4201048.0000000009 4201072.0000000009 4205705.5000000009 3.8034897267170433 2.3795204768346951 3.9564883558720996 4201072.0000000009 1.6083210945637985 1.7754236602093663 4777.5000000000009 4203788.0000000009 3135.0000000000005 1.0578388900283002 1975.5000000000002 1.0174949934843371 4200985.0000000009 4200993.0000000009 4204808.5000000009 4204112.0000000009 1.1140486103393801 49.500000000000007 4159.5000000000009 159.50000000000003 155.50000000000003 1.3826895352780137 2.6662065669018999 3.9320792542742264 49.500000000000007 160.50000000000003
decision_type=2 2 2 2 2 2 2 2 2 2 2 2 2 2 2 2 2 2 2 2 2 2 2 2 2 2 2 2 2 2
left_child=2 21 15 13 5 8 11 27 20 -10 23 14 -9 18 -6 16 -1 -18 19 -4 -3 26 29 -7 25 -23 -2 -8 -28 -15
right_child=1 4 3 -5 6 10 7 12 9 -11 -12 -13 -14 22 -16 -17 17 -19 -20 -21 -22 24 -24 -25 -26 -27 28 -29 -30 -31
leaf_value=0.0098403699732230558 -0.0087649633401149785 -0.0027377555817561443 -0.0039078796906685028 0.010200303344313863 0.0096976373495203348 0.0045091181081396738 0.0038740568734191767 0.0060367648008615559 -0.012518160074161138 0.00082401945335169576 -0.036184438406502546 -0.058980295533444749 -0.003471828369315374 -0.028881786279042747 -0.012602254008278286 0.010161113010710286 -0.01443606332137156 0.010187806728351243 -0.0066158850394569726 0.0050777070490565113 0.0088890178907749702 -0.014319129947746525 0.010236002532521748 0.009980673076007314 -0.01357796352325584 0.006969681760219496 -0.011713885005109653 0.009704791726759877 0.01007304461470045 0.0034991120455521371
leaf_weight=1941.6210931483656 9.7046697735786456 88.134359065443277 552.09344147890806 172.15822611749172 41.895695246756077 123.14124230667949 27.627069447189569 233.5749346613884 440.75109255500138 675.22776160016656 10.685959085822104 8.4445695728063566 2907.8975048288703 0.76049818843603034 297.79074965417385 3948.1092195045203 387.93700580298901 1433.514617761597 439.7226550206542 275.43960618972778 242.94926039129496 49.283738419413567 119.85167865082622 555.22081234678626 4362.2118742913008 24.116318192332983 2.1912503354251376 262.7710731010884 8.9989453107118589 148.22298179380596
leaf_count=105812 42 2272 6798 9029 570 2194 766 6222 2680 9389 68 60 30199 15 1958 240391 1619 79237 5289 8980 4662 235 5464 11370 22161 275 29 7267 82 5233
internal_value=0 -0.00645868 0.00722326 -0.000110356 -0.00121799 0.0012487 -0.00261194 -0.00175663 -0.00210267 -0.00444542 0.0082869 -0.0110436 -0.00276484 -0.00126593 -0.00985187 0.00884787 0.00747005 0.00494336 -0.0028945 -0.000917079 0.00579397 -0.0134158 0.00641094 0.00898744 -0.0134745 -0.00732448 -0.000961114 0.00915008 0.00580675 0.00333382
internal_weight=0 10372.6 9419.43 1708.25 5916.11 2136.11 3780 3431.87 1447.06 1115.98 689.048 348.131 3141.47 1536.09 339.686 7711.18 3763.07 1821.45 1267.26 827.533 331.084 4456.51 268.835 678.362 4435.61 73.4001 20.8949 290.398 11.1902 148.983
internal_count=570368 102501 467867 40808 79677 32635 47042 44454 19003 12069 13632 2588 36421 31779 2528 427059 186668 80856 21067 15778 6934 22824 10712 13564 22671 510 153 8033 111 5248
is_linear=0
shrinkage=0.01


Tree=129
num_leaves=31
num_cat=0
split_feature=2 0 0 0 2 1 8 6 13 2 13 2 0 0 1 1 1 20 13 7 13 5 5 4 1 1 10 13 1 20
split_gain=9248.32 3540.74 1144.36 221.734 211.322 208.526 276.57 242.803 371.251 212.102 166.786 138.366 223.635 1827.58 100.777 119.115 65.4681 52.829 48.8754 41.8917 38.878 35.9993 33.4359 32.2613 23.2416 21.4158 20.3976 17.7508 13.1232 12.245
threshold=3511.5000000000005 4200993.0000000009 4201072.0000000009 4205705.5000000009 4171.5000000000009 4205234304898.5005 1837.0000000000002 2579.5000000000005 1.8107551040761356 983.50000000000011 3.2700284684009455 4855.5000000000009 4200985.0000000009 4200993.0000000009 2345762830381.5005 3155490927897.0005 1564759720309.0002 3.9934062673467854 1.7754236602093663 2729.5000000000005 1.3201124284121852 172.50000000000003 50.500000000000007 49.500000000000007 4374073345192.5005 4223680113635.0005 556.50000000000011 3.7159804673141519 4282793179886.0005 7.9200565504568727
decision_type=2 2 2 2 2 2 2 2 2 2 2 2 2 2 2 2 2 2 2 2 2 2 2 2 2 2 2 2 2 2
left_child=1 20 11 4 19 6 22 9 -9 -8 18 -2 -13 -14 16 -16 -6 -12 28 26 -1 -19 -3 -22 -21 -20 -4 -25 -7 -24
right_child=2 5 3 -5 14 10 7 8 -10 -11 17 12 13 -15 15 -17 -18 21 25 24 23 -23 29 27 -26 -27 -28 -29 -30 -31
leaf_value=0.010361927545585504 0.01015738073359152 -0.0072446269513879238 0.0064542509819241747 0.010201972504129886 -0.0034069098019839593 -0.014748233115236174 -0.004256984544618145 -0.0048990478811287656 0.0023232898943885342 -0.030465127584420774 -0.023704039401307914 0.0098351696200200227 -0.014334590509790671 0.010185903207300563 -0.0091699677591698583 -0.00092992830609259008 0.0027896803954275558 -0.011946810179215174 -0.0050244847146799212 0.0069974874262841383 -0.00095249626997235312 -0.0062465062676767278 -0.0094303045924598091 -0.013438373292708739 -0.0077840876493443676 0.0080799897392368585 -0.017458151384994122 0.0042377870258239513 -0.0021873534259535658 0.0093205665279986142
leaf_weight=6.9214705973863593 3892.6877225134522 13.0663905441761 5.2468372806906727 202.78896912001073 302.85783956572413 14.652794301509855 1344.295209787786 1022.6327677480876 2340.9911516588181 31.605610325932503 25.659825205802917 1923.3129102662206 386.7821084856987 1419.5148620009422 372.57938419654965 331.53737556189299 390.13298436254263 210.52403396368027 14.521742578595875 347.48751122877002 20.868150051683187 233.85872346535325 3.5243695732206097 4401.8144091852009 10.973045911639927 88.300472900271416 11.143677890300749 5.6885666884481898 19.238234624266624 294.55170865356922
leaf_count=206 240033 80 97 10559 6779 99 12951 7656 38209 163 109 105812 1619 79237 3378 4959 8502 913 164 13643 153 1538 91 22559 278 1167 45 107 141 9121
internal_value=0 -0.00663035 0.00708096 0.000296736 -0.000836853 -0.00138596 -0.000720528 -0.0013201 0.000127504 -0.00485901 -0.00692505 0.00883858 0.00746212 0.00493533 -0.00262565 -0.0052901 8.1584e-05 -0.00975259 0.0027965 0.00583016 -0.0133198 -0.008947 0.00841252 -0.0133568 0.006545 0.00622922 -0.00980345 -0.0134156 -0.00761805 0.00909886
internal_weight=0 10092.7 9597.05 1974.75 1771.96 5657.42 5050.67 4739.52 3363.62 1375.9 606.756 7622.3 3729.61 1806.3 1397.11 704.117 692.991 470.043 136.713 374.851 4435.29 444.383 311.142 4428.37 358.461 102.822 16.3905 4407.5 33.891 298.076
internal_count=570368 95427 474941 48240 37681 72402 68271 58979 45865 13114 4131 426701 186668 80856 23618 8337 15281 2560 1571 14063 23025 2451 9292 22819 13921 1331 142 22666 240 9212
is_linear=0
shrinkage=0.01


Tree=130
num_leaves=31
num_cat=0
split_feature=2 0 0 0 2 1 8 6 13 3 13 2 0 0 1 0 0 20 13 7 12 5 5 4 3 3 0 1 12 5
split_gain=9113.33 3506.16 1140.27 219.375 207.751 204.174 272.768 237.144 363.534 249.382 162.978 137.697 221.901 1804.32 98.3974 118.472 66.0188 51.3277 47.9814 41.2735 38.3249 35.3312 33.0808 32.1711 23.3261 21.9209 52.4713 21.1442 20.2227 19.4427
threshold=3511.5000000000005 4200993.0000000009 4201072.0000000009 4205705.5000000009 4171.5000000000009 4205234304898.5005 1837.0000000000002 2579.5000000000005 1.8107551040761356 3103.5000000000005 3.2700284684009455 4855.5000000000009 4200985.0000000009 4200993.0000000009 2417604865630.5005 4204355.0000000009 4204112.0000000009 3.9934062673467854 1.7754236602093663 2729.5000000000005 1.1159798465572681 172.50000000000003 50.500000000000007 448.50000000000006 4159.5000000000009 155.50000000000003 4200985.0000000009 4223680113635.0005 1.3826895352780137 301.50000000000006
decision_type=2 2 2 2 2 2 2 2 2 2 2 2 2 2 2 2 2 2 2 2 2 2 2 2 2 2 2 2 2 2
left_child=1 20 11 4 19 6 22 9 -9 -8 18 -2 -13 -14 16 -16 -6 -12 -7 29 -1 -19 -3 28 -21 26 -25 -20 -22 -4
right_child=2 5 3 -5 14 10 7 8 -10 -11 17 12 13 -15 15 -17 -18 21 27 24 23 -23 -24 25 -26 -27 -28 -29 -30 -31
leaf_value=0.010358197295112233 0.010155584644578443 -0.0071419159529365608 -0.015548300664624043 0.010199923939705542 -0.0029750010444012202 -0.0075074576795011354 -0.0039385872993550706 -0.0048387296614716864 0.0023044148581202006 -0.025843678498302221 -0.023357964940379491 0.0098299575428204625 -0.01423494054739757 0.010184019475527925 -0.0014808299611635987 -0.0097320001868064897 0.003179197138163053 -0.011815511676952842 -0.0049554855752432419 0.004754102540141864 -0.013705089301294705 -0.0061723471714430324 0.0090847216132404103 0.006832285695208923 0.010227822489805711 -0.013468281759941574 -0.014452385364136795 0.0080505330852995525 0.00025982718260606912 0.010689631757344116
leaf_weight=6.8550559952855101 3854.6327892616391 13.121481001377104 12.726588577032091 200.811299784109 352.96148021146655 34.0450768917799 1325.4864369817078 1025.0147563256323 2336.5861495230347 54.093639679253101 25.778994634747505 1905.1802181918174 385.60074736177921 1405.6490856893361 381.95462606847286 319.63914575055242 344.38778390735388 210.7337563559413 14.5764241553843 241.31219538114965 16.372426003217697 234.29955607652664 295.56780613772571 18.037610985338688 114.93389426916838 4306.251667201519 32.362184569239616 87.740139674395323 28.282600652426481 3.6296832710504523
leaf_count=206 240033 80 56 10559 4882 240 12758 7656 38209 356 109 105812 1619 79237 5826 2459 10451 913 164 8540 83 1538 9212 174 5381 22150 152 1167 260 86
internal_value=0 -0.00658212 0.00706474 0.000294271 -0.000828572 -0.00137211 -0.000713363 -0.00130639 0.000126337 -0.00479749 -0.00685095 0.0088332 0.00745422 0.00492737 -0.0025959 -0.00523998 6.42661e-05 -0.00963919 0.00277592 0.00580691 -0.0132682 -0.00884452 0.00839497 -0.013305 0.00652006 -0.0133915 -0.0068348 0.00619764 -0.0048603 -0.00972574
internal_weight=0 10065.2 9523.42 1972.36 1771.55 5657.04 5049.87 4741.18 3361.6 1379.58 607.174 7551.06 3696.43 1791.25 1398.94 701.594 697.349 470.812 136.362 372.602 4408.16 445.033 308.689 4401.31 356.246 4356.65 50.3998 102.317 44.655 16.3563
internal_count=570368 95427 474941 48240 37681 72402 68271 58979 45865 13114 4131 426701 186668 80856 23618 8285 15333 2560 1571 14063 23025 2451 9292 22819 13921 22476 326 1331 343 142
is_linear=0
shrinkage=0.01


Tree=131
num_leaves=31
num_cat=0
split_feature=2 14 2 12 2 4 16 8 12 12 4 8 1 13 7 2 4 15 4 14 15 1 4 13 4 4 1 1 1 1
split_gain=8980.61 680.892 481.707 475.273 420.452 517.32 373.351 373.356 298.202 205.556 202.11 195.437 193.155 188.862 149.948 148.493 360.526 173.561 148.366 134.537 92.7722 111.923 74.8968 303.667 80.597 47.1232 38.0468 70.2765 304.727 109.627
threshold=3511.5000000000005 4.0666947675230416 134.50000000000003 1.0174949934843371 772.50000000000011 4172.5000000000009 5.5518827183820987 1923.5000000000002 1.2458435429170043 3.1345410895504946 1241.0000000000002 40.500000000000007 1900371961397.0002 1.3461532835074757 3174.5000000000005 181.50000000000003 297.50000000000006 3.8950054854148513 819.50000000000011 1.8343053871512336 4.5043526416731412 2417604865630.5005 2472.5000000000005 2.9257316291234807 2247.5000000000005 2014.5000000000002 1181289197948.0002 2521344728486.5005 2417604865630.5005 2424655934955.0005
decision_type=2 2 2 2 2 2 2 2 2 2 2 2 2 2 2 2 2 2 2 2 2 2 2 2 2 2 2 2 2 2
left_child=1 2 9 26 15 8 20 11 -6 22 18 -8 25 -5 -12 16 -4 -17 -9 -7 21 -3 24 -24 -1 -11 -2 28 -28 -30
right_child=3 6 4 13 5 19 7 10 -10 12 14 -13 -14 -15 -16 17 -18 -19 -20 -21 -22 -23 23 -25 -26 -27 27 -29 29 -31
leaf_value=-0.013293882344971671 0.0067484080180442076 -0.068380217664780307 -0.040463706121528151 0.010156041593799804 -0.0087646254134450992 -0.0081249465182634314 -0.014603078140119219 -0.0057543474119542345 0.0023890730865578562 0.0076754410451326084 0.0068703617072227155 0.0080663382969009493 -0.013051027103851618 0.0030956395475282275 -0.02277986967584715 -0.0050583656883780468 0.0061212892505542304 0.0042061720335583056 -0.016058977530915345 -0.012988219699177175 0.0094471143701339421 0.0072105067988995309 -0.012527732352964819 -1.5108809860232624e-05 -0.023417537234563711 -0.025952037875887245 0.0051262189004899449 0.0057829534837924128 -0.013304770105465227 -0.0014422521806416874
leaf_weight=934.79936118423939 979.21716021001339 3.4157026372849923 17.524550333619118 3932.8082550652325 406.92488686740398 1020.3794228844345 42.831273451447487 1063.678436011076 583.30282113328576 116.52842481434345 172.56327476724982 339.26058940775692 87.261201146990061 419.25518947653472 18.927114337682724 1309.7392350770533 319.34180800244212 239.12954113632441 160.8527933806181 1285.4203772693872 306.16567139700055 4.5922363325953484 1286.1466975063086 228.39773989468813 85.863406792283058 4.3217745050787917 1553.1651357915252 2187.2674037776887 109.69577181152999 268.81107650324702
leaf_count=5033 44208 60 108 245482 2327 7620 182 7296 8862 3058 3334 9824 581 12928 83 14302 6308 2107 716 6953 6641 41 6891 2658 387 55 67258 97427 797 6841
internal_value=0 -0.00653451 -0.00787914 0.00704866 -0.00608528 -0.00823987 -0.00148959 -0.00324694 -0.00219444 -0.0112675 -0.00561396 0.00552517 -0.00171351 0.00947588 0.0039397 -0.00231933 0.00369783 -0.00362802 -0.00710795 -0.0108361 0.00856828 -0.0250319 -0.0120518 -0.0106408 -0.0141455 0.00647287 0.00497665 0.00455543 0.00316549 -0.00488015
internal_weight=0 10037.4 7925.08 9450.22 5181.76 3296.03 2112.29 1798.11 990.228 2743.32 1416.02 382.092 208.111 4352.06 191.49 1885.74 336.866 1548.87 1224.53 2305.8 314.174 8.00794 2535.21 1514.54 1020.66 120.85 5098.16 4118.94 1931.67 378.507
internal_count=570368 95427 67250 474941 48587 25762 28177 21435 11189 18663 11429 10006 3694 258410 3417 22825 6416 16409 8012 14573 6742 101 14969 9549 5420 3113 216531 172323 74896 7638
is_linear=0
shrinkage=0.01


Tree=132
num_leaves=31
num_cat=0
split_feature=2 0 0 0 14 13 15 4 13 5 2 5 2 0 0 4 0 0 7 13 12 12 4 3 12 3 10 2 12 12
split_gain=8841.22 3458.71 1137.03 217.533 208.721 462.59 465.68 545.139 470.002 211.305 204.324 148.188 137.909 222.045 1785.97 94.1213 70.3587 56.6587 40.1424 38.7151 50.2571 37.9538 32.3234 27.8804 64.5403 24.5622 19.7328 16.7209 14.296 12.1845
threshold=3511.5000000000005 4200993.0000000009 4201072.0000000009 4205705.5000000009 1.80966411804849 1.7754236602093663 3.6922419901710248 54.500000000000007 2.2688285431649127 853.50000000000011 4175.5000000000009 215.50000000000003 4855.5000000000009 4200985.0000000009 4200993.0000000009 921.50000000000011 4204808.5000000009 4204916.0000000009 2729.5000000000005 1.3461532835074757 1.1125572557191938 1.1159798465572681 49.500000000000007 166.50000000000003 1.3826895352780137 4159.5000000000009 553.50000000000011 1354.5000000000002 1.4114136852055832 1.1159798465572681
decision_type=2 2 2 2 2 2 2 2 2 2 2 2 2 2 2 2 2 2 2 2 2 2 2 2 2 2 2 2 2 2
left_child=1 21 12 10 19 9 7 -7 -8 11 18 -6 -2 -14 -15 -12 -17 -11 26 20 -3 -1 -23 24 -24 -20 -4 28 -21 -22
right_child=2 4 3 -5 5 6 8 -9 -10 17 15 -13 13 14 -16 16 -18 -19 25 27 29 22 23 -25 -26 -27 -28 -29 -30 -31
leaf_value=0.010357398343482982 0.010152041357207686 0.010856645654356557 0.010460311050653101 0.0101968504153504 -0.025760711034875615 -0.045977580944161246 -0.02315313719581413 0.0046256734369562406 -0.0020571689293403523 -0.01490968840547839 0.010177285853895908 0.0029100753714923024 0.0098218006872994017 -0.014172200327219385 0.010181156256077673 -0.00154987394778962 -0.0064343366675109108 -0.0080309410760586314 0.0045959120570836145 -0.012230389965746769 -0.028467822203814136 -0.00082725319920056882 -0.014130181977404111 -0.013382238651343787 0.0052201081421573573 0.010223294241429867 -0.015691240050827775 0.0099294270526468133 0.0069470001331057088 -0.0082507330827009916
leaf_weight=6.8408193886280051 3779.6098181605339 11.046830285340549 3.7453476227819946 197.82511602155864 20.185880765318871 21.5912821367383 109.38859430700541 1519.4823385961354 3056.4649317748845 340.55044680088758 55.03168710321188 168.59546169638634 1877.2283428963274 384.8296652585268 1384.5407804697752 890.09490191377699 441.02791555225849 184.67762980610132 248.56865666992962 6.4153437018394479 6.1940001547336561 20.96003408357501 48.396741956472397 4254.6877485513687 26.771632213145494 112.74293129332364 12.565416187047957 199.64254380017519 9.864011213183403 5.7469739243388176
leaf_count=206 240033 160 91 10559 100 141 598 24245 40208 1672 1149 1037 105812 1619 79237 16939 5289 839 8781 71 54 153 235 22145 286 5381 51 3076 122 79
internal_value=0 -0.00648202 0.00702484 0.000253376 -0.00132616 -0.00172931 -0.000591562 0.00391669 -0.00278609 -0.00922959 -0.000861883 -0.000155615 0.0088135 0.00742613 0.00488442 -0.00263837 -0.0031682 -0.012491 0.00565913 0.0078213 -0.00451609 -0.0131786 -0.0132156 -0.0132756 -0.00723847 0.00635187 -0.00968621 0.00913478 -0.000610397 -0.0187377
internal_weight=0 10017.5 9387.81 1961.6 5659.85 5420.94 4706.93 1541.07 3165.85 714.009 1763.78 188.781 7426.21 3646.6 1769.37 1386.15 1331.12 525.228 377.622 238.91 22.9878 4357.66 4350.82 4329.86 75.1684 361.312 16.3108 215.922 16.2794 11.941
internal_count=570368 95427 474941 48240 72402 68840 65192 24386 40806 3648 37681 1137 426701 186668 80856 23377 22228 2511 14304 3562 293 23025 22819 22666 521 14162 142 3269 193 133
is_linear=0
shrinkage=0.01


Tree=133
num_leaves=31
num_cat=0
split_feature=12 0 0 1 1 1 1 0 12 1 13 14 17 12 0 0 1 1 1 1 1 12 12 16 12 0 1 0 14 13
split_gain=8586.75 3629.98 1091.22 197.575 249.492 481.646 236.67 195.544 191.515 176.004 327.761 177.58 168.918 137.739 220.308 1763.35 114.633 110.294 172.867 98.668 88.3358 86.9699 92.7624 79.0092 78.9366 64.1557 36.7321 32.844 12.2352 22.0076
threshold=1.0937088826584003 4201048.0000000009 4201072.0000000009 2241719161008.5005 1581613327004.0002 1478970866856.5002 2424655934955.0005 4205705.5000000009 1.0578388900283002 4202993306407.5005 2.2989862069126414 3.2946001893412262 3.7177499324229797 1.0174949934843371 4200985.0000000009 4200993.0000000009 2417604865630.5005 1836311521521.5002 1878247533774.0002 2424655934955.0005 612353529778.00012 3.0255552019457324 4.5914784098466539 1.9781374608508877 1.1104125616508325 4204112.0000000009 4374073345192.5005 4204112.0000000009 4.2450123703691158 4.5189938148362421
decision_type=2 2 2 2 2 2 2 2 2 2 2 2 2 2 2 2 2 2 2 2 2 2 2 2 2 2 2 2 2 2
left_child=2 28 13 4 5 20 21 8 16 10 -8 -11 -7 14 -1 -16 25 23 -19 -18 -3 24 -23 -6 -5 -4 -10 -28 -2 -30
right_child=1 3 7 6 17 12 9 -9 26 11 -12 -13 -14 -15 15 -17 19 18 -20 -21 -22 22 -24 -25 -26 -27 27 -29 29 -31
leaf_value=0.0098165563538778686 -0.013196743908090693 -0.0036942628236374992 -0.0032750317948156489 -0.052772916375072108 -0.004753627271068127 -0.00010077682459718091 -0.003872518484828778 0.010191190141637592 0.0079313384463189397 0.0043037594099051644 0.0048526358311541526 -0.0079296843412689794 -0.020835689407055071 0.010152305471743298 -0.014075417243749094 0.01017932166484916 -0.014778364940615182 -0.0090322618510696017 0.0031435219078683402 -0.0040720580678124041 0.0021127859276945031 -0.013246661173448216 0.0011123756393457722 0.0068205923457929094 0.00062303208497337863 0.0031443445592326293 0.010331556263846129 -0.029858169504367257 0.0077901817098098994 -0.03985883142413188
leaf_weight=1859.5376005750149 4316.8224117234349 392.24698796309531 285.22696182131767 2.8502057380974284 63.838417779654264 51.33526280708611 950.27935906499624 164.54100525937974 219.56124192476273 146.00200144015253 787.1797916777432 633.55690316855907 167.432517465204 3759.3939712150022 383.60713501274586 1371.0101996660233 102.42371836304665 148.07297367416322 548.70006430335343 539.40854103118181 788.61725514009595 343.13071267679334 51.779779940843582 774.73702705278993 96.709763003513217 342.7941754758358 3.4478529989719373 4.9566672518849373 5.9075213484466067 1.1595815978944299
leaf_count=105812 22699 4864 3431 90 734 867 10191 9025 9410 1943 11171 3643 1211 240391 1619 79237 416 1684 8882 6769 14718 1453 580 17389 1341 10451 111 111 113 12
internal_value=0 -0.00620331 0.00716218 -0.00113379 0.000712607 -0.00234106 -0.00293328 -0.000156714 -0.00129347 -0.00169074 8.05328e-05 -0.00563851 -0.0159701 0.00881221 0.00741827 0.00487658 -0.00280853 0.00349635 0.000556016 -0.00578057 0.000183862 -0.00925818 -0.0113639 0.00593948 -0.000905589 0.000228871 0.00714598 -0.0133708 -0.0131752 -2.81449e-05
internal_weight=0 10270.4 9035.91 5946.47 2934.98 1399.63 3011.49 1662.36 1497.82 2517.02 1737.46 779.559 218.768 7373.55 3614.15 1754.62 1269.85 1535.35 696.773 641.832 1180.86 494.47 394.91 838.575 99.56 628.021 227.966 8.40452 4323.89 7.0671
internal_count=570368 103585 466783 80761 50349 21660 30412 39724 30699 26948 21362 5586 2078 427059 186668 80856 21067 28689 10566 7185 19582 3464 2033 18123 1431 13882 9632 222 22824 125
is_linear=0
shrinkage=0.01


Tree=134
num_leaves=31
num_cat=0
split_feature=2 0 0 0 14 13 15 4 13 2 2 2 0 0 4 1 12 12 7 13 12 12 4 3 3 12 12 10 2 12
split_gain=8587.86 3391.08 1128.15 213.182 205.494 450.909 453.866 519.625 452.989 197.681 176.397 136.561 218.578 1741.09 94.5708 105.227 77.5531 59.2065 40.0338 38.5743 48.5473 36.9041 32.745 23.3143 21.738 50.7848 20.2488 19.7324 16.609 13.9152
threshold=3511.5000000000005 4200993.0000000009 4201072.0000000009 4205705.5000000009 1.80966411804849 1.7754236602093663 3.6922419901710248 54.500000000000007 2.2688285431649127 4171.5000000000009 2477.5000000000005 4855.5000000000009 4200985.0000000009 4200993.0000000009 921.50000000000011 2417604865630.5005 1.1381958684948938 1.2458435429170043 2729.5000000000005 1.3461532835074757 1.1125572557191938 1.1159798465572681 448.50000000000006 4159.5000000000009 166.50000000000003 2.8416269947219686 1.3826895352780137 556.50000000000011 1354.5000000000002 1.4114136852055832
decision_type=2 2 2 2 2 2 2 2 2 2 2 2 2 2 2 2 2 2 2 2 2 2 2 2 2 2 2 2 2 2
left_child=1 21 11 9 19 10 7 -7 -8 18 17 -2 -13 -14 -11 -16 -12 -6 27 20 -3 -1 26 -20 25 -24 -23 -4 29 -21
right_child=2 4 3 -5 5 6 8 -9 -10 14 16 12 13 -15 15 -17 -18 -19 23 28 -22 22 24 -25 -26 -27 -28 -29 -30 -31
leaf_value=0.010350144774514161 0.01014856360977406 0.010840212559648099 0.006459392639167583 0.010193320071281342 -0.01899212981605624 -0.044059642543657913 -0.022603609383030899 0.0045940707918015085 -0.0020177170893965553 0.010176544847174371 -0.016463302143920729 0.0098112975843860171 -0.013980312719462009 0.010177505252515113 -0.00029482084320976959 -0.0058935803670428291 0.0010238442633689929 -0.010550270186550966 0.0046647911674172109 -0.011940543399522947 -0.018280329940571601 -0.013564644957078938 -0.013907468664055822 0.010219249733472888 -0.013286933855160459 0.0068283033245372859 0.00046994323787151042 -0.017116773930673023 0.0099178100371897764 0.0069273716067968739
leaf_weight=6.7113436721265307 3706.0247223796323 10.856577370315792 5.2155403420329121 194.33940357901156 104.85856361687183 22.274427078664303 110.76502037793398 1512.5680102333426 3057.7063968386501 56.033531606197357 29.476540967822075 1842.0167241506279 382.3607954531908 1357.6094379778951 674.06340847350657 668.73762235417962 181.62739832699299 399.99407942593098 237.6819314379245 6.4908061772584924 12.111487835645674 16.079683721065521 34.507172524929047 110.79392225854099 4199.2908191382885 17.957840338349342 28.502491731196642 11.117042064666746 198.28121223300695 9.8260237872600555
leaf_count=206 240033 160 97 10559 471 141 598 24245 40208 1186 145 105812 1619 79237 14838 7594 1099 1933 8540 71 133 83 163 5381 22139 174 260 45 3076 122
internal_value=0 -0.00639079 0.00699227 0.000253104 -0.00130167 -0.00170073 -0.000575304 0.00388798 -0.00273737 -0.000842229 -0.00909393 0.00880281 0.00741045 0.00486879 -0.00255195 -0.0030831 -0.00141789 -0.0123037 0.0057136 0.00780147 -0.00451559 -0.013081 -0.0131176 0.00643077 -0.013207 -0.00680998 -0.00459198 -0.00958811 0.00911975 -0.000578252
internal_weight=0 9959.89 9245.99 1957.98 5656.84 5419.27 4703.31 1534.84 3168.47 1763.64 715.957 7288.01 3581.99 1739.97 1398.83 1342.8 211.104 504.853 364.808 237.566 22.9681 4303.05 4296.34 348.476 4251.76 52.465 44.5822 16.3326 214.598 16.3168
internal_count=570368 95427 474941 48240 72402 68840 65192 24386 40806 37681 3648 426701 186668 80856 23618 22432 1244 2404 14063 3562 293 23025 22819 13921 22476 337 343 142 3269 193
is_linear=0
shrinkage=0.01


Tree=135
num_leaves=31
num_cat=0
split_feature=2 5 12 2 2 4 4 8 14 2 12 8 14 15 4 2 1 1 2 12 4 4 12 4 15 4 5 1 1 1
split_gain=8462.6 751.503 470.978 322.766 415.877 302.168 288.046 228.502 216.856 272.612 216.301 191.055 190.507 187.155 373.084 320.537 176.521 140.604 76.6725 84.5555 70.084 61.8072 273.208 78.1811 61.2838 45.9111 39.7189 37.6683 68.9383 290.628
threshold=3511.5000000000005 3107.0000000000005 1.0174949934843371 84.500000000000014 181.50000000000003 4209.5000000000009 297.50000000000006 1875.0000000000002 5.6223960946237073 263.50000000000006 3.1345410895504946 40.500000000000007 1.7795022112803112 2.9876049790630992 54.500000000000007 662.50000000000011 1900371961397.0002 1632570077489.5002 316.50000000000006 1.6938569600502986 252.50000000000003 2472.5000000000005 2.8416269947219686 2247.5000000000005 4.543167400369188 2014.5000000000002 50.500000000000007 1181289197948.0002 2521344728486.5005 2417604865630.5005
decision_type=2 2 2 2 2 2 2 2 2 2 2 2 2 2 2 2 2 2 2 2 2 2 2 2 2 2 2 2 2 2
left_child=1 5 27 10 6 7 20 11 9 -9 21 -1 -4 15 -15 -6 25 -10 -7 -20 -5 23 -23 -3 -8 -12 -13 -2 29 -29
right_child=2 3 12 4 13 18 24 8 17 -11 16 26 -14 14 -16 -17 -18 -19 19 -21 -22 22 -24 -25 -26 -27 -28 28 -30 -31
leaf_value=-0.014348991796147703 0.0066834644465321993 -0.012878155288457928 0.010149048335310365 0.0085754478848729075 -0.0037219469314006448 -0.031616210539439978 0.0070527748059582172 0.005763519864216006 -0.019899508764561785 -0.002963878837741209 0.007716299828525946 -0.007831772339335092 0.0030020871779541511 -0.024853202074862173 0.0030451416645562073 -0.010635645733948798 -0.011912416598950579 -0.0058072076543214677 -0.012750892379243293 0.0094115764919077572 -0.039712012516906363 -0.012331553852436575 -0.00029919111667257604 -0.022809850605169643 -0.047888648669875675 -0.025121400262404357 0.0089503956762298567 0.0050348401862118312 0.0057056667666585724 -0.0047849027048553336
leaf_weight=42.410890504717827 953.59991964325309 928.1580919995904 3781.4928721571341 3.6272001676261452 1003.4469872377813 19.718253575265408 307.19293703883886 459.8697611708194 79.004086755216122 1614.3038492426276 117.65756167657673 14.763573929667471 413.77639227733016 55.998842135071754 332.86659032851458 2021.5955638661981 90.31531635671854 681.7949610054493 239.44064039736986 18.548505119979382 17.542991995811462 1253.5529118254781 222.1504603587091 86.660558983683586 2.0437401682138434 4.4175246879458419 315.02752690948546 1517.2661610543728 2133.6545644868165 376.10647172108293
leaf_count=181 44208 5097 245482 43 11981 129 6242 9065 420 16517 3095 86 12928 281 3762 12790 642 3932 1339 142 105 6891 2584 387 29 55 9632 67258 97427 7638
internal_value=0 -0.00634469 0.00697562 -0.00836703 -0.006466 -0.00260327 0.00424667 -0.00173678 -0.00270394 -0.00102891 -0.0110005 0.00562985 0.00944415 -0.0075028 -0.000972379 -0.00834228 -0.00131346 -0.0072706 -0.0126101 -0.0111575 -0.0314387 -0.0118266 -0.0105202 -0.0137263 0.00668967 0.006528 0.00819912 0.00489634 0.00447315 0.00308421
internal_weight=0 9932.11 9175.9 6447.23 3744.31 3484.88 330.407 3207.17 2834.97 2074.17 2702.91 372.202 4195.27 3413.91 388.865 3025.04 212.39 760.799 277.707 257.989 21.1702 2490.52 1475.7 1014.82 309.237 122.075 329.791 4980.63 4027.03 1893.37
internal_count=570368 95427 474941 53984 35233 41443 6419 39833 29934 25582 18751 9899 258410 28814 4043 24771 3792 4352 1610 1481 148 14959 9475 5484 6271 3150 9718 216531 172323 74896
is_linear=0
shrinkage=0.01


Tree=136
num_leaves=31
num_cat=0
split_feature=13 3 13 4 5 3 13 15 3 15 14 17 13 13 3 14 4 1 5 4 3 14 4 4 6 7 1 1 1 1
split_gain=8064.38 796.818 595.145 447.091 277.496 275.359 255.367 213.088 209.056 201.957 192.415 444.29 284.538 181.653 327.776 157.674 123.099 112.439 116.137 96.2403 82.5065 80.2327 50.8207 49.6099 48.5191 44.3141 37.4069 68.2352 285.769 103.234
threshold=1.3201124284121852 256.50000000000006 1.0935280532362801 248.50000000000003 778.50000000000011 4630.5000000000009 3.1696996596600253 2.9876049790630992 46.500000000000007 5.3217667867264238 2.9116587207511304 4.5693209168025453 5.0180548448060334 3.4655344199481246 128.50000000000003 1.9784954450991996 284.50000000000006 4202993306407.5005 260.50000000000006 2537.5000000000005 46.500000000000007 2.9676039802706633 54.500000000000007 4756.5000000000009 197.50000000000003 2865.5000000000005 1181289197948.0002 2521344728486.5005 2417604865630.5005 2424655934955.0005
decision_type=2 2 2 2 2 2 2 2 2 2 2 2 2 2 2 2 2 2 2 2 2 2 2 2 2 2 2 2 2 2
left_child=2 4 26 5 8 7 20 -3 -2 -9 11 15 16 19 -15 -5 -12 24 -19 -8 -6 -22 -7 -13 -10 -14 -1 28 -28 -30
right_child=1 3 -4 10 6 22 13 9 17 -11 12 23 25 14 -16 -17 -18 18 -20 -21 21 -23 -24 -25 -26 -27 27 -29 29 -31
leaf_value=0.0066547798716045095 -0.015932792230374124 -0.020578133066738547 0.01014928211835507 -0.0062734944857375389 -0.013551115712765007 -0.026436019195037325 -0.015275752663573085 0.0023425933976711764 0.0042089280921323823 -0.0060530455324896894 -0.042995781867878564 0.0070812601522522505 0.0048565639556077105 0.0081882413754786262 -0.0087592923664360309 -0.010012984723552935 -0.011964873442280656 -0.0082570732245598726 0.0097749223417646722 -0.0045402717864367658 0.00062144866383271344 0.0095509169251060139 0.0048873859747508306 -0.013277608879770329 0.0098874114314684274 -0.0064617083841816336 0.0050060905837749914 0.0056759375018105383 -0.012899358783214835 -0.0013753536872815396
leaf_weight=948.1605276465416 49.130374852567911 54.935063824057579 3746.3189484812319 2390.716087076813 30.164661005139351 53.152053721249104 255.09879297018051 856.1192116625607 275.67420838959515 430.64067382365465 12.875008985400198 224.76545135304332 116.62061185762286 180.108105186373 311.4830581061542 2134.0387825407088 1808.0458792559803 105.16019803285599 54.088784143328667 124.14287578314543 309.7331944797188 149.04395801946521 5.7389405071735373 12.64230567216873 331.30121662840247 49.18068964779377 1510.7526210788637 2123.4333151448518 109.6265240740031 267.20919369161129
leaf_count=44208 324 267 244866 25451 157 360 1939 9471 4604 3680 74 3189 713 4285 2781 16765 10720 511 819 1016 7477 3394 45 68 10564 297 67258 97427 797 6841
internal_value=0 -0.00592589 0.00714101 -0.00736112 -0.000548578 -0.00221956 -0.00331441 -0.00129061 0.00406402 -0.00046718 -0.00842813 -0.00733752 -0.0110423 -0.00656162 -0.00255009 -0.00803717 -0.0121843 0.00534622 -0.00213252 -0.0117615 0.00246906 0.00352238 -0.0233835 0.00599712 0.00730838 0.00149929 0.00486847 0.0044462 0.00306282 -0.00472784
internal_weight=0 10324.6 8705.5 8149.47 2175.13 1400.59 1359.77 1341.69 815.355 1286.76 6748.88 4762.16 1986.72 870.833 491.591 4524.75 1820.92 766.224 159.249 379.242 488.942 458.777 58.891 237.408 606.975 165.801 4959.18 4011.02 1887.59 376.836
internal_count=570368 108971 461397 71100 37871 13823 21049 13418 16822 13151 57277 45473 11804 10021 7066 42216 10794 16498 1330 2955 11028 10871 405 3257 15168 1010 216531 172323 74896 7638
is_linear=0
shrinkage=0.01


Tree=137
num_leaves=31
num_cat=0
split_feature=12 0 0 0 17 12 12 8 17 0 13 12 0 0 8 12 0 0 1 1 0 1 5 0 15 15 12 0 1 0
split_gain=8088.78 3536.3 1084.26 191.649 190.863 477.245 350.692 265.273 197.382 349.818 192.469 186.132 184.357 161.829 159.721 138.07 220.438 1727.43 106.738 92.3162 63.5583 36.485 34.7214 30.7575 19.2352 21.5959 16.7618 10.9199 9.9951 8.50192
threshold=1.0937088826584003 4201048.0000000009 4201072.0000000009 4205705.5000000009 3.8034897267170433 1.8855877148658888 1.7355707354261438 1923.5000000000002 3.9564883558720996 4201072.0000000009 1.7754236602093663 1.0578388900283002 4203788.0000000009 4203788.0000000009 40.500000000000007 1.0174949934843371 4200985.0000000009 4200993.0000000009 2417604865630.5005 2424655934955.0005 4204112.0000000009 4374073345192.5005 50.500000000000007 4204112.0000000009 5.2206801228272122 6.1061444607445221 3.3820560181425772 4204112.0000000009 4205234324575.5005 4200985.0000000009
decision_type=2 2 2 2 2 2 2 2 2 2 2 2 2 2 2 2 2 2 2 2 2 2 2 2 2 2 2 2 2 2
left_child=2 24 15 11 5 6 10 14 13 -10 -3 18 -8 -9 -6 16 -1 28 20 -20 -4 27 -16 -23 26 -26 29 -13 -18 -2
right_child=1 4 3 -5 7 -7 12 8 9 -11 -12 21 -14 -15 22 -17 17 -19 19 -21 -22 23 -24 -25 25 -27 -28 -29 -30 -31
leaf_value=0.0098002406500623373 -0.012629063090667339 -0.00269017383588303 -0.0033733389711816677 0.010185211103631806 -0.013370605016869741 0.0096660314064634274 0.010766710716053634 -0.009271530130091854 0.0092280533828509852 -0.0034781742815556201 0.0046996772904156657 0.010213695663911128 -0.021050089452782986 -0.051305353959535574 -0.0076311695608159849 0.010145503344535439 -0.014248851570747609 0.010173838878706418 -0.01439706026317469 -0.0040410633081403649 0.0030457857870048012 0.01031828546388759 0.0079736576302482706 -0.02881779796756842 0.010924735452852876 -0.033702448196295698 0.0067789253114074422 0.0057002798099436017 -0.0051266256834425284 -0.013528255197189639
leaf_weight=1805.8451794907451 2202.1614721976221 931.86971692368388 283.43373647332191 159.5751397293061 41.467444077134132 520.50733652710915 21.419660188257694 343.96269534528255 234.87958062626421 2795.6008541174233 566.82230373844504 103.40801346115768 121.59375283867121 9.4097836911678296 14.863278716802595 3614.9589701164514 369.55921077728271 1330.4617886655033 102.40770855545998 539.83102038502693 338.42201808281243 3.3183683808892948 350.53283196315169 5.0860156193375587 6.1371204033493987 1.3170702978968618 4.2637548446655265 111.30417833849788 12.414664953947065 2012.4098833166063
leaf_count=105812 12097 13226 3431 9025 175 11829 324 2528 6601 27146 6941 5177 1399 60 86 240391 1568 79237 416 6769 10451 111 10446 111 95 16 71 4233 51 10545
internal_value=0 -0.00601476 0.00708451 -0.000229293 -0.00104847 0.00132239 -0.00132298 -0.00240081 -0.00331809 -0.00249337 0.000104752 -0.00134675 -0.0162848 -0.0103908 0.00522819 0.00877298 0.00736274 0.00479228 -0.00283303 -0.00569237 0.000120033 0.00707395 0.0073389 -0.0133654 -0.01301 0.00303962 -0.0130384 0.007874 -0.0139524 -0.0130584
internal_weight=0 10179.2 8780.03 1646.79 5952.93 2162.21 1641.71 3790.72 3383.85 3030.48 1498.69 1487.21 143.013 353.372 406.864 7133.24 3518.28 1712.44 1264.09 642.239 621.856 223.117 365.396 8.40438 4226.29 7.45419 4218.84 214.712 381.974 4214.57
internal_count=570368 103585 466783 39724 80761 33719 21890 47042 36335 33747 20167 30699 1723 2588 10707 427059 186668 80856 21067 7185 13882 9632 10532 222 22824 111 22713 9410 1619 22642
is_linear=0
shrinkage=0.01


Tree=138
num_leaves=31
num_cat=0
split_feature=2 0 0 0 14 13 15 15 12 2 2 2 0 0 14 1 12 0 7 13 12 12 3 12 3 15 10 2 12 3
split_gain=8086.28 3309.75 1119.54 209.554 204.869 432.496 436.984 428.919 266.667 192.921 167.269 136.875 218.688 1705.7 90.6176 99.0641 75.3793 56.6827 39.4462 38.1479 45.8324 35.7001 24.3745 55.4409 23.7983 23.6955 19.5713 16.2479 13.3682 12.5395
threshold=3511.5000000000005 4200993.0000000009 4201072.0000000009 4205705.5000000009 1.80966411804849 1.7754236602093663 3.6922419901710248 3.8696488910393634 1.8855877148658888 4174.5000000000009 2477.5000000000005 4855.5000000000009 4200985.0000000009 4200993.0000000009 2.3795204768346951 2417604865630.5005 1.1381958684948938 4204916.0000000009 2729.5000000000005 1.3461532835074757 1.1125572557191938 1.1159798465572681 166.50000000000003 1.3826895352780137 4159.5000000000009 5.2206801228272122 553.50000000000011 1354.5000000000002 1.4114136852055832 46.500000000000007
decision_type=2 2 2 2 2 2 2 2 2 2 2 2 2 2 2 2 2 2 2 2 2 2 2 2 2 2 2 2 2 2
left_child=1 21 11 9 19 10 8 -8 -7 18 17 -2 -13 -14 15 -11 -12 -6 26 20 -3 -1 23 -23 -20 -24 -4 28 -21 -25
right_child=2 4 3 -5 5 6 7 -9 -10 14 16 12 13 -15 -16 -17 -18 -19 24 27 -22 22 25 29 -26 -27 -28 -29 -30 -31
leaf_value=0.010343209718537343 0.010141802373693594 0.01082920326463485 0.010456702817247572 0.010188053783396022 -0.01448272790396405 0.00084537971319127519 -0.012299507249046319 -0.0012253779112336893 0.0096152680342090277 -0.00037534491066109395 -0.016125338875148082 0.0097949368168935118 -0.013859683991844934 0.010172079169677852 0.01015078257076538 -0.00582922511481377 0.001052860539500527 -0.0075524306094566654 0.0045447941837453397 -0.011335862084877387 -0.017393999290547947 -0.013871745906242024 -0.013085417848356252 -0.0221359095081834 0.010210758125191262 0.0075382613585391377 -0.015626028787754646 0.0099323872364584318 0.0069820176261030931 0.005757182342081734
leaf_weight=6.5872143432497969 3563.2782150804996 10.689897485077383 3.7320773713290718 189.08801931887865 321.65118063241243 1001.238688159734 400.17136772349477 2775.7193317636847 530.39253640547395 663.92018977738917 29.716909423470497 1788.8399710711092 380.6894808858633 1317.4501811154187 53.595046512782574 668.28057605028152 181.93194736540318 186.41589631140232 243.08459918946028 6.6541803032159814 12.461090140044687 47.089068204164505 4118.5095251351595 1.71943795681 106.65674247965217 5.5785611830651751 12.553541272878645 199.93096552044153 9.9283829033374786 25.725401651114225
leaf_count=206 240033 160 91 10559 1565 12383 3312 37494 12003 14728 145 105812 1619 79237 1148 7561 1099 839 8721 71 133 235 22217 16 5381 76 51 3076 122 275
internal_value=0 -0.00619701 0.006912 0.000186713 -0.00120915 -0.00160871 -0.00050492 -0.00262075 0.00388233 -0.000892811 -0.00882838 0.00876345 0.00735495 0.00478463 -0.00259831 -0.00311121 -0.00135907 -0.0119399 0.00556429 0.00783886 -0.00436202 -0.0129186 -0.0129551 -0.00728746 0.00627268 -0.0130575 -0.00964881 0.00914345 -0.000368503 0.00400966
internal_weight=0 9872.11 8991.17 1940.91 5666.9 5427.24 4707.52 3175.89 1531.63 1751.82 719.716 7050.26 3486.98 1698.14 1385.8 1332.2 211.649 508.067 366.027 239.665 23.151 4205.21 4198.62 74.5339 349.741 4124.09 16.2856 216.514 16.5826 27.4448
internal_count=570368 95427 474941 48240 72402 68840 65192 40806 24386 37681 3648 426701 186668 80856 23437 22289 1244 2404 14244 3562 293 23025 22819 526 14102 22293 142 3269 193 291
is_linear=0
shrinkage=0.01


Tree=139
num_leaves=31
num_cat=0
split_feature=2 0 0 0 14 15 4 12 1 2 2 0 0 4 1 0 7 12 4 2 2 1 1 10 12 14 2 12 2 1
split_gain=7968.62 3278.81 1115.46 207.295 201.76 360.677 309.806 326.051 215.749 189.634 136.193 216.946 1684.3 92.4851 95.2069 86.38 39.2887 35.2107 32.8639 32.1576 28.7328 35.6235 22.8923 19.2001 16.4606 16.3226 16.0794 13.0547 12.6113 9.94165
threshold=3511.5000000000005 4200993.0000000009 4201072.0000000009 4205705.5000000009 1.80966411804849 1.9367270844784239 4824.0000000000009 1.8855877148658888 2241719161008.5005 4171.5000000000009 4855.5000000000009 4200985.0000000009 4200993.0000000009 921.50000000000011 2417604865630.5005 4204916.0000000009 2729.5000000000005 1.1159798465572681 47.500000000000007 878.50000000000011 3092.5000000000005 4205234324575.5005 4374073345192.5005 553.50000000000011 1.1125572557191938 4.2450123703691158 1354.5000000000002 1.4114136852055832 50.500000000000007 4205234324575.5005
decision_type=2 2 2 2 2 2 2 2 2 2 2 2 2 2 2 2 2 2 2 2 2 2 2 2 2 2 2 2 2 2
left_child=1 17 10 9 20 15 8 -8 -7 16 -2 -12 29 -11 -15 -6 23 -1 28 -17 26 24 -18 -4 -22 -20 27 -3 -19 -13
right_child=2 4 3 -5 5 6 7 -9 -10 13 11 12 -14 14 -16 19 22 18 25 -21 21 -23 -24 -25 -26 -27 -28 -29 -30 -31
leaf_value=0.010339679211937011 0.010140147454202861 -0.011122694020851817 0.01045196289954071 0.010186148336055681 -0.018276414690073874 0.00020419621454349803 -0.00157598589140389 0.0096031631780274327 -0.004403583931093611 0.010159328859731025 0.0097896174768693795 -0.014065495940922322 0.010170337485005889 -0.00039783649920017582 -0.0057296225733202144 9.5778413315834266e-05 0.0068118248056588853 0.0078460708172602197 -0.01299355733709281 -0.0098944368827577032 0.010820400145198731 -0.046055414660220888 -0.0079278928263304491 -0.015479488482458876 -0.0052902107557983458 0.0053208024741934539 0.0098954138701817015 0.006951955806001474 -0.0080073734462359786 -0.0049527194170250555
leaf_weight=6.5238861218094817 3528.3959335600957 6.7135895490646371 3.6966098062694099 187.24139842949808 129.67881447076797 1945.7411730904132 532.25924449414015 511.72987673059106 2127.0034350454807 55.008416242897511 1771.9982446487993 367.01664200425148 1304.563583098352 668.07326521538198 671.56004031002522 41.870800286531448 330.06457295268774 9.9539975970983523 4146.237596642226 139.80111673474312 10.592098321765665 1.6998415291309346 10.884316006675361 12.54569725692272 15.805182110518217 4.8721072040498248 193.35735751315951 9.8718857616186142 10.118539199233053 12.375413060188292
leaf_count=206 240033 71 91 10559 527 32912 6018 11831 16742 1186 105812 1568 79237 14838 7594 183 13643 91 22578 627 160 10 278 51 197 94 3002 122 56 51
internal_value=0 -0.00615278 0.00689522 0.000185158 -0.00119712 -0.00159228 -0.000956417 0.00390367 -0.00220223 -0.000883779 0.00875814 0.00734717 0.00477702 -0.00254884 -0.00307067 -0.0120421 0.00561741 -0.012874 -0.0129103 -0.00759194 0.00781389 -0.00168305 0.00634128 -0.00957771 0.00117429 -0.0129721 0.00908489 -0.000364433 -0.000145629 -0.0137682
internal_weight=0 9843.83 8923.42 1939.07 5666.12 5428.08 5116.73 1043.99 4072.74 1751.83 6984.35 3455.95 1683.96 1394.64 1339.63 311.351 357.191 4177.71 4171.18 181.672 238.04 28.0971 340.949 16.2423 26.3973 4151.11 209.943 16.5855 20.0725 379.392
internal_count=570368 95427 474941 48240 72402 68840 67503 17849 49654 37681 426701 186668 80856 23618 22432 1337 14063 23025 22819 810 3562 367 13921 142 357 22672 3195 193 147 1619
is_linear=0
shrinkage=0.01


Tree=140
num_leaves=31
num_cat=0
split_feature=2 0 0 0 14 13 15 4 13 5 2 5 2 0 0 4 13 0 7 13 12 12 4 0 12 5 13 2 12 12
split_gain=7852.74 3247.76 1111.39 205.063 198.708 416.668 422.936 467.208 426.006 190.956 186.384 139.177 135.509 215.209 1663.25 91.0558 68.746 54.4201 38.7085 37.5905 43.736 34.7269 32.8313 21.8234 20.0702 18.375 17.5946 16.1145 12.7507 11.0176
threshold=3511.5000000000005 4200993.0000000009 4201072.0000000009 4205705.5000000009 1.80966411804849 1.7754236602093663 3.6922419901710248 52.500000000000007 2.2688285431649127 853.50000000000011 4171.5000000000009 215.50000000000003 4855.5000000000009 4200985.0000000009 4200993.0000000009 921.50000000000011 1.474926612306996 4204916.0000000009 2729.5000000000005 1.3461532835074757 1.1125572557191938 1.1159798465572681 448.50000000000006 4203566.0000000009 1.3826895352780137 301.50000000000006 3.7159804673141519 1354.5000000000002 1.4114136852055832 1.1159798465572681
decision_type=2 2 2 2 2 2 2 2 2 2 2 2 2 2 2 2 2 2 2 2 2 2 2 2 2 2 2 2 2 2
left_child=1 21 12 10 19 9 7 -7 -8 11 18 -6 -2 -14 -15 -12 -17 -11 25 20 -3 -1 24 -20 -23 -4 -24 28 -21 -22
right_child=2 4 3 -5 5 6 8 -9 -10 17 15 -13 13 14 -16 16 -18 -19 23 27 29 22 26 -25 -26 -27 -28 -29 -30 -31
leaf_value=0.010336185691214446 0.010138506301044976 0.010811696732892593 -0.015123790013271847 0.01018426368268994 -0.02451892927149996 -0.042685928344258224 -0.02160131091366102 0.0045020930458486343 -0.0018615962345465318 -0.014075008448639259 0.010150710593711006 0.0029581766357439461 0.0097842822489598771 -0.013678655964154298 0.010168613820532151 -0.0027887411006642438 -0.023915600605272782 -0.0073771807793963648 0.010206549711405569 -0.010915630905597093 -0.025711521363989007 -0.013389805475561104 -0.012979519540469888 0.004660849617032085 0.00068363796889090724 0.010691796061640215 0.0068534634805887222 0.0099031153805986694 0.0069219082233885352 -0.0070774416804229821
leaf_weight=6.4611445702612391 3493.8503371626139 10.495105069130661 12.674224689602854 185.41245601326227 20.689878180623055 21.279291719198227 113.36552756279707 1501.7826748415828 3070.1229602973908 345.1453562527895 54.507081296294928 169.08488813787699 1755.3184256181121 378.06492365896702 1291.8007747083902 1326.652616398409 15.582928419113157 187.05171573162079 101.14755754359066 6.7722344323992738 6.6126843616366369 15.692942440509794 4095.2775988280773 237.75490013509989 28.602722320705652 3.5237253047525874 4.4779458455741397 196.6274373345077 9.8158732056617737 6.0999816209077835
leaf_count=206 240033 160 56 10559 100 127 598 24259 40208 1672 1186 1037 105812 1619 79237 22174 258 839 5205 71 54 83 22385 8716 260 86 91 3076 122 79
internal_value=0 -0.006109 0.0068784 0.000183615 -0.00118532 -0.00157617 -0.000491089 0.00384281 -0.00256454 -0.00864985 -0.000874839 -3.74691e-05 0.00875286 0.00733944 0.00476949 -0.00251949 -0.00303402 -0.0117209 0.00559419 0.00778908 -0.00429703 -0.0128292 -0.0128653 0.006316 -0.00430226 -0.00950783 -0.0129579 0.00910462 -0.000360417 -0.0167702
internal_weight=0 9815.46 8856.29 1937.26 5664.95 5428.52 4706.55 1523.06 3183.49 721.972 1751.84 189.775 6919.03 3425.18 1669.87 1396.74 1342.24 532.197 355.1 236.423 23.2078 4150.51 4144.05 338.902 44.2957 16.1979 4099.76 213.216 16.5881 12.7127
internal_count=570368 95427 474941 48240 72402 68840 65192 24386 40806 3648 37681 1137 426701 186668 80856 23618 22432 2511 14063 3562 293 23025 22819 13921 343 142 22476 3269 193 133
is_linear=0
shrinkage=0.01


Tree=141
num_leaves=31
num_cat=0
split_feature=2 5 12 2 2 3 4 4 3 14 14 3 6 4 12 2 3 5 3 5 2 3 4 15 2 1 1 1 1 1
split_gain=7738.18 711.458 465.99 309.545 383.976 288.197 283.634 269.197 247.911 677.945 191.647 191.237 288.139 188.748 286.385 158.816 160.711 126.359 77.919 72.9403 70.0063 85.9438 63.2221 57.2375 49.3064 37.0197 67.0293 270.776 96.8368 76.4563
threshold=3511.5000000000005 3107.0000000000005 1.0174949934843371 84.500000000000014 181.50000000000003 155.50000000000003 4209.5000000000009 297.50000000000006 615.50000000000011 2.3795204768346951 1.7795022112803112 139.50000000000003 574.50000000000011 1943.5000000000002 3.0617787435117623 3092.5000000000005 4630.5000000000009 1909.0000000000002 48.500000000000007 215.50000000000003 316.50000000000006 2627.5000000000005 252.50000000000003 4.543167400369188 337.50000000000006 1181289197948.0002 2521344728486.5005 2417604865630.5005 2424655934955.0005 1564759720309.0002
decision_type=2 2 2 2 2 2 2 2 2 2 2 2 2 2 2 2 2 2 2 2 2 2 2 2 2 2 2 2 2 2
left_child=1 6 25 5 7 13 11 22 24 -10 -4 12 18 -3 -15 16 -13 -14 -1 -17 -8 -22 -5 -9 -6 -2 27 29 -29 -27
right_child=2 3 10 4 8 -7 20 23 9 -11 -12 15 17 14 -16 19 -18 -19 -20 -21 21 -23 -24 -25 -26 26 -28 28 -30 -31
leaf_value=-0.018477906058901778 0.0065775603396913433 0.0075658220388748008 0.010139040829296727 0.0085839496621832826 -0.0060802190124281223 -0.012303786709536363 -0.030123567741478841 0.0070035087474833229 -0.0080371039890810257 0.0055897891584482662 0.0029033114821290346 -0.0021102296474064457 0.0096354723928542326 0.0019979473191564815 -0.015252593243833304 -0.022167580906284769 -0.020550696593117333 -0.0015895075137806439 -0.0037184466894133426 -0.0022007590542200499 -0.012523888860633341 0.0095300096717656369 -0.037139431003263827 -0.04464639281232971 -0.013192654099874159 0.00068033189362885977 0.0055841895812476896 -0.012557399512347833 -0.0013673131696431092 0.0061303787805900792
leaf_weight=44.025815963745117 917.25973796099424 112.15343586169183 3565.4795152917504 3.6203713379800346 114.22309522330761 2122.2303954437375 20.344418212771416 300.6569561958313 2139.3094909004867 440.21714910119772 407.92813541553915 2310.6814984977245 398.64996793121099 181.08996604010463 205.38788342475891 61.351696163415909 48.247722633183002 133.99188836663961 190.71162433177233 26.070096671581268 230.31572438031435 19.138649649918079 18.360468685626984 2.160984754562377 664.51028569787741 332.99266462959349 2059.3013400752097 109.36862503178418 264.03007443249226 1133.9225163012743
leaf_count=192 44208 3095 245482 43 1115 12160 129 6242 16488 7559 12928 23628 11844 2372 1124 330 337 2067 1300 135 1336 145 105 29 3652 15531 97427 797 6841 51727
internal_value=0 -0.00606533 0.00686113 -0.00806954 -0.00620026 -0.0106964 -0.00243843 0.00418214 -0.00720441 -0.00571156 0.00939619 -0.00161166 0.00274381 -0.00385527 -0.00716959 -0.0029779 -0.0024874 0.00681171 -0.00648663 -0.0162133 -0.0122866 -0.0108319 -0.0296085 0.00663492 -0.0121494 0.00476998 0.0043448 0.00295793 -0.00464489 0.00489321
internal_weight=0 9787.45 8790.28 6303.92 3683.06 2620.86 3483.53 324.799 3358.26 2579.53 3973.41 3213.73 767.379 498.631 386.478 2446.35 2358.93 532.642 234.737 87.4218 269.799 249.454 21.9808 302.818 778.733 4816.87 3899.62 1840.31 373.399 1466.92
internal_count=570368 95427 474941 53984 35233 18751 41443 6419 28814 24047 258410 39833 15403 6591 3496 24430 23965 13911 1492 465 1610 1481 148 6271 4767 216531 172323 74896 7638 67258
is_linear=0
shrinkage=0.01


Tree=142
num_leaves=31
num_cat=0
split_feature=2 0 0 0 14 13 15 13 12 5 2 2 0 0 5 14 1 0 7 13 12 12 3 12 3 15 10 2 12 12
split_gain=7618.17 3201.27 1108.34 203.365 197.186 402.933 414 411.41 259.542 185.617 183.262 135.632 215.206 1646.24 132.324 86.9249 92.7335 53.5596 37.7521 36.9675 42.3189 34.4102 24.9645 54.4754 23.8981 23.0967 18.5988 15.9302 12.3766 10.4284
threshold=3511.5000000000005 4200993.0000000009 4201072.0000000009 4205705.5000000009 1.80966411804849 1.7754236602093663 3.6922419901710248 2.2688285431649127 1.8855877148658888 853.50000000000011 4174.5000000000009 4855.5000000000009 4200985.0000000009 4200993.0000000009 215.50000000000003 2.3795204768346951 2417604865630.5005 4204916.0000000009 2729.5000000000005 1.3461532835074757 1.1125572557191938 1.1159798465572681 166.50000000000003 1.3826895352780137 4159.5000000000009 5.2206801228272122 556.50000000000011 1354.5000000000002 1.4114136852055832 1.1159798465572681
decision_type=2 2 2 2 2 2 2 2 2 2 2 2 2 2 2 2 2 2 2 2 2 2 2 2 2 2 2 2 2 2
left_child=1 21 11 10 19 9 8 -8 -7 14 18 -2 -13 -14 -6 16 -12 -11 26 20 -3 -1 23 -23 -20 -24 -4 28 -21 -22
right_child=2 4 3 -5 5 6 7 -9 -10 17 15 12 13 -15 -16 -17 -18 -19 24 27 29 22 25 -25 -26 -27 -28 -29 -30 -31
leaf_value=0.010335413799224678 0.010135269030637996 0.010809478906767879 0.0063844600893384253 0.010181519367351224 -0.023636713005889175 0.00085697973421045145 -0.021116083666769168 -0.0018222187149087594 0.0095796729816734014 -0.013830771892117231 -0.00039323598796985244 0.0097760286514980508 -0.013620729417737355 0.010166031046450379 0.0029512070619569183 0.010123591968989444 -0.0056640911231674576 -0.0071981437815994576 0.004441086430745882 -0.010567512500662372 -0.024814061371833424 -0.013671946209560538 -0.012918881640606027 0.0041156570625690827 0.010203335799507187 0.0075105952786564713 -0.016733218102696405 0.0099003064097226579 0.0069267361598158231 -0.0068395354494136373
leaf_weight=6.4472698196768752 3425.7486358610913 10.470350682735445 5.0746293030679253 182.72625795379281 21.049871534109116 1001.6197687238455 114.6410256177187 3073.5839525423944 517.29313040152192 346.53338576853275 662.91298257000744 1729.9130831938237 377.18586464226246 1272.6193465832621 169.00649860501289 52.063226118683815 672.3160961791873 187.69173043966293 238.99381184764206 6.8729662746191034 6.760905019938944 45.967464491724968 4013.9610928595066 27.528099339455366 102.99082975275815 5.5415813326835623 11.075800463557242 196.31292186677456 9.8248423561453819 6.1765166223049164
leaf_count=206 240033 160 97 10559 100 12383 598 40208 12003 1672 14728 105812 1619 79237 1037 1148 7561 839 8721 71 54 235 22217 291 5381 76 45 3076 122 79
internal_value=0 -0.00601712 0.00683686 0.000144213 -0.00114826 -0.0015374 -0.000468999 -0.00251598 0.00382765 -0.008481 -0.000906578 0.00873305 0.00731174 0.0047278 6.43704e-06 -0.00255294 -0.00304722 -0.0115005 0.00547086 0.00779191 -0.0041367 -0.0127487 -0.0127851 -0.00700952 0.00617642 -0.0128907 -0.00946941 0.00910274 -0.000274052 -0.0162328
internal_weight=0 9767.28 8733.62 1928.15 5667.84 5431.42 4707.14 3188.22 1518.91 724.281 1745.43 6805.47 3379.72 1649.81 190.056 1387.29 1335.23 534.225 358.135 236.419 23.4078 4099.45 4093 73.4956 341.985 4019.5 16.1504 213.011 16.6978 12.9374
internal_count=570368 95427 474941 48240 72402 68840 65192 40806 24386 3648 37681 426701 186668 80856 1137 23437 22289 2511 14244 3562 293 23025 22819 526 14102 22293 142 3269 193 133
is_linear=0
shrinkage=0.01


Tree=143
num_leaves=31
num_cat=0
split_feature=2 5 13 2 2 15 3 4 4 8 3 5 13 4 4 8 3 14 6 2 2 2 3 5 1 1 1 1 1 1
split_gain=7507.43 701.129 464.757 305.308 371.405 382.762 284.059 277.187 246.943 215.338 229.697 273.345 192.534 185.596 274.616 180.766 140.948 140.671 134.422 119.803 118.533 65.6047 84.4484 38.0957 36.7154 64.3047 55.7357 119.975 263.965 48.9353
threshold=3511.5000000000005 3107.0000000000005 1.0935280532362801 84.500000000000014 662.50000000000011 2.9876049790630992 155.50000000000003 4209.5000000000009 54.500000000000007 1875.0000000000002 86.500000000000014 853.50000000000011 1.3461532835074757 1943.5000000000002 2537.5000000000005 40.500000000000007 4096.5000000000009 1.8343053871512336 574.50000000000011 181.50000000000003 440.50000000000006 316.50000000000006 2627.5000000000005 50.500000000000007 4187424672483.5005 4205234324575.5005 3155490927897.0005 2417604865630.5005 2424655943147.0005 4205234304898.5005
decision_type=2 2 2 2 2 2 2 2 2 2 2 2 2 2 2 2 2 2 2 2 2 2 2 2 2 2 2 2 2 2
left_child=1 7 24 6 8 17 13 9 20 15 18 -12 -4 -3 -15 -1 -7 -6 -11 -10 -5 -9 -23 -17 26 29 27 -2 -29 -26
right_child=2 3 12 4 5 16 -8 21 19 10 11 -13 -14 14 -16 23 -18 -19 -20 -21 -22 22 -24 -25 25 -27 -28 28 -30 -31
leaf_value=-0.013902117257606397 0.0054934159690693445 0.0075463412690391432 0.010135808719492261 -0.010467298363134137 -0.007493030341177106 -0.013461034738270036 -0.012218001551816932 -0.029252518548355283 0.0040702452847464375 -0.01872913946152362 -0.0024730199456473316 -0.0130780134452685 0.0028536462966769326 -0.015696562191243272 0.001159348089610614 -0.0074156920460622623 0.0061662350940830876 -0.0128476019136469 0.0058001060570414568 -0.002916900882259993 -0.039093033565521067 -0.012421403673047624 0.0095009474476601199 0.0089209214956363064 -0.0004816732450391577 0.0042571730362514684 0.0068077477809300293 -0.0099099461863919134 0.0037408121254243953 -0.017030897667625999
leaf_weight=41.898212425410748 2357.3396979682148 111.54772334732115 3496.0226926328614 35.88317733258009 974.88356792554259 44.185826420783997 2094.0957374572754 20.725953914225101 319.08075907453895 23.698557361960411 2163.5981434322894 273.80440750718117 405.14046184532344 189.40619054436684 197.37597676739097 14.963642701506613 212.77954591438174 987.72212715446949 389.97113359346986 1062.6538019925356 24.234763577580452 227.54970523715019 19.042317904531956 309.80798783153296 48.15995767340064 187.1445915736258 1177.0874155964702 172.29105482250452 796.65311928838491 28.406682727858424
leaf_count=181 111466 3095 245482 166 7620 233 12160 129 6393 101 19563 1373 12928 1020 2476 86 2667 5170 8897 12843 141 1336 145 9632 1092 7359 60035 1053 34910 616
internal_value=0 -0.00597443 0.00681992 -0.0079774 -0.00611821 -0.00868521 -0.0106032 -0.00238014 -0.00216661 -0.00156727 -0.002495 -0.00366433 0.00937955 -0.00381759 -0.00709495 0.00564631 0.00279128 -0.0101878 0.00439486 -0.00130338 -0.0220069 -0.0121647 -0.0107285 0.00816822 0.00472524 0.00109862 0.00493761 0.00427582 0.00131353 -0.00662153
internal_weight=0 9738.91 8668.25 6253.85 3661.42 2219.57 2592.43 3485.06 1441.85 3217.74 2851.07 2437.4 3901.16 498.33 386.782 366.67 256.965 1962.61 413.67 1381.73 60.1179 267.318 246.592 324.772 4767.08 263.711 4503.37 3326.28 968.944 76.5666
internal_count=570368 95427 474941 53984 35233 15690 18751 41443 19543 39833 29934 20936 258410 6591 3496 9899 2900 12790 8998 19236 307 1610 1481 9718 216531 9067 207464 147429 35963 1708
is_linear=0
shrinkage=0.01


Tree=144
num_leaves=31
num_cat=0
split_feature=2 0 0 0 15 13 15 4 15 2 5 2 0 0 5 4 3 0 7 13 12 12 4 3 12 3 2 10 2 12
split_gain=7391.07 3159.22 1104.12 201.419 190.049 376.574 406.304 437.606 401.432 179.974 172.08 135.837 215.325 1629.99 128.623 88.9577 66.4932 61.5492 37.6424 36.4858 40.9903 34.0929 33.4214 28.6949 60.7052 22.9444 21.9036 18.2647 12.1893 9.88962
threshold=3511.5000000000005 4200993.0000000009 4201072.0000000009 4205705.5000000009 1.8964817957666884 1.7754236602093663 3.6922419901710248 54.500000000000007 3.8696488910393634 4171.5000000000009 853.50000000000011 4855.5000000000009 4200985.0000000009 4200993.0000000009 215.50000000000003 921.50000000000011 168.50000000000003 4204916.0000000009 2729.5000000000005 1.3461532835074757 1.1125572557191938 1.1159798465572681 47.500000000000007 166.50000000000003 1.3826895352780137 4159.5000000000009 1354.5000000000002 553.50000000000011 50.500000000000007 1.1159798465572681
decision_type=2 2 2 2 2 2 2 2 2 2 2 2 2 2 2 2 2 2 2 2 2 2 2 2 2 2 2 2 2 2
left_child=1 21 11 9 19 10 7 -7 -8 18 14 -2 -13 -14 -6 -11 -17 -12 27 20 -3 -1 28 24 -24 -20 -21 -4 -23 -22
right_child=2 4 3 -5 5 6 8 -9 -10 15 17 12 13 -15 -16 16 -18 -19 25 26 29 22 23 -25 -26 -27 -28 -29 -30 -31
leaf_value=0.0103344617280841 0.010132087990709185 0.010806837334070086 0.010439418181738712 0.010178738140621644 -0.023158977083801286 -0.037881228198557076 -0.01176284283222598 0.0045091821797223946 -0.0011177374114810202 0.010129592031714421 -0.013540833700535508 0.0097676905070313933 -0.013566769143858673 0.010163478042766695 0.0029472073391566067 -0.014757178977987458 -0.0026225627918559625 -0.0065181723767456356 0.004484561384484634 -0.0048618681592695716 -0.023980232035944408 0.0079590108012722784 -0.013574689232895114 -0.012888593011460708 0.005402296919002997 0.010199313926090438 0.0098966826804287884 -0.015138828155974211 -0.0075819280128930945 -0.0066168865672990929
leaf_weight=6.4301547631621352 3358.9561206093058 10.440823718905451 3.5936992131173637 179.98938532732427 21.245673045516014 24.757225945591927 405.87843007221818 1490.6702396050096 2785.0723781194538 53.276722587645054 348.0195894241333 1704.7425990328193 376.35235552489758 1253.611389964819 168.96169235557318 46.793599762022495 1291.1066848002374 194.5775750502944 230.67421849630773 10.600160554051397 6.9039441123604757 10.010861217975618 45.390631943941116 3950.4538788199425 26.814851734787226 101.02426477894187 195.90778184682131 12.509694203734396 10.178030043840407 6.2497689127922058
leaf_count=206 240033 160 91 10559 100 141 3312 24245 37494 1186 1672 105812 1619 79237 1037 838 21594 915 8540 117 54 91 235 22150 287 5381 3076 51 56 79
internal_value=0 -0.00592712 0.0067956 0.000108481 -0.00110861 -0.00148519 -0.000446924 0.00381666 -0.00247176 -0.00093382 -0.00815337 0.00871269 0.00728297 0.00468426 3.12137e-05 -0.00254236 -0.00304698 -0.0110225 0.00550021 0.00779314 -0.00398736 -0.0126734 -0.01271 -0.0127744 -0.00652723 0.00622508 0.00913912 -0.00943068 0.0001242 -0.0157303
internal_weight=0 9718.56 8612.63 1918.97 5669.29 5439.18 4706.38 1515.43 3190.95 1738.98 732.805 6693.66 3334.71 1629.96 190.207 1391.18 1337.9 542.597 347.802 230.102 23.5945 4049.28 4042.85 4022.66 72.2055 331.698 206.508 16.1034 20.1889 13.1537
internal_count=570368 95427 474941 48240 72402 68916 65192 24386 40806 37681 3724 426701 186668 80856 1137 23618 22432 2587 14063 3486 293 23025 22819 22672 522 13921 3193 142 147 133
is_linear=0
shrinkage=0.01


Tree=145
num_leaves=31
num_cat=0
split_feature=2 0 0 0 14 15 17 12 8 2 2 0 0 14 1 0 7 12 2 2 1 0 10 15 15 12 2 12 12 1
split_gain=7283.51 3130.34 1100.17 199.225 192.574 324.697 273.255 335.522 253.986 176.867 135.149 213.581 1609.71 84.5694 88.7698 83.0247 36.6718 33.6358 31.286 27.4689 31.3406 22.5852 17.9676 17.9167 20.5726 15.7525 15.4866 15.2111 11.9877 9.97048
threshold=3511.5000000000005 4200993.0000000009 4201072.0000000009 4205705.5000000009 1.80966411804849 1.9367270844784239 3.7692897112350514 1.8855877148658888 1923.5000000000002 4174.5000000000009 4855.5000000000009 4200985.0000000009 4200993.0000000009 2.3795204768346951 2417604865630.5005 4204916.0000000009 2729.5000000000005 1.1159798465572681 878.50000000000011 3092.5000000000005 4205234324575.5005 4203566.0000000009 556.50000000000011 5.2206801228272122 6.1061444607445221 3.3820560181425772 1354.5000000000002 1.1125572557191938 1.4114136852055832 4205234324575.5005
decision_type=2 2 2 2 2 2 2 2 2 2 2 2 2 2 2 2 2 2 2 2 2 2 2 2 2 2 2 2 2 2
left_child=1 17 10 9 19 15 7 -7 -8 16 -2 -12 29 14 -11 -6 22 -1 -17 26 27 -18 -4 25 -25 -19 28 -21 -3 -13
right_child=2 4 3 -5 5 6 8 -9 -10 13 11 12 -14 -15 -16 18 21 23 -20 20 -22 -23 -24 24 -26 -27 -28 -29 -30 -31
leaf_value=0.010331024193196387 0.010130518523721307 -0.010154259618251577 0.0063410240495932529 0.010176928957057407 -0.017501575700936915 -0.00098576556606110705 0.005673562016352789 0.0095617312616360899 -0.003035978881255771 -0.00041239336573347345 0.009762284121128088 -0.013780355204476685 0.010161825221254387 0.010104648074629741 -0.0055678616644473664 0.00051221366410103802 0.010196312089122637 -0.012718105040252805 -0.0093000248455198786 0.0107982862927969 -0.041467876628668111 0.0044646112062022769 -0.016488873126200312 0.010912517009787426 -0.03220359109049966 0.0067282200530537784 0.0098587418637444881 -0.0047034941187574812 0.0069547168204641208 -0.0046239555984532331
leaf_weight=6.3682814873754969 3326.0465607494116 6.9961395412683496 5.0114346407353905 178.22997665405273 129.45843021571636 767.74700131639838 370.40821215510368 496.72011570632458 3485.5920927878469 661.83960517682135 1688.7101375516504 362.69493624567986 1241.3386270757765 51.016204856336117 674.22103534638882 42.204516351222992 96.322738088667393 4003.9081908240914 141.24277940392494 10.345080502331262 1.8299660384654988 240.14122449047863 11.045271858572958 5.9837073422968379 1.3577563948929308 4.1699200533330432 189.40507991239429 16.30898442491889 9.8770003840327263 12.295478269457815
leaf_count=206 240033 71 97 10559 527 8397 9971 11831 37304 14728 105812 1568 79237 1148 7561 183 5205 22637 627 160 10 8897 45 95 16 71 3002 197 122 51
internal_value=0 -0.00588532 0.00677817 0.000107598 -0.00109764 -0.00148078 -0.000876476 0.0031576 -0.00219934 -0.000924053 0.00870741 0.00727526 0.00467686 -0.00253152 -0.00301402 -0.0113698 0.0054009 -0.0126329 -0.00704259 0.00776983 -0.00143536 0.00610548 -0.00936347 -0.0126693 0.00293847 -0.0126979 0.00904093 0.00131312 -0.000139208 -0.0134801
internal_weight=0 9689.92 8548.91 1917.83 5668.14 5433.37 5120.47 1264.47 3856 1739.6 6631.09 3305.04 1616.33 1387.08 1336.06 312.906 352.521 4021.79 183.447 234.762 28.484 336.464 16.0567 4015.42 7.34146 4008.08 206.278 26.6541 16.8731 374.99
internal_count=570368 95427 474941 48240 72402 68840 67503 20228 47275 37681 426701 186668 80856 23437 22289 1337 14244 23025 810 3562 367 14102 142 22819 111 22708 3195 357 193 1619
is_linear=0
shrinkage=0.01


Tree=146
num_leaves=31
num_cat=0
split_feature=2 0 0 0 14 15 20 12 3 2 2 0 0 0 0 0 1 7 12 2 2 1 3 12 1 15 10 2 12 12
split_gain=7177.42 3101.27 1095.99 197.06 189.68 318.048 268.188 332.237 232.342 173.81 134.458 211.842 1589.76 81.7536 80.631 129.682 91.3073 36.5349 33.181 30.5651 27.2631 30.0662 25.0823 52.8232 23.3062 22.3741 17.6762 15.4233 15.0051 11.7204
threshold=3511.5000000000005 4200993.0000000009 4201072.0000000009 4205705.5000000009 1.80966411804849 1.9367270844784239 3.9698649853746475 1.8855877148658888 4630.5000000000009 4171.5000000000009 4855.5000000000009 4200985.0000000009 4200993.0000000009 4204916.0000000009 4204808.5000000009 4204112.0000000009 932620487749.50012 2729.5000000000005 1.1159798465572681 878.50000000000011 3092.5000000000005 4205234324575.5005 166.50000000000003 1.3826895352780137 4374073345192.5005 5.2206801228272122 553.50000000000011 1354.5000000000002 1.1125572557191938 1.4114136852055832
decision_type=2 2 2 2 2 2 2 2 2 2 2 2 2 2 2 2 2 2 2 2 2 2 2 2 2 2 2 2 2 2
left_child=1 18 10 9 20 13 7 -7 -8 17 -2 -12 -13 -6 15 -11 -16 26 -1 -15 27 28 23 -20 -19 -24 -4 29 -22 -3
right_child=2 4 3 -5 5 6 8 -9 -10 14 11 12 -14 19 16 -17 -18 24 22 -21 21 -23 25 -25 -26 -27 -28 -29 -30 -31
leaf_value=0.010327622672002178 0.010128962937812106 -0.0099738651446060166 0.010432125309001441 0.010175138782921003 -0.017340077148139118 -0.00097245272778574503 -0.0018620158573073554 0.0095490626916083579 -0.021381372436670421 -0.0031731405824900628 0.0097568597367992203 -0.013395204431913214 0.010160188969295256 0.00050713866425944137 0.0081817760419338002 0.0049994088997602172 -0.0074648023847561475 0.0066622693672181849 -0.01348221323119065 -0.0091896502472366155 0.010789832408667002 -0.040189673391099648 -0.012763392333011277 0.0041293261342064055 -0.0083999940490483115 0.0074703062574287132 -0.014889215053015475 0.009843714111408464 -0.0046392008411590621 0.0069246676267210499
leaf_weight=6.30698238313198 3293.4551311032847 7.0511704236269006 3.5388479046523598 176.48744761571288 129.35800485312939 768.47995750978589 3798.3035980630666 492.42683894187212 61.976402707397938 681.84491470828652 1672.8320510014892 373.60120290517807 1229.1840198207647 42.200611010193825 41.116616155952215 271.46390835009515 401.41470797732472 317.20154208131135 44.822304919362068 141.50846965610981 10.250129971653228 1.8690830171108235 3910.8304883539677 27.466830912977457 10.616694042459129 5.4727154932916156 12.476249828934668 187.80531398579478 16.369350202381611 9.8209438621997833
leaf_count=206 240033 71 91 10559 527 8400 46867 11831 405 9349 105812 1619 79237 183 1193 8980 4096 13643 235 627 160 10 22217 291 278 76 51 3002 197 122
internal_value=0 -0.00584324 0.00676112 0.000106743 -0.00108672 -0.00146567 -0.000867521 0.00313656 -0.0021754 -0.000914681 0.00870216 0.0072676 0.00466954 -0.0112503 -0.00248345 -0.000845928 -0.00601104 0.00545397 -0.0125911 -0.00696216 0.00774521 -0.00142027 -0.0126274 -0.00679057 0.00617446 -0.0127351 -0.00929397 0.00902093 0.00130192 -0.000137544
internal_weight=0 9662.32 8485.23 1916.16 5667.42 5434.25 5121.19 1260.91 3860.28 1739.67 6569.07 3275.62 1602.79 313.067 1395.84 953.309 442.531 343.833 3994.9 183.709 233.166 28.4886 3988.59 72.2891 327.818 3916.3 16.0151 204.677 26.6195 16.8721
internal_count=570368 95427 474941 48240 72402 68840 67503 20231 47272 37681 426701 186668 80856 1337 23618 18329 5289 14063 23025 810 3562 367 22819 526 13921 22293 142 3195 357 193
is_linear=0
shrinkage=0.01


Tree=147
num_leaves=31
num_cat=0
split_feature=2 0 0 0 14 17 4 12 8 2 2 0 0 4 1 0 7 4 12 2 3 12 2 1 3 10 2 12 12 2
split_gain=7073.03 3073.26 1091.62 194.923 186.826 311.574 273.287 310.991 238.418 170.849 133.771 210.113 1570.09 84.2203 86.4661 80.5252 35.4554 33.4082 32.9308 29.8638 28.6659 59.247 27.0582 28.8806 24.2687 17.3771 15.3601 14.8026 11.4606 10.1484
threshold=3511.5000000000005 4200993.0000000009 4201072.0000000009 4205705.5000000009 1.80966411804849 1.9837919607664294 4824.0000000000009 1.8855877148658888 1923.5000000000002 4175.5000000000009 4855.5000000000009 4200985.0000000009 4200993.0000000009 921.50000000000011 2417604865630.5005 4204916.0000000009 2729.5000000000005 49.500000000000007 1.1159798465572681 878.50000000000011 166.50000000000003 1.3826895352780137 3092.5000000000005 4205234324575.5005 4159.5000000000009 556.50000000000011 1354.5000000000002 1.1125572557191938 1.4114136852055832 50.500000000000007
decision_type=2 2 2 2 2 2 2 2 2 2 2 2 2 2 2 2 2 2 2 2 2 2 2 2 2 2 2 2 2 2
left_child=1 17 10 9 22 15 8 -8 -7 16 -2 -12 -13 -11 -15 -6 25 29 -19 -17 21 -20 26 27 -18 -4 28 -24 -3 -1
right_child=2 4 3 -5 5 6 7 -9 -10 13 11 12 -14 14 -16 19 24 18 20 -21 -22 -23 23 -25 -26 -27 -28 -29 -30 -31
leaf_value=0.0066490958535051102 0.010127420859892263 -0.0097982446353375354 0.0063132947401442841 0.010173367014936589 -0.01718242532903852 0.005652222122866821 -0.0015043452432079705 0.0095363760742374799 -0.0027708486074422699 0.010109087532147175 0.0097514162070695565 -0.013311276465391694 0.010158569844285497 -0.00039387960834953272 -0.0054796031568527474 0.00050211353523018113 0.0042859575370570741 0.010324256990107762 -0.013435724432600708 -0.0090811165679682837 -0.012770716285982619 0.0053960184254837054 0.010781472762435167 -0.039000431945699826 0.01019423563466094 -0.016231405818410517 0.0098287044455398712 -0.0045760363438297133 0.0068946327124756639 -0.0071853394765303471
leaf_weight=10.964570388197901 3261.1787019968033 7.1055012345314035 4.9592756964266291 174.76164926309139 129.24001277983189 369.31255246885121 534.41878054663539 488.17244268581271 3730.5761954411864 51.174690213054419 1657.1070001702756 372.20421235263348 1217.1464219037443 661.84877615049481 675.50262299180031 42.196741193532944 236.35084586031735 6.2462519705295554 44.529090717434883 141.76641251146793 3868.9029713124037 26.738157633692026 10.155968237668281 1.9066224694252003 98.494138741865754 11.007309913635252 186.21914277598262 16.429046716541052 9.7653690204024315 10.26799141615629
leaf_count=96 240033 71 97 10559 527 9971 6018 11831 39683 1149 105812 1619 79237 14701 7527 183 8781 206 235 627 22145 286 160 10 5381 45 3002 197 122 57
internal_value=0 -0.00580139 0.00674436 0.000105938 -0.00107581 -0.00145057 -0.000858565 0.00376636 -0.00201211 -0.000905597 0.00869692 0.00725994 0.00466225 -0.00248094 -0.0029627 -0.0111329 0.00532966 -0.0125513 -0.0126186 -0.00688295 -0.012655 -0.0063704 0.00772063 -0.00140542 0.00602387 -0.00922895 0.00900094 0.00129082 -0.000135903 -4.11879e-05
internal_weight=0 9634.91 8421.74 1914.1 5667.26 5435.68 5122.48 1022.59 4099.89 1739.34 6507.64 3246.46 1589.35 1388.53 1337.35 313.203 350.812 3967.65 3946.42 183.963 3940.17 71.2672 231.582 28.4916 334.845 15.9666 203.09 26.585 16.8709 21.2326
internal_count=570368 95427 474941 48240 72402 68840 67503 17849 49654 37681 426701 186668 80856 23377 22228 1337 14304 23025 22872 810 22666 521 3562 367 14162 142 3195 357 193 153
is_linear=0
shrinkage=0.01


Tree=148
num_leaves=31
num_cat=0
split_feature=12 0 0 0 6 3 12 12 13 5 12 12 0 0 3 12 20 16 6 0 0 6 4 5 3 12 3 4 12 17
split_gain=6888.72 3207.78 1045.33 172.807 170.579 192.24 178.518 325.109 397.252 171.487 159.203 133.582 208.392 1550.72 131.209 154.038 128.588 109.292 91.8038 73.2804 137.187 34.5152 33.5173 27.8152 22.1884 46.1581 22.1149 21.7806 19.2213 13.1958
threshold=1.0937088826584003 4201048.0000000009 4201072.0000000009 4205705.5000000009 327.00000000000006 3103.5000000000005 3.3333744316333989 2.9571588198506471 2.3496119563897824 54.500000000000007 1.0578388900283002 1.0174949934843371 4200985.0000000009 4200993.0000000009 160.50000000000003 3.240708797041536 7.9200565504568727 7.6184474304487368 2897.0000000000005 4204808.5000000009 4204112.0000000009 213.50000000000003 448.50000000000006 162.50000000000003 166.50000000000003 2.8416269947219686 4159.5000000000009 4201.5000000000009 1.3826895352780137 2.7738374286007477
decision_type=2 2 2 2 2 2 2 2 2 2 2 2 2 2 2 2 2 2 2 2 2 2 2 2 2 2 2 2 2 2
left_child=2 22 11 10 5 14 7 8 -6 18 19 12 -1 -14 17 -16 -9 -3 -8 20 -4 23 28 -7 25 -24 29 -23 -2 -12
right_child=1 4 3 -5 6 21 9 16 -10 -11 26 -13 13 -15 15 -17 -18 -19 -20 -21 -22 27 24 -25 -26 -27 -28 -29 -30 -31
leaf_value=0.0097459532038628015 -0.013046052252522889 -0.015815546965526658 -0.0036872077740947879 0.010167118390855446 -0.0014024427494717848 -0.010276627795636919 0.0055230601981604071 -0.0084215287000638499 0.0064894980175793848 0.0099770744171260514 -0.00028023562024147872 0.010127868104343605 -0.013228647966696261 0.010156966883668109 0.0067052239027079229 -0.0033710274091047049 0.0098662191344426262 -0.0042643842076148788 -0.0086424472659931972 -0.0058920555371910254 0.0049841768133545104 0.005416873058222047 -0.01318765921681451 -0.028620299829925436 -0.012740732536845874 0.0068863535827431918 0.010197899981994878 -0.017731479604065375 0.00097856173561258948 0.0067804600088522031
leaf_weight=1641.5335428416729 14.854473650455473 125.87685722112656 559.52254243940115 144.47639247775078 2649.0195888085291 10.446947030723093 84.827256456017494 600.07785433344543 840.0953969322145 322.72049957700074 47.305606184527278 3244.538787195459 370.79086947441101 1205.2248356370255 195.03018787689507 683.11764688789845 41.08083132468164 234.50898474268615 99.314888566732407 444.16624195501208 270.72228011488914 6.8978749960660961 32.131254121661186 39.60130263864994 3841.3944566398859 17.800298277288675 100.44913101755083 9.8963358998298627 28.563765853643417 60.093499826267362
leaf_count=105812 83 533 6798 9025 33602 70 625 5493 15901 9885 1808 240391 1619 79237 3759 7031 1336 1646 549 5289 8980 42 163 227 22144 174 5464 62 260 2360
internal_value=0 -0.00555372 0.00689243 -0.000272519 -0.000916511 -0.00410978 -1.75911e-05 -0.000704932 0.000497748 0.00558334 -0.00129007 0.0086961 0.00725231 0.00465501 -0.00321827 -0.00113317 -0.00724978 -0.00829902 -0.00211694 -0.0026136 -0.000859684 -0.0206287 -0.0125572 -0.0247913 -0.0126546 -0.00603139 0.00682505 -0.00822377 -0.00381961 0.00367047
internal_weight=0 9877.26 8088.82 1626.74 5942.51 1305.38 4637.14 4130.27 3489.11 506.863 1482.26 6462.09 3217.55 1576.02 1238.53 878.148 641.159 360.386 184.142 1274.41 830.245 66.8425 3934.74 50.0482 3891.33 49.9316 207.848 16.7942 43.4182 107.399
internal_count=570368 103585 466783 39724 80761 13370 67391 56332 49503 11059 30699 427059 186668 80856 12969 10790 6829 2179 1174 21067 15778 401 22824 297 22481 337 9632 104 343 4168
is_linear=0
shrinkage=0.01


Tree=149
num_leaves=31
num_cat=0
split_feature=2 0 0 0 14 16 4 12 8 2 2 0 0 4 0 3 7 4 12 2 2 3 12 12 3 12 12 5 2 12
split_gain=6871.24 3016.88 1082.5 190.942 183.953 304.863 266.439 306.68 232.27 165.429 132.398 206.679 1531.64 84.6502 79.3939 63.8808 35.4589 33.0073 32.1534 29.1732 26.9588 22.9832 22.8407 24.3269 21.9511 45.5003 18.9971 16.7496 15.2771 11.1957
threshold=3511.5000000000005 4200993.0000000009 4201072.0000000009 4205705.5000000009 1.80966411804849 1.9678466221769229 4824.0000000000009 1.8855877148658888 1923.5000000000002 4171.5000000000009 4855.5000000000009 4200985.0000000009 4200993.0000000009 921.50000000000011 4204916.0000000009 168.50000000000003 2729.5000000000005 448.50000000000006 1.1159798465572681 878.50000000000011 3092.5000000000005 4159.5000000000009 1.1125572557191938 1.1159798465572681 166.50000000000003 2.8416269947219686 1.3826895352780137 301.50000000000006 1354.5000000000002 1.4114136852055832
decision_type=2 2 2 2 2 2 2 2 2 2 2 2 2 2 2 2 2 2 2 2 2 2 2 2 2 2 2 2 2 2
left_child=1 17 10 9 20 14 8 -8 -7 16 -2 -12 -13 -11 -6 -15 27 26 -19 -16 28 -18 -22 -24 25 -20 -1 -4 29 -3
right_child=2 4 3 -5 5 6 7 -9 -10 13 11 12 -14 15 19 -17 21 18 24 -21 22 -23 23 -25 -26 -27 -28 -29 -30 -31
leaf_value=-0.013006571474733775 0.010124375752698292 -0.0096028549542547456 -0.014486253602201338 0.010170293391913568 -0.01701601208546076 0.0056187284497634035 -0.001471991761585678 0.0095195060203465617 -0.0027231127914349347 0.010108899087923956 0.0097404704656973325 -0.013147281707128707 0.010155380796851575 -0.014246003525446785 0.00051103453002990685 -0.0024659413702885708 0.0043628601493721098 0.010317694163073357 -0.013131521649713649 -0.0089579350346760539 0.010767751343555556 0.010190318864681355 -0.022397696035201833 0.0011544064008384319 -0.012693518683606091 0.0068469237635691172 0.00096921929895934502 0.010706323540376496 0.009815850852701067 0.0068707270888661845
leaf_weight=14.751086130738257 3197.553408398293 7.1668416187167177 12.556458488106726 171.67708039656281 129.09318512678146 366.53553135879338 535.59999373927712 482.55243082344532 3735.8397212475538 52.090845201164484 1626.110238767229 369.36193257570267 1193.4180970806628 47.721453413367271 42.203608289361 1301.5218362677842 226.16216773167253 6.1275891959667197 31.946854084730148 142.0550589710474 9.9833207726478594 96.580208955332637 7.1787880659103402 11.2713314704597 3813.915243819356 17.724161610007286 28.550767686218023 3.3414119519293299 184.87021747604012 9.7214607670903206
leaf_count=83 240033 71 56 10559 527 9971 6018 11831 39683 1186 105812 1619 79237 838 183 21594 8540 206 163 627 160 5381 54 153 22139 174 260 86 3002 122
internal_value=0 -0.00572144 0.00671044 0.000108831 -0.00105642 -0.00142734 -0.000841395 0.00373742 -0.00197779 -0.000883898 0.0086865 0.00724471 0.00464781 -0.00239967 -0.0110023 -0.00288259 0.00538854 -0.012474 -0.0125712 -0.00678911 0.00769945 0.00610672 -0.0014166 -0.00800952 -0.0126075 -0.00600259 -0.00379173 -0.00919128 0.00898416 -0.000120121
internal_weight=0 9577.09 8298.1 1911.65 5664.07 5433.88 5120.53 1018.15 4102.38 1739.97 6386.44 3188.89 1562.78 1401.33 313.352 1349.24 338.64 3913.02 3869.71 184.259 230.192 322.742 28.4334 18.4501 3863.59 49.671 43.3019 15.8979 201.759 16.8883
internal_count=570368 95427 474941 48240 72402 68840 67503 17849 49654 37681 426701 186668 80856 23618 1337 22432 14063 23025 22682 810 3562 13921 367 207 22476 337 343 142 3195 193
is_linear=0
shrinkage=0.01


Tree=150
num_leaves=31
num_cat=0
split_feature=2 0 0 0 14 13 15 4 13 5 2 2 0 0 5 4 1 0 13 12 7 4 12 3 3 12 12 5 2 12
split_gain=6771.12 2989.91 1078.58 188.871 181.199 355.703 379.009 413.271 391.945 168.093 162.598 131.713 204.974 1512.85 124.656 81.4118 83.5854 50.9186 35.4045 36.8961 34.4043 32.8434 31.73 24.1227 21.7762 44.8536 18.7764 16.4431 15.3274 10.9507
threshold=3511.5000000000005 4200993.0000000009 4201072.0000000009 4205705.5000000009 1.80966411804849 1.7754236602093663 3.6922419901710248 54.500000000000007 2.2688285431649127 853.50000000000011 4175.5000000000009 4855.5000000000009 4200985.0000000009 4200993.0000000009 215.50000000000003 921.50000000000011 2417604865630.5005 4204916.0000000009 1.3461532835074757 1.1125572557191938 2729.5000000000005 448.50000000000006 1.1159798465572681 4159.5000000000009 166.50000000000003 2.8416269947219686 1.3826895352780137 301.50000000000006 1354.5000000000002 1.4114136852055832
decision_type=2 2 2 2 2 2 2 2 2 2 2 2 2 2 2 2 2 2 2 2 2 2 2 2 2 2 2 2 2 2
left_child=1 21 11 10 18 9 7 -7 -8 14 20 -2 -13 -14 -6 -12 -17 -11 19 -3 27 26 -23 -22 25 -24 -1 -4 29 -20
right_child=2 4 3 -5 5 6 8 -9 -10 17 15 12 13 -15 -16 16 -18 -19 28 -21 23 22 24 -25 -26 -27 -28 -29 -30 -31
leaf_value=-0.01296772027100041 0.010122872979215105 0.010759644276034416 -0.014356803114758296 0.010168571175334769 -0.02253631651906645 -0.036137520228318898 -0.020330938949843957 0.0044369886271234471 -0.0016659403101385436 -0.013026734370485377 0.010093071687615498 0.0097349673844344016 -0.013067142601225077 0.010153810781477056 0.003021076560064197 -0.00034197575061005242 -0.0053289481763222381 -0.0065915275463211929 -0.0094368655235339237 -0.014609495080945823 0.0042282827776330542 0.01031443386608597 -0.013076154870698874 0.010188390588674068 -0.012655871162122696 0.0068076335652511146 0.00095996223969850591 0.010700618833566707 0.0098267394757125121 0.0068407171797631892
leaf_weight=14.647845789790152 3166.2047673724592 9.8913950584828871 12.543045759201048 169.99750700313598 21.50116640329361 25.538259834051132 116.7575029656291 1473.5317206047475 3088.3991961125284 349.46177780628204 50.309974584728479 1610.8356995796785 367.91815321147442 1181.7251532645896 169.79051826149225 664.67864282615483 679.85489623621106 189.70235307514668 7.2197049781680116 13.635870918631552 234.20567380450666 6.0685267113149157 31.762227401137352 95.63722662627697 3787.1422082334757 17.648572072386742 28.537895165383816 3.3099190816283217 188.21240122243762 9.6667424589395523
leaf_count=83 240033 160 56 10559 100 141 598 24245 40208 1672 1149 105812 1619 79237 1037 14701 7527 839 71 133 8781 206 163 5381 22139 174 260 86 3076 122
internal_value=0 -0.00568096 0.00669281 0.000107936 -0.00104592 -0.0014128 -0.000404684 0.00374576 -0.00234587 -0.00790517 -0.000874681 0.00868131 0.00723713 0.00464066 0.000148428 -0.00239628 -0.00286361 -0.0107625 0.00767509 -0.00394373 0.00526479 -0.0124362 -0.0125337 0.0059564 -0.0125698 -0.00597405 -0.00376406 -0.0091251 0.0090079 -0.000118671
internal_weight=0 9549.12 8237.22 1910.54 5663.31 5434.68 4704.23 1499.07 3205.16 730.456 1740.54 6326.68 3160.48 1549.64 191.292 1394.84 1344.53 539.164 228.626 23.5273 345.696 3885.81 3842.62 329.843 3836.55 49.4108 43.1857 15.853 205.099 16.8864
internal_count=570368 95427 474941 48240 72402 68840 65192 24386 40806 3648 37681 426701 186668 80856 1137 23377 22228 2511 3562 293 14304 23025 22682 14162 22476 337 343 142 3269 193
is_linear=0
shrinkage=0.01


Tree=151
num_leaves=31
num_cat=0
split_feature=12 0 0 1 1 1 1 1 0 20 12 15 12 0 0 1 1 3 1 1 12 12 12 15 0 1 4 0 3 12
split_gain=6596.46 3118.85 1032.57 170.661 235.704 446.406 212.604 169.882 166.859 154.57 151.181 150.716 131.515 203.278 1494.33 106.441 154.581 89.3308 85.3874 87.1926 77.9005 83.4902 76.9596 73.7427 60.6833 37.2723 33.0191 28.7786 21.6634 44.2177
threshold=1.0937088826584003 4201048.0000000009 4201072.0000000009 2241719161008.5005 1581613327004.0002 1478970866856.5002 2424655934955.0005 2424655951016.5005 4205705.5000000009 5.9279767776942593 1.0578388900283002 3.4144128872897697 1.0174949934843371 4200985.0000000009 4200993.0000000009 1836311521521.5002 1878247533774.0002 144.50000000000003 2417604865630.5005 2424655934955.0005 3.0255552019457324 4.5914784098466539 1.1104125616508325 1.9567528927479276 4204112.0000000009 4374073345192.5005 448.50000000000006 4204112.0000000009 166.50000000000003 2.8416269947219686
decision_type=2 2 2 2 2 2 2 2 2 2 2 2 2 2 2 2 2 2 2 2 2 2 2 2 2 2 2 2 2 2
left_child=2 26 12 4 5 17 20 -8 10 -9 18 -7 13 -1 -15 23 -17 -3 24 -20 22 -22 -5 -6 -4 -12 -2 -27 29 -28
right_child=1 3 8 6 15 11 7 9 -10 -11 25 -13 -14 14 -16 16 -18 -19 19 -21 21 -23 -24 -25 -26 27 28 -29 -30 -31
leaf_value=0.0097294436860992182 -0.0037365974740379156 0.006428703298166789 -0.0032562174613644246 -0.051214423632367972 -0.0044172684690935542 -0.0021870707319636808 0.0059394665991418351 -0.0006757505427964866 0.010162100741537032 -0.0065541877655856456 0.0076226870888762132 -0.020391339348354489 0.010123304615186577 -0.012988196119282786 0.01015225702737862 -0.0082776322741666755 0.0031519317435526203 -0.00092504405474178692 -0.013527521274292346 -0.0034726200776445653 -0.012277665002583506 0.0013366672969397668 0.00087751535365366022 0.0068248083542301443 0.003010259166552798 0.010286259083441362 -0.013021540870963116 -0.028739856669919812 -0.012627935581020778 0.0067684825780675931
leaf_weight=1595.7085270285606 43.069916293025017 198.99580036848783 285.56963424384594 2.9213011860847464 63.154617641121149 63.877125995233655 281.86855912581086 1620.6826022630557 140.27401588391513 617.82090026885271 195.66589063964784 157.9020096771419 3150.0590841490775 366.46025358140469 1170.1449699578807 151.25601235590875 543.59510295651853 972.38075629062951 102.06508654356003 556.3394254334271 346.45758360251784 51.776278123259544 97.242216458544135 766.64256979897618 336.77695338055491 3.0030794609338027 31.577415481209755 5.0959733538329601 3761.0634594112635 17.573527839034796
leaf_count=105812 343 5934 3431 90 734 1022 2992 19762 9025 4194 9410 1056 240391 1619 79237 1684 8882 13648 416 6769 1453 580 1341 17389 10451 111 163 111 22144 174
internal_value=0 -0.00543746 0.00684278 -0.000890127 0.000834464 -0.00213885 -0.00255704 -0.00137692 -0.000263002 -0.00229818 -0.00124808 -0.0151481 0.00868053 0.00722958 0.00463356 0.00355134 0.000663931 0.000324225 -0.00252097 -0.00503132 -0.00852485 -0.0105076 -0.000641763 0.00596919 0.000134827 0.00675255 -0.0124433 -0.0142692 -0.0125417 -0.00594578
internal_weight=0 9789.86 7907.16 5936.57 2917.8 1393.16 3018.77 2520.37 1624.79 2238.5 1484.52 221.779 6282.37 3132.31 1536.61 1524.65 694.851 1171.38 1280.75 658.405 498.397 398.234 100.164 829.797 622.347 203.765 3853.28 8.09905 3810.21 49.1509
internal_count=570368 103585 466783 80761 50349 21660 30412 26948 39724 23956 30699 2078 427059 186668 80856 28689 10566 19582 21067 7185 3464 2033 1431 18123 13882 9632 22824 222 22481 337
is_linear=0
shrinkage=0.01


Tree=152
num_leaves=31
num_cat=0
split_feature=2 0 0 0 14 13 15 4 13 5 2 2 0 0 5 4 1 0 13 7 4 13 0 3 3 13 13 10 2 14
split_gain=6577.58 2935.53 1069.69 185.013 178.196 348.374 369.676 398.728 379.853 164.035 157.298 130.347 201.589 1476.09 121.332 81.8001 77.3592 49.6575 35.2136 34.3543 32.7142 30.9091 30.0446 22.9805 21.4342 43.5925 18.611 16.8206 15.2612 10.6837
threshold=3511.5000000000005 4200993.0000000009 4201072.0000000009 4205705.5000000009 1.80966411804849 1.7754236602093663 3.6922419901710248 54.500000000000007 2.2688285431649127 853.50000000000011 4171.5000000000009 4855.5000000000009 4200985.0000000009 4200993.0000000009 215.50000000000003 921.50000000000011 2417604865630.5005 4204916.0000000009 1.3461532835074757 2729.5000000000005 448.50000000000006 1.3201124284121852 4204916.0000000009 4159.5000000000009 166.50000000000003 2.9257316291234807 2.2989862069126414 556.50000000000011 1354.5000000000002 1.8022769864374992
decision_type=2 2 2 2 2 2 2 2 2 2 2 2 2 2 2 2 2 2 2 2 2 2 2 2 2 2 2 2 2 2
left_child=1 20 11 10 18 9 7 -7 -8 14 19 -2 -13 -14 -6 -12 -17 -11 22 27 26 -22 -3 -21 25 -23 -1 -4 29 -20
right_child=2 4 3 -5 5 6 8 -9 -10 17 15 12 13 -15 -16 16 -18 -19 28 23 21 24 -24 -25 -26 -27 -28 -29 -30 -31
leaf_value=-0.012918558033524367 0.010119905768283605 0.010667354585594004 0.0063115849763815939 0.010165477623409653 -0.02213161145121036 -0.035072713299228481 -0.019924860434258822 0.0044071724510972229 -0.0016320021941630598 -0.012858431334349286 0.01009234766113448 0.009723898450533312 -0.012910408418570036 0.010150719381619829 0.0029991391612308937 -0.00036938757374114237 -0.0051473473381296788 -0.0065089568240600387 -0.0075194235534042451 0.0042923667678832376 0.01030807421804566 -0.012967659762229423 -0.012684559529944888 0.010185036962279794 -0.012582160768228623 0.0067294698791229212 0.00098647154956311251 -0.015943258991952522 0.0098129136526944275 0.008427990649495733
leaf_weight=14.515043541789053 3104.4093395890668 8.8110068999230862 4.9236463494598857 166.91630939673632 21.666876211762428 26.03526346385479 117.84530863165855 1467.5258367322385 3089.0779337380081 350.33559480309486 51.165420677512884 1580.7273692479357 364.98894871771336 1158.676456480287 169.534194894135 669.37938706018031 686.29237768799067 189.95635262131691 9.045923978090288 223.61336366273463 5.9530981741845599 31.392462015151978 14.704543747007847 94.002743449062109 3733.7622617185116 17.499027576297522 28.57477642968297 10.947501122951506 186.72414683923125 7.8432263210415831
leaf_count=83 240033 152 97 10559 100 141 598 24245 40208 1672 1186 105812 1619 79237 1037 14838 7594 839 94 8540 206 163 141 5381 22139 174 260 45 3076 99
internal_value=0 -0.00560283 0.00665885 0.00010859 -0.00102654 -0.0013894 -0.000390369 0.00371897 -0.00230421 -0.00780903 -0.000855977 0.00867098 0.00722205 0.0046265 0.000151326 -0.00231972 -0.00278817 -0.0106261 0.00765143 0.00531891 -0.0123616 -0.0124602 -0.00393487 0.00603638 -0.012496 -0.00591775 -0.00369751 -0.00903922 0.00898954 -0.000113534
internal_weight=0 9490.8 8116.04 1907.24 5659.11 5431.98 4700.48 1493.56 3206.92 731.493 1740.32 6208.8 3104.39 1523.67 191.201 1406.84 1355.67 540.292 227.129 333.487 3831.7 3788.61 23.5156 317.616 3782.65 48.8915 43.0898 15.8711 203.613 16.8892
internal_count=570368 95427 474941 48240 72402 68840 65192 24386 40806 3648 37681 426701 186668 80856 1137 23618 22432 2511 3562 14063 23025 22682 293 13921 22476 337 343 142 3269 193
is_linear=0
shrinkage=0.01


Tree=153
num_leaves=31
num_cat=0
split_feature=2 0 0 0 1 8 8 14 2 14 2 0 0 4 1 8 20 13 5 7 4 13 5 1 13 5 1 13 20 1
split_gain=6482.13 2909.38 1065.57 183.016 176.29 235.28 199.458 168.994 154.596 145.118 129.666 199.909 1458.12 80.5684 75.4427 55.2729 46.0803 44.5456 35.8667 33.8425 32.5575 30.5056 29.6635 23.0822 18.3959 16.2555 16.0946 16.0633 12.7321 10.2971
threshold=3511.5000000000005 4200993.0000000009 4201072.0000000009 4205705.5000000009 4205234304898.5005 1837.0000000000002 2441.5000000000005 1.7795022112803112 4171.5000000000009 3.2946001893412262 4855.5000000000009 4200985.0000000009 4200993.0000000009 921.50000000000011 2417604865630.5005 2049.5000000000005 3.9934062673467854 1.7754236602093663 172.50000000000003 2729.5000000000005 448.50000000000006 1.3201124284121852 50.500000000000007 4374073345192.5005 2.2989862069126414 301.50000000000006 4223680113635.0005 3.7159804673141519 7.9200565504568727 4205234324575.5005
decision_type=2 2 2 2 2 2 2 2 2 2 2 2 2 2 2 2 2 2 2 2 2 2 2 2 2 2 2 2 2 2
left_child=1 20 10 8 5 22 15 -8 19 17 -2 -12 29 -10 -15 -7 -11 -6 -18 25 24 -22 -3 -21 -1 -4 -19 -23 -24 -13
right_child=2 4 3 -5 9 6 7 -9 13 16 11 12 -14 14 -16 -17 18 26 -20 23 21 27 28 -25 -26 -27 -28 -29 -30 -31
leaf_value=-0.012881097640773966 0.010118440789851879 -0.0060686945125486029 -0.014195623478125632 0.010163805331833546 -0.0059935440905175613 -0.0021281863494224751 0.0087117974965348465 -0.00099545023581968642 0.01008390569214495 -0.021484248332886577 0.0097183315805729736 -0.01314534155393415 0.010149197153099285 -0.00036557486834058408 -0.0050799751330242874 -0.017359361089217699 -0.010832999370716584 -0.0039513902859446733 -0.0052171961017058654 0.0065130175303340964 0.010304915102201818 -0.012482041271352648 -0.01029588272333563 -0.0085412972231965791 0.00097705713437051833 0.010700269328403266 0.0087953231335476095 0.0068698979127517828 0.0092304726214860883 -0.0037426262876918736
leaf_weight=14.412198975682257 3073.9625532440841 13.715099185705183 12.506632402539251 165.28251987695694 35.739394396543503 32.106655575335026 186.88225524872541 4444.2033457253128 50.698511738330126 26.225182250142097 1565.8908644672483 351.45883107185364 1147.3186151515692 669.59609528444707 688.42942379042506 92.37576074898243 214.34516523033381 11.326416872441767 242.27559223398566 305.25639958679676 5.8956615217030039 3751.5198982357979 3.3801830206066361 10.536402536556123 28.561672154814005 3.3186083585023871 78.967493444681168 4.2942158021032801 276.14896825700998 12.046093091368673
leaf_count=83 240033 80 56 10559 240 364 3065 55132 1186 109 105812 1568 79237 14838 7594 418 929 149 1568 13643 206 22385 91 278 260 86 1136 91 9121 51
internal_value=0 -0.00556359 0.00664152 0.000107714 -0.00101644 -0.000403435 -0.000939492 -0.000603725 -0.000847326 -0.00609948 0.00866584 0.00721454 0.00461949 -0.00229339 -0.00275547 -0.0134309 -0.00859369 0.0034561 -0.00785334 0.0052956 -0.0123254 -0.0124242 0.00828985 0.00601073 -0.00367057 -0.00897487 0.00719638 -0.0124599 0.00899435 -0.0128337
internal_weight=0 9462.38 8056.3 1905.62 5657.69 5048.81 4755.57 4631.09 1740.34 608.879 6150.68 3076.71 1510.82 1408.72 1358.03 124.482 482.846 126.033 456.621 331.618 3804.68 3761.71 293.244 315.793 42.9739 15.8252 90.2939 3755.81 279.529 363.505
internal_count=570368 95427 474941 48240 72402 68271 58979 58197 37681 4131 426701 186668 80856 23618 22432 782 2606 1525 2497 14063 23025 22682 9292 13921 343 142 1285 22476 9212 1619
is_linear=0
shrinkage=0.01


Tree=154
num_leaves=31
num_cat=0
split_feature=2 0 0 0 14 13 15 15 12 5 2 2 0 0 5 14 1 0 13 12 3 12 3 12 5 15 2 3 12 1
split_gain=6387.73 2883.44 1061.46 181.042 173.119 340.846 361.245 373.617 244.495 160.066 151.945 128.984 198.234 1440.42 118.072 76.7144 74.8267 48.3842 35.0546 35.0845 31.7289 29.8429 24.165 48.6786 22.7092 21.4591 15.1367 11.9062 10.5231 10.1964
threshold=3511.5000000000005 4200993.0000000009 4201072.0000000009 4205705.5000000009 1.80966411804849 1.7754236602093663 3.6922419901710248 3.8696488910393634 1.8855877148658888 853.50000000000011 4174.5000000000009 4855.5000000000009 4200985.0000000009 4200993.0000000009 215.50000000000003 2.3795204768346951 2417604865630.5005 4204916.0000000009 1.3461532835074757 1.1125572557191938 4159.5000000000009 1.1159798465572681 166.50000000000003 1.3826895352780137 301.50000000000006 5.2206801228272122 1354.5000000000002 46.500000000000007 1.4114136852055832 4205234324575.5005
decision_type=2 2 2 2 2 2 2 2 2 2 2 2 2 2 2 2 2 2 2 2 2 2 2 2 2 2 2 2 2 2
left_child=1 21 11 10 18 9 8 -8 -7 14 20 -2 -13 29 -6 16 -12 -11 19 -3 24 -1 23 -23 -4 -24 28 -25 -20 -14
right_child=2 4 3 -5 5 6 7 -9 -10 17 15 12 13 -15 -16 -17 -18 -19 26 -21 -22 22 25 27 -26 -27 -28 -29 -30 -31
leaf_value=0.010301790126290853 0.010116988782369711 0.010739648744610013 -0.0079585818149360919 0.010162149752861694 -0.021724599630754904 0.00086699899118556126 -0.011135260494220979 -0.00094963286600382242 0.0094969332057039356 -0.012680946669362057 -0.00033682261793285546 0.009712742517623954 -0.013069762164577167 0.010147690400156844 0.0029830529102201297 0.010059967588972747 -0.0050369663069039965 -0.0064199547854392304 -0.0091309226169301906 -0.014143704681440623 0.01018215528778702 -0.013145096339192443 -0.012462499522949968 -0.021097263067365556 0.004131707703824563 0.0074362612375274461 0.0097867655464057967 0.0057729125954610432 0.0067938672770825204 -0.0037084881514680176
leaf_weight=5.838760618120431 3043.8108703335747 9.5866321399807948 16.675510864704847 163.66445244010538 21.834928125143051 1000.7872262522578 413.33312710374594 2797.4243347868323 488.54528660699725 351.38139486312866 665.78651657886803 1551.1976374750957 349.96382239460945 1136.0704243909568 169.3548246845603 48.592948772013187 689.48826954886317 190.26176606118679 7.3187836483120927 13.855972170829771 92.543697502464056 42.591439366340637 3697.1678357571363 1.7643117830157304 227.26913086883724 5.4274670183658591 183.92320813238621 25.24045130237937 9.5823727920651436 12.03546506166458
leaf_count=206 240033 160 211 10559 100 12383 3312 37494 12003 1672 14728 105812 1568 79237 1037 1148 7561 839 71 133 5381 235 22217 16 8652 76 3076 275 122 51
internal_value=0 -0.00552396 0.00662414 0.000106845 -0.00100632 -0.00136174 -0.000372702 -0.00226087 0.00369787 -0.00770501 -0.000838763 0.00866073 0.00720707 0.00461254 0.000161302 -0.00228536 -0.00272799 -0.0104817 0.00760375 -0.00396789 0.00519659 -0.0122886 -0.0123236 -0.0064857 0.00330524 -0.0124333 0.00895453 0.00401739 -0.000102116 -0.0127585
internal_weight=0 9435.22 7997.1 1904.02 5657.19 5432.92 4700.09 3210.76 1489.33 732.833 1740.36 6093.08 3049.27 1498.07 191.19 1403.87 1355.27 541.643 224.267 23.4426 336.488 3778.03 3772.19 69.5962 243.945 3702.6 200.824 27.0048 16.9012 361.999
internal_count=570368 95427 474941 48240 72402 68840 65192 40806 24386 3648 37681 426701 186668 80856 1137 23437 22289 2511 3562 293 14244 23025 22819 526 8863 22293 3269 291 193 1619
is_linear=0
shrinkage=0.01


Tree=155
num_leaves=31
num_cat=0
split_feature=2 0 0 0 1 8 8 15 2 13 2 0 0 0 0 1 8 13 13 5 3 12 5 1 3 12 15 1 20 3
split_gain=6295 2857.7 1057.38 179.09 172.176 232.013 194.947 158.944 149.335 136.574 128.304 196.567 1422.97 73.451 122.892 85.7323 54.0424 44.5243 37.2833 36.0255 30.9364 29.4532 29.3433 28.65 24.0031 48.074 21.1902 21.1373 12.5612 11.591
threshold=3511.5000000000005 4200993.0000000009 4201072.0000000009 4205705.5000000009 4205234304898.5005 1837.0000000000002 2441.5000000000005 1.8964817957666884 4171.5000000000009 3.2700284684009455 4855.5000000000009 4200985.0000000009 4200993.0000000009 4204808.5000000009 4204112.0000000009 932620487749.50012 2049.5000000000005 3.364457487938862 1.7754236602093663 172.50000000000003 4159.5000000000009 1.1159798465572681 50.500000000000007 4374073345192.5005 166.50000000000003 1.3826895352780137 5.2206801228272122 4223680113635.0005 7.9200565504568727 46.500000000000007
decision_type=2 2 2 2 2 2 2 2 2 2 2 2 2 2 2 2 2 2 2 2 2 2 2 2 2 2 2 2 2 2
left_child=1 21 10 8 5 22 16 -8 20 18 -2 -12 -13 14 -10 -15 -7 -11 -6 -19 23 -1 -3 -4 25 -23 -26 -20 -24 -27
right_child=2 4 3 -5 9 6 7 -9 13 17 11 12 -14 15 -16 -17 -18 19 27 -21 -22 24 28 -25 26 29 -28 -29 -30 -31
leaf_value=0.010298697496236204 0.010115548450314515 -0.0059751760308332652 0.0039713214915147064 0.010160511593360642 -0.0058520013052096058 -0.0020923402300178206 0.0079930868100921669 -0.00098857702480345858 -0.0029240288762753951 -0.020391966223989897 0.0097071308019836735 -0.012684380426274938 0.010146199411621161 0.0081793097290588177 0.005009826328244699 -0.00697945367466523 -0.017134965146043301 -0.010740686063817083 -0.0052113980515861129 -0.0050408936348960241 0.010180311791940335 -0.013104136879469288 -0.010078000507080938 -0.015737824607578381 -0.012426698703980546 -0.02062489832155506 0.0074065243047058147 0.0079521311016591337 0.0092188958665627135 0.0057356174991656395
leaf_weight=5.7823911905288687 3013.9513851441443 13.76834788918495 228.76529773883522 162.06196162849665 35.905003845691681 32.18385548517108 206.21239834278822 4424.4596302751452 692.77304737828672 29.71978534758091 1536.6463490985334 360.48193322122097 1124.9308000681922 41.077444348484278 271.84296994283795 406.71798522770405 92.59725134074688 211.31833029538393 14.259958963841198 233.33149570599198 91.639380371198058 42.298790022730827 3.4153475835919371 7.6211768426001063 3670.87286439538 1.7865582853555704 5.3949291668832293 84.378919493407011 274.02479695528746 25.15097863227129
leaf_count=206 240033 80 8515 10559 240 364 3378 54819 9349 176 105812 1619 79237 1193 8980 4096 418 913 164 1471 5381 235 91 167 22217 16 76 1167 9121 275
internal_value=0 -0.00548533 0.00660667 0.000105978 -0.000996451 -0.00039038 -0.000920971 -0.000588607 -0.000830256 -0.00601955 0.00865563 0.00719963 0.00460564 -0.0022419 -0.000688152 -0.0055889 -0.0132551 -0.00854175 0.00287313 -0.0077497 0.00524799 -0.0122529 0.0082742 0.00333589 -0.0122877 -0.00645442 -0.0123976 0.00604911 0.00898135 0.00398733
internal_weight=0 9406.86 7938.51 1902.5 5655.58 5046.66 4755.45 4630.67 1740.44 608.913 6036.01 3022.06 1485.41 1412.41 964.616 447.795 124.781 474.37 134.544 444.65 328.026 3751.29 291.208 236.386 3745.5 69.2363 3676.27 98.6389 277.44 26.9375
internal_count=570368 95427 474941 48240 72402 68271 58979 58197 37681 4131 426701 186668 80856 23618 18329 5289 782 2560 1571 2384 14063 23025 9292 8682 22819 526 22293 1331 9212 291
is_linear=0
shrinkage=0.01


Tree=156
num_leaves=31
num_cat=0
split_feature=2 4 12 13 13 2 2 3 13 4 15 12 3 15 19 12 12 4 4 4 3 4 3 4 4 4 4 7 1 1
split_gain=6203.39 547.034 444.475 415.851 373.116 287.365 427.995 250.008 196.565 194.85 192.073 182.712 153.581 143.299 318.726 186.776 142.492 141.218 121.863 110.82 77.4672 56.7102 45.678 43.5687 36.7156 97.112 75.7502 49.0711 38.9288 36.0453
threshold=3511.5000000000005 258.50000000000006 1.0174949934843371 3.5699340112619766 4.6912353757914458 134.50000000000003 772.50000000000011 4630.5000000000009 1.3461532835074757 297.50000000000006 2.9876049790630992 1.503846501562718 206.50000000000003 5.3217667867264238 7.848071658304538 1.2458435429170043 3.0617787435117623 819.50000000000011 3085.5000000000005 427.50000000000006 287.50000000000006 1203.5000000000002 48.500000000000007 54.500000000000007 921.50000000000011 4824.0000000000009 1044.5000000000002 2729.5000000000005 2241719161008.5005 1181289197948.0002
decision_type=2 2 2 2 2 2 2 2 2 2 2 2 2 2 2 2 2 2 2 2 2 2 2 2 2 2 2 2 2 2
left_child=1 7 29 5 18 12 9 10 -4 -7 -1 -8 16 15 -15 -12 -3 19 20 -6 -5 -19 -20 -9 27 26 -26 -10 -27 -2
right_child=2 3 8 4 17 6 11 23 24 -11 13 -13 -14 14 -16 -17 -18 21 22 -21 -22 -23 -24 -25 25 28 -28 -29 -30 -31
leaf_value=-0.018054448122980647 0.0063615700948431884 0.0009073898368765716 0.010116226949360934 0.0082964585775081989 -0.0052933558752508245 -0.034267802409073567 -0.0069428793470106042 -0.022893828791663646 -0.0089128341248060489 -0.0016392593786962518 -0.0044358008173800076 -0.01301159629676671 -0.01184418504103832 -0.0081722688360832147 0.0057965184645986864 0.0049494574037078562 -0.01031898069819173 -0.015667789081235752 -0.023030390040984158 0.0056571084078997523 -0.010731168675247664 -0.00077315320512879942 0.0067290082390662623 0.0053643056423188489 -0.011449149525271426 0.0049364085599604484 -0.062659870303582735 0.010144363186729679 -0.0032054618098314807 0.0040499105037990054
leaf_weight=57.845471560955048 830.93654643930495 202.02911294996738 3077.0073896944523 395.4205404818058 472.67310084030032 18.522516697645187 1629.2650063745677 57.824642613530159 15.749879546463488 1539.2261818386614 281.29568794369698 713.30098615586758 1834.6662536486983 449.12752030789852 256.70298373699188 861.32111072540283 256.73884300887585 153.51434403657913 19.080421335995201 114.87786500155926 22.620829775929451 30.669243156909943 7.0684425309300414 6.0246354416012755 13.515947535634043 171.38553174957633 3.6734694968909016 95.077473498880863 89.335794756188989 3583.518620826304
leaf_count=267 44208 2531 245482 9953 4138 101 13771 360 142 20166 1528 3979 11695 2460 6847 13410 2225 662 88 685 153 233 130 45 224 6610 62 3380 2510 172323
internal_value=0 -0.00544628 0.00658937 -0.00669154 -0.00134475 -0.00774119 -0.00608948 -0.000762881 0.00926974 -0.00202723 -0.000110935 -0.00879078 -0.0105502 0.000450591 -0.00309197 0.00263894 -0.00537519 -0.00554736 0.00595685 -0.00315232 0.00726685 -0.0131876 -0.014986 -0.0202275 0.00256951 0.000628768 -0.0223932 0.00743611 0.00214661 0.00448504
internal_weight=0 9379.82 7880.2 7409.67 1215.92 6193.75 3900.31 1970.14 3465.75 1557.75 1906.29 2342.57 2293.43 1848.45 705.831 1142.62 458.768 771.735 444.19 587.551 418.041 184.184 26.1489 63.8493 388.738 277.911 17.1894 110.827 260.721 4414.46
internal_count=570368 95427 474941 70510 16042 54468 38017 24917 258410 20267 24512 17750 16451 24245 9307 14938 4756 5718 10324 4823 10106 895 218 405 12928 9406 286 3522 9120 216531
is_linear=0
shrinkage=0.01


Tree=157
num_leaves=31
num_cat=0
split_feature=2 0 0 0 14 16 4 12 8 2 2 0 0 4 0 1 4 7 12 2 2 1 3 3 12 12 10 2 12 14
split_gain=6105.39 2827.35 1055.59 177.666 168.868 278.934 240.915 303.058 214.759 147.322 128.268 196.408 1408.97 76.9165 76.8499 73.2393 32.3316 32.1711 29.4661 28.6459 26.3166 25.413 23.8225 21.2715 41.9983 18.0823 16.2569 14.916 13.5593 10.3801
threshold=3511.5000000000005 4200993.0000000009 4201072.0000000009 4205705.5000000009 1.80966411804849 1.9678466221769229 4824.0000000000009 1.8855877148658888 1923.5000000000002 4174.5000000000009 4855.5000000000009 4200985.0000000009 4200993.0000000009 921.50000000000011 4204916.0000000009 2417604865630.5005 448.50000000000006 2729.5000000000005 1.1159798465572681 878.50000000000011 3092.5000000000005 4205234324575.5005 4159.5000000000009 166.50000000000003 2.8416269947219686 1.3826895352780137 556.50000000000011 1354.5000000000002 1.1125572557191938 1.8022769864374992
decision_type=2 2 2 2 2 2 2 2 2 2 2 2 2 2 2 2 2 2 2 2 2 2 2 2 2 2 2 2 2 2
left_child=1 16 10 9 20 14 8 -8 -7 17 -2 -12 -13 -11 -6 -15 25 26 -18 -16 27 28 -19 24 -20 -1 -4 29 -22 -3
right_child=2 4 3 -5 5 6 7 -9 -10 13 11 12 -14 15 19 -17 18 22 23 -21 21 -23 -24 -25 -26 -27 -28 -29 -30 -31
leaf_value=-0.012784283025205382 0.010112703559376546 -0.0073084433586140234 0.0063313246150760597 0.01015797534215156 -0.01640474283317744 0.005562646751768369 -0.0015161575506969724 0.0094862965478055006 -0.0025230367774762051 0.010057333999050571 0.0096988664278414797 -0.012636797020284193 0.010144072742284647 -0.00035933277647267822 0.00087057111293140478 -0.0050118090208463471 0.010297697127405818 0.0040905305732445744 -0.012769915164972985 -0.0084811069004915775 0.010733958836767001 -0.035626059619701451 0.010176753712114793 -0.012417680240494805 0.006703698205057871 0.0010463232549269041 -0.015623332579417018 0.0097447812691218508 -0.004225693779775835 0.0084024895895074888
leaf_weight=14.139649868011473 2955.0917926579714 9.139269210398199 4.8887467347085467 159.62185912486166 128.34261505305767 359.96551612950861 533.72572468221188 471.52080545201898 3756.3944788649678 48.743681076914072 1515.5769595950842 359.50183241069317 1109.0254491791129 664.43751867674291 42.479649931192398 689.45579497516155 5.764138985425233 226.05136622861028 30.554333433508873 143.0895498842001 9.4988270625472122 2.0190409719943991 89.883853936567903 3608.0700490772724 17.371379729360342 28.520051244646311 10.87628799676895 177.53008883073926 16.730887915939093 7.789623223245143
leaf_count=83 240033 94 97 10559 527 9971 6018 11831 39683 1164 105812 1619 79237 14738 183 7535 206 8721 163 627 160 10 5381 22139 174 260 45 3002 197 99
internal_value=0 -0.00540174 0.00656292 6.22588e-05 -0.000955319 -0.00130501 -0.000744178 0.00364465 -0.00181596 -0.000866913 0.00863592 0.0071735 0.00456722 -0.00228423 -0.0104552 -0.00272856 -0.0121933 0.00512639 -0.0122942 -0.00634036 0.00757935 -0.00143971 0.00582207 -0.0123298 -0.00571142 -0.00353786 -0.00881518 0.00888954 0.00119179 -7.92493e-05
internal_weight=0 9362.65 7833.16 1893.96 5658.23 5435.52 5121.61 1005.25 4116.36 1734.34 5939.2 2984.1 1468.53 1402.64 313.912 1353.89 3704.42 331.7 3661.76 185.569 222.708 28.2488 315.935 3656 47.9257 42.6597 15.765 194.459 26.2297 16.9289
internal_count=570368 95427 474941 48240 72402 68840 67503 17849 49654 37681 426701 186668 80856 23437 1337 22273 23025 14244 22682 810 3562 367 14102 22476 337 343 142 3195 357 193
is_linear=0
shrinkage=0.01


Tree=158
num_leaves=31
num_cat=0
split_feature=2 0 0 0 1 13 13 15 4 13 2 14 2 0 0 14 2 4 1 20 13 4 7 12 0 1 12 1 13 6
split_gain=6016.65 2802.5 1051.4 175.74 167.036 157.064 371.551 247.869 394.587 295.486 144.787 137.709 127.589 194.749 1391.94 104.376 96.2555 76.7917 68.8773 43.7644 41.9378 32.1834 32.0698 29.0866 24.9428 22.5568 17.8742 15.9146 15.3901 13.6852
threshold=3511.5000000000005 4200993.0000000009 4201072.0000000009 4205705.5000000009 4205234304898.5005 1.8107551040761356 1.6694167651246727 3.663363957765823 54.500000000000007 2.2688285431649127 4171.5000000000009 3.2946001893412262 4855.5000000000009 4200985.0000000009 4200993.0000000009 2.5840003636924758 3092.5000000000005 921.50000000000011 2417604865630.5005 3.9934062673467854 1.7754236602093663 448.50000000000006 2729.5000000000005 1.1159798465572681 4205395.0000000009 4374073345192.5005 1.3826895352780137 4223680113635.0005 3.7159804673141519 177.50000000000003
decision_type=2 2 2 2 2 2 2 2 2 2 2 2 2 2 2 2 2 2 2 2 2 2 2 2 2 2 2 2 2 2
left_child=1 21 12 10 5 6 16 8 -7 -9 22 20 -2 -14 -15 -8 -3 -12 -19 -13 -6 26 29 -23 -21 -24 -1 -22 -25 -4
right_child=2 4 3 -5 11 7 15 9 -10 -11 17 19 13 14 -16 -17 -18 18 -20 24 27 23 25 28 -26 -27 -28 -29 -30 -31
leaf_value=-0.012748913234917206 0.010111299761539103 0.0064459781960103562 0.010387754338982645 0.01015637972690219 -0.0056290060709951193 -0.033802098083784315 -0.0072955887834503406 -0.013806727009525264 0.0051033784840259135 -0.00027516011933817177 0.010053625292100844 -0.020834653575357371 0.0096931968495290299 -0.012563981652947212 0.010142618555615943 -0.022974600965317501 -0.006589157235373018 -0.0003913655101675083 -0.0048895767776913372 -0.0054894326914761583 -0.0039298394795923321 0.010294647790533582 0.0064023458275561619 -0.012318125005571348 -0.010185137832465312 -0.0084573553342163297 0.001036361106463653 0.0087509365159215407 0.0068223326250229114 -0.013302981076466503
leaf_weight=14.037600561976431 2926.0923573253676 309.21919459104538 3.0178060792386523 158.05829831212759 36.175424218177795 26.642009124159813 608.57862984389067 172.0353310406208 1211.6905983164907 2604.6538443751633 49.037527993321419 26.38130946457386 1501.3699877168983 357.97714065015316 1098.1470856023952 45.642872616648674 69.355264484882355 668.01708748936653 694.10383681580424 253.03233317285776 11.339857678860424 5.7084667719900599 296.92512719519436 3625.31942255795 204.58249118924141 10.579423649236558 28.506330799311399 77.785861626267433 4.2057205587625495 12.698774494230745
leaf_count=83 240033 3915 84 10559 240 141 2980 1191 21740 37543 1186 109 105812 1619 79237 200 561 14838 7594 1661 149 206 13643 22385 836 278 260 1136 91 58
internal_value=0 -0.00536375 0.00654539 6.17998e-05 -0.000945883 -0.000348888 -0.00382683 0.000545755 0.00426635 -0.00111354 -0.000858144 -0.00589178 0.00863081 0.00716605 0.00456037 -0.00838946 0.00405793 -0.00224093 -0.00268355 -0.00831071 0.00345171 -0.0121593 0.00517899 -0.0122605 -0.00758871 0.00589111 -0.00351216 0.00713751 -0.0122959 -0.00875402
internal_weight=0 9334.89 7776.02 1892.44 5657.12 5047.82 1032.8 4015.02 1238.33 2776.69 1734.38 609.297 5883.59 2957.49 1456.12 654.222 378.574 1411.16 1362.12 483.996 125.301 3677.78 323.221 3635.23 457.615 307.505 42.5439 89.1257 3629.53 15.7166
internal_count=570368 95427 474941 48240 72402 68271 7656 60615 21881 38734 37681 4131 426701 186668 80856 3180 4476 23618 22432 2606 1525 23025 14063 22682 2497 13921 343 1285 22476 142
is_linear=0
shrinkage=0.01


Tree=159
num_leaves=31
num_cat=0
split_feature=12 0 0 1 1 1 1 1 6 0 15 12 12 0 0 1 1 3 12 12 12 1 1 15 0 1 4 0 3 12
split_gain=5874.21 2913.25 1003.6 159.116 229.515 429.037 203.4 165.642 200.714 154.192 139.045 134.581 127.39 193.098 1375.16 103.802 146.695 85.7163 74.7745 79.1136 73.6117 73.2207 86.57 72.3456 58.8538 35.9149 32.3605 25.8734 21.5427 41.4865
threshold=1.0937088826584003 4201048.0000000009 4201072.0000000009 2241719161008.5005 1581613327004.0002 1478970866856.5002 2424655934955.0005 2424655951016.5005 192.50000000000003 4205705.5000000009 3.4144128872897697 1.0578388900283002 1.0174949934843371 4200985.0000000009 4200993.0000000009 1836311521521.5002 1878247533774.0002 144.50000000000003 3.0255552019457324 4.5914784098466539 1.1104125616508325 2417604865630.5005 2424655934955.0005 1.9567528927479276 4204112.0000000009 4374073345192.5005 448.50000000000006 4204112.0000000009 166.50000000000003 2.8416269947219686
decision_type=2 2 2 2 2 2 2 2 2 2 2 2 2 2 2 2 2 2 2 2 2 2 2 2 2 2 2 2 2 2
left_child=2 26 12 4 5 17 18 -8 -9 11 -7 21 13 -1 -15 23 -17 -3 20 -20 -5 24 -23 -6 -4 -13 -2 -27 29 -28
right_child=1 3 9 6 15 10 7 8 -10 -11 -12 25 -14 14 -16 16 -18 -19 19 -21 -22 22 -24 -25 -26 27 28 -29 -30 -31
leaf_value=0.009687502618388846 -0.0034866508411747587 0.0063797992368249861 -0.0032174676053749397 -0.04913966872319625 -0.0043790126533048137 -0.0022108491446399502 0.0059572035644707743 -0.0088894781660228805 -0.0008348302583983387 0.010150269177063905 -0.019734323806174261 0.0074746187858601414 0.010111827098882632 -0.012492157110376939 0.010141179323941887 -0.007949630698897819 0.0031471341531393178 -0.00086309238941291932 -0.011908380638345373 0.0013638704844259788 0.00097449052679855611 -0.013150341891625785 -0.0031338662793427797 0.0068068752462493044 0.0029592159906503298 0.010273901648160329 -0.012671351348528138 -0.02691051822422277 -0.012360618311259383 0.0067232487545026819
leaf_weight=1487.3004371700808 42.428540997207165 196.52354347519577 286.28152783215046 3.022051263600587 62.580363415181637 63.148541271686554 282.34275877103209 370.93843023478985 1864.0435873176903 130.33874467294663 160.03403718583286 185.84483793191612 2911.5700065027922 356.44269676506519 1087.3738753069192 152.75909060239792 541.15178964287043 969.29498901031911 347.05948559567332 51.587745353579521 97.356417331844568 101.77130454778671 567.05666737630963 759.95421641133726 334.52211262471974 2.8803571332246047 30.190649196505547 5.341241791844368 3556.4960855692625 17.37759767845273
leaf_count=105812 343 5934 3431 90 734 1022 2992 1811 22145 9025 1056 9410 240391 1619 79237 1684 8882 13648 1453 580 1341 416 6769 17389 10451 111 163 111 22144 174
internal_value=0 -0.00513728 0.00670206 -0.000807329 0.000862858 -0.00207385 -0.00241611 -0.00125992 -0.00217165 -0.000277959 -0.0147761 -0.00119405 0.00863028 0.00715862 0.00455357 0.00355276 0.000704268 0.000357851 -0.00824845 -0.0101909 -0.000534275 -0.00236237 -0.00465801 0.00595583 0.000110859 0.00656979 -0.012169 -0.0138833 -0.0122712 -0.00558613
internal_weight=0 9568.29 7456.72 5921.8 2905.45 1389 3016.35 2517.32 2234.98 1614.04 223.183 1483.7 5842.69 2931.12 1443.82 1516.45 693.911 1165.82 499.026 398.647 100.378 1289.63 668.828 822.535 620.804 194.066 3646.49 8.2216 3604.06 47.5682
internal_count=570368 103585 466783 80761 50349 21660 30412 26948 23956 39724 2078 30699 427059 186668 80856 28689 10566 19582 3464 2033 1431 21067 7185 18123 13882 9632 22824 222 22481 337
is_linear=0
shrinkage=0.01


Tree=160
num_leaves=31
num_cat=0
split_feature=2 0 0 0 14 15 4 12 8 2 2 0 0 0 4 3 4 7 12 2 2 3 3 12 12 12 12 10 2 14
split_gain=5845 2751.59 1042.49 172.154 164.536 270.113 230.784 300.371 209.792 140.066 126.238 191.457 1358.62 75.8277 75.3882 60.185 32.0671 31.5401 28.3475 28.0884 25.8655 23.1194 21.3178 40.9087 20.5728 21.4751 17.7159 16.026 14.9426 10.239
threshold=3511.5000000000005 4200993.0000000009 4201072.0000000009 4205705.5000000009 1.80966411804849 1.9367270844784239 4824.0000000000009 1.8855877148658888 1875.0000000000002 4171.5000000000009 4855.5000000000009 4200985.0000000009 4200993.0000000009 4204916.0000000009 921.50000000000011 168.50000000000003 448.50000000000006 2729.5000000000005 1.1159798465572681 878.50000000000011 3092.5000000000005 4159.5000000000009 166.50000000000003 2.8416269947219686 1.1125572557191938 1.1159798465572681 1.3826895352780137 556.50000000000011 1354.5000000000002 1.8022769864374992
decision_type=2 2 2 2 2 2 2 2 2 2 2 2 2 2 2 2 2 2 2 2 2 2 2 2 2 2 2 2 2 2
left_child=1 16 10 9 20 13 8 -8 -7 17 -2 -12 -13 -6 -11 -16 26 27 -18 -15 28 -19 23 -20 -22 -26 -1 -4 29 -3
right_child=2 4 3 -5 5 6 7 -9 -10 14 11 12 -14 19 15 -17 18 21 22 -21 24 -23 -24 -25 25 -27 -28 -29 -30 -31
leaf_value=-0.012704643888953312 0.010108525045036114 -0.007291122872199826 0.0063395833813068691 0.010153519250923334 -0.016200829303803888 0.0056233820846253229 -0.0015312174272616591 0.0094665050230935185 -0.0024550088200276897 0.01004562675468929 0.0096817840268240835 -0.012421296599441321 0.010139755261379899 0.00093967098979382414 -0.013493481152155496 -0.002222326007336893 0.010288697159903168 0.0040908003566564946 -0.012622197956599728 -0.0083156077509698115 0.010725810346806704 0.010172697368177388 -0.012318020560852396 0.006684229974260175 -0.020463697760539672 0.0012852448753080986 0.0010596832352615538 -0.015457510819668842 0.0097219418242093913 0.0083589001062596945
leaf_weight=13.907953381538389 2868.9296122472733 9.1468921452760714 4.8973176479339591 155.193120139651 127.98433826863766 351.46321168169379 532.86121849343181 465.11206780187786 3766.9281769022346 48.606332067400217 1473.3669586731121 354.8991142064333 1076.7047823164612 42.51427748799324 49.144073754549026 1316.2291582487524 5.5996299050748339 216.60824466682971 30.006061896681786 143.36684916913509 9.3891186155378836 87.852472721599042 3529.7982814460993 17.304615318775177 7.5450906231999406 11.399043772369623 28.53846437856555 10.837600558996199 175.21959043294191 7.6993902176618567
leaf_count=83 240033 94 97 10559 527 9892 6018 11831 39762 1186 105812 1619 79237 183 838 21594 206 8540 163 627 160 5381 22139 174 54 153 260 45 3002 99
internal_value=0 -0.0052912 0.00651078 6.30607e-05 -0.000928739 -0.00127252 -0.000720115 0.00359434 -0.0017656 -0.000839945 0.00862063 0.0071512 0.0045468 -0.0102773 -0.00219235 -0.00262801 -0.0120911 0.00513224 -0.0121935 -0.00619876 0.00754131 0.00584574 -0.0122286 -0.00556057 -0.00137803 -0.00737695 -0.00345032 -0.00867341 0.00885708 -0.000138469
internal_weight=0 9275.78 7663.27 1889.37 5650.63 5430.23 5116.36 997.973 4118.39 1734.18 5773.9 2904.97 1431.6 313.865 1413.98 1365.37 3625.16 320.196 3582.71 185.881 220.399 304.461 3577.11 47.3107 28.3333 18.9441 42.4464 15.7349 192.066 16.8463
internal_count=570368 95427 474941 48240 72402 68840 67503 17849 49654 37681 426701 186668 80856 1337 23618 22432 23025 14063 22682 810 3562 13921 22476 337 367 207 343 142 3195 193
is_linear=0
shrinkage=0.01


Tree=161
num_leaves=31
num_cat=0
split_feature=2 0 0 0 14 13 20 3 2 5 2 2 0 0 5 4 1 12 13 12 4 3 12 5 3 12 12 2 1 12
split_gain=5759.81 2727.58 1038.54 170.29 162.094 313.814 300.283 232.639 213.893 149.815 137.668 125.565 189.824 1342.31 113.872 73.2655 68.0847 47.3215 33.9662 32.5531 31.9249 31.3402 27.9853 21.2166 21.1573 40.3402 17.5129 15.0022 10.4072 10.0577
threshold=3511.5000000000005 4200993.0000000009 4201072.0000000009 4205705.5000000009 1.80966411804849 1.7754236602093663 3.9698649853746475 4811.5000000000009 1354.5000000000002 853.50000000000011 4174.5000000000009 4855.5000000000009 4200985.0000000009 4200993.0000000009 317.50000000000006 921.50000000000011 2417604865630.5005 1.2458435429170043 1.3461532835074757 1.1125572557191938 448.50000000000006 4159.5000000000009 1.1159798465572681 301.50000000000006 166.50000000000003 2.8416269947219686 1.3826895352780137 1354.5000000000002 4205234324575.5005 1.4114136852055832
decision_type=2 2 2 2 2 2 2 2 2 2 2 2 2 2 2 2 2 2 2 2 2 2 2 2 2 2 2 2 2 2
left_child=1 20 11 10 18 9 7 -7 -8 14 21 -2 -13 28 -6 -12 -17 -11 19 -3 26 23 -22 -4 25 -24 -1 29 -14 -20
right_child=2 4 3 -5 5 6 8 -9 -10 17 15 12 13 -15 -16 16 -18 -19 27 -21 22 -23 24 -25 -26 -27 -28 -29 -30 -31
leaf_value=-0.012670500068798069 0.010107155599980393 0.010718198772992953 -0.007789284840790907 0.010151969416601781 -0.011560891552364594 0.0099509113104969335 -0.0025149397249184841 0.00052552303446789985 0.0055882475175149226 -0.015176717406223282 0.010032402556866162 0.0096760400977709809 -0.012671037187933769 0.010138344780346663 0.0052805499255183675 -0.00032498267926488997 -0.0047975192527900876 -0.00832642248358814 -0.0088562209361510002 -0.013335244945307601 0.010285742361031188 0.010170951147871529 -0.012573644560851603 0.0039715109679417182 -0.012285620060866382 0.0066453501253897988 0.0010495999721846334 0.0097355511995287081 -0.0031375802935546073 0.0067108844724096351
leaf_weight=13.806486606597899 2840.766303408891 9.3022636510431784 16.479351699352264 153.6722616860643 57.173409178853035 435.68389233015478 3240.0414154268801 656.3974989131093 362.16084383800626 133.67357638478279 47.437824916094542 1459.5683086840436 341.4989852309227 1066.1389138139784 134.81665591150522 666.27157897129655 695.81904638186097 410.57346311211586 7.4097952246665963 14.238941080868242 5.5454971417784682 86.993185794912279 29.821636810898781 221.69763591326773 3503.8463654965162 17.2321647554636 28.524566140025854 178.52596459165215 11.847965642809866 9.4350497648119926
leaf_count=83 240033 160 211 10559 284 10058 39423 9390 6321 578 1164 105812 1568 79237 853 14738 7535 1933 71 133 206 5381 163 8652 22139 174 260 3076 51 122
internal_value=0 -0.00525404 0.00649269 6.25805e-05 -0.000919579 -0.00125967 -0.000307664 0.00428576 -0.00170026 -0.00732971 -0.000831211 0.00861556 0.00714381 0.00454007 0.000265277 -0.00218429 -0.00260976 -0.0100089 0.00751703 -0.00383057 -0.0120584 0.00503403 -0.0121611 0.00315779 -0.0121962 -0.00553521 -0.00342528 0.00888435 -0.0123514 -0.000136852
internal_weight=0 9248.21 7608.19 1888.37 5649.43 5430.52 4694.28 1092.08 3602.2 736.237 1734.7 5719.82 2879.05 1419.49 191.99 1409.53 1362.09 544.247 218.912 23.5412 3598.78 325.17 3556.45 238.177 3550.9 47.0538 42.3311 195.371 353.347 16.8448
internal_count=570368 95427 474941 48240 72402 68840 65192 19448 45744 3648 37681 426701 186668 80856 1137 23437 22273 2511 3562 293 23025 14244 22682 8863 22476 337 343 3269 1619 193
is_linear=0
shrinkage=0.01


Tree=162
num_leaves=31
num_cat=0
split_feature=2 0 0 0 1 8 6 15 3 2 14 2 0 0 4 1 16 6 14 4 3 12 2 7 3 12 14 0 12 3
split_gain=5676.16 2703.69 1034.42 168.45 160.923 220.782 168.858 245.952 199.918 135.267 132.461 124.892 188.197 1326.24 72.1795 66.4239 41.4487 84.8471 33.5451 31.7851 31.2564 27.6286 24.3949 22.9948 20.9992 39.7808 20.2499 17.813 17.3129 14.3909
threshold=3511.5000000000005 4200993.0000000009 4201072.0000000009 4205705.5000000009 4205234304898.5005 1327.5000000000002 2579.5000000000005 3.8950054854148513 3103.5000000000005 4174.5000000000009 3.2946001893412262 4855.5000000000009 4200985.0000000009 4200993.0000000009 921.50000000000011 2417604865630.5005 4.7321277542704676 4066.0000000000005 1.896216349394136 448.50000000000006 4159.5000000000009 1.1159798465572681 2477.5000000000005 2729.5000000000005 166.50000000000003 2.8416269947219686 3.6403068806323655 4204916.0000000009 1.3826895352780137 311.50000000000006
decision_type=2 2 2 2 2 2 2 2 2 2 2 2 2 2 2 2 2 2 2 2 2 2 2 2 2 2 2 2 2 2
left_child=1 19 11 9 5 29 8 -8 -7 20 18 -2 -13 -14 -11 -16 26 -18 27 28 23 -21 -20 -4 25 -23 -12 -6 -1 -3
right_child=2 4 3 -5 10 6 7 -9 -10 14 16 12 13 -15 15 -17 17 -19 22 21 -22 24 -24 -25 -26 -27 -28 -29 -30 -31
leaf_value=-0.012636876687980676 0.010105796934427414 0.0094795797293702327 -0.008573164521739951 0.010150435084505005 -0.024157428981158531 -0.0028838032391904247 -0.00086695580243641699 0.0061200932397472083 -0.021518940775149074 0.010023997556637194 -0.025581910556794162 0.0096702700230395077 -0.012282727197246624 0.010136949686713094 -0.0003216409444453199 -0.0047358768782471304 -0.007882306128779713 0.010192497297264085 0.0082206197318065825 0.010282819443392046 0.010169223132068892 -0.012525677340390392 -0.0069556841528683648 0.0039642398292574765 -0.012253653767963 0.0066066087042804377 -0.011958112161684185 -0.0026046235175943805 0.0010396083332725242 0.0015449714004924977
leaf_weight=13.705296874046324 2812.8764134217054 232.05583725869656 15.662439949810503 152.16607862431556 4.54554255306721 1392.3410373982042 2709.592526609078 618.876579137519 60.051797933876514 47.00499352067709 12.236014798283575 1445.9032764919102 351.77658239006996 1055.6752145597711 666.46112764067948 697.81698940321803 343.76290029287338 28.093528479337692 83.40928603336215 5.4918715171515933 86.14215116109699 29.637405633926392 12.132376238703726 221.70328795537353 3477.986715644598 17.160244762897491 100.6781223192811 24.521047413349152 28.510802235454321 25.35553090274334
leaf_count=83 240033 8008 142 10559 19 13643 33976 11889 356 1164 52 105812 1619 79237 14738 7535 1705 314 1254 206 5381 163 73 8721 22139 174 535 179 260 399
internal_value=0 -0.00521745 0.00647493 6.21108e-05 -0.000910585 -0.000323531 -0.000809269 0.000432176 -0.00365431 -0.00082278 -0.00576428 0.00861052 0.00713645 0.00453341 -0.00215971 -0.00257949 -0.00812806 -0.00651677 0.00343164 -0.0120261 0.00500948 -0.0121292 0.00629345 0.00313697 -0.0121641 -0.00551005 -0.0134345 -0.00597513 -0.00340041 0.00869801
internal_weight=0 9220.14 7553.19 1886.96 5647.65 5038.27 4780.86 3328.47 1452.39 1734.79 609.379 5666.23 2853.36 1407.45 1411.28 1364.28 484.771 371.856 124.608 3572.49 323.508 3530.28 95.5417 237.366 3524.78 46.7977 112.914 29.0666 42.2161 257.411
internal_count=570368 95427 474941 48240 72402 68271 59864 45865 13999 37681 4131 426701 186668 80856 23437 22273 2606 2019 1525 23025 14244 22682 1327 8863 22476 337 587 198 343 8407
is_linear=0
shrinkage=0.01


Tree=163
num_leaves=31
num_cat=0
split_feature=12 0 0 1 1 1 1 1 6 0 15 12 12 0 0 1 1 3 12 12 15 12 1 1 0 1 4 0 3 12
split_gain=5545.47 2808.41 986.258 153.742 225.499 416.686 197.745 162.908 191.038 147.167 131.859 125.555 124.689 186.583 1310.38 102.778 142.411 82.957 72.1569 76.8013 71.1841 69.3462 68.2752 85.8527 57.5418 35.8094 31.9722 24.6439 20.9054 39.2303
threshold=1.0937088826584003 4201048.0000000009 4201072.0000000009 2241719161008.5005 1581613327004.0002 1478970866856.5002 2424655934955.0005 2424655951016.5005 192.50000000000003 4205705.5000000009 3.4144128872897697 1.0578388900283002 1.0174949934843371 4200985.0000000009 4200993.0000000009 1836311521521.5002 1878247533774.0002 144.50000000000003 3.0255552019457324 4.5914784098466539 1.9567528927479276 1.1104125616508325 2417604865630.5005 2424655934955.0005 4204112.0000000009 4374073345192.5005 448.50000000000006 4204112.0000000009 166.50000000000003 2.8416269947219686
decision_type=2 2 2 2 2 2 2 2 2 2 2 2 2 2 2 2 2 2 2 2 2 2 2 2 2 2 2 2 2 2
left_child=2 26 12 4 5 17 18 -8 -9 11 -7 22 13 -1 -15 20 -17 -3 21 -20 -6 -5 24 -24 -4 -13 -2 -27 29 -28
right_child=1 3 9 6 15 10 7 8 -10 -11 -12 25 -14 14 -16 16 -18 -19 19 -21 -22 -23 23 -25 -26 27 28 -29 -30 -31
leaf_value=0.0096644739600644444 -0.0033757143041841871 0.0063284322975706766 -0.0031408828141774787 -0.046704839680658604 -0.0043137979523458717 -0.0022282816168212793 0.0059469191536484492 -0.0086616837041889848 -0.00081345101594600512 0.010144293216165935 -0.019301526439033392 0.0073955426045810638 0.010106335718422167 -0.01221460301785969 0.010135568697479043 -0.0077906955526212077 0.0031255406236036592 -0.00083239500091315441 -0.011702373069018905 0.0013824909635684098 0.0067889679604780928 0.00097286950367147238 -0.012928652930918912 -0.0029528424301054766 0.0029585613350832751 0.01026295454452193 -0.012478281830870573 -0.026405419828244597 -0.012232111911528367 0.0065680045839108204
leaf_weight=1432.3705058665946 42.101565901190042 194.2162808040157 287.70068079978228 3.1495624911040059 62.524696949869394 62.828208859078586 281.81864251941442 372.19241016358137 1860.7101468136534 125.29974435549229 161.54590999148786 180.96429708693177 2799.0107317864895 350.20902474224567 1045.3127733627334 153.54652318917215 539.10521247424185 968.70339117199183 347.48017692565918 51.506012834608555 755.51831145398319 97.136559821665287 101.5578521490097 573.0748732611537 334.49408273026347 2.7711424324661476 29.4533980935812 5.4131032936275005 3452.8628816008568 17.088853435590863
leaf_count=105812 343 5934 3431 90 734 1022 2992 1811 22145 9025 1056 9410 240391 1619 79237 1684 8882 13648 1453 580 17389 1341 416 6769 10451 111 163 111 22144 174
internal_value=0 -0.00499599 0.00663478 -0.000777455 0.000867116 -0.00204379 -0.00235873 -0.00121741 -0.00212164 -0.000263336 -0.0145208 -0.00114092 0.00861007 0.00712908 0.00452675 0.00354025 0.000705637 0.000363517 -0.00810727 -0.0100132 0.00594036 -0.000524485 -0.00225105 -0.00445458 0.0001382 0.00647023 -0.0120382 -0.0139897 -0.0121424 -0.00548508
internal_weight=0 9453.49 7238.18 5911.98 2897.99 1387.29 3013.99 2514.72 2232.9 1611.28 224.374 1485.98 5626.9 2827.89 1395.52 1510.69 692.652 1162.92 499.272 398.986 818.043 100.286 1296.83 674.633 622.195 189.149 3541.51 8.18425 3499.41 46.5423
internal_count=570368 103585 466783 80761 50349 21660 30412 26948 23956 39724 2078 30699 427059 186668 80856 28689 10566 19582 3464 2033 18123 1431 21067 7185 13882 9632 22824 222 22481 337
is_linear=0
shrinkage=0.01


Tree=164
num_leaves=31
num_cat=0
split_feature=2 0 0 0 14 15 4 12 3 2 2 0 0 0 4 1 4 3 12 12 1 2 1 3 12 12 2 12 1 14
split_gain=5513.62 2655.92 1025.61 165.03 159.413 260.123 221.03 295.756 206.78 130.873 123.556 184.977 1294.75 75.1394 71.8654 60.9261 31.687 30.5033 27.5438 26.9359 25.9459 25.5132 23.5362 20.6897 38.6885 17.16 14.8006 12.6677 10.4429 9.8875
threshold=3511.5000000000005 4200993.0000000009 4201072.0000000009 4205705.5000000009 1.80966411804849 1.9367270844784239 4824.0000000000009 1.8855877148658888 4630.5000000000009 4171.5000000000009 4855.5000000000009 4200985.0000000009 4200993.0000000009 4204916.0000000009 921.50000000000011 2417604865630.5005 448.50000000000006 4159.5000000000009 1.5623053364853321 1.1159798465572681 4374073345192.5005 3092.5000000000005 4205234324575.5005 166.50000000000003 2.8416269947219686 1.3826895352780137 1354.5000000000002 1.1125572557191938 4205234324575.5005 1.8022769864374992
decision_type=2 2 2 2 2 2 2 2 2 2 2 2 2 2 2 2 2 2 2 2 2 2 2 2 2 2 2 2 2 2
left_child=1 16 10 9 21 13 8 -8 -7 17 -2 -12 28 -6 -11 -16 25 20 -15 -18 -4 26 27 24 -21 -1 29 -23 -13 -3
right_child=2 4 3 -5 5 6 7 -9 -10 14 11 12 -14 18 15 -17 19 -19 -20 23 -22 22 -24 -25 -26 -27 -28 -29 -30 -31
leaf_value=-0.012594989795877469 0.010103112190695816 -0.0070713017636573339 0.0037810907245191786 0.010147691355152106 -0.01597876692211684 -0.0014236691252230151 -0.00150966835310187 0.0094443292235277115 -0.019360439737447471 0.010021097154456871 0.009658651537004008 -0.012470697837770954 0.010134201390758213 -0.007653889080391444 -0.00035565008234683378 -0.0045695315594998535 0.010277111968105879 0.010166246997524019 0.0030164319837139952 -0.01243144555750135 -0.014595191823442932 0.010706855423632351 -0.033672259835197844 -0.012190964740146946 0.0065295375886224973 0.0010618408220515454 0.0096946333492634023 -0.0038768570149695413 -0.0028838865114152791 0.0083170056601667205
leaf_weight=13.577446758747099 2757.9016849342734 9.2459387853741664 221.32510406523943 149.40788114350289 127.57339155673981 4054.5144485123456 533.55692814290524 458.11658611893654 65.307037532329559 47.31086160428822 1418.9688093196601 336.87542718648911 1035.0506469104439 157.8058607429266 669.82450691051781 703.45723775029182 5.3870093859732142 84.683862064965069 28.571968391537666 29.269644200801849 7.9597133845090857 9.1509286649525219 2.0878243148326865 3426.5323307514191 17.017988925799727 28.541439261287451 172.51628249511123 17.059805076569319 11.759115770459173 7.6138939335942259
leaf_count=83 240033 94 8515 10559 527 49249 6018 11831 405 1186 105812 1568 79237 683 14838 7594 206 5381 127 163 167 160 10 22139 174 260 3002 197 51 99
internal_value=0 -0.00514594 0.00643994 6.32454e-05 -0.000893778 -0.00123043 -0.000687773 0.00355067 -0.001708 -0.000805387 0.00860043 0.00712173 0.00452012 -0.0100656 -0.00209672 -0.00251419 -0.0119622 0.00503743 -0.00601811 -0.0120666 0.00314315 0.00749726 -0.00135917 -0.0121013 -0.0054603 -0.00334058 0.00882068 0.00121474 -0.0121473 -0.000121948
internal_weight=0 9163.45 7444.52 1883.97 5643.12 5425.45 5111.5 991.674 4119.82 1734.56 5560.56 2802.65 1383.69 313.951 1420.59 1373.28 3520.33 313.969 186.378 3478.21 229.285 217.675 28.2986 3472.82 46.2876 42.1189 189.376 26.2107 348.635 16.8598
internal_count=570368 95427 474941 48240 72402 68840 67503 17849 49654 37681 426701 186668 80856 1337 23618 22432 23025 14063 810 22682 8682 3562 367 22476 337 343 3195 357 1619 193
is_linear=0
shrinkage=0.01


Tree=165
num_leaves=31
num_cat=0
split_feature=2 5 12 2 2 4 4 13 12 8 13 2 8 15 4 2 1 1 6 4 12 4 15 4 6 4 12 4 4 4
split_gain=5433.18 582.329 430.437 255.095 285.179 228.144 227.339 199.763 199.729 174.373 189.74 241.107 169.655 163.02 302.905 242.788 138.432 125.119 59.1292 59.0343 223.085 55.7757 53.2066 51.2461 44.9032 39.5958 37.0085 35.8959 89.0872 67.3043
threshold=3511.5000000000005 3107.0000000000005 1.0174949934843371 84.500000000000014 181.50000000000003 297.50000000000006 4209.5000000000009 1.3461532835074757 3.1345410895504946 1837.0000000000002 4.6912353757914458 263.50000000000006 40.500000000000007 2.9876049790630992 54.500000000000007 662.50000000000011 1900371961397.0002 2424655927106.5005 327.00000000000006 2472.5000000000005 2.8416269947219686 2247.5000000000005 4.543167400369188 252.50000000000003 165.50000000000003 2014.5000000000002 1.6938569600502986 921.50000000000011 4824.0000000000009 1044.5000000000002
decision_type=2 2 2 2 2 2 2 2 2 2 2 2 2 2 2 2 2 2 2 2 2 2 2 2 2 2 2 2 2 2
left_child=1 6 -2 8 5 23 9 -4 19 12 11 -11 -1 15 -15 -6 25 -12 24 21 -21 -3 -7 -5 -8 -10 -20 -9 29 -29
right_child=2 3 7 4 13 22 18 27 16 10 17 -13 -14 14 -16 -17 -18 -19 26 20 -22 -23 -24 -25 -26 -27 -28 28 -30 -31
leaf_value=-0.013468720843952354 0.004316525009635302 -0.011720078691498938 0.010103889536316982 0.0086818701088154961 -0.0029948064633397577 0.006855949576889263 -0.012094383788664335 0.0073237236059393584 0.0077121875007282129 0.005966165709357367 -0.01197889959778136 -0.002220281377344327 0.0081149501685916364 -0.02053704743079425 0.0037601954679748286 -0.0092963865783584829 -0.0106887724091065 -0.0034285654817273266 -0.0084087506707833225 -0.011156891408999128 -5.8964398954584287e-05 -0.020054975068662162 -0.041619321670522381 -0.032002432264019318 -0.027437968626890435 -0.021209264044039746 0.0095154880442563025 -0.010819767982950753 0.001957965162883026 -0.057657393866415094
leaf_weight=41.374135807156563 4196.8023651447147 763.02946705371141 2816.5546622341499 3.6566898711025742 935.24693056941032 276.62565118819475 167.85949222743511 105.15223478060216 116.95439867116511 460.90574721060693 252.9513752758503 1639.4796486198902 304.01998050138354 61.092468447983265 320.38943788036704 1765.7119119726121 75.517563506960869 529.17207872867584 29.745291642844677 1014.9722513854504 220.47308790311217 89.728262096643448 2.2829397022724143 20.193341761827469 21.518253192305565 4.9334685653448096 18.799356065690517 13.890974324196579 254.84221575781703 3.9376623649150124
leaf_count=181 216531 5097 245482 43 11981 6242 1149 3522 3095 9059 1559 16515 9655 281 3762 12790 642 2864 192 6891 2584 387 29 105 128 55 141 224 9120 62
internal_value=0 -0.00510956 0.00642191 -0.00708322 -0.00534046 0.00392071 -0.00188025 0.00918799 -0.00966441 -0.00118492 -0.00198946 -0.000423858 0.00552948 -0.0062501 -0.00013089 -0.00711437 -4.99026e-05 -0.00619388 -0.0113138 -0.0105733 -0.0091764 -0.0125971 0.00645917 -0.0257647 -0.0138378 0.00654158 -0.00146743 0.00236022 0.000446105 -0.0211644
internal_weight=0 9136.63 7391.18 5670.81 3385.2 302.759 3465.83 3194.38 2285.61 3227.9 2882.51 2100.39 345.394 3082.44 381.482 2700.96 197.405 782.123 237.922 2088.2 1235.45 852.758 278.909 23.85 189.378 121.888 48.5446 377.823 272.671 17.8286
internal_count=570368 95427 474941 53984 35233 6419 41443 258410 18751 39833 29997 25574 9836 28814 4043 24771 3792 4423 1610 14959 9475 5484 6271 148 1277 3150 333 12928 9406 286
is_linear=0
shrinkage=0.01


Tree=166
num_leaves=31
num_cat=0
split_feature=2 0 0 0 14 16 4 12 8 2 2 0 0 0 4 1 4 7 12 12 2 3 1 3 12 12 10 2 12 1
split_gain=5347.54 2623.73 1023.79 163.787 158.693 250.798 216.515 290.818 199.128 128.85 123.476 184.762 1282.18 74.5487 70.8 59.6385 31.6837 30.486 26.9229 26.7804 25.0975 22.9377 22.6737 20.4406 38.0513 17.1788 15.9673 14.6097 12.4059 10.3231
threshold=3511.5000000000005 4200993.0000000009 4201072.0000000009 4205705.5000000009 1.80966411804849 1.9678466221769229 4824.0000000000009 1.8855877148658888 1923.5000000000002 4171.5000000000009 4855.5000000000009 4200985.0000000009 4200993.0000000009 4204916.0000000009 921.50000000000011 2417604865630.5005 448.50000000000006 2729.5000000000005 1.5623053364853321 1.1159798465572681 3092.5000000000005 4159.5000000000009 4205234324575.5005 166.50000000000003 2.8416269947219686 1.3826895352780137 553.50000000000011 1354.5000000000002 1.1125572557191938 4205234324575.5005
decision_type=2 2 2 2 2 2 2 2 2 2 2 2 2 2 2 2 2 2 2 2 2 2 2 2 2 2 2 2 2 2
left_child=1 16 10 9 20 13 8 -8 -7 17 -2 -12 29 -6 -11 -16 25 26 -15 -18 27 -19 28 24 -21 -1 -4 -3 -22 -13
right_child=2 4 3 -5 5 6 7 -9 -10 14 11 12 -14 18 15 -17 19 21 -20 23 22 -23 -24 -25 -26 -27 -28 -29 -30 -31
leaf_value=-0.012572164591151482 0.010100469824599509 -2.6999949118906017e-05 0.01042251062052838 0.010145474823503727 -0.015778036280313965 0.005516323342231704 -0.0014522721307683477 0.0094301217485576252 -0.0023437074817702274 0.010006712632367288 0.0096501773875870486 -0.012427376981667813 0.010132275905147958 -0.0074661299731351317 -0.00039092744759343606 -0.0045628902407977966 0.010276840897962086 0.003965325510945506 0.003074837082272608 -0.012369257627364294 0.010705877311679187 0.010162978066877519 -0.032676652566543375 -0.012137491210543333 0.0064955785055621721 0.0011154037476275075 -0.013927048903300151 0.0096940213600142846 -0.0037067936369697685 -0.0028970597117995624
leaf_weight=13.506933286786078 2703.9895544536412 16.982799872756004 3.4502530731260768 147.24883065931499 127.15607094764709 352.4475389495492 535.50732925534248 453.55510401166975 3770.3675533048809 46.565299281850457 1399.8047239435837 335.84273064136505 1020.5887431586161 158.18736591935158 667.81529331766069 703.70824768766761 5.3820130787789813 212.4578767195344 28.613226175308228 29.040479838848114 9.1397164799273067 83.063632381148636 2.1237456500530234 3380.3801114708185 16.92272013053298 28.55324412509799 12.271571934223173 172.45631077513099 17.233138676732779 11.763807758688925
leaf_count=83 240033 193 91 10559 527 9971 6018 11831 39683 1186 105812 1568 79237 683 14838 7594 206 8540 127 163 160 5381 10 22139 174 260 51 3002 197 51
internal_value=0 -0.00506909 0.0063948 2.10788e-05 -0.000860502 -0.00119657 -0.000663757 0.00353808 -0.00167178 -0.000840991 0.00858063 0.00709593 0.00448267 -0.00987187 -0.00211979 -0.0025315 -0.0119067 0.00498546 -0.00585151 -0.0120124 0.00750638 0.00570733 -0.00124323 -0.0120474 -0.00542361 -0.00328013 -0.00858339 0.00882255 0.00128803 -0.0121048
internal_weight=0 9117.56 7348.57 1876.58 5643.77 5425.83 5111.88 989.062 4122.82 1729.33 5471.99 2768 1368.2 313.957 1418.09 1371.52 3473.79 311.243 186.801 3431.73 217.936 295.522 28.4966 3426.34 45.9632 42.0602 15.7218 189.439 26.3729 347.607
internal_count=570368 95427 474941 48240 72402 68840 67503 17849 49654 37681 426701 186668 80856 1337 23618 22432 23025 14063 810 22682 3562 13921 367 22476 337 343 142 3195 357 1619
is_linear=0
shrinkage=0.01


Tree=167
num_leaves=31
num_cat=0
split_feature=14 0 0 0 0 0 15 20 14 14 1 1 5 14 14 0 14 4 4 3 0 14 14 0 1 1 15 6 1 0
split_gain=4161.22 2345.14 911.37 2156.33 907.75 252.854 197.54 238.925 324.297 246.846 198.989 389.269 156.647 118.314 117.89 36.6233 45.8754 30.9102 23.5959 19.6274 33.8082 16.9827 12.209 9.14942 7.61049 7.534 7.1979 6.16432 5.73268 4.58723
threshold=1.7683335247313481 4200993.0000000009 4200985.0000000009 4200993.0000000009 4201072.0000000009 4204916.0000000009 1.9367270844784239 3.9698649853746475 2.3795204768346951 1.9918261613428709 1836311521521.5002 1564759720309.0002 795.50000000000011 1.4904051054322427 1.8343053871512336 4204916.0000000009 1.8659516640948917 448.50000000000006 159.50000000000003 166.50000000000003 4200985.0000000009 3.0508399543714142 1.8150298500602577 4200954.0000000009 3155490927897.0005 4205234304898.5005 3.8135929736245573 4873.0000000000009 4205234304898.5005 4200970.0000000009
decision_type=2 2 2 2 2 2 2 2 2 2 2 2 2 2 2 2 2 2 2 2 2 2 2 2 2 2 2 2 2 2
left_child=2 17 29 -4 -5 13 14 8 9 -8 11 -9 -12 -6 22 -16 -17 21 -10 20 26 -2 -3 -21 -24 27 -19 -23 -7 -1
right_child=1 6 3 4 5 28 7 10 18 -11 12 -13 -14 -15 15 16 -18 19 -20 23 -22 25 24 -25 -26 -27 -28 -29 -30 -31
leaf_value=0.01011043572988579 -0.012540029775440631 0.004515013903634759 -0.012334809501398557 0.010119223246542212 -0.0022189966956135438 0.0091012079007812535 0.001345395287436546 -0.0035110612207992688 0.0049357655779445784 -0.013906551687609426 -0.0018688312856465408 0.0066575936417399744 -0.0074197494011857459 0.010167953495582492 -0.015744007637525752 -0.011395822545043814 0.0030462446813966761 -0.0007046725943099869 0.010191750879190626 0.0050241266990481556 -0.012843929066584736 0.010820951363701592 -0.0064758874272509851 -0.012021519619992068 0.0010042430694991217 -0.0027884090695060419 0.011550615033239389 -0.012289473778826767 0.0027384236132536022 0.0091962103390343716
leaf_weight=2186.1785185653716 13.406632810831068 47.882726967334747 786.92794178426266 2160.8021782394499 1297.6923671849072 276.06177210714668 912.00745053123683 836.73189946450293 106.52887530624866 120.08699340280145 1669.8893648888916 684.38166166469455 730.90328083187342 81.980754762887955 124.40528693795204 95.313490390777588 28.593077078461647 11.208045169711115 430.92752011120319 3.1523606870323411 26.129973575472832 9.087041899561882 24.933060303330421 2915.5261554643512 29.928774744272232 18.129563607275486 8.3724560514092428 1.3220912665128715 14.925583424046634 732.80910301394761
leaf_count=181938 83 616 4332 181783 21067 11368 18689 12284 2048 1400 14877 15380 5551 5288 517 386 127 61 10537 221 152 144 112 19610 133 98 124 18 445 60979
internal_value=0 -0.00460401 0.00550705 0.0027426 0.00583929 0.000303694 -0.000911174 -0.000446261 0.00285096 -0.00042921 -0.00176581 0.00106404 -0.00355877 -0.00148296 -0.00818367 -0.0119113 -0.00806312 -0.0117807 0.00914997 -0.0119013 -0.00539926 -0.00325637 0.000825185 -0.0120031 -0.00239525 0.00110482 0.00453558 0.00788564 0.00877484 0.00988092
internal_weight=0 8848.85 7537.38 4618.39 3831.46 1670.66 5842.51 5491.46 1569.55 1032.09 3921.91 1521.11 2400.79 1379.67 351.056 248.312 123.907 3006.33 537.456 2964.39 45.7105 41.9453 102.745 2918.68 54.8618 28.5387 19.5805 10.4091 290.987 2918.99
internal_count=570368 103168 467200 224283 219951 38168 82657 80766 32674 20089 48092 27664 20428 26355 1891 1030 513 20511 12585 20168 337 343 861 19831 245 260 185 162 11813 242917
is_linear=0
shrinkage=0.01


Tree=168
num_leaves=31
num_cat=0
split_feature=2 0 0 0 14 15 4 12 3 2 2 0 0 0 4 1 4 3 12 2 1 2 1 3 12 12 2 12 1 0
split_gain=5194.27 2577.8 1015.48 160.757 153.893 241.335 208.265 287.136 197.384 124.726 122.138 181.47 1251.6 72.5565 68.8407 58.1236 31.358 30.1699 26.1193 26.1052 25.426 25.1001 21.887 20.1444 37.087 16.7854 14.5939 12.3335 10.2986 10.0189
threshold=3511.5000000000005 4200993.0000000009 4201072.0000000009 4205705.5000000009 1.80966411804849 1.9367270844784239 4824.0000000000009 1.8855877148658888 4630.5000000000009 4171.5000000000009 4855.5000000000009 4200985.0000000009 4200993.0000000009 4204916.0000000009 921.50000000000011 2417604865630.5005 448.50000000000006 4159.5000000000009 1.1159798465572681 878.50000000000011 4374073345192.5005 3092.5000000000005 4205234324575.5005 166.50000000000003 2.8416269947219686 1.3826895352780137 1354.5000000000002 1.1125572557191938 4205234324575.5005 4200970.0000000009
decision_type=2 2 2 2 2 2 2 2 2 2 2 2 2 2 2 2 2 2 2 2 2 2 2 2 2 2 2 2 2 2
left_child=1 16 10 9 21 13 8 -8 -7 17 -2 29 28 -6 -11 -16 25 20 -18 -15 -4 26 27 24 -20 -1 -3 -23 -13 -12
right_child=2 4 3 -5 5 6 7 -9 -10 14 11 12 -14 19 15 -17 18 -19 23 -21 -22 22 -24 -25 -26 -27 -28 -29 -30 -31
leaf_value=-0.012508375801772846 0.010097889399442258 -7.2056389221310417e-05 0.0037060104660867135 0.010143111605982729 -0.015535730464889184 -0.0013562694331375432 -0.0014501069880028499 0.0094078308622754046 -0.018738268798659294 0.009991329989970564 0.010133266869931335 -0.012297163780956877 0.010129623870286174 0.0011504910553447488 -0.00036487747441955691 -0.0044771668327835768 0.010271304030019277 0.01015977017638622 -0.012286867670166575 -0.007760352511652178 -0.014433296200203106 0.010693101489127967 -0.032007823666883664 -0.012077965099117531 0.0064298928851410728 0.0010963625336466701 0.0096663654868422207 -0.0037700755365342982 -0.0027568670462060551 0.0081646627406830076
leaf_weight=13.306655138731001 2651.5172635093331 16.92241407930851 218.97425658814609 144.82579515967518 126.58574125170708 4061.2135228458792 535.58680485188961 446.67199198715389 66.397961042821407 45.757081961259246 1028.0647400412709 332.66810664534569 1000.6518945898861 42.571617051959038 669.28478827700019 706.54188505187631 5.2799382247030726 81.470794730819762 28.670048594474792 144.3680799305439 8.0101168639957887 8.9804382175207191 2.1481441259384146 3329.825320482254 16.784530824050307 28.475838523358107 169.76003667712212 17.166661940515041 11.713452860713003 345.37847185786813
leaf_count=83 240033 193 8515 10559 527 49249 6018 11831 405 1186 79240 1568 79237 183 14838 7594 206 5381 163 627 167 160 10 22139 174 260 3002 197 51 26572
internal_value=0 -0.00500018 0.00635866 2.25502e-05 -0.000844641 -0.00117356 -0.000651039 0.00348743 -0.00163588 -0.000824667 0.00857084 0.0070814 0.00447057 -0.00968971 -0.00207539 -0.0024767 -0.0118465 0.00493956 -0.0119529 -0.00573109 0.00306589 0.00745331 -0.00132348 -0.0119877 -0.00537553 -0.0032364 0.0087836 0.00119742 -0.0119727 0.00963822
internal_weight=0 9060.72 7244.86 1874.86 5638.37 5423.4 5109.87 982.259 4127.61 1730.04 5369.99 2718.48 1345.03 313.525 1421.58 1375.83 3422.34 308.455 3380.56 186.94 226.984 214.978 28.2952 3375.28 45.4546 41.7825 186.682 26.1471 344.382 1373.44
internal_count=570368 95427 474941 48240 72402 68840 67503 17849 49654 37681 426701 186668 80856 1337 23618 22432 23025 14063 22682 810 8682 3562 367 22476 337 343 3195 357 1619 105812
is_linear=0
shrinkage=0.01


Tree=169
num_leaves=31
num_cat=0
split_feature=2 0 0 0 14 13 15 4 13 5 2 2 0 0 5 4 3 12 13 4 7 12 12 3 3 12 12 10 2 0
split_gain=5118.41 2555.68 1011.38 159.015 151.616 285.861 312.983 350.76 347.613 139.932 122.52 121.474 179.887 1236.77 111.488 67.833 56.8003 47.8448 33.1499 31.2293 30.191 29.9631 25.7918 22.7712 20.0014 36.5789 16.5949 15.7872 14.6669 10.0914
threshold=3511.5000000000005 4200993.0000000009 4201072.0000000009 4205705.5000000009 1.80966411804849 1.7754236602093663 3.6922419901710248 52.500000000000007 2.2688285431649127 853.50000000000011 4171.5000000000009 4855.5000000000009 4200985.0000000009 4200993.0000000009 215.50000000000003 921.50000000000011 168.50000000000003 1.2458435429170043 1.3461532835074757 448.50000000000006 2729.5000000000005 1.1125572557191938 1.1159798465572681 4159.5000000000009 166.50000000000003 2.8416269947219686 1.3826895352780137 553.50000000000011 1354.5000000000002 4200970.0000000009
decision_type=2 2 2 2 2 2 2 2 2 2 2 2 2 2 2 2 2 2 2 2 2 2 2 2 2 2 2 2 2 2
left_child=1 19 11 10 18 9 7 -7 -8 14 20 -2 29 -14 -6 -12 -17 -11 21 26 27 -3 -21 -22 25 -24 -1 -4 -20 -13
right_child=2 4 3 -5 5 6 8 -9 -10 17 15 12 13 -15 -16 16 -18 -19 28 22 23 -23 24 -25 -26 -27 -28 -29 -30 -31
leaf_value=-0.01247719555791213 0.010096604909678224 0.010685858628635459 0.010417116289476964 0.010141668485833352 -0.020672041514012311 -0.033637396497907764 -0.018582052798647747 0.0042319110609238151 -0.0013408908245147858 -0.014703162098711781 0.0099830511082045822 0.010131923345270409 -0.011908786330221417 0.010128317693205054 0.0031202951375877098 -0.012869996053477386 -0.0020526355427627962 -0.0078367095442515231 -7.133180490566359e-05 0.010268531925455434 0.0039103978951066914 -0.012597373690454692 -0.012242236227842446 0.010158156753448845 -0.0120487212508538 0.0063918513333557272 0.0010859442864825345 -0.013898048540453565 0.0096825655775456838 0.0081478617708330217
leaf_weight=13.20700892806053 2625.4665195969865 8.8970776721835154 3.4133091121911994 143.40505701676011 22.263662055134773 24.882255017757416 121.52121848613024 1437.1383864209056 3101.8310472555459 134.77087812125683 45.339171417057514 1017.9696270339191 342.77489750087261 990.8223770884797 170.69214172661304 50.383108619600534 1327.5442750994116 410.77814261615276 16.923382289707661 5.2288059405982485 210.6903322134167 14.592404529452322 28.487739384174347 80.672894289717078 3304.6543953418732 16.715926518663764 28.461612422019243 12.265721887350081 173.1267343647778 342.64345980342478
leaf_count=83 240033 160 91 10559 100 127 598 24259 40208 578 1186 79240 1619 79237 1037 838 21594 1933 193 206 8540 133 163 5381 22139 174 260 51 3076 26572
internal_value=0 -0.00496486 0.00634047 2.24437e-05 -0.000836277 -0.00116168 -0.000250239 0.00358741 -0.00199089 -0.00694421 -0.000816221 0.00856583 0.00707411 0.00446411 0.000375083 -0.00205216 -0.00244817 -0.00953298 0.00742884 -0.0118169 0.00491287 -0.00377842 -0.0119237 0.00564028 -0.0119583 -0.00535151 -0.00321294 -0.00860466 0.00881401 0.00963228
internal_weight=0 9034.17 7193.39 1873.71 5637.42 5423.88 4685.37 1462.02 3223.35 738.505 1730.31 5319.68 2694.21 1333.6 192.956 1423.27 1377.93 545.549 213.54 3396.76 307.042 23.4895 3355.09 291.363 3349.86 45.2037 41.6686 15.679 190.05 1360.61
internal_count=570368 95427 474941 48240 72402 68840 65192 24386 40806 3648 37681 426701 186668 80856 1137 23618 22432 2511 3562 23025 14063 293 22682 13921 22476 337 343 142 3269 105812
is_linear=0
shrinkage=0.01


Tree=170
num_leaves=31
num_cat=0
split_feature=2 0 0 0 1 8 15 13 13 2 0 0 2 0 0 1 20 5 13 4 3 5 12 1 5 3 12 2 12 20
split_gain=5043.79 2533.54 1007.38 157.292 152.455 211.609 148.881 272.339 121.729 120.816 178.317 1222.13 120.428 67.0719 118.871 79.5265 41.2423 33.5845 32.4262 31.1027 30.6207 30.3197 25.4692 20.8959 20.5261 19.8605 36.0788 16.7029 16.4072 13.6117
threshold=3511.5000000000005 4200993.0000000009 4201072.0000000009 4205705.5000000009 4205234304898.5005 1327.5000000000002 1.8964817957666884 1.7754236602093663 3.2700284684009455 4855.5000000000009 4200985.0000000009 4200993.0000000009 4174.5000000000009 4204808.5000000009 4204112.0000000009 932620487749.50012 3.9934062673467854 172.50000000000003 1.7754236602093663 448.50000000000006 4159.5000000000009 50.500000000000007 1.1159798465572681 4223680113635.0005 301.50000000000006 166.50000000000003 2.8416269947219686 1354.5000000000002 1.3826895352780137 7.9200565504568727
decision_type=2 2 2 2 2 2 2 2 2 2 2 2 2 2 2 2 2 2 2 2 2 2 2 2 2 2 2 2 2 2
left_child=1 19 9 12 5 21 27 -8 18 -2 -11 -12 20 14 -14 -15 -10 -18 -6 28 24 -3 -21 -20 -4 26 -24 -7 -1 -23
right_child=2 4 3 -5 8 6 7 -9 16 10 11 -13 13 15 -16 -17 17 -19 23 22 -22 29 25 -25 -26 -27 -28 -29 -30 -31
leaf_value=-0.012446479608156549 0.010095330229584577 -0.0056683327941432953 -0.007835132569014162 0.010140239633868635 -0.005104361071221376 -0.0041339909353101884 -0.0067428045622808077 -3.975058826121731e-05 -0.020033895308409551 0.0096263003121612699 -0.011845266101808843 0.010127024625974273 -0.0027564041264088223 0.0081411696815636824 0.0050332037914106922 -0.0065503848869776626 -0.01009988612488175 -0.0046245346417377441 -0.0052776144311134218 0.010265788996938767 0.010156560360269578 -0.010538981131487841 -0.012198098824423593 0.0078806209065327756 0.0037963080312320573 -0.012019849873579047 0.0063539447021860162 0.0085288334346964399 0.0010756200758196323 0.009786377184106106
leaf_weight=13.107704073190687 2599.6693042907864 13.944717481732367 16.318536529317498 141.99805840291083 36.622396141290665 11.039508096873758 719.07791456580162 3858.8195231501013 26.51759172976017 1347.9074047366157 341.17493267357349 981.0881467545405 695.13794360496104 40.479863181710243 272.77951245568693 410.30082900077105 211.5434887483716 238.12800773978233 14.144792806357144 5.1781546957790843 79.882678168825805 3.341645633801817 28.305823147296906 82.232942625880241 215.91185086593032 3279.5918377786875 16.64783731661737 184.64000000432134 28.447522882372141 235.31008379347622
leaf_count=83 240033 80 211 10559 240 117 3592 52894 109 105812 1619 79237 9168 1193 8980 4096 913 1538 164 206 5381 91 163 1167 8652 22139 174 3261 260 8236
internal_value=0 -0.00493036 0.00632201 2.23389e-05 -0.000828142 -0.000255521 -0.000727519 -0.00109264 -0.0055526 0.00856081 0.0070668 0.00445766 -0.000807747 -0.00204497 -0.000561129 -0.00523109 -0.00791502 -0.00720036 0.00290573 -0.0117875 0.00481602 0.0086643 -0.0118948 0.00594946 0.00297898 -0.0119294 -0.00532766 0.00781444 -0.00318964 0.00950178
internal_weight=0 9006.64 7142.65 1872.81 5635.36 5026.17 4773.58 4577.9 609.189 5269.84 2670.17 1322.26 1730.81 1418.7 967.917 450.781 476.189 449.671 133 3371.28 312.113 252.596 3329.72 96.3777 232.23 3324.55 44.9537 195.68 41.5552 238.652
internal_count=570368 95427 474941 48240 72402 68271 59864 56486 4131 426701 186668 80856 37681 23437 18148 5289 2560 2451 1571 23025 14244 8407 22682 1331 8863 22476 337 3378 343 8327
is_linear=0
shrinkage=0.01


Tree=171
num_leaves=31
num_cat=0
split_feature=2 0 0 0 1 8 6 15 3 14 2 0 0 2 4 1 21 5 14 4 3 5 12 2 7 3 12 0 12 4
split_gain=4970.59 2511.59 1003.04 155.594 149.426 208.949 158.488 241.155 184.972 123.084 120.16 176.756 1207.69 118.335 65.8692 58.2092 39.8141 33.4047 31.0431 30.9781 30.5286 30.0548 25.1513 23.3721 21.9931 19.7214 35.5864 16.4215 16.2221 11.2789
threshold=3511.5000000000005 4200993.0000000009 4201072.0000000009 4205705.5000000009 4205234304898.5005 1327.5000000000002 2579.5000000000005 3.8950054854148513 3103.5000000000005 3.2946001893412262 4855.5000000000009 4200985.0000000009 4200993.0000000009 4174.5000000000009 921.50000000000011 2417604865630.5005 3.9966969186761667 172.50000000000003 1.896216349394136 448.50000000000006 4159.5000000000009 50.500000000000007 1.1159798465572681 2477.5000000000005 2729.5000000000005 166.50000000000003 2.8416269947219686 4204916.0000000009 1.3826895352780137 3051.5000000000005
decision_type=2 2 2 2 2 2 2 2 2 2 2 2 2 2 2 2 2 2 2 2 2 2 2 2 2 2 2 2 2 2
left_child=1 19 10 13 5 21 8 -8 -7 18 -2 -12 -13 20 -15 -16 -11 -18 27 28 24 -3 -21 -20 -4 26 -24 -6 -1 -23
right_child=2 4 3 -5 9 6 7 -9 -10 16 11 12 -14 14 15 -17 17 -19 23 22 -22 29 25 -25 -26 -27 -28 -29 -30 -31
leaf_value=-0.012416218249262081 0.010094065381292259 -0.005594353048788441 -0.0085075102335836986 0.01013882588402126 -0.022942571311756931 -0.0027174901707040133 -0.00080285543493820242 0.0061216990215545797 -0.020405943729585305 -0.019849681185123848 0.0096202935449886083 -0.011782490784470188 0.010125744859708867 0.0099715546154602961 -0.00029210361265175023 -0.004408059487347963 -0.0099639074140829061 -0.0045624196411405702 0.0081563196150288703 0.010263075203500966 0.010154979457442998 0.0097767296584205868 -0.012154445348019679 -0.0066404865951506832 0.0037875187502324605 -0.011991344148182457 0.0063161724135322936 -0.0023388880511966605 0.0010653888078408778 -0.0072071823945453776
leaf_weight=13.008750468492506 2574.1230002958328 13.987613663077353 15.600191250443457 140.60465967189521 4.5860584080219295 1398.1527062244713 2695.3920582868159 618.30537950992584 61.729047499597073 25.804064095020294 1335.3245857348666 339.57079680263996 971.44831822905689 44.355655986815691 667.90614398010075 707.63115974143147 214.78017323464155 245.20678084716201 81.755156416445971 5.127980086952447 79.100083754397929 232.56337723881006 28.124321401119232 12.277971178293226 215.87380480952561 3254.6392865628004 16.580261018127203 24.717206552624702 28.433569278568029 3.9770052880048743
leaf_count=83 240033 80 142 10559 19 13643 33976 11889 356 106 105812 1619 79237 1164 14738 7535 929 1571 1254 206 5381 8213 163 73 8721 22139 174 179 260 114
internal_value=0 -0.00489614 0.00630426 2.226e-05 -0.000820127 -0.000253028 -0.000720222 0.000489203 -0.00346542 -0.00549758 0.00855579 0.0070595 0.00445123 -0.000799736 -0.00202275 -0.00240952 -0.00776257 -0.00708452 0.00342367 -0.0117586 0.00479167 0.00864891 -0.0118663 0.00622429 0.0029589 -0.0119007 -0.00530397 -0.00556343 -0.00316649 0.00949118
internal_weight=0 8979.15 7091.54 1871.07 5633.23 5024.11 4773.58 3313.7 1459.88 609.127 5220.47 2646.34 1311.02 1730.47 1419.89 1375.54 485.791 459.987 123.336 3345.91 310.574 250.528 3304.47 94.0331 231.474 3299.34 44.7046 29.3033 41.4423 236.54
internal_count=570368 95427 474941 48240 72402 68271 59864 45865 13999 4131 426701 186668 80856 37681 23437 22273 2606 2500 1525 23025 14244 8407 22682 1327 8863 22476 337 198 343 8327
is_linear=0
shrinkage=0.01


Tree=172
num_leaves=31
num_cat=0
split_feature=2 0 0 0 14 15 4 12 1 2 0 0 2 0 4 1 4 7 2 12 2 1 1 12 10 2 12 12 1 0
split_gain=4898.04 2490.09 998.882 153.914 147.268 229.591 198.844 285.122 162.944 119.506 175.204 1193.45 116.288 72.2397 65.8208 54.5644 30.8556 28.9358 25.4865 24.8381 24.8086 22.9213 20.7104 16.0396 15.4739 14.3249 13.9692 12.0438 10.4121 10.357
threshold=3511.5000000000005 4200993.0000000009 4201072.0000000009 4205705.5000000009 1.80966411804849 1.9367270844784239 4824.0000000000009 1.8855877148658888 2241719161008.5005 4855.5000000000009 4200985.0000000009 4200993.0000000009 4171.5000000000009 4204916.0000000009 921.50000000000011 2417604865630.5005 448.50000000000006 2729.5000000000005 878.50000000000011 1.1159798465572681 3092.5000000000005 2241719161008.5005 4205234324575.5005 1.3826895352780137 556.50000000000011 1354.5000000000002 3.3820560181425772 1.1125572557191938 4205234324575.5005 4200970.0000000009
decision_type=2 2 2 2 2 2 2 2 2 2 2 2 2 2 2 2 2 2 2 2 2 2 2 2 2 2 2 2 2 2
left_child=1 16 9 12 20 13 8 -8 -7 -2 29 28 17 -6 -14 -16 23 24 -15 -18 25 -19 27 -1 -4 -3 -21 -22 -12 -11
right_child=2 4 3 -5 5 6 7 -9 -10 10 11 -13 14 18 15 -17 19 21 -20 26 22 -23 -24 -25 -26 -27 -28 -29 -30 -31
leaf_value=-0.012386402685856097 0.010092810110006517 -1.1974966736423816e-05 0.0063760957789248326 0.010137426309431452 -0.015294635378846571 0.00050720222131101834 -0.0014713106258691206 0.0093891848439100409 -0.0034695509085383922 0.010128104018825298 -0.012051093369189475 0.010124477916046424 0.0099687999143823463 0.0012900719093919264 -0.00032489778864981027 -0.0042984358980994522 0.010260389770690192 0.0074709254614551066 -0.0075041125514070783 -0.011892896897085297 0.010676680965842367 0.0013729799113175831 -0.030891665183051517 0.0010552506776360089 -0.015116961944635098 0.009625632037667595 0.0090045243892770566 -0.0037256295096333826 -0.0024029503638984076 0.0080906059268292807
leaf_weight=12.91015677154064 2548.8254345376045 17.003522731363773 4.8670100457966319 139.22474037669599 125.9748280197382 1962.9357731044292 534.69084012135863 441.18867983296514 2168.6618011090904 989.24389930348843 326.38055670261383 961.90200046729296 44.627694739028811 42.661514922976494 671.4531035926193 712.07855964452028 5.0782780312001696 197.08030752465129 144.83907963335514 3271.0529726874083 8.7651120908558422 89.695911996997893 2.1892176270484915 28.419749796390533 10.744463145732878 165.85561506450176 3.2019202895462504 17.200580328702927 11.582368254661558 333.61995186842978
leaf_count=83 240033 193 97 10559 527 32912 6018 11831 16742 79240 1568 79237 1186 183 14838 7594 206 10318 627 22419 160 3603 10 260 45 3002 57 197 51 26572
internal_value=0 -0.00486167 0.00628607 2.21521e-05 -0.000812049 -0.00113109 -0.00062124 0.00343865 -0.00158018 0.00855078 0.00705221 0.00444483 -0.000791635 -0.00943803 -0.00198444 -0.00237001 -0.01173 0.0048419 -0.00550319 -0.0118382 0.00738402 0.00556365 -0.00135427 -0.0031435 -0.00841632 0.00872946 -0.0118725 0.00113609 -0.0117204 0.00961426
internal_weight=0 8952.63 7041.33 1869.77 5631.97 5420.95 5107.48 975.88 4131.6 5171.55 2622.73 1299.86 1730.55 313.475 1428.16 1383.53 3320.66 302.388 187.501 3279.33 211.014 286.776 28.1549 41.3299 15.6115 182.859 3274.25 25.9657 337.963 1322.86
internal_count=570368 95427 474941 48240 72402 68840 67503 17849 49654 426701 186668 80856 37681 1337 23618 22432 23025 14063 810 22682 3562 13921 367 343 142 3195 22476 357 1619 105812
is_linear=0
shrinkage=0.01


Tree=173
num_leaves=31
num_cat=0
split_feature=2 0 0 0 1 9 15 15 2 0 0 2 12 0 0 1 16 5 1 4 7 5 1 12 1 2 2 12 10 12
split_gain=4826.74 2468.2 994.717 152.253 145.105 145.136 138.024 219.79 118.853 173.659 1179.41 114.28 111.121 65.1917 115.669 77.1424 33.5491 85.7806 32.585 30.7274 28.4983 25.6105 25.2423 24.527 22.7799 19.1044 16.4699 15.8596 15.2135 13.7986
threshold=3511.5000000000005 4200993.0000000009 4201072.0000000009 4205705.5000000009 4205234304898.5005 3135.0000000000005 1.8964817957666884 1.9367270844784239 4855.5000000000009 4200985.0000000009 4200993.0000000009 4171.5000000000009 2.4305801675090568 4204808.5000000009 4204112.0000000009 932620487749.50012 4.7321277542704676 174.50000000000003 4223680113635.0005 448.50000000000006 2729.5000000000005 49.500000000000007 4384930233608.0005 1.1159798465572681 2241719161008.5005 181.50000000000003 1354.5000000000002 1.3826895352780137 553.50000000000011 3.3820560181425772
decision_type=2 2 2 2 2 2 2 2 2 2 2 2 2 2 2 2 2 2 2 2 2 2 2 2 2 2 2 2 2 2
left_child=1 19 8 11 5 -3 26 -8 -2 -10 -11 20 18 14 -13 -15 21 -18 25 27 28 -14 -20 -21 -22 -6 -7 -1 -4 -25
right_child=2 4 3 -5 12 6 7 -9 9 10 -12 13 16 15 -16 -17 17 -19 22 23 24 -23 -24 29 -26 -27 -28 -29 -30 -31
leaf_value=-0.01235702675344238 0.010091564663357522 0.010319398418594545 0.010413165194601561 0.010136040833863378 0.0014279871352417023 -0.0040687492215022705 -0.0091252756840083677 -0.00029338255991203532 0.009608189721616171 -0.011659506350049465 0.01012322383750308 -0.0026478647142059537 0.0050728432783419784 0.0081228267609902097 0.0050252833963848565 -0.0063899087876930598 -0.010389501373859966 -0.00057698566922228362 0.0062580857696201688 0.010257732091716971 0.0074496593543636582 -0.013555828565671897 -0.013459714176970113 -0.01186385624212905 0.0013610210203008216 -0.017735582408059565 0.0084877818652448513 0.0010452038394590541 -0.01356871813420091 0.008971050515491262
leaf_weight=12.811931639909742 2523.7740522045642 126.75950947590172 3.3790996745228759 137.85817834641784 9.898122154176237 11.081993356347082 301.05531354248524 4399.5221818406135 1310.5244944076985 336.34023176133633 952.4482863843441 704.93077409267426 7.916297808289527 40.197620842605829 272.36405359767377 412.26815493404865 205.34657151997089 157.36129439249635 101.77681541070342 5.0290444269776335 195.67353174649179 108.92676328495145 6.9348777420818797 3246.3929931744933 89.579796764999628 10.964922927320002 182.02513200044632 28.406063422560692 12.179926633834837 3.1818298026919356
leaf_count=83 240033 4905 91 10559 116 117 1326 58662 105812 1619 79237 9349 74 1193 8980 4096 845 1128 1254 206 10318 577 65 22419 3603 72 3261 260 51 57
internal_value=0 -0.00482787 0.00626789 2.20431e-05 -0.000804218 -0.000244993 -0.000518639 -0.000859034 0.0085458 0.00704496 0.0044385 -0.000783642 -0.00541338 -0.00196235 -0.000509421 -0.00510058 -0.00763355 -0.00613233 0.00280341 -0.0117006 0.00481876 -0.0122937 0.00500026 -0.0118093 0.00553761 -0.00864375 0.00776719 -0.00312066 -0.00836035 -0.0118435
internal_weight=0 8925.39 6991.52 1868.43 5629.57 5020.44 4893.68 4700.58 5123.09 2599.31 1288.79 1730.57 609.126 1429.76 977.295 452.466 479.551 362.708 129.575 3295.82 300.812 116.843 108.712 3254.6 285.253 20.863 193.107 41.218 15.559 3249.57
internal_count=570368 95427 474941 48240 72402 68271 63366 59988 426701 186668 80856 37681 4131 23618 18329 5289 2624 1973 1507 23025 14063 651 1319 22682 13921 188 3378 343 142 22476
is_linear=0
shrinkage=0.01


Tree=174
num_leaves=31
num_cat=0
split_feature=2 0 0 0 14 13 15 4 13 2 0 0 2 2 4 12 3 12 13 3 4 12 12 7 3 12 12 2 0 0
split_gain=4756.49 2446.67 990.37 150.613 143.15 267.405 300.965 339.106 337.119 118.205 172.127 1165.54 112.534 112.332 63.9254 58.4505 55.6197 53.8808 32.8073 30.605 30.6011 28.8919 24.2205 20.813 20.3257 35.2817 15.6822 14.2432 10.5296 5493.47
threshold=3511.5000000000005 4200993.0000000009 4201072.0000000009 4205705.5000000009 1.80966411804849 1.7754236602093663 3.6922419901710248 52.500000000000007 2.2688285431649127 4855.5000000000009 4200985.0000000009 4200993.0000000009 2477.5000000000005 4174.5000000000009 921.50000000000011 1.1381958684948938 168.50000000000003 1.2458435429170043 1.3461532835074757 4159.5000000000009 448.50000000000006 1.1125572557191938 1.1159798465572681 2729.5000000000005 166.50000000000003 2.8416269947219686 1.3826895352780137 1354.5000000000002 4200970.0000000009 4200977.5000000009
decision_type=2 2 2 2 2 2 2 2 2 2 2 2 2 2 2 2 2 2 2 2 2 2 2 2 2 2 2 2 2 2
left_child=1 20 9 13 18 12 7 -7 -8 -2 28 -12 17 19 -15 -14 -16 -6 21 23 26 -3 -22 -4 25 -24 -1 -20 -11 -30
right_child=2 4 3 -5 5 6 8 -9 -10 10 11 -13 15 14 16 -17 -18 -19 27 -21 22 -23 24 -25 -26 -27 -28 -29 29 -31
leaf_value=-0.012328079983244897 0.010090328757120008 0.010669574201516404 -0.008307846951757859 0.010134670116992397 -0.015362071125853817 -0.032754214247613697 -0.018193187860290946 0.0041929193968051805 -0.0012859214183917589 0.010125600617521902 -0.011598848925595047 0.010121982622155769 -0.013181671501888646 0.0099570988437154249 -0.012894321825492272 0.0014963494082990143 -0.00195209783741175 -0.0075323972117611925 4.6386638527191719e-05 0.010151999537327165 0.01025510228777377 -0.012382429186147934 -0.012027748994947936 0.0036940554316864018 -0.011908436347905418 0.0063939510057469534 0.001035248209005033 0.0096304402925336124 -0.79980971903117282 0.010126592572310555
leaf_weight=12.714084967970846 2498.9666181290522 8.6366282999515551 15.500785730779169 136.50483559537679 111.76710386574268 25.280680686235428 122.59468372166157 1429.2877714838833 3101.5670827608556 970.39094654098153 334.72626021504402 943.08630897291005 31.769666254520416 43.655818607658148 48.131415296345949 185.78012602776289 1332.4315058942884 411.44020871818066 17.083435691893101 77.502246728166938 4.9802750535309306 14.675815314054487 27.588856548070908 212.91368870437145 3180.7393094748259 16.683650916442275 28.392509277909994 167.97103690728545 0.83957216050475736 327.07400398422033
leaf_count=83 240033 160 142 10559 471 127 598 24259 40208 79240 1619 79237 145 1164 750 1099 21523 1933 193 5381 206 133 163 8721 22139 174 260 3076 68 26504
internal_value=0 -0.00479394 0.00625007 2.19634e-05 -0.000796388 -0.00110911 -0.000225258 0.00355077 -0.0019288 0.0085408 0.00703769 0.00443216 -0.00669165 -0.000775913 -0.00195684 -0.000647141 -0.00233358 -0.00920497 0.00733732 0.004722 -0.0116716 -0.00384229 -0.0117807 0.00287958 -0.0118148 -0.00508572 -0.00309797 0.00874568 0.00960209 0.00805288
internal_weight=0 8898.95 6941.72 1866.64 5627.85 5419.49 4678.73 1454.57 3224.16 5075.08 2576.12 1277.81 740.757 1730.14 1424.22 217.55 1380.56 523.207 208.367 305.917 3271.1 23.3124 3229.99 228.414 3225.01 44.2725 41.1066 185.054 1298.3 327.914
internal_count=570368 95427 474941 48240 72402 68840 65192 24386 40806 426701 186668 80856 3648 37681 23437 1244 22273 2404 3562 14244 23025 293 22682 8863 22476 337 343 3269 105812 26572
is_linear=0
shrinkage=0.01


Tree=175
num_leaves=31
num_cat=0
split_feature=2 0 0 0 8 15 13 0 8 6 3 12 2 0 0 2 0 0 1 6 5 3 1 12 3 12 15 5 20 0
split_gain=4687.29 2425.63 986.459 148.987 145.664 214.061 270.997 326.598 148.234 147.742 139.067 179.593 117.53 170.644 1151.86 110.375 63.6647 113.402 75.4778 52.6267 34.409 29.9089 25.1336 23.6827 22.5538 41.0077 19.0748 12.1971 10.8555 10.5853
threshold=3511.5000000000005 4200993.0000000009 4201072.0000000009 4205705.5000000009 1837.0000000000002 5.3217667867264238 3.4655344199481246 4205991.5000000009 40.500000000000007 901.00000000000011 811.50000000000011 3.240708797041536 4855.5000000000009 4200985.0000000009 4200993.0000000009 4171.5000000000009 4204808.5000000009 4204112.0000000009 932620487749.50012 2260.5000000000005 50.500000000000007 4159.5000000000009 4374073345192.5005 1.1159798465572681 166.50000000000003 1.3826895352780137 5.2206801228272122 507.50000000000006 7.9200565504568727 4200970.0000000009
decision_type=2 2 2 2 2 2 2 2 2 2 2 2 2 2 2 2 2 2 2 2 2 2 2 2 2 2 2 2 2 2
left_child=1 23 12 15 8 6 7 -6 -3 -8 11 -7 -2 29 -15 21 17 -17 -18 -12 -10 22 -4 -1 25 -25 -26 -27 -22 -14
right_child=2 4 3 -5 5 10 9 -9 20 -11 19 -13 13 14 -16 16 18 -19 -20 -21 28 -23 -24 24 26 27 -28 -29 -30 -31
leaf_value=0.010252499598537142 0.010089102364561529 -0.012450786567896955 0.0035573015948671505 0.010133312771745624 -0.0017796403992689201 0.0093681170007028219 -0.018919170163585332 0.010018099440138586 -0.0064993857323811226 0.0088305619505021707 -0.0076295911878567274 -0.0046209283238951423 0.010124335272004563 -0.011538863956741991 0.010120754328568472 -0.0025926159792352805 0.0081077107364628549 0.0050089346745293452 -0.0062828281231706888 -0.018639836968094074 -0.007974575504474021 0.010150465664425267 -0.014513563381271931 -0.012485277373677588 -0.011826579710085643 -0.025409646149664181 0.0072686461452738087 0.0054732838009273954 0.0090542176219376574 0.0080381991583678754
leaf_weight=4.9319658465683451 2474.4006727077067 40.132768571376801 213.04656761139631 135.16460157930851 3277.0524954013526 100.47457259707153 20.140209466218948 252.7447899337858 15.458519741892813 405.01686060242355 88.962640359997749 1059.6553101055324 960.85487083438784 333.10979425907135 933.81520728114992 707.52098687551916 39.967500917613506 271.58435717411339 413.81048134341836 84.786537379026413 3.7947311569005242 76.742625352926552 7.9850426800549021 37.324310228228569 3172.6908170878887 1.348798476159575 5.2399466447532168 24.658233862370253 277.50811509974301 325.67235413659364
leaf_count=206 240033 175 8515 10559 36452 2114 84 6592 86 9667 558 6745 79240 1619 79237 9349 1193 8980 4096 361 96 5381 167 235 22217 17 76 274 9472 26572
internal_value=0 -0.00476058 0.00623155 2.18568e-05 -0.000788653 -0.00119477 -2.6413e-05 -0.000934884 0.00558692 0.00751602 -0.00465896 -0.00340939 0.00853595 0.00703089 0.00442584 -0.000767849 -0.00191909 -0.000484097 -0.00501535 -0.0130024 0.00802627 0.00477191 0.00290447 -0.011644 -0.0116773 -0.00576832 -0.0117951 0.00387161 0.0088245 0.00959625
internal_weight=0 8871.92 6893.68 1865.82 5625.73 5288.83 3954.95 3529.8 336.894 425.157 1333.88 1160.13 5027.85 2553.45 1266.93 1730.66 1432.88 979.105 453.778 173.749 296.761 297.774 221.032 3246.19 3241.26 63.3313 3177.93 26.007 281.303 1286.53
internal_count=570368 95427 474941 48240 72402 62573 52795 43044 9829 9751 9778 8859 426701 186668 80856 37681 23618 18329 5289 919 9654 14063 8682 23025 22819 526 22293 291 9568 105812
is_linear=0
shrinkage=0.01


Tree=176
num_leaves=31
num_cat=0
split_feature=2 0 0 0 8 15 4 0 12 1 3 8 2 0 0 2 4 1 5 4 3 12 7 3 12 12 5 20 0 0
split_gain=4619.24 2404.43 982.211 147.384 143.5 209.544 277.28 254.421 281.357 201.615 167.736 146.192 116.888 169.131 1138.36 108.457 62.2779 53.573 34.042 30.7001 30.61 23.6256 20.429 20.0451 34.4282 15.4828 12.8566 10.7384 10.6608 2554.65
threshold=3511.5000000000005 4200993.0000000009 4201072.0000000009 4205705.5000000009 1837.0000000000002 5.3217667867264238 1410.0000000000002 4205991.5000000009 3.1651774695465433 2424655927106.5005 48.500000000000007 40.500000000000007 4855.5000000000009 4200985.0000000009 4200993.0000000009 4175.5000000000009 921.50000000000011 2417604865630.5005 50.500000000000007 448.50000000000006 4159.5000000000009 1.1159798465572681 2729.5000000000005 166.50000000000003 2.8416269947219686 1.3826895352780137 476.50000000000006 7.9200565504568727 4200970.0000000009 4200977.5000000009
decision_type=2 2 2 2 2 2 2 2 2 2 2 2 2 2 2 2 2 2 2 2 2 2 2 2 2 2 2 2 2 2
left_child=1 19 12 15 11 7 9 8 -6 -7 -9 -3 -2 28 -15 20 -17 -18 -13 25 22 -21 -4 24 -23 -1 -27 -20 -14 -30
right_child=2 4 3 -5 5 6 -8 10 -10 -11 -12 18 13 14 -16 16 17 -19 27 21 -22 23 -24 -25 -26 26 -28 -29 29 -31
leaf_value=-0.01227102318506805 0.010087884771007003 -0.01236744625146099 -0.0082574796339700759 0.010131969389755354 -0.0016102418540465725 -0.012111573158780309 0.0085722724144106383 -0.021125401714736643 0.0092454457179039461 -0.0033317155260093401 0.0095433473079470765 -0.0064147940471076673 0.010123082857973037 -0.011479533572712163 0.010119538219592586 0.0099468695536806852 -0.0002542329047894452 -0.0041937577679338339 -0.0078374560828451123 0.010249925068775178 0.010148947279578442 -0.011957718747825915 0.0036295164109725964 -0.011854659425518064 0.0063253689255136306 -0.023546998775483666 0.002919610016480645 0.0090397223158539767 -0.36781721826717234 0.010124313831344585
leaf_weight=12.518092319369314 2450.0741714388132 39.99984522163868 15.506142081692813 133.83734469581395 3333.0101774632931 387.40205235034227 142.56300226598978 18.808228388428688 257.17109929770231 805.07888603210449 344.06159625388682 15.505509123206137 951.41130281146616 331.4912406951189 924.63413282670081 42.900100573897362 668.8770866561681 713.31041176617146 3.8223699051886788 4.8841123282909384 75.990331652574241 27.229172348976135 213.84724882617593 3131.9731321334839 16.565329717472196 1.9725066050887132 26.403632391244173 275.1852202899754 1.7984816897660483 321.33100634533912
leaf_count=83 240033 175 142 10559 37281 2459 3031 77 7075 4288 8362 86 79240 1619 79237 1149 14701 7527 96 206 5381 163 8781 22139 174 20 240 9472 68 26504
internal_value=0 -0.00472788 0.00621345 2.1777e-05 -0.000781114 -0.00118292 -0.00460828 -2.6087e-05 -0.00083263 -0.00618403 0.00795373 0.00557073 0.00853097 0.00702363 0.00441955 -0.000760179 -0.00191903 -0.00228732 0.00800703 -0.0116162 0.00464834 -0.0117269 0.00282586 -0.0117607 -0.00504212 -0.00300698 0.00107984 0.00880851 0.00959009 0.00802076
internal_weight=0 8844.15 6845.01 1864.27 5622.61 5288.1 1335.04 3953.05 3590.18 1192.48 362.87 334.513 4980.74 2530.67 1256.13 1730.43 1425.09 1382.19 294.513 3221.55 305.344 3180.65 229.353 3175.77 43.7945 40.8942 28.3761 279.008 1274.54 323.129
internal_count=570368 95427 474941 48240 72402 62573 9778 52795 44356 6747 8439 9829 426701 186668 80856 37681 23377 22228 9654 23025 14304 22682 8923 22476 337 343 260 9568 105812 26572
is_linear=0
shrinkage=0.01


Tree=177
num_leaves=31
num_cat=0
split_feature=2 0 0 0 14 13 15 15 12 2 0 0 15 2 0 14 0 0 1 13 0 12 1 12 2 15 14 12 0 0
split_gain=4552.13 2383.66 978.113 145.798 141.386 259.641 294.63 332.152 220.317 116.231 167.655 1125.04 110.294 106.577 102.149 101.269 61.8065 111.297 73.5934 32.3879 28.2236 28.1622 24.8155 23.0981 14.143 13.9155 20.8425 12.6633 10.7214 1804.88
threshold=3511.5000000000005 4200993.0000000009 4201072.0000000009 4205705.5000000009 1.80966411804849 1.7754236602093663 3.6922419901710248 3.8696488910393634 1.8855877148658888 4855.5000000000009 4200985.0000000009 4200993.0000000009 2.9876049790630992 4171.5000000000009 4204916.0000000009 2.5587139693372567 4204808.5000000009 4204112.0000000009 932620487749.50012 1.3461532835074757 4203566.0000000009 1.1125572557191938 4374073345192.5005 1.1159798465572681 1354.5000000000002 5.2206801228272122 5.0071223108649425 3.3820560181425772 4200970.0000000009 4200977.5000000009
decision_type=2 2 2 2 2 2 2 2 2 2 2 2 2 2 2 2 2 2 2 2 2 2 2 2 2 2 2 2 2 2
left_child=1 23 9 13 19 12 8 -8 -7 -2 28 -12 14 20 -6 -14 17 -15 -18 21 -4 -3 -22 -1 -21 27 -27 -25 -11 -30
right_child=2 4 3 -5 5 6 7 -9 -10 10 11 -13 15 16 -16 -17 18 -19 -20 24 22 -23 -24 25 -26 26 -28 -29 29 -31
leaf_value=0.010247376410776412 0.010086677482295454 0.010664811444289341 0.010146532925175207 0.01013064003225855 -0.015419569387900917 0.00092883553980470162 -0.010158222615670757 -0.00064814070171534356 0.0093685929831842686 0.01012184310204378 -0.011420841075583069 0.010118334828335882 0.00023248379358398682 -0.0025448423936700582 -0.0051391244485008234 -0.012765348904358749 0.0080883761107022837 0.0049911935932512464 -0.006166572602854992 7.9654776809050997e-05 0.0036053839018917828 -0.012095953801588018 -0.014264051510303735 -0.011674912083117916 0.0096208890978868589 0.010850743876527602 -0.033376300560130211 0.0066128350745720127 -0.25769705357373296 0.010123061826325663
leaf_weight=4.8367110379040232 2425.9844964714721 8.5817200914025324 72.376877579838037 132.52294105198234 193.16192403435707 1002.9755730032921 422.7626975029707 2797.1239616479725 447.22336268611252 942.05939589533955 329.870984852314 915.54220576025546 279.16267518699169 709.73785757273436 193.44478224217892 76.332845151424408 39.676387812942266 270.72546146437526 415.32734686136246 17.128719992935658 214.57492869719863 14.831017538905142 8.0634917803108674 3181.3065812699497 167.05123697593808 5.6455100439488879 1.3134560771286485 3.7909187432378522 2.5363594442605963 318.17286602035165
leaf_count=206 240033 160 5205 10559 829 12383 3312 37494 12003 79240 1619 79237 1659 9349 839 321 1193 8980 4096 193 8691 133 167 22637 3076 97 14 71 68 26504
internal_value=0 -0.00469529 0.00619515 2.16677e-05 -0.000773597 -0.00108424 -0.00021113 -0.00189679 0.00353155 0.00852609 0.00701664 0.00441328 -0.00657878 -0.000752493 -0.0102756 -0.00255844 -0.00187755 -0.000463993 -0.00492354 0.00732527 0.00472173 -0.00375321 0.00295819 -0.0115892 0.00873356 -0.0116223 0.0025032 -0.0116531 0.00958422 0.00800498
internal_weight=0 8816.67 6797.17 1863.01 5619.78 5412.19 4670.09 3219.89 1450.2 4934.17 2508.18 1245.41 742.102 1730.48 386.607 355.496 1435.47 980.463 455.004 207.593 295.015 23.4127 222.638 3196.89 184.18 3192.06 6.95897 3185.1 1262.77 320.709
internal_count=570368 95427 474941 48240 72402 68840 65192 40806 24386 426701 186668 80856 3648 37681 1668 1980 23618 18329 5289 3562 14063 293 8858 23025 3269 22819 111 22708 105812 26572
is_linear=0
shrinkage=0.01


Tree=178
num_leaves=31
num_cat=0
split_feature=2 5 12 2 2 4 13 4 12 15 4 2 2 6 12 13 1 5 4 12 6 4 15 4 6 4 4 4 4 7
split_gain=4485.92 517.05 409.146 231.873 244.939 214.024 202.897 201.549 189.816 154.667 285.091 213.34 148.554 150.222 170.488 168.846 123.267 69.0677 60.3772 207.229 59.633 51.7399 50.0968 47.1555 39.3015 37.9168 34.7151 77.7266 59.4532 43.6257
threshold=3511.5000000000005 3107.0000000000005 1.0174949934843371 84.500000000000014 181.50000000000003 297.50000000000006 1.3461532835074757 4209.5000000000009 3.1345410895504946 2.9876049790630992 54.500000000000007 662.50000000000011 3092.5000000000005 3741.5000000000005 2.620295027209699 2.2688285431649127 1900371961397.0002 215.50000000000003 2472.5000000000005 2.8416269947219686 327.00000000000006 2247.5000000000005 4.543167400369188 252.50000000000003 165.50000000000003 2014.5000000000002 921.50000000000011 4824.0000000000009 1044.5000000000002 2729.5000000000005
decision_type=2 2 2 2 2 2 2 2 2 2 2 2 2 2 2 2 2 2 2 2 2 2 2 2 2 2 2 2 2 2
left_child=1 7 -2 8 5 23 -4 12 18 11 -11 -6 13 15 -15 -1 25 -14 21 -20 24 -3 -7 -5 -9 -10 29 28 -28 -8
right_child=2 3 6 4 9 22 26 20 16 10 -12 -13 17 14 -16 -17 -18 -19 19 -21 -22 -23 -24 -25 -26 -27 27 -29 -30 -31
leaf_value=-0.014113478205429115 0.0040764504391917105 -0.011331463970363028 0.010087590742567171 0.0086977054184305975 -0.0027632179719495661 0.006793905370433442 -0.0082082047488380699 -0.01177570411943586 0.0076657919862983493 -0.019338926820472595 0.0040412815141810006 -0.0088101597876532965 -0.019210441613056101 0.00014513085328940386 0.0093816323431450896 -0.0015611229334401057 -0.010244460534271069 -0.00062648288036296963 -0.010741934257132149 5.2746572213211729e-05 -0.00099615856592677097 -0.019380684955885966 -0.039182093712258975 -0.03029002077971318 -0.026025190247741744 -0.020257186723415935 -0.0097297762420600307 0.00171678242171181 -0.052132495096935537 0.010067426866560649
leaf_weight=113.55183380842209 3906.1290058055893 696.66759940236807 2478.5793832829222 3.6442598439753082 901.37003170698881 265.79622005298734 15.511330049484966 151.38044476509094 115.16862691752613 62.482930339872837 315.49171032756567 1654.1638052351773 64.386184148490429 854.20000268146396 260.86715922877192 1904.339198531583 69.477111719548702 29.008752308785915 918.71481699496508 220.53034092858434 47.920272529125214 90.197104245424271 2.3913168311119071 20.858184695243835 22.193460591137409 5.077443152666091 14.589363381266596 247.64783747587353 4.2757296767085782 82.70598307531327
leaf_count=612 216531 5097 245482 43 11981 6242 142 1149 3095 281 3762 12790 376 10088 6587 21997 642 173 6891 2584 333 387 29 105 128 55 224 9120 62 3380
internal_value=0 -0.00466263 0.00617706 -0.0066111 -0.0049239 0.00379924 0.00906286 -0.00164369 -0.00918373 -0.00579425 0.000176303 -0.00667732 -0.0010102 -0.000639711 0.00230599 -0.00226748 0.000359727 -0.0134382 -0.0101238 -0.00865234 -0.0108713 -0.0122541 0.00638396 -0.0244914 -0.0135977 0.00648673 0.00209913 0.000226262 -0.0193403 0.00718118
internal_weight=0 8789.88 6749.44 5342.03 3226.2 292.69 2843.31 3447.85 2115.83 2933.51 377.975 2555.53 3226.35 3132.96 1115.07 2017.89 189.723 93.3949 1926.11 1139.25 221.494 786.865 268.188 24.5024 173.574 120.246 364.73 266.513 18.8651 98.2173
internal_count=570368 95427 474941 53984 35233 6419 258410 41443 18751 28814 4043 24771 39833 39284 16675 22609 3792 549 14959 9475 1610 5484 6271 148 1277 3150 12928 9406 286 3522
is_linear=0
shrinkage=0.01


Tree=179
num_leaves=31
num_cat=0
split_feature=2 5 12 2 2 3 4 3 14 13 4 4 4 3 6 2 3 5 3 3 15 4 3 13 1 1 1 1 1 1
split_gain=4414.73 510.043 409.47 231.181 240.273 234.837 208.647 203.319 492.131 202.964 198.698 160.786 207.383 146.517 234.084 136.072 127.219 118.664 70.9812 68.7806 48.0665 45.2313 42.2472 40.7851 34.8447 62.4911 144.83 91.8918 58.1173 288.344
threshold=3511.5000000000005 3107.0000000000005 1.0174949934843371 84.500000000000014 181.50000000000003 206.50000000000003 297.50000000000006 615.50000000000011 2.3795204768346951 1.3461532835074757 4216.5000000000009 1975.5000000000002 2537.5000000000005 139.50000000000003 574.50000000000011 3092.5000000000005 4630.5000000000009 1909.0000000000002 48.500000000000007 295.50000000000006 4.543167400369188 252.50000000000003 3103.5000000000005 2.6377805539795003 1181289197948.0002 1564759720309.0002 1478970866856.5002 1494781006281.0002 1738908559458.0002 1746051701064.0002
decision_type=2 2 2 2 2 2 2 2 2 2 2 2 2 2 2 2 2 2 2 2 2 2 2 2 2 2 2 2 2 2
left_child=1 10 24 5 6 11 21 23 -9 -4 13 -3 -13 14 18 16 -15 -16 -1 -17 -8 -5 -7 -6 -2 26 -26 -28 -27 -30
right_child=2 3 9 4 7 22 20 8 -10 -11 -12 12 -14 15 17 19 -18 -19 -20 -21 -22 -23 -24 -25 25 28 27 -29 29 -31
leaf_value=-0.01683214587349122 0.006036380464502329 0.007235918575586372 0.010086389342351872 0.0086679561892292964 -0.012012375856970504 -0.011755453442738636 0.0067639635812610276 -0.0065393870813044066 0.0054859103199082892 0.0020833205998172506 -0.011375421090112126 -0.013816722006321851 0.00049222046502879111 -0.0014060527244395408 0.0095742245897733752 -0.030418461803695833 -0.017026718821366481 -0.0013301822779211564 -0.0027386294552011825 -0.0095365121712799057 -0.037564956137191366 -0.029585618568836927 -0.007241758426783004 -0.0049627385462740767 0.003644049321898545 0.0093210121048107348 -0.035452822559883079 -0.0073957086959225609 -0.046518044860652176 0.0038554210607044267
leaf_weight=43.65953429043293 718.93267087545246 113.11047769337893 2454.2078926796094 3.6203198507428196 511.87513560801744 1339.0187890864909 264.31055349111557 1906.3625541515648 414.27794914133847 363.87052259128541 197.15954539179802 191.37914513796568 215.16364135965705 2355.7631848603487 374.49140464328229 20.475859567523003 53.317681610584259 136.05298285931349 196.90650543570518 68.681103408336639 2.4689152166247359 21.139802843332291 245.36144697666168 97.736718274652958 187.9209862947464 193.13873703870922 14.413387201726435 61.401634900830686 11.411266580224035 2706.6565167335793
leaf_count=192 44208 3146 245482 43 3679 10167 6242 16488 7559 12928 1465 969 2635 23772 11844 104 337 2067 1300 362 29 105 1834 1088 11765 10949 822 2944 426 145417
internal_value=0 -0.00462528 0.00614967 -0.00656502 -0.00488133 -0.00914315 0.00377646 -0.00574272 -0.00439265 0.00905303 -0.00162785 -0.00330964 -0.00624368 -0.0010364 0.00283627 -0.00220074 -0.00175177 0.00666835 -0.00529642 -0.0143323 0.00635372 -0.0239923 -0.0110565 -0.0108821 0.00404845 0.0035983 -0.00106285 -0.0127297 0.00402057 0.00364394
internal_weight=0 8772.33 6711.95 5325.83 3221.79 2104.03 291.54 2930.25 2320.64 2818.08 3446.51 519.653 406.543 3249.35 751.11 2498.24 2409.08 510.544 240.566 89.157 266.779 24.7601 1584.38 609.612 3893.88 3174.94 263.736 75.815 2911.21 2718.07
internal_count=570368 95427 474941 53984 35233 18751 6419 28814 24047 258410 41443 6750 3604 39978 15403 24575 24109 13911 1492 466 6271 148 12001 4767 216531 172323 15531 3766 156792 145843
is_linear=0
shrinkage=0.01


Tree=180
num_leaves=31
num_cat=0
split_feature=2 0 0 0 14 15 4 12 3 2 0 0 2 0 4 1 4 3 2 2 12 3 12 1 1 12 2 12 0 0
split_gain=4344.98 2342.27 976.688 145.018 141.84 206.304 184.153 272.892 181.55 116.628 168.661 1116.58 105.396 71.8411 61.4197 51.9255 31.3199 30.1553 24.7217 23.8263 23.3057 20.1666 33.6996 19.4976 19.0929 15.4962 13.7495 11.3839 10.8676 1427.35
threshold=3511.5000000000005 4200993.0000000009 4201072.0000000009 4205705.5000000009 1.80966411804849 1.9367270844784239 4824.0000000000009 1.8855877148658888 4630.5000000000009 4855.5000000000009 4200985.0000000009 4200993.0000000009 4175.5000000000009 4204916.0000000009 921.50000000000011 2417604865630.5005 448.50000000000006 4159.5000000000009 878.50000000000011 3092.5000000000005 1.1159798465572681 166.50000000000003 2.8416269947219686 2241719161008.5005 4205234324575.5005 1.3826895352780137 1354.5000000000002 1.1125572557191938 4200970.0000000009 4200977.5000000009
decision_type=2 2 2 2 2 2 2 2 2 2 2 2 2 2 2 2 2 2 2 2 2 2 2 2 2 2 2 2 2 2
left_child=1 16 9 12 19 13 8 -8 -7 -2 28 -12 17 -6 -14 -16 25 23 -15 26 -18 22 -22 -4 27 -1 -3 -21 -11 -30
right_child=2 4 3 -5 5 6 7 -9 -10 10 11 -13 14 18 15 -17 20 -19 -20 24 21 -23 -24 -25 -26 -27 -28 -29 29 -31
leaf_value=-0.012199683599149906 0.01008310620838292 0.00023048152580266567 0.0046513027840426827 0.01012809369353153 -0.014814912012593691 -0.0012020331746758028 -0.0013589498830966394 0.0093431855618917991 -0.017631249425720207 0.010119621415054798 -0.011404346753142881 0.010116178441447075 0.0099304114144659634 0.0016513363554390692 -0.00031714009166397268 -0.0042020634741445958 0.010248641537221617 0.010143212937522593 -0.006990039103059285 0.010667872576092079 -0.011832979955179988 -0.011762708675246297 0.0063461357977932275 -0.0017774516996575938 -0.029058375359209087 0.001245849060606537 0.0095971622975892911 -0.0033667769730433427 -0.20232860359700247 0.01012081884066827
leaf_weight=12.267079547047613 2355.1056670742109 17.336612708866596 160.36474272608757 130.02954649925232 124.4830707013607 4063.6161740347743 538.5096058472991 427.32735114730895 68.392830185592175 925.26822714041919 329.41090202331543 899.22107612807304 42.134069012477994 42.843675285577774 665.21012249961495 712.60275584086776 4.8602515049278727 73.123855394311249 145.66802902519703 8.6170212216675335 26.661008954048157 3044.3854968696833 16.512918297201395 66.840135090053082 2.2570519149303427 28.454563714563847 163.1903527341783 17.550995111465454 3.1947589106857768 312.50564468279481
leaf_count=83 240033 193 6713 10559 527 49249 6018 11831 405 79240 1619 79237 1149 183 14701 7527 206 5381 627 160 163 22139 174 2210 10 260 3002 197 68 26504
internal_value=0 -0.00458923 0.00612214 -5.46915e-05 -0.000726705 -0.0010389 -0.00055507 0.00337613 -0.00147397 0.00849099 0.00697269 0.00434627 -0.000824372 -0.00891926 -0.00196272 -0.00232642 -0.0115173 0.00455771 -0.00502609 0.00735771 -0.011632 -0.0116665 -0.00487994 0.00276006 -0.0011522 -0.00280451 0.00869765 0.00125478 0.00957299 0.00797092
internal_weight=0 8752.93 6675.01 1850.31 5619.79 5410.84 5097.85 965.837 4132.01 4824.71 2469.6 1228.63 1720.28 312.995 1419.95 1377.81 3133.14 300.329 188.512 208.952 3092.42 3087.56 43.1739 227.205 28.4251 40.7216 180.527 26.168 1240.97 315.7
internal_count=570368 95427 474941 48240 72402 68840 67503 17849 49654 426701 186668 80856 37681 1337 23377 22228 23025 14304 810 3562 22682 22476 337 8923 367 343 3195 357 105812 26572
is_linear=0
shrinkage=0.01


Tree=181
num_leaves=31
num_cat=0
split_feature=2 5 12 2 2 13 4 4 12 8 13 2 8 15 4 2 1 1 4 12 4 15 4 4 1 1 1 1 1 1
split_gain=4281.32 500.934 407.583 228.644 231.352 203.677 202.876 194.548 185.157 154.398 171.697 194.176 156.388 147.874 277.478 208.875 121.069 119.051 58.8534 202.388 47.8715 46.0891 43.4152 36.3664 34.4522 62.0597 192.615 88.5918 71.1786 52.4935
threshold=3511.5000000000005 3107.0000000000005 1.0174949934843371 84.500000000000014 181.50000000000003 1.3461532835074757 297.50000000000006 4216.5000000000009 3.1345410895504946 1837.0000000000002 4.6912353757914458 263.50000000000006 40.500000000000007 2.9876049790630992 54.500000000000007 662.50000000000011 2424655927106.5005 1900371961397.0002 2472.5000000000005 2.8416269947219686 2247.5000000000005 4.543167400369188 252.50000000000003 2014.5000000000002 1181289197948.0002 2521344728486.5005 2417604865630.5005 1564759720309.0002 2424655934955.0005 4187424672483.5005
decision_type=2 2 2 2 2 2 2 2 2 2 2 2 2 2 2 2 2 2 2 2 2 2 2 2 2 2 2 2 2 2
left_child=1 7 24 8 6 -4 22 9 18 12 11 -11 -1 15 -15 -6 -12 23 20 -20 -3 -8 -5 -10 -2 26 27 -26 -28 -27
right_child=2 3 5 4 13 -7 21 -9 17 10 16 -13 -14 14 -16 -17 -18 -19 19 -21 -22 -23 -24 -25 25 29 28 -29 -30 -31
leaf_value=-0.01294820425200467 0.0059925695932023029 -0.011229031184782357 0.010084023017270185 0.0086423633374825871 -0.0026600456698670167 0.0020397307858460714 0.006717088378472188 -0.011294650404055551 0.0076279234014537782 0.0054874796550933068 -0.011372035556236866 -0.0018514763258662731 0.0080132356447876179 -0.018995293660404179 0.0040341085487566528 -0.0086571143832990579 -0.0030126357889381696 -0.010118341055510285 -0.010652086619154278 4.6579234822148206e-05 -0.018968424593248382 -0.036024302230748317 -0.028890226659062889 -0.01937174341105467 -0.0010942711373091243 0.0056463346358671777 -0.011303467289274336 0.0054974135539088455 -0.0014466756326531587 0.00054193044677897702
leaf_weight=40.544552311301231 710.68496979307383 682.39907943457365 2406.2063283268362 3.5998542420566109 900.17312982492149 362.11860661860555 261.18752756342292 194.92551891505718 113.85581442527473 459.86441413871944 256.38443951308727 1668.7843181528151 291.41912495158613 62.80513833463192 313.3753699734807 1636.8209777958691 534.32953543961048 68.279091652482748 898.80475559830666 220.12077794969082 90.523381516337395 2.5475133284926406 21.421852871775627 5.217254400253295 262.52885525207967 1395.6599640361965 105.96674769930542 912.87143080402166 237.37517957761884 235.46278306469321
leaf_count=181 44208 5097 245482 43 11981 12928 6242 1465 3095 9087 1559 16632 9655 281 3762 12790 2864 642 6891 2584 387 29 105 55 15531 88360 797 51727 6841 9067
internal_value=0 -0.00455677 0.00610354 -0.00649211 -0.0048154 0.00903177 0.00372243 -0.00159099 -0.00907422 -0.00100923 -0.00174407 -0.000265999 0.0054531 -0.00566168 0.00018924 -0.00652924 -0.00572312 0.000408562 -0.0100133 -0.00854739 -0.0121355 0.00630423 -0.0234904 0.00644492 0.00400377 0.00355505 0.00210039 0.00402514 -0.00448881 0.00490948
internal_weight=0 8727.38 6628.87 5281.13 3201.93 2768.32 288.757 3446.25 2079.2 3251.33 2919.36 2128.65 331.964 2913.17 376.181 2536.99 790.714 187.352 1891.85 1118.93 772.922 263.735 25.0217 119.073 3860.55 3149.86 1518.74 1175.4 343.342 1631.12
internal_count=570368 95427 474941 53984 35233 258410 6419 41443 18751 39978 30142 25719 9836 28814 4043 24771 4423 3792 14959 9475 5484 6271 148 3150 216531 172323 74896 67258 7638 97427
is_linear=0
shrinkage=0.01


Tree=182
num_leaves=31
num_cat=0
split_feature=2 0 0 0 14 13 17 3 2 5 2 0 0 5 2 4 3 14 4 13 3 12 12 3 12 7 12 2 0 0
split_gain=4214.11 2314.1 971.699 143.679 141.21 243.049 246.548 220.041 196.868 126.296 116.581 168.464 1105.62 105.181 103.482 60.7445 51.8297 48.9527 31.3535 31.2037 29.9578 26.637 23.1758 19.9497 33.1638 19.9218 15.5153 13.7192 10.9747 1190.57
threshold=3511.5000000000005 4200993.0000000009 4201072.0000000009 4205705.5000000009 1.80966411804849 1.7754236602093663 3.7692897112350514 4811.5000000000009 1354.5000000000002 853.50000000000011 4855.5000000000009 4200985.0000000009 4200993.0000000009 317.50000000000006 4175.5000000000009 921.50000000000011 168.50000000000003 1.8343053871512336 448.50000000000006 1.3461532835074757 4159.5000000000009 1.1125572557191938 1.1159798465572681 166.50000000000003 2.8416269947219686 2729.5000000000005 1.3826895352780137 1354.5000000000002 4200970.0000000009 4200977.5000000009
decision_type=2 2 2 2 2 2 2 2 2 2 2 2 2 2 2 2 2 2 2 2 2 2 2 2 2 2 2 2 2 2
left_child=1 18 10 14 19 9 7 -7 -8 13 -2 28 -13 -6 20 -16 -17 -11 26 21 25 -3 -20 24 -24 -4 -1 -21 -12 -30
right_child=2 4 3 -5 5 6 8 -9 -10 17 11 12 -14 -15 15 16 -18 -19 22 27 -22 -23 23 -25 -26 -27 -28 -29 29 -31
leaf_value=-0.012181795608150053 0.010080768638042999 0.010666556869361672 -0.0082141988611692234 0.010126295022909366 -0.010615479169318135 0.0098756886653745407 -0.0021860443683905527 0.00048949447740967401 0.0055981497364288721 -0.00078082186919161409 0.010117865807763023 -0.011367010249982566 0.010114473980414684 0.005410969218493396 0.0099203292603682741 -0.012551608313812445 -0.0019659064937114306 -0.0098968551885618723 0.010248245960559709 0.00031294351239611896 0.010140408302877268 -0.011343538336827287 -0.011780142030149772 -0.011719177636548119 0.0063126501496434204 0.0035285400300149291 0.0012962143095033947 0.0096288512823405181 -0.16764726259669868 0.010119046811004766
leaf_weight=12.203080281615255 2308.9992675501853 8.6018544062972087 15.510701708495615 128.22112019732594 58.548610895872116 404.75195986963809 3248.9827200993896 652.24009282886982 360.99836371839046 67.12847238779068 911.94436216633767 328.36389131844044 886.2684972146526 136.24686772376299 41.671285551041365 47.92280163988471 1327.3992712739855 480.95824716985226 4.8528970628976813 17.452093012630939 71.721954692155123 15.24040501564741 26.444603249430656 3001.9104494154453 16.422530971467495 210.74825297854841 28.461216803640127 167.80928610637784 3.8141882531344882 308.00922009162605
leaf_count=83 240033 160 142 10559 284 10055 39426 9390 6321 307 79240 1619 79237 853 1149 724 21504 2204 206 193 5381 133 163 22139 174 8781 260 3076 68 26504
internal_value=0 -0.00452064 0.00607785 -8.44934e-05 -0.000697917 -0.00100958 -0.000163923 0.00408373 -0.00140762 -0.00632225 0.0084704 0.00694549 0.00430717 0.000593987 -0.000847909 -0.00197436 -0.00233476 -0.00878034 -0.0114713 0.00736546 0.00450873 -0.0034027 -0.0115876 -0.0116224 -0.00484874 0.00272354 -0.00274845 0.00875127 0.00956411 0.00794463
internal_weight=0 8709.25 6590.59 1843.2 5618.96 5409.86 4666.97 1056.99 3609.98 742.882 4747.4 2438.4 1214.63 194.795 1714.97 1416.99 1375.32 548.087 3090.29 209.104 297.981 23.8423 3049.63 3044.78 42.8671 226.259 40.6643 185.261 1223.77 311.823
internal_count=570368 95427 474941 48240 72402 68840 65192 19445 45747 3648 426701 186668 80856 1137 37681 23377 22228 2511 23025 3562 14304 293 22682 22476 337 8923 343 3269 105812 26572
is_linear=0
shrinkage=0.01


Tree=183
num_leaves=31
num_cat=0
split_feature=2 5 13 2 2 13 4 4 8 13 2 8 15 4 2 13 1 2 13 13 1 4 15 4 1 1 1 1 1 1
split_gain=4152.46 490.909 405.593 225.827 224.832 203.85 197.433 190.433 150.566 174.959 215.114 151.671 144.332 270.935 203.454 138.539 129.848 48.9036 71.3396 45.5709 187.235 60.1062 44.2409 41.7041 34.1283 61.2279 139.168 87.4316 58.0322 274.932
threshold=3511.5000000000005 3107.0000000000005 1.0935280532362801 84.500000000000014 181.50000000000003 1.3461532835074757 297.50000000000006 4209.5000000000009 1923.5000000000002 4.6912353757914458 263.50000000000006 40.500000000000007 2.9876049790630992 54.500000000000007 662.50000000000011 3.6350494103415421 2424655927106.5005 316.50000000000006 2.2688285431649127 3.4144747328930962 1632570092613.5002 2472.5000000000005 4.543167400369188 252.50000000000003 1181289197948.0002 1564759720309.0002 1478970866856.5002 1494781006281.0002 1738908559458.0002 1746051701064.0002
decision_type=2 2 2 2 2 2 2 2 2 2 2 2 2 2 2 2 2 2 2 2 2 2 2 2 2 2 2 2 2 2
left_child=1 7 24 15 6 -4 23 8 11 10 -10 -1 14 -14 -6 19 -11 -9 -19 21 -21 -3 -8 -5 -2 26 -26 -28 -27 -30
right_child=2 3 5 4 12 -7 22 17 9 16 -12 -13 13 -15 -16 -17 -18 18 -20 20 -22 -23 -24 -25 25 28 27 -29 29 -31
leaf_value=-0.012850374535196597 0.0059509193811917672 -0.012226499991071367 0.010081691549286375 0.0086201876732326949 -0.0026256945486107688 0.0020095812483777527 0.0066857608906013112 -0.024412269876108721 0.0059115747887429539 -0.01171509646269709 -0.0018638805612063902 0.0077932280142690678 -0.018697061674704155 0.0040242795720786999 -0.0085581865806505421 0.0067990299777058892 -0.0029560029742083621 -0.011109381128268432 0.0085107686255289517 0.0059593206399569968 -0.013595924997901267 -0.0084776580060229381 -0.03456127982278024 -0.028208689904756987 0.003576019669130159 0.0092965183389884503 -0.034309036890505913 -0.0072320040272201552 -0.044593986491576823 0.0037704508023447352
leaf_weight=40.38254239410162 702.86494601983577 697.64542974531651 2359.136984154582 3.5822188928723362 897.59750649146736 360.68015430029482 259.07741174660623 23.043985851109028 453.54156768508255 247.52626051753759 1651.1657845415175 299.90428695082664 63.093782089650631 311.98466393724084 1623.990633122623 54.033980203792453 535.16202100366354 172.37187258154154 20.764635041356087 88.363868551328778 109.80511638522148 1105.2533305622637 2.6267515495419493 21.701873704791069 184.7450228491798 188.58244745992124 14.778081204742191 61.773773299530149 11.805814484134315 2661.1309852004051
leaf_count=181 44208 4976 245482 43 11981 12928 6242 129 9059 1417 16515 9797 281 3762 12790 1595 2864 1331 150 1891 814 9475 29 105 11765 10949 822 2944 426 145417
internal_value=0 -0.00448927 0.00605895 -0.00641717 -0.00474905 0.00901123 0.00369368 -0.00155658 -0.00094801 -0.00168947 -0.000188354 0.00534341 -0.00558552 0.000202211 -0.00644643 -0.00900133 -0.00572608 -0.0106429 -0.00899997 -0.00942798 -0.00487621 -0.0099283 0.00627176 -0.0229908 0.00396006 0.00351197 -0.00112178 -0.0124591 0.0039351 0.00355683
internal_weight=0 8682.62 6545.5 5238.76 3183.65 2719.82 286.988 3443.86 3227.68 2887.4 2104.71 340.287 2896.67 375.078 2521.59 2055.1 782.688 216.18 193.137 2001.07 198.169 1802.9 261.704 25.2841 3825.68 3122.82 261.297 76.5519 2861.52 2672.94
internal_count=570368 95427 474941 53984 35233 258410 6419 41443 39833 29855 25574 9978 28814 4043 24771 18751 4281 1610 1481 17156 2705 14451 6271 148 216531 172323 15531 3766 156792 145843
is_linear=0
shrinkage=0.01


Tree=184
num_leaves=31
num_cat=0
split_feature=12 0 0 14 15 20 14 8 0 12 0 0 0 0 1 1 0 13 1 12 4 12 12 13 5 0 0 1 12 1
split_gain=4071.95 2380.95 925.697 127.808 198.145 183.391 320.257 173.056 124.345 116.914 168.211 1094.92 99.007 254.287 92.3825 429.209 71.7157 51.5022 43.5783 36.1692 31.7548 24.4222 15.5456 13.0667 12.1873 11.0723 1024.7 10.7809 10.5105 8.86773
threshold=1.0937088826584003 4201048.0000000009 4201072.0000000009 1.80966411804849 1.9367270844784239 3.9698649853746475 2.3795204768346951 1923.5000000000002 4205705.5000000009 1.0174949934843371 4200985.0000000009 4200993.0000000009 4204355.0000000009 4202198.5000000009 932620487749.50012 1581613327004.0002 4204916.0000000009 1.3461532835074757 3155490927897.0005 1.0661772286164315 448.50000000000006 1.5623053364853321 1.3826895352780137 3.7159804673141519 476.50000000000006 4200970.0000000009 4200977.5000000009 4205234324575.5005 1.3826895352780137 4205234324575.5005
decision_type=2 2 2 2 2 2 2 2 2 2 2 2 2 2 2 2 2 2 2 2 2 2 2 2 2 2 2 2 2 2
left_child=2 20 9 17 16 6 -6 -7 12 10 25 27 13 18 -14 -16 -5 29 -4 -15 22 -18 -2 -22 -24 -1 -27 -12 -19 -3
right_child=1 3 8 4 5 7 -8 -9 -10 -11 11 -13 14 19 15 -17 21 28 -20 -21 23 -23 24 -25 -26 26 -28 -29 -30 -31
leaf_value=0.010116203199499803 -0.012164069571397774 -0.0067929124649925166 -0.0049316556340560673 -0.014523138610528475 -0.00084742423693917775 0.0050314471606823256 0.0090498661475200363 -0.0021894983475260581 0.010120117896342803 0.010080495283729927 -0.011673463029638505 0.010112860560218496 0.0085347112402529273 0.010270338501635348 -0.047659600653033582 -0.0037075917538535999 -0.0062533682446913198 0.00965404668000641 0.00090380293049459261 0.002970489656245353 -0.01161517651453434 0.0037185860126026007 -0.022193298647207923 0.0068361417552407853 0.0031696638424889047 -0.14339251286885341 0.010117368749359326 -0.0017432094648990488 0.0024642520704926891 -0.027991335121436221
leaf_weight=899.33038534782827 12.1392405629158 14.034436553716661 393.37606089562178 123.42074567079544 920.40284715499729 365.98428953997791 507.04734256956726 3563.0626311358064 104.79655628558248 2276.3279145527631 315.99111586809158 874.00977067276835 50.118138752877712 223.3102070549503 23.264891507104039 493.92024071514606 160.00768347084522 161.96552265807986 189.68064531683922 97.514899246394634 2999.9814034029841 29.013001531362534 2.0408608615398434 3.842981342226266 26.427193488925695 4.4115043431520453 303.7522758282721 11.324697241187094 23.251389287412167 2.29622459411621
leaf_count=79240 83 131 4339 527 15340 10707 12585 37382 9025 240391 1568 79237 1633 10577 749 6598 683 2969 2459 4344 22390 127 20 91 240 68 26504 51 300 10
internal_value=0 -0.00429653 0.0062254 -0.000574909 -0.000853124 -0.000401596 0.00266821 -0.00151688 -0.000404304 0.00845549 0.00691986 0.00427052 -0.00115399 0.000901199 -0.00442851 -0.00568471 -0.00859411 0.00725045 -0.00303326 0.00805155 -0.0114728 -0.00472276 -0.00268894 -0.0115916 0.00135141 0.00955566 0.00791981 -0.0113299 0.00875147 -0.00977358
internal_weight=0 8914.92 6261.13 5870.49 5668.94 5356.5 1427.45 3929.05 1575.98 4685.15 2408.82 1201.33 1471.19 903.882 567.303 517.185 312.441 201.548 583.057 320.825 3044.43 189.021 40.6073 3003.82 28.4681 1207.49 308.164 327.316 185.217 16.3307
internal_count=570368 103585 466783 80761 77351 76014 27925 48089 39724 427059 186668 80856 30699 21719 8980 7347 1337 3410 6798 14921 22824 810 343 22481 260 105812 26572 1619 3269 141
is_linear=0
shrinkage=0.01


Tree=185
num_leaves=31
num_cat=0
split_feature=2 5 12 2 3 2 13 3 14 4 4 4 4 8 3 5 8 6 3 15 13 4 5 1 1 1 1 1 1 1
split_gain=4026.08 481.044 403.676 222.063 230.83 219.012 204.306 200.75 455.379 192.307 186.563 152.341 189.785 147.007 177.307 216.346 152.134 110.908 44.0052 42.5282 40.9765 40.0636 34.1423 33.9239 60.3979 187.668 86.9911 69.1392 51.8788 53.6252
threshold=3511.5000000000005 3107.0000000000005 1.0174949934843371 84.500000000000014 206.50000000000003 181.50000000000003 1.3461532835074757 615.50000000000011 2.3795204768346951 297.50000000000006 4216.5000000000009 1943.5000000000002 2537.5000000000005 1837.0000000000002 86.500000000000014 853.50000000000011 40.500000000000007 574.50000000000011 3103.5000000000005 4.543167400369188 2.6377805539795003 252.50000000000003 50.500000000000007 1181289197948.0002 2521344728486.5005 2417604865630.5005 1564759720309.0002 2424655934955.0005 4187424672483.5005 4205234324575.5005
decision_type=2 2 2 2 2 2 2 2 2 2 2 2 2 2 2 2 2 2 2 2 2 2 2 2 2 2 2 2 2 2
left_child=1 10 23 4 11 9 -4 20 -9 21 13 -3 -13 16 17 -16 -1 -15 -6 -11 -7 -5 -18 -2 25 26 -25 -27 -26 -30
right_child=2 3 6 5 18 7 -8 8 -10 19 -12 12 -14 14 15 -17 22 -19 -20 -21 -22 -23 -24 24 28 27 -28 -29 29 -31
leaf_value=-0.012785870256685207 0.0059113361956811021 0.0074220629887991954 0.010079383446334633 0.0085958616619887691 -0.011626327244239882 -0.011894285354354231 0.0019744628197502678 -0.0062481340263138832 0.0054109352379303581 0.0066577408676911426 -0.011139951369971269 -0.013043724004213256 0.00055816982570974414 -0.016212879284284647 -0.0016147975204039819 -0.010878602096465288 -0.0064993590534050084 0.0057550809401445968 -0.006931551218490018 -0.033204131156088897 -0.0047692792417713134 -0.02756120457164454 0.0087854930908893743 -0.0011421740295150015 0.0055629808638000865 -0.011207626834554873 0.0054244249489435519 -0.0014757374639985919 -0.0066842530809470592 0.0036793182277303424
leaf_weight=40.315480820834637 695.33325769100338 107.71822820976377 2312.936809158884 3.5612565949559238 1277.5753866285086 491.62492714822292 359.33599279168993 1884.4730592556298 407.42855444736779 257.20078972540796 190.50238086283207 196.34665356576443 214.80145636573434 24.444012522697449 2231.8936044760048 284.1988592967391 15.446782216429709 384.16687671840191 236.63166183233261 2.7046118676662436 96.572653133422136 21.970862969756126 271.08547349832952 260.29329941328615 1366.013024173677 105.74083739239722 896.83318824041635 235.77535005100071 72.439996281638741 160.66688012238592
leaf_count=181 44208 3095 245482 43 10167 3679 12928 16488 7559 6242 1465 1020 2635 101 19708 1436 86 8897 1834 29 1088 105 9569 15531 88360 797 51727 6841 1708 7359
internal_value=0 -0.00442134 0.00601255 -0.00634127 -0.00892021 -0.00468494 0.00898953 -0.005513 -0.00417552 0.0036703 -0.00152164 -0.00316402 -0.00593751 -0.000958122 -0.00166893 -0.00266117 0.00540238 0.00444091 -0.0108927 0.00624293 -0.0107245 -0.022518 0.0079615 0.00391523 0.00346718 0.0020248 0.00394728 -0.00448894 0.00481893 0.000458748
internal_weight=0 8640.66 6465.37 5198.61 2033.07 3165.54 2672.27 2880.1 2291.9 285.438 3442.05 518.866 411.148 3251.55 2924.7 2516.09 326.848 408.611 1514.21 259.905 588.198 25.5321 286.532 3793.1 3097.76 1498.64 1157.13 341.516 1599.12 233.107
internal_count=570368 95427 474941 53984 18751 35233 258410 28814 24047 6419 41443 6750 3655 39978 30142 21144 9836 8998 12001 6271 4767 148 9655 216531 172323 74896 67258 7638 97427 9067
is_linear=0
shrinkage=0.01


Tree=186
num_leaves=31
num_cat=0
split_feature=2 0 0 0 14 16 4 12 3 2 0 0 2 0 4 3 4 3 2 12 2 3 12 7 1 12 2 5 0 0
split_gain=3963.24 2256.27 963.351 141.276 139.462 186.376 175.165 260.387 172.688 116.353 167.981 1084.11 100.265 71.1441 59.5829 50.1051 31.4926 29.4819 23.9807 22.8666 22.7365 20.1835 32.5734 19.6752 17.7288 15.3152 13.3343 11.7422 11.1746 905.286
threshold=3511.5000000000005 4200993.0000000009 4201072.0000000009 4205705.5000000009 1.80966411804849 1.9678466221769229 4824.0000000000009 1.8855877148658888 4630.5000000000009 4855.5000000000009 4200985.0000000009 4200993.0000000009 4175.5000000000009 4204916.0000000009 921.50000000000011 168.50000000000003 448.50000000000006 4159.5000000000009 878.50000000000011 1.1159798465572681 3092.5000000000005 166.50000000000003 2.8416269947219686 2729.5000000000005 4205234324575.5005 1.3826895352780137 1354.5000000000002 476.50000000000006 4200970.0000000009 4200977.5000000009
decision_type=2 2 2 2 2 2 2 2 2 2 2 2 2 2 2 2 2 2 2 2 2 2 2 2 2 2 2 2 2 2
left_child=1 16 9 12 20 13 8 -8 -7 -2 28 -12 17 -6 -14 -16 25 23 -15 -18 26 22 -21 -4 -22 -1 -3 -27 -11 -30
right_child=2 4 3 -5 5 6 7 -9 -10 10 11 -13 14 18 15 -17 19 -19 -20 21 24 -23 -24 -25 -26 27 -28 -29 29 -31
leaf_value=-0.012112626602556143 0.010076192490994411 0.00042972367387203127 -0.0081980992915250111 0.010122912399556991 -0.014381199118515977 -0.0011210799307676557 -0.0012024850072990094 0.0093057466811442436 -0.017014387965225475 0.010114506398571498 -0.011293326483750645 0.010111212735214819 0.0099015549170432659 0.0019577931425674802 -0.012363988328992418 -0.0019941072742133458 0.01024687926339329 0.010135005889991831 -0.0065386280002640894 -0.011662447995125622 0.0014501396437580716 -0.011634388965866421 0.0063490154076999393 0.0034684532940461102 -0.027385756650654999 -0.021508453271112952 0.009589132486224063 0.0031785691504545156 -0.12596743777492489 0.010115655253469616
leaf_weight=11.951549291610716 2219.450957428664 17.617872275412083 15.529879085719584 124.78449231758714 122.8602941930294 4063.9542268645018 543.96247930824757 416.25753663107753 69.534576714038849 886.40761405415833 326.23763298988342 861.44628511462361 40.814814114943147 42.984435766935349 48.295100621879101 1323.1772386431694 4.8274588771164408 69.008375678211451 146.22422930598259 25.88558654487133 26.569739252328876 2918.0615597441792 16.403467858210206 208.95727913081646 2.3181537091732016 2.0784410573542145 162.45002704486251 26.388084936887026 4.969665363430976 299.39019594993442
leaf_count=83 240033 193 142 10559 527 49249 6018 11831 405 79240 1619 79237 1149 183 724 21504 206 5381 627 163 357 22139 174 8781 10 20 3002 240 68 26504
internal_value=0 -0.00438751 0.00598683 -0.000148326 -0.000644391 -0.000954248 -0.000494654 0.00335286 -0.00138844 0.00842942 0.00689274 0.00423173 -0.000899707 -0.00845592 -0.00200494 -0.00235927 -0.01138 0.00441861 -0.00460841 -0.0114995 0.00737176 -0.011535 -0.004676 0.00266137 -0.000863842 -0.0026125 0.00869297 0.00137608 0.00954686 0.00789366
internal_weight=0 8620.33 6428.47 1830.57 5614.73 5405.78 5093.71 960.22 4133.49 4597.9 2378.45 1187.68 1705.78 312.069 1412.29 1371.47 3005.6 293.496 189.209 2965.18 208.956 2960.35 42.2891 224.487 28.8879 40.4181 180.068 28.4665 1190.77 304.36
internal_count=570368 95427 474941 48240 72402 68840 67503 17849 49654 426701 186668 80856 37681 1337 23377 22228 23025 14304 810 22682 3562 22476 337 8923 367 343 3195 260 105812 26572
is_linear=0
shrinkage=0.01


Tree=187
num_leaves=31
num_cat=0
split_feature=2 0 0 0 1 8 6 15 6 2 0 0 13 2 0 0 1 13 5 5 1 0 1 12 13 2 20 15 6 12
split_gain=3904.94 2236.92 959.123 139.714 134.494 186.568 141.366 224.544 151.931 115.683 166.513 1071.44 108.852 98.4669 56.4507 109.919 69.0117 39.056 34.8458 29.2163 28.6371 27.1474 24.491 22.3399 22.2088 18.3159 13.6436 13.3247 23.5664 11.7538
threshold=3511.5000000000005 4200993.0000000009 4201072.0000000009 4205705.5000000009 4205234304898.5005 1327.5000000000002 2579.5000000000005 3.8950054854148513 2090.5000000000005 4855.5000000000009 4200985.0000000009 4200993.0000000009 3.2700284684009455 4171.5000000000009 4204808.5000000009 4204112.0000000009 932620487749.50012 3.364457487938862 172.50000000000003 50.500000000000007 4223680113635.0005 4203566.0000000009 4374073345192.5005 1.1159798465572681 1.7754236602093663 181.50000000000003 7.9200565504568727 5.2206801228272122 574.50000000000011 3.3820560181425772
decision_type=2 2 2 2 2 2 2 2 2 2 2 2 2 2 2 2 2 2 2 2 2 2 2 2 2 2 2 2 2 2
left_child=1 23 9 13 5 19 8 -8 -7 -2 -11 -12 20 21 15 -15 -16 -14 -19 -3 25 -4 -23 -1 -22 -6 -21 29 -29 -25
right_child=2 4 3 -5 12 6 7 -9 -10 10 11 -13 17 14 16 -17 -18 18 -20 26 24 22 -24 27 -26 -27 -28 28 -30 -31
leaf_value=0.010244362420699902 0.010075068995624444 -0.0054225589911841973 0.010132433351060142 0.01012167516640944 0.0020236162722129716 -0.002112966169914428 -0.00062495190107465597 0.0060897060462731783 -0.013505622694512918 0.0095412454388586528 -0.011236576472049939 0.010110093994783305 -0.018107580295742023 -0.0026685890736052689 0.0079873914493963256 0.004881477251237938 -0.0060555685398443826 -0.0095030382411335976 -0.0038906291541301488 -0.010712338456141328 -0.0023399762704610044 0.0034505163650587456 -0.014331755644721634 -0.011444510601627766 0.0077862726743081305 -0.016296017569379186 0.009727831614658896 -0.038574137705983558 0.0108152828037187 0.0065003934702162168
leaf_weight=4.7805931679904452 2197.610886904411 14.087656170129774 65.589431152679026 123.55788951739669 10.511496841907503 1346.9721998479217 2682.0175910871476 611.59716937504709 128.19743628054857 1179.6508766887709 324.61458094418049 852.96867519058287 31.318624883890152 703.61796477250755 38.212640386074781 265.62309899553657 415.59025032073259 210.46203020215034 233.2025978192687 3.3146998807787886 29.69526931643486 209.79037618637085 8.0420799367129785 2966.7479900307953 80.026853302493691 11.350709684193133 220.39507052116096 1.1618564650416372 5.7342274319380513 3.6545260474085799
leaf_count=206 240033 80 5205 10559 133 13413 33976 11889 586 105812 1619 79237 176 9349 1193 8980 4096 913 1471 91 199 8691 167 22637 1167 72 8236 7 104 71
internal_value=0 -0.00435645 0.00596783 -0.00014679 -0.000638078 -9.92915e-05 -0.000530361 0.000621905 -0.00310303 0.00842454 0.00688577 0.00422563 -0.00508519 -0.000890285 -0.00196231 -0.000599473 -0.00487308 -0.00731486 -0.006553 0.00854537 0.00296331 0.00449227 0.00279402 -0.0113555 0.0050457 -0.00748781 0.00942497 -0.0113902 0.00249412 -0.0114224
internal_weight=0 8595.23 6384.87 1830.02 5613.15 5006.58 4768.78 3293.61 1475.17 4554.85 2357.23 1177.58 606.568 1706.47 1423.04 969.241 453.803 474.983 443.665 237.797 131.584 283.422 217.832 2982.08 109.722 21.8622 223.71 2977.3 6.89608 2970.4
internal_count=570368 95427 474941 48240 72402 68271 59864 45865 13999 426701 186668 80856 4131 37681 23618 18329 5289 2560 2384 8407 1571 14063 8858 23025 1366 205 8327 22819 111 22708
is_linear=0
shrinkage=0.01


Tree=188
num_leaves=31
num_cat=0
split_feature=12 0 0 14 15 17 14 8 0 12 0 0 0 0 1 1 0 13 1 3 4 12 3 12 12 0 0 1 12 1
split_gain=3837.47 2305.6 912.458 125.104 188.318 175.928 267.385 167.137 120.291 115.534 165.005 1058.95 93.4126 247.555 88.5228 401.857 70.352 49.9433 42.3666 37.8703 32.1598 23.5332 20.4542 32.1929 15.1982 11.3304 817.664 10.809 10.413 8.28792
threshold=1.0937088826584003 4201048.0000000009 4201072.0000000009 1.80966411804849 1.9367270844784239 3.8034897267170433 2.3795204768346951 1923.5000000000002 4205705.5000000009 1.0174949934843371 4200985.0000000009 4200993.0000000009 4204355.0000000009 4202198.5000000009 932620487749.50012 1581613327004.0002 4204916.0000000009 1.3461532835074757 3155490927897.0005 4159.5000000000009 448.50000000000006 1.5623053364853321 166.50000000000003 2.8416269947219686 1.3826895352780137 4200970.0000000009 4200977.5000000009 4205234324575.5005 1.3826895352780137 3407420922629.5005
decision_type=2 2 2 2 2 2 2 2 2 2 2 2 2 2 2 2 2 2 2 2 2 2 2 2 2 2 2 2 2 2
left_child=2 20 9 17 16 6 -6 -7 12 10 25 27 13 18 -14 -16 -5 -3 -4 -15 24 -18 23 -22 -2 -1 -27 -12 -19 -30
right_child=1 3 8 4 5 7 -8 -9 -10 -11 11 -13 14 19 15 -17 21 28 -20 -21 22 -23 -24 -25 -26 26 -28 -29 29 -31
leaf_value=0.010112277747039164 -0.012063441218884563 -0.0094232173056260273 -0.0048620620416761906 -0.01427946954039824 -0.00080880343455490462 0.0049727931427152715 0.0078745698211474154 -0.0021775726718135718 0.010115991364487271 0.010076052757089369 -0.011527852716512504 0.010108986343184473 0.0084947049943681213 0.0026793436631607874 -0.04528743104181248 -0.0035930202697484499 -0.0060525652021079139 0.0096359081117976357 0.00089041436185015549 0.010264387361054653 -0.011586913682073634 0.0037331529409404336 -0.011599482438378234 0.0063647867169325748 0.0014433159724847873 -0.11322296057263309 0.010113403731076777 -0.0015487575096120021 0.0069185894309503719 -0.005539554188908509
leaf_weight=869.53787288349122 11.768679052591322 16.523497857153416 394.9078703969717 122.44183734059334 922.22761355619878 360.66701716370881 576.16739706881344 3491.7148521281779 101.26669229846448 2188.3810779349878 311.74538335204124 844.57352882809937 49.200885228812695 93.759785331785679 24.248358277603984 495.08955653011799 160.28768417239189 160.25294439867139 189.45131853222847 220.91903431527317 25.541546180844307 29.025227725505829 2872.8969752937555 16.406346257776022 28.51901938021183 5.4753852039575568 293.69328703265637 11.245932787656782 14.983488380908968 8.2969015166163427
leaf_count=79240 83 141 4339 527 15340 10707 13632 36335 9025 240391 1568 79237 1633 4168 749 6598 683 2969 2459 10753 163 127 22144 174 260 68 26504 51 217 83
internal_value=0 -0.00417333 0.00614638 -0.000542898 -0.000817474 -0.000377286 0.00253015 -0.00150814 -0.000425292 0.00842499 0.00687845 0.00421956 -0.00115267 0.00085362 -0.00432524 -0.00553977 -0.00837261 0.00722885 -0.00299709 0.00800439 -0.0113756 -0.00455223 -0.0114983 -0.00456578 -0.00250222 0.00953474 0.0078561 -0.0111804 0.00872804 0.00247863
internal_weight=0 8817.72 6093.5 5862.59 5662.53 5350.78 1498.4 3852.38 1568.84 4524.65 2336.27 1167.56 1467.58 899.038 568.539 519.338 311.755 200.057 584.359 314.679 2955.13 189.313 2914.84 41.9479 40.2877 1168.71 299.169 322.991 183.533 23.2804
internal_count=570368 103585 466783 80761 77351 76014 28972 47042 39724 427059 186668 80856 30699 21719 8980 7347 1337 3410 6798 14921 22824 810 22481 337 343 105812 26572 1619 3269 300
is_linear=0
shrinkage=0.01


Tree=189
num_leaves=31
num_cat=0
split_feature=2 0 0 0 1 8 15 13 2 0 0 13 2 4 1 13 4 3 1 2 12 13 3 12 1 2 2 12 3 12
split_gain=3791.11 2197.99 950.319 136.797 131.583 182.677 133.576 219.551 114.376 163.558 1046.62 106.261 95.2614 58.0103 48.9275 37.4649 31.6955 29.1378 28.0053 23.8544 22.0485 22.0009 20.2463 31.7597 19.4656 17.6335 15.3456 15.0245 14.165 13.8848
threshold=3511.5000000000005 4200993.0000000009 4201072.0000000009 4205705.5000000009 4205234304898.5005 1327.5000000000002 1.8964817957666884 1.7754236602093663 4855.5000000000009 4200985.0000000009 4200993.0000000009 3.2700284684009455 4175.5000000000009 921.50000000000011 2417604865630.5005 3.364457487938862 448.50000000000006 4159.5000000000009 4223680113635.0005 170.50000000000003 1.1159798465572681 1.8107551040761356 166.50000000000003 2.8416269947219686 2241719161008.5005 181.50000000000003 1354.5000000000002 1.3826895352780137 311.50000000000006 4.1356936594825422
decision_type=2 2 2 2 2 2 2 2 2 2 2 2 2 2 2 2 2 2 2 2 2 2 2 2 2 2 2 2 2 2
left_child=1 16 8 12 5 28 26 -8 -2 -10 -11 18 17 -14 -15 -13 27 24 25 -17 -18 -20 23 -22 -4 -6 -7 -1 -3 -30
right_child=2 4 3 -5 11 6 7 -9 9 10 -12 15 13 14 -16 19 20 -19 21 -21 22 -23 -24 -25 -26 -27 -28 -29 29 -31
leaf_value=-0.012038698145208936 0.010072845238941889 0.0093593344797732389 0.0045245416118642441 0.010119400300131635 0.002006147190118622 -0.0035054403259386748 -0.005915747855592444 9.0952064685758112e-05 0.0095291540168512042 -0.011125200671605471 0.010107889995785027 -0.017742513631279332 0.0098893122144711743 -0.00033491553327484212 -0.004108052558658341 -0.0081499788613418143 0.010239448259517343 0.010131000597518374 -0.00036823931646862124 -0.0032672328590643137 -0.011549361644598209 0.0087599929821407605 -0.011564034203216915 0.0063266039719001585 -0.0019496719637460197 -0.015936910286482923 0.0084328863877062652 0.0014297877360166266 0.010344601661031103 -0.004921849393927891
leaf_weight=11.675406053662298 2154.563996068202 210.17411928251386 157.1282687485218 121.25476318039 10.491865023970606 11.460139520466326 722.53542923182249 3855.6640488114208 1157.7890725312755 321.35637474060059 836.26012452878058 31.603334024548531 40.263984713703394 663.90402620099485 712.5121754296124 291.42152439057827 4.6889279298484317 67.00434488337487 44.744561016559601 152.3694530762732 25.369211256504059 64.415468072518706 2849.353988148272 16.340639481320977 65.924699207767844 11.458838798105715 178.03282373398542 28.501063786447048 10.103147502988579 14.518685564398764
leaf_count=83 240033 8008 6713 10559 133 117 3592 52894 105812 1619 79237 176 1149 14701 7527 1354 206 5381 366 1030 163 1000 22139 174 2210 72 3261 260 315 84
internal_value=0 -0.00429509 0.0059305 -0.000143851 -0.000625736 -9.2425e-05 -0.000516497 -0.000857031 0.0084146 0.00687155 0.00421355 -0.00502452 -0.000873001 -0.00194201 -0.00228811 -0.0072227 -0.0113053 0.00434819 0.00294585 -0.00647356 -0.0114276 0.00501834 -0.0114628 -0.00454611 0.00261105 -0.0073606 0.00771088 -0.0024842 0.00851865 0.00134248
internal_weight=0 8544.92 6297.96 1827.99 5608.99 5002.49 4767.69 4578.2 4469.97 2315.41 1157.62 606.505 1706.74 1416.68 1376.42 475.394 2935.93 290.057 131.111 443.791 2895.75 109.16 2891.06 41.7099 223.053 21.9507 189.493 40.1765 234.796 24.6218
internal_count=570368 95427 474941 48240 72402 68271 59864 56486 426701 186668 80856 4131 37681 23377 22228 2560 23025 14304 1571 2384 22682 1366 22476 337 8923 205 3378 343 8407 399
is_linear=0
shrinkage=0.01


Tree=190
num_leaves=31
num_cat=0
split_feature=12 12 3 5 5 3 13 12 3 13 5 6 12 15 3 6 13 3 1 5 7 7 15 15 13 13 13 1 6 3
split_gain=3727.91 504.313 453.48 222.376 178.635 180.536 214.465 281.402 169.013 164.862 161.029 157.493 201.875 126.371 175.95 127.035 117.835 259.019 88.2725 96.2173 80.191 78.2451 71.0466 67.6721 63.7626 59.7055 47.4673 46.0329 39.1617 36.6495
threshold=1.0937088826584003 1.0174949934843371 256.50000000000006 778.50000000000011 937.50000000000011 4100.5000000000009 1.7754236602093663 1.7035144742113564 46.500000000000007 3.1696996596600253 3769.0000000000005 213.50000000000003 4.0072691311806761 5.3217667867264238 295.50000000000006 2472.5000000000005 3.4655344199481246 128.50000000000003 4202993306407.5005 260.50000000000006 2865.5000000000005 2067.5000000000005 3.7847115260584521 3.0293660579248796 2.9257316291234807 2.833317601516534 1.3461532835074757 4374073345192.5005 197.50000000000003 46.500000000000007
decision_type=2 2 2 2 2 2 2 2 2 2 2 2 2 2 2 2 2 2 2 2 2 2 2 2 2 2 2 2 2 2
left_child=1 -1 3 8 11 10 23 -8 -2 24 -6 12 21 14 -13 -15 22 -18 28 -20 -14 -4 -11 -7 29 -12 -3 -28 -10 -5
right_child=2 26 4 9 5 6 7 -9 18 16 25 13 20 15 -16 -17 17 -19 19 -21 -22 -23 -24 -25 -26 -27 27 -29 -30 -31
leaf_value=0.0038206458868004691 -0.014012910886680708 0.010075780036104405 0.001573342800857237 -0.012082879812152019 0.0085215544314456767 -0.0070065352847559171 0.0033870404938295857 -0.0062122075616705156 0.0045503998659050674 -0.0026002625800986509 -0.0079631834744066689 -0.029572471045331384 0.0070810143252013685 -0.012508304863017275 0.00093071694018897024 -0.00050715142826198898 0.008093628603112385 -0.0071573790336318709 -0.0065819044060326758 0.0098532329068584737 -0.0058673180920692956 -0.012564921507202188 -0.011722205023153387 -0.017379638621009556 0.010380649326302113 -0.011664659153048373 0.004644890399098581 -0.02472979889416661 0.0097908849338918646 0.0015244930693205031
leaf_weight=3698.0802025124431 47.908875105902553 2213.6169930286705 43.660142540931702 21.149091169238091 52.982103297486901 1225.9169521704316 576.27081556245685 649.67933446355164 279.88336384482682 122.22289537638426 1370.1629024967551 19.236417591571808 106.02839140594006 174.39470729976892 1115.3703051880002 178.46040217578411 174.09555322490633 309.0407185330987 107.99520519375801 53.152961429208517 87.137970328330994 378.42499116063118 283.26786746457219 66.292456105351448 84.660208825021982 639.01374626159668 91.354861879721284 5.6657050624489775 290.7207469008863 308.77382147870958
leaf_count=216531 324 245840 451 145 1572 10541 6729 8334 4604 947 15905 97 642 918 11047 1109 4285 2781 511 819 446 2402 2008 279 2181 5310 4301 111 10564 8634
internal_value=0 0.00611065 -0.00411525 -4.11051e-05 -0.00538502 -0.00649276 -0.00469615 -0.00169998 0.00418331 -0.00256841 -0.00868665 -0.00297203 -0.00722739 -0.00121191 0.000413558 -0.00643859 -0.00499781 -0.00166176 0.00537465 -0.00116095 0.00123998 -0.0111025 -0.00897267 -0.00753869 0.00263882 -0.00914043 0.00977572 0.0029295 0.00722041 0.000652218
internal_weight=0 6008.72 8765.9 2082.87 6683.03 4580.32 2518.16 1225.95 779.661 1303.21 2062.16 2102.71 615.251 1487.46 1134.61 352.855 888.627 483.136 731.752 161.148 193.166 422.085 405.491 1292.21 414.583 2009.18 2310.64 97.0206 570.604 329.923
internal_count=570368 466783 103585 37803 65782 48670 25883 15063 16822 20981 22787 17112 3941 13171 11144 2027 10021 7066 16498 1330 1088 2853 2955 10820 10960 21215 250252 4412 15168 8779
is_linear=0
shrinkage=0.01


Tree=191
num_leaves=31
num_cat=0
split_feature=2 0 0 0 14 13 15 13 4 5 2 0 0 5 2 4 14 3 4 13 3 13 0 3 13 7 13 2 0 0
split_gain=3675.85 2172.95 947.089 135.777 134.56 216.524 267.003 317.505 307.159 117.367 114.182 163.192 1036.47 102.081 93.8474 57.4871 49.5419 48.1134 31.5893 29.6241 28.9153 21.5379 20.1202 20.0355 31.0474 19.6715 14.9444 13.1689 11.5298 749.964
threshold=3511.5000000000005 4200993.0000000009 4201072.0000000009 4205705.5000000009 1.80966411804849 1.7754236602093663 3.6922419901710248 2.2688285431649127 52.500000000000007 853.50000000000011 4855.5000000000009 4200985.0000000009 4200993.0000000009 317.50000000000006 4175.5000000000009 921.50000000000011 1.8343053871512336 168.50000000000003 448.50000000000006 1.3461532835074757 4159.5000000000009 1.3201124284121852 4204916.0000000009 166.50000000000003 2.9257316291234807 2729.5000000000005 2.2989862069126414 1354.5000000000002 4200970.0000000009 4200977.5000000009
decision_type=2 2 2 2 2 2 2 2 2 2 2 2 2 2 2 2 2 2 2 2 2 2 2 2 2 2 2 2 2 2
left_child=1 18 10 14 19 9 8 -8 -7 13 -2 28 -13 -6 20 -16 -11 -17 26 22 25 -20 -3 24 -23 -4 -1 -21 -12 -30
right_child=2 4 3 -5 5 6 7 -9 -10 16 11 12 -14 -15 15 17 -18 -19 21 27 -22 23 -24 -25 -26 -27 -28 -29 29 -31
leaf_value=-0.012017375251520537 0.010070650440704447 0.010553917940076143 -0.0082733225276441467 0.010117799050526382 -0.010248961902119751 -0.030293656658585078 -0.017323015605448019 -0.0010673865302871803 0.0041209108598482544 -0.00028951163914878202 0.010109674036960345 -0.011089009880381013 0.010106397990119552 0.0054738339016541515 0.0098796609732597959 -0.01204178537574681 -0.0094115556760075714 -0.0019458796853841882 0.010234633598102474 0.00052814409862058688 0.010128423205536361 -0.011486916523564381 -0.0091985631962790398 -0.011525130212987185 0.0062740446333514974 0.0033933904398043379 0.0014506554207314563 0.0095929800823380314 -0.1034125509000433 0.010110774112246311
leaf_weight=11.594326630234717 2112.3501950027421 7.4695037044584778 15.538730682805179 119.65043564792722 59.119953826069832 26.420835793018341 125.00855077803135 3094.8626997116953 1408.952704789117 67.957150161266327 849.81172744370997 320.29184547066689 824.93656046688557 136.95020177960396 39.8406030703336 48.946477439254522 480.51871651411057 1325.6909792441875 4.598956659436225 17.757651939988136 65.711957289837301 25.038193419575691 16.656318865716457 2810.0541305318475 16.216826664283872 206.72389345988631 28.469197738915682 164.36446025967598 5.9397178292274466 287.03176615014672
leaf_count=83 240033 152 142 10559 284 127 598 40208 24259 307 79240 1619 79237 853 1149 724 2204 21504 206 193 5381 163 141 22139 174 8781 260 3076 68 26504
internal_value=0 -0.0042311 0.00588368 -0.000179096 -0.000597533 -0.000900319 -9.9491e-05 -0.0016985 0.00348744 -0.00590746 0.00839416 0.00684639 0.00417857 0.000733026 -0.000902774 -0.00196216 -0.00828132 -0.00230536 -0.011265 0.00732973 0.00430071 -0.0113887 -0.00308307 -0.0114236 -0.00450531 0.00257775 -0.00244697 0.00870912 0.00951991 0.0078092
internal_weight=0 8502.01 6222.46 1822.1 5606.04 5399.79 4655.24 3219.87 1435.37 744.546 4400.36 2288.01 1145.23 196.07 1702.45 1414.48 548.476 1374.64 2895.97 206.248 287.975 2855.91 24.1258 2851.31 41.255 222.263 40.0635 182.122 1142.78 292.971
internal_count=570368 95427 474941 48240 72402 68840 65192 40806 24386 3648 426701 186668 80856 1137 37681 23377 2511 22228 23025 3562 14304 22682 293 22476 337 8923 343 3269 105812 26572
is_linear=0
shrinkage=0.01


Tree=192
num_leaves=31
num_cat=0
split_feature=2 5 12 2 3 2 14 3 14 4 4 4 4 8 3 5 8 6 3 2 15 1 1 1 1 1 1 5 4 4
split_gain=3621.86 447.643 393.642 213.929 222.138 205.835 205.162 193.418 429.4 185.747 174.939 146.676 184.759 135.938 168.646 220.338 143.354 106.679 45.6387 40.7366 40.4639 33.5752 61.1568 132.884 82.2798 58.7731 262.265 33.2632 32.4419 70.9248
threshold=3511.5000000000005 3107.0000000000005 1.0174949934843371 84.500000000000014 206.50000000000003 181.50000000000003 1.7795022112803112 615.50000000000011 2.3795204768346951 297.50000000000006 4216.5000000000009 1975.5000000000002 2537.5000000000005 1923.5000000000002 86.500000000000014 853.50000000000011 40.500000000000007 574.50000000000011 3103.5000000000005 337.50000000000006 4.543167400369188 1181289197948.0002 1564759720309.0002 1478970866856.5002 1494781006281.0002 1738908559458.0002 1746051701064.0002 4105.0000000000009 921.50000000000011 4824.0000000000009
decision_type=2 2 2 2 2 2 2 2 2 2 2 2 2 2 2 2 2 2 2 2 2 2 2 2 2 2 2 2 2 2
left_child=1 10 21 4 11 9 -4 19 -9 27 13 -3 -13 16 17 -16 -1 -15 -6 -7 -11 -2 23 -23 -25 -24 -27 -5 -8 -30
right_child=2 3 6 5 18 7 28 8 -10 20 -12 12 -14 14 15 -17 -18 -19 -20 -21 -22 22 25 24 -26 26 -28 -29 29 -31
leaf_value=-0.012537804710571679 0.0058015987056201515 0.0071478610411459045 0.010071595887348196 0.00090356086991086532 -0.011486573136129703 -0.0046628273151017013 0.0069607486750755581 -0.0060090375859281489 0.0053809926998177994 0.0066537696523702033 -0.010940850536255724 -0.012924210750681382 0.00057304297823576101 -0.015796510506683667 -0.0014908832782858956 -0.01097175730824757 0.0076809771919538585 0.0057219371816914725 -0.0065952688057931939 -0.011768808576377075 -0.031517717858437287 0.0033917538766398215 0.0092730047519643376 -0.033309182989766213 -0.0072499563800552573 -0.042963252664979433 0.0035892843929298981 -0.027518176192823263 -0.01826378111234344 0.0015445255840188131
leaf_weight=39.92060711979866 668.82640196196735 110.48458914458752 2158.3398944521323 5.1382828988134888 1207.9678407348692 97.677020385861397 92.373173623345792 1849.016584418714 403.15547241456807 254.35837393067777 182.45124717801809 193.37770491093397 213.26791302114725 24.521842792630196 2236.5826907269657 275.3010568395257 288.42693936824799 380.92483527213335 226.53161072731018 463.46842737868428 2.8077439591288558 175.98375942371786 180.44898415822536 15.105501499027012 61.228168963454664 12.159526461735366 2554.0378503724933 20.733027085661888 19.530482556670904 242.72911977674812
leaf_count=181 44208 3146 245482 50 10167 1115 3522 16488 7559 6242 1465 969 2635 101 19708 1294 9797 8897 1834 3652 29 11765 10949 822 2944 426 145417 98 286 9120
internal_value=0 -0.0042017 0.00586453 -0.00609551 -0.00868851 -0.00446115 0.00891339 -0.00527895 -0.00397014 0.00366756 -0.00141303 -0.00306947 -0.00584549 -0.000877434 -0.00156402 -0.00252998 0.00522277 0.00442048 -0.0107142 -0.0105319 0.00623701 0.00377561 0.00332378 -0.00138778 -0.0124068 0.0037566 0.0033687 -0.0218734 0.00186443 6.94002e-05
internal_weight=0 8476.11 6180.76 5047.98 1951.63 3096.35 2512.97 2813.32 2252.17 283.037 3428.13 517.13 406.646 3245.68 2917.33 2511.88 328.348 405.447 1434.5 561.145 257.166 3667.79 2998.96 252.317 76.3337 2746.65 2566.2 25.8713 354.633 262.26
internal_count=570368 95427 474941 53984 18751 35233 258410 28814 24047 6419 41443 6750 3604 39978 30000 21002 9978 8998 12001 4767 6271 216531 172323 15531 3766 156792 145843 148 12928 9406
is_linear=0
shrinkage=0.01


Tree=193
num_leaves=31
num_cat=0
split_feature=2 0 0 0 14 13 15 13 4 2 0 0 5 5 2 4 14 3 4 13 3 12 12 3 12 7 12 2 0 0
split_gain=3564.39 2143.4 943.5 134.503 133.546 209.234 261.506 308.268 300.012 113.979 162.903 1026.41 113.702 99.8855 92.2019 56.6279 48.5543 42.8965 31.647 29.1885 28.7097 23.8332 21.3686 19.9283 30.4307 19.4993 14.7196 13.0475 11.6167 686.896
threshold=3511.5000000000005 4200993.0000000009 4201072.0000000009 4205705.5000000009 1.80966411804849 1.7754236602093663 3.6922419901710248 2.2688285431649127 52.500000000000007 4855.5000000000009 4200985.0000000009 4200993.0000000009 853.50000000000011 317.50000000000006 4175.5000000000009 874.50000000000011 1.8343053871512336 168.50000000000003 448.50000000000006 1.3461532835074757 4159.5000000000009 1.1125572557191938 1.1159798465572681 166.50000000000003 2.8416269947219686 2729.5000000000005 1.3826895352780137 1354.5000000000002 4200970.0000000009 4200977.5000000009
decision_type=2 2 2 2 2 2 2 2 2 2 2 2 2 2 2 2 2 2 2 2 2 2 2 2 2 2 2 2 2 2
left_child=1 18 9 14 19 12 8 -8 -7 -2 28 -12 13 -6 20 -16 -14 -17 26 21 25 -3 -20 24 -24 -4 -1 -21 -11 -30
right_child=2 4 3 -5 5 6 7 -9 -10 10 11 -13 16 -15 15 17 -18 -19 22 27 -22 -23 23 -25 -26 -27 -28 -29 29 -31
leaf_value=-0.011969955143731241 0.010068485870871795 0.010666935812829707 -0.0082593798114625212 0.010116031355188449 -0.010089172346902417 -0.029751890144581981 -0.017009794159417963 -0.0010459120555044975 0.0040986619948099315 0.010108150029486077 -0.011053373119147841 0.010104920618626112 -0.00022612019374178689 0.0054463144151333269 0.010361982913671202 -0.011245322726938217 -0.0092500208375654886 -0.0019525836987323863 0.010233644586406689 0.00058057650254210479 0.010125920269604485 -0.010177063849519804 -0.011423041088605266 -0.011485218210213827 0.0062379668757571449 0.003357663167149813 0.0014732889201018232 0.0095874702096242631 -0.094272632581973201 0.010109235865755217
leaf_weight=11.41167777776718 2070.9616284789518 8.3813744373619574 15.540266018360851 117.91360426601022 59.366914659738541 26.67962546646595 125.88409422338009 3093.9856097176671 1404.3883024007082 838.18632407207042 319.23313029110432 813.65186099056154 68.064190894365311 136.64178750663996 36.245280411094427 51.608789131045341 480.98723343014717 1325.3991596400738 4.5804496407508841 17.833944350481033 64.452255710959435 15.876746550202368 24.700457066297531 2769.1139712706208 16.125444917008281 205.69387328438461 28.452829353511333 163.84546866640449 6.4479387104511252 283.10837997961789
leaf_count=83 240033 160 142 10559 284 127 598 40208 24259 79240 1619 79237 307 853 1086 765 2204 21526 206 193 5381 133 163 22139 174 8781 260 3076 68 26504
internal_value=0 -0.00416948 0.00583667 -0.000211896 -0.000575732 -0.000877365 -8.92198e-05 -0.00167004 0.00346758 0.00837369 0.00682109 0.00414277 -0.00579725 0.000740942 -0.000928698 -0.00197611 -0.00813136 -0.00230087 -0.0112225 0.00732767 0.00425269 -0.0029753 -0.0113478 -0.011383 -0.00444728 0.00254164 -0.002375 0.00870334 0.00951162 0.00778482
internal_weight=0 8456.32 6148.44 1816.85 5601.94 5396 4650.94 3219.87 1431.07 4331.59 2260.63 1132.88 745.06 196.009 1698.94 1413.25 549.051 1377.01 2854.38 205.938 285.686 24.2581 2814.52 2809.94 40.8259 221.234 39.8645 181.679 1127.74 289.556
internal_count=570368 95427 474941 48240 72402 68840 65192 40806 24386 426701 186668 80856 3648 1137 37681 23377 2511 22291 23025 3562 14304 293 22682 22476 337 8923 343 3269 105812 26572
is_linear=0
shrinkage=0.01


Tree=194
num_leaves=31
num_cat=0
split_feature=12 0 0 6 12 13 0 5 3 0 12 0 0 12 3 4 0 0 1 1 6 1 1 1 3 4 4 3 12 12
split_gain=3507 2206.33 898.362 119.231 145.809 249.805 245.622 144.004 139.72 115.55 113.799 161.476 1014.48 106.465 123.128 100.029 89.3458 241.061 86.2488 372.172 80.9632 80.1665 41.9114 41.5536 38.3509 31.8559 29.6055 19.8679 30.0231 14.5516
threshold=1.0937088826584003 4201048.0000000009 4201072.0000000009 327.00000000000006 3.3333744316333989 4.0279656737693381 4205705.5000000009 54.500000000000007 3103.5000000000005 4205705.5000000009 1.0174949934843371 4200985.0000000009 4200993.0000000009 3.4461407190289441 155.50000000000003 819.50000000000011 4204355.0000000009 4202198.5000000009 932620487749.50012 1581613327004.0002 2897.0000000000005 3021549772722.0005 3155490927897.0005 2424655927106.5005 4159.5000000000009 448.50000000000006 252.50000000000003 166.50000000000003 2.8416269947219686 1.3826895352780137
decision_type=2 2 2 2 2 2 2 2 2 2 2 2 2 2 2 2 2 2 2 2 2 2 2 2 2 2 2 2 2 2
left_child=2 25 10 8 5 6 -5 20 13 16 11 -1 -13 14 -3 -15 17 22 -18 -20 -6 26 -4 -7 -19 29 -10 28 -27 -2
right_child=1 3 9 4 7 23 -8 -9 21 -11 -12 12 -14 15 -16 -17 18 24 19 -21 -22 -23 -24 -25 -26 27 -28 -29 -30 -31
leaf_value=0.0095061045694478895 -0.011946516208267411 -0.016534401017073715 -0.0048327949694604725 -0.00064258352062556172 0.00583316265855118 -0.019659064199078705 0.0079125174179726452 0.0099096979233795797 0.0037905916739240327 0.010110453268646506 0.010069482357454392 -0.010998990132703621 0.010103865489308157 -0.0022301126855749525 0.005356573372895905 -0.010079069062119021 0.0084662724614238041 0.0025589349610593854 -0.042836018227590193 -0.003556117399293816 -0.0072600496741630702 -0.0010495195570252244 0.00088769310941915727 -0.0089230747300375092 0.010261756296967944 -0.011386951289990507 -0.02557480222090321 -0.011475644932787384 0.00620017708262039 0.001459490769214045
leaf_weight=1117.1958182174712 11.320185765624045 28.637827161699533 395.53744754195213 3514.659307083115 86.961675450205803 53.449922457337379 371.02252338360995 290.96616756916046 3.7011052295565596 96.541775686666369 2062.4767978182063 317.61156034469604 805.63956975657493 757.50351714715362 249.92978859879076 206.66712050139904 48.564520973712206 92.322908043861389 25.355199925601482 495.72310972586274 103.36162500083447 23.238994553685188 189.40502872318029 110.75551967322826 215.53366963006556 24.531801670789719 47.431170970201492 2747.4923959970474 16.061811739578843 28.434696435928345
leaf_count=105812 83 155 4339 45701 625 236 9947 9885 31 9025 240391 1619 79237 6983 4612 1219 1633 4168 749 6598 549 122 2459 448 10753 163 248 22144 174 260
internal_value=0 -0.00399427 0.00601814 -0.00048767 0.000282144 -0.000336255 0.000174296 0.00548576 -0.00313602 -0.000485662 0.00837452 0.0068142 0.0041368 -0.00233925 0.0031061 -0.00391251 -0.00118516 0.000789186 -0.00427953 -0.00546744 -0.00127756 -0.0164499 -0.00298049 -0.0124177 0.00795176 -0.0112463 -0.0234492 -0.011373 -0.00442819 -0.00235786
internal_weight=0 8676.13 5861.91 5848.29 4531.18 4049.89 3885.68 481.289 1317.11 1558.98 4302.92 2240.45 1123.25 1242.74 278.568 964.171 1462.44 892.799 569.643 521.078 190.323 74.3713 584.942 164.205 307.857 2827.84 51.1323 2788.09 40.5936 39.7549
internal_count=570368 103585 466783 80761 67391 56332 55648 11059 13370 39724 427059 186668 80856 12969 4767 8202 30699 21719 8980 7347 1174 401 6798 684 14921 22824 279 22481 337 343
is_linear=0
shrinkage=0.01


Tree=195
num_leaves=31
num_cat=0
split_feature=2 0 0 14 13 20 3 2 0 2 0 0 5 5 2 4 0 1 4 13 3 1 12 12 3 12 12 2 0 0
split_gain=3461.02 2105.97 934.318 131.533 204.828 220.746 210.492 185.218 131.526 112.683 159.994 1002.7 111.25 98.4559 89.2527 57.1425 47.5628 46.6757 31.3973 29.0341 27.7246 23.9632 23.1953 20.8631 19.6668 29.6215 14.3858 12.9963 11.7703 639.392
threshold=3511.5000000000005 4200993.0000000009 4201072.0000000009 1.80966411804849 1.7754236602093663 3.9698649853746475 4811.5000000000009 1354.5000000000002 4205705.5000000009 4855.5000000000009 4200985.0000000009 4200993.0000000009 853.50000000000011 215.50000000000003 4171.5000000000009 921.50000000000011 4204916.0000000009 2417604865630.5005 448.50000000000006 1.3461532835074757 4159.5000000000009 2241719161008.5005 1.1125572557191938 1.1159798465572681 166.50000000000003 2.8416269947219686 1.3826895352780137 1354.5000000000002 4200970.0000000009 4200977.5000000009
decision_type=2 2 2 2 2 2 2 2 2 2 2 2 2 2 2 2 2 2 2 2 2 2 2 2 2 2 2 2 2 2
left_child=1 18 9 19 12 6 -6 -7 14 -2 28 -12 13 -5 20 -16 -14 -17 26 22 21 -4 -3 -20 25 -25 -1 -21 -11 -30
right_child=2 3 8 4 5 7 -8 -9 -10 10 11 -13 16 -15 15 17 -18 -19 23 27 -22 -23 -24 24 -26 -27 -28 -29 29 -31
leaf_value=-0.011923399510333301 0.010066348658411842 0.010656291189035993 0.0047278247032571143 -0.018664731240210071 0.0098216523727291845 -0.0020067800851046396 0.00051243239981428037 0.0055673736991013112 0.010113768672533113 0.010106049731867526 -0.010945121724669438 0.010102821376054942 -0.010221955100329461 0.003331062884236782 0.0098709273394585566 -0.00035431059099202993 -0.004075547301729778 -0.0040274348032604945 0.010228949348762935 0.00058116832119169701 0.010123381691585217 -0.0026836265523053032 -0.010000039966840938 -0.011351158008996809 -0.011441061960257964 0.0061625259512225871 0.0014458138662393513 0.0095737012575505716 -0.087424387220457714 0.010107114052087598
leaf_weight=11.229167446494101 2030.3784294724464 8.237491115927698 150.19001257233322 23.066431730985641 386.83435857109725 3247.6169548165053 652.74114839918911 358.50035347789526 115.64852941781282 822.24782560952008 315.99112604558468 797.70534620340914 354.1609420478344 172.79409891366959 39.993438389152288 669.05806653760374 195.34069837629795 716.3775021545589 4.4925116039812556 17.834808729588985 63.183224357664585 61.484388953074813 15.985433705151079 24.363907352089882 2724.674868054688 15.99866286292672 28.416735026985407 162.55630443990231 6.8883886858820906 277.72579303849488
leaf_count=83 240033 160 6570 100 10058 39423 9390 6321 10559 79240 1619 79237 1672 1037 1186 14838 839 7594 206 193 5381 2112 133 163 22139 174 260 3076 68 26504
internal_value=0 -0.00411218 0.00579877 -0.000565479 -0.00086417 -8.34126e-05 0.00397647 -0.0012538 -0.000205461 0.00836368 0.00680684 0.00413085 -0.00573047 0.000740625 -0.000907345 -0.00191342 -0.00803699 -0.0022536 -0.0111769 0.00730427 0.00431023 0.00257504 -0.00297544 -0.0113034 -0.0113384 -0.00440919 -0.00234084 0.00868463 0.00949935 0.0077466
internal_weight=0 8404.84 6066.87 5595.67 5391.05 4645.69 1039.58 3606.12 1815.94 4250.94 2220.56 1113.7 745.362 195.861 1700.29 1425.43 549.502 1385.44 2809.18 204.614 274.858 211.674 24.2229 2769.53 2765.04 40.3626 39.6459 180.391 1106.86 284.614
internal_count=570368 95427 474941 72402 68840 65192 19448 45744 48240 426701 186668 80856 3648 1137 37681 23618 2511 22432 23025 3562 14063 8682 293 22682 22476 337 343 3269 105812 26572
is_linear=0
shrinkage=0.01


Tree=196
num_leaves=31
num_cat=0
split_feature=2 5 12 2 13 2 4 12 4 2 6 12 12 16 4 2 1 5 4 12 4 14 4 1 1 1 1 1 1 4
split_gain=3410.13 431.923 387.678 208.009 205.402 197.692 177.109 173.257 167.806 133.222 137.37 163.444 157.153 108.728 237.582 178.962 104.089 65.8659 58.0243 185.177 41.2956 38.6303 33.6785 33.2648 60.9671 127.589 76.9627 58.767 249.059 31.487
threshold=3511.5000000000005 3107.0000000000005 1.0174949934843371 84.500000000000014 1.3461532835074757 181.50000000000003 297.50000000000006 3.1345410895504946 4216.5000000000009 3092.5000000000005 3741.5000000000005 1.6295573063858544 2.620295027209699 3.4298310265708296 54.500000000000007 662.50000000000011 1900371961397.0002 215.50000000000003 2472.5000000000005 2.8416269947219686 2247.5000000000005 3.667033527947122 1975.5000000000002 1181289197948.0002 1564759720309.0002 1478970866856.5002 1494781006281.0002 1738908559458.0002 1746051701064.0002 921.50000000000011
decision_type=2 2 2 2 2 2 2 2 2 2 2 2 2 2 2 2 2 2 2 2 2 2 2 2 2 2 2 2 2 2
left_child=1 8 23 7 -4 6 -5 18 9 10 11 -1 -12 15 -15 -7 22 -11 20 -20 -3 -8 -9 -2 25 -25 -27 -26 -29 -6
right_child=2 3 4 5 29 13 21 16 -10 17 12 -13 -14 14 -16 -17 -18 -19 19 -21 -22 -23 -24 24 27 26 -28 28 -30 -31
leaf_value=-0.016609781422799036 0.0057375899789658307 -0.010807655744708078 0.010067308770344478 -0.021049717497384785 0.0068918934876262758 -0.0023503840268531244 0.0066554034642904393 0.0081268275435068 -0.010797389419000117 -0.018137238273731388 0.00032024558787259856 -0.0014725240035435225 0.0093197749713824357 -0.01780493776271571 0.0032950675065963131 -0.0080334658620229028 -0.0096834377612262743 -0.00013845589043743096 -0.010234585583972769 0.00013050379570326125 -0.018024008042176274 -0.027464369452607679 -0.01002755277095798 0.003294770254339459 0.0092598410406596939 -0.032098212251045366 -0.0071711426228531685 -0.041050214342449348 0.0035132893388895355 4.7431454779117102e-05
leaf_weight=74.021034996956587 653.90934370923787 612.75975912064314 2074.6397897843271 26.312084436416626 90.455162867903709 873.65647797472775 250.87968374043703 105.47609486430883 178.2190947830677 65.124953836202621 861.1863923035562 1962.3438223730773 250.47046001814306 64.040715865790844 320.08563834056258 1514.934380274266 61.764456454664469 29.560354735702276 803.48607404530048 219.43469122052193 91.086915552616119 3.3627777174115172 11.314741581678389 171.74929803516716 176.46590675786138 15.52748393639922 61.22535318415612 12.604363045655189 2508.2011798294261 261.5814077174291
leaf_count=462 44208 5097 245482 148 3522 11981 6235 3025 1465 377 10115 22264 6587 281 3843 12709 642 173 6891 2584 387 36 125 11765 10949 822 2944 426 145417 9406
internal_value=0 -0.00408347 0.00577974 -0.00596923 0.00886886 -0.00435128 0.00364809 -0.00856197 -0.00135008 -0.000830859 -0.000479333 -0.00202276 0.00234795 -0.00516069 -0.00022268 -0.00595481 0.000815627 -0.0125181 -0.00953166 -0.00801109 -0.0117415 0.00620411 0.00636802 0.00369726 0.00324434 -0.0014953 -0.012214 0.00368101 0.00329047 0.0018061
internal_weight=0 8379.52 6026.36 4958.59 2426.68 3053.27 280.555 1905.32 3420.93 3242.71 3148.02 2036.36 1111.66 2772.72 384.126 2388.59 178.555 94.6853 1726.77 1022.92 703.847 254.242 116.791 3599.68 2945.77 248.502 76.7528 2697.27 2520.81 352.037
internal_count=570368 95427 474941 53984 258410 35233 6419 18751 41443 39978 39428 22726 16702 28814 4124 24690 3792 550 14959 9475 5484 6271 3150 216531 172323 15531 3766 156792 145843 12928
is_linear=0
shrinkage=0.01


Tree=197
num_leaves=31
num_cat=0
split_feature=2 0 0 14 13 20 3 2 0 5 2 0 0 5 2 4 1 12 4 3 13 12 12 3 12 7 2 12 0 0
split_gain=3355.34 2079.43 930.48 131.106 205.899 216.181 208.326 182.015 130.286 113.567 112.459 159.696 992.964 95.7144 87.9282 55.5148 47.6917 41.045 31.5323 27.9839 27.1606 22.5929 20.7453 19.4494 29.1319 19.3692 15.5558 14.4117 11.8517 594.608
threshold=3511.5000000000005 4200993.0000000009 4201072.0000000009 1.8150298500602577 1.7754236602093663 3.9698649853746475 4811.5000000000009 1354.5000000000002 4205705.5000000009 853.50000000000011 4855.5000000000009 4200985.0000000009 4200993.0000000009 317.50000000000006 4174.5000000000009 874.50000000000011 2417604865630.5005 1.2458435429170043 448.50000000000006 4159.5000000000009 1.3461532835074757 1.1125572557191938 1.1159798465572681 166.50000000000003 2.8416269947219686 2729.5000000000005 1354.5000000000002 1.3826895352780137 4200970.0000000009 4200977.5000000009
decision_type=2 2 2 2 2 2 2 2 2 2 2 2 2 2 2 2 2 2 2 2 2 2 2 2 2 2 2 2 2 2
left_child=1 18 10 20 9 6 -6 -7 14 13 -2 28 -13 -5 19 -16 -17 -11 27 25 21 -3 -20 24 -24 -4 -22 -1 -12 -30
right_child=2 3 8 4 5 7 -8 -9 -10 17 11 12 -14 -15 15 16 -18 -19 22 -21 26 -23 23 -25 -26 -27 -28 -29 29 -31
leaf_value=-0.011906875689933212 0.010064240185595437 0.010654618986754861 -0.008270140539711231 -0.0097987367340266179 0.0098096772840805257 -0.0019715899809612551 0.00052061702132679267 0.0055496787430335537 0.010112075402817148 -0.012831092583962951 0.010104586752593039 -0.0109102907692803 0.010101404269484445 0.0053878262382335597 0.010351982541388336 -0.00033359237372508822 -0.0040524386494243522 -0.0065159249959704513 0.010228447357701518 0.010120991710211746 0.0016663315040561803 -0.0097082549846069302 -0.011303470709116388 -0.011403898088886689 0.0061257171010595359 0.0033304695735670241 0.0095713280849971244 0.0015006980296333834 -0.08097243167494593 0.010105637528244763
leaf_weight=11.163616001605986 1990.5851411484182 8.2185292877256888 15.496609544381498 59.72927513718605 383.09839878790081 3250.3075608871877 652.90677607432008 357.10550639405847 113.97990320809186 138.60559074580669 811.05276145972311 314.93107856810093 786.84493458364159 135.98753598332405 35.792495969682932 664.9081346783787 716.40017798542976 399.71697750687599 4.4830993004143229 61.975238624028862 29.402547582983971 16.167257986962795 24.156723439693451 2685.4902705550194 15.903354620561002 202.09035271964967 162.33520346879959 28.443830911070108 7.3606800958514205 273.94758649449795
leaf_count=83 240033 160 142 284 10058 39423 9390 6321 10559 578 79240 1619 79237 853 1101 14755 7581 1871 206 5381 255 133 163 22139 174 8721 3076 260 68 26504
internal_value=0 -0.00405056 0.00575178 -0.000541814 -0.000848737 -7.07382e-05 0.00395557 -0.00122704 -0.000237337 -0.00577024 0.00834314 0.00678171 0.00409543 0.000753158 -0.000932598 -0.00194372 -0.00226233 -0.00814193 -0.0111369 0.0041928 0.00709486 -0.00284553 -0.0112654 -0.0113007 -0.0043843 0.00250427 0.00835911 -0.00227831 0.00949114 0.0077225
internal_weight=0 8363.22 5995.37 5593.58 5377.46 4643.42 1036.01 3607.41 1810.64 734.039 4184.72 2194.14 1101.78 195.717 1696.66 1417.1 1381.31 538.323 2769.64 279.562 216.124 24.3858 2730.03 2725.55 40.0601 217.587 191.738 39.6074 1092.36 281.308
internal_count=570368 95427 474941 72402 68778 65192 19448 45744 48240 3586 426701 186668 80856 1137 37681 23437 22336 2449 23025 14244 3624 293 22682 22476 337 8863 3331 343 105812 26572
is_linear=0
shrinkage=0.01


Tree=198
num_leaves=31
num_cat=0
split_feature=12 0 0 14 15 20 14 3 12 0 0 0 0 0 1 1 0 13 1 3 4 12 3 12 12 12 0 0 5 1
split_gain=3305.2 2138.2 885.367 118.081 176.331 158.316 298.776 162.179 112.282 158.296 981.45 111.728 85.9044 235.567 83.6886 345.986 62.3479 44.2536 41.8473 38.5316 31.745 26.3782 19.3956 28.7431 14.2472 13.1969 11.8866 556.233 11.1961 11.0832
threshold=1.0937088826584003 4201048.0000000009 4201072.0000000009 1.8150298500602577 1.9367270844784239 3.9698649853746475 2.3795204768346951 4630.5000000000009 1.0174949934843371 4200985.0000000009 4200993.0000000009 4205705.5000000009 4204355.0000000009 4202198.5000000009 932620487749.50012 1581613327004.0002 4204916.0000000009 1.3461532835074757 3155490927897.0005 4159.5000000000009 448.50000000000006 1.5623053364853321 166.50000000000003 2.8416269947219686 1.3826895352780137 1.3826895352780137 4200970.0000000009 4200977.5000000009 476.50000000000006 4205234324575.5005
decision_type=2 2 2 2 2 2 2 2 2 2 2 2 2 2 2 2 2 2 2 2 2 2 2 2 2 2 2 2 2 2
left_child=2 20 8 17 16 6 -6 -7 9 26 29 12 13 18 -14 -16 -5 -3 -4 -15 24 -18 23 -22 -2 -19 -1 -28 -26 -11
right_child=1 3 11 4 5 7 -8 -9 -10 10 -12 -13 14 19 15 -17 21 25 -20 -21 22 -23 -24 -25 28 -27 27 -29 -30 -31
leaf_value=0.010103535477152295 -0.011884306474365348 -0.0084161888649403934 -0.0047861469206736777 -0.013779876412544171 -0.00076396846240272783 -0.0010678530899691592 0.0089562125964275045 -0.01634627323178723 0.010065270343577 -0.011216368345789747 0.01010038475018523 0.010106683421090548 0.0084383284921477307 0.0024977752064331885 -0.040603054376589467 -0.0034881843679039292 -0.0061650446730009967 0.0095839347222652447 0.00092171500514677128 0.010259892943532139 -0.011268328405925629 0.0042136594957774007 -0.011395553559023672 0.0060883007934084974 -0.020572058962881772 0.0027774718444626813 -0.07545325358637596 0.010104575286524212 0.0032722421810640881 -0.001007042038743688
leaf_weight=803.06578429695219 11.073421388864515 17.191793963313103 396.54007603228092 120.12535947561264 921.94856461789459 3857.8932251036167 481.31489160098135 70.750556513667107 1982.6370987500995 302.29207840561867 779.09391706716269 93.317034131847322 47.952382206916809 91.613260557875037 26.454020323231816 496.83532889187336 149.15536163747311 155.46099631115794 189.98522087931633 211.81129213329405 23.990572944283485 29.298565179109573 2664.3801762983203 15.841391393914817 2.1286446079611805 34.876331128180027 7.8176635429263106 271.25012204423547 26.296794507652521 11.021087452769278
leaf_count=79240 83 141 4339 527 15340 47684 12585 405 240391 1568 79237 9025 1633 4168 749 6598 621 2969 2459 10753 163 127 22144 174 20 362 68 26504 240 51
internal_value=0 -0.00388085 0.00593657 -0.000458898 -0.000731937 -0.000313162 0.00257002 -0.001343 0.00834413 0.00677487 0.00408953 -0.000501895 -0.0011794 0.000763193 -0.0042058 -0.00536446 -0.00821024 0.00694894 -0.00293728 0.00791627 -0.011162 -0.00446107 -0.011292 -0.0043655 -0.00226186 0.00833676 0.00948571 0.0077078 0.00148666 -0.0108572
internal_weight=0 8581.73 5711.69 5838.02 5630.49 5331.91 1403.26 3928.64 4157.18 2174.54 1092.41 1554.51 1461.19 889.95 571.242 523.289 298.579 207.529 586.525 303.425 2743.71 178.454 2704.21 39.832 39.4989 190.337 1082.13 279.068 28.4254 313.313
internal_count=570368 103585 466783 80761 77289 76014 27925 48089 427059 186668 80856 39724 30699 21719 8980 7347 1275 3472 6798 14921 22824 748 22481 337 343 3331 105812 26572 260 1619
is_linear=0
shrinkage=0.01


Tree=199
num_leaves=31
num_cat=0
split_feature=2 0 0 0 14 15 4 12 3 2 0 0 2 0 4 1 4 3 2 1 12 2 3 12 1 2 12 0 0 1
split_gain=3257.26 2043.5 921.477 127.509 127.309 168.578 153.174 249.372 159.336 111.128 156.908 970.097 85.196 61.6452 54.8071 45.4032 31.2998 27.1954 27.105 23.7115 20.2573 19.8999 19.2002 28.3598 15.6518 15.3119 14.0855 11.9186 523.051 10.9858
threshold=3511.5000000000005 4200993.0000000009 4201072.0000000009 4205705.5000000009 1.8150298500602577 1.9367270844784239 4824.0000000000009 1.8855877148658888 4630.5000000000009 4855.5000000000009 4200985.0000000009 4200993.0000000009 4171.5000000000009 4204916.0000000009 921.50000000000011 92909938457.500015 448.50000000000006 4159.5000000000009 878.50000000000011 2241719161008.5005 1.1159798465572681 3092.5000000000005 166.50000000000003 2.8416269947219686 4205234324575.5005 1354.5000000000002 1.3826895352780137 4200970.0000000009 4200977.5000000009 4205234324575.5005
decision_type=2 2 2 2 2 2 2 2 2 2 2 2 2 2 2 2 2 2 2 2 2 2 2 2 2 2 2 2 2 2
left_child=1 16 9 12 21 13 8 -8 -7 -2 27 29 17 -6 -14 -16 26 19 -15 -4 -18 25 23 -22 -23 -3 -1 -11 -29 -12
right_child=2 4 3 -5 5 6 7 -9 -10 10 11 -13 14 18 15 -17 20 -19 -20 -21 22 24 -24 -25 -26 -27 -28 28 -30 -31
leaf_value=-0.011862044697675598 0.010062157574152854 0.0016267155583675511 0.0046781919078723762 0.010109968331409633 -0.013692829368624189 -0.00097279542759061476 -0.0011653827161311832 0.0092417817489099247 -0.01604808510946187 0.010102494691685561 -0.011164480216307521 0.010099376210552737 0.009842599831959991 0.0024831751045653241 0.010017330035709038 -0.0024853606471085276 0.010223858383383133 0.01011855253250968 -0.0066178403320094172 -0.0027078492405538525 -0.011233461832679661 0.0015468724093673581 -0.011361470101159468 0.006051022381541483 -0.025141203664968789 0.009507243511979558 0.0014722905917879015 -0.070697337629157322 0.010103524126735361 -0.00099734378828233257
leaf_weight=10.983710363507269 1951.5666865445673 29.316569223999977 148.95433269813657 111.8413193821907 119.68234249949455 4062.223131403327 544.87140133231878 398.72875545360148 71.341504625976086 795.15664862282574 300.66819733381271 771.41845970414579 38.731207588687539 43.165323197841644 29.680454125627875 1357.8601690791547 4.3969821073114863 60.754203005693853 135.28888590633869 61.373059466481209 23.825214818120003 26.593124296516184 2642.0645631104708 15.779904900118707 2.3954440653324118 155.08496440574527 28.418155543506145 8.2577969282865507 268.57894044369459 11.01699887216091
leaf_count=83 240033 255 6570 10559 527 49249 6018 11831 405 79240 1568 79237 1186 183 600 21832 206 5381 565 2112 163 357 22139 174 10 3002 260 68 26504 51
internal_value=0 -0.00399366 0.00571392 -0.000232221 -0.000531523 -0.000832242 -0.000403104 0.00323228 -0.00123298 0.0083335 0.0067681 0.00408368 -0.000913684 -0.00814031 -0.00189041 -0.00221792 -0.0110929 0.00422527 -0.00441644 0.00252296 -0.0112227 0.00704359 -0.0112579 -0.00434679 -0.000658473 0.00825438 -0.0022448 0.00948033 0.00769331 -0.0108051
internal_weight=0 8314.16 5915.86 1809.19 5588.69 5375.3 5077.16 943.6 4133.56 4106.66 2155.1 1083.1 1697.35 298.137 1426.27 1387.54 2725.47 271.082 178.454 210.327 2686.07 213.39 2681.67 39.6051 28.9886 184.402 39.4019 1071.99 276.837 311.685
internal_count=570368 95427 474941 48240 72402 68778 67503 17849 49654 426701 186668 80856 37681 1275 23618 22432 23025 14063 748 8682 22682 3624 22476 337 367 3257 343 105812 26572 1619
is_linear=0
shrinkage=0.01


Tree=200
num_leaves=31
num_cat=0
split_feature=12 0 0 1 1 1 1 1 6 12 0 0 0 15 1 1 0 0 1 1 3 15 12 12 12 1 3 4 3 12
split_gain=3210.15 2100.38 876.376 115.978 201.463 369.814 170.09 155.606 151.119 110.946 155.533 958.888 109.095 104.168 92.7168 119.646 83.262 230.871 81.8065 322.962 66.5812 61.7841 58.9122 67.0311 64.7351 40.8562 38.6097 31.5134 19.1497 27.982
threshold=1.0937088826584003 4201048.0000000009 4201072.0000000009 2241719161008.5005 1581613327004.0002 1478970866856.5002 2424655934955.0005 2424655951016.5005 192.50000000000003 1.0174949934843371 4200985.0000000009 4200993.0000000009 4205705.5000000009 3.4144128872897697 1836311521521.5002 1878247533774.0002 4204355.0000000009 4202198.5000000009 932620487749.50012 1581613327004.0002 144.50000000000003 1.9567528927479276 3.0255552019457324 1.1104125616508325 4.5914784098466539 3155490927897.0005 4159.5000000000009 448.50000000000006 166.50000000000003 2.8416269947219686
decision_type=2 2 2 2 2 2 2 2 2 2 2 2 2 2 2 2 2 2 2 2 2 2 2 2 2 2 2 2 2 2
left_child=2 27 9 4 5 20 22 -8 -9 10 -1 -12 16 -7 21 -16 17 25 -18 -20 -3 -6 23 -5 -24 -4 -19 -2 29 -29
right_child=1 3 12 6 14 13 7 8 -10 -11 11 -13 -14 -15 15 -17 18 26 19 -21 -22 -23 24 -25 -26 -27 -28 28 -30 -31
leaf_value=0.0094750220648210336 -0.0022285547396012125 0.0060858101986048709 -0.004696617909029561 -0.044981908290846792 -0.0037693396087786503 -0.0021260260942697422 0.0061536556458556902 -0.0074474043439011484 -0.00047743735948219389 0.010063196670449947 -0.010753447285744924 0.010098378060134012 0.010104549105207403 -0.017506854635279467 -0.0068020223692766635 0.003138634164561842 0.0084243304055354393 0.0024629239558236178 -0.038608331094943854 -0.0034178135270438838 -0.00050874686639003905 0.006697092376335592 -0.010418707335872683 0.0012258247095771454 0.0016469491926986829 0.00093614431784877993 0.010257922006554851 -0.011198863520690478 -0.011353752835052022 0.0060138816890516478
leaf_weight=1061.9401443079114 39.294591508805752 182.35264351032674 398.55850613117218 3.2451044265180817 61.12329437956214 59.841746918857098 288.04861890524626 374.71842123940587 1831.3459599325433 1943.8402052139863 310.05912262201309 763.81785538978875 91.488062814809382 166.67479771003127 156.97205348778516 529.51307167951018 47.64874380454421 91.211530962958932 27.519635140895844 498.36792336404324 954.45219607464969 729.86817573290318 347.80073335207999 96.382404913194478 50.985649578273296 190.23223850876093 209.46930751111358 23.66065838932991 2621.2266179770231 15.718892214819787
leaf_count=105812 343 5934 4339 90 734 1022 2992 1811 22145 240391 1619 79237 9025 1056 1684 8882 1633 4168 749 6598 13648 17389 1453 1341 580 2459 10753 163 22144 174
internal_value=0 -0.00382597 0.00590007 -0.000450709 0.000996492 -0.0017758 -0.00182453 -0.000758779 -0.00166134 0.00833459 0.00676136 0.00407786 -0.000489153 -0.0134435 0.00355459 0.000865598 -0.00115162 0.000764021 -0.00412251 -0.00525933 0.000549073 0.00588831 -0.00715768 -0.000279271 -0.00887609 -0.00287673 0.00789331 -0.0111185 -0.0112498 -0.00432816
internal_weight=0 8533.23 5634.15 5833.32 2840.8 1363.32 2992.53 2494.11 2206.06 4079.66 2135.82 1073.88 1554.5 226.517 1477.48 686.485 1463.01 889.472 573.536 525.888 1136.8 790.991 498.414 99.6275 398.786 588.791 300.681 2699.9 2660.61 39.3796
internal_count=570368 103585 466783 80761 50349 21660 30412 26948 23956 427059 186668 80856 39724 2078 28689 10566 30699 21719 8980 7347 19582 18123 3464 1431 2033 6798 14921 22824 22481 337
is_linear=0
shrinkage=0.01


Tree=201
num_leaves=31
num_cat=0
split_feature=12 0 0 14 15 20 14 1 2 0 0 0 0 0 1 1 0 13 1 3 4 2 3 12 2 12 0 0 1 5
split_gain=3163.56 2081.39 871.939 114.584 169.835 151.79 294.29 155.046 110.329 154.088 947.809 107.831 81.3626 227.559 80.1849 302.89 60.98 43.3411 39.8341 38.5933 31.5323 26.5471 19.0287 27.6096 15.4749 13.9487 12.0666 497.642 10.963 10.8549
threshold=1.0937088826584003 4201048.0000000009 4201072.0000000009 1.8150298500602577 1.9367270844784239 3.9698649853746475 2.3795204768346951 1836311521521.5002 4855.5000000000009 4200985.0000000009 4200993.0000000009 4205705.5000000009 4204355.0000000009 4202198.5000000009 932620487749.50012 1581613327004.0002 4204916.0000000009 1.3461532835074757 3155490927897.0005 4159.5000000000009 448.50000000000006 878.50000000000011 166.50000000000003 2.8416269947219686 1354.5000000000002 1.3826895352780137 4200970.0000000009 4200977.5000000009 4205234324575.5005 476.50000000000006
decision_type=2 2 2 2 2 2 2 2 2 2 2 2 2 2 2 2 2 2 2 2 2 2 2 2 2 2 2 2 2 2
left_child=2 20 8 17 16 6 -6 -7 -1 26 28 12 13 18 -14 -16 -5 -3 -4 -15 25 -18 23 -22 -19 -2 -10 -28 -11 -27
right_child=1 3 11 4 5 7 -8 -9 9 10 -12 -13 14 19 15 -17 21 24 -20 -21 22 -23 -24 -25 -26 29 27 -29 -30 -31
leaf_value=0.010062154020558134 -0.011835990889936667 -0.0082514921306873542 -0.0046325176642046662 -0.013603792865320735 -0.00076593117494245437 0.0012061164762231446 0.0089263054885692101 -0.0028778772380733775 0.010100507480707944 -0.011063825024746279 0.010097388980771487 0.010103497877569626 0.0084066957853769862 0.0024440472738878182 -0.036891389424672481 -0.0033776527791680804 0.002463949060385889 0.0016162189572914716 0.00092750792160015236 0.010255315454102375 -0.011164529079999859 -0.0065441007468172961 -0.01133313664486962 0.0059768782297890937 0.0095283923402389257 -0.020080295218166545 -0.067093588910165758 0.010101516729525244 -0.00088393874859154977 0.0032504796239898586
leaf_weight=1924.6970082819462 10.8777589648962 17.291894659399986 400.02520219236612 119.18801401555538 921.53193893097341 1509.0937720295042 474.62700108345598 2420.7378629576415 780.04768521152437 297.4787689447403 756.29141999967396 90.587115129455924 47.273094983771443 90.997916575521231 28.507266096770763 499.24622144177556 43.146956771612167 29.290673300623894 190.08433287590742 207.43750154320151 23.496909722685814 135.32153770327568 2599.8421403989196 15.658351961523293 158.38511239364743 2.1580096408724811 8.6243238821625692 263.47637656889856 10.96904696524143 26.269418027251959
leaf_count=240391 83 141 4339 527 15340 27663 12585 20426 79240 1568 79237 9025 1633 4168 749 6598 183 255 2459 10753 163 565 22144 174 3076 20 68 26504 51 240
internal_value=0 -0.00379953 0.00588154 -0.000446496 -0.000714174 -0.000303344 0.00252896 -0.00130958 0.0083294 0.00675396 0.004072 -0.000484104 -0.00113942 0.000757329 -0.00407032 -0.00518794 -0.00806519 0.00689773 -0.00284154 0.00787353 -0.0110965 -0.00436629 -0.0112289 -0.00430961 0.00829353 -0.00220567 0.00946801 0.00765479 -0.0107018 0.00147937
internal_weight=0 8506.92 5595.74 5828.61 5623.65 5325.99 1396.16 3929.83 4041.58 2116.89 1064.74 1554.16 1463.57 888.545 575.027 527.753 297.657 204.968 590.11 298.435 2678.3 178.468 2639 39.1553 187.676 39.3052 1052.15 272.101 308.448 28.4274
internal_count=570368 103585 466783 80761 77289 76014 27925 48089 427059 186668 80856 39724 30699 21719 8980 7347 1275 3472 6798 14921 22824 748 22481 337 3331 343 105812 26572 1619 260
is_linear=0
shrinkage=0.01


Tree=202
num_leaves=31
num_cat=0
split_feature=12 0 0 14 15 17 12 8 2 0 0 0 0 0 1 1 0 13 1 3 4 2 3 12 2 12 0 0 1 5
split_gain=3117.51 2062.89 867.593 112.915 166.732 149.25 252.133 152.701 109.665 152.736 936.883 106.584 79.5107 224.296 78.6024 284.587 60.3141 42.7483 39.3073 38.5757 31.4247 26.0114 18.9092 27.2425 15.4392 13.7906 12.0935 471.618 10.8674 10.5328
threshold=1.0937088826584003 4201048.0000000009 4201072.0000000009 1.8150298500602577 1.9367270844784239 3.8034897267170433 1.8855877148658888 1923.5000000000002 4855.5000000000009 4200985.0000000009 4200993.0000000009 4205705.5000000009 4204355.0000000009 4202198.5000000009 932620487749.50012 1581613327004.0002 4204916.0000000009 1.3461532835074757 92909938457.500015 4159.5000000000009 448.50000000000006 878.50000000000011 166.50000000000003 2.8416269947219686 1354.5000000000002 1.3826895352780137 4200970.0000000009 4200977.5000000009 4205234324575.5005 476.50000000000006
decision_type=2 2 2 2 2 2 2 2 2 2 2 2 2 2 2 2 2 2 2 2 2 2 2 2 2 2 2 2 2 2
left_child=2 20 8 17 16 6 -6 -7 -1 26 28 12 13 18 -14 -16 -5 -3 -4 -15 25 -18 23 -22 -19 -2 -10 -28 -11 -27
right_child=1 3 11 4 5 7 -8 -9 9 10 -12 -13 14 19 15 -17 21 24 -20 -21 22 -23 -24 -25 -26 29 27 -29 -30 -31
leaf_value=0.010061119157208632 -0.011814389005802528 -0.0081268211560503161 0.0099480743778611845 -0.013519511432052787 -8.9960383482388096e-05 0.004930967475923048 0.0092693718896899452 -0.0019666725405894977 0.010099497713642004 -0.011013375593759081 0.010096411218305323 0.010102458584337755 0.0083889925371143786 0.0024252725904305014 -0.03531049938740264 -0.003338036523719605 0.0024398741634147989 0.0016017729519368328 -0.0033279426760590008 0.010252735494920062 -0.011130451338488126 -0.0064774009416878123 -0.011312732601367068 0.0059400118428155338 0.0095135989862652429 -0.019625435798002661 -0.063389533369497819 0.010100496680227647 -0.00087538959686294651 0.0032223343534513961
leaf_weight=1905.7410177020356 10.789116531610487 17.381140060722828 23.21277804672718 118.7340053319931 1077.3220883067697 353.34455400519073 392.77016091346741 3501.0298561919481 772.36291843559593 295.86114278435707 748.83835878968239 89.694942822679877 46.90099280513823 90.786407230421901 29.480673119425774 500.11522771045566 43.137019783258438 29.259450942277908 568.20062094926834 205.4248843183741 23.333979278802872 135.3477029800415 2578.592527449131 15.598281623795627 157.05176623538136 2.1858035847544697 9.0348236411809904 260.88095479179174 10.965421959757803 26.23405521735549
leaf_count=240391 83 141 335 527 17143 10707 11829 36335 79240 1568 79237 9025 1633 4168 749 6598 183 255 6463 10753 163 565 22144 174 3076 20 68 26504 51 240
internal_value=0 -0.00377264 0.00586321 -0.000442232 -0.000707245 -0.000300355 0.00241061 -0.00133434 0.00832464 0.00674725 0.00406621 -0.000479115 -0.00112736 0.000750691 -0.00401898 -0.00511783 -0.00799639 0.00687184 -0.00280686 0.00785368 -0.0110752 -0.00432223 -0.0112083 -0.00429114 0.00827108 -0.00218902 0.00946272 0.00764058 -0.0106511 0.00146509
internal_weight=0 8482.11 5557.5 5825.38 5621.69 5324.47 1470.09 3854.37 4003.68 2097.94 1055.66 1553.82 1464.12 887.625 576.497 529.596 297.219 203.692 591.413 296.211 2656.73 178.485 2617.52 38.9323 186.311 39.209 1042.28 269.916 306.827 28.4199
internal_count=570368 103585 466783 80761 77289 76014 28972 47042 427059 186668 80856 39724 30699 21719 8980 7347 1275 3472 6798 14921 22824 748 22481 337 3331 343 105812 26572 1619 260
is_linear=0
shrinkage=0.01


Tree=203
num_leaves=31
num_cat=0
split_feature=12 0 0 1 1 1 1 1 6 2 0 0 0 17 1 1 0 0 0 3 17 1 1 12 12 12 1 4 1 3
split_gain=3072.03 2044.64 863.27 111.344 198.691 360.806 165.863 153.756 146.617 109.003 151.399 926.096 105.353 92.2495 91.2765 115.954 78.0735 149.289 78.5412 65.5032 60.9167 59.3931 482.845 57.0523 63.2879 63.0229 38.8837 31.3181 19.7202 18.7911
threshold=1.0937088826584003 4201048.0000000009 4201072.0000000009 2241719161008.5005 1581613327004.0002 1478970866856.5002 2424655934955.0005 2424655951016.5005 192.50000000000003 4855.5000000000009 4200985.0000000009 4200993.0000000009 4205705.5000000009 3.7177499324229797 1836311521521.5002 1878247533774.0002 4204808.5000000009 4202198.5000000009 4204355.0000000009 144.50000000000003 1.9890083218767522 932620487749.50012 1581613327004.0002 3.0255552019457324 4.5914784098466539 1.1104125616508325 3155490927897.0005 448.50000000000006 320027392895.00006 166.50000000000003
decision_type=2 2 2 2 2 2 2 2 2 2 2 2 2 2 2 2 2 2 2 2 2 2 2 2 2 2 2 2 2 2
left_child=2 27 9 4 5 19 23 -8 -9 -1 -11 -12 16 -7 20 -16 17 26 -19 -3 -6 28 -23 25 -25 -5 -4 -2 -18 -29
right_child=1 3 12 6 14 13 7 8 -10 10 11 -13 -14 -15 15 -17 21 18 -20 -21 -22 22 -24 24 -26 -27 -28 29 -30 -31
leaf_value=0.010060089453718404 -0.0021724945231399537 0.0060496273885334477 -0.0045350311738765097 -0.042702546384795419 -0.0037427826218389497 -0.00032434414725021686 0.0061451176589674928 -0.007321099436257277 -0.00045969559830746454 0.0094574897802791047 -0.0106007636730674 0.010095442778458849 0.010101428860815817 -0.016406794086330802 -0.0066594855174164384 0.0031120794599415057 -0.042841893949793208 0.0078337600151536062 -0.0017908003249113551 -0.00051339526445385501 0.0066636728824564298 -0.074248399712873017 -0.0039195946572209619 -0.010265988822511996 0.001664314006601368 0.0012131205035528017 0.00094964047041976431 -0.0042727460099554601 0.0088982006283002107 -0.01129253636534157
leaf_weight=1886.9707248611376 39.113073620945215 180.96963297296315 402.2582606524229 3.3827526886016122 60.982817403972149 44.303652771748602 287.69705790281296 375.32291340082884 1829.3694295091555 1032.4941996438429 305.20796865224838 741.45806870702654 88.811470375396311 182.94636878184974 157.7439121697098 527.6360179791227 0.75241057202219863 294.00826862640679 119.14942370727658 952.41534424200654 724.96270108036697 9.998440206050871 412.89470709860325 347.80477818287909 50.982830919325352 96.188713777810335 190.46379317343235 38.710550302639604 35.152621924877167 2557.4780467003584
leaf_count=240391 343 5934 4339 90 734 867 2992 1811 22145 105812 1619 79237 9025 1211 1684 8882 25 14921 3691 13648 17389 152 3944 1453 580 1341 2459 337 1168 22144
internal_value=0 -0.00374567 0.00584482 -0.000437966 0.000983107 -0.00177131 -0.00178359 -0.000730543 -0.00162777 0.0083199 0.00674056 0.00406043 -0.000474177 -0.0132714 0.0035303 0.000863101 -0.00111543 0.000443826 0.00505816 0.000534534 0.00585622 -0.00453399 -0.00558237 -0.00705008 -0.00874076 -0.000278831 -0.0027726 -0.0110541 0.00781396 -0.0111879
internal_weight=0 8458.01 5519.62 5822.71 2831.96 1360.63 2990.75 2492.39 2204.69 3966.13 2079.16 1046.67 1553.49 227.25 1471.33 685.38 1464.68 1005.88 413.158 1133.38 785.946 458.798 422.893 498.359 398.788 99.5715 592.722 2635.3 35.905 2596.19
internal_count=570368 103585 466783 80761 50349 21660 30412 26948 23956 427059 186668 80856 39724 2078 28689 10566 30699 25410 18612 19582 18123 5289 4096 3464 2033 1431 6798 22824 1193 22481
is_linear=0
shrinkage=0.01


Tree=204
num_leaves=31
num_cat=0
split_feature=12 0 0 14 15 17 12 17 2 0 0 0 0 0 0 0 1 1 1 12 4 2 3 12 1 12 2 0 0 1
split_gain=3027.39 2025.95 858.816 111.241 163.636 145.566 249.797 150.985 108.397 149.983 915.431 104.139 76.2932 146.728 77.7996 59.6737 58.1767 440.085 38.7398 36.6121 31.3309 25.4824 18.8901 26.9385 18.8605 13.6571 13.2914 12.2395 451.671 10.8464
threshold=1.0937088826584003 4201048.0000000009 4201072.0000000009 1.8150298500602577 1.9367270844784239 3.8034897267170433 1.8855877148658888 3.9564883558720996 4855.5000000000009 4200985.0000000009 4200993.0000000009 4205705.5000000009 4204808.5000000009 4202198.5000000009 4204355.0000000009 4204916.0000000009 932620487749.50012 1581613327004.0002 4374073345192.5005 1.1159798465572681 448.50000000000006 878.50000000000011 166.50000000000003 2.8416269947219686 320027392895.00006 1.3826895352780137 1354.5000000000002 4200970.0000000009 4200977.5000000009 4205234324575.5005
decision_type=2 2 2 2 2 2 2 2 2 2 2 2 2 2 2 2 2 2 2 2 2 2 2 2 2 2 2 2 2 2
left_child=2 20 8 19 15 6 -6 -7 -1 27 29 12 13 18 -15 -5 24 -18 -4 -3 25 -17 23 -22 -14 -2 -21 -10 -29 -11
right_child=1 3 11 4 5 7 -8 -9 9 10 -12 -13 16 14 -16 21 17 -19 -20 26 22 -23 -24 -25 -26 -27 -28 28 -30 -31
leaf_value=0.010059066344977536 -0.011789188444616275 -0.012102063014588773 -0.0025560563801992988 -0.01343372901375528 -9.2674156091450218e-05 -0.0073120550745389683 0.0092553021322983962 -0.00066044729078419478 0.010097570591836027 -0.010915485174922952 0.010094483514330441 0.010100409712324558 -0.040736974508728131 0.0078137618053003774 -0.0017699359108634789 0.0024210624188458142 -0.068972615427540088 -0.0038738799050421087 -0.038402611010986909 0.0015914211198790899 -0.01108367774071314 -0.0064063129157277974 -0.011272544284704318 0.0059297116100951643 0.0088834371067483143 0.0014713001218480488 0.0089121055876135793 -0.060587093155238629 0.010098550634018289 -0.00076417090066736642
leaf_weight=1868.384095988702 10.684795230627058 9.7067882865667325 590.96662815660238 118.23357325792313 1077.0022491728887 378.42608132585883 389.14595485664904 3474.2147927414626 757.69367999304086 292.68737852573395 734.14981261640787 87.936606357805431 0.78321453183889289 291.8240953758359 119.34742832183838 43.118619233369827 10.652110792696474 413.585996940732 3.0302864760160437 29.233924090862274 23.10973185300827 135.37145857512951 2536.4988152757287 15.58154205791652 34.86039724946022 28.438765112310648 163.55239293351769 9.3708111941814405 255.92684560734779 10.918134257197378
leaf_count=240391 83 62 6764 527 17143 2588 11829 44454 79240 1568 79237 9025 25 14921 3691 183 152 3944 34 255 163 565 22144 174 1168 260 3155 68 26504 51
internal_value=0 -0.00371961 0.00582634 -0.000433871 -0.000696448 -0.000293254 0.00238847 -0.0013138 0.00831469 0.00673314 0.00405461 -0.000469305 -0.00110373 0.000439819 0.00503198 -0.00792373 -0.00447748 -0.00550843 -0.00273893 0.00684788 -0.0110318 -0.00427385 -0.0111668 -0.00423214 0.0077931 -0.00215019 0.007802 0.00945033 0.0076018 -0.0105504
internal_weight=0 8432.32 5482.12 5818.01 5615.51 5318.79 1466.15 3852.64 3929.13 2060.75 1037.76 1552.99 1465.05 1005.17 411.172 296.724 459.882 424.238 593.997 202.493 2614.31 178.49 2575.19 38.6913 35.6436 39.1236 192.786 1022.99 265.298 303.606
internal_count=570368 103585 466783 80761 77289 76014 28972 47042 427059 186668 80856 39724 30699 25410 18612 1275 5289 4096 6798 3472 22824 748 22481 337 1193 343 3410 105812 26572 1619
is_linear=0
shrinkage=0.01


Tree=205
num_leaves=31
num_cat=0
split_feature=12 0 0 14 15 17 12 8 2 0 0 0 0 0 0 0 13 4 14 12 0 0 12 5 2 12 15 12 12 0
split_gain=2983.21 2008.05 854.471 109.628 124.273 142.818 247.478 148.825 107.74 148.668 904.913 102.94 83.539 74.5597 144.208 77.0635 47.8537 31.2131 29.7096 13.5021 12.2614 430.623 12.0218 10.2195 8.35709 26.6614 8.08264 3.4504 2.49557 2.23017
threshold=1.0937088826584003 4201048.0000000009 4201072.0000000009 1.7795022112803112 1.9367270844784239 3.8034897267170433 1.8855877148658888 1923.5000000000002 4855.5000000000009 4200985.0000000009 4200993.0000000009 4205705.5000000009 4204916.0000000009 4204808.5000000009 4202198.5000000009 4204355.0000000009 1.3461532835074757 448.50000000000006 1.8343053871512336 1.3826895352780137 4200970.0000000009 4200977.5000000009 3.3820560181425772 476.50000000000006 52.500000000000007 2.0806425463689515 4.3891709197946822 1.1159798465572681 1.503846501562718 4204870.0000000009
decision_type=2 2 2 2 2 2 2 2 2 2 2 2 2 2 2 2 2 2 2 2 2 2 2 2 2 2 2 2 2 2
left_child=2 17 8 16 12 6 -6 -7 -1 20 -11 13 28 14 -4 -16 27 19 -14 -2 -10 -22 24 -21 25 -19 -25 -3 -5 -15
right_child=1 3 11 4 5 7 -8 -9 9 10 -12 -13 18 29 15 -17 -18 22 -20 23 21 -23 -24 26 -26 -27 -28 -29 -30 -31
leaf_value=0.010058049255958768 -0.01176821780391756 -0.011908681310912708 -0.0027055736585109946 -0.010459289170984465 -9.1740935385479521e-05 0.0049035600938900723 0.0092420599711169026 -0.0019221890964064175 0.010096590412964226 -0.010500979385660011 0.010093535011728223 0.010099401507704962 0.0013581093734927278 -0.0040761604350414557 0.0077936876480057416 -0.0017493494620221004 0.0095526775937645157 -0.0065765967890281741 -0.0061101108323695754 -0.019172843496529916 -0.057613936145412464 0.010097560285719431 0.0092626244413206594 -0.00088398144036718591 -0.011636608139512955 -0.011140302582787753 0.010751523580449332 -0.0029633892415676928 -0.014084576862189424 -0.0058211420081815488
leaf_weight=1849.9794958201237 10.597234994173048 9.7654715999960917 595.29425328969955 23.796658486127853 1077.0773763200268 351.47407568246126 385.82315422967076 3503.5174554437399 750.22697882074863 301.99318169057369 726.91289626993239 87.070272434968501 93.576640252023935 369.60204683989286 289.66084365919232 119.5434234701097 145.0160182453692 150.12418500334024 123.6590932905674 2.214078243821862 9.7538373619317991 253.4050540458411 2.8828300125896922 17.007200337946419 1532.0520828403533 869.06668451428413 9.1994309872388822 7.721491113305091 93.972973003983498 91.341739196330309
leaf_count=240391 83 62 6798 113 17143 10707 11829 36335 79240 1619 79237 9025 686 4234 14921 3691 2880 1365 513 20 68 26504 57 85 13008 8051 155 79 414 1055
internal_value=0 -0.00369294 0.00580804 -0.000429686 -0.000662476 -0.000290333 0.00236994 -0.00129986 0.00830996 0.00672649 0.00404886 -0.000464487 -0.00656989 -0.00109215 0.00043583 0.00500582 0.00766826 -0.0110111 -0.00289309 -0.00213458 0.00944512 0.00758787 -0.0111467 0.00145752 -0.0111698 -0.0104681 0.00320048 -0.00795882 -0.013352 -0.00442195
internal_weight=0 8408.54 5444.78 5815.4 5652.9 5317.89 1462.9 3854.99 3892.27 2042.29 1028.91 1552.51 335.005 1465.44 1004.5 409.204 162.503 2593.14 217.236 39.0179 1013.39 263.159 2554.13 28.4207 2551.24 1019.19 26.2066 17.487 117.77 460.944
internal_count=570368 103585 466783 80761 77740 76014 28972 47042 427059 186668 80856 39724 1726 30699 25410 18612 3021 22824 1199 343 105812 26572 22481 260 22424 9416 240 141 527 5289
is_linear=0
shrinkage=0.01


Tree=206
num_leaves=31
num_cat=0
split_feature=12 12 3 2 2 4 5 12 3 13 13 3 3 3 14 12 4 13 4 16 13 4 3 4 14 5 2 13 14 3
split_gain=2939.61 480.669 378.935 475.79 223.368 225.88 212.274 183.118 158.976 149.048 107.499 240.454 104.272 308.706 119.713 77.2718 73.9864 58.1129 58.0667 101.24 49.98 47.1703 36.582 35.3752 31.3779 28.0662 23.0387 14.2949 4.0704 3.08777
threshold=1.0937088826584003 1.0174949934843371 256.50000000000006 84.500000000000014 772.50000000000011 4172.5000000000009 778.50000000000011 1.2458435429170043 46.500000000000007 3.1696996596600253 3.4655344199481246 128.50000000000003 1322.5000000000002 3008.5000000000005 5.8644858152678658 1.503846501562718 2537.5000000000005 2.9257316291234807 349.50000000000006 8.3164346342264963 1.3461532835074757 160.50000000000003 3144.5000000000005 20.500000000000004 4.2450123703691158 499.50000000000006 3092.5000000000005 1.3612797788775417 5.0793281312463163 4112.5000000000009
decision_type=2 2 2 2 2 2 2 2 2 2 2 2 2 2 2 2 2 2 2 2 2 2 2 2 2 2 2 2 2 2
left_child=1 -1 6 22 12 7 8 -6 25 17 16 -12 14 -14 -5 -7 -11 21 19 -10 -3 -8 23 -4 -25 28 -20 29 -2 -22
right_child=2 20 3 4 5 15 9 -9 18 10 11 -13 13 -15 -16 -17 -18 -19 26 -21 27 -23 -24 24 -26 -27 -28 -29 -30 -31
leaf_value=0.003521805123937813 -0.019453598574845795 0.01005896505190027 0.012406950494752073 -0.0057401899069723754 -0.0058744730591920521 -0.0061781457892313985 0.0084461109284119477 0.0037785938222756983 -0.00032123774742217075 -0.011482870074481259 0.0080345055499920354 -0.0067615194730068643 0.0083062385601281406 -0.0022371670205513683 0.0025088755976475042 -0.010732349018767415 -0.0024748694751020582 0.010339488581444352 0.0089548223156827051 0.010159481077499794 -0.0071645997632819262 -0.0011725620817730484 -0.0061045870122960642 -0.011340911543906764 -0.0015544476159808998 0.010407065049935526 -0.029459183018379933 0.0057085657563825023 -0.013260498070658037 -0.00059509074545682685
leaf_weight=3425.5092372568324 18.75597033649683 1890.3808518811129 6.4682665467262259 797.67838817089796 411.21912410855293 1058.3950633257627 63.794772487133741 376.38806385546923 290.8097001221031 272.28202895820141 170.68073751032352 308.10447022691369 360.35431597009301 1210.8024352714419 225.70542314462364 574.94226897507906 137.08457540720701 79.069871336221695 296.94804954528809 134.9282512050122 9.7701254002749902 253.90169997047633 184.11122006177902 1088.4455225542188 33.778900602832437 4.4571291692554942 1.5695262849330891 55.337159340269864 24.443084344267845 26.724145089276135
leaf_count=216531 78 245840 57 7363 2320 11322 2685 4970 3568 1939 4285 2781 6970 14348 2397 3759 1016 2181 7768 5155 461 6094 1711 10229 336 129 7 2712 117 1239
internal_value=0 0.00578973 -0.00366633 -0.00487828 -0.00347544 -0.00566014 6.24887e-05 -0.00126139 0.00420728 -0.00242749 -0.00470389 -0.00148693 -0.00143692 0.000181027 -0.00392087 -0.00778125 -0.00846636 0.00266818 0.00537139 0.00300039 0.00970898 0.000758907 -0.0102377 -0.0109119 -0.0110463 -0.0134844 0.00875285 0.00250452 -0.0159494 -0.00235386
internal_weight=0 5407.72 8385.12 6328.29 5015.49 2420.94 2056.83 787.607 771.912 1284.92 888.152 478.785 2594.54 1571.16 1023.38 1633.34 409.367 396.766 724.256 425.738 1982.21 317.696 1312.8 1128.69 1122.22 47.6562 298.518 91.8314 43.1991 36.4943
internal_count=570368 466783 103585 65782 53449 22371 37803 7290 16822 20981 10021 7066 31078 21318 9760 15081 2955 10960 16498 8723 250252 8779 12333 10622 10565 324 7775 4412 195 1700
is_linear=0
shrinkage=0.01


Tree=207
num_leaves=31
num_cat=0
split_feature=12 0 0 6 12 13 0 4 2 4 0 2 0 0 0 4 6 1 1 0 0 1 1 4 6 1 1 12 0 0
split_gain=2892.83 1982.06 851.366 107.548 141.684 233.571 225.07 116.848 152.762 166.178 110.171 107.438 148.33 896.142 102.124 79.0313 77.1957 74.8013 82.439 75.9855 76.8912 49.0439 40.3125 31.0709 24.8763 26.2308 24.1829 13.3952 12.3271 412.734
threshold=1.0937088826584003 4201048.0000000009 4201072.0000000009 327.00000000000006 3.3333744316333989 4.0279656737693381 4205705.5000000009 4201.5000000000009 181.50000000000003 819.50000000000011 4205395.0000000009 4855.5000000000009 4200985.0000000009 4200993.0000000009 4205705.5000000009 56.500000000000007 2897.0000000000005 2417604865630.5005 2424655934955.0005 4202198.5000000009 4204355.0000000009 1900371961397.0002 2424655927106.5005 448.50000000000006 300.50000000000006 3021549772722.0005 3155490927897.0005 1.3826895352780137 4200970.0000000009 4200977.5000000009
decision_type=2 2 2 2 2 2 2 2 2 2 2 2 2 2 2 2 2 2 2 2 2 2 2 2 2 2 2 2 2 2
left_child=2 23 11 7 5 6 -5 8 9 -3 -6 -1 28 -14 17 -10 -12 19 -19 21 -21 -4 -7 27 25 -9 -20 -2 -13 -30
right_child=1 3 14 4 10 22 -8 24 15 -11 16 12 13 -15 -16 -17 -18 18 26 20 -22 -23 -24 -25 -26 -27 -28 -29 29 -31
leaf_value=0.010056032696775795 -0.011745483372027687 -0.0021416282857774651 -0.0055728933258880099 -0.0005571779470764334 0.0091832758120817311 -0.019110120928815595 0.0077937584996294234 -0.024229794393729721 -0.0082381064184885427 -0.012196724367940195 0.0059187003937809044 0.010095283787324008 -0.010468051028438397 0.010092270002143187 0.010098040364857635 0.0068618177752860924 -0.0072688343846611415 -0.011806064472441929 -0.0042384306732812628 0.0086523050531274494 0.0001078744834313288 0.0031153985026993927 -0.008528382226827667 -0.011111943266003774 -0.042871948677943722 -0.0046794305521298766 -0.00031742251811021563 0.0014768867302077291 -0.055107485582889602 0.010096240405400244
leaf_weight=1813.7057824325748 10.501518085598944 820.10365592129529 198.91073808073997 3494.7453347947448 299.33336406946182 53.343358710408211 355.5721126543358 20.452431797981266 41.253274768590927 205.55873455479741 87.662386238574982 740.27090094797313 300.9332460463047 717.26253598183393 85.90407587820664 216.92978593334556 89.918463587760925 99.913352876901627 280.27582004200667 187.77490114700049 239.84542652219534 96.485929019749165 110.7444903254509 2517.7423313464969 4.4875737577676764 10.328578919172285 358.47387260291725 28.333885338157415 10.100032970309256 250.04259148146957
leaf_count=240391 83 7632 2255 45701 9966 236 9947 116 176 981 628 79240 1619 79237 9025 4383 465 416 3499 11102 6521 1176 448 22481 28 54 5730 260 68 26504
internal_value=0 -0.00363754 0.00576168 -0.00040906 0.000328252 -0.000283933 0.000214021 -0.00291946 -0.00242616 -0.00415683 0.00548129 0.00828962 0.00670252 0.00401556 -0.000498322 0.00444911 -0.000758838 -0.00112108 -0.00335918 0.00116545 0.00385987 -0.00273502 -0.0119684 -0.010975 -0.0208764 -0.0176697 -0.00203791 -0.00209859 0.00943724 0.00756471
internal_weight=0 8367.01 5379.9 5810.43 4491.32 4014.41 3850.32 1319.11 1283.85 1025.66 476.914 3832.32 2018.61 1018.2 1547.58 258.183 177.581 1461.68 738.663 723.017 427.62 295.397 164.088 2556.58 35.2686 30.781 638.75 38.8354 1000.41 260.143
internal_count=570368 103585 466783 80761 67391 56332 55648 13370 13172 8613 11059 427059 186668 80856 39724 4559 1093 30699 9645 21054 17623 3431 684 22824 198 170 9229 343 105812 26572
is_linear=0
shrinkage=0.01


Tree=208
num_leaves=31
num_cat=0
split_feature=12 12 3 2 2 5 12 3 3 13 13 3 3 3 14 1 5 14 3 13 13 1 6 3 14 1 1 1 1 1
split_gain=2850.84 478.58 365.937 471.273 218.465 206.838 172.247 163.53 155.359 146.425 104.549 234.494 100.217 301.143 116.365 81.9649 90.2018 67.3499 63.275 57.4982 50.3279 45.7772 38.245 36.976 33.5939 32.8524 61.8262 117.58 68.3695 59.9308
threshold=1.0937088826584003 1.0174949934843371 256.50000000000006 84.500000000000014 772.50000000000011 778.50000000000011 1.503846501562718 541.50000000000011 46.500000000000007 3.1696996596600253 3.4655344199481246 128.50000000000003 1322.5000000000002 3008.5000000000005 5.8644858152678658 4202993306407.5005 260.50000000000006 3.6117698533915084 2457.5000000000005 2.9257316291234807 1.3461532835074757 4374073345192.5005 197.50000000000003 3144.5000000000005 4.2450123703691158 1181289197948.0002 1564759720309.0002 1478970866856.5002 1494781006281.0002 1738908559458.0002
decision_type=2 2 2 2 2 2 2 2 2 2 2 2 2 2 2 2 2 2 2 2 2 2 2 2 2 2 2 2 2 2
left_child=1 25 5 23 12 8 7 -6 -2 19 17 -12 14 -14 -5 22 -17 -11 -8 -7 -3 -22 -10 24 -4 -1 27 -27 -29 -28
right_child=2 20 3 4 6 9 18 -9 15 10 11 -13 13 -15 -16 16 -18 -19 -20 -21 21 -23 -24 -25 -26 26 29 28 -30 -31
leaf_value=0.0055781583871480286 -0.013347150233137286 0.010056980634629576 -0.011185670295838904 -0.0056306791304564343 -0.010566237518936697 0.00077080678523101288 -0.013336877675899922 -0.0025681589800429934 0.0045203332683222096 -0.0023423595522086161 0.0080037876916707953 -0.0066517680365093396 0.0082691748496562002 -0.0021877146730018247 0.0025043029891183627 -0.0061465438691779006 0.0098472960172368475 -0.011079016905875729 -0.0070502145422400939 0.010335820403526786 0.0042545847321022344 -0.025322052504830991 0.0097593664859212392 -0.0060107311317780902 -0.0011972473143684 0.0030128528431527975 0.0092569612741744862 -0.030344280872129321 -0.0071802264625203619 0.0030656545123370531
leaf_weight=611.82005277276039 47.480759005993605 1853.584086922463 1076.0789690986276 796.73141393065453 310.00010930374265 316.89343134686351 303.15814953297377 1457.7662514410913 278.13747724145651 128.35437095910311 168.94345595315099 308.60551610216498 356.39776526205242 1211.8334987852722 225.6332216206938 108.68949328362942 52.196342347189784 282.30210268869996 339.27227320894599 78.394080638885498 85.583133795298636 5.5738202035427085 279.22075872868299 182.02047134563327 34.75952853448689 159.14405251201242 167.32179953623563 16.159112315624952 60.252525840885937 2383.3480636077002
leaf_count=44208 324 245840 10265 7363 2895 8779 2439 14770 4604 973 4285 2781 6970 14348 2397 511 819 1982 2267 2181 4301 111 10564 1711 357 11765 10949 822 2944 145843
internal_value=0 0.00574404 -0.00361168 -0.00480673 -0.00341537 5.86327e-05 -0.0055823 -0.00397072 0.00417185 -0.00239529 -0.00464855 -0.00146704 -0.00139934 0.000188728 -0.00383531 0.00532997 -0.000957647 -0.0083483 -0.0100168 0.00266776 0.00970023 0.00244611 0.00714494 -0.0101885 -0.0108731 0.00347987 0.00301911 -0.00188272 -0.0120788 0.0034718
internal_weight=0 5342.79 8342.87 6293.65 5000.79 2049.22 2410.2 1767.77 765.725 1283.49 888.205 477.549 2590.6 1568.23 1022.36 718.244 160.886 410.656 642.43 395.288 1944.74 91.157 557.358 1292.86 1110.84 3398.05 2786.23 235.556 76.4116 2550.67
internal_count=570368 466783 103585 65782 53449 37803 22371 17665 16822 20981 10021 7066 31078 21318 9760 16498 1330 2955 4706 10960 250252 4412 15168 12333 10622 216531 172323 15531 3766 156792
is_linear=0
shrinkage=0.01


Tree=209
num_leaves=31
num_cat=0
split_feature=12 0 0 14 17 17 12 8 2 0 0 0 1 1 0 0 0 1 13 4 2 1 3 12 2 12 0 0 1 5
split_gain=2805.27 1956.5 847.714 109.074 153.016 138.596 242.676 141.182 107.126 147.987 887.366 101.237 73.0887 80.9301 74.9474 76.621 58.7215 48.2076 40.9607 31.2077 25.4753 23.7092 19.1525 26.5875 15.1554 13.3857 12.3852 395.442 10.8572 9.92642
threshold=1.0937088826584003 4201048.0000000009 4201072.0000000009 1.8150298500602577 1.9837919607664294 3.8034897267170433 1.8855877148658888 1923.5000000000002 4855.5000000000009 4200985.0000000009 4200993.0000000009 4205705.5000000009 2417604865630.5005 2424655934955.0005 4202198.5000000009 4204355.0000000009 4204916.0000000009 1900371961397.0002 1.3461532835074757 448.50000000000006 878.50000000000011 3155490927897.0005 166.50000000000003 2.8416269947219686 1354.5000000000002 1.3826895352780137 4200970.0000000009 4200977.5000000009 4205234324575.5005 476.50000000000006
decision_type=2 2 2 2 2 2 2 2 2 2 2 2 2 2 2 2 2 2 2 2 2 2 2 2 2 2 2 2 2 2
left_child=2 19 8 18 16 6 -6 -7 -1 26 28 12 14 -14 17 -16 -5 -4 -3 25 -18 -15 23 -21 -20 -2 -10 -28 -11 -27
right_child=1 3 11 4 5 7 -8 -9 9 10 -12 -13 13 21 15 -17 20 -19 24 22 -22 -23 -24 -25 -26 29 27 -29 -30 -31
leaf_value=0.010054039009208917 -0.011726432187475743 -0.0077076677550650657 -0.0055582596592172453 -0.013170481992847091 -5.7920732238917647e-05 0.004835622856030476 0.0092243232018647207 -0.0018566824466936486 0.010093996268535214 -0.010803771214322055 0.010091024445471407 0.010096651967993713 -0.011734669467317637 -0.0042271810673725615 0.008631724418488149 6.6324381546563127e-05 0.0026363376801607909 0.0030692613365791129 0.0016481729155726915 -0.010981071625562869 -0.0061839538750667333 -0.00034352684228494966 -0.011187858055732148 0.0059896665037067875 0.0094858470495608211 -0.018647201787589822 -0.052695099529748442 0.010094941626358728 -0.00061671021972390229 0.0032643007668137643
leaf_weight=1778.1392695340328 10.420674890279768 17.663141041994095 199.06557223945856 116.7344022244215 1079.5559886330739 346.41495159268379 381.0815765671432 3501.7573542874306 730.38021125458181 289.00481221079826 707.68239891435951 84.716396036557853 99.777549788355827 280.40475005097687 185.542769334279 238.9146020449698 43.20424097776413 95.998132608830929 29.356684446334839 22.614102564752102 135.27085974812508 357.74431652668864 2443.8614649921656 15.599779039621351 154.58376262709498 2.2454233467578915 10.455066934227942 246.70560175646096 10.855101719498633 26.094470150768757
leaf_count=240391 83 141 2255 527 17143 10707 11829 36335 79240 1568 79237 9025 416 3499 11102 6521 183 1176 255 163 565 5730 22144 174 3076 20 68 26504 51 240
internal_value=0 -0.00358263 0.00571615 -0.000388465 -0.000648443 -0.000258783 0.00236382 -0.00125424 0.00826924 0.00667852 0.00398217 -0.000530512 -0.00114823 -0.00335951 0.00111961 0.00381051 -0.00765577 -0.00275132 0.00683818 -0.010939 -0.00404879 -0.00205002 -0.011078 -0.00405323 0.00823496 -0.00203526 0.00942949 0.00754216 -0.010435 0.00152821
internal_weight=0 8326.46 5315.39 5805.62 5604.02 5308.81 1460.64 3848.17 3773.22 1995.08 1007.54 1542.16 1457.45 737.927 719.521 424.457 295.21 295.064 201.604 2520.84 178.475 638.149 2482.08 38.2139 183.94 38.7606 987.541 257.161 299.86 28.3399
internal_count=570368 103585 466783 80761 77289 76014 28972 47042 427059 186668 80856 39724 30699 9645 21054 17623 1275 3431 3472 22824 748 9229 22481 337 3331 343 105812 26572 1619 260
is_linear=0
shrinkage=0.01


Tree=210
num_leaves=31
num_cat=0
split_feature=12 0 0 12 0 0 6 12 13 0 5 3 0 3 12 12 6 1 1 1 0 0 1 1 4 1 4 3 12 12
split_gain=2764.44 1939.1 843.087 106.469 146.693 877.185 105.099 137.485 227.104 218.132 135.072 127.342 100.073 98.8063 116.497 91.2495 76.2581 73.3034 71.5779 79.6103 73.6197 76.0112 47.0503 39.5456 31.1019 23.1469 19.3217 19.0338 26.2342 13.2337
threshold=1.0937088826584003 4201048.0000000009 4201072.0000000009 1.0174949934843371 4200985.0000000009 4200993.0000000009 327.00000000000006 3.3333744316333989 4.0279656737693381 4205705.5000000009 54.500000000000007 3103.5000000000005 4205705.5000000009 160.50000000000003 3.240708797041536 4.5914784098466539 2897.0000000000005 3021549772722.0005 2417604865630.5005 2424655934955.0005 4202198.5000000009 4204355.0000000009 1900371961397.0002 2424655927106.5005 448.50000000000006 3155490927897.0005 258.50000000000006 166.50000000000003 2.8416269947219686 1.3826895352780137
decision_type=2 2 2 2 2 2 2 2 2 2 2 2 2 2 2 2 2 2 2 2 2 2 2 2 2 2 2 2 2 2
left_child=2 24 3 4 -1 -6 11 8 9 -8 16 13 18 15 -15 -3 -9 26 20 -20 22 -22 -4 -10 29 -21 -13 28 -26 -2
right_child=1 6 12 -5 5 -7 7 10 23 -11 -12 17 -14 14 -16 -17 -18 -19 19 25 21 -23 -24 -25 27 -27 -28 -29 -30 -31
leaf_value=0.0094244259883507417 -0.011706305878819013 -0.013009740210110768 -0.0054781777725470679 0.010053050832849438 -0.010386484933993918 0.010090110747398807 -0.00051883349504067166 0.0059036103365534076 -0.018856757018571327 0.0077523175875235367 0.0098810001395560499 -0.002461479847681101 0.010095681647327525 0.0066547544389608058 -0.0021930346454675956 -0.0026408439626779781 -0.0067379280189178298 -0.00073065276930000752 -0.011639323145391246 -0.0041744024834350409 0.0086170233044309437 6.5665207073667433e-05 0.0030462716749135518 -0.0083728713095866346 -0.010948298135928788 -0.00033999751563397934 -0.023818542478888271 -0.011168899382177582 0.0059526564484984421 0.0015135071917807027
leaf_weight=978.25160777382553 10.334636531770228 134.6678572781384 199.95134238898754 1760.6186904301867 298.25609704852104 700.7039708616212 3496.9972134996206 87.372767642140388 53.307919755578041 350.83927332237363 279.96509196609259 4.6443944722414008 83.881477439776063 189.88305657543242 688.05912912264466 229.52884306386113 105.14093068242073 23.562140509486198 99.589892968535423 281.10697116330266 184.00841896422207 238.90010261535645 95.756609685719013 110.68358694016933 22.455773189663887 357.84283154364675 48.181108072400093 2423.6310971304774 15.540101192891596 28.331043157726526
leaf_count=105812 83 673 2255 240391 1619 79237 45701 625 236 9947 9885 35 9025 3759 7031 1506 549 122 416 3499 11102 6521 1176 448 163 5730 244 22144 174 260
internal_value=0 -0.00355688 0.00569849 0.00826453 0.00667193 0.00397648 -0.000384723 0.00034503 -0.000255867 0.000235316 0.00544727 -0.00286661 -0.000525499 -0.00209595 -0.000279417 -0.00647492 -0.00100054 -0.0153985 -0.00113691 -0.00332315 0.00110994 0.00378638 -0.00271778 -0.0117808 -0.010919 -0.00202695 -0.0219408 -0.0110588 -0.0040359 -0.00201991
internal_weight=0 8303.13 5278.87 3737.83 1977.21 998.96 5802.83 4484.31 4011.83 3847.84 472.479 1318.53 1541.04 1242.14 877.942 364.197 192.514 76.3876 1457.16 738.54 718.616 422.909 295.708 163.992 2500.29 638.95 52.8255 2461.63 37.9959 38.6657
internal_count=570368 103585 466783 427059 186668 80856 80761 67391 56332 55648 11059 13370 39724 12969 10790 2179 1174 401 30699 9645 21054 17623 3431 684 22824 9229 279 22481 337 343
is_linear=0
shrinkage=0.01


Tree=211
num_leaves=31
num_cat=0
split_feature=12 0 0 14 15 17 14 17 2 0 0 0 0 0 0 13 3 4 2 3 12 2 12 0 0 5 12 15 0 2
split_gain=2724.2 1921.74 838.385 107.498 150.184 135.21 241.14 140.037 105.877 145.304 867.118 98.9245 69.9183 206.443 58.1208 40.3962 40.1361 30.9859 24.965 18.9164 25.8858 15.1114 13.0835 12.5272 382.288 9.65205 8.90835 7.86537 6.21232 5.74299
threshold=1.0937088826584003 4201048.0000000009 4201072.0000000009 1.8150298500602577 1.9367270844784239 3.8034897267170433 2.3795204768346951 3.9564883558720996 4855.5000000000009 4200985.0000000009 4200993.0000000009 4205705.5000000009 4204355.0000000009 4202198.5000000009 4204916.0000000009 1.3461532835074757 4159.5000000000009 448.50000000000006 878.50000000000011 166.50000000000003 2.8416269947219686 1354.5000000000002 1.3826895352780137 4200970.0000000009 4200977.5000000009 476.50000000000006 1.4114136852055832 4.3891709197946822 4204808.5000000009 52.500000000000007
decision_type=2 2 2 2 2 2 2 2 2 2 2 2 2 2 2 2 2 2 2 2 2 2 2 2 2 2 2 2 2 2
left_child=2 17 8 15 14 6 -6 -7 -1 23 -11 12 13 -4 -5 -3 -15 22 -16 20 -19 26 -2 -10 -25 -24 -17 -27 -14 -21
right_child=1 3 11 4 5 7 -8 -9 9 10 -12 -13 28 16 18 21 -18 19 -20 29 -22 -23 25 24 -26 27 -28 -29 -30 -31
leaf_value=0.010052068353730584 -0.011686447484775818 -0.0075868367323734453 -0.0026769367916362808 -0.013089612214775866 -0.00076090896458722967 -0.0069848173041137688 0.0076768129772721398 -0.00060201281201513132 0.010092179607620988 -0.010337875465295542 0.010089205900691857 0.010094720755382059 -0.0017872462692672805 0.0020659861998819844 0.0026156397875383226 -0.0074249645734610053 0.010241704866572813 -0.010915746244607352 -0.0061163771171632453 -0.01054884173507571 0.0059157849234724603 0.0094718303977337024 -0.018280316346594536 -0.050887743585830578 0.010093106213367453 -0.00079282541178575831 0.0049888225779903747 0.010743602909328713 -0.0043490693885459035 -0.011547505903826609
leaf_weight=1743.2698021610267 10.249104022979735 17.752443499863148 596.29120766371489 116.23737168312073 920.99617125466466 381.57888695597649 535.71456324402243 3465.5704360306263 716.52047810889781 296.66989882290363 693.79375643935055 83.054707220289856 119.17460744455457 86.884722527116537 43.196395665407181 7.9180405288934734 194.38551240880042 22.298302225768566 135.28293402493 956.4045627489686 15.480887936428188 153.35489841550589 2.2693311460316208 10.736298665404318 242.02475103363395 16.978008776903156 21.416807532310486 9.0654198974370939 460.12242981046438 1447.1317022964358
leaf_count=240391 83 141 6798 527 15340 2588 13632 44454 79240 1619 79237 9025 3691 4168 183 71 10753 163 565 9295 174 3076 20 68 26504 85 184 155 5289 12849
internal_value=0 -0.00353171 0.0056805 -0.000381069 -0.000638689 -0.000252607 0.00234212 -0.00123509 0.00825923 0.00666443 0.00397076 -0.000520534 -0.0011257 0.000654208 -0.0075868 0.00681453 0.00771622 -0.0108993 -0.00400301 -0.0110398 -0.00401864 0.00821395 -0.00200522 0.00941696 0.00750288 0.00149934 0.0016381 0.00322287 -0.00382204 -0.0111501
internal_weight=0 8278.9 5242.93 5799.02 5598.58 5303.86 1456.71 3847.15 3703.01 1959.75 990.464 1539.91 1456.86 877.561 294.717 200.442 281.27 2479.88 178.479 2441.32 37.7792 182.69 38.5619 969.282 252.761 28.3128 29.3348 26.0434 579.297 2403.54
internal_count=570368 103585 466783 80761 77289 76014 28972 47042 427059 186668 80856 39724 30699 21719 1275 3472 14921 22824 748 22481 337 3331 343 105812 26572 260 255 240 8980 22144
is_linear=0
shrinkage=0.01


Tree=212
num_leaves=31
num_cat=0
split_feature=12 0 0 14 15 20 14 3 2 0 0 0 0 1 1 0 0 1 13 4 14 1 3 12 12 0 0 1 5 15
split_gain=2684.27 1904.71 833.997 105.941 113.379 132.591 280.538 150.934 105.229 144.037 857.175 97.7833 80.7804 69.5641 77.9793 71.4574 74.3453 45.8265 45.8169 30.8286 28.4671 22.5754 18.8 25.5424 12.935 12.5392 367.681 10.9108 9.3834 7.79686
threshold=1.0937088826584003 4201048.0000000009 4201072.0000000009 1.7795022112803112 1.9367270844784239 3.9698649853746475 2.3795204768346951 4685.5000000000009 4855.5000000000009 4200985.0000000009 4200993.0000000009 4205705.5000000009 4204916.0000000009 2417604865630.5005 2424655934955.0005 4202198.5000000009 4204355.0000000009 1900371961397.0002 1.3461532835074757 448.50000000000006 1.8343053871512336 3155490927897.0005 166.50000000000003 2.8416269947219686 1.3826895352780137 4200970.0000000009 4200977.5000000009 4205234324575.5005 476.50000000000006 4.3891709197946822
decision_type=2 2 2 2 2 2 2 2 2 2 2 2 2 2 2 2 2 2 2 2 2 2 2 2 2 2 2 2 2 2
left_child=2 19 8 18 12 6 -6 -7 -1 25 27 13 -5 15 -15 17 -17 -4 -3 24 -14 -16 23 -21 -2 -10 -27 -11 -26 -30
right_child=1 3 11 4 5 7 -8 -9 9 10 -12 -13 20 14 21 16 -18 -19 -20 22 -22 -23 -24 -25 28 26 -28 -29 29 -31
leaf_value=0.010051090681430322 -0.011666854159988041 -0.0074760477654867777 -0.0053613767494291717 -0.01301295069121778 -0.0007528620623478957 -0.00093955601971867757 0.0088416704654354465 -0.016755774043640505 0.010091254353185213 -0.010663799811111364 0.010088310659950252 0.010093769727440039 0.0014818864645477709 -0.011510853870075714 -0.004104752577560984 0.008588972918167629 9.9855861660105136e-05 0.0030435013325394904 0.0095245017073479609 -0.010883408988712659 -0.0058263271729644319 -0.00032177672896228118 -0.011131441360607262 0.0058790505487793668 -0.017894616363090608 -0.048859905884838288 0.01009217120545265 -0.00040756049092372871 -0.0007847923054011502 0.010735891231091775
leaf_weight=1726.0909706372768 10.164079837501047 17.834947414696217 201.25606249272823 115.75534361600876 921.52902640681714 3864.8734161835164 455.32754010334611 61.29363775998354 709.45570438541472 284.32280117273331 686.95105106662959 82.236007474828511 93.812734887003899 99.32254496216774 281.86398824024945 181.14206880703568 239.64875439181924 95.727576278150082 142.62318702042103 22.141695529222488 123.41933743655682 358.2489349367097 2383.5941651314497 15.422137016430495 2.2949311695992973 11.068341538310049 239.63865244481713 10.76512026786804 16.980268649756912 8.9816322438418847
leaf_count=240391 83 141 2255 527 15340 47764 12585 325 79240 1568 79237 9025 686 416 3499 11102 6521 1176 2880 163 513 5730 22144 174 20 68 26504 51 85 155
internal_value=0 -0.00350618 0.00566206 -0.000377388 -0.000605498 -0.000250087 0.00242006 -0.00118647 0.00825449 0.00665781 0.00396504 -0.000515369 -0.00626564 -0.00111408 -0.00326674 0.00110354 0.00375425 -0.00265221 0.00763489 -0.0108798 -0.00267024 -0.00198755 -0.0110208 -0.00400144 -0.0019924 0.00941192 0.00748952 -0.0102896 0.00148753 0.00320084
internal_weight=0 8256.05 5207.74 5796.47 5636.01 5303.02 1376.86 3926.17 3668.29 1942.2 982.039 1539.45 332.987 1457.21 739.435 717.774 420.791 296.984 160.458 2459.58 217.232 640.113 2421.16 37.5638 38.4209 960.163 250.707 295.088 28.2568 25.9619
internal_count=570368 103585 466783 80761 77740 76014 27925 48089 427059 186668 80856 39724 1726 30699 9645 21054 17623 3431 3021 22824 1199 9229 22481 337 343 105812 26572 1619 260 240
is_linear=0
shrinkage=0.01


Tree=213
num_leaves=31
num_cat=0
split_feature=2 5 13 5 4 13 2 4 2 2 3 2 14 2 4 4 3 14 14 6 13 4 8 3 3 5 1 1 1 1
split_gain=2641.34 373.455 357.199 347.994 219.228 206.934 186.974 161.587 150.785 245.453 193.654 150.199 199.755 343.363 130.968 120.811 80.763 77.5393 76.6294 67.5005 54.3524 55.4944 44.7465 43.68 42.7908 32.965 32.5556 62.5605 115.718 65.2553
threshold=3511.5000000000005 795.50000000000011 1.0935280532362801 215.50000000000003 258.50000000000006 1.3461532835074757 2126.5000000000005 152.50000000000003 146.50000000000003 662.50000000000011 128.50000000000003 3092.5000000000005 2.9116587207511304 983.50000000000011 1975.5000000000002 284.50000000000006 155.50000000000003 3.5202155888325084 1.8343053871512336 58.000000000000007 1.6083210945637985 160.50000000000003 2865.5000000000005 4858.5000000000009 1881.5000000000002 974.50000000000011 1181289197948.0002 1564759720309.0002 1478970866856.5002 1494781006281.0002
decision_type=2 2 2 2 2 2 2 2 2 2 2 2 2 2 2 2 2 2 2 2 2 2 2 2 2 2 2 2 2 2
left_child=1 3 26 11 6 -4 7 16 10 15 14 12 24 -14 -6 -10 -3 25 -11 22 21 -21 -5 -12 -1 -8 -2 28 -28 -30
right_child=2 4 5 19 8 -7 17 -9 9 18 23 -13 13 -15 -16 -17 -18 -19 -20 20 -22 -23 -24 -25 -26 -27 27 -29 29 -31
leaf_value=0.0084553824792394441 0.005508090749944035 0.0015082562800606658 0.010050339196384418 0.0047208427689044551 0.0073123413642253747 0.0015520085403800618 -0.0045722402048147068 0.0076954899731739449 -0.028655202834142419 -0.0049529687983955921 -0.010774504992371804 -0.017415984595401116 -0.0015363481393247641 -0.014621421050619232 -0.0054461291857210818 -0.00064220259203893375 -0.0089484378264016156 0.0095033365182341061 -0.0096916606003978473 -0.020328283323377945 0.0094058658934316388 0.0039917442388082329 -0.0067148943646566537 -0.0054653864724081907 -0.0028693360323805762 -0.013027501995324075 0.002902689868483947 0.003387615086906489 -0.029890948557610111 -0.0073197407567576287
leaf_weight=199.75262086838484 595.50303558260202 186.01649912446737 1754.6328528565355 86.105228461325169 101.67150861956179 342.44711649697274 70.01620664447546 296.34003169089556 15.610483825206755 681.56460941582918 1224.1753831021488 65.411281269043684 1647.9220777172595 228.32576101645827 385.61538785882294 1116.8733258023858 122.50686759501696 22.27679156512022 683.45567092299461 11.817857488989828 390.43222034722567 45.53080789744854 56.778569303452969 177.42685408145189 40.056019946932793 135.04964699596167 154.51169204339385 2492.2307256637141 16.330119598656893 59.399384365417063
leaf_count=2852 44208 3403 245482 657 2969 12928 330 5813 69 7620 11423 377 15474 1873 3445 18350 961 601 5053 65 10557 255 349 1807 476 648 11765 156792 822 2944
internal_value=0 -0.00361415 0.00543199 -0.000647981 -0.00518978 0.00866259 -0.000484242 0.0024217 -0.00608254 -0.00447013 -0.00821448 -0.00249162 -0.00203028 -0.00312871 -0.0027841 -0.00102834 -0.00264383 -0.00821573 -0.0073256 0.00616101 0.00807061 -0.00101989 0.000176557 -0.0101024 0.00656378 -0.0101406 0.00339014 0.00292686 -0.0020605 -0.0121869
internal_weight=0 7990.73 5415.05 2772.13 5218.6 2097.08 832.206 604.863 4386.39 2497.5 1888.89 2181.47 2116.06 1876.25 487.287 1132.48 308.523 227.343 1365.02 590.665 447.781 57.3487 142.884 1401.6 239.809 205.066 3317.97 2722.47 230.241 75.7295
internal_count=570368 95427 474941 32935 62492 258410 11756 10177 50736 31092 19644 21052 20675 17347 6414 18419 4364 1579 12673 11883 10877 320 1006 13230 3328 978 216531 172323 15531 3766
is_linear=0
shrinkage=0.01


Tree=214
num_leaves=31
num_cat=0
split_feature=2 0 0 14 13 15 13 4 0 2 0 0 5 5 2 4 1 0 4 3 13 5 3 13 13 2 0 13 0 0
split_gain=2598.69 1815.8 866.208 114.465 175.116 216.65 281.692 271.255 113.75 104.474 143.725 848.927 103.795 104.153 70.5553 50.6382 43.9502 37.2185 30.4339 26.6319 25.1706 19.0044 18.5034 25.0509 17.4508 14.9573 14.8377 12.7019 12.59 354.286
threshold=3511.5000000000005 4200993.0000000009 4201072.0000000009 1.8150298500602577 1.7754236602093663 3.6922419901710248 2.2688285431649127 52.500000000000007 4205705.5000000009 4855.5000000000009 4200985.0000000009 4200993.0000000009 795.50000000000011 317.50000000000006 4175.5000000000009 874.50000000000011 92909938457.500015 4204916.0000000009 448.50000000000006 4159.5000000000009 1.3461532835074757 301.50000000000006 166.50000000000003 2.9257316291234807 1.3201124284121852 1354.5000000000002 4204916.0000000009 2.2989862069126414 4200970.0000000009 4200977.5000000009
decision_type=2 2 2 2 2 2 2 2 2 2 2 2 2 2 2 2 2 2 2 2 2 2 2 2 2 2 2 2 2 2
left_child=1 18 9 20 12 7 -7 -6 14 -2 28 -12 13 -5 19 -16 -17 -14 27 21 26 -4 23 -20 -24 -22 -3 -1 -11 -30
right_child=2 3 8 4 5 6 -8 -9 -10 10 11 -13 17 -15 15 16 -18 -19 22 -21 25 -23 24 -25 -26 -27 -28 -29 29 -31
leaf_value=-0.011626195898939909 0.010047300829825028 0.010464641093357506 -0.0083461088098880538 -0.0092795843735238148 -0.027706401474928519 -0.015900819507331177 -0.00081232004088783191 0.0039301902690833911 0.0100983177087666 0.010090028749385804 -0.010258801112967668 0.010087126322486659 -0.0092370912559927004 0.0068688740056455956 0.010334453959453956 0.010020383727198146 -0.0023430839635748745 -0.00373080191169741 -0.010821920553289151 0.010105306904792196 0.0016541165037808206 0.0030724741145738525 0.010195393852407961 0.0058474567705954937 -0.0110865828344447 0.0094505821479590035 -0.007295873811246102 0.001501147962686529 -0.047018955662334876 0.010090934186095343
leaf_weight=9.9856348559260351 1682.147512786556 6.371693022549155 15.737055152654646 60.505960434675217 27.650192990899086 128.89696419239044 3087.7963611185551 1366.4837718084455 99.573793060611933 700.02730805892497 294.03709234297276 677.82552548311651 368.08232800662518 117.50634772330523 33.647123528644443 29.374966880306602 1357.5309423431754 184.17912258207798 21.846820168197155 53.764110011979938 29.378103978931904 197.51387046836317 3.8592701293528071 15.349585788324474 2347.9893440455198 151.51539168506861 17.970403015613556 28.147777326405048 11.385579034686087 236.45630148332566
leaf_count=83 240033 152 211 284 127 598 40208 24259 10559 79240 1619 79237 1767 758 1086 600 21691 777 163 5381 255 8712 206 174 22139 3076 141 260 68 26504
internal_value=0 -0.00358576 0.00540386 -0.000428896 -0.000710504 1.01083e-05 -0.00141694 0.00330273 -0.00028783 0.0082279 0.00663367 0.00393146 -0.00526033 0.00138005 -0.000900657 -0.00178715 -0.00208122 -0.00740074 -0.0107995 0.00381558 0.00689973 0.00222983 -0.010941 -0.00394308 -0.0110517 0.00818439 -0.00264695 -0.00193639 0.00940428 0.00746737
internal_weight=0 7973.52 5389.02 5546.34 5341.1 4610.83 3216.69 1394.13 1787.14 3601.88 1919.73 971.863 730.274 178.012 1687.57 1420.55 1386.91 552.261 2427.18 267.015 205.236 213.251 2389.05 37.1964 2351.85 180.893 24.3421 38.1334 947.869 247.842
internal_count=570368 95427 474941 72402 68778 65192 40806 24386 48240 426701 186668 80856 3586 1042 37681 23377 22291 2544 23025 14304 3624 8923 22682 337 22345 3331 293 343 105812 26572
is_linear=0
shrinkage=0.01


Tree=215
num_leaves=31
num_cat=0
split_feature=12 0 0 12 0 0 14 15 17 12 17 0 1 1 0 0 0 1 13 4 12 1 3 12 12 0 0 12 1 1
split_gain=2565.27 1862.46 825.613 104.282 142.475 839.203 103.617 139.94 128.217 237.836 134.93 95.7621 67.9629 76.5258 70.3169 73.514 56.7709 45.0447 38.659 30.6463 24.0431 22.0617 18.6453 24.7189 12.7737 12.5971 341.918 12.5582 10.867 6.75859
threshold=1.0937088826584003 4201048.0000000009 4201072.0000000009 1.0174949934843371 4200985.0000000009 4200993.0000000009 1.8150298500602577 1.9367270844784239 3.8034897267170433 1.8855877148658888 3.9564883558720996 4205705.5000000009 2417604865630.5005 2424655934955.0005 4202198.5000000009 4204355.0000000009 4204916.0000000009 1900371961397.0002 1.3461532835074757 448.50000000000006 1.5623053364853321 3155490927897.0005 166.50000000000003 2.8416269947219686 1.3826895352780137 4200970.0000000009 4200977.5000000009 1.3826895352780137 4205234324575.5005 3966985676353.5005
decision_type=2 2 2 2 2 2 2 2 2 2 2 2 2 2 2 2 2 2 2 2 2 2 2 2 2 2 2 2 2 2
left_child=2 19 3 4 25 28 18 16 9 -9 -10 12 14 -14 17 -16 29 -4 -3 27 -18 -15 23 -21 -20 -1 -27 -2 -6 -8
right_child=1 6 11 -5 5 -7 7 8 10 -11 -12 -13 13 21 15 -17 20 -19 24 22 -22 -23 -24 -25 -26 26 -28 -29 -30 -31
leaf_value=0.010089124838322751 -0.011607399116287236 -0.0071908694120945294 -0.0053271281934778045 0.010048246175218703 -0.010587422528628616 0.010086251913629621 -0.013423495928410608 -8.3900047914507966e-05 -0.0068204970913792922 0.0091895729476940535 -0.00056740398525847882 0.010091539901903297 -0.011426971767701646 -0.0040759597512632128 0.0085662811588115735 9.1729039338043689e-05 -0.0054390962474041814 0.0030127895397334833 0.0094639261600437726 -0.010790183390749823 0.0044548592331589065 -0.00033645249559113128 -0.011082593601483367 0.005810945714300424 0.0026995681253489403 -0.045319560718623988 0.010090021230676982 0.0014870814162691124 -0.00033584416840181421 -0.0029012566776651957
leaf_weight=693.12369846459478 9.9022055193781835 18.050082832574844 201.62527300417423 1675.6989176031202 281.72854289412498 671.13893275242299 108.08483836054802 1075.3008773224428 383.2288800701499 372.32129502668977 3466.5061934329569 80.315680904313922 99.142739921808243 282.19281822070479 178.79298991337419 239.44950611144304 149.03274509310722 95.406674958765507 145.0168737731874 21.692740470170975 29.407773911952972 357.79943389166147 2329.1462607234716 15.29186027497053 34.572158969938755 11.692796826362608 234.1246005082503 28.129982300102711 10.734128370881079 6.4697528630495063
leaf_count=79240 83 141 2255 240391 1568 79237 500 17143 2588 11829 44454 9025 416 3499 11102 6521 621 1176 2969 163 127 5730 22144 174 362 68 26504 260 51 27
internal_value=0 -0.00342938 0.00559755 0.00822922 0.00662709 0.00392578 -0.000356383 -0.000607959 -0.000235866 0.00230119 -0.00118988 -0.000538252 -0.00112525 -0.00325176 0.00107219 0.00371449 -0.00733542 -0.00264835 0.00675961 -0.0108276 -0.00380853 -0.00198532 -0.0109707 -0.00392619 0.00816174 0.00939933 0.00745435 -0.00192225 -0.0102112 -0.0128292
internal_weight=0 8192.15 5112.97 3578.24 1902.54 963.602 5787.99 5590.35 5297.36 1447.62 3849.74 1534.73 1454.41 739.135 715.274 418.242 292.995 297.032 197.639 2404.16 178.441 639.992 2366.13 36.9846 179.589 938.941 245.817 38.0322 292.463 114.555
internal_count=570368 103585 466783 427059 186668 80856 80761 77289 76014 28972 47042 39724 30699 9645 21054 17623 1275 3431 3472 22824 748 9229 22481 337 3331 105812 26572 343 1619 527
is_linear=0
shrinkage=0.01


Tree=216
num_leaves=31
num_cat=0
split_feature=12 12 4 13 13 2 2 12 15 7 16 4 2 2 6 2 13 6 12 4 13 7 12 4 13 14 6 12 4 4
split_gain=2527.79 466.048 297.078 235.489 247.347 241.002 189.749 183.427 126.813 119.194 123.414 115.959 110.422 136.897 228.003 110.809 93.3994 67.7957 61.9705 156.695 51.6945 47.6742 39.1677 15.3829 14.3769 10.0558 8.16868 7.04009 3.41947 5.83592
threshold=1.0937088826584003 1.0174949934843371 258.50000000000006 3.4655344199481246 4.6912353757914458 134.50000000000003 772.50000000000011 1.503846501562718 2.9876049790630992 2490.5000000000005 7.6184474304487368 284.50000000000006 48.500000000000007 263.50000000000006 2472.5000000000005 99.500000000000014 3.8710211871412672 4066.0000000000005 2.8416269947219686 2599.5000000000005 1.3461532835074757 2865.5000000000005 2.0806425463689515 48.500000000000007 1.3612797788775417 5.3861104316261601 58.000000000000007 2.3136784954028484 159.50000000000003 166.50000000000003
decision_type=2 2 2 2 2 2 2 2 2 2 2 2 2 2 2 2 2 2 2 2 2 2 2 2 2 2 2 2 2 2
left_child=1 -1 8 5 16 18 11 -8 28 10 -6 -7 23 15 -15 -14 17 -5 22 -20 -3 -11 -4 26 -22 -18 -10 -25 -2 -30
right_child=2 20 3 4 9 6 7 -9 12 21 -12 -13 13 14 -16 -17 25 -19 19 -21 24 -23 -24 27 -26 -27 -28 -29 29 -31
leaf_value=0.0033329269537369839 -0.019558026808256801 0.010049327670352232 -0.0057137113979798815 -0.016316287402399456 -0.0097391725151678328 -0.028296167226355001 -0.0040089228025727095 -0.010659041707831831 -0.013989914457025901 0.0072188368844810979 -0.00039789088367361012 -0.00080829236786102588 -0.0019911914402585239 -0.009575395713913061 0.0010154671089058073 0.0086684819730998581 0.0099720358775869395 0.0020332039642963697 -0.010151261507686065 0.0018573890909833971 -0.0027129572016689439 -0.0032299637196496768 -0.01095400810292604 -0.033116478367020127 0.0055090446737171136 0.0051581916425215354 0.0015590147121172929 -0.018676785173501267 -0.010159015211428713 -0.016900514442228138
leaf_weight=3276.1714798724279 9.8197075165808183 1713.5769984880462 169.82758686691523 22.533967902883887 376.59465670958161 15.52298319339752 1421.911081591621 585.57999399676919 21.516074016690254 108.43999044597149 226.49538039788604 1353.1104116048664 139.50312313623726 245.01499806344509 1193.132569488138 324.02402383461595 211.17354991845787 189.14289067126811 296.17255733907223 171.62494051083922 35.489066415466368 73.104575738310814 890.68363017588854 5.7295362502336493 53.069936704821885 54.618053305894136 4.0081119984388378 8.2214042507112008 29.186687529087063 22.928510680794719
leaf_count=216531 54 245840 1680 148 1941 68 19476 3979 104 648 2698 20121 1949 1943 14336 8640 5762 4718 1977 2369 1700 431 9140 34 2712 1059 28 57 129 96
internal_value=0 0.00557974 -0.00340456 -0.0044914 -0.000639171 -0.00548272 -0.00399126 -0.00594875 -5.87225e-05 -0.00409255 -0.00623098 -0.00112006 0.000390717 0.000734348 -0.000788882 0.00546035 0.00503584 7.98168e-05 -0.00877745 -0.00574554 0.0096643 0.0030113 -0.0101148 -0.0161634 0.00221417 0.00898283 -0.0115482 -0.024607 -0.0141449 -0.013125
internal_weight=0 5078.31 8169.62 6166.54 1262.1 4904.43 3376.12 2007.49 2003.08 784.635 603.09 1368.63 1941.15 1901.67 1438.15 463.527 477.468 211.677 1528.31 467.797 1802.14 181.545 1060.51 39.4751 88.559 265.792 25.5242 13.9509 61.9349 52.1152
internal_count=570368 466783 103585 76215 17405 58810 43644 23455 27370 5718 4639 20189 27091 26868 16279 10589 11687 4866 15166 4346 250252 1079 10820 223 4412 6821 132 91 279 225
is_linear=0
shrinkage=0.01


Tree=217
num_leaves=31
num_cat=0
split_feature=12 0 0 2 0 0 14 8 8 8 15 0 0 0 13 3 5 5 3 12 15 0 0 3 2 3 0 2 12 14
split_gain=2486.87 1841.78 821.917 103.927 142.107 831.039 102.411 104.435 145.72 113.477 102.464 94.9813 66.0713 199.277 43.9335 40.7177 35.457 26.8344 20.6952 31.5057 16.2967 12.6491 331.231 9.18625 8.39384 42.6811 5.7783 4.68012 3.31743 2.25288
threshold=1.0937088826584003 4201048.0000000009 4201072.0000000009 4855.5000000000009 4200985.0000000009 4200993.0000000009 1.7795022112803112 1923.5000000000002 2441.5000000000005 40.500000000000007 1.9367270844784239 4205705.5000000009 4204355.0000000009 4202198.5000000009 1.3461532835074757 4159.5000000000009 1026.5000000000002 50.500000000000007 166.50000000000003 1.3826895352780137 5.2206801228272122 4200970.0000000009 4200977.5000000009 46.500000000000007 52.500000000000007 3103.5000000000005 4204808.5000000009 49.500000000000007 1.1159798465572681 1.7196007322969276
decision_type=2 2 2 2 2 2 2 2 2 2 2 2 2 2 2 2 2 2 2 2 2 2 2 2 2 2 2 2 2 2
left_child=2 18 3 -1 21 -6 14 9 16 -8 -10 12 13 -4 28 -15 -9 -11 19 -2 24 -5 -23 -21 25 -20 -14 -25 -3 -16
right_child=1 6 11 4 5 -7 7 8 10 17 -12 -13 26 15 29 -17 -18 -19 20 23 -22 22 -24 27 -26 -27 -28 -29 -30 -31
leaf_value=0.010046335503009497 -0.011682011944863195 -0.010853383450257569 -0.002652387976526688 0.010087936741937318 -0.0101797988018139 0.010085101966824082 -0.011460424315551632 -0.015081249019517464 -0.0059724194075455265 -0.005871102960697751 -0.00021748320779910459 0.010090304159183576 -0.0018060888788637656 0.0019139697839226156 0.010279452663655399 0.010237805157651781 -0.0060635420201676704 0.0075292817575086804 -0.011221172119600133 -0.016915955170893823 0.0071387867903976868 -0.043868112478544052 0.010088821139256316 -0.00056627925806158994 -0.011469065813297907 -0.0055428547458231392 -0.0042783615725141937 0.0090288511716650165 -0.0022552267376384455 0.0074460648326911362
leaf_weight=1642.8252880922519 28.818665586411953 10.093319781124592 597.15459480881691 684.04381756391376 291.39154583215714 662.34396375995129 38.153617277741432 73.429990112781525 330.82766918465495 15.76016393303871 4771.7646717838943 79.253520677797496 118.98947271332145 85.330328883603215 101.35943032428622 188.78329879976809 107.34048387408257 288.43892104178667 765.84691019356251 1.9672145396471048 4.9763502925634375 11.96644866466522 231.05792297795415 7.8721972592175034 1388.0057414993644 160.03295061737299 460.06163354218006 14.349433610215781 8.0793133154511452 38.806580398231745
leaf_count=240391 235 62 6798 79240 1619 79237 175 316 1726 86 64410 9025 3691 4168 2049 10753 581 10446 7859 16 76 68 26504 66 12855 1508 5289 209 79 831
internal_value=0 -0.0033762 0.00555158 0.00820876 0.00660369 0.00389364 -0.00033313 -0.000556364 -0.000903194 0.00479608 -0.000590606 -0.000569677 -0.0011522 0.000587833 0.00759832 0.00764663 -0.00972659 0.00683503 -0.010797 -0.0046189 -0.0109383 0.0093917 0.007432 0.00379612 -0.0109771 -0.0102397 -0.00377033 0.0056297 -0.00703076 0.009495
internal_weight=0 8155.92 5053.2 3523.63 1880.8 953.736 5784.05 5625.72 5283.36 342.353 5102.59 1529.57 1450.32 871.268 158.339 274.114 180.77 304.199 2371.87 53.0075 2318.86 927.068 243.024 24.1888 2313.89 925.88 579.051 22.2216 18.1726 140.166
internal_count=570368 103585 466783 427059 186668 80856 80761 77740 67033 10707 66136 39724 30699 21719 3021 14921 897 10532 22824 526 22298 105812 26572 291 22222 9367 8980 275 141 2880
is_linear=0
shrinkage=0.01


Tree=218
num_leaves=31
num_cat=0
split_feature=12 0 0 2 0 0 14 15 20 14 3 0 1 1 0 0 0 1 13 4 2 1 3 12 2 0 0 12 1 12
split_gain=2450.27 1825.25 817.486 103.282 140.874 821.53 101.324 132.876 125.574 274.438 145.714 93.8794 66.1459 74.7862 68.3828 72.0551 56.6257 43.9978 37.5749 30.6555 24.6206 21.5532 18.4301 24.032 14.6223 12.6516 320.547 12.4057 10.8221 8.66978
threshold=1.0937088826584003 4201048.0000000009 4201072.0000000009 4855.5000000000009 4200985.0000000009 4200993.0000000009 1.8150298500602577 1.9367270844784239 3.9698649853746475 2.3795204768346951 4630.5000000000009 4205705.5000000009 2417604865630.5005 2424655934955.0005 4202198.5000000009 4204355.0000000009 4204916.0000000009 1900371961397.0002 1.3461532835074757 448.50000000000006 878.50000000000011 3155490927897.0005 166.50000000000003 2.8416269947219686 1354.5000000000002 4200970.0000000009 4200977.5000000009 1.3826895352780137 4205234324575.5005 1.4114136852055832
decision_type=2 2 2 2 2 2 2 2 2 2 2 2 2 2 2 2 2 2 2 2 2 2 2 2 2 2 2 2 2 2
left_child=2 19 3 -1 25 28 18 16 9 -9 -10 12 14 -14 17 -16 -8 -4 -3 27 -18 -15 23 -21 29 -5 -27 -2 -6 -20
right_child=1 6 11 4 5 -7 7 8 10 -11 -12 -13 13 21 15 -17 20 -19 24 22 -22 -23 -24 -25 -26 26 -28 -29 -30 -31
leaf_value=0.010045387836839793 -0.011571991588687531 -0.0069351197814977528 -0.0052610868952156307 0.010087054183104396 -0.010511141128896241 0.0100842483681555 -0.012669763986812419 -0.00073182410351581328 -0.00086010990213520005 0.0088077964034264586 -0.015105762538563001 0.010089397998541449 -0.011328879118132676 -0.0040505511172525188 0.0085301942535331559 9.2188751285361971e-05 0.0029300203241966272 0.0029849608842325093 -0.0071710772913999177 -0.010716872231390484 -0.0057364743333241219 -0.00035363344247300274 -0.011036846020899408 0.0057515803215470538 0.0094139887340644445 -0.04241531659475798 0.010087929795431714 0.0015233425848072844 -0.00026487800920494938 0.0050169747563046079
leaf_weight=1626.6315915184096 9.7434348762035352 18.238574601709843 202.37217012792826 677.29643832053989 279.12182459235191 655.80876930803061 113.46602289378643 921.13200976978987 3850.8327779080719 448.3496768521145 73.166356690227985 78.4719467042014 98.922231927514076 282.35242866072804 175.28008180763572 239.45434416085482 43.280687287449837 95.11745896935463 8.014811076223852 21.321442954242229 135.11330197751522 357.21155365929008 2278.0887453779578 15.162371866405008 148.41072299331427 12.251083090901373 228.77897094190121 28.090198758989573 10.703398659825323 21.472304366528988
leaf_count=240391 83 141 2255 79240 1568 79237 527 15340 47684 12585 405 9025 416 3499 11102 6521 183 1176 71 163 565 5730 22144 174 3076 68 26504 260 51 184
internal_value=0 -0.00335161 0.00553301 0.00820404 0.00659714 0.00388799 -0.000329925 -0.000578005 -0.000215833 0.00239132 -0.00112573 -0.000564011 -0.00114028 -0.00323727 0.00103405 0.00365836 -0.00714674 -0.00262455 0.00673461 -0.010778 -0.00363387 -0.00198574 -0.0109239 -0.00387272 0.00813606 0.00938686 0.00741929 -0.00184915 -0.0101327 0.00170417
internal_weight=0 8133.88 5019.77 3490.59 1863.96 945.634 5781.48 5585.34 5293.48 1369.48 3924 1529.18 1450.71 738.486 712.224 414.734 291.86 297.49 196.136 2352.41 178.394 639.564 2314.57 36.4838 177.898 918.326 241.03 37.8336 289.825 29.4871
internal_count=570368 103585 466783 427059 186668 80856 80761 77289 76014 27925 48089 39724 30699 9645 21054 17623 1275 3431 3472 22824 748 9229 22481 337 3331 105812 26572 343 1619 255
is_linear=0
shrinkage=0.01


Tree=219
num_leaves=31
num_cat=0
split_feature=12 0 0 12 0 0 14 15 17 12 8 0 1 1 0 0 0 1 12 4 12 1 3 12 0 0 12 1 12 1
split_gain=2414.36 1808.97 812.887 102.635 139.649 812.151 99.8517 130.492 123.559 233.985 131.43 92.7986 64.7803 73.5882 67.1647 71.4677 56.0363 42.9542 32.1185 30.5426 23.3648 21.0457 18.3198 23.714 12.652 310.597 12.2653 10.7277 10.3574 6.79801
threshold=1.0937088826584003 4201048.0000000009 4201072.0000000009 1.0174949934843371 4200985.0000000009 4200993.0000000009 1.8150298500602577 1.9367270844784239 3.8034897267170433 1.8855877148658888 1923.5000000000002 4205705.5000000009 2417604865630.5005 2424655934955.0005 4202198.5000000009 4204355.0000000009 4204916.0000000009 1900371961397.0002 1.1159798465572681 448.50000000000006 1.5623053364853321 3155490927897.0005 166.50000000000003 2.8416269947219686 4200970.0000000009 4200977.5000000009 1.3826895352780137 4205234324575.5005 1.3826895352780137 3966985676353.5005
decision_type=2 2 2 2 2 2 2 2 2 2 2 2 2 2 2 2 2 2 2 2 2 2 2 2 2 2 2 2 2 2
left_child=2 19 3 4 24 27 18 16 9 -9 -10 12 14 -14 17 -16 29 -4 -3 26 -18 -15 23 -21 -1 -26 -2 -6 -20 -8
right_child=1 6 11 -5 5 -7 7 8 10 -11 -12 -13 13 21 15 -17 20 -19 28 22 -22 -23 -24 -25 25 -27 -28 -29 -30 -31
leaf_value=0.010086180724835594 -0.011553905585233885 -0.010585324782252981 -0.0051866317421262664 0.010044444890006126 -0.010465358404291332 0.010083402775750457 -0.01320158996353938 -7.1965728096584386e-05 0.0047821001917751774 0.009170055737874043 -0.0017247729448609593 0.010088500791744925 -0.011239107434293847 -0.0040004725044352745 0.0085149699861137192 9.1274461440722296e-05 -0.0052072821211696227 0.0029624123648368779 0.0087992282387637406 -0.010685772745296845 0.0045405304875288585 -0.00034999777675843042 -0.01101928620988722 0.0057153930143622068 -0.041069935165463776 0.01008704702094573 0.0015090771347139004 -0.00026225706704556068 0.0027355134068779026 -0.0026147835868058989
leaf_weight=670.61499965842813 9.6615107208490354 10.178585335612295 203.22021222859621 1610.5968025405891 277.5473707318306 649.33752702362835 106.53463804721832 1075.6376593895257 340.54606558941305 367.54335605166852 3509.092661768198 77.698012241628021 98.716278269886971 283.0246968800202 173.84473781101406 239.43415872752666 148.92737022042274 94.884200051426888 150.08579745143652 21.170418262481689 29.452234402298927 357.31268070731312 2258.9975124150515 15.10607250407338 12.524470180273054 226.52230366040021 28.072269316762686 10.702262520790098 34.677704460918903 6.4314572215080252
leaf_count=79240 83 62 2255 240391 1568 79237 500 17143 10707 11829 36335 9025 416 3499 11102 6521 621 1176 3048 163 127 5730 22144 174 68 26504 260 51 362 27
internal_value=0 -0.0033271 0.00551515 0.00819937 0.00659066 0.0038824 -0.000326719 -0.000572315 -0.000213663 0.00228175 -0.00114916 -0.00055867 -0.00112902 -0.00320244 0.00102504 0.00363468 -0.00708787 -0.00259286 0.00670844 -0.0107594 -0.00359782 -0.00196348 -0.0109061 -0.00385608 0.00938207 0.00740676 -0.00183562 -0.0100865 0.00766115 -0.0125989
internal_weight=0 8112.12 4985.98 3457.85 1847.25 937.587 5779.11 5584.17 5292.82 1443.18 3849.64 1528.13 1450.44 739.054 711.383 413.279 291.346 298.104 194.942 2333.01 178.38 640.337 2295.27 36.2765 909.662 239.047 37.7338 288.25 184.764 112.966
internal_count=570368 103585 466783 427059 186668 80856 80761 77289 76014 28972 47042 39724 30699 9645 21054 17623 1275 3431 3472 22824 748 9229 22481 337 105812 26572 343 1619 3410 527
is_linear=0
shrinkage=0.01


Tree=220
num_leaves=31
num_cat=0
split_feature=12 0 0 2 0 0 6 12 12 12 5 3 2 5 0 6 6 1 5 1 1 0 0 1 1 3 12 15 0 0
split_gain=2379.01 1792.77 808.311 101.991 138.437 802.887 99.2788 131.315 206.619 220.019 131.752 121.045 102.666 152.447 91.7315 91.2766 74.3945 68.9613 63.7846 63.4441 72.413 65.9682 70.8826 41.9384 21.0229 20.3646 30.5382 15.9887 12.6501 301.303
threshold=1.0937088826584003 4201048.0000000009 4201072.0000000009 4855.5000000000009 4200985.0000000009 4200993.0000000009 327.00000000000006 3.3333744316333989 2.9571588198506471 1.8855877148658888 54.500000000000007 3103.5000000000005 181.50000000000003 1378.0000000000002 4205705.5000000009 2472.5000000000005 2897.0000000000005 3021549772722.0005 3083.5000000000005 2417604865630.5005 2424655934955.0005 4202198.5000000009 4204355.0000000009 1900371961397.0002 4205234304898.5005 166.50000000000003 1.3826895352780137 5.2206801228272122 4200970.0000000009 4200977.5000000009
decision_type=2 2 2 2 2 2 2 2 2 2 2 2 2 2 2 2 2 2 2 2 2 2 2 2 2 2 2 2 2 2
left_child=2 25 3 -1 28 -6 11 8 9 -8 16 12 13 -3 19 -10 -9 -13 -14 21 -21 23 -23 -4 -22 26 -2 -27 -5 -30
right_child=1 6 14 4 5 -7 7 10 15 -11 -12 17 18 -15 -16 -17 -18 -19 -20 20 24 22 -24 -25 -26 27 -28 -29 29 -31
leaf_value=0.010043506203401036 -0.011626505649815891 -0.005036421142565012 -0.0051135594141363929 0.010085315768747992 -0.010040662352549544 0.010082565896769851 -0.00051712629819365035 0.0059057566290427336 -0.011922628786748504 0.005783013770254075 0.0098639397688747021 -0.021135513915113063 0.0058974020239971579 0.0062240396003777881 0.010087612821259943 -0.0032177803027781376 -0.0065644735471107928 -0.00064333794683361933 -0.0076637219915646586 -0.011150520859639705 -0.0010899431375255178 0.0084996693459303604 9.0369450625303526e-05 0.0029399839851059601 -0.0057922782875585704 -0.01092262095043919 0.0037346749061465618 0.0070957451276979526 -0.039820479910427767 0.010086173401091804
leaf_weight=1594.7193347709253 28.131593190133572 846.7664169408381 204.05871772021055 663.99893308989704 286.67901676893234 642.92959550302476 2637.7822860535234 87.391464024782181 159.58012194186449 701.79770485498011 274.03644703142345 53.71046794205904 212.8771497476846 140.12392326444387 76.93164349719882 491.35816319845617 105.7059795409441 23.654554322361946 41.434419699013233 98.506583616137505 525.00253145396709 172.42323784343898 239.41417403519154 94.653137117624283 116.09972579032183 2256.7103802040219 23.968183970078826 4.9354970194399348 12.786923080682753 224.28770062886178
leaf_count=240391 235 4757 2255 79240 1619 79237 31999 625 751 17504 9885 279 4377 3653 9025 6078 549 122 182 416 7386 11102 6521 1176 1843 22222 291 76 68 26504
internal_value=0 -0.00330295 0.00549726 0.00819471 0.00658421 0.00387683 -0.000323575 0.000389449 -0.000197783 0.00080682 0.00540592 -0.00273408 -0.00197764 -0.0034376 -0.000553379 -0.00535181 -0.000920734 -0.01487 0.00368792 -0.00111789 -0.00316803 0.0010161 0.00361108 -0.00256162 -0.00194151 -0.0107409 -0.00455969 -0.0108833 0.00937733 0.00739439
internal_weight=0 8089.96 4952.49 3425.4 1830.68 929.609 5776.22 4457.65 3990.52 3339.58 467.134 1318.57 1241.2 986.89 1527.09 650.938 193.097 77.365 254.312 1450.16 739.609 710.549 411.837 298.712 641.102 2313.75 52.0998 2261.65 901.074 237.075
internal_count=570368 103585 466783 427059 186668 80856 80761 67391 56332 49503 11059 13370 12969 8410 39724 6829 1174 401 4559 30699 9645 21054 17623 3431 9229 22824 526 22298 105812 26572
is_linear=0
shrinkage=0.01


Tree=221
num_leaves=31
num_cat=0
split_feature=2 0 0 1 9 0 14 13 2 0 0 14 2 4 1 21 4 5 3 13 7 3 0 1 13 13 0 0 13 1
split_gain=2340.23 1716.91 837.046 107.67 113.336 107.43 105.995 163.024 100.917 137.241 793.724 95.1936 64.9914 49.2856 43.4672 35.248 30.2914 30.1916 26.0281 25.8444 18.7217 17.892 23.1834 16.9922 16.7279 16.108 12.6461 292.597 12.0979 10.7083
threshold=3511.5000000000005 4200993.0000000009 4201072.0000000009 4205234304898.5005 3135.0000000000005 4205705.5000000009 1.7795022112803112 1.8107551040761356 4855.5000000000009 4200985.0000000009 4200993.0000000009 3.2946001893412262 4175.5000000000009 874.50000000000011 92909938457.500015 3.9966969186761667 448.50000000000006 172.50000000000003 4159.5000000000009 1.7754236602093663 2729.5000000000005 166.50000000000003 4200985.0000000009 4223680113635.0005 1.3461532835074757 1.3201124284121852 4200970.0000000009 4200977.5000000009 2.2989862069126414 4205234324575.5005
decision_type=2 2 2 2 2 2 2 2 2 2 2 2 2 2 2 2 2 2 2 2 2 2 2 2 2 2 2 2 2 2
left_child=1 16 8 4 -3 12 24 -8 -2 26 29 19 18 -14 -15 -13 28 -17 20 -5 -4 22 -18 -21 -6 -23 -10 -28 -1 -11
right_child=2 3 5 11 6 -7 7 -9 9 10 -12 15 13 14 -16 17 21 -19 -20 23 -22 25 -24 -25 -26 -27 27 -29 -30 -31
leaf_value=-0.011518299049647076 0.010040765815753359 0.01028025683589082 -0.0083866813020139208 -0.0032099311780671596 -0.00059455028766399885 0.010093584351637026 -0.0043447458952950678 0.00048953893324219541 0.010084459375938352 -0.010376468320516479 0.010081737804689602 -0.017792813760738085 0.01032955343423915 0.010029854977465249 -0.0022626072387006884 -0.0084925032968523554 0.0044270444510401703 -0.0033265028094367063 0.010100850466266645 -0.00505228521286657 0.002992836635483494 0.010182099622945735 -0.01165391317014553 0.0085422239956586508 0.0094008160294466511 -0.01097016164828221 -0.038657044029200935 0.01008530823663701 0.0015400374481170567 -0.0001601046603859088
leaf_weight=9.4985825866460782 1569.4190451954491 106.93945271894336 15.611642846837638 37.996177211403847 19.187118355184793 94.366041287779808 853.67220356315374 3814.7014776077121 657.44756088219583 274.47047212719917 636.58437537495047 25.604451030492783 33.182117760181427 29.388145444914699 1359.4420816935599 211.85869041085243 17.485512675717473 242.76103124022484 51.170564373955131 10.565442431718109 195.58948432281613 3.606057994067668 18.397902324795723 70.853451177477837 131.46355092152953 2220.6065249666572 13.038745567202566 222.07494810223579 28.033270992338657 10.657927259802817
leaf_count=83 240033 4905 142 240 267 10559 4591 55710 79240 1568 79237 106 1086 600 21691 929 185 1571 5381 149 8781 206 152 1136 2798 22139 68 26504 260 51
internal_value=0 -0.00340998 0.00526444 -0.000389125 9.79053e-05 -0.000289289 -0.000128052 -0.000394472 0.00818395 0.00657772 0.0038712 -0.00439002 -0.00087098 -0.00171473 -0.00200249 -0.00637688 -0.0106749 -0.00573393 0.00370201 0.00360006 0.00215168 -0.0108229 -0.00381788 0.00677811 0.00812779 -0.0109359 0.00937264 0.00738219 -0.00176477 -0.00999459
internal_weight=0 7823.23 5162.44 5525.6 4925.96 1778.75 4819.02 4668.37 3383.69 1814.27 921.713 599.639 1684.38 1422.01 1388.83 480.224 2297.63 454.62 262.372 119.415 211.201 2260.1 35.8834 81.4189 150.651 2224.21 892.561 235.114 37.5319 285.128
internal_count=570368 95427 474941 72402 68271 48240 63366 60301 426701 186668 80856 4131 37681 23377 22291 2606 23025 2500 14304 1525 8923 22682 337 1285 3065 22345 105812 26572 343 1619
is_linear=0
shrinkage=0.01


Tree=222
num_leaves=31
num_cat=0
split_feature=12 0 0 12 0 0 14 15 20 14 3 0 1 1 0 0 0 1 13 4 12 1 3 12 0 0 12 12 1 5
split_gain=2310.11 1760.25 799.382 100.717 136.053 784.686 97.3019 126.662 119.239 269.748 141.716 89.5973 61.7696 71.2711 64.5683 69.8662 55.6621 41.0676 36.6836 30.4996 22.8941 20.7131 18.0423 22.9219 12.64 284.422 12.2943 11.9608 10.615 9.27388
threshold=1.0937088826584003 4201048.0000000009 4201072.0000000009 1.0174949934843371 4200985.0000000009 4200993.0000000009 1.8150298500602577 1.9367270844784239 3.9698649853746475 2.3795204768346951 4630.5000000000009 4205705.5000000009 2417604865630.5005 2424655934955.0005 4202198.5000000009 4204355.0000000009 4204916.0000000009 1900371961397.0002 1.3461532835074757 448.50000000000006 1.5623053364853321 3155490927897.0005 166.50000000000003 2.8416269947219686 4200970.0000000009 4200977.5000000009 1.3826895352780137 1.3826895352780137 4205234324575.5005 476.50000000000006
decision_type=2 2 2 2 2 2 2 2 2 2 2 2 2 2 2 2 2 2 2 2 2 2 2 2 2 2 2 2 2 2
left_child=2 19 3 4 24 28 18 16 9 -9 -10 12 14 -14 17 -16 -8 -4 -3 27 -18 -15 23 -21 -1 -26 -20 -2 -6 -29
right_child=1 6 11 -5 5 -7 7 8 10 -11 -12 -13 13 21 15 -17 20 -19 26 22 -22 -23 -24 -25 25 -27 -28 29 -30 -31
leaf_value=0.010083611989518515 -0.011500910701364804 -0.006793938575609627 -0.0050303045772424962 0.010041674353408938 -0.010331693746400144 0.010080917913055794 -0.01250343249354896 -0.00073799338613636956 -0.00082777737586155772 0.0087741208422428534 -0.014821659670957337 0.010085862808439797 -0.011045401664283933 -0.0039173080783214244 0.0084809133647717073 0.00011041858688467509 -0.0051083339379616576 0.0029348481782954317 0.0094005391971528213 -0.010612375922124306 0.0045412105968566522 -0.00030244908798625179 -0.010967734648805356 0.0056277067553174125 -0.037571049578597582 0.010084452959775345 0.0027527319689249238 -0.017683518944022425 -0.00015851386406751084 0.0032489115807305948
leaf_weight=650.96028281468898 9.418216794729231 18.32743214070797 205.01012471318245 1563.4908077213913 272.91118025779724 630.30126418545842 112.25926467776299 920.06440305057913 3849.5407441407442 441.03890195861459 73.753655895590782 75.420800630468875 98.249397844076157 284.09972289111465 170.66824183706194 239.85623717308044 148.89434440433979 94.600363746285439 139.82657478004694 20.719841875135899 29.450396403670311 358.57931387610734 2202.6823017373681 14.970620559528468 13.280230090022085 219.88382744509727 34.728859536349773 2.3063965812325504 10.65723569691181 25.708890195935965
leaf_count=79240 83 141 2255 240391 1568 79237 527 15340 47684 12585 405 9025 416 3499 11102 6521 621 1176 2969 163 127 5730 22144 174 68 26504 362 20 51 240
internal_value=0 -0.00325641 0.00546027 0.00818544 0.00657131 0.00386564 -0.000317958 -0.000559547 -0.000206076 0.00234422 -0.00109085 -0.000540849 -0.00109318 -0.00311307 0.00101429 0.0035903 -0.00698713 -0.00251535 0.00666482 -0.0107037 -0.00351489 -0.00190042 -0.0108535 -0.00380036 0.00936801 0.00737016 0.00807792 -0.00175184 -0.00994936 0.00152562
internal_weight=0 8043.69 4887.97 3361.48 1797.99 913.87 5767.88 5575 5284.4 1361.1 3923.29 1526.48 1451.06 740.928 710.135 410.524 290.604 299.61 192.883 2275.81 178.345 642.679 2238.37 35.6905 884.124 233.164 174.555 37.4335 283.568 28.0153
internal_count=570368 103585 466783 427059 186668 80856 80761 77289 76014 27925 48089 39724 30699 9645 21054 17623 1275 3431 3472 22824 748 9229 22481 337 105812 26572 3331 343 1619 260
is_linear=0
shrinkage=0.01


Tree=223
num_leaves=31
num_cat=0
split_feature=12 0 0 2 0 0 1 1 1 1 1 6 0 15 1 1 0 0 1 1 3 15 12 1 12 3 1 4 3 0
split_gain=2276.17 1744.52 794.871 100.08 134.878 775.758 96.6871 187.585 332.322 150.187 148.31 130.162 88.5712 87.8406 87.1197 107.27 60.745 187.527 70.7856 246.805 59.2211 57.517 49.8293 58.7548 58.673 41.5867 38.0401 30.3983 17.9366 22.6833
threshold=1.0937088826584003 4201048.0000000009 4201072.0000000009 4855.5000000000009 4200985.0000000009 4200993.0000000009 2241719161008.5005 1581613327004.0002 1478970866856.5002 2424655934955.0005 2424655951016.5005 192.50000000000003 4205705.5000000009 3.4144128872897697 1836311521521.5002 1878247533774.0002 4204355.0000000009 4202198.5000000009 932620487749.50012 1581613327004.0002 144.50000000000003 1.9567528927479276 3.0255552019457324 2424655927106.5005 1.1104125616508325 4159.5000000000009 92909938457.500015 448.50000000000006 166.50000000000003 4200985.0000000009
decision_type=2 2 2 2 2 2 2 2 2 2 2 2 2 2 2 2 2 2 2 2 2 2 2 2 2 2 2 2 2 2
left_child=2 27 3 -1 -5 -6 7 8 20 22 -11 -12 16 -10 21 -16 17 26 -18 -20 -3 -9 24 -24 -8 -19 -4 -2 29 -29
right_child=1 6 12 4 5 -7 9 14 13 10 11 -13 -14 -15 15 -17 18 25 19 -21 -22 -23 23 -25 -26 -27 -28 28 -30 -31
leaf_value=0.0100407483761281 -0.0017384798784304612 0.0059177014771018711 0.0099713324938628944 0.0093634308395858876 -0.0099044459749440504 0.010080106178264256 -0.040150432057665893 -0.0036072284297897763 -0.002066205007988211 0.006176519867709316 -0.0068175153547927496 -0.00034345412099949019 0.010085001391218529 -0.016281072589708928 -0.0062923359033981363 0.003092726959861662 0.0083378547727753875 0.0017164651631476626 -0.031493807596185426 -0.0028925628611471414 -0.00041544881816401111 0.0066025897703881802 -0.013090540477356272 -0.0051639482842372976 0.0012481008944932026 0.010234547521453847 -0.0030038131610875293 0.0043754523456857415 -0.010950776866895032 -0.011617566566047502
leaf_weight=1548.0757963997312 37.34495946764946 175.09070982597768 23.511854596436024 875.76228265929967 282.01385970413685 624.07964812079445 3.5512013509869567 59.81371233612299 58.367385827936232 288.25110420584679 374.9434478469193 1808.2366209654137 74.676696345210075 170.34486670978367 158.83579239249229 522.15050700120628 45.854179657995701 83.380585597828031 32.095917422324419 502.97212033718824 942.15240069665015 711.83610081393272 150.93532643094659 245.79715439677238 95.189885691739619 183.34748661424965 579.59706186503172 17.382706632837653 2184.1253438144922 18.105650924146175
leaf_count=240391 343 5934 335 105812 1619 79237 90 734 1022 2992 1811 22145 9025 1056 1684 8882 1633 4168 749 6598 13648 17389 795 1238 1341 10753 6463 185 22144 152
internal_value=0 -0.00323248 0.0054423 0.00818082 0.00656492 0.00386009 -0.00031487 0.00101849 -0.00167114 -0.00157259 -0.000565195 -0.00145532 -0.000535728 -0.0126534 0.0035106 0.00090372 -0.00108242 0.000589814 -0.00358632 -0.0046082 0.000577062 0.00581119 -0.0065975 -0.00817959 -0.000240788 0.00757175 -0.00249798 -0.0106857 -0.0108362 -0.00378396
internal_weight=0 8022.45 4855.37 3329.93 1781.86 906.094 5765.5 2798.59 1345.96 2966.9 2471.43 2183.18 1525.44 228.712 1452.64 680.986 1450.76 869.837 580.922 535.068 1117.24 771.65 495.474 396.732 98.7411 266.728 603.109 2256.96 2219.61 35.4884
internal_count=570368 103585 466783 427059 186668 80856 80761 50349 21660 30412 26948 23956 39724 2078 28689 10566 30699 21719 8980 7347 19582 18123 3464 2033 1431 14921 6798 22824 22481 337
is_linear=0
shrinkage=0.01


Tree=224
num_leaves=31
num_cat=0
split_feature=12 12 5 5 2 3 12 14 12 4 4 2 15 5 12 15 14 6 3 14 12 4 12 1 1 1 1 1 1 1
split_gain=2242.63 451.375 311.353 317.976 211.796 180.133 154.882 171.788 319.652 117.214 129.214 104.324 151.577 138.307 115.802 111.682 97.2076 64.1026 56.1301 53.0494 48.0029 56.1104 47.9553 45.571 43.183 32.0973 64.7101 112.501 63.3295 61.1372
threshold=1.0937088826584003 1.0174949934843371 795.50000000000011 215.50000000000003 84.500000000000014 328.50000000000006 1.2307841500362786 2.9116587207511304 1.6295573063858544 1975.5000000000002 2537.5000000000005 772.50000000000011 2.9876049790630992 1233.5000000000002 1.8855877148658888 3.2201306844997846 1.9918261613428709 197.50000000000003 3103.5000000000005 1.7795022112803112 1.1520270864884983 160.50000000000003 1.530827738221441 1900371961397.0002 4374073345192.5005 1181289197948.0002 1564759720309.0002 1478970866856.5002 1494781006281.0002 1738908559458.0002
decision_type=2 2 2 2 2 2 2 2 2 2 2 2 2 2 2 2 2 2 2 2 2 2 2 2 2 2 2 2 2 2
left_child=1 25 3 6 5 9 -2 22 -9 23 -11 13 16 -6 -15 -14 -13 -5 -7 -3 21 -19 -8 -4 -21 -1 27 -27 -29 -28
right_child=2 19 4 17 11 18 7 8 -10 10 -12 12 15 14 -16 -17 -18 20 -20 24 -22 -23 -24 -25 -26 26 29 28 -30 -31
leaf_value=0.0053633243984045629 -0.018363838212999174 0.010041968713826033 0.0081257308161674247 0.00089438746864242301 -0.0099312168350385154 -0.01111545800230671 0.0066736553634361515 -0.014299053273158231 -0.0013950533584959264 -0.011556978425282024 -0.00048550925559501381 -0.0052464544172474772 0.0043510525282660188 -0.0032216014989893196 0.0023300337454364574 -0.0046501278966092387 -0.011643387268610271 -0.020006566588420593 -0.0050392411555123442 0.0038631651085917246 0.0092380470156180183 0.0045328592951846677 -0.022092551089810557 -0.0067856749022521413 -0.024682776683734056 0.0026498522335674595 0.0092530522590797866 -0.029915891417355622 -0.0075915214575254302 0.0027808324424208803
leaf_weight=562.10987671930343 58.448198243975639 1584.0717044528574 105.56035771220922 183.18770794011652 173.48175874352455 879.6352085005492 240.72544003650546 217.29596873372793 1646.9305236171931 195.63147745281458 228.58496432192624 1059.8076340798289 256.80716903693974 766.78870441019535 736.722227813676 297.55952830985188 306.17976933997124 11.879173278808592 183.79621010273695 80.438016317784786 375.11702795140445 43.214605003595352 5.9381967335939398 25.433181535452604 5.6731187254190436 144.67970524542034 156.23284478392452 16.300032798200846 57.64878468029201 2217.1016247780062
leaf_count=44208 317 245840 3157 1947 749 9730 3323 1889 15469 969 2854 13450 5318 8036 16598 3810 2972 64 1834 4301 10455 237 54 353 111 11765 10949 822 2944 145843
internal_value=0 0.00542298 -0.00320974 -0.00050859 -0.00465081 -0.00765485 -0.00230609 -0.00186147 -0.00289916 -0.00303798 -0.00559122 -0.00329912 -0.00489051 -0.0014768 -0.000501293 -0.000480383 -0.0066803 0.00584842 -0.0100653 0.00962644 0.0079579 -0.000758266 0.00598114 0.00523059 0.00198252 0.00319711 0.00272733 -0.0024786 -0.0125123 0.00320689
internal_weight=0 4824.26 7998.73 2782.74 5215.99 1618.64 2169.34 2110.89 1864.23 555.21 424.216 3597.35 1920.35 1676.99 1503.51 554.367 1365.99 613.399 1063.43 1670.18 430.211 55.0938 246.664 130.994 86.1111 3154.07 2591.96 218.629 73.9488 2373.33
internal_count=570368 466783 103585 33755 69830 18897 21052 20735 17358 7333 3823 50933 25550 25383 24634 9128 16422 12703 11564 250252 10756 301 3377 3510 4412 216531 172323 15531 3766 156792
is_linear=0
shrinkage=0.01


Tree=225
num_leaves=31
num_cat=0
split_feature=12 0 0 2 0 0 14 15 21 14 3 0 1 1 0 0 0 1 13 4 2 1 3 3 2 0 0 12 1 5
split_gain=2206.4 1721.08 790.923 99.7859 134.382 768.147 96.5877 122.861 116.419 264.242 137.142 87.7667 60.0113 69.8544 63.1771 68.4167 55.3218 40.497 36.0086 30.3109 23.3859 20.6797 17.8374 22.311 14.3047 12.8088 278.328 11.8027 10.5794 9.02492
threshold=1.0937088826584003 4201048.0000000009 4201072.0000000009 4855.5000000000009 4200985.0000000009 4200993.0000000009 1.8150298500602577 1.9367270844784239 3.984874078410833 2.3795204768346951 4685.5000000000009 4205705.5000000009 2417604865630.5005 2424655934955.0005 4202198.5000000009 4204355.0000000009 4204916.0000000009 1900371961397.0002 1.3461532835074757 448.50000000000006 878.50000000000011 4205234304898.5005 166.50000000000003 46.500000000000007 1354.5000000000002 4200970.0000000009 4200977.5000000009 1.3826895352780137 4205234324575.5005 476.50000000000006
decision_type=2 2 2 2 2 2 2 2 2 2 2 2 2 2 2 2 2 2 2 2 2 2 2 2 2 2 2 2 2 2
left_child=2 19 3 -1 25 28 18 16 9 -9 -10 12 14 -14 17 -16 -8 -4 -3 27 -18 -15 23 -21 -20 -5 -27 -2 -6 -29
right_child=1 6 11 4 5 -7 7 8 10 -11 -12 -13 13 21 15 -17 20 -19 24 22 -22 -23 -24 -25 -26 26 -28 29 -30 -31
leaf_value=0.010038909364117221 -0.011474300102791471 -0.0066121967146885521 -0.0049993502707557126 0.010081740520814142 -0.010258461806491311 0.010079051100538933 -0.012403843732050588 -0.00070163675989287188 -0.00082652594363228098 0.0087451583955625387 -0.015708396429110021 0.010083823027438569 -0.010958415562574075 -0.0010512425353017814 0.0084457008081991244 0.00011753951031964247 0.0029779702362265252 0.0029142614610343409 0.0017327374879198781 -0.011925522798836366 -0.0054724753418021336 -0.0057063916266221967 -0.01092294683760848 0.0040107229287381328 0.0093678318448184011 -0.036801060198075768 0.010082563371758928 -0.01730342013333451 -8.6054728623751204e-05 0.0032465150372920364
leaf_weight=1517.6951967733912 9.2941889986395818 18.471024163067341 205.34914769232273 636.53407054487616 270.34067475795746 615.89862732915208 111.49658538401127 922.09838285855949 3855.8198073729873 436.14776068925858 62.934229604899883 73.661743594333529 98.029905617237091 525.95769954565912 167.49607764650136 239.96153267845511 43.230229735374451 94.389303833246231 29.55462983995676 17.109663665294647 135.07034009695053 116.58020973950624 2151.7772024273872 18.056186916306615 144.58004142716527 13.454730093479155 215.01461292803288 2.3314646035432842 10.625722467899321 25.633420675992966
leaf_count=240391 83 141 2255 79240 1568 79237 527 15340 47767 12582 325 9025 416 7386 11102 6521 183 1176 255 144 565 1843 22144 193 3076 68 26504 20 51 240
internal_value=0 -0.0031837 0.00539499 0.0081595 0.00654056 0.00382831 -0.000298341 -0.000539223 -0.00019108 0.00233183 -0.00106553 -0.000564163 -0.00110593 -0.00309548 0.000977508 0.00354105 -0.00687866 -0.00250731 0.00666376 -0.0106551 -0.00342361 -0.00189586 -0.0108075 -0.00374293 0.00807198 0.0093527 0.00732155 -0.00171146 -0.00987376 0.00153324
internal_weight=0 7983.61 4800.99 3279.56 1761.87 896.865 5759.4 5566.8 5277 1358.25 3918.75 1521.43 1447.76 740.568 707.196 407.458 289.797 299.738 192.606 2224.2 178.301 642.538 2186.94 35.1659 174.135 865.003 228.469 37.2591 280.966 27.9649
internal_count=570368 103585 466783 427059 186668 80856 80761 77289 76014 27922 48092 39724 30699 9645 21054 17623 1275 3431 3472 22824 748 9229 22481 337 3331 105812 26572 343 1619 260
is_linear=0
shrinkage=0.01


Tree=226
num_leaves=31
num_cat=0
split_feature=12 0 0 2 0 0 14 15 20 14 3 0 1 1 0 0 0 1 13 4 2 1 3 0 2 0 0 12 1 5
split_gain=2173.88 1705.62 786.437 99.1528 133.219 759.415 95.1876 120.665 114.342 261.49 133.562 86.7577 58.7642 68.7579 62.0485 67.8486 54.7505 39.5469 35.5493 30.21 22.9227 20.5063 17.7582 22.0703 14.2722 12.7987 270.965 11.6695 10.4874 8.77752
threshold=1.0937088826584003 4201048.0000000009 4201072.0000000009 4855.5000000000009 4200985.0000000009 4200993.0000000009 1.8150298500602577 1.9367270844784239 3.9698649853746475 2.3795204768346951 4630.5000000000009 4205705.5000000009 2417604865630.5005 2424655934955.0005 4202198.5000000009 4204355.0000000009 4204916.0000000009 1900371961397.0002 1.3461532835074757 448.50000000000006 878.50000000000011 3155490927897.0005 166.50000000000003 4200985.0000000009 1354.5000000000002 4200970.0000000009 4200977.5000000009 1.3826895352780137 4205234324575.5005 476.50000000000006
decision_type=2 2 2 2 2 2 2 2 2 2 2 2 2 2 2 2 2 2 2 2 2 2 2 2 2 2 2 2 2 2
left_child=2 19 3 -1 25 28 18 16 9 -9 -10 12 14 -14 17 -16 -8 -4 -3 27 -18 -15 23 -21 -20 -5 -27 -2 -6 -29
right_child=1 6 11 4 5 -7 7 8 10 -11 -12 -13 13 21 15 -17 20 -19 24 22 -22 -23 -24 -25 -26 26 -28 29 -30 -31
leaf_value=0.010037996265882048 -0.011457479261015865 -0.0065203474034210675 -0.004929722733040375 0.010080920582022783 -0.010214528856814864 0.010078258225981905 -0.012336360667861644 -0.00069424995448554027 -0.00079728573808519616 0.0087260788424859612 -0.014286179003829549 0.010082981801885523 -0.010873432079870222 -0.0038797584690874022 0.0084300411614961959 0.00011637653232058925 0.0029488139387714722 0.0028920912570266455 0.0017173740074982226 0.0043148645700760652 -0.0054182952414738106 -0.00028509723272832413 -0.010906365254817196 -0.011570142306283664 0.009352855540843745 -0.035833445784292144 0.010081735657739333 -0.016953553143549353 -8.5197620829659197e-05 0.0032182278145329456
leaf_weight=1502.7299347762018 9.215150907635687 18.543536983430386 206.16288962960243 630.25143693666905 268.79614073038101 609.81806186353788 110.98798699676991 922.58793258294463 3845.8923653438687 432.93413819279522 74.833857692778111 72.93485006922856 97.809222891926765 284.45704159233719 166.13596406765282 239.93576035276055 43.221129074692726 94.162895821034908 29.521003529429436 17.28273718804121 135.05683599412441 358.96188019961119 2133.5893402844667 17.708308286964893 143.36950474232435 13.678716465830801 212.89257767004892 2.3556593544781235 10.625349327921866 25.600309979170561
leaf_count=240391 83 141 2255 79240 1568 79237 527 15340 47684 12585 405 9025 416 3499 11102 6521 183 1176 255 185 565 5730 22144 152 3076 68 26504 20 51 240
internal_value=0 -0.00316024 0.00537679 0.00815486 0.00653416 0.00382279 -0.000295446 -0.000533925 -0.00018916 0.00231447 -0.00105474 -0.000558759 -0.00109492 -0.00306179 0.000968941 0.00351774 -0.00682249 -0.0024773 0.00663781 -0.0106373 -0.0033898 -0.00187431 -0.0107905 -0.00372424 0.0080491 0.00934812 0.00730971 -0.0016984 -0.00982935 0.00151849
internal_weight=0 7962.7 4769.35 3248.79 1746.06 889.24 5756.95 5565.51 5276.25 1355.52 3920.73 1520.56 1447.63 741.228 706.398 406.072 289.266 300.326 191.434 2205.75 178.278 643.419 2168.58 34.991 172.891 856.823 226.571 37.1711 279.421 27.956
internal_count=570368 103585 466783 427059 186668 80856 80761 77289 76014 27925 48089 39724 30699 9645 21054 17623 1275 3431 3472 22824 748 9229 22481 337 3331 105812 26572 343 1619 260
is_linear=0
shrinkage=0.01


Tree=227
num_leaves=31
num_cat=0
split_feature=2 0 0 0 14 13 15 13 4 2 0 0 5 5 2 4 0 3 4 3 13 5 3 3 13 2 0 0 0 13
split_gain=2136.49 1634.97 813.609 102.2 101.888 155.554 194.815 266.058 254.836 98.0989 132.069 750.79 95.4662 87.2132 61.0215 46.9403 42.6248 41.4762 29.7938 25.3933 23.508 18.5077 17.4265 21.8325 15.0443 14.2392 12.7866 264.007 12.3891 11.5379
threshold=3511.5000000000005 4200993.0000000009 4201072.0000000009 4205705.5000000009 1.8150298500602577 1.7754236602093663 3.6922419901710248 2.2688285431649127 52.500000000000007 4855.5000000000009 4200985.0000000009 4200993.0000000009 853.50000000000011 317.50000000000006 4175.5000000000009 874.50000000000011 4204916.0000000009 168.50000000000003 448.50000000000006 4159.5000000000009 1.3461532835074757 301.50000000000006 166.50000000000003 46.500000000000007 1.3201124284121852 1354.5000000000002 4200970.0000000009 4200977.5000000009 4204916.0000000009 2.2989862069126414
decision_type=2 2 2 2 2 2 2 2 2 2 2 2 2 2 2 2 2 2 2 2 2 2 2 2 2 2 2 2 2 2
left_child=1 18 9 14 20 12 8 -8 -7 -2 26 -12 13 -6 19 -16 -14 -17 29 21 28 -4 23 -20 -24 -22 -11 -28 -3 -1
right_child=2 4 3 -5 5 6 7 -9 -10 10 11 -13 16 -15 15 17 -18 -19 22 -21 25 -23 24 -25 -26 -27 27 -29 -30 -31
leaf_value=-0.011440876266931337 0.010035330429359772 0.010412008334975914 -0.0083419404687994705 0.010089374302869296 -0.0089299129999165627 -0.026551070803985822 -0.015263959143831302 -0.00069426074933215875 0.0038349962143523664 0.010080108968232034 -0.0097852355252899502 0.01007747361368941 -0.0092125727892083849 0.0054521976928338161 0.010316663699346307 -0.010615131509086511 -0.0032516253700391189 -0.0015990258134555204 -0.011893205315619906 0.010096986333500521 0.0017021304059086052 0.0029437022186732669 0.010171430370655946 0.0039559103772302288 -0.01087482512582783 0.0093378560146969106 -0.034924862020483227 0.010080915672583995 -0.0064301936425859955 0.001503881931353602
leaf_weight=9.1366328895091993 1478.8032859410159 5.7065033204853561 15.707277162000535 89.884967365767807 61.000761702656746 28.177875429391861 130.64793999493122 3082.5348694752902 1346.1757448688149 624.03032919950783 277.88237519562244 603.7970531322062 344.51734222471714 136.53855172544718 31.948803855106235 53.046229638159275 184.04021856188774 1337.3316723182797 16.827452547848225 48.957494313828647 29.487692087888718 194.05739778093994 3.4018815457820883 17.976320767775178 2114.7680129557848 142.16981849819422 13.893124371767042 210.79131797607988 18.615126676857471 27.946920040994883
leaf_count=83 240033 152 211 10559 284 127 598 40208 24259 79240 1619 79237 1672 853 1086 765 777 21526 144 5381 255 8712 206 193 22139 3076 68 26504 141 260
internal_value=0 -0.00326373 0.00514152 -0.000299555 -0.000358466 -0.000619629 6.10651e-05 -0.00128666 0.003212 0.00814407 0.00652779 0.00381727 -0.0049203 0.00101096 -0.000855046 -0.00166763 -0.00713701 -0.00194301 -0.0105726 0.00361214 0.0067225 0.00209863 -0.0107257 -0.00370706 -0.010841 0.00802617 0.0093436 0.00729803 -0.00247856 -0.00168544
internal_weight=0 7699.67 4980.13 1770.93 5509.61 5313.63 4587.54 3213.18 1374.35 3209.2 1730.39 881.679 726.097 197.539 1681.05 1422.33 528.558 1390.38 2190.06 258.722 195.979 209.765 2152.97 34.8038 2118.17 171.658 848.715 224.684 24.3216 37.0836
internal_count=570368 95427 474941 48240 72402 68778 65192 40806 24386 426701 186668 80856 3586 1137 37681 23377 2449 22291 23025 14304 3624 8923 22682 337 22345 3331 105812 26572 293 343
is_linear=0
shrinkage=0.01


Tree=228
num_leaves=31
num_cat=0
split_feature=12 12 5 5 12 14 12 3 3 3 12 1 12 12 12 6 14 12 12 1 12 12 14 1 1 1 1 1 1 3
split_gain=2109.74 444.791 301.788 309.636 151.419 166.098 310.294 131.042 200.13 158.559 127.12 84.5291 76.1451 187.15 72.304 63.3025 53.7254 47.1813 46.8106 41.1406 33.567 94.9282 51.08 31.7879 64.5588 109.104 61.0045 241.349 60.4769 29.0061
threshold=1.0937088826584003 1.0174949934843371 795.50000000000011 215.50000000000003 1.2307841500362786 2.9116587207511304 1.6295573063858544 328.50000000000006 4106.5000000000009 4171.5000000000009 4.3214483426998367 1878247533774.0002 3.1345410895504946 3.0617787435117623 1.2620922837348056 197.50000000000003 1.7795022112803112 1.1520270864884983 1.530827738221441 4374073345192.5005 1.9675372203722266 2.0806425463689515 2.8179755719859303 1181289197948.0002 1564759720309.0002 1478970866856.5002 1738908559458.0002 1746051701064.0002 1494781006281.0002 155.50000000000003
decision_type=2 2 2 2 2 2 2 2 2 2 2 2 2 2 2 2 2 2 2 2 2 2 2 2 2 2 2 2 2 2
left_child=1 23 3 4 -2 18 -7 10 20 14 12 -11 13 -4 -10 -5 -3 -17 -6 -18 22 -22 -9 -1 25 -25 -26 -28 -27 -14
right_child=2 16 7 15 5 6 -8 8 9 11 -12 -13 29 -15 -16 17 19 -19 -20 -21 21 -23 -24 24 26 28 27 -29 -30 -31
leaf_value=0.0053037587649732735 -0.018114154943933682 0.010038382580805949 0.00044352895744525979 0.00091188302941914794 0.0066455654548023936 -0.014150681008542918 -0.0013409190452964323 -0.010492964224100407 -0.0053781642050527842 -0.0067393616925671366 -0.0098860852010813488 -0.0026878286475309145 0.0065972036732752084 -0.010546671765092401 0.0076674561915871962 -0.00068943064490454415 0.0037524623779465146 0.0092146417647636352 -0.021578292177763716 -0.023806809252104117 0.0027945661220624331 -0.0083913932064229053 -0.02897324785218303 0.002559815470930074 0.0092414386166568725 -0.029266888290427145 -0.040873710113965907 0.0029636654482725522 -0.0075706147256050342 0.00068779200780559255
leaf_weight=550.75618459330872 58.404287971556187 1523.0319359302521 621.44587101042271 183.29943492822349 238.88267901167274 213.56354152411222 1650.7928259950131 236.78770240023732 56.976881980895996 933.75977725349367 171.67405587434769 1148.1241645440459 151.19139058701694 206.41004721820354 167.03159198909998 55.231668472290039 79.090652218088508 372.49704420566559 6.024607613682746 5.8149555251002303 81.143566984683275 1166.5274805650115 15.965059168636797 141.52839169092476 153.02449682913721 16.55517902225256 12.632194030098615 2167.9227591040544 57.365675921551883 184.32848540693521
leaf_count=44208 317 245840 13616 1947 3323 1889 15469 2729 1039 10109 739 12356 3904 1034 2526 301 4301 10455 54 111 2470 15605 85 11765 10949 822 426 145417 2944 3618
internal_value=0 0.005339 -0.00311395 -0.0004587 -0.00223101 -0.00179121 -0.00280829 -0.004549 -0.00549451 -0.00364485 -0.00185332 -0.00450501 -0.000667961 -0.00229667 0.00434928 0.00582869 0.0096068 0.00793575 0.00595127 0.001865 -0.00833711 -0.0076639 -0.0116603 0.00312518 0.00265447 -0.00258309 0.00313803 0.00270971 -0.0124297 0.00335068
internal_weight=0 4707.72 7920.06 2778.7 2167.67 2109.26 1864.36 5141.37 3806.32 2305.89 1335.05 2081.88 1163.38 827.856 224.008 611.028 1607.94 427.729 244.907 84.9056 1500.42 1247.67 252.753 3099.78 2549.03 215.449 2333.58 2180.55 73.9209 335.52
internal_count=570368 466783 103585 33755 21052 20735 17358 69830 46919 26030 22911 22465 22172 14650 3565 12703 250252 10756 3377 4412 20889 18075 2814 216531 172323 15531 156792 145843 3766 7522
is_linear=0
shrinkage=0.01


Tree=229
num_leaves=31
num_cat=0
split_feature=12 0 0 2 0 0 6 12 13 0 5 3 2 5 0 6 1 5 1 1 0 0 1 1 1 3 12 15 0 0
split_gain=2075.3 1669.37 778.078 98.1692 131.758 743.5 93.2429 125.332 211.996 196.619 128.118 116.125 98.4561 145.75 84.9615 71.5127 66.2143 62.3294 57.4577 67.5169 61.0202 66.9697 39.0904 38.2744 20.2569 19.4923 28.2151 15.2708 12.8104 257.355
threshold=1.0937088826584003 4201048.0000000009 4201072.0000000009 4855.5000000000009 4200985.0000000009 4200993.0000000009 327.00000000000006 3.3333744316333989 4.0279656737693381 4205705.5000000009 54.500000000000007 3103.5000000000005 181.50000000000003 1378.0000000000002 4205705.5000000009 2897.0000000000005 3021549772722.0005 157.50000000000003 2417604865630.5005 2424655934955.0005 4202198.5000000009 4204355.0000000009 92909938457.500015 2424655927106.5005 4205234304898.5005 166.50000000000003 1.3826895352780137 5.2206801228272122 4200970.0000000009 4200977.5000000009
decision_type=2 2 2 2 2 2 2 2 2 2 2 2 2 2 2 2 2 2 2 2 2 2 2 2 2 2 2 2 2 2
left_child=2 25 3 -1 28 -6 11 8 9 -8 15 12 13 -3 18 -9 -13 -14 20 -20 22 -22 -4 -10 -21 26 -2 -27 -5 -30
right_child=1 6 14 4 5 -7 7 10 23 -11 -12 16 17 -15 -16 -17 -18 -19 19 24 21 -23 -24 -25 -26 27 -28 -29 29 -31
leaf_value=0.010035277932357412 -0.011498366207157482 -0.0048486777010853096 0.0099572752097264235 0.010079055030656037 -0.0097557475000054333 0.01007645507869083 -0.00038035219027001332 0.0058808596674772397 -0.018278484387704991 0.0076317455320831619 0.0098444733263332793 -0.020506302861316255 0.0077796068453649149 0.0061939595831277386 0.010081005395416173 -0.0063370863931570187 -0.0005081445836880742 -0.0023293438505567997 -0.010800018664915659 -0.0010377888916379841 0.0084047382323353299 0.00011090007359600658 -0.0035208184956259103 -0.0079466081104819803 -0.0056382343659338975 -0.010777693356976733 0.0035505273621489358 0.0070179162801982387 -0.034070386921997951 0.010079851693213642
leaf_weight=1458.7073700162582 26.487990327179432 847.47274846956134 23.330758847296238 615.82748452853411 276.8687185049057 595.86153814848512 3472.4734626375139 87.104841098189354 53.113960638642311 335.92006959859282 267.25353924557567 54.444997057318687 151.04032735899091 139.15196273103356 71.227591534610838 106.45144034922123 23.791612356901169 102.30666109360754 97.613784685730934 526.22714654169977 163.9087515771389 239.77828664705157 277.03933408111334 110.34329180419445 116.99312403798103 2101.9129101932049 23.522566150873899 4.8331758454442015 14.097576439380644 208.02286029560491
leaf_count=240391 235 4757 335 79240 1619 79237 45701 625 236 9947 9885 279 3106 3653 9025 549 122 1453 416 7386 11102 6521 3096 448 1843 22222 291 76 68 26504
internal_value=0 -0.00308767 0.00531091 0.00812938 0.0065042 0.0037848 -0.00027391 0.000420476 -0.000152273 0.000326356 0.00535716 -0.00260888 -0.00186334 -0.00329124 -0.000580974 -0.000838726 -0.0144249 0.00369741 -0.00110657 -0.00305059 0.000938996 0.00347844 -0.00247393 -0.0113039 -0.00187455 -0.0105904 -0.00442009 -0.0107369 0.00933649 0.00727772
internal_weight=0 7907.63 4685.5 3169.39 1710.68 872.73 5750.87 4432.66 3971.85 3808.39 460.81 1318.21 1239.97 986.625 1516.12 193.556 78.2366 253.347 1444.89 740.834 704.057 403.687 300.37 163.457 643.22 2156.76 50.0106 2106.75 837.948 222.12
internal_count=570368 103585 466783 427059 186668 80856 80761 67391 56332 55648 11059 13370 12969 8410 39724 1174 401 4559 30699 9645 21054 17623 3431 684 9229 22824 526 22298 105812 26572
is_linear=0
shrinkage=0.01


Tree=230
num_leaves=31
num_cat=0
split_feature=2 0 0 1 8 6 15 6 0 2 0 0 14 2 4 1 20 4 13 0 7 7 1 13 20 0 0 13 13 1
split_gain=2039.72 1600.27 803.802 101.881 150.859 104.779 194.388 152.66 100.141 97.127 130.627 735.048 90.7995 59.4052 46.4088 41.6811 35.5727 29.8418 24.4515 23.7402 22.4393 18.1531 16.7512 14.3823 13.4688 12.7944 251.107 11.4237 11.1007 10.5235
threshold=3511.5000000000005 4200993.0000000009 4201072.0000000009 4205234304898.5005 1327.5000000000002 2532.5000000000005 3.8950054854148513 2090.5000000000005 4205705.5000000009 4855.5000000000009 4200985.0000000009 4200993.0000000009 3.2946001893412262 4175.5000000000009 874.50000000000011 92909938457.500015 3.9934062673467854 448.50000000000006 1.7754236602093663 4203566.0000000009 44.500000000000007 2729.5000000000005 4223680113635.0005 1.3201124284121852 7.9200565504568727 4200970.0000000009 4200977.5000000009 2.2989862069126414 3.7159804673141519 4205234324575.5005
decision_type=2 2 2 2 2 2 2 2 2 2 2 2 2 2 2 2 2 2 2 2 2 2 2 2 2 2 2 2 2 2
left_child=1 17 9 4 24 7 -7 -6 13 -2 25 29 18 19 -15 -16 -14 27 -5 -4 -18 -21 -20 -19 -3 -11 -27 -1 -25 -12
right_child=2 3 8 12 5 6 -8 -9 -10 10 11 -13 16 14 15 -17 20 23 22 21 -22 -23 -24 28 -26 26 -28 -29 -30 -31
leaf_value=-0.01140882457045362 0.010032663916737164 -0.012463161374440295 0.010093701654433388 -0.0030003122573083831 -0.001522320358240673 -0.00041793385864270359 0.0058394416863860607 -0.01367207813772126 0.010087416224004069 0.010078262273001213 -0.010101791282373486 0.010075688691097366 -0.017497690077438708 0.010313396438686326 0.0099973079114872906 -0.0021861750187057165 -0.012670272221098081 0.010166323664442896 -0.0049853579161143581 -0.0082111371297854466 -0.0048253010328139405 0.0029789266712536427 0.0085055062582322163 -0.010743431888702288 0.0086509102600384243 -0.033264929560079669 0.010079050973309432 0.0015591465875705898 0.0074919398175562193 8.1415842919864027e-05
leaf_weight=8.9836572557687742 1435.4694741475396 3.0651406832039347 45.76248318515718 38.069153934717178 1360.1599454190582 2604.7401277832687 613.36665535345674 111.92650133371353 87.883691342547536 609.7476093894802 264.80290997028351 589.97726755123585 26.223729699850082 31.63894109800458 28.671261942014098 1361.5368305705488 39.993393748998642 3.3038485813885918 10.600980211049317 15.66000343672931 412.78372349217534 195.25304006226361 69.831952188163996 2097.9615207836032 210.9761856123805 14.293530896306036 205.96927949646488 27.85720669105649 3.3435982558876267 10.552713185548781
leaf_count=83 240033 91 5205 240 13413 33976 11968 507 10559 79240 1568 79237 109 1086 600 21691 181 206 149 142 2316 8957 1136 22385 8316 68 26504 260 91 51
internal_value=0 -0.00319121 0.00507542 -0.000336498 0.000138488 -0.000236186 0.000774713 -0.0024461 -0.000318232 0.00811853 0.0064978 0.00377924 -0.00423513 -0.000863049 -0.00166236 -0.00193491 -0.00617408 -0.0105255 0.00360236 0.0035647 -0.00551824 0.00214808 0.00672742 -0.0106816 0.00834855 0.00933205 0.00726633 -0.0016031 -0.0107144 -0.00971153
internal_weight=0 7643.19 4897.22 5501.74 4904.23 4690.19 3218.11 1472.09 1766.41 3130.81 1695.34 865.333 597.503 1678.52 1421.85 1390.21 479.001 2141.45 118.502 256.676 452.777 210.913 80.4329 2104.61 214.041 830.01 220.263 36.8409 2101.31 275.356
internal_count=570368 95427 474941 72402 68271 59864 45944 13920 48240 426701 186668 80856 4131 37681 23377 22291 2606 23025 1525 14304 2497 9099 1285 22682 8407 105812 26572 343 22476 1619
is_linear=0
shrinkage=0.01


Tree=231
num_leaves=31
num_cat=0
split_feature=12 0 0 12 0 0 14 15 17 12 17 0 0 0 1 1 0 3 1 13 4 12 3 12 0 0 12 12 1 1
split_gain=2014.77 1638.62 769.2 96.9237 129.504 726.711 92.905 115.603 111.088 225.029 123.047 82.9836 56.1704 178.616 68.0201 230.287 54.1726 42.4645 36.4466 34.4584 30.0389 21.7431 17.7128 21.4488 12.7765 245.169 12.0805 11.2943 10.4315 6.98363
threshold=1.0937088826584003 4201048.0000000009 4201072.0000000009 1.0174949934843371 4200985.0000000009 4200993.0000000009 1.8150298500602577 1.9367270844784239 3.8034897267170433 1.8855877148658888 3.9564883558720996 4205705.5000000009 4204355.0000000009 4202198.5000000009 932620487749.50012 1581613327004.0002 4204916.0000000009 4159.5000000000009 92909938457.500015 1.3461532835074757 448.50000000000006 1.5623053364853321 166.50000000000003 2.8416269947219686 4200970.0000000009 4200977.5000000009 1.3826895352780137 1.3826895352780137 4205234324575.5005 3966985676353.5005
decision_type=2 2 2 2 2 2 2 2 2 2 2 2 2 2 2 2 2 2 2 2 2 2 2 2 2 2 2 2 2 2
left_child=2 20 3 4 24 28 19 16 9 -9 -10 12 13 18 -14 -16 29 -15 -4 -3 27 -18 23 -22 -1 -26 -21 -2 -6 -8
right_child=1 6 11 -5 5 -7 7 8 10 -11 -12 -13 14 17 15 -17 21 -19 -20 26 22 -23 -24 -25 25 -27 -28 -29 -30 -31
leaf_value=0.010077477341719116 -0.011392842433444321 -0.006260114097888481 0.009926506012199604 0.010033514523130021 -0.010058916978844139 0.010074929895088697 -0.012819594040247906 -6.8957659051869323e-05 -0.0064122616629294481 0.0091170226795610071 -0.00045457822308454592 0.010079388480221243 0.0083026330275747257 0.0015076632720644018 -0.029947400172700884 -0.0027916048228542553 -0.0048220083108660239 0.010231732285885427 -0.0029245247742012421 0.0093577841629863077 -0.010438573640369922 0.0045821538818184024 -0.010831342197610876 0.0055274698568607873 -0.032504532661662741 0.010078257928808189 0.0027474118477193474 0.0015445463643776686 8.0598915767506968e-05 -0.0020085388975467767
leaf_weight=603.72729921899736 8.9066827595233899 18.752673506736755 22.93802946805954 1430.1325924475677 263.27990937232971 584.1506659775041 103.52378396689892 1072.813194476068 385.37555697932839 354.89717683382332 3451.7368790991604 69.827834247611463 45.153880756348372 81.390519641339779 33.29446854442358 503.14033479243517 148.76382617652416 177.41138090565801 582.46920844167471 136.47886431589723 19.617495164275169 29.45320737361908 2050.2395719513297 14.733377225697039 14.480667024850844 203.93581238389015 34.668955437839031 27.839415445923805 10.553070366382597 6.3410881906747809
leaf_count=79240 83 141 335 240391 1568 79237 500 17143 2588 11829 44454 9025 1633 4168 749 6598 621 10753 6463 2969 163 127 22144 174 68 26504 362 260 51 27
internal_value=0 -0.0030435 0.00527359 0.00812014 0.00649147 0.00377375 -0.000269179 -0.000504391 -0.000166879 0.00221447 -0.00105293 -0.000567917 -0.00108215 0.000534806 -0.00348486 -0.00447706 -0.00667258 0.0074881 -0.00243762 0.0066087 -0.010554 -0.00326782 -0.010712 -0.0035906 0.00932766 0.00725509 0.00801874 -0.00159128 -0.00966816 -0.0121956
internal_weight=0 7864.14 4625.89 3110.26 1680.13 857.984 5742.81 5552.9 5264.82 1427.71 3837.11 1515.63 1445.8 864.209 581.589 536.435 288.082 258.802 605.407 189.9 2121.34 178.217 2084.59 34.3509 822.144 218.416 171.148 36.7461 273.833 109.865
internal_count=570368 103585 466783 427059 186668 80856 80761 77289 76014 28972 47042 39724 30699 21719 8980 7347 1275 14921 6798 3472 22824 748 22481 337 105812 26572 3331 343 1619 527
is_linear=0
shrinkage=0.01


Tree=232
num_leaves=31
num_cat=0
split_feature=2 13 5 5 13 4 2 4 2 14 2 14 13 13 1 2 2 3 14 6 13 4 8 3 1 5 1 1 1 1
split_gain=1979.12 323.667 314.023 308.239 204.772 178.067 166.041 151.334 140.768 181.5 311.597 138.181 248.901 146.643 116.214 115.145 95.9372 73.8025 72.1683 62.5498 51.4622 51.451 42.7259 42.6906 42.3336 31.147 31.1063 64.1752 104.662 60.8672
threshold=3511.5000000000005 1.0935280532362801 795.50000000000011 215.50000000000003 1.3461532835074757 258.50000000000006 2126.5000000000005 152.50000000000003 3092.5000000000005 2.9116587207511304 983.50000000000011 1.927381850804359 1.8107551040761356 1.9346022512915797 1746051723392.0002 337.50000000000006 263.50000000000006 155.50000000000003 3.5202155888325084 58.000000000000007 1.6083210945637985 160.50000000000003 2865.5000000000005 1881.5000000000002 2521344728486.5005 974.50000000000011 1181289197948.0002 1564759720309.0002 1478970866856.5002 1738908559458.0002
decision_type=2 2 2 2 2 2 2 2 2 2 2 2 2 2 2 2 2 2 2 2 2 2 2 2 2 2 2 2 2 2
left_child=2 26 3 8 -3 6 7 17 9 23 -11 12 24 16 -14 -15 -13 -4 25 22 21 -21 -5 -1 -7 -8 -2 28 -28 -29
right_child=1 4 5 19 -6 11 18 -9 -10 10 -12 13 14 15 -16 -17 -18 -19 -20 20 -22 -23 -24 -25 -26 -27 27 29 -30 -31
leaf_value=0.008478511331626512 0.0052341501669808631 0.010033203781228546 0.0014647206277216068 0.0048026602504830486 0.0013562212010601138 -0.0068433247896565299 -0.0041529788338797134 0.0075725560918020645 -0.016584676432909392 -0.0013080981602824405 -0.014267726638304438 -0.029834267138460241 -0.0029927817785626743 -0.0054341257704888313 0.0085157297651291906 -0.012041309179698246 -0.011844517401037386 -0.0085401570742800869 0.0094916946559801315 -0.01907139565703897 0.0093232639789500131 0.0040606988875125476 -0.006308364509228199 -0.0028500850506303767 -0.0023636102882331604 -0.012345693563852296 0.0024657549300850677 0.0092307061626617573 -0.012256176901413814 0.0026424569473829308
leaf_weight=195.5510689355433 538.95383641356602 1455.415582517162 185.02924323454499 86.571364514529705 334.48383556026965 718.7888457570225 70.686446826905012 287.14511532336473 65.677107810974121 1651.0806327257305 209.01396535336971 37.411614842712879 143.31906431168318 2174.2061514128 226.27943727374077 300.17723925225437 142.77646186947823 122.57371673360467 22.083002891391516 12.183439388871191 374.16038443148136 45.616412580013275 57.6585972905159 40.082764346152544 298.58088443800807 135.08664947748184 138.42083289008588 150.03073081700131 74.163130429573357 2146.8482968313619
leaf_count=2852 44208 245482 3403 657 12928 7145 330 5813 377 15474 1873 345 1643 31385 2693 3270 1416 961 601 65 10557 255 349 476 2839 648 11765 10949 3766 145843
internal_value=0 0.00503631 -0.0031454 -0.000436187 0.00841171 -0.00467017 -0.000429189 0.00235165 -0.00216869 -0.00171691 -0.00276434 -0.00553337 -0.00297528 -0.00686992 0.00405308 -0.00623567 -0.0155796 -0.00252203 -0.00768771 0.00606278 0.00796665 -0.000815239 0.000360822 0.00655145 -0.0055286 -0.00953136 0.00305443 0.00258629 -0.00267021 0.0030728
internal_weight=0 4838.32 7601.74 2737.6 1789.9 4864.14 822.604 594.748 2161.41 2095.73 1860.09 4041.54 1386.97 2654.57 369.599 2474.38 180.188 307.603 227.856 576.19 431.96 57.7999 144.23 235.634 1017.37 205.773 3048.42 2509.46 212.584 2296.88
internal_count=570368 474941 95427 32935 258410 62492 11756 10177 21052 20675 17347 50736 14320 36416 4336 34655 1761 4364 1579 11883 10877 320 1006 3328 9984 978 216531 172323 15531 156792
is_linear=0
shrinkage=0.01


Tree=233
num_leaves=31
num_cat=0
split_feature=12 0 0 2 0 0 14 15 17 12 17 0 1 1 0 0 0 1 13 2 1 3 12 15 2 0 0 1 2 3
split_gain=1952.6 1617.3 765.196 96.5113 129.141 719.518 92.0623 112.343 109.545 223.875 118.316 82.2161 55.5912 66.1808 59.5722 65.2764 53.8073 39.4099 33.8941 22.2721 20.3031 19.6926 27.5447 14.7998 14.0268 12.7854 239.193 10.3236 8.79523 47.5592
threshold=1.0937088826584003 4201048.0000000009 4201072.0000000009 4855.5000000000009 4200985.0000000009 4200993.0000000009 1.8150298500602577 1.9367270844784239 3.8034897267170433 1.8855877148658888 3.9564883558720996 4205705.5000000009 2417604865630.5005 2424655934955.0005 4202198.5000000009 4204355.0000000009 4204916.0000000009 1900371961397.0002 1.3461532835074757 878.50000000000011 3155490927897.0005 166.50000000000003 1.3826895352780137 5.2206801228272122 1354.5000000000002 4200970.0000000009 4200977.5000000009 4205234324575.5005 52.500000000000007 3103.5000000000005
decision_type=2 2 2 2 2 2 2 2 2 2 2 2 2 2 2 2 2 2 2 2 2 2 2 2 2 2 2 2 2 2
left_child=2 21 3 -1 25 27 18 16 9 -9 -10 12 14 -14 17 -16 -8 -4 -3 -18 -15 22 -2 28 -20 -5 -27 -6 29 -23
right_child=1 6 11 4 5 -7 7 8 10 -11 -12 -13 13 20 15 -17 19 -19 24 -21 -22 23 -24 -25 -26 26 -28 -29 -30 -31
leaf_value=0.010031787907197373 -0.011432163393223753 -0.0061122798316845667 -0.0048972278703400826 0.010076464706873064 -0.010028978577211 0.010073951939032256 -0.012106338612343944 -6.3109049033123246e-05 -0.0062784740653326968 0.0091114962761905689 -0.00044575022160379767 0.010078303735345196 -0.01069905408635949 -0.0038467813506123227 0.0083678557689122537 0.00013587502111377835 0.0030597260577386039 0.0029052757213507059 0.0017475403734148857 -0.0051899549291792206 -0.0002711618958933072 -0.011028775519323013 0.0035699906389186158 0.0069399257791179485 0.0093225118962804929 -0.031752413352528132 0.010077236635473736 5.3293717443616925e-05 -0.011252015085151635 -0.0046909572797744622
leaf_weight=1402.1866732309572 25.608881883323193 18.877255663275719 206.48690464347601 595.87236474640667 262.20350390672684 576.55462142219767 109.11505171656609 1072.4077743198723 386.76444710791111 353.68672347813845 3450.0023626293987 68.889475689735264 97.337976649403572 284.65703921765089 160.787069064565 240.27443958073854 43.205412805080414 94.29742968827486 29.572055891156197 134.9187134206295 359.18258255720139 671.30702752619982 23.441150585189462 4.7589209899306288 141.00979899987578 14.666407853364943 201.28593714907765 10.564988806843756 1222.6345925554633 143.75559991598129
leaf_count=240391 235 141 2255 79240 1568 79237 527 17143 2588 11829 44454 9025 416 3499 11102 6521 183 1176 255 565 5730 7859 291 76 3076 68 26504 51 12855 1508
internal_value=0 -0.00299583 0.00522679 0.00809985 0.00646909 0.00374311 -0.000252518 -0.000486514 -0.000154135 0.00221229 -0.00103372 -0.000594418 -0.00110393 -0.0030139 0.000913074 0.00343611 -0.00657643 -0.0024511 0.00660227 -0.00318893 -0.00185203 -0.0105241 -0.00426259 -0.0106745 0.00800932 0.00932098 0.00723638 -0.00963847 -0.0107156 -0.00991095
internal_weight=0 7831.07 4575.25 3063.33 1661.15 849.323 5739.56 5550.1 5262.86 1426.09 3836.77 1511.91 1443.02 741.178 701.846 401.062 287.239 300.784 189.459 178.124 643.84 2091.51 49.05 2042.46 170.582 811.825 215.952 272.768 2037.7 815.063
internal_count=570368 103585 466783 427059 186668 80856 80761 77289 76014 28972 47042 39724 30699 9645 21054 17623 1275 3431 3472 748 9229 22824 526 22298 3331 105812 26572 1619 22222 9367
is_linear=0
shrinkage=0.01


Tree=234
num_leaves=31
num_cat=0
split_feature=12 0 0 2 0 0 3 16 15 0 4 0 0 0 0 1 1 1 4 1 3 3 0 0 4 2 12 1 1 5
split_gain=1923.73 1602.55 760.691 95.8895 128.032 711.363 90.8213 130.544 109.354 264.699 237.92 81.2703 54.7962 112.351 67.311 50.2417 348.463 36.1097 30.0363 18.591 17.7415 21.0554 12.7638 233.817 12.5198 14.2708 11.0231 10.2337 9.38731 8.81874
threshold=1.0937088826584003 4201048.0000000009 4201072.0000000009 4855.5000000000009 4200985.0000000009 4200993.0000000009 46.500000000000007 8.3164346342264963 5.3217667867264238 4205705.5000000009 1410.0000000000002 4205705.5000000009 4204808.5000000009 4202198.5000000009 4204355.0000000009 932620487749.50012 1581613327004.0002 4374073345192.5005 448.50000000000006 320027392895.00006 166.50000000000003 46.500000000000007 4200970.0000000009 4200977.5000000009 2960.5000000000005 51.500000000000007 1.3826895352780137 4205234324575.5005 4321636781420.5005 476.50000000000006
decision_type=2 2 2 2 2 2 2 2 2 2 2 2 2 2 2 2 2 2 2 2 2 2 2 2 2 2 2 2 2 2
left_child=2 18 3 -1 22 27 24 8 9 -8 -10 12 13 17 -15 19 -17 -4 26 -14 21 -20 -5 -24 25 -3 -2 -6 -9 -28
right_child=1 6 11 4 5 -7 7 28 10 -11 -12 -13 15 14 -16 16 -18 -19 20 -21 -22 -23 23 -25 -26 -27 29 -29 -30 -31
leaf_value=0.010030902507822195 -0.01134470686122634 -0.011916785333371423 -0.0022452922692884057 0.010075697988287372 -0.0099865734501000131 0.010073210466570889 -0.00023069585133759672 0.010371661430675853 -0.0040353638128903099 0.0093203973374478451 0.0083986597026023974 0.010077518922148421 -0.040229259995879695 0.0074471173028927678 -0.0016135503228964427 -0.056833016908548785 -0.00330281143067589 -0.036046382738101665 -0.011803902356769758 0.0088173810648761192 -0.010788973016253601 0.003990660924015294 -0.031073494120498688 0.010076461989161027 -0.019030089112233722 0.0053350436380253255 -0.016940214453376748 5.2759241137063809e-05 -0.015815220331740674 0.0032898275073336633
leaf_weight=1388.3565961774439 8.6719981729984266 31.438664373010397 602.76689514517784 589.98800604371354 260.69129753112793 570.85960030090064 3711.5889302901924 121.38334979861975 1356.3615430817008 314.77370132412761 173.58368306234479 68.209298705216497 0.79102298244833846 255.19666897505522 120.80303086712956 12.52881585806608 413.89519326016307 3.1772093921899787 16.032388634979725 33.599233265966177 2003.819762378931 17.822732763364911 14.836111813783644 199.29834913555533 20.455477252602577 5.6577753815799943 2.3547299504280117 10.565222114324568 1.3845205157995213 25.382704250514507
leaf_count=240391 83 227 6764 79240 1568 79237 50156 5154 10691 9899 4441 9025 25 14921 3691 152 3944 34 144 1168 22144 193 68 26504 103 84 20 51 6 240
internal_value=0 -0.0029737 0.00520863 0.00809523 0.00646279 0.00373765 -0.000250087 -0.000123422 -0.000348788 0.000515991 -0.00262463 -0.000588768 -0.00109304 0.000242013 0.00453606 -0.00393788 -0.00487559 -0.00242253 -0.0105068 0.00768924 -0.0106677 -0.00348899 0.00931668 0.00722542 -0.0127491 -0.00928562 -0.00150418 -0.00959555 0.0100763 0.00157243
internal_weight=0 7810.71 4545.56 3034.6 1646.24 842.116 5736.63 5679.08 5556.31 4026.36 1529.95 1510.97 1442.76 981.944 376 460.814 426.424 605.944 2074.08 34.3903 2037.67 33.8551 804.122 214.134 57.5519 37.0964 36.4094 271.257 122.768 27.7374
internal_count=570368 103585 466783 427059 186668 80856 80761 80347 75187 60055 15132 39724 30699 25410 18612 5289 4096 6798 22824 1193 22481 337 105812 26572 414 311 343 1619 5160 260
is_linear=0
shrinkage=0.01


Tree=235
num_leaves=31
num_cat=0
split_feature=2 0 0 1 15 14 13 0 2 0 0 14 2 4 1 20 5 4 3 13 5 3 3 1 13 13 0 0 13 1
split_gain=1889.16 1537.24 785.105 98.5989 103.368 97.2678 148.111 96.3002 94.8534 126.935 703.307 87.4335 55.8028 45.579 40.4554 34.2719 29.9429 29.6201 24.5249 23.7257 17.5444 17.4247 20.8101 16.7357 16.0625 13.9585 12.7406 228.684 10.8983 10.1449
threshold=3511.5000000000005 4200993.0000000009 4201072.0000000009 4205234304898.5005 7.7277686214463559 1.7795022112803112 1.8107551040761356 4205705.5000000009 4855.5000000000009 4200985.0000000009 4200993.0000000009 3.2946001893412262 4175.5000000000009 874.50000000000011 92909938457.500015 3.9934062673467854 172.50000000000003 448.50000000000006 4159.5000000000009 1.7754236602093663 301.50000000000006 166.50000000000003 46.500000000000007 4223680113635.0005 1.3461532835074757 1.3201124284121852 4200970.0000000009 4200977.5000000009 2.2989862069126414 4205234324575.5005
decision_type=2 2 2 2 2 2 2 2 2 2 2 2 2 2 2 2 2 2 2 2 2 2 2 2 2 2 2 2 2 2
left_child=1 17 8 4 5 24 -7 12 -2 26 29 19 18 -14 -15 -13 -17 28 20 -5 -4 22 -19 -21 -3 -23 -10 -28 -1 -11
right_child=2 3 7 11 -6 6 -8 -9 9 10 -12 15 13 14 -16 16 -18 21 -20 23 -22 25 -24 -25 -26 -27 27 -29 -30 -31
leaf_value=-0.011329538273744208 0.010028286521320193 -0.0005050951840631445 -0.0081519548277289682 -0.0029202499501550356 0.010273258114958389 -0.0040779263301514946 0.00054065487816323831 0.010084314844976331 0.010074939211656416 -0.0099444357331602579 0.010072476592597586 -0.017181436001873357 0.010309875106846354 0.009973056560244168 -0.0021364217444423037 -0.0081577472826003666 -0.0029985997949453298 -0.011786420551089381 0.010091160671813631 -0.005044789935982159 0.0028423171267356511 0.010160671317928053 0.0039577338629184344 0.0084708266345398693 0.0093205587090342251 -0.010757678483941033 -0.030429622032716628 0.010075695452855698 0.00155728795774352 5.2229707780043386e-05
leaf_weight=8.5971478745341283 1366.043585203588 19.177273843437433 15.705331506207584 38.089653931558132 98.963027980178595 849.54527646303177 3800.5731284376234 84.548491555731744 584.16130809858441 259.18553414940834 565.22042492451146 26.155876994132996 31.304598096758127 28.157929649576545 1363.8723139800131 211.07306095212698 240.87812516838312 15.896288052201269 45.85309697734192 10.563917860388754 191.4505865778774 3.1950787901878348 17.791459068655968 69.01816101744771 125.62858882173896 1985.9353064075112 14.997705683112143 197.33023480093107 27.72863370552659 10.565453141927717
leaf_count=83 240033 267 211 240 4767 4591 55848 10559 79240 1568 79237 109 1086 600 21691 929 1568 144 5381 149 8712 206 193 1136 2798 22139 68 26504 260 51
internal_value=0 -0.00307438 0.00497096 -0.000310607 0.000156998 -5.17928e-05 -0.000303129 -0.000328686 0.00808426 0.0064565 0.00373218 -0.00415164 -0.000853879 -0.00162312 -0.00189147 -0.00605215 -0.00540806 -0.0104426 0.00347357 0.00357024 0.0020088 -0.0106033 -0.00347148 0.00667673 0.0080193 -0.0107241 0.00931244 0.00721462 -0.00149261 -0.00955289
internal_weight=0 7548.81 4758.4 5489.67 4893.89 4794.92 4650.12 1760.89 2997.5 1631.46 834.971 595.779 1676.34 1423.33 1392.03 478.107 451.951 2059.14 253.009 117.672 207.156 2022.82 33.6877 79.5821 144.806 1989.13 796.489 212.328 36.3258 269.751
internal_count=570368 95427 474941 72402 68271 63504 60439 48240 426701 186668 80856 4131 37681 23377 22291 2606 2497 23025 14304 1525 8923 22682 337 1285 3065 22345 105812 26572 343 1619
is_linear=0
shrinkage=0.01


Tree=236
num_leaves=31
num_cat=0
split_feature=12 0 0 2 0 0 14 15 17 12 17 0 1 1 0 0 0 1 13 2 1 3 12 15 2 0 0 1 2 3
split_gain=1867.21 1573.38 752.006 94.6582 125.849 695.347 89.6913 109.106 106.246 220.815 115.432 79.3739 53.8891 64.9446 57.7696 63.2927 53.4321 38.5297 33.3198 21.8293 20.0767 19.4747 26.7227 14.5702 13.8239 12.7157 223.775 10.0569 8.86379 48.2952
threshold=1.0937088826584003 4201048.0000000009 4201072.0000000009 4855.5000000000009 4200985.0000000009 4200993.0000000009 1.8150298500602577 1.9367270844784239 3.8034897267170433 1.8855877148658888 3.9564883558720996 4205705.5000000009 2417604865630.5005 2424655934955.0005 4202198.5000000009 4204355.0000000009 4204916.0000000009 1900371961397.0002 1.3461532835074757 878.50000000000011 4205234304898.5005 166.50000000000003 1.3826895352780137 5.2206801228272122 1354.5000000000002 4200970.0000000009 4200977.5000000009 4205234324575.5005 52.500000000000007 3103.5000000000005
decision_type=2 2 2 2 2 2 2 2 2 2 2 2 2 2 2 2 2 2 2 2 2 2 2 2 2 2 2 2 2 2
left_child=2 21 3 -1 25 27 18 16 9 -9 -10 12 14 -14 17 -16 -8 -4 -3 -18 -15 22 -2 28 -20 -5 -27 -6 29 -23
right_child=1 6 11 4 5 -7 7 8 10 -11 -12 -13 13 20 15 -17 19 -19 24 -21 -22 23 -24 -25 -26 26 -28 -29 -30 -31
leaf_value=0.010029171315093186 -0.01138590914631942 -0.0060116931055431569 -0.0047876916641125941 0.010074187761906384 -0.0099025582318466188 0.010071750487926941 -0.012020149375682597 -6.298797319789762e-05 -0.0061882752021275187 0.0090920159930829667 -0.000432058685070056 0.010075971868064231 -0.010576159184308452 -0.000967972744696916 0.008333928970760851 0.0001940392206072469 0.0030702446718367006 0.0029164997041536728 0.0017701976267661497 -0.0050973213279356302 -0.0055384291383940689 -0.010994216125620694 0.0035008543182021017 0.0069114862129045374 0.0092950740097381863 -0.029818168545088515 0.010074936698820276 5.1706812827804239e-05 -0.011212736361168275 -0.004542475434139554
leaf_weight=1361.1576625695452 24.974717378616333 18.956762984395027 207.76878680288792 578.39171434985474 257.68632850050926 559.63653535256162 108.41581448912621 1071.8873227508739 387.5448789820075 349.31645094417036 3447.293017687276 66.868374617770314 96.988332480192184 528.00352940801531 158.04146717023104 241.48589120805264 43.205552652478218 94.4122044891119 29.621756061911583 134.87501573562622 117.49907736666501 653.81457807123661 23.314774168655276 4.7263378091156474 138.85406727716327 15.151409462094305 195.38140623597428 10.565681129693983 1191.6481313183904 141.05614943802357
leaf_count=240391 235 141 2255 79240 1568 79237 527 17143 2588 11829 44454 9025 416 7386 11102 6521 183 1176 255 565 1843 7859 291 76 3076 68 26504 51 12855 1508
internal_value=0 -0.00293052 0.00517056 0.00808607 0.00645022 0.00372672 -0.00024574 -0.000475814 -0.000148247 0.00218721 -0.00101378 -0.000575268 -0.00106843 -0.00294632 0.000918593 0.00341394 -0.00648533 -0.00238063 0.00655773 -0.00311572 -0.00179992 -0.0104733 -0.00419839 -0.0106255 0.00797204 0.00930823 0.00720395 -0.00951049 -0.0106672 -0.0098493
internal_weight=0 7769.51 4489.04 2977.97 1616.81 827.889 5729.97 5542.54 5256.04 1421.2 3834.84 1511.07 1444.2 742.491 701.708 399.527 286.496 302.181 187.433 178.081 645.503 2039.53 48.2895 1991.25 168.476 788.925 210.533 268.252 1986.52 794.871
internal_count=570368 103585 466783 427059 186668 80856 80761 77289 76014 28972 47042 39724 30699 9645 21054 17623 1275 3431 3472 748 9229 22824 526 22298 3331 105812 26572 1619 22222 9367
is_linear=0
shrinkage=0.01


Tree=237
num_leaves=31
num_cat=0
split_feature=12 0 0 2 0 0 14 15 17 12 8 0 0 1 1 0 0 1 12 2 1 2 12 5 0 0 2 1 1 1
split_gain=1839.51 1559 747.601 94.0451 124.775 687.483 88.3936 107.163 104.257 218.714 115.198 78.4634 52.8841 52.7728 63.9361 56.7343 62.7586 37.6366 28.6695 21.3987 20.0059 13.0729 28.288 16.712 12.6893 219.075 11.7115 9.96985 8.92616 32.3429
threshold=1.0937088826584003 4201048.0000000009 4201072.0000000009 4855.5000000000009 4200985.0000000009 4200993.0000000009 1.8150298500602577 1.9367270844784239 3.8034897267170433 1.8855877148658888 1923.5000000000002 4205705.5000000009 4204916.0000000009 2417604865630.5005 2424655934955.0005 4202198.5000000009 4204355.0000000009 1900371961397.0002 1.1159798465572681 878.50000000000011 3155490927897.0005 52.500000000000007 2.0806425463689515 3769.0000000000005 4200970.0000000009 4200977.5000000009 1354.5000000000002 4205234324575.5005 1070490879684.5001 1936595230848.0002
decision_type=2 2 2 2 2 2 2 2 2 2 2 2 2 2 2 2 2 2 2 2 2 2 2 2 2 2 2 2 2 2
left_child=2 21 3 -1 24 27 18 12 9 -9 -10 13 -8 15 -15 17 -17 -4 -3 -14 -16 22 28 -24 -5 -26 -20 -6 -2 -30
right_child=1 6 11 4 5 -7 7 8 10 -11 -12 -13 19 14 20 16 -18 -19 26 -21 -22 -23 23 -25 25 -27 -28 -29 29 -31
leaf_value=0.010028295377163678 -0.011062224730859396 -0.0094913395323104905 -0.0047218885350694025 0.010073444422567364 -0.0098609353876376385 0.010071031541196965 -0.011957285977990567 -6.2355126633081877e-05 0.0046636145540043293 0.0090781583952446385 -0.0015330719794684252 0.01007521055030125 0.0030401667576825226 -0.010495833329260408 -0.0037562984910327829 0.008317684390552884 0.00019213321037450827 0.0028943169647801825 0.0017545408943500723 -0.0050472498793940378 -0.00021372421478352177 -0.011113655149264519 0.0045624697938635118 -0.010415011847383533 -0.029236765406862892 0.010074185423123484 0.0086534115599050474 5.1188855668476678e-05 0.0063049958310010847 -0.0069835588065250177
leaf_weight=1347.7310166922398 20.138148307800293 10.535340070724486 208.55358311533928 572.67867055023089 256.19377419352531 554.1074141189456 107.89853465557098 1071.9376732800156 328.05589348077774 346.36597308702767 3508.4382448084652 66.208000370766968 43.196725457906723 96.754467681050301 285.69099971279502 156.77298617688939 241.44316221773624 94.185585454106331 29.587400048971176 134.85103575885296 360.64813174586743 1212.204074241221 7.5320943277329198 682.87009285390377 15.297435179352759 193.4516794946976 146.18281205371022 10.565907597541807 24.173521369695663 75.583490133285522
leaf_count=240391 232 62 2255 79240 1568 79237 527 17143 10707 11829 36335 9025 183 416 3499 11102 6521 1176 255 565 5730 13217 133 8109 68 26504 3155 51 277 856
internal_value=0 -0.00290878 0.00515216 0.00808148 0.00644396 0.00372126 -0.000243374 -0.000471185 -0.000146768 0.00216986 -0.0010032 -0.000569748 -0.00643294 -0.00105781 -0.00291449 0.000910491 0.00339107 -0.0023524 0.00653173 -0.00308514 -0.00177959 -0.0104563 -0.00947299 -0.0102516 0.00930408 0.00719342 0.00749212 -0.00946833 -0.00498936 -0.00376342
internal_weight=0 7749.55 4460.28 2950.03 1602.29 820.867 5727.05 5540.74 5254.8 1418.3 3836.49 1510.26 285.946 1444.05 743.094 700.955 398.216 302.739 186.306 178.048 646.339 2022.5 810.297 690.402 781.428 208.749 175.77 266.76 119.895 99.757
internal_count=570368 103585 466783 427059 186668 80856 80761 77289 76014 28972 47042 39724 1275 30699 9645 21054 17623 3431 3472 748 9229 22824 9607 8242 105812 26572 3410 1619 1365 1133
is_linear=0
shrinkage=0.01


Tree=238
num_leaves=31
num_cat=0
split_feature=12 0 0 2 0 0 3 16 13 2 0 0 1 1 0 0 1 3 12 1 0 0 2 3 1 1 1 3 6 16
split_gain=1812.19 1544.23 743.179 93.4348 123.711 679.713 88.7052 127.425 108.529 133.075 109.862 77.5656 51.6911 62.9378 55.7173 62.2267 36.8752 19.8266 26.6077 19.7317 12.6614 214.57 10.4311 50.7295 10.8988 9.88368 9.2516 8.62166 7.31805 17.626
threshold=1.0937088826584003 4201048.0000000009 4201072.0000000009 4855.5000000000009 4200985.0000000009 4200993.0000000009 46.500000000000007 8.3164346342264963 4.6912353757914458 134.50000000000003 4206035.0000000009 4205705.5000000009 2417604865630.5005 2424655934955.0005 4202198.5000000009 4204355.0000000009 92909938457.500015 166.50000000000003 1.3826895352780137 4205234304898.5005 4200970.0000000009 4200977.5000000009 52.500000000000007 3052.5000000000005 1070490879684.5001 4205234324575.5005 4321636781420.5005 46.500000000000007 4146.0000000000009 3.899554472411932
decision_type=2 2 2 2 2 2 2 2 2 2 2 2 2 2 2 2 2 2 2 2 2 2 2 2 2 2 2 2 2 2
left_child=2 17 3 -1 20 25 28 8 10 -10 -8 12 14 -14 16 -16 -4 18 -2 -15 -5 -22 23 -19 -25 -6 -9 -20 -3 -30
right_child=1 6 11 4 5 -7 7 26 9 -11 -12 -13 13 19 15 -17 -18 22 27 -21 21 -23 -24 24 -26 -27 -28 -29 29 -31
leaf_value=0.010027421955689451 -0.011355129062808179 -0.014817093321126851 0.0099134351508837464 0.010072708318367634 -0.0098195603797246282 0.010070319348389508 -0.00019431602802611549 0.010366631854969825 0.0016002745839357819 -0.0063332349169973792 0.0052238251349135444 0.01007445726392813 -0.01041644897252382 -0.00093515606002503532 0.0083013588632897956 0.00019024530718587021 -0.0033180642027740826 -0.010968714051212232 -0.016387177118256914 -0.0054574923281890128 -0.02868326851802273 0.010073441860002546 -0.011190745491981399 -0.011043000574453178 -0.0035327380695074589 5.067567381754174e-05 -0.015702510804706801 0.0053972877674393453 -0.014360682842787909 0.007838142537627775
leaf_weight=1334.4365171524696 24.551753528416157 41.488567166030407 22.772733047604561 567.02165350411087 254.7079803943634 548.63254433497787 4217.9244276173413 118.88233762606978 330.31207543425262 587.45515808090568 410.6748343128711 65.554099635686725 96.518103465437889 529.02245038747787 155.51678135013208 241.40085397288203 280.51797247678041 630.20644121617079 1.9852372743189359 118.00056448578835 15.435990974307058 191.54086947627366 1171.0906867533922 22.570419758558273 134.28979874402285 10.566131025552748 1.3770984262228001 21.407250614836812 10.575348500162361 5.4048154428601256
leaf_count=240391 235 189 335 79240 1568 79237 57823 5154 4296 3251 9817 9025 416 7386 11102 6521 3096 7716 16 1843 68 26504 12857 264 1461 51 6 275 77 148
internal_value=0 -0.002887 0.00513391 0.00807689 0.00643772 0.00371581 -0.00024103 -0.000115665 -0.000336476 -0.0034779 0.000286411 -0.000564336 -0.0010474 -0.00288361 0.000902453 0.00336827 -0.00232457 -0.0104368 -0.00408349 -0.00175992 0.00929997 0.00718303 -0.0105924 -0.00970211 -0.00461338 -0.00942642 0.0100681 0.00354852 -0.0126024 -0.00685259
internal_weight=0 7730.2 4431.65 2922.34 1587.91 813.907 5724.09 5666.63 5546.37 917.767 4628.6 1509.3 1443.75 743.541 700.208 396.918 303.291 2006.1 47.9442 647.023 773.999 206.977 1958.16 787.067 156.86 265.274 120.259 23.3925 57.4687 15.9802
internal_count=570368 103585 466783 427059 186668 80856 80761 80347 75187 7547 67640 39724 30699 9645 21054 17623 3431 22824 526 9229 105812 26572 22298 9441 1725 1619 5160 291 414 225
is_linear=0
shrinkage=0.01


Tree=239
num_leaves=31
num_cat=0
split_feature=12 12 5 5 2 3 7 2 3 4 4 4 4 2 5 15 12 15 15 3 15 7 1 6 2 1 1 1 1 1
split_gain=1785.19 424.601 266.968 292.173 184.311 172.161 115.773 162.993 141.427 111.504 121.338 105.724 90.1805 89.9943 129.858 128.79 106.585 102.42 86.2889 60.1029 55.6531 48.6477 40.9048 40.3884 41.8034 38.7179 30.4236 64.6797 100.474 60.9071
threshold=1.0937088826584003 1.0174949934843371 795.50000000000011 312.50000000000006 84.500000000000014 328.50000000000006 1952.5000000000002 170.50000000000003 295.50000000000006 1975.5000000000002 2537.5000000000005 4216.5000000000009 819.50000000000011 772.50000000000011 1233.5000000000002 2.9876049790630992 1.8855877148658888 3.2201306844997846 2.402093242767728 3103.5000000000005 2.2263521399763517 47.500000000000007 1900371961397.0002 58.000000000000007 158.50000000000003 4374073345192.5005 1181289197948.0002 1564759720309.0002 1478970866856.5002 1738908559458.0002
decision_type=2 2 2 2 2 2 2 2 2 2 2 2 2 2 2 2 2 2 2 2 2 2 2 2 2 2 2 2 2 2
left_child=1 26 3 6 5 9 7 21 12 22 -11 -10 -8 14 -6 18 -16 -17 -15 -7 -3 -2 -4 24 -5 -22 -1 28 -28 -29
right_child=2 20 4 23 13 19 8 -9 11 10 -12 -13 -14 15 16 17 -18 -19 -20 -21 25 -23 -24 -25 -26 -27 27 29 -30 -31
leaf_value=0.0051383127954512222 -0.013986356697122438 0.010028919528155466 0.0081099379545796664 0.0043362622586610887 -0.0094760152126996938 -0.010953621632136904 -0.0019195790885484785 0.0087790240009255355 -0.00066216330372337849 -0.010975065224773515 -0.00022377077969935123 -0.0098526070454385255 -0.012172519759445355 -0.0048688348949513698 -0.002925548347899556 0.0042603805155673495 0.0024744108504360794 -0.0044258462708409423 -0.011140525470943071 -0.0043758844679675536 0.0034605671084289632 -0.0010834835406227567 -0.0063747290346450464 0.0088444859698862538 -0.013411751964030454 -0.023043301178229721 0.0023080366235182182 0.0092262717597229957 -0.012262577940954434 0.0025315565751938365
leaf_weight=519.34972585458308 42.899909010156989 1367.1556967729703 104.64110627025366 95.42624618858099 172.9629720300436 775.66233493946493 136.94355549104512 219.66429406218231 1454.8200807012618 196.28034745156765 225.65575710497797 136.95351275801659 229.63924913853407 997.76008228212595 755.67082272842526 250.34822829719633 707.98136819154024 296.5324440933764 281.20084594842046 169.21803736686707 75.744451596867293 91.639537572860718 23.960893964394927 330.1457316223532 15.415073879063128 5.9443655386567107 132.81120922928676 145.37706185411662 73.525430782698095 2083.5056201457046
leaf_count=44208 208 245823 3157 717 749 9730 1259 6715 13004 969 2854 1465 1114 13271 8036 5318 16598 3810 3151 1834 4318 1362 353 7794 117 111 11765 10949 3766 145843
internal_value=0 0.00511547 -0.00286519 -0.000368501 -0.00425182 -0.00718567 -0.00179096 0.00347013 -0.00274252 -0.00274058 -0.00522516 -0.00145289 -0.00834235 -0.0029847 -0.00128186 -0.00451106 -0.000313541 -0.00044951 -0.00624777 -0.00977562 0.00954984 -0.00519776 0.00541118 0.00709096 0.00186799 0.00153192 0.00294097 0.00247235 -0.00288402 0.00296821
internal_weight=0 4403.41 7711.42 2753.55 4957.88 1495.42 2312.56 354.204 1958.36 550.538 421.936 1591.77 366.583 3462.46 1636.62 1825.84 1463.65 546.881 1278.96 944.88 1448.84 134.539 128.602 440.987 110.841 81.6888 2954.57 2435.22 206.337 2228.88
internal_count=570368 466783 103585 33755 69830 18897 25127 8285 16842 7333 3823 14469 2373 50933 25383 25550 24634 9128 16422 11564 250252 1570 3510 8628 834 4429 216531 172323 15531 156792
is_linear=0
shrinkage=0.01


Tree=240
num_leaves=31
num_cat=0
split_feature=12 0 0 12 0 0 14 16 17 12 8 0 0 0 0 0 1 1 1 13 4 12 1 3 3 0 0 12 12 1
split_gain=1756.06 1524.04 738.902 92.9978 123.357 672.984 87.6918 104.062 101.948 214.802 110.973 76.8509 52.5621 51.0136 106.135 65.4866 48.3276 320.281 34.9411 32.5683 30.3827 20.3563 17.882 17.7602 20.1588 12.6564 209.955 11.7201 10.6658 9.78244
threshold=1.0937088826584003 4201048.0000000009 4201072.0000000009 1.0174949934843371 4200985.0000000009 4200993.0000000009 1.8150298500602577 1.9678466221769229 3.8034897267170433 1.8855877148658888 1923.5000000000002 4205705.5000000009 4204916.0000000009 4204808.5000000009 4202198.5000000009 4204355.0000000009 932620487749.50012 1581613327004.0002 92909938457.500015 1.3461532835074757 448.50000000000006 1.5623053364853321 320027392895.00006 166.50000000000003 46.500000000000007 4200970.0000000009 4200977.5000000009 1.3826895352780137 1.3826895352780137 4205234324575.5005
decision_type=2 2 2 2 2 2 2 2 2 2 2 2 2 2 2 2 2 2 2 2 2 2 2 2 2 2 2 2 2 2
left_child=2 20 3 4 25 29 19 12 9 -9 -10 13 -8 14 18 -16 22 -18 -4 -3 28 -14 -15 24 -22 -1 -27 -21 -2 -6
right_child=1 6 11 -5 5 -7 7 8 10 -11 -12 -13 21 16 15 -17 17 -19 -20 27 23 -23 -24 -25 -26 26 -28 -29 -30 -31
leaf_value=0.010071767310817088 -0.011265188898579253 -0.0058517557214330801 0.0098902416804071153 0.010025683554710747 -0.009790526526347907 0.010069410736315232 -0.011868943799146743 -3.8937018615055173e-05 0.0046176421013125468 0.0090591668763129515 -0.0014969902837716931 0.010073445493137753 -0.0045100721686217532 -0.03851596994673985 0.0073773898564315132 -0.0015888627669094471 -0.053155013796808828 -0.0031766974189162025 -0.0028131771111402316 0.0093011809569410082 -0.011713179138626292 0.0045911042770285151 0.0087961562983848371 -0.010703904268002218 0.0039632974152401497 -0.028128137870666474 0.010072492763343734 0.0027715915005166671 0.0016733257115763916 2.4813031432124842e-05
leaf_weight=559.70086881611496 8.2747799903154355 19.068909101188183 22.481780797243118 1308.236117915716 253.65297657251358 541.55334158567712 107.15962700545788 1073.4478451730683 324.23626757971942 342.23198795504868 3508.7986398432404 64.678154415916651 148.55439388751984 0.81855222955346008 249.11656320048496 121.03356770798564 13.232240602374075 413.94491270557046 586.52551291882992 132.19531807675958 15.290473960340021 29.447106331586838 33.209571152925491 1908.5299251154065 17.696631148457527 15.572491794824598 189.07118479395285 34.705801662057638 27.696657070890069 10.577414900064467
leaf_count=79240 83 141 335 240391 1568 79237 527 17143 10707 11829 36335 9025 621 25 14921 3691 152 3944 6463 2969 144 127 1168 22144 193 68 26504 362 260 51
internal_value=0 -0.00284175 0.00508764 0.00805649 0.00641576 0.00368584 -0.000225423 -0.000452406 -0.000132774 0.00216047 -0.000979754 -0.000590245 -0.0063356 -0.00106909 0.000222512 0.00444556 -0.00381121 -0.00472483 -0.00234422 0.00652888 -0.0104094 -0.00300445 0.00765806 -0.0105782 -0.0033032 0.00929368 0.00716559 0.0079434 -0.00130302 -0.00939761
internal_weight=0 7697.33 4383.41 2878.36 1570.13 805.784 5719.85 5533.88 5248.71 1415.68 3833.03 1505.04 285.161 1440.36 979.157 370.15 461.205 427.177 609.007 185.97 1977.49 178.002 34.0281 1941.52 32.9871 764.345 204.644 166.901 35.9714 264.23
internal_count=570368 103585 466783 427059 186668 80856 80761 77289 76014 28972 47042 39724 1275 30699 25410 18612 5289 4096 6798 3472 22824 748 1193 22481 337 105812 26572 3331 343 1619
is_linear=0
shrinkage=0.01


Tree=241
num_leaves=31
num_cat=0
split_feature=12 0 0 12 0 0 14 15 17 12 17 0 0 1 1 0 0 1 13 4 12 1 3 3 0 0 12 12 1 5
split_gain=1729.82 1510.1 734.625 92.3916 122.307 665.382 86.4213 102.219 100.04 212.754 110.188 75.9624 52.0187 50.1384 61.6802 54.5084 61.0097 37.2197 32.1642 30.2655 19.9576 19.7834 17.6804 19.9241 12.6252 205.809 11.7087 10.5438 9.69829 8.59758
threshold=1.0937088826584003 4201048.0000000009 4201072.0000000009 1.0174949934843371 4200985.0000000009 4200993.0000000009 1.8150298500602577 1.9367270844784239 3.8034897267170433 1.8855877148658888 3.9564883558720996 4205705.5000000009 4204916.0000000009 2417604865630.5005 2424655934955.0005 4202198.5000000009 4204355.0000000009 1900371961397.0002 1.3461532835074757 448.50000000000006 1.5623053364853321 3155490927897.0005 166.50000000000003 46.500000000000007 4200970.0000000009 4200977.5000000009 1.3826895352780137 1.3826895352780137 4205234324575.5005 476.50000000000006
decision_type=2 2 2 2 2 2 2 2 2 2 2 2 2 2 2 2 2 2 2 2 2 2 2 2 2 2 2 2 2 2
left_child=2 19 3 4 24 28 18 12 9 -9 -10 13 -8 15 -15 17 -17 -4 -3 27 -14 -16 23 -21 -1 -26 -20 -2 -6 -29
right_child=1 6 11 -5 5 -7 7 8 10 -11 -12 -13 20 14 21 16 -18 -19 26 22 -22 -23 -24 -25 25 -27 -28 29 -30 -31
leaf_value=0.010071048086996673 -0.011251015873102033 -0.0057735807399951671 -0.0046693683674291228 0.01002481833125517 -0.0097495604404711205 0.010068715315426942 -0.011807794422292297 -3.8546568393402494e-05 -0.0060146632530142224 0.0090451837234396069 -0.00039998319394383622 0.01007271006117654 -0.0044659818971529508 -0.010333253936444296 -0.0037181538264400562 0.0082654908902638387 0.00018974988490043991 0.0028996866223020101 0.0092862514787761408 -0.011696811761908619 0.0045485507448244601 -0.00019732078068102001 -0.010688999227236269 0.0039305574772473106 -0.027626235517222052 0.010071765995601277 0.0027491583700611755 -0.016502002658098921 2.4564780670454026e-05 0.0033682319218419515
leaf_weight=554.17113309213892 8.2027131021022779 19.133506126701832 209.1447604522109 1295.3301615901291 252.1789984703064 536.20164428278804 106.64003938436508 1073.4789866982028 388.99210479110479 339.34790339134634 3445.5828975010663 64.039249846711755 148.52094984054565 96.264021873474121 286.05001790262759 152.7860342534259 241.27718890085816 94.240354023873806 131.08931305259466 15.159408330917357 29.425478830933571 360.99742258433253 1892.1613469645381 17.665752386674285 15.696218758821486 187.20333292987198 34.639444809406996 2.3826731294393566 10.577522814273832 25.295497423037887
leaf_count=79240 83 141 2255 240391 1568 79237 527 17143 2588 11829 44454 9025 621 416 3499 11102 6521 1176 2969 144 127 5730 22144 193 68 26504 362 20 51 240
internal_value=0 -0.00282062 0.00506862 0.0080519 0.00640953 0.0036804 -0.000223251 -0.000448009 -0.000131445 0.00214328 -0.000969555 -0.000584234 -0.00628502 -0.00105792 -0.00286492 0.000867917 0.00332087 -0.0023182 0.00650262 -0.0103932 -0.00297533 -0.00175383 -0.0105628 -0.00328652 0.00928965 0.00715547 0.00791991 -0.00129335 -0.00935609 0.0016577
internal_weight=0 7677.72 4356.16 2851.36 1556.03 798.958 5716.85 5531.99 5247.4 1412.83 3834.58 1504.8 284.586 1440.76 743.311 697.448 394.063 303.385 184.862 1960.87 177.946 647.047 1924.99 32.8252 757.071 202.9 165.729 35.8809 262.757 27.6782
internal_count=570368 103585 466783 427059 186668 80856 80761 77289 76014 28972 47042 39724 1275 30699 9645 21054 17623 3431 3472 22824 748 9229 22481 337 105812 26572 3331 343 1619 260
is_linear=0
shrinkage=0.01


Tree=242
num_leaves=31
num_cat=0
split_feature=12 0 0 2 0 0 3 15 15 13 4 0 1 1 0 1 1 1 4 3 12 0 0 4 2 12 1 1 5 4
split_gain=1704.1 1496.28 730.22 91.7884 121.269 657.871 86.1669 124.23 104.705 263.83 227.49 75.0923 49.3416 252.945 298.482 75.135 34.1214 87.0368 30.1589 17.6014 19.7204 12.5927 201.82 11.8918 13.9995 10.4234 9.61497 9.10554 8.36866 7.28975
threshold=1.0937088826584003 4201048.0000000009 4201072.0000000009 4855.5000000000009 4200985.0000000009 4200993.0000000009 46.500000000000007 7.7277686214463559 5.3217667867264238 3.4655344199481246 1410.0000000000002 4205705.5000000009 1181289197948.0002 1514623738577.5002 4204355.0000000009 2417604865630.5005 1002115265613.5001 932620487749.50012 448.50000000000006 166.50000000000003 2.8416269947219686 4200970.0000000009 4200977.5000000009 2960.5000000000005 51.500000000000007 1.3826895352780137 4205234324575.5005 4321636781420.5005 476.50000000000006 20.500000000000004
decision_type=2 2 2 2 2 2 2 2 2 2 2 2 2 2 2 2 2 2 2 2 2 2 2 2 2 2 2 2 2 2
left_child=2 18 3 -1 21 26 23 8 9 -8 -10 12 16 14 -14 -15 17 -4 25 20 -20 -5 -23 24 -3 -2 -6 -9 -27 -30
right_child=1 6 11 4 5 -7 7 27 10 -11 -12 -13 13 15 -16 -17 -18 -19 19 -21 -22 22 -24 -25 -26 28 -28 -29 29 -31
leaf_value=0.010023956551758957 -0.01123702014709695 -0.011657743479008211 0.0024753264878846974 0.010070336187974083 -0.0097088270143902942 0.010068027078858368 -0.00027867739908688432 0.010360480160533359 -0.0039077113214210351 0.0086203651846061286 0.0083507431919649863 0.010071981137343531 -0.014168171455278315 0.0024230417379750291 -0.085506176231931519 -0.0028346324656414734 0.0092679438601040616 -0.031399156717284188 -0.010212724235163706 -0.010674197266602051 0.0054258138398747468 -0.02714682315949906 0.010071046972064918 -0.018537264816766201 0.0054524631592131438 -0.01618068537007503 2.4319241507574056e-05 -0.015585563618316855 0.012614426719290974 0.00022795005230507033
leaf_weight=1282.5511397505179 8.1311588659882528 31.109129315242171 145.55061408691108 548.69562471983954 250.71201595664024 530.90245877811685 3643.8039597859606 116.5426761880517 1357.9075566846877 366.67321276478469 170.3831997346133 63.406612719409168 41.112746681086719 428.34289420070127 6.8410438969731322 743.74245737958699 66.883150689303875 8.002045162022112 18.162807509303093 1875.9187863394618 14.501611690968273 15.813081115484236 185.35379602294415 20.474006146192551 5.6504884213209143 2.4055718258023289 10.577629968523977 1.3684639185667027 6.3448994345963028 18.918057058006525
leaf_count=240391 83 227 3918 79240 1568 79237 50501 5152 10693 9554 4441 9025 738 13756 101 9645 2450 91 163 22144 174 68 26504 103 84 20 51 6 55 185
internal_value=0 -0.00279958 0.00505032 0.00804732 0.00640331 0.00367496 -0.0002211 -9.75773e-05 -0.000313801 0.000534952 -0.00254106 -0.000578676 -0.0010475 -0.00183419 -0.0243452 -0.000913196 0.00330662 0.000710035 -0.0103769 -0.0105475 -0.00326988 0.00928568 0.00714547 -0.0124295 -0.00902766 -0.00128337 -0.00931481 0.0100594 0.00164179 0.00333887
internal_weight=0 7658.3 4328.49 2824.61 1542.05 792.192 5713.91 5656.68 5538.77 4010.48 1528.29 1503.88 1440.47 1220.04 47.9538 1172.09 220.436 153.553 1944.38 1908.58 32.6644 749.863 201.167 57.2336 36.7596 35.7997 261.29 117.911 27.6685 25.263
internal_count=570368 103585 466783 427059 186668 80856 80761 80347 75189 60055 15134 39724 30699 24240 839 23401 6459 4009 22824 22481 337 105812 26572 414 311 343 1619 5158 260 240
is_linear=0
shrinkage=0.01


Tree=243
num_leaves=31
num_cat=0
split_feature=2 0 0 1 8 6 15 6 2 0 0 0 13 2 4 3 13 5 4 5 1 3 1 3 3 5 20 13 0 0
split_gain=1673.34 1435.7 751.878 93.0105 139.318 98.2394 189.527 148.727 90.7887 120.24 650.45 90.1377 80.0565 50.9357 44.3337 40.4227 34.697 31.0047 29.7234 25.848 24.0519 24.0345 20.9619 17.269 19.5388 17.0712 15.1332 12.7562 12.5588 197.979
threshold=3511.5000000000005 4200993.0000000009 4201072.0000000009 4205234304898.5005 1327.5000000000002 2532.5000000000005 3.8950054854148513 2090.5000000000005 4855.5000000000009 4200985.0000000009 4200993.0000000009 4205705.5000000009 3.2700284684009455 4175.5000000000009 874.50000000000011 168.50000000000003 3.364457487938862 172.50000000000003 448.50000000000006 50.500000000000007 4223680113635.0005 4159.5000000000009 4384930233608.0005 166.50000000000003 46.500000000000007 301.50000000000006 7.9200565504568727 1.3201124284121852 4200970.0000000009 4200977.5000000009
decision_type=2 2 2 2 2 2 2 2 2 2 2 2 2 2 2 2 2 2 2 2 2 2 2 2 2 2 2 2 2 2
left_child=1 18 8 4 19 7 -7 -6 -2 28 -11 13 20 21 -15 -16 -14 -18 -1 -3 -5 25 -22 24 -20 -4 -21 -25 -10 -30
right_child=2 3 11 12 5 6 -8 -9 9 10 -12 -13 16 14 15 -17 17 -19 23 26 22 -23 -24 27 -26 -27 -28 -29 29 -31
leaf_value=-0.0012739882235761988 0.010021431058008987 -0.0045830296675984173 -0.0080900650735221489 -0.006394018722053473 -0.0014049487014210931 -0.00037816120284222648 0.0058192475824320388 -0.013392180252399867 0.010069631430518176 -0.0092737406572044479 0.010067345393409281 0.010080032404035948 -0.015822586013393775 0.010305602564787327 -0.010304999191663687 -0.001463805063331043 -0.0079801998354700164 -0.0026272576486611448 -0.011672443832690537 -0.013127351637270246 0.006260788873031266 0.010087875137278003 -0.011687468728794802 0.010148267899966311 0.0038908900944346677 0.0027567697568359772 0.0095864993112042812 -0.010643047186843602 -0.0266884397239198 0.010070335147894438
leaf_weight=35.701953668147326 1261.8580235224217 14.584699392318724 15.714319448918102 22.260487394407392 1362.1817904915661 2584.8168477341533 609.8889338131994 112.01386775076389 543.27383956126869 259.82984147965908 525.65530018694699 79.56415355624631 32.965627372264862 30.898260032758117 53.787954777479172 1340.8352476265281 206.8898154348135 226.84260977804661 14.915426492691038 2.9799310509115449 97.118222288787365 43.775819818489254 6.974390171468257 2.9556124880909911 17.567600712180138 189.27105713449419 187.21323189884424 1858.9829678162932 15.923265203833578 183.52240481274202
leaf_count=343 240033 80 211 205 13413 33976 11968 507 79240 1619 79237 10559 176 1086 765 21526 913 1471 144 91 1292 5381 74 206 193 8712 8236 22139 68 26504
internal_value=0 -0.00289913 0.00481114 -0.000281327 0.000173682 -0.000180404 0.000804962 -0.00231577 0.00803628 0.00639711 0.00366953 -0.000319481 -0.00402058 -0.000813679 -0.0015423 -0.00180479 -0.00593231 -0.0051806 -0.0103136 0.00824678 0.0030406 0.00336167 0.00505822 -0.0104839 -0.00325542 0.00192524 0.00923062 -0.01061 0.00928174 0.0071356
internal_weight=0 7396.85 4543.91 5466.73 4873.68 4668.9 3194.71 1474.2 2790.06 1528.2 785.485 1753.85 593.051 1674.28 1425.52 1394.62 466.698 433.732 1930.12 204.778 126.353 248.761 104.093 1894.42 32.483 204.985 190.193 1861.94 742.72 199.446
internal_count=570368 95427 474941 72402 68271 59864 45944 13920 426701 186668 80856 48240 4131 37681 23377 22291 2560 2384 23025 8407 1571 14304 1366 22682 337 8923 8327 22345 105812 26572
is_linear=0
shrinkage=0.01


Tree=244
num_leaves=31
num_cat=0
split_feature=12 12 5 5 2 3 7 3 2 12 13 3 5 12 2 2 12 3 3 13 7 6 2 1 1 1 1 1 1 1
split_gain=1653.04 415.7 253.263 283.208 175.661 167.766 110.321 154.951 141.16 88.4989 117.005 86.9623 85.3529 132.344 256.179 142.534 70.9903 61.4442 58.773 56.565 49.4115 39.4227 40.573 37.3462 30.9732 29.5908 63.0148 93.9454 60.7312 232.19
threshold=1.0937088826584003 1.0174949934843371 795.50000000000011 312.50000000000006 84.500000000000014 328.50000000000006 2053.5000000000005 295.50000000000006 170.50000000000003 3.1345410895504946 3.364457487938862 4630.5000000000009 1125.5000000000002 1.8855877148658888 316.50000000000006 316.50000000000006 1.3488070813977917 3103.5000000000005 128.50000000000003 1.3461532835074757 47.500000000000007 58.000000000000007 158.50000000000003 4374073345192.5005 1900371961397.0002 1181289197948.0002 1564759720309.0002 1478970866856.5002 1738908559458.0002 1746051701064.0002
decision_type=2 2 2 2 2 2 2 2 2 2 2 2 2 2 2 2 2 2 2 2 2 2 2 2 2 2 2 2 2 2
left_child=1 25 3 6 5 9 8 16 20 10 -4 -9 18 14 -14 -15 -8 -7 -6 -3 -2 22 -5 -21 -11 -1 27 -27 -28 -30
right_child=2 19 4 21 12 17 7 11 -10 24 -12 -13 13 15 -16 -17 -18 -19 -20 23 -22 -23 -24 -25 -26 26 28 -29 29 -31
leaf_value=0.0050539725833539922 -0.013754242772590833 0.010024734662419106 -0.00053222631840436462 0.004357469699684975 0.0075847409195513547 -0.010903327630510889 -0.026085558558450565 -0.00091095701980599994 0.0079087563003903492 0.0063466190013203765 -0.011400636279378526 -0.013205529865866879 -0.018903925454949407 0.0038576061380937166 -0.0029684674966563109 -0.0044777923788433382 -0.0075912553723301128 -0.0041367140337763095 -0.0097279874672518644 0.0033181622164871012 -0.00079762259574846976 0.0088105233393720294 -0.013020122870176778 -0.022561991803075398 -0.0062607474243167429 0.0022136556683173729 0.0092136506481844318 -0.011899554840658133 -0.039901528696321631 0.0027157716140800026
leaf_weight=505.53723556781188 42.732811037451029 1301.9356306469999 240.24052125774324 95.591609455645084 21.322482272982597 741.96848165988922 22.193052604794502 1528.6091795153916 237.36263216007501 115.62403015047312 168.54830474406481 59.781249463558197 105.81596250087023 566.92741735652089 2163.721330281347 321.47711772285402 320.30891356058419 163.82567050307989 243.951585277915 74.206865387037396 94.576152440160513 325.7041092813015 15.63287218660116 6.0288776680827132 23.436499666422606 129.42326369555667 141.86349703930318 74.209371055010706 12.865166441537438 2029.8008071603253
leaf_count=44208 208 245840 2917 717 580 9730 104 14130 6872 3282 781 337 1156 14571 28979 4607 2095 1834 1040 4301 1381 7794 117 111 353 11765 10949 3766 426 145417
internal_value=0 0.005011 -0.00275784 -0.000326614 -0.00412503 -0.00703746 -0.00172555 -0.00268912 0.0032403 -0.00266922 -0.0050134 -0.00137368 -0.00288829 -0.00243063 -0.00371145 0.000841368 -0.00878963 -0.00967949 -0.00833641 0.00952253 -0.00482994 0.0070552 0.00191501 0.00137354 0.00422184 0.00285608 0.00239082 -0.00292959 0.00288676 0.00244736
internal_weight=0 4275.87 7619.35 2742.49 4876.86 1453.64 2305.56 1930.89 374.672 547.849 408.789 1588.39 3423.22 3157.94 2269.54 888.405 342.502 905.794 265.274 1382.17 137.309 436.929 111.224 80.2357 139.061 2893.7 2388.16 203.633 2184.53 2042.67
internal_count=570368 466783 103585 33755 69830 18897 25127 16666 8461 7333 3698 14467 50933 49313 30135 19178 2199 11564 1620 250252 1589 8628 834 4412 3635 216531 172323 15531 156792 145843
is_linear=0
shrinkage=0.01


Tree=245
num_leaves=31
num_cat=0
split_feature=2 0 0 14 13 2 2 2 2 0 0 0 5 5 2 2 4 1 4 3 13 3 3 7 2 0 0 13 1 13
split_gain=1621.65 1419.09 746.068 92.3102 137.991 155.158 208.954 207.641 90.3826 119.933 644.069 89.2794 84.5393 74.0482 70.6458 50.3784 44.0576 38.6348 29.6603 23.652 22.1106 17.1522 19.259 16.6038 13.6085 12.5481 194.04 12.478 10.4683 10.3024
threshold=3511.5000000000005 4200993.0000000009 4201072.0000000009 1.8150298500602577 1.7754236602093663 1354.5000000000002 3092.5000000000005 878.50000000000011 4855.5000000000009 4200985.0000000009 4200993.0000000009 4205705.5000000009 937.50000000000011 215.50000000000003 2246.5000000000005 4175.5000000000009 874.50000000000011 92909938457.500015 448.50000000000006 4159.5000000000009 1.3461532835074757 166.50000000000003 46.500000000000007 2729.5000000000005 1354.5000000000002 4200970.0000000009 4200977.5000000009 1.3201124284121852 4205234324575.5005 2.2989862069126414
decision_type=2 2 2 2 2 2 2 2 2 2 2 2 2 2 2 2 2 2 2 2 2 2 2 2 2 2 2 2 2 2
left_child=1 18 8 20 12 7 -7 -6 -2 25 -11 15 13 -5 -14 19 -17 -18 29 23 28 22 -20 -4 -22 -10 -27 -23 -3 -1
right_child=2 3 11 4 5 6 -8 -9 9 10 -12 -13 14 -15 -16 16 17 -19 21 -21 24 27 -24 -25 -26 26 -28 -29 -30 -31
leaf_value=-0.011218019547875513 0.010019741530166311 -9.5967855076364489e-05 -0.0079968837101214926 -0.016253620066085859 0.00013625188692659157 0.0082501399429795383 -0.016471695386847913 -0.0090382440563861518 0.010068732541798587 -0.0092455659346275792 0.010066476836193366 0.010079143087386302 -0.005087456733175082 0.002342439515658414 -0.014776115392324334 0.01030336996096704 0.0099375690927688779 -0.0020459976432128683 -0.011649490500339713 0.010086166802985875 0.0017670408955292871 0.010145306932207767 0.0038587038122706936 0.0027401678272016288 0.0092502620568908952 -0.026229751878860477 0.010069427952215926 -0.010620321831656943 -0.021764414694779081 0.001649157174058983
leaf_weight=8.0334068089723569 1237.0739275179803 21.801991032436494 15.590227359905837 23.883902549743652 3876.6924123838544 373.98085911758244 37.629342690110207 263.45275281369686 536.24294659402221 258.84725418686867 518.85465287370607 78.6039666114375 397.94663920998573 206.95667316764593 92.811503857374191 30.685683142393827 27.443489611148834 1366.8391274735332 14.754786498844622 42.931165673304349 29.614825583994389 2.8982773069292298 17.511862345039845 189.0517317596823 135.45031419023871 16.02951842546463 181.14962843572721 1833.419923633337 2.4835525751113883 27.60567850060761
leaf_count=83 240033 283 142 100 55407 7078 224 2483 79240 1619 79237 10559 1927 1182 377 1086 600 21691 144 5381 255 206 193 8781 3076 68 26504 22139 10 260
internal_value=0 -0.00285446 0.00476489 -0.000263162 -0.000509489 0.000134592 0.00599007 -0.000447555 0.00801541 0.00637457 0.00363873 -0.000336369 -0.00457227 0.0004184 -0.00691976 -0.000825864 -0.00154927 -0.00181013 -0.0102882 0.00333789 0.00659695 -0.0104605 -0.00323283 0.00192219 0.00790768 0.00927557 0.00711852 -0.0105875 -0.00231188 -0.00125123
internal_weight=0 7366.93 4499.34 5462.7 5273.35 4551.76 411.61 4140.15 2748.2 1511.12 777.702 1751.15 721.599 230.841 490.758 1672.54 1424.97 1394.28 1904.22 247.573 189.351 1868.58 32.2666 204.642 165.065 733.422 197.179 1836.32 24.2855 35.6391
internal_count=570368 95427 474941 72402 68778 65192 7302 57890 426701 186668 80856 48240 3586 1282 2304 37681 23377 22291 23025 14304 3624 22682 337 8923 3331 105812 26572 22345 293 343
is_linear=0
shrinkage=0.01


Tree=246
num_leaves=31
num_cat=0
split_feature=2 0 0 14 13 15 13 4 2 0 0 0 2 2 2 4 1 14 4 0 1 13 4 2 0 0 13 13 1 13
split_gain=1596.85 1406.29 741.838 90.978 135.258 174.448 247.671 237.115 89.794 118.923 636.793 88.2867 67.396 60.5274 49.4468 43.4737 38.0758 35.2261 29.5472 23.0317 28.0265 21.8927 16.9719 13.5768 12.5113 190.474 12.1849 10.6685 10.2412 10.1848
threshold=3511.5000000000005 4200993.0000000009 4201072.0000000009 1.8150298500602577 1.7754236602093663 3.6922419901710248 2.2688285431649127 52.500000000000007 4855.5000000000009 4200985.0000000009 4200993.0000000009 4205705.5000000009 2608.5000000000005 2977.5000000000005 4175.5000000000009 874.50000000000011 92909938457.500015 1.8343053871512336 448.50000000000006 4203840.0000000009 1746051715793.5002 1.3461532835074757 1068.5000000000002 1354.5000000000002 4200970.0000000009 4200977.5000000009 1.3201124284121852 3.7159804673141519 4205234324575.5005 2.2989862069126414
decision_type=2 2 2 2 2 2 2 2 2 2 2 2 2 2 2 2 2 2 2 2 2 2 2 2 2 2 2 2 2 2
left_child=1 18 8 21 12 7 -7 -6 -2 24 -11 14 17 -14 19 -16 -17 -5 29 22 -21 28 -4 -23 -10 -26 -20 -28 -3 -1
right_child=2 3 11 4 5 6 -8 -9 9 10 -12 -13 13 -15 15 16 -18 -19 26 20 -22 23 -24 -25 25 -27 27 -29 -30 -31
leaf_value=-0.011204431491046392 0.010018900217099154 -9.5001519679995821e-05 -0.01644957875305126 0.0010914355834680724 -0.025229902214990451 -0.014517206268575916 -0.00056254621276229555 0.0037554527164627804 0.010068043975025419 -0.0092041809128266469 0.010065811246708821 0.010078350080809052 0.0064458165117202391 -0.0053429898648285658 0.010300262566362517 0.0099246911126998245 -0.002022614453255054 -0.0071317906433775403 0.010143840585475069 0.0063068228404386051 -0.0026813660022699526 0.0017514089194156108 0.0077300167282246405 0.0092350826214408852 -0.025810529834840057 0.01006873234366247 -0.010509157479776234 0.0077657984389610949 -0.021511138870944978 0.0016337413635022693
leaf_weight=7.9630701988935462 1224.8671728507616 21.803481820970777 2.9921790417283765 58.311858221888542 28.836266860365868 132.69696812331676 3061.9401121949777 1326.8985694441944 530.94337261933833 257.41818162798882 513.72576843155548 77.827937031164765 92.232989370822906 82.516985833644867 30.389474833384156 27.205502999946475 1368.8046050481498 488.46247792243958 2.8698517102748147 56.496086693368852 89.886935961432755 29.580533772706985 97.291508431080729 134.32187636196613 16.126479208469391 179.35948838712648 1846.557104870677 3.1999427042901507 2.4876451790332785 27.587591661140323
leaf_count=83 240033 283 116 245 127 598 40208 24259 79240 1619 79237 10559 603 426 1086 600 21691 2312 206 3126 3574 255 7488 3076 68 26504 22385 91 10 260
internal_value=0 -0.00283317 0.00474496 -0.000260608 -0.000504494 0.000133329 -0.00114219 0.00313894 0.00801076 0.0063683 0.00363323 -0.000332987 -0.004527 0.000879139 -0.000817303 -0.00153221 -0.00178978 -0.00625481 -0.0102723 0.00331677 0.000787598 0.00657141 0.00700857 0.00788446 0.00927172 0.0071089 -0.0104456 -0.0104775 -0.00228822 -0.00124191
internal_weight=0 7348.27 4473.33 5460.09 5271.9 4550.37 3194.64 1355.73 2722.44 1497.57 771.144 1750.89 721.524 174.75 1673.07 1426.4 1396.01 546.774 1888.18 246.667 146.383 188.194 100.284 163.902 726.429 195.486 1852.63 1849.76 24.2911 35.5507
internal_count=570368 95427 474941 72402 68778 65192 40806 24386 426701 186668 80856 48240 3586 1029 37681 23377 22291 2557 23025 14304 6700 3624 7604 3331 105812 26572 22682 22476 293 343
is_linear=0
shrinkage=0.01


Tree=247
num_leaves=31
num_cat=0
split_feature=12 0 0 2 0 0 6 12 13 0 5 3 2 4 0 6 4 1 0 0 0 1 1 1 1 4 3 3 1 4
split_gain=1578.11 1438.03 713.041 89.6101 117.924 629.603 83.6404 113.817 196.841 180.071 121.033 113.438 86.1284 160.042 71.7574 67.8908 64.5721 64.0366 47.8297 101.141 63.7118 46.5002 283.56 37.4029 33.6411 29.7382 17.6131 19.1266 17.2055 16.98
threshold=1.0937088826584003 4201048.0000000009 4201072.0000000009 4855.5000000000009 4200985.0000000009 4200993.0000000009 327.00000000000006 3.3333744316333989 4.0279656737693381 4205705.5000000009 54.500000000000007 3103.5000000000005 181.50000000000003 819.50000000000011 4205705.5000000009 2897.0000000000005 4201.5000000000009 3021549772722.0005 4204808.5000000009 4202198.5000000009 4204355.0000000009 932620487749.50012 1581613327004.0002 2424655927106.5005 3155490927897.0005 448.50000000000006 166.50000000000003 46.500000000000007 320027392895.00006 258.50000000000006
decision_type=2 2 2 2 2 2 2 2 2 2 2 2 2 2 2 2 2 2 2 2 2 2 2 2 2 2 2 2 2 2
left_child=2 25 3 -1 -5 -6 11 8 9 -8 15 12 13 -3 18 -9 -14 29 19 24 -21 28 -23 -10 -4 -2 27 -27 -20 -13
right_child=1 6 14 4 5 -7 7 10 23 -11 -12 17 16 -15 -16 -17 -18 -19 21 20 -22 22 -24 -25 -26 26 -28 -29 -30 -31
leaf_value=0.010019762933248752 -0.0012326381870814051 -0.00092759572475540047 -0.0038610868449937791 0.0092679136628451581 -0.0091630011289390717 0.010065151862317285 -0.00028144507830937842 0.005870220439256434 -0.017749659631059164 0.0075231421787948886 0.009804396011784693 -0.001932622894519103 0.0045257961182204954 -0.01085176049663983 0.010068885956455194 -0.0060239086816105984 -0.02472751132233246 -0.00036667604389874594 -0.036877803049983421 0.0073234518568772288 -0.0015352037901331351 -0.048413357182246139 -0.0030590157265182804 -0.0075171579069162808 0.0011745896735440233 -0.011619968732049702 -0.010608671056736517 0.0039010103546154866 0.0087772077894607056 -0.021666398086311798
leaf_weight=1220.6621701926924 35.462917098775506 781.45056230016053 417.83326811343431 719.50004237191752 255.99644166231155 508.64725816901773 3453.0274346806109 86.953891485929489 52.908447697758675 323.30554927978665 252.96778726950288 4.7738511115312567 239.80928574316204 205.15831529721618 60.717224399093539 107.09411278367043 7.7907559052109709 23.931845337152481 0.84671178832650085 244.52990832319483 121.53885651379824 14.258797436952589 414.85248659923673 109.974375218153 194.38170689344406 14.513214603066443 1802.9572322070599 17.529149627313018 32.867859922349453 50.335228964686394
leaf_count=240391 343 7435 4339 105812 1619 79237 45701 625 236 9947 9885 35 4507 975 9025 549 52 122 25 14921 3691 152 3944 448 2459 144 22144 193 1168 244
internal_value=0 -0.00269459 0.00494491 0.00801275 0.00636204 0.00362772 -0.00019773 0.000465125 -7.75194e-05 0.000386734 0.00524704 -0.00241165 -0.00166788 -0.00299126 -0.000580289 -0.000694089 0.00360534 -0.0140254 -0.00102896 0.000224111 0.00438228 -0.00367761 -0.00456608 -0.0108409 -0.00226223 -0.0103028 -0.0104781 -0.00312904 0.00763062 -0.019957
internal_weight=0 7569.94 4206.63 2704.81 1484.14 764.644 5699.48 4386.23 3939.22 3776.33 447.016 1313.25 1234.21 986.609 1501.83 194.048 247.6 79.0409 1441.11 978.284 366.069 462.826 429.111 162.883 612.215 1870.46 1835 32.0424 33.7146 55.1091
internal_count=570368 103585 466783 427059 186668 80856 80761 67391 56332 55648 11059 13370 12969 8410 39724 1174 4559 401 30699 25410 18612 5289 4096 684 6798 22824 22481 337 1193 279
is_linear=0
shrinkage=0.01


Tree=248
num_leaves=31
num_cat=0
split_feature=12 0 0 2 0 0 6 12 13 0 5 4 2 4 0 4 6 1 1 0 0 1 1 4 6 1 1 0 0 12
split_gain=1554.34 1424.63 708.645 89.1296 116.734 622.498 81.9699 112.202 193.094 177.705 120.178 102.379 121.529 143.974 70.9315 68.1349 66.5626 47.6418 60.4526 52.4614 58.4206 36.7608 36.3676 29.7237 23.78 21.2617 19.3769 12.6296 188.049 11.0473
threshold=1.0937088826584003 4201048.0000000009 4201072.0000000009 4855.5000000000009 4200985.0000000009 4200993.0000000009 327.00000000000006 3.3333744316333989 4.0279656737693381 4205705.5000000009 54.500000000000007 4201.5000000000009 181.50000000000003 819.50000000000011 4205705.5000000009 56.500000000000007 2897.0000000000005 2417604865630.5005 2424655934955.0005 4202198.5000000009 4204355.0000000009 2424655927106.5005 1900371961397.0002 448.50000000000006 300.50000000000006 3021549772722.0005 4205234304898.5005 4200970.0000000009 4200977.5000000009 3.3820560181425772
decision_type=2 2 2 2 2 2 2 2 2 2 2 2 2 2 2 2 2 2 2 2 2 2 2 2 2 2 2 2 2 2
left_child=2 23 3 -1 27 -6 11 8 9 -8 16 12 13 -3 17 -14 -9 19 -19 22 -21 -10 -4 -2 25 -13 -20 -5 -29 -25
right_child=1 6 14 4 5 -7 7 10 21 -11 -12 24 15 -15 -16 -17 -18 18 26 20 -22 -23 -24 29 -26 -27 -28 28 -30 -31
leaf_value=0.010018913508755391 -0.0012201089748767561 -0.0015515788964789931 -0.0045621280155249124 0.010066741257979642 -0.0091220223366351282 0.01006449936624337 -0.00027858391106205615 0.0058331389479928568 -0.017596835021610507 0.0074983808702961084 0.0097960167098274549 -0.02133296011003202 -0.0073893593684251123 -0.010893471029448711 0.010068195799680532 0.0067022189885818182 -0.0059501437954081254 -0.010190364133941879 -0.00086464164748854659 0.0082139245062424066 0.00025738948912822491 -0.0074467108556473061 0.0029099930818094082 -0.010492792984885766 -0.039691054372170485 -0.0040535724208096372 -0.0053345305918053578 -0.025551724070944751 0.010067415802256721 0.01011063588508548
leaf_weight=1208.6183435302228 35.468779448419809 821.63272164203227 210.39527244120836 520.91050581261516 254.58209802210331 503.61861118068919 3453.6033836062998 86.633201986551285 52.834633514285088 321.14031423348933 250.66387205664068 21.83008923381567 41.123836442828178 206.41939759999514 60.117177015170455 207.15722804330289 107.33633096516132 95.817469090223312 530.69649540726095 148.94326628325507 242.57930902019143 109.90495540201664 94.345638647675514 1816.6899942550808 4.733800306916236 10.568456247448919 118.66796302422881 16.185223311185837 175.97060120105743 2.606156349182128
leaf_count=240391 343 7632 2255 79240 1619 79237 45701 625 236 9947 9885 116 176 981 9025 4383 549 416 7386 11102 6521 448 1176 22424 28 54 1843 68 26504 57
internal_value=0 -0.00267464 0.00492528 0.00800679 0.00635387 0.00362221 -0.000195836 0.000460952 -7.67594e-05 0.00038305 0.00522269 -0.00238708 -0.00191088 -0.00342731 -0.000574403 0.00436817 -0.00068734 -0.00101827 -0.00277558 0.00086252 0.00328422 -0.010742 -0.00224881 -0.0102865 -0.0187553 -0.0156964 -0.00168149 0.00925844 0.00706723 -0.0104633
internal_weight=0 7550.35 4181.45 2679.89 1471.27 758.201 5695.58 4382.12 3937.48 3774.74 444.633 1313.47 1276.33 1028.05 1501.56 248.281 193.97 1441.45 745.182 696.263 391.523 162.74 304.741 1854.76 37.1323 32.3985 649.364 713.066 192.156 1819.3
internal_count=570368 103585 466783 427059 186668 80856 80761 67391 56332 55648 11059 13370 13172 8613 39724 4559 1174 30699 9645 21054 17623 684 3431 22824 198 170 9229 105812 26572 22481
is_linear=0
shrinkage=0.01


Tree=249
num_leaves=31
num_cat=0
split_feature=12 0 0 12 0 0 3 16 15 13 4 0 0 0 0 4 3 0 0 0 4 12 8 5 4 4 15 13 0 3
split_gain=1531.13 1411.07 704.342 88.548 115.754 615.477 82.8716 118.696 98.3288 253.493 215.372 70.1212 46.0865 98.2039 62.7304 29.6998 17.8497 19.0049 12.5901 184.681 11.0172 10.0873 8.82231 8.07921 8.00073 7.23232 6.33464 5.45608 4.95624 32.7717
threshold=1.0937088826584003 4201048.0000000009 4201072.0000000009 1.0174949934843371 4200985.0000000009 4200993.0000000009 46.500000000000007 8.3164346342264963 5.3217667867264238 3.4655344199481246 1410.0000000000002 4205705.5000000009 4204808.5000000009 4202198.5000000009 4204355.0000000009 448.50000000000006 166.50000000000003 4200985.0000000009 4200970.0000000009 4200977.5000000009 2960.5000000000005 1.3826895352780137 40.500000000000007 476.50000000000006 2537.5000000000005 20.500000000000004 3.8135929736245573 3.4144747328930962 4200985.0000000009 4858.5000000000009
decision_type=2 2 2 2 2 2 2 2 2 2 2 2 2 2 2 2 2 2 2 2 2 2 2 2 2 2 2 2 2 2
left_child=2 15 3 4 18 -6 20 8 9 -8 -10 12 13 -4 -15 21 17 27 -1 -20 24 -2 -9 -23 26 -25 -3 -17 29 -18
right_child=1 6 11 -5 5 -7 7 22 10 -11 -12 -13 -14 14 -16 16 28 -19 19 -21 -22 23 -24 25 -26 -27 -28 -29 -30 -31
leaf_value=0.010066072729918231 -0.011188094151476374 -0.020512738568024762 -0.002215548009414169 0.010018065896424453 -0.0090812396549328715 0.010063853536013917 -0.0002471471434287498 -0.015351357566434798 -0.0037582982760837216 0.0085685236683035355 0.0082907339024211619 0.01006751292230347 -0.0036049887208732261 0.0072893361975968438 -0.0015115278066648835 -0.00028604362613324436 -0.010858349001857635 -0.011254744439928122 -0.025160273968529569 0.01006674074576047 -0.018084180684997873 -0.015753146992641163 0.010351952624250586 0.012598463653285057 0.0043837743465328857 0.00022514556327212537 -0.0085943495808845551 0.011372157502187655 -0.011115506521202481 -0.0054910825241873866
leaf_weight=515.76144311251119 7.878013238310813 5.3432265371084204 614.07924461364746 1196.6931180674583 253.17520761489868 498.63936429144815 3638.2661675401032 1.351457655429839 1357.8352867681533 358.30053634755313 166.54493837803602 59.523018700070679 463.59184172004461 241.8324660086073 121.76982980594039 10.36028127372265 762.6565048545599 14.911137267947199 16.272220626473427 174.23129124706611 20.454571275040507 2.4346237704157856 112.2332228012383 6.3026629686355617 4.0261935908347359 18.859286867082119 26.96357037872076 6.5538283213973036 875.76933477818966 133.7048789486289
leaf_count=79240 83 23 6798 240391 1619 79237 50501 6 10691 9554 4441 9025 5289 14921 3691 61 10301 152 68 26504 103 20 5154 55 38 185 250 124 10225 1618
internal_value=0 -0.00265485 0.00490669 0.00800214 0.0063476 0.0036167 -0.000193972 -7.28303e-05 -0.000281012 0.000543196 -0.00244189 -0.000568883 -0.00100815 0.000223199 0.00434194 -0.010269 -0.0104472 -0.00302443 0.00925463 0.00705776 -0.0122138 -0.00120771 0.0100461 0.0016414 -0.00890895 0.00332446 -0.0105655 0.00423124 -0.0105805 -0.0100577
internal_weight=0 7530.75 4155.57 2654.77 1458.08 751.815 5691.32 5634.53 5520.95 3996.57 1524.38 1500.8 1441.27 977.682 363.602 1839.43 1803.96 31.8252 706.265 190.504 56.7876 35.4746 113.585 27.5966 36.333 25.1619 32.3068 16.9141 1772.13 896.361
internal_count=570368 103585 466783 427059 186668 80856 80761 80347 75187 60055 15132 39724 30699 25410 18612 22824 22481 337 105812 26572 414 343 5160 260 311 240 273 185 22144 11919
is_linear=0
shrinkage=0.01


Tree=250
num_leaves=31
num_cat=0
split_feature=2 0 0 14 13 15 13 4 2 0 0 0 5 5 14 0 0 3 1 1 1 4 13 3 3 0 0 13 13 1
split_gain=1502.36 1354.78 724.128 89.524 116.106 170.047 241.605 231.085 87.5767 114.784 608.539 84.6774 69.1557 90.1325 68.4096 45.9958 104.812 94.9351 58.9068 181.115 33.3657 29.2696 27.3398 17.5045 18.8054 12.5495 181.423 11.7927 9.97256 9.94766
threshold=3511.5000000000005 4200993.0000000009 4201072.0000000009 1.7795022112803112 1.7754236602093663 3.6922419901710248 2.2688285431649127 52.500000000000007 4855.5000000000009 4200985.0000000009 4200993.0000000009 4205705.5000000009 795.50000000000011 317.50000000000006 1.8343053871512336 4204355.0000000009 4202198.5000000009 4159.5000000000009 932620487749.50012 1048908643423.0001 4374073345192.5005 448.50000000000006 1.3461532835074757 166.50000000000003 46.500000000000007 4200970.0000000009 4200977.5000000009 1.3201124284121852 2.2989862069126414 4205234324575.5005
decision_type=2 2 2 2 2 2 2 2 2 2 2 2 2 2 2 2 2 2 2 2 2 2 2 2 2 2 2 2 2 2
left_child=1 21 8 22 12 7 -7 -6 -2 25 -11 15 13 -5 -14 16 20 -18 -17 -20 -4 28 29 24 -23 -10 -27 -25 -1 -3
right_child=2 3 11 4 5 6 -8 -9 9 10 -12 -13 14 -15 -16 18 17 -19 19 -21 -22 23 -24 27 -26 26 -28 -29 -30 -31
leaf_value=-0.011174875699585791 0.010015553376021859 -0.00015728606407485658 -0.0020175994064089756 -0.0083455750205531764 -0.024789831603012707 -0.014300900438371428 -0.0005461795622870091 0.0037253587490384383 0.010065410938316255 -0.0090406484639050499 0.010063214397204912 0.010075715563704795 0.0019395927225331273 0.0066374195696071317 -0.0072703395499874868 0.0082282376922854401 0.00064021442993856528 0.010223520033855221 -0.085700270978050788 -0.0034243800682377847 -0.033731579448968957 -0.011580736316488023 0.0092905183748490366 0.01013817330754176 0.0039245529130251203 -0.024784454538362356 0.010066072408294822 -0.010549149646213651 0.0016267514140579004 -0.021257080303053465
leaf_weight=7.80880582332611 1177.2247839015909 21.67456873506308 611.81293351948261 61.734396860003471 29.044201225042343 133.2789861112833 3052.5205097021535 1321.8158418182284 510.66293923323974 251.77583096921444 493.709024945274 75.042435399722308 96.669652685523033 114.83360954374075 486.67587243020535 43.749436125159264 279.1814391054213 164.14827465312555 2.6881590113043776 569.26244851015508 3.3354962319135657 14.154109470546247 124.50356616079807 2.7598532810807219 17.484821315854788 16.353359416127205 172.50905960099772 1755.9957736060023 27.56949956715107 2.4912391304969779
leaf_count=83 240033 283 6764 284 127 598 40208 24259 79240 1619 79237 10559 696 758 2299 1637 10330 10753 32 8131 34 144 2880 206 193 68 26504 22139 260 10
internal_value=0 -0.00275154 0.00466668 -0.000252049 -0.000466869 0.00013909 -0.00112161 0.00311227 0.00799084 0.00634134 0.00361118 -0.000316516 -0.00408442 0.00139884 -0.00574411 -0.000782331 0.000481828 0.00418855 -0.00295561 -0.00381108 -0.00218956 -0.0102061 0.00740124 -0.0103841 -0.00301195 0.00925086 0.00704841 -0.0105167 -0.00119886 -0.00233245
internal_weight=0 7271.02 4371.46 5445.24 5296.57 4536.66 3185.8 1350.86 2622.23 1445.01 745.485 1749.22 759.914 176.568 583.346 1674.18 1058.48 443.33 615.7 571.951 615.148 1825.77 148.669 1790.39 31.6389 699.525 188.862 1758.76 35.3783 24.1658
internal_count=570368 95427 474941 72402 69229 65192 40806 24386 426701 186668 80856 48240 4037 1042 2995 37681 27881 21083 9800 8163 6798 23025 3173 22682 337 105812 26572 22345 343 293
is_linear=0
shrinkage=0.01


Tree=251
num_leaves=31
num_cat=0
split_feature=12 0 0 2 0 0 14 14 1 1 1 0 14 1 1 0 1 1 1 13 4 1 2 0 0 1 12 1 12 2
split_gain=1485.36 1385.19 696.11 87.3977 113.823 601.683 81.6598 96.2029 91.7843 168.513 162.667 68.5315 52.4149 46.7369 236.463 246.347 71.3449 33.7747 77.3379 30.7778 29.4694 16.3961 13.5071 12.5078 178.27 11.7605 10.8771 10.0025 9.85896 9.56324
threshold=1.0937088826584003 4201048.0000000009 4201072.0000000009 4855.5000000000009 4200985.0000000009 4200993.0000000009 1.8150298500602577 1.8659516640948917 2334414751297.5005 2424655927106.5005 1564759720309.0002 4205705.5000000009 1.8343053871512336 1181289197948.0002 1514623738577.5002 4204355.0000000009 2417604865630.5005 1002115265613.5001 932620487749.50012 1.3461532835074757 448.50000000000006 2991567595041.5005 1354.5000000000002 4200970.0000000009 4200977.5000000009 177034428585.50003 3.3820560181425772 4205234324575.5005 1.3826895352780137 52.500000000000007
decision_type=2 2 2 2 2 2 2 2 2 2 2 2 2 2 2 2 2 2 2 2 2 2 2 2 2 2 2 2 2 2
left_child=2 20 3 -1 23 27 19 12 10 -10 -9 13 21 17 15 -15 -16 18 -4 -3 28 -8 -21 -5 -25 -14 29 -6 -2 -22
right_child=1 6 11 4 5 -7 7 8 9 -11 -12 -13 25 14 16 -17 -18 -19 -20 22 26 -23 -24 24 -26 -27 -28 -29 -30 -31
leaf_value=0.010016404224053499 -0.011161820322431988 -0.0055283379350141238 0.0024217360232336102 0.010064755633472533 -0.0094143372538901659 0.01006258139430634 -0.0040371722697516476 -0.0015574052459464034 -0.011183918355972797 -0.0007791557381008102 0.0034670073932131775 0.010066166742839311 -0.0060366226715973369 -0.01363967430017647 0.0024125500962232827 -0.075435369332599519 -0.0027121341953681316 0.0092547468915737882 -0.028497912514200224 0.001725861022651603 -0.0095400155611736672 0.0049917323414189604 0.0092066707663829433 -0.024423360915410371 0.010065410550112399 -0.011655343508068542 0.01013750504681791 0.00064703237876646564 0.0016115317393618181 -0.011042917409903725
leaf_weight=1173.2417599828914 7.7401042580604544 19.269665382802486 144.46711282152683 505.61450451891869 240.07905244827271 488.82713851612061 44.140542604029179 1168.9548996193334 166.05593055486679 2485.6497053746134 1435.8298315750435 58.351631336379796 56.584178239107132 41.91525209043175 427.18807809520513 7.624507561326026 746.18234563060105 65.864730623550713 8.5693770274519903 29.524608165025711 700.66654102131724 36.948280649259686 132.24185575917363 16.42880217730999 170.80373913515359 109.03568986058235 2.5704701561480752 10.304967999458311 27.551665589213371 1069.9108323566616
leaf_count=240391 83 141 3918 79240 1568 79237 882 19686 1076 26079 28492 9025 244 738 13756 101 9645 2450 91 255 9416 307 3076 68 26504 523 57 51 260 13008
internal_value=0 -0.00261534 0.00486826 0.00799288 0.00633507 0.00360566 -0.00019011 -0.000407501 -0.000121063 -0.00143073 0.00121219 -0.000558214 -0.00651048 -0.000988194 -0.00174993 -0.0231505 -0.000846394 0.00326729 0.00069037 0.00641824 -0.0102382 7.68657e-05 0.00784132 0.00924713 0.00703918 -0.0097357 -0.0104183 -0.00900024 -0.00118989 -0.0104482
internal_weight=0 7492.67 4105.46 2605.3 1432.06 739.211 5684.24 5503.2 5256.49 2651.71 2604.78 1500.16 246.709 1441.81 1222.91 49.5398 1173.37 218.901 153.036 181.036 1808.44 81.0888 161.766 692.847 187.233 165.62 1773.15 250.384 35.2918 1770.58
internal_count=570368 103585 466783 427059 186668 80856 80761 77289 75333 27155 48178 39724 1956 30699 24240 839 23401 6459 4009 3472 22824 1189 3331 105812 26572 767 22481 1619 343 22424
is_linear=0
shrinkage=0.01


Tree=252
num_leaves=31
num_cat=0
split_feature=2 0 0 1 8 8 2 0 0 2 0 14 8 2 4 3 20 4 5 5 3 13 3 0 1 5 20 0 0 13
split_gain=1456.99 1329.81 715.601 87.3719 133.802 94.3503 86.4314 112.868 594.921 85.6027 82.9923 79.6069 77.7828 44.9439 42.3766 39.0508 33.3754 29.0407 26.4304 24.8905 23.2674 21.908 17.7192 18.6553 16.9413 16.2418 15.1226 12.4649 175.215 11.5295
threshold=3511.5000000000005 4200993.0000000009 4201072.0000000009 4205234304898.5005 1327.5000000000002 2441.5000000000005 4855.5000000000009 4200985.0000000009 4200993.0000000009 3092.5000000000005 4205705.5000000009 3.2946001893412262 2049.5000000000005 4175.5000000000009 874.50000000000011 168.50000000000003 3.9934062673467854 448.50000000000006 172.50000000000003 50.500000000000007 4159.5000000000009 1.7754236602093663 166.50000000000003 4200985.0000000009 4223680113635.0005 301.50000000000006 7.9200565504568727 4200970.0000000009 4200977.5000000009 1.3201124284121852
decision_type=2 2 2 2 2 2 2 2 2 2 2 2 2 2 2 2 2 2 2 2 2 2 2 2 2 2 2 2 2 2
left_child=1 17 6 4 19 12 -2 27 -9 -7 13 21 -6 20 -15 -16 -13 -1 -18 -3 25 -5 23 -19 -23 -4 -21 -8 -29 -24
right_child=2 3 10 11 5 9 7 8 -10 -11 -12 16 -14 14 15 -17 18 22 -20 26 -22 24 29 -25 -26 -27 -28 28 -30 -31
leaf_value=-0.0011809666366549916 0.010013890603742049 -0.0042951609642532217 -0.0079565439303067535 -0.0026782715681933182 0.00096436040311126609 0.00032623581692495951 0.010064107061747332 -0.0089606936982914269 0.010061954971937863 -0.0088587612338397268 0.010074513044333266 -0.016711170627965975 -0.013575609672179689 0.010297351281446262 -0.009986577533587046 -0.0013573087600037964 -0.0076496423781530322 0.0042404797714432861 -0.002784431092968863 -0.013165098053930846 0.010082479646180887 -0.0052902028728874732 0.010135416409553571 -0.011215053286740438 0.0084134542453627604 0.0026392133457373663 0.00956330239477177 -0.024076159152618737 0.010064755660697353 -0.010521252541387329
leaf_weight=35.205907383933663 1154.1028837407939 14.759492978453634 15.683927580714224 37.985744394361973 60.729256605729461 4389.4780738651752 500.61564506264403 248.98167842626572 483.99319837288931 103.86913586780429 73.728303796611726 25.990858942270279 93.343803405761719 30.107427841052413 54.566670686006546 1347.073099354282 209.42597003281116 16.879016639664769 239.19173260778189 2.9752261061221352 40.959006217308342 10.411970889195798 2.7062580250203601 14.534745976328852 67.547906344756484 186.40001127403229 182.30479165073484 16.498705416917801 169.11516334954649 1725.9235724955797
leaf_count=343 240033 80 211 240 1249 57444 79240 1619 79237 753 10559 109 418 1086 765 21526 929 185 1568 91 5381 149 206 152 1136 8712 8236 68 26504 22139
internal_value=0 -0.00271126 0.00462736 -0.000247664 0.00019476 -0.000149929 0.00798158 0.0063289 0.00360022 0.000113914 -0.00030906 -0.00387922 -0.00784455 -0.00076617 -0.00144111 -0.00169325 -0.00569392 -0.0101738 -0.00505563 0.00820274 0.00320984 0.00354902 -0.0103537 -0.0029106 0.00658326 0.00181687 0.00919833 0.00924345 0.00703006 -0.0104889
internal_weight=0 7233.26 4321.83 5438.01 4847.46 4647.42 2573.31 1419.2 732.975 4493.35 1748.52 590.554 154.073 1674.79 1431.75 1401.64 474.609 1795.25 448.618 200.04 243.043 115.946 1760.04 31.4138 77.9599 202.084 185.28 686.23 185.614 1728.63
internal_count=570368 95427 474941 72402 68271 59864 426701 186668 80856 58197 48240 4131 1667 37681 23377 22291 2606 23025 2497 8407 14304 1525 22682 337 1285 8923 8327 105812 26572 22345
is_linear=0
shrinkage=0.01


Tree=253
num_leaves=31
num_cat=0
split_feature=12 0 0 12 0 0 3 16 15 13 4 0 1 1 0 1 1 1 4 3 3 0 0 4 1 15 1 12 1 5
split_gain=1440.53 1359.46 688.253 86.2589 111.926 588.226 80.9066 116.51 94.8327 250.657 210.201 66.9877 45.8123 226.715 220.181 69.75 33.4423 74.1922 29.3356 17.8586 18.4725 12.421 172.255 10.8222 11.4196 12.0446 9.98176 9.75548 8.66587 7.87825
threshold=1.0937088826584003 4201048.0000000009 4201072.0000000009 1.0174949934843371 4200985.0000000009 4200993.0000000009 46.500000000000007 8.3164346342264963 5.3217667867264238 3.4655344199481246 1410.0000000000002 4205705.5000000009 1181289197948.0002 1514623738577.5002 4204355.0000000009 2417604865630.5005 1002115265613.5001 932620487749.50012 448.50000000000006 166.50000000000003 46.500000000000007 4200970.0000000009 4200977.5000000009 2960.5000000000005 4305764224321.0005 3.8135929736245573 4205234324575.5005 1.3826895352780137 4321636781420.5005 476.50000000000006
decision_type=2 2 2 2 2 2 2 2 2 2 2 2 2 2 2 2 2 2 2 2 2 2 2 2 2 2 2 2 2 2
left_child=2 18 3 4 21 26 23 8 9 -8 -10 12 16 14 -14 -15 17 -4 27 20 -20 -1 -23 24 25 -3 -6 -2 -9 -29
right_child=1 6 11 -5 5 -7 7 28 10 -11 -12 -13 13 15 -16 -17 -18 -19 19 -21 -22 22 -24 -25 -26 -27 -28 29 -30 -31
leaf_value=0.010063465304575818 -0.011147568230025164 -0.0088288869017767307 0.0024103313849196525 0.010014773646282374 -0.0093382568985583246 0.010061334691801784 -0.00024533253339756219 0.010348517679537728 -0.0036887935695208958 0.0085511529450543345 0.0082657758775501883 0.0100648480988844 -0.013339054985660667 0.0023981005184693905 -0.070227083098719265 -0.0026699314964499067 0.0092395336332003163 -0.027541560594328642 -0.01154456770698805 -0.01052501318183521 0.0039386467605458083 -0.023742079220401481 0.010064107181972792 -0.01789496705445584 -0.012832492525812313 0.011470649583376792 0.00073268912607991118 -0.015494784430689109 -0.015223825601938239 0.0032797562478826137
leaf_weight=495.66589121986181 7.664717808365821 7.5566194877028448 144.27838143706322 1150.2893786784261 237.33792474865913 479.20678503392264 3630.8277282193303 110.42442393116653 1358.0481366161257 355.67037750594318 164.9492972549051 57.203136803582311 42.398762063588947 426.45560636511073 8.1039920374751073 747.65326513163745 65.33656164444983 8.7729466408491117 13.796150982379915 1711.8333686366677 17.454149035736918 16.563223347067833 167.44317143736407 20.448981838300824 23.845859631896019 4.7667756918817759 10.267376616597174 2.4536155089736011 1.3412650078535069 25.093329524621367
leaf_count=79240 83 48 3918 240391 1568 79237 50501 5154 10691 9554 4441 9025 738 13756 101 9645 2450 91 144 22144 193 68 26504 103 121 142 51 20 6 240
internal_value=0 -0.00257584 0.00482871 0.00798373 0.00632264 0.00359468 -0.000186189 -6.63879e-05 -0.000271439 0.000539479 -0.00239405 -0.00054834 -0.000969066 -0.00172151 -0.0224677 -0.000829139 0.00325026 0.00069348 -0.0102057 -0.0103883 -0.00289677 0.0092398 0.00702106 -0.0120805 -0.00879311 -0.000976884 -0.00892065 -0.00116897 0.0100416 0.0016075
internal_weight=0 7456.17 4056.98 2556.77 1406.48 726.812 5677.88 5621.26 5509.5 3986.5 1523 1500.2 1443 1224.61 50.5028 1174.11 218.388 153.051 1778.3 1743.08 31.2503 679.672 184.006 56.6182 36.1693 12.3234 247.605 35.2117 111.766 27.5469
internal_count=570368 103585 466783 427059 186668 80856 80761 80347 75187 60055 15132 39724 30699 24240 839 23401 6459 4009 22824 22481 337 105812 26572 414 311 190 1619 343 5160 260
is_linear=0
shrinkage=0.01


Tree=254
num_leaves=31
num_cat=0
split_feature=12 0 0 2 0 0 14 8 8 8 15 0 0 0 0 5 12 5 2 12 5 0 0 14 15 6 12 2 14 0
split_gain=1418.74 1346.85 684.188 85.6893 110.99 581.622 80.6681 80.0757 109.93 97.5845 70.4352 66.2208 43.4837 93.5086 60.8089 40.3555 29.6394 23.8107 14.0905 31.8438 16.0483 12.376 169.383 8.33183 6.43923 17.544 5.67944 5.26904 2.49627 2.12422
threshold=1.0937088826584003 4201048.0000000009 4201072.0000000009 4855.5000000000009 4200985.0000000009 4200993.0000000009 1.7795022112803112 1837.0000000000002 2441.5000000000005 40.500000000000007 1.9367270844784239 4205705.5000000009 4204808.5000000009 4202198.5000000009 4204355.0000000009 1026.5000000000002 1.1159798465572681 50.500000000000007 52.500000000000007 2.0806425463689515 3769.0000000000005 4200970.0000000009 4200977.5000000009 4.930782473735122 4.3891709197946822 574.50000000000011 2.8955339528532105 3092.5000000000005 1.7196007322969276 4204870.0000000009
decision_type=2 2 2 2 2 2 2 2 2 2 2 2 2 2 2 2 2 2 2 2 2 2 2 2 2 2 2 2 2 2
left_child=2 18 3 -1 21 -6 16 9 15 -8 -10 12 13 -4 -15 -9 -3 -11 19 -2 23 -5 -23 -21 -20 -26 -22 28 -18 -14
right_child=1 6 11 4 5 -7 7 8 10 17 -12 -13 29 14 -16 -17 27 -19 24 20 26 22 -24 -25 25 -27 -28 -29 -30 -31
leaf_value=0.010013934480869884 -0.0040454125071097422 -0.0086957828253292051 -0.0021225284172679856 0.010062829781060384 -0.0088814539209434856 0.010060720544160176 -0.010757085071399287 -0.014054910724797179 -0.0049213862190753029 -0.0050714999757437672 -7.6150272783331223e-05 0.010064198786728026 -0.0031387508784249179 0.007236585821068937 -0.0014366981096834962 -0.0045404047595468859 0.010136975157248325 0.0074592805322156799 -0.011022735658533256 0.0094033552159562255 -0.01046277452481292 -0.023420401146648714 0.010063464866490106 -0.019081457550458019 -0.011342036183004811 0.010536936150560266 -0.0068751576687902851 0.0023816500302387537 0.0069272605278973935 -0.0048325015385469851
leaf_weight=1138.9387731933966 106.06370791047812 10.758304074406622 617.86653536558151 490.76477122679353 246.21832695603371 474.46740322792903 36.357746571302414 71.743743002414703 320.39703321829438 16.137343034148216 4719.0090793957934 56.6375926239416 373.02075690403581 237.75832565501332 122.47543305531144 117.73607566580176 84.746508456766605 251.42403032071888 1039.5135538578033 6.1592819932848206 544.54722517728806 16.622507318854332 165.78760848194361 1.2323149088770149 12.528138384222986 5.1805496104061595 48.016797104850411 12.452462363988159 33.931997884064913 92.384353831410408
leaf_count=240391 1365 62 6798 79240 1619 79237 175 316 1726 86 64410 9025 4234 14921 3691 723 1975 10304 12920 111 7520 68 26504 22 176 121 589 153 831 1055
internal_value=0 -0.00255641 0.00480925 0.00797913 0.00631647 0.00358923 -0.000184387 -0.00037532 -0.000665356 0.00461471 -0.000384202 -0.000542679 -0.000958852 0.000238379 0.00428777 -0.00814293 0.00726083 0.00670352 -0.0101904 -0.00909644 -0.0099894 0.00923619 0.00701218 0.00465441 -0.0109209 -0.0049415 -0.0101721 0.00856995 0.00921927 -0.00347497
internal_weight=0 7437.94 4032.94 2532.8 1393.86 720.686 5674.69 5532.81 5228.89 303.919 5039.41 1500.14 1443.51 978.1 360.234 189.48 141.889 267.561 1763.24 706.019 599.956 673.175 182.41 7.3916 1057.22 17.7087 592.564 131.131 118.679 465.405
internal_count=570368 103585 466783 427059 186668 80856 80761 77740 67175 10565 66136 39724 30699 25410 18612 1039 3021 10390 22824 9607 8242 105812 26572 133 13217 297 8109 2959 2806 5289
is_linear=0
shrinkage=0.01


Tree=255
num_leaves=31
num_cat=0
split_feature=12 0 0 2 0 0 14 14 1 1 1 0 14 1 1 0 1 1 1 13 4 1 2 0 0 1 12 13 13 6
split_gain=1397.24 1334.08 680.101 85.1271 110.068 575.082 79.7437 93.4678 87.9631 164.604 159.24 65.4664 51.5797 44.8699 217.555 197.701 67.9798 33.0462 71.1329 29.8225 29.383 16.1591 13.2912 12.33 166.596 11.67 10.6879 10.2434 16.6203 12.2614
threshold=1.0937088826584003 4201048.0000000009 4201072.0000000009 4855.5000000000009 4200985.0000000009 4200993.0000000009 1.8150298500602577 1.8659516640948917 2334414751297.5005 2424655927106.5005 1564759720309.0002 4205705.5000000009 1.8343053871512336 1181289197948.0002 1514623738577.5002 4204355.0000000009 2417604865630.5005 1002115265613.5001 932620487749.50012 1.3461532835074757 448.50000000000006 2991567595041.5005 1354.5000000000002 4200970.0000000009 4200977.5000000009 177034428585.50003 3.3820560181425772 3.7915626115324721 2.6662065669018999 4873.0000000000009
decision_type=2 2 2 2 2 2 2 2 2 2 2 2 2 2 2 2 2 2 2 2 2 2 2 2 2 2 2 2 2 2
left_child=2 20 3 -1 23 -6 19 12 10 -10 -9 13 21 17 15 -15 -16 18 -4 -3 27 -8 -21 -5 -25 -14 -22 28 29 -2
right_child=1 6 11 4 5 -7 7 8 9 -11 -12 -13 25 14 16 -17 -18 -19 -20 22 26 -23 -24 24 -26 -27 -28 -29 -30 -31
leaf_value=0.010013095786270843 0.01057513775818098 -0.0053118243873618784 0.0024021361178575827 0.010062200575414662 -0.0088417493543476895 0.010060112563856456 -0.0039726133618532876 -0.0015455559616917619 -0.011062652573389143 -0.00075370011128454337 0.003431562983205615 0.010063556061407984 -0.0059448712332804731 -0.013051576660179309 0.0023811768729208459 -0.065646073450844791 -0.0026239672058187397 0.0092233448164552815 -0.02660340231512949 0.0017534516722165856 -0.01038908206706427 0.0049902807298655687 0.0091785708676317811 -0.023110461634363047 0.010062829772318508 -0.011552348817290036 0.010135039174491248 -0.023793679325057999 0.01044828313977895 -0.008276084696787353
leaf_weight=1127.7000384670682 4.2574436329305199 19.445978298783302 144.13268286548555 485.911803600844 244.85758230090141 469.77462503407151 44.191477749496698 1168.1945338798687 165.18517996650189 2483.9784171637148 1429.3922330979258 56.077601402066648 56.423650905489922 42.867851176764816 425.54337488580495 8.5770596414804441 748.95184962172061 64.728355252649635 8.9817798286676389 29.585011966526508 1711.0406458098441 36.920510329306126 130.21797987818718 16.676703065633774 164.14830635348335 108.44706904888153 2.5410169009119263 1.8831374384462822 10.68609721586108 18.19995278865099
leaf_count=240391 84 141 3918 79240 1619 79237 882 19686 1076 26079 28492 9025 244 738 13756 101 9645 2450 91 255 22424 307 3076 68 26504 523 57 20 110 129
internal_value=0 -0.00253685 0.00478998 0.00797448 0.00631022 0.00358368 -0.000182614 -0.000396812 -0.000114361 -0.0013965 0.00119324 -0.000537278 -0.00642143 -0.000949022 -0.00169215 -0.0218203 -0.000810502 0.00323303 0.000700655 0.00638105 -0.0101733 0.000107112 0.00780393 0.00923263 0.0070034 -0.0096333 -0.0103586 -0.00110649 0.000182542 -0.00470229
internal_weight=0 7420.59 4008.93 2509.07 1381.37 714.632 5671.98 5492.73 5246.75 2649.16 2597.59 1499.86 245.983 1443.78 1225.94 51.4449 1174.5 217.843 153.114 179.249 1748.61 81.112 159.803 666.737 180.825 164.871 1713.58 35.0266 33.1435 22.4574
internal_count=570368 103585 466783 427059 186668 80856 80761 77289 75333 27155 48178 39724 1956 30699 24240 839 23401 6459 4009 3472 22824 1189 3331 105812 26572 767 22481 343 323 213
is_linear=0
shrinkage=0.01


Tree=256
num_leaves=31
num_cat=0
split_feature=12 0 0 2 0 0 3 16 6 6 13 0 1 1 0 1 1 1 3 12 0 0 1 2 3 1 1 1 6 16
split_gain=1376.08 1321.47 676.06 84.5683 109.155 568.619 79.0652 114.401 91.0656 140.359 112.132 64.7189 44.0171 209.127 179.181 66.6024 32.7686 68.4494 20.0443 24.0867 12.2831 163.889 11.5335 11.3069 55.7801 11.8008 10.0293 8.49621 6.6394 15.9823
threshold=1.0937088826584003 4201048.0000000009 4201072.0000000009 4855.5000000000009 4200985.0000000009 4200993.0000000009 46.500000000000007 8.3164346342264963 2532.5000000000005 2090.5000000000005 3.4655344199481246 4205705.5000000009 1181289197948.0002 1514623738577.5002 4204355.0000000009 2417604865630.5005 1002115265613.5001 932620487749.50012 166.50000000000003 1.3826895352780137 4200970.0000000009 4200977.5000000009 4305764224321.0005 52.500000000000007 3052.5000000000005 1070490879684.5001 4205234324575.5005 4321636781420.5005 4146.0000000000009 3.899554472411932
decision_type=2 2 2 2 2 2 2 2 2 2 2 2 2 2 2 2 2 2 2 2 2 2 2 2 2 2 2 2 2 2
left_child=2 18 3 -1 20 26 28 8 9 -8 -10 12 16 14 -14 -15 17 -4 19 -2 -5 -22 -21 24 -20 -26 -6 -9 -3 -30
right_child=1 6 11 4 5 -7 7 27 10 -11 -12 -13 13 15 -16 -17 -18 -19 23 22 21 -23 -24 -25 25 -27 -28 -29 29 -31
leaf_value=0.01001225953519921 -0.011146769615369636 -0.014123182223927054 0.0023831001502656775 0.010061578228345879 -0.0092263449306145794 0.010059511140239863 -0.0011963014866032439 0.010344201808529154 -5.4596780150744079e-05 -0.010648894475052165 0.005039836861484283 0.010062919749376113 -0.012788561810769157 0.0023623395732848703 -0.061779662684855269 -0.0025938109985700194 0.009206595164778307 -0.025797200172002054 -0.010793065821831257 0.0054981747376413427 -0.022811641328619261 0.010062200496315676 -0.022229508358927737 -0.011001429839898965 -0.010882117675041972 -0.0025221365512570247 0.00090879618552570061 -0.015087159564642572 -0.013515916247802942 0.0077946849323829604
leaf_weight=1116.5720675284974 21.531252175569534 40.409530721604824 143.8326672129333 481.10652544861659 233.31451538205147 465.12795642949641 1625.9637628588825 108.63636235520244 3202.9006090499461 173.88521455973387 499.42062762193382 55.523112514056265 43.309741151053458 424.65177622949705 9.0203647911548597 750.07701912149787 64.200304172001779 9.1688868999481183 538.30443406105042 21.456803310662512 16.725953653454781 162.52511391974986 1.6129157915711392 1011.4886714369059 19.651809245347977 119.93191237002611 10.190095603466032 1.3297489285469044 10.692009560763834 5.2458952609449616
leaf_count=240391 235 189 3918 79240 1568 79237 17023 5154 46819 764 10581 9025 738 13756 101 9645 2450 91 7716 282 68 26504 9 12857 264 1461 51 6 77 148
internal_value=0 -0.00251772 0.00477047 0.00796982 0.00630398 0.00357813 -0.000180884 -6.25436e-05 -0.000264386 -0.00210953 0.000632611 -0.000531746 -0.000939047 -0.00167354 -0.0212334 -0.000802216 0.00321039 0.000694346 -0.010157 -0.00353994 0.0092291 0.00699474 0.0035596 -0.0103317 -0.00933236 -0.00369913 -0.00880221 0.0100367 -0.0119674 -0.00650162
internal_weight=0 7402.46 3985.35 2485.56 1368.99 708.633 5668.48 5612.14 5502.17 1799.85 3702.32 1499.78 1444.26 1227.06 52.3301 1174.73 217.202 153.002 1733.98 44.601 660.358 179.251 23.0697 1689.38 677.888 139.584 243.505 109.966 56.3474 15.9379
internal_count=570368 103585 466783 427059 186668 80856 80761 80347 75187 17787 57400 39724 30699 24240 839 23401 6459 4009 22824 526 105812 26572 291 22298 9441 1725 1619 5160 414 225
is_linear=0
shrinkage=0.01


Tree=257
num_leaves=31
num_cat=0
split_feature=12 12 5 5 2 3 4 4 12 15 13 5 12 2 2 3 4 13 3 3 6 2 1 1 1 1 1 1 1 1
split_gain=1355.14 390.687 218.249 264.385 159.27 151.325 102.227 117.128 101.735 135.285 195.765 83.2866 123.323 258.402 129.464 65.6365 64.3428 58.3595 46.9331 46.5534 37.3271 39.4676 35.9087 35.6622 27.5994 60.5047 82.8409 60.9508 222.261 36.4743
threshold=1.0937088826584003 1.0174949934843371 795.50000000000011 312.50000000000006 84.500000000000014 328.50000000000006 1975.5000000000002 2537.5000000000005 1.2307841500362786 3.663363957765823 2.2688285431649127 1125.5000000000002 1.8855877148658888 316.50000000000006 316.50000000000006 3103.5000000000005 156.50000000000003 1.3461532835074757 295.50000000000006 279.50000000000006 58.000000000000007 158.50000000000003 1900371961397.0002 4374073345192.5005 1181289197948.0002 1564759720309.0002 1478970866856.5002 1738908559458.0002 1746051701064.0002 1494781006281.0002
decision_type=2 2 2 2 2 2 2 2 2 2 2 2 2 2 2 2 2 2 2 2 2 2 2 2 2 2 2 2 2 2
left_child=1 24 3 8 5 6 22 -8 19 18 -11 16 13 -13 -14 -7 -6 -3 -10 -2 21 -5 -4 -19 -1 26 -26 -27 -29 -28
right_child=2 17 4 20 11 15 7 -9 9 10 -12 12 14 -15 -16 -17 -18 23 -20 -21 -22 -23 -24 -25 25 27 29 28 -30 -31
leaf_value=0.0048542921124888365 -0.029100075481829673 0.010014202207753944 0.0079958836893020743 0.0044209427293362769 0.008154614379215339 -0.010786455978561904 -0.010573424858919997 2.6555825907870624e-05 -0.028597792435601069 -0.009347508264201207 -0.00058121456989039489 -0.018890785499079875 0.0038994191103190567 -0.0026650691088102524 -0.0041594434753857877 -0.003493684785074298 -0.0095194047922890525 0.0030266467776883716 0.0080080956956460128 -0.008892309535217021 0.0087265770898598168 -0.012600471589603968 -0.0061349068595246805 -0.022165800612959207 0.0019895877330014969 0.0092088649248761763 -0.023287713391018979 -0.038701686666379208 0.0025235875238521278 -0.0072951085224686628
leaf_weight=470.8414112101309 13.229573011398314 1146.8009240915999 100.08050135336816 96.084724344313145 22.5159702450037 661.13560895994306 196.34946500509977 222.2257482893765 3.5752442032098761 299.33765880018473 1709.9348265035078 102.99256017431617 558.82382609136403 2087.2590758362785 309.88695617392659 151.73732320964336 241.83766995370388 71.246597164310515 172.12598203122616 82.446367770433426 316.27674619853497 15.872576415538786 21.92237970046699 6.100225467234849 120.68317261105403 134.33693411760032 19.219230834394693 13.167314660735427 1924.2803520141169 55.278074309229851
leaf_count=44208 59 245840 3157 717 586 9730 969 2854 19 2778 19231 1156 14571 28979 4607 1834 1034 4301 2598 442 7794 117 353 111 11765 10949 822 426 145417 2944
internal_value=0 0.00475098 -0.00249831 -0.000239607 -0.0038066 -0.00669834 -0.00259804 -0.00494579 -0.00159335 -0.00115138 -0.0018872 -0.00262891 -0.00216353 -0.00342805 0.00102466 -0.00942513 -0.00801404 0.00944716 0.00726322 -0.0116865 0.00697001 0.00200776 0.00545676 0.00103976 0.0026512 0.00219362 -0.00312901 0.00269506 0.00224341 -0.011421
internal_weight=0 3961.95 7385.65 2708.88 4676.77 1353.45 540.578 418.575 2280.65 2184.97 2009.27 3323.32 3058.96 2190.25 868.711 812.873 264.354 1224.15 175.701 95.6759 428.234 111.957 122.003 77.3468 2737.81 2266.97 195.18 2071.78 1937.45 74.4973
internal_count=570368 466783 103585 33755 69830 18897 7333 3823 25127 24626 22009 50933 49313 30135 19178 11564 1620 250252 2617 501 8628 834 3510 4412 216531 172323 15531 156792 145843 3766
is_linear=0
shrinkage=0.01


Tree=258
num_leaves=31
num_cat=0
split_feature=12 0 0 2 0 0 14 14 18 12 19 0 14 1 1 0 1 1 1 4 12 3 3 1 0 0 1 2 1 12
split_gain=1332.5 1304.94 671.416 84.1581 108.865 563.094 78.721 91.4384 86.9598 211.28 101.953 64.0762 50.9268 42.7993 198.619 157.126 65.3959 32.6339 66.1638 29.2123 25.3869 18.174 18.1241 15.8225 12.2633 161.194 11.5715 11.1286 9.92016 9.47461
threshold=1.0937088826584003 4201048.0000000009 4201072.0000000009 4855.5000000000009 4200985.0000000009 4200993.0000000009 1.8150298500602577 1.8659516640948917 3.8997462997137076 1.8855877148658888 3.9889710657870459 4205705.5000000009 1.8343053871512336 1181289197948.0002 1514623738577.5002 4204355.0000000009 2417604865630.5005 1002115265613.5001 932620487749.50012 448.50000000000006 1.1159798465572681 166.50000000000003 46.500000000000007 2991567595041.5005 4200970.0000000009 4200977.5000000009 177034428585.50003 1354.5000000000002 4205234324575.5005 1.3826895352780137
decision_type=2 2 2 2 2 2 2 2 2 2 2 2 2 2 2 2 2 2 2 2 2 2 2 2 2 2 2 2 2 2
left_child=2 19 3 -1 24 28 20 12 9 -9 -10 13 23 17 15 -15 -16 18 -4 29 -3 22 -21 -8 -5 -26 -14 -22 -6 -2
right_child=1 6 11 4 5 -7 7 8 10 -11 -12 -13 26 14 16 -17 -18 -19 -20 21 27 -23 -24 -25 25 -27 -28 -29 -30 -31
leaf_value=0.010010589722097141 -0.011097885447525012 -0.0084678394630283219 0.0023252959389615867 0.010060798817601822 -0.0092001681084614203 0.01005875858197623 -0.0038941739462656859 -9.58867747361859e-05 -0.0057526319070615893 0.0090054911494590849 -0.00034087162588765423 0.010062074745425434 -0.0058718264566852149 -0.012501994430846075 0.0023250346516872212 -0.057146717150442186 -0.0025925498934506121 0.0091808728237003766 -0.025176661942753309 -0.011487222303332177 0.001762000287987242 -0.010463378786367888 0.0040099065193017879 0.0049703139076008804 -0.022523374684172693 0.010061413973369798 -0.011464383410102679 0.0085182408725604005 0.00087310469245845991 0.001657267690251023
leaf_weight=1094.6410642550327 7.3986897096037856 10.83463132381439 142.92770406696945 474.96579794259742 232.36670905351639 459.19254890130833 44.321056574583054 1113.005977621302 387.68510903790593 330.88802677579224 3410.6000981135294 54.786570735741407 56.293914616107941 43.798488410189748 422.87408605311066 9.6136235296726209 750.12256681080908 63.396341419313103 9.3179862275719625 13.312794841825964 29.603761605918407 1644.5678582563996 17.423561487346888 36.900207901373506 16.768213197588921 160.45245479699224 107.93231649696827 138.15605335682631 10.205756083130835 27.354773439466953
leaf_count=240391 83 62 3918 79240 1568 79237 882 16488 2564 11829 44452 9025 244 738 13756 101 9645 2450 91 144 255 22144 193 307 68 26504 523 3155 51 260
internal_value=0 -0.00247647 0.00472339 0.00794875 0.00628179 0.0035482 -0.000165816 -0.000378454 -9.91381e-05 0.00198982 -0.000893242 -0.000552789 -0.00634398 -0.00095607 -0.00167847 -0.0205376 -0.000819724 0.00315239 0.000642077 -0.0101327 0.00636785 -0.010321 -0.00270234 0.000133114 0.00922319 0.00697832 -0.00954735 0.007326 -0.00877636 -0.00105819
internal_weight=0 7376.28 3945.43 2448.59 1353.95 701.765 5666.22 5487.63 5242.18 1443.89 3798.29 1496.84 245.447 1442.05 1226.41 53.4121 1173 215.642 152.246 1710.06 178.594 1675.3 30.7364 81.2213 652.186 177.221 164.226 167.76 242.572 34.7535
internal_count=570368 103585 466783 427059 186668 80856 80761 77289 75333 28317 47016 39724 1956 30699 24240 839 23401 6459 4009 22824 3472 22481 337 1189 105812 26572 767 3410 1619 343
is_linear=0
shrinkage=0.01


Tree=259
num_leaves=31
num_cat=0
split_feature=12 0 0 2 0 0 3 16 15 13 4 0 1 1 0 1 1 1 4 3 3 0 0 4 2 13 13 6 1 1
split_gain=1312.24 1292.78 667.377 83.5998 107.96 556.78 77.6427 112.735 92.1466 244.099 204.472 63.3438 41.9842 191.209 143.995 64.069 32.3555 63.7458 29.1007 18.0879 17.9114 12.2143 158.637 10.4504 13.4256 9.86318 16.2773 11.8376 9.82886 8.39434
threshold=1.0937088826584003 4201048.0000000009 4201072.0000000009 4855.5000000000009 4200985.0000000009 4200993.0000000009 46.500000000000007 8.3164346342264963 5.3217667867264238 3.4655344199481246 1410.0000000000002 4205705.5000000009 1181289197948.0002 1514623738577.5002 4204355.0000000009 2417604865630.5005 1002115265613.5001 932620487749.50012 448.50000000000006 166.50000000000003 46.500000000000007 4200970.0000000009 4200977.5000000009 2960.5000000000005 51.500000000000007 3.7915626115324721 2.6662065669018999 4873.0000000000009 4205234324575.5005 4321636781420.5005
decision_type=2 2 2 2 2 2 2 2 2 2 2 2 2 2 2 2 2 2 2 2 2 2 2 2 2 2 2 2 2 2
left_child=2 18 3 -1 21 28 23 8 9 -8 -10 12 16 14 -14 -15 17 -4 25 20 -20 -5 -23 24 -3 26 27 -2 -6 -9
right_child=1 6 11 4 5 -7 7 29 10 -11 -12 -13 13 15 -16 -17 -18 -19 19 -21 -22 22 -24 -25 -26 -27 -28 -29 -30 -31
leaf_value=0.010009756395688588 0.010560887413862012 -0.011233357044179149 0.0023067203481278741 0.010060190318415034 -0.009162149006624952 0.010058170550621737 -0.0002165497068292353 0.010339456655824038 -0.00361184650340024 0.0085191536570726079 0.0082376493983899231 0.010061453339352966 -0.012256172987770202 0.0023065305296168328 -0.054226846195215915 -0.0025628027256633756 0.009164039926342871 -0.024446732940482687 -0.011473579377064388 -0.01044995871975748 0.0039768063712947686 -0.022245194771069076 0.010060799499105454 -0.017566842830543203 0.0056722260873192602 -0.023139116538359924 0.010426583882979021 -0.0081539372180333986 0.00086403469927968295 -0.015007034646945848
leaf_weight=1083.8389829075895 4.1614239588379887 30.169519865885377 142.63933640811592 470.26811646996066 231.00447145104408 454.64995950227603 3627.1537165353075 107.51015149056911 1357.2789057735354 350.80400603078306 163.12686819210649 54.244767868425697 44.227994474116713 422.00831152964383 10.02778811752796 751.23547494970262 62.880252160597593 9.4993086531758291 13.195923998951914 1630.2846399918199 17.393050588667393 16.807919129729271 158.86558245681226 20.435043388977647 5.5638895351439706 1.9101077876985062 10.604106925427912 17.994510561227798 10.209735229611395 1.3227006494998921
leaf_count=240391 84 227 3918 79240 1568 79237 50501 5154 10691 9554 4441 9025 738 13756 101 9645 2450 91 144 22144 193 68 26504 103 84 20 110 129 51 6
internal_value=0 -0.00245757 0.00470393 0.00794413 0.00627563 0.00354275 -0.000164211 -4.70218e-05 -0.000246511 0.000553825 -0.00234049 -0.000547123 -0.000946051 -0.00166007 -0.0200134 -0.000811335 0.00313014 0.000636275 -0.0101177 -0.010307 -0.00268841 0.00921973 0.00696986 -0.011863 -0.00860106 -0.00105022 0.000237693 -0.00463884 -0.00873778 0.0100314
internal_weight=0 7358.91 3922.41 2425.64 1341.81 695.864 5663.36 5607.2 5498.36 3977.96 1520.41 1496.76 1442.52 1227.5 54.2558 1173.24 215.019 152.139 1695.54 1660.87 30.589 645.942 175.674 56.1685 35.7334 34.6701 32.76 22.1559 241.214 108.833
internal_count=570368 103585 466783 427059 186668 80856 80761 80347 75187 60055 15132 39724 30699 24240 839 23401 6459 4009 22824 22481 337 105812 26572 414 311 343 323 213 1619 5160
is_linear=0
shrinkage=0.01


Tree=260
num_leaves=31
num_cat=0
split_feature=12 0 0 2 0 0 3 16 15 0 4 0 0 0 1 1 3 1 4 3 12 0 0 4 2 1 12 1 1 2
split_gain=1292.29 1280.75 663.355 83.0449 107.064 550.54 76.2246 111.541 90.3056 242.489 201.062 62.6207 41.4044 146.801 57.2862 161.851 45.8551 34.6335 28.9417 18.0027 17.7392 12.1645 156.149 10.1927 13.1892 9.73843 9.2943 8.30047 7.02991 6.77503
threshold=1.0937088826584003 4201048.0000000009 4201072.0000000009 4855.5000000000009 4200985.0000000009 4200993.0000000009 46.500000000000007 8.3164346342264963 5.3217667867264238 4205705.5000000009 1410.0000000000002 4205705.5000000009 4204355.0000000009 4202198.5000000009 932620487749.50012 1581613327004.0002 4159.5000000000009 3155490927897.0005 448.50000000000006 166.50000000000003 2.8416269947219686 4200970.0000000009 4200977.5000000009 2960.5000000000005 51.500000000000007 4205234324575.5005 1.3826895352780137 4321636781420.5005 556197117522.00012 52.500000000000007
decision_type=2 2 2 2 2 2 2 2 2 2 2 2 2 2 2 2 2 2 2 2 2 2 2 2 2 2 2 2 2 2
left_child=2 18 3 -1 21 25 23 8 9 -8 -10 12 13 17 28 -16 -15 -4 26 20 -20 -5 -23 24 -3 -6 -2 -9 -14 -21
right_child=1 6 11 4 5 -7 7 27 10 -11 -12 -13 14 16 15 -17 -18 -19 19 29 -22 22 -24 -25 -26 -27 -28 -29 -30 -31
leaf_value=0.010008925393076162 -0.011076952173119917 -0.011147614959342054 -0.0037033382370346177 0.010059587802825605 -0.0091242916490021746 0.01005758807004687 -0.00015325085422731926 0.010336157876896014 -0.0035719235284646556 0.009238539896913759 0.0082173238639594512 0.010060838426016922 0.0003727783850405204 0.00074020538366503634 -0.023400040662881372 -0.0023331356937875665 0.010221880711938899 0.0013681527528557184 -0.00986697477597041 -0.0096334651410286149 0.0054271320932349834 -0.021976516793713229 0.010060190774008236 -0.017395004258061359 0.0056310488692536869 0.00085506350890580246 0.0016385497816501784 -0.014933067970541478 0.010282002152152546 -0.010958577768038808
leaf_weight=1073.1432859948836 7.2850714102387419 30.097913958132267 421.48028388619423 465.61661425046623 229.6500997543335 450.15204156097025 3678.6128625795245 106.47420836798847 1358.7172859143466 297.11719852965325 161.90120844449848 53.708290464710444 9.094880221411584 74.857809316366911 39.296792339533567 506.6524695456028 160.07539339875802 197.87256991863251 16.126229040324692 636.59774544090033 14.316531362012027 16.843092113733292 157.29431007010862 20.430565055459738 5.54860696196556 10.213672578334807 27.252886755391955 1.3159933388233174 33.639962563291192 979.51962348073721
leaf_count=240391 83 227 4339 79240 1568 79237 50156 5154 10691 9899 4441 9025 366 4168 749 6598 10753 2459 163 9295 174 68 26504 103 84 51 260 6 1267 12849
internal_value=0 -0.00243889 0.00468446 0.00793951 0.00626947 0.00353729 -0.000162616 -4.65332e-05 -0.0002441 0.000548623 -0.00231671 -0.000541526 -0.000936153 0.000470004 -0.00297674 -0.00384951 0.00720069 -0.00208308 -0.0101031 -0.0102931 -0.00267451 0.00921631 0.0069615 -0.0117635 -0.00853591 -0.00869936 -0.00104352 0.0100276 0.00817311 -0.0104366
internal_weight=0 7341.31 3899.59 2402.91 1329.77 690.016 5660.22 5604.14 5496.35 3975.73 1520.62 1496.68 1442.97 854.286 588.684 545.949 234.933 619.353 1681.1 1646.56 30.4428 639.754 174.137 56.0771 35.6465 239.864 34.538 107.79 42.7348 1616.12
internal_count=570368 103585 466783 427059 186668 80856 80761 80347 75187 60055 15132 39724 30699 21719 8980 7347 14921 6798 22824 22481 337 105812 26572 414 311 1619 343 5160 1633 22144
is_linear=0
shrinkage=0.01


Tree=261
num_leaves=31
num_cat=0
split_feature=12 0 0 2 0 0 14 14 17 14 17 0 14 1 1 0 1 1 1 13 4 3 3 1 2 0 0 1 1 13
split_gain=1272.63 1268.79 659.334 82.4932 106.177 544.373 77.5745 89.7925 85.3746 210.494 99.9947 61.9071 50.1951 41.2826 182.155 127.297 62.919 32.2974 60.5003 29.2157 28.8322 17.8983 17.565 15.5054 13.1817 12.1138 153.727 11.4606 9.64884 9.5755
threshold=1.0937088826584003 4201048.0000000009 4201072.0000000009 4855.5000000000009 4200985.0000000009 4200993.0000000009 1.8150298500602577 1.8659516640948917 3.8034897267170433 2.3795204768346951 3.9564883558720996 4205705.5000000009 1.8343053871512336 1181289197948.0002 1514623738577.5002 4204355.0000000009 2417604865630.5005 1002115265613.5001 932620487749.50012 1.3461532835074757 448.50000000000006 166.50000000000003 46.500000000000007 2991567595041.5005 1354.5000000000002 4200970.0000000009 4200977.5000000009 177034428585.50003 4205234324575.5005 3.7915626115324721
decision_type=2 2 2 2 2 2 2 2 2 2 2 2 2 2 2 2 2 2 2 2 2 2 2 2 2 2 2 2 2 2
left_child=2 20 3 -1 25 28 19 12 9 -9 -10 13 23 17 15 -15 -16 18 -4 -3 29 22 -22 -8 -21 -5 -27 -14 -6 -2
right_child=1 6 11 4 5 -7 7 8 10 -11 -12 -13 27 14 16 -17 -18 -19 -20 24 21 -23 -24 -25 -26 26 -28 -29 -30 -31
leaf_value=0.010008093879803873 0.00024907600698873401 -0.0051980221580498935 0.0022810304399843787 0.010058991266030444 -0.0090865919590071443 0.010057011895223806 -0.0038443247025044471 -0.00073416135148064406 -0.0056720585011740387 0.0073729342732058376 -0.00033118601443723702 0.010060229585861733 -0.0058192275237071434 -0.011977493994858129 0.0022962850468394077 -0.050510258463986338 -0.0025305441312161998 0.0091586385050117201 -0.023463580722934335 0.0017496811853755291 -0.011454645008466694 -0.010423254695200073 0.0039358690832371887 0.0049298515796309663 0.009154137066512899 -0.021716873245669451 0.010059588054264766 -0.011391799194569674 0.00084618822279166185 -0.022667215881712787
leaf_weight=1062.553121748846 32.524185247719288 19.521987631917 142.17242303304374 461.01085309498012 228.30363503098488 445.69836157513782 44.403713569045067 956.56627336516976 390.77402168512344 481.4604160618037 3405.7621982032433 53.177086101379246 56.199446678161621 44.718214588239789 421.38171969680116 10.607101678848265 752.01685702893883 62.699114198796451 9.7544805482029897 29.576747059822083 12.980569854378702 1602.0765526518226 17.296889539808035 36.858912339434028 128.50137333571911 16.873861223459244 155.73848912166432 107.50101798772812 10.217566609382628 1.9316534493118513
leaf_count=240391 323 141 3918 79240 1568 79237 882 14659 2588 13632 44454 9025 244 738 13756 101 9645 2450 91 255 144 22144 193 307 3076 68 26504 523 51 20
internal_value=0 -0.0024203 0.00466505 0.00793489 0.00626331 0.00353182 -0.000161036 -0.000371856 -9.49328e-05 0.00198015 -0.000880917 -0.000536002 -0.00628936 -0.000926398 -0.00163322 -0.0193651 -0.000797171 0.00312014 0.000628095 0.00634343 -0.0100882 -0.0102793 -0.00266236 0.000135446 0.00776875 0.00921292 0.00695325 -0.0094787 -0.0086611 -0.00103565
internal_weight=0 7323.94 3876.92 2380.4 1317.84 684.22 5657.13 5479.53 5234.56 1438.03 3796.54 1496.53 244.963 1443.35 1228.72 55.3253 1173.4 214.626 151.927 177.6 1666.81 1632.35 30.2775 81.2626 158.078 633.623 172.612 163.7 238.521 34.4558
internal_count=570368 103585 466783 427059 186668 80856 80761 77289 75333 28291 47042 39724 1956 30699 24240 839 23401 6459 4009 3472 22824 22481 337 1189 3331 105812 26572 767 1619 343
is_linear=0
shrinkage=0.01


Tree=262
num_leaves=31
num_cat=0
split_feature=12 0 0 2 0 0 14 1 1 1 1 1 13 0 0 0 0 0 1 1 13 1 1 2 12 5 0 0 1 1
split_gain=1253.22 1256.84 655.343 81.945 105.298 538.278 76.479 78.2381 172.519 298.992 124.189 84.7432 81.4619 61.2024 59.8566 40.5993 89.1894 58.5966 41.2896 200.474 34.5681 34.1314 16.8677 14.668 33.3663 15.562 12.0624 151.368 10.3912 37.6581
threshold=1.0937088826584003 4201048.0000000009 4201072.0000000009 4855.5000000000009 4200985.0000000009 4200993.0000000009 1.7795022112803112 2241719161008.5005 1581613327004.0002 1391543493415.5002 2424655927106.5005 1632570084616.0002 1.4381725632925917 4205705.5000000009 4204355.0000000009 4204808.5000000009 4202198.5000000009 4204355.0000000009 932620487749.50012 1581613327004.0002 1.3461532835074757 3155490927897.0005 320027392895.00006 52.500000000000007 2.0806425463689515 3769.0000000000005 4200970.0000000009 4200977.5000000009 1070490879684.5001 1936595230848.0002
decision_type=2 2 2 2 2 2 2 2 2 2 2 2 2 2 2 2 2 2 2 2 2 2 2 2 2 2 2 2 2 2
left_child=2 23 3 -1 26 -6 20 8 9 -8 12 -10 -9 15 -12 16 21 -18 22 -20 -3 -4 -17 24 28 -26 -5 -28 -2 -30
right_child=1 6 13 4 5 -7 7 10 11 -11 14 -13 -14 -15 -16 18 17 -19 19 -21 -22 -23 -24 -25 25 -27 27 -29 29 -31
leaf_value=0.01000726420968813 -0.010842315405790169 -0.0051309880245360082 -0.0036521358037013762 0.010058401107280601 -0.0086229950147030804 0.010056441651435752 0.00054598496273974471 -0.067950626471075776 0.010274237664995555 -0.011848375862964567 0.00070290742209804002 0.0024441231597814618 -0.0081084882101794924 0.010059626966557914 -0.002325623862399203 -0.036206199193523088 0.0071767627097678545 -0.0013487204290662639 -0.037551845696406225 -0.0027748319267367006 0.0092090588265123525 0.0013784627437658579 0.0087083186690339216 -0.010843141017104412 0.0046688402913560292 -0.010061376661022565 -0.021465827909423352 0.010058991814351624 0.0095858850882735002 -0.0059954890763788942
leaf_weight=1052.0673670130782 16.623364865779877 19.578975215554237 422.71825245767832 456.45036568585783 237.18653202056885 441.28849451523274 1045.1345160938799 2.2989298589527598 155.58107203617692 239.17005420103669 1236.105684587732 1238.5986781790853 216.57916750758886 52.651103159878403 1382.4796892702579 0.85881924629211326 233.18151703989133 123.21953372657299 17.262285895645618 416.79629500210285 118.87435227632523 198.06196918338537 31.672788947820663 990.40963318198919 7.2660908233374348 554.42976595461369 16.900353416800499 154.19795853411779 20.525309778749943 63.495834648609161
leaf_count=240391 232 141 4339 79240 1619 79237 18524 71 4596 2222 13808 23613 1705 9025 13201 25 14921 3691 152 3944 2880 2459 1168 13217 133 8109 68 26504 277 856
internal_value=0 -0.00240168 0.00464557 0.00793027 0.00625715 0.00352634 -0.000159473 -0.000343728 0.000882072 -0.00176216 -0.00150085 0.00331791 -0.00873702 -0.000530533 -0.000896003 -0.000916732 0.000242019 0.00422922 -0.00334351 -0.0041579 0.0071812 -0.00204711 0.0075226 -0.0100727 -0.00892075 -0.00987083 0.00920958 0.00694511 -0.00361839 -0.00218916
internal_weight=0 7307.15 3854.51 2358.09 1306.02 678.475 5654.4 5515.95 2678.48 1284.3 2837.46 1394.18 218.878 1496.42 2618.59 1443.77 977.181 356.401 466.59 434.059 138.453 620.78 32.5316 1652.75 662.34 561.696 627.549 171.098 100.645 84.0211
internal_count=570368 103585 466783 427059 186668 80856 80761 77740 48955 20746 28785 28209 1776 39724 27009 30699 25410 18612 5289 4096 3021 6798 1193 22824 9607 8242 105812 26572 1365 1133
is_linear=0
shrinkage=0.01


Tree=263
num_leaves=31
num_cat=0
split_feature=12 0 0 2 0 0 14 14 17 14 17 0 14 1 1 0 1 1 1 4 13 3 0 1 2 0 0 1 1 13
split_gain=1234.11 1244.55 651.317 81.4045 104.434 532.24 75.5022 87.5959 83.4649 207.938 97.8925 60.5077 49.9081 40.399 173.941 114.14 62.0743 31.9674 57.0731 29.2297 28.5318 18.169 17.4694 15.015 13.0538 12.0101 149.069 11.279 9.62688 9.30679
threshold=1.0937088826584003 4201048.0000000009 4201072.0000000009 4855.5000000000009 4200985.0000000009 4200993.0000000009 1.8150298500602577 1.8659516640948917 3.8034897267170433 2.3795204768346951 3.9564883558720996 4205705.5000000009 1.8343053871512336 1181289197948.0002 1514623738577.5002 4204355.0000000009 1953885879560.0002 1002115265613.5001 932620487749.50012 448.50000000000006 1.3461532835074757 166.50000000000003 4200985.0000000009 2991567595041.5005 1354.5000000000002 4200970.0000000009 4200977.5000000009 177034428585.50003 4205234324575.5005 3.7915626115324721
decision_type=2 2 2 2 2 2 2 2 2 2 2 2 2 2 2 2 2 2 2 2 2 2 2 2 2 2 2 2 2 2
left_child=2 19 3 -1 25 28 20 12 9 -9 -10 13 23 17 15 -15 -16 18 -4 29 -3 22 -21 -8 -22 -5 -27 -14 -6 -2
right_child=1 6 11 4 5 -7 7 8 10 -11 -12 -13 27 14 16 -17 -18 -19 -20 21 24 -23 -24 -25 -26 26 -28 -29 -30 -31
leaf_value=0.010006434994334668 0.00033236874831067757 -0.0050650427447705426 0.0022615277165287054 0.010057816366706732 -0.0090134117339519572 0.010055876835838282 -0.0037194843337174273 -0.00072864521732895137 -0.0056046129972732337 0.0073457637357786541 -0.00032363991025387366 0.010059030160666727 -0.0057748017166063571 -0.011708234093070265 0.0029335234009388138 -0.047462630972985177 -0.0022049877133931994 0.0091438471931219491 -0.022406301875686232 0.004245462705866068 0.0017440759831224421 -0.010397327269020991 -0.011093229085685696 0.0049047611244036129 0.0091243030483753648 -0.021222971357057231 0.010058401076835144 -0.011309884316345251 0.00092704021665127338 -0.02211755383341913
leaf_weight=1041.6849635266699 32.50868322327733 19.63526301831007 141.81376814190298 451.93474336434156 225.697146743536 436.92201187927276 44.688144590705633 956.83217421080917 391.36180965602398 478.41424954868853 3404.5032907901332 52.130292367190123 56.118978440761566 45.201046496164054 325.20120754558593 11.126234516501425 848.4371803579852 62.152356409467757 10.043550498783587 16.753303747624159 29.570955403149128 1574.6996043249965 13.335322663187982 36.821385711431503 126.44359127804637 16.922692060470581 152.67258330434561 107.02397327125072 10.182091712951658 1.9577971883118142
leaf_count=240391 323 141 3918 79240 1568 79237 882 14659 2588 13632 44454 9025 244 738 10703 101 12698 2450 91 185 255 22144 152 307 3076 68 26504 523 51 20
internal_value=0 -0.0023831 0.0046263 0.00792558 0.0062509 0.00352076 -0.000157913 -0.000364928 -9.14027e-05 0.00196282 -0.00086812 -0.000525193 -0.00621339 -0.000907304 -0.00160501 -0.0187707 -0.000781168 0.00310261 0.000630045 -0.0100546 0.00629565 -0.0102502 -0.00255267 0.000176461 0.00772546 0.00920626 0.00693706 -0.00940589 -0.00858432 -0.000942853
internal_weight=0 7290.67 3832.12 2336.02 1294.33 672.801 5651.41 5475.76 5231.11 1435.25 3795.87 1496.11 244.652 1443.98 1229.97 56.3273 1173.64 214.01 151.857 1639.25 175.65 1604.79 30.0886 81.5095 156.015 621.53 169.595 163.143 235.879 34.4665
internal_count=570368 103585 466783 427059 186668 80856 80761 77289 75333 28291 47042 39724 1956 30699 24240 839 23401 6459 4009 22824 3472 22481 337 1189 3331 105812 26572 767 1619 343
is_linear=0
shrinkage=0.01


Tree=264
num_leaves=31
num_cat=0
split_feature=12 0 0 2 0 0 14 1 1 1 1 1 0 0 12 1 1 0 1 1 1 4 12 3 3 0 0 1 12 1
split_gain=1215.24 1232.81 647.371 80.863 103.573 526.286 74.4254 76.3134 169.296 291.573 121.49 84.3801 59.8204 58.863 52.1094 39.6315 167.809 106.023 60.8585 31.6923 55.1247 29.2196 27.7678 18.0712 17.2835 11.9571 146.828 9.5376 9.25778 7.22799
threshold=1.0937088826584003 4201048.0000000009 4201072.0000000009 4855.5000000000009 4200985.0000000009 4200993.0000000009 1.7795022112803112 2241719161008.5005 1581613327004.0002 1391543493415.5002 2424655927106.5005 1632570084616.0002 4205705.5000000009 4204355.0000000009 3.0617787435117623 1181289197948.0002 1514623738577.5002 4204355.0000000009 1953885879560.0002 1002115265613.5001 932620487749.50012 448.50000000000006 1.1159798465572681 166.50000000000003 46.500000000000007 4200970.0000000009 4200977.5000000009 4205234324575.5005 1.3826895352780137 2173776771241.5002
decision_type=2 2 2 2 2 2 2 2 2 2 2 2 2 2 2 2 2 2 2 2 2 2 2 2 2 2 2 2 2 2
left_child=2 21 3 -1 25 27 22 8 9 -8 14 -10 15 -12 -9 19 17 -17 -18 20 -4 28 -3 24 -23 -5 -27 -6 -2 -26
right_child=1 6 12 4 5 -7 7 10 11 -11 13 -13 -14 -15 -16 16 18 -19 -20 -21 -22 23 -24 -25 29 26 -28 -29 -30 -31
leaf_value=0.010005606335387399 -0.011054213709576433 -0.0081417538950575366 0.0022433350771355167 0.010057237745849502 -0.0089761559973461965 0.010055317849192096 0.00054241338508002673 -0.0018491977165286647 0.010268629321086869 -0.01167818083725553 0.00070513875245541981 0.0024231077269621609 0.010058439424803379 -0.0022981204044471249 -0.012141332894967072 -0.011486345818403123 0.0029117443203206172 -0.045466695979768858 -0.0021800143131740814 0.0091268972654512427 -0.021813269919204691 -0.011422965150594813 0.0084659151996663226 -0.010384238733510852 0.0098856104257262697 -0.020987920004816574 0.0100578169591935 0.00091738574713051669 0.0017194009282293869 -0.003096646152232531
leaf_weight=1031.4050113544799 7.160631760954856 10.944469600915907 141.53559945710003 447.46353169670328 224.37421095371246 432.59849487897009 1044.144712837413 74.618300043046474 154.19010871835053 240.13892274536192 1235.6933021117002 1235.8872383758426 51.61460255458951 1383.0592740047723 144.37387119047344 45.611384922638535 324.36151537951082 11.496588990092276 849.56923431763425 61.647634994704276 10.212568849325178 12.649041131138803 125.65184108912945 1560.9863147437572 9.3953377585858124 16.940997526049614 151.16220152005553 10.186326965689657 27.326823372393847 7.8901857659220687
leaf_count=240391 83 62 3918 79240 1568 79237 18524 981 4596 2222 13808 23613 9025 13201 795 738 10703 101 12698 2450 91 144 2959 22144 106 68 26504 51 260 87
internal_value=0 -0.00236472 0.00460672 0.00792096 0.00624474 0.00351527 -0.00015638 -0.000337075 0.000874968 -0.00174263 -0.00147934 0.00329335 -0.000519822 -0.000880993 -0.00863444 -0.000897819 -0.00158747 -0.018327 -0.000773142 0.00308063 0.000624339 -0.0100392 0.00713526 -0.0102366 -0.00254034 0.00920299 0.00692911 -0.00854651 -0.000932785 0.0039597
internal_weight=0 7274.11 3810.18 2314.13 1282.73 667.159 5648.7 5512.11 2674.36 1284.28 2837.74 1390.08 1496.05 2618.75 218.992 1444.43 1231.04 57.108 1173.93 213.396 151.748 1625.41 136.596 1590.92 29.9346 615.567 168.103 234.561 34.4875 17.2855
internal_count=570368 103585 466783 427059 186668 80856 80761 77740 48955 20746 28785 28209 39724 27009 1776 30699 24240 839 23401 6459 4009 22824 3021 22481 337 105812 26572 1619 343 193
is_linear=0
shrinkage=0.01


Tree=265
num_leaves=31
num_cat=0
split_feature=12 12 5 5 2 3 12 14 13 4 4 5 12 2 2 3 4 13 12 5 5 6 2 5 3 13 6 5 4 4
split_gain=1196.69 376.26 200.048 255.424 144.967 145.858 99.3212 133.265 285.859 97.2497 112.618 83.095 116.608 252.724 120.239 68.4686 62.5954 58.7934 44.9299 44.4 42.2142 36.4528 38.442 22.9259 19.3035 14.9189 14.3319 14.1911 13.5351 12.3073
threshold=1.0937088826584003 1.0174949934843371 795.50000000000011 312.50000000000006 84.500000000000014 328.50000000000006 1.2307841500362786 2.9116587207511304 2.2688285431649127 1975.5000000000002 2537.5000000000005 1125.5000000000002 1.8855877148658888 316.50000000000006 316.50000000000006 3103.5000000000005 156.50000000000003 1.3461532835074757 1.530827738221441 201.50000000000003 301.50000000000006 58.000000000000007 158.50000000000003 937.50000000000011 279.50000000000006 1.3612797788775417 50.500000000000007 812.50000000000011 20.500000000000004 3051.5000000000005
decision_type=2 2 2 2 2 2 2 2 2 2 2 2 2 2 2 2 2 2 2 2 2 2 2 2 2 2 2 2 2 2
left_child=1 -1 3 6 5 9 19 18 -9 -4 -11 16 13 -13 -14 -7 27 -3 -8 24 -21 22 -5 -18 -2 -19 -24 -6 -17 -23
right_child=2 17 4 21 11 15 7 8 -10 10 -12 12 14 -15 -16 28 23 25 -20 20 -22 29 26 -25 -26 -27 -28 -29 -30 -31
leaf_value=0.0025226791747688776 -0.028356809215906525 0.010007857459991769 0.0054894330550669182 0.0044370101204326091 -0.027872209445513763 -0.010722525007742779 0.0066778095013051474 -0.012426376945361589 -0.00053865667777728318 -0.010245319061161001 0.00015735591688150684 -0.018617131814042204 0.0038795741192825658 -0.0025027015464064791 -0.0039578457264727012 0.012998367492418027 -0.0060326077294550586 -0.0043494569973326781 -0.020616047619841794 -0.00014223602921459405 -0.025413966658667013 0.0088984533364111339 0.0029860525075671284 -0.012215543270907788 -0.014281557952778466 0.0046282606088795504 -0.018121349953492853 0.0098942043796412527 -0.0036598681939693134 -0.010208660056406655
leaf_weight=2650.8734607663937 13.387675315141676 1061.1920220432803 119.59361071698368 96.209371335804462 1.0437063723802591 615.72933581471443 232.55973230674863 229.50246561318636 1705.4034313000739 196.56785909086466 221.15089654736221 102.1878705509007 551.41560965776443 2044.3497078306973 303.48341881670058 5.0540944188833228 111.3134668469429 31.514845268800855 6.1918066442012778 38.494597747921944 7.9800402820110312 308.88849417958409 4.4493214115500477 130.01834245026112 35.797858372330666 44.854879544116557 11.613438151776789 21.303498461842537 139.64300709217787 3.4083170015364876
leaf_count=216531 59 245840 3510 717 26 9730 3323 2018 19231 969 2854 1156 14571 28979 4607 29 491 1700 54 176 42 7676 33 543 224 2712 84 560 1805 118
internal_value=0 0.00458714 -0.00234675 -0.000185895 -0.0036225 -0.0064498 -0.00151778 -0.00107891 -0.00194868 -0.00246151 -0.00473788 -0.00249878 -0.00202594 -0.00326984 0.00109734 -0.0092679 -0.00788104 0.00939798 0.00596997 -0.0114903 -0.00448158 0.00693304 0.00204607 -0.00936369 -0.0181127 0.000923502 -0.0122747 0.00813036 -0.00307802 0.00868992
internal_weight=0 3788.44 7256.74 2693.89 4562.85 1297.74 2269.32 2173.66 1934.91 537.312 417.719 3265.12 3001.44 2146.54 854.899 760.426 263.679 1137.56 238.752 95.6602 46.4746 424.569 112.272 241.332 49.1855 76.3697 16.0628 22.3472 144.697 312.297
internal_count=570368 466783 103585 33755 69830 18897 25127 24626 21249 7333 3823 50933 49313 30135 19178 11564 1620 250252 3377 501 218 8628 834 1034 283 4412 117 586 1834 7794
is_linear=0
shrinkage=0.01


Tree=266
num_leaves=31
num_cat=0
split_feature=12 12 5 5 2 3 12 14 14 4 4 5 12 2 2 3 4 13 12 5 5 6 2 1 1 1 1 1 1 1
split_gain=1176.58 375.184 196.377 251.47 143.908 145.481 97.0048 131.006 282.264 95.4158 110.272 81.5899 114.141 245.453 118.026 68.4809 61.3857 58.802 43.7959 43.3327 40.7709 36.2693 37.5257 33.8071 33.7976 25.8747 55.036 72.328 60.6047 215.44
threshold=1.0937088826584003 1.0174949934843371 795.50000000000011 312.50000000000006 84.500000000000014 328.50000000000006 1.2307841500362786 2.9116587207511304 3.1768802119211448 1975.5000000000002 2537.5000000000005 1125.5000000000002 1.8855877148658888 316.50000000000006 316.50000000000006 3103.5000000000005 156.50000000000003 1.3461532835074757 1.530827738221441 201.50000000000003 301.50000000000006 58.000000000000007 158.50000000000003 1900371961397.0002 4374073345192.5005 1181289197948.0002 1564759720309.0002 1478970866856.5002 1738908559458.0002 1746051701064.0002
decision_type=2 2 2 2 2 2 2 2 2 2 2 2 2 2 2 2 2 2 2 2 2 2 2 2 2 2 2 2 2 2
left_child=1 25 3 6 5 9 19 18 -9 23 -11 16 13 -13 -14 -7 -6 -3 -8 -2 -21 22 -5 -4 -19 -1 27 -27 -28 -30
right_child=2 17 4 21 11 15 7 8 -10 10 -12 12 14 -15 -16 -17 -18 24 -20 20 -22 -23 -24 -25 -26 26 28 -29 29 -31
leaf_value=0.0046889729326270802 -0.017875582524464164 0.010007028607388255 0.0079370904006925459 0.0044044089006860365 0.0081065348475647878 -0.010714352167055694 0.0066462487853232608 -0.012173537324454255 -0.00050520054137134047 -0.010136467968254924 0.00015579424600049616 -0.018306215945104051 0.0038516815006603088 -0.0024764662091090344 -0.0039152300866003367 -0.0030547791327408588 -0.0092738945156028343 0.0029029534621771388 -0.020110761508188552 -0.00014080813163115479 -0.024850528036763742 0.0086640072186143675 -0.012052578290564791 -0.0059883945371162067 -0.021368437873653386 0.0019034498075061873 0.0091810410433172673 -0.010630898329028289 -0.037894085327830514 0.0023769654438365807
leaf_weight=449.10185778373852 49.3384625390172 1050.7195106470026 97.89106409996748 95.953583352267742 22.19032921269536 610.06539752706885 231.33360259979963 236.13674326986074 1698.7564491182566 196.69130121171474 221.13355916552246 102.88070304319263 549.8625223133713 2045.3421494672075 303.71765386499465 144.34095333516598 241.23245671391487 70.052584257908165 6.2834338322281829 38.496143743395805 8.0788569599390012 310.11027626413852 16.194111473858356 21.211130905896425 6.2489178366959086 116.46247477596626 128.79272427177057 76.130140111781657 13.379792220424859 1862.4069447829388
leaf_count=44208 283 245840 3157 717 586 9730 3323 2191 19058 969 2854 1156 14571 28979 4607 1834 1034 4301 54 176 42 7794 117 353 111 11765 10949 3766 426 145417
internal_value=0 0.00455965 -0.00232632 -0.000184191 -0.00359127 -0.0064172 -0.00150317 -0.00106867 -0.00192922 -0.00243861 -0.00468929 -0.00247367 -0.0020054 -0.00323457 0.00108809 -0.00924884 -0.00780979 0.00939149 0.0059387 -0.011345 -0.00442693 0.00690155 0.00202802 0.00545707 0.000915182 0.00250182 0.00205476 -0.00305127 0.00254533 0.00208972
internal_weight=0 3773.29 7247.24 2690.68 4556.56 1291.33 2268.42 2172.51 1934.89 536.927 417.825 3265.23 3001.8 2148.22 853.58 754.406 263.423 1127.02 237.617 95.9135 46.575 422.258 112.148 119.102 76.3015 2646.27 2197.17 192.593 2004.58 1875.79
internal_count=570368 466783 103585 33755 69830 18897 25127 24626 21249 7333 3823 50933 49313 30135 19178 11564 1620 250252 3377 501 218 8628 834 3510 4412 216531 172323 15531 156792 145843
is_linear=0
shrinkage=0.01


Tree=267
num_leaves=31
num_cat=0
split_feature=12 0 0 12 0 0 14 15 17 12 8 0 0 0 0 0 1 1 1 13 3 12 12 1 15 0 0 12 1 1
split_gain=1156.82 1212.74 642.287 80.5105 103.781 521.844 73.7843 85.1094 88.9644 198.282 93.3346 59.3706 51.6505 39.2845 87.4029 57.9604 39.9628 179.482 33.9838 27.9255 19.4596 22.4769 18.6719 16.4078 12.5968 11.9653 144.689 11.0437 10.6121 9.41402
threshold=1.0937088826584003 4201048.0000000009 4201072.0000000009 1.0174949934843371 4200985.0000000009 4200993.0000000009 1.8150298500602577 1.9367270844784239 3.8034897267170433 1.8913489950052682 1923.5000000000002 4205705.5000000009 4204916.0000000009 4204808.5000000009 4202198.5000000009 4204355.0000000009 932620487749.50012 1581613327004.0002 3155490927897.0005 1.3461532835074757 166.50000000000003 1.3826895352780137 1.5623053364853321 320027392895.00006 5.2206801228272122 4200970.0000000009 4200977.5000000009 1.3826895352780137 4305764224321.0005 4205234324575.5005
decision_type=2 2 2 2 2 2 2 2 2 2 2 2 2 2 2 2 2 2 2 2 2 2 2 2 2 2 2 2 2 2
left_child=2 20 3 4 25 29 19 12 9 -9 -10 13 -8 14 18 -16 23 -18 -4 -3 21 -2 -14 -15 -22 -1 -27 -21 -23 -6
right_child=1 6 11 -5 5 -7 7 8 10 -11 -12 -13 22 16 15 -17 17 -19 -20 27 24 28 -24 -25 -26 26 -28 -29 -30 -31
leaf_value=0.010056377479549222 -0.011055654826270054 -0.0049333435082829407 -0.0036613465124254317 0.010003124245516613 -0.0089606399441666193 0.010054486494946658 -0.011364714320405263 0.00016961495350498572 0.0044517411515910613 0.0094102181367356694 -0.0013069874615362757 0.010057508628095051 -0.0038958481723649421 -0.035150582329343011 0.007135157004091456 -0.0013698220347045525 -0.034876418176874757 -0.0027786563687823619 0.0013616663843797391 0.0091305346255366078 -0.01024035576252526 0.0053731302625938272 0.0048114593882892008 0.0086717585360629301 0.0066826427345195736 -0.020777644464283512 0.010056948117542019 0.002709938497189728 -0.020951532491233806 0.00085690822933870924
leaf_weight=440.70164609560743 20.121393010020256 19.727428920567036 422.3830109089613 1001.1633777152747 223.81413477659225 426.06259343074635 102.3888310790062 1107.2753727128729 306.18359999079257 293.83110057003796 3482.9603604804724 50.802689552307129 147.40762896835804 0.87855869531631725 230.10366012714803 122.93860625475645 18.181802071630955 416.28772962838411 197.75358398258686 120.25176509097219 1546.6741573102772 21.059991544112567 29.567285791039467 31.067472418770194 4.4110528305172911 16.950767621397972 148.87972843134776 34.468262899667025 1.6514380499720562 10.212863221764563
leaf_count=79240 235 141 4339 240391 1568 79237 527 18116 10707 10856 36335 9025 621 25 14921 3691 152 3944 2459 2969 22222 282 127 1168 76 68 26504 362 9 51
internal_value=0 -0.002306 0.00453241 0.00788381 0.00620865 0.00346479 -0.000130739 -0.000334931 -4.55296e-05 0.0021075 -0.000841651 -0.000567067 -0.00571168 -0.000942004 0.000201613 0.0041735 -0.00332817 -0.00412189 -0.00205957 0.0062715 -0.0100086 -0.00335951 -0.00244111 0.00746659 -0.0101922 0.0091948 0.00690512 0.00770017 0.00345896 -0.00853221
internal_weight=0 7237.98 3758.18 2267.79 1266.62 660.09 5644.06 5469.61 5190.25 1401.11 3789.14 1490.4 279.364 1439.59 973.179 353.042 466.416 434.47 620.137 174.447 1593.92 42.8328 176.975 31.946 1551.09 606.532 165.83 154.72 22.7114 234.027
internal_count=570368 103585 466783 427059 186668 80856 80761 77289 76014 28972 47042 39724 1275 30699 25410 18612 5289 4096 6798 3472 22824 526 748 1193 22298 105812 26572 3331 291 1619
is_linear=0
shrinkage=0.01


Tree=268
num_leaves=31
num_cat=0
split_feature=12 12 5 5 2 3 12 14 14 4 4 5 12 2 2 3 4 14 12 5 5 6 2 1 1 1 1 1 1 1
split_gain=1139.14 371.755 191.935 247.044 141.079 143.759 94.6995 128.799 275.986 93.9935 107.529 80.028 110.019 238.964 114.121 69.0006 60.1912 59.2208 42.6744 42.3653 39.3742 36.0014 36.6068 33.1183 32.8225 25.5006 53.7195 69.2908 60.3192 204.65
threshold=1.0937088826584003 1.0174949934843371 795.50000000000011 312.50000000000006 84.500000000000014 328.50000000000006 1.2307841500362786 2.9116587207511304 3.1768802119211448 1975.5000000000002 2537.5000000000005 1125.5000000000002 1.8855877148658888 316.50000000000006 316.50000000000006 3103.5000000000005 156.50000000000003 1.7795022112803112 1.530827738221441 201.50000000000003 301.50000000000006 58.000000000000007 158.50000000000003 1900371961397.0002 4374073345192.5005 1181289197948.0002 1564759720309.0002 1478970866856.5002 1738908559458.0002 1746051701064.0002
decision_type=2 2 2 2 2 2 2 2 2 2 2 2 2 2 2 2 2 2 2 2 2 2 2 2 2 2 2 2 2 2
left_child=1 25 3 6 5 9 19 18 -9 23 -11 16 13 -13 -14 -7 -6 -3 -8 -2 -21 22 -5 -4 -19 -1 27 -27 -28 -30
right_child=2 17 4 21 11 15 7 8 -10 10 -12 12 14 -15 -16 -17 -18 24 -20 20 -22 -23 -24 -25 -26 26 28 -29 29 -31
leaf_value=0.0046493374152800707 -0.017641827322250316 0.010005391863241538 0.0079179015280766273 0.0043816120437893923 0.0080868666446596606 -0.010698816438068765 0.006623924240824519 -0.01204672327837107 -0.00049222698653041824 -0.010015902117048335 0.00015156730514354581 -0.018015118880733278 0.0038051285849133925 -0.0024286611882766325 -0.0038461237386951419 -0.0029680011471266304 -0.0091709714425150211 0.0028301599253083348 -0.019595751005570691 -0.00012627562383830688 -0.024284132952009672 0.0086399510726572603 -0.011813534981104283 -0.0058941422997997074 -0.020961193689688868 0.0018667590080552307 0.0091670041009463028 -0.010388599122020101 -0.036257956675478112 0.0023425086593847197
leaf_weight=445.28937401482835 49.425609275698662 1030.193805529736 97.259543422609568 95.775139056146145 22.058275870978832 599.11614903248847 230.31978229433298 235.3447369299829 1699.677316413261 196.81691531836987 220.60244393907487 103.34779901057482 545.9220649600029 2039.9452307987958 303.21290521323681 143.01093496382236 241.15696930885315 69.37628389429301 6.3793732747435561 38.511863499879837 8.1797205656766874 307.92795277945697 16.337847724556923 21.13199601508677 6.3276259750127783 115.64408419001848 127.44305352633819 76.75397526845336 13.837594119831918 1851.8043056922033
leaf_count=44208 283 245840 3157 717 586 9730 3323 2191 19058 969 2854 1156 14571 28979 4607 1834 1034 4301 54 176 42 7794 117 353 111 11765 10949 3766 426 145417
internal_value=0 0.00451323 -0.00228824 -0.000170946 -0.00354354 -0.00635916 -0.00147568 -0.00104578 -0.00189753 -0.00241191 -0.00464248 -0.00243832 -0.00197333 -0.00318023 0.00107299 -0.00920906 -0.00772471 0.00937809 0.00591727 -0.011189 -0.0043584 0.00687344 0.00202155 0.00545256 0.000841586 0.00246818 0.00202378 -0.00302231 0.00251089 0.00205621
internal_weight=0 3736.67 7221.46 2687.88 4533.58 1277.94 2267.84 2171.72 1935.02 535.811 417.419 3255.64 2992.43 2143.29 849.135 742.127 263.215 1105.9 236.699 96.1172 46.6916 420.041 112.113 118.392 75.7039 2630.77 2185.48 192.398 1993.08 1865.64
internal_count=570368 466783 103585 33755 69830 18897 25127 24626 21249 7333 3823 50933 49313 30135 19178 11564 1620 250252 3377 501 218 8628 834 3510 4412 216531 172323 15531 156792 145843
is_linear=0
shrinkage=0.01


Tree=269
num_leaves=31
num_cat=0
split_feature=2 0 0 2 0 0 14 13 2 2 2 5 0 2 5 2 4 3 4 0 13 10 3 13 2 2 0 0 13 5
split_gain=1118.31 1160.11 653.577 79.7039 103.485 516.713 78.5103 120.691 144.088 190.458 185.708 74.1841 73.9849 67.8321 66.4973 40.1278 41.2156 36.9506 28.489 22.9204 20.2388 19.8459 17.4823 16.7699 15.4036 12.8119 11.9274 142.404 9.55385 9.14314
threshold=3511.5000000000005 4200993.0000000009 4201072.0000000009 4855.5000000000009 4200985.0000000009 4200993.0000000009 1.8150298500602577 1.7754236602093663 1354.5000000000002 3092.5000000000005 878.50000000000011 937.50000000000011 4205705.5000000009 2246.5000000000005 215.50000000000003 4175.5000000000009 874.50000000000011 168.50000000000003 448.50000000000006 4204112.0000000009 1.3461532835074757 553.50000000000011 166.50000000000003 2.9257316291234807 4152.5000000000009 1354.5000000000002 4200970.0000000009 4200977.5000000009 1.3201124284121852 454.50000000000006
decision_type=2 2 2 2 2 2 2 2 2 2 2 2 2 2 2 2 2 2 2 2 2 2 2 2 2 2 2 2 2 2
left_child=1 18 3 -2 26 -6 20 11 10 -10 -9 14 15 -13 -8 19 -17 -18 29 24 -3 -21 23 -20 -4 -22 -5 -28 -24 -1
right_child=2 6 12 4 5 -7 7 8 9 -11 -12 13 -14 -15 -16 16 17 -19 22 21 25 -23 28 -25 -26 -27 27 -29 -30 -31
leaf_value=-0.022027617681981582 0.0099999270460331968 -0.0021846049516741793 0.009188471774717771 0.010055673107449804 -0.0085065140913363081 0.0100538064936774 -0.015212216412254636 0.00020780792161938772 0.0081579030604911652 -0.015171961741360443 -0.0084018428541772078 -0.0046093487367266798 0.010068440141486461 -0.014103505058148575 0.0023209116683844361 0.010293020878645604 -0.0096106023156554629 -0.0012856382801033693 -0.009738015117629114 0.010254575256235455 0.0017775807725391942 -0.001361112099709744 0.010114215556610684 0.0053618970489265217 0.0013877779741924357 0.009092977412369134 -0.020547999271443681 0.010056237289017382 -0.010317349294786409 0.00037898388899981701
leaf_weight=1.9305675327777851 974.99167346768081 24.021614959463477 70.938757157418877 435.14062254037708 233.1109489351511 420.6879967036657 24.179803758859634 3831.2479988541454 363.86164042167366 38.715686284005642 268.05828412994742 393.55167868733406 65.865494037047029 93.044141709804535 205.24728330224752 29.680998275056481 55.511328667402267 1348.0448270272464 15.364851094782354 16.961784919723868 29.650026194751263 110.74462761543691 2.2921064756810656 14.108591569587587 39.358239424414933 124.33033960312605 16.957989931106567 147.00281819654629 1507.4625775553286 32.129167223349214
leaf_count=11 240033 293 6455 79240 1619 79237 100 55407 7078 224 2483 1927 10559 377 1182 1086 765 21526 163 765 255 5343 206 174 1741 3076 68 26504 22139 332
internal_value=0 -0.00238136 0.00427077 0.0078558 0.00618727 0.00343615 -0.00017829 -0.00040108 0.000205455 0.00591428 -0.000355187 -0.00421458 -0.000327145 -0.00642477 0.000473058 -0.000736847 -0.00136829 -0.00161489 -0.00993725 0.00306567 0.00635252 0.000181667 -0.0101374 -0.00250986 0.00640488 0.00768435 0.00918955 0.00689093 -0.0102863 -0.000891063
internal_weight=0 6969.2 3965 2227.89 1252.9 653.799 5395.91 5217.91 4501.88 402.577 4099.31 716.023 1737.11 486.596 229.427 1671.24 1433.24 1403.56 1573.29 238.003 178.002 127.706 1539.23 29.4734 110.297 153.98 599.101 163.961 1509.75 34.0597
internal_count=570368 95427 474941 426701 186668 80856 72402 68778 65192 7302 57890 3586 48240 2304 1282 37681 23377 22291 23025 14304 3624 6108 22682 337 8196 3331 105812 26572 22345 343
is_linear=0
shrinkage=0.01


end of trees

feature_importances:
Column_0=1725
Column_1=1228
Column_2=901
Column_12=860
Column_3=586
Column_4=573
Column_13=503
Column_5=378
Column_14=352
Column_15=283
Column_6=177
Column_8=155
Column_7=140
Column_10=80
Column_17=58
Column_20=50
Column_16=36
Column_9=6
Column_19=4
Column_21=3
Column_18=2

parameters:
[boosting: gbdt]
[objective: binary]
[metric: l2]
[tree_learner: serial]
[device_type: cpu]
[data_sample_strategy: bagging]
[data: ]
[valid: ]
[num_iterations: 8000]
[learning_rate: 0.01]
[num_leaves: 31]
[num_threads: 0]
[seed: 0]
[deterministic: 0]
[force_col_wise: 0]
[force_row_wise: 0]
[histogram_pool_size: -1]
[max_depth: 6]
[min_data_in_leaf: 20]
[min_sum_hessian_in_leaf: 0.001]
[bagging_fraction: 0.8]
[pos_bagging_fraction: 1]
[neg_bagging_fraction: 1]
[bagging_freq: 0]
[bagging_seed: 3]
[feature_fraction: 0.8]
[feature_fraction_bynode: 1]
[feature_fraction_seed: 2]
[extra_trees: 0]
[extra_seed: 6]
[early_stopping_round: 0]
[early_stopping_min_delta: 0]
[first_metric_only: 0]
[max_delta_step: 0]
[lambda_l1: 0]
[lambda_l2: 0]
[linear_lambda: 0]
[min_gain_to_split: 0]
[drop_rate: 0.1]
[max_drop: 50]
[skip_drop: 0.5]
[xgboost_dart_mode: 0]
[uniform_drop: 0]
[drop_seed: 4]
[top_rate: 0.2]
[other_rate: 0.1]
[min_data_per_group: 100]
[max_cat_threshold: 32]
[cat_l2: 10]
[cat_smooth: 10]
[max_cat_to_onehot: 4]
[top_k: 20]
[monotone_constraints: ]
[monotone_constraints_method: basic]
[monotone_penalty: 0]
[feature_contri: ]
[forcedsplits_filename: ]
[refit_decay_rate: 0.9]
[cegb_tradeoff: 1]
[cegb_penalty_split: 0]
[cegb_penalty_feature_lazy: ]
[cegb_penalty_feature_coupled: ]
[path_smooth: 0]
[interaction_constraints: ]
[verbosity: 1]
[saved_feature_importance_type: 0]
[use_quantized_grad: 0]
[num_grad_quant_bins: 4]
[quant_train_renew_leaf: 0]
[stochastic_rounding: 1]
[linear_tree: 0]
[max_bin: 255]
[max_bin_by_feature: ]
[min_data_in_bin: 3]
[bin_construct_sample_cnt: 200000]
[data_random_seed: 1]
[is_enable_sparse: 1]
[enable_bundle: 1]
[use_missing: 1]
[zero_as_missing: 0]
[feature_pre_filter: 1]
[pre_partition: 0]
[two_round: 0]
[header: 0]
[label_column: ]
[weight_column: ]
[group_column: ]
[ignore_column: ]
[categorical_feature: ]
[forcedbins_filename: ]
[precise_float_parser: 0]
[parser_config_file: ]
[objective_seed: 5]
[num_class: 1]
[is_unbalance: 0]
[scale_pos_weight: 1]
[sigmoid: 1]
[boost_from_average: 1]
[reg_sqrt: 0]
[alpha: 0.9]
[fair_c: 1]
[poisson_max_delta_step: 0.7]
[tweedie_variance_power: 1.5]
[lambdarank_truncation_level: 30]
[lambdarank_norm: 1]
[label_gain: ]
[lambdarank_position_bias_regularization: 0]
[eval_at: ]
[multi_error_top_k: 1]
[auc_mu_weights: ]
[num_machines: 1]
[local_listen_port: 12400]
[time_out: 120]
[machine_list_filename: ]
[machines: ]
[gpu_platform_id: -1]
[gpu_device_id: -1]
[gpu_use_dp: 0]
[num_gpu: 1]

end of parameters

pandas_categorical:null
