tree
version=v4
num_class=1
num_tree_per_iteration=1
label_index=0
max_feature_idx=21
objective=binary sigmoid:1
feature_names=Column_0 Column_1 Column_2 Column_3 Column_4 Column_5 Column_6 Column_7 Column_8 Column_9 Column_10 Column_11 Column_12 Column_13 Column_14 Column_15 Column_16 Column_17 Column_18 Column_19 Column_20 Column_21
feature_infos=[4276737:5575787] [174026416739:4363500798065] [19:inf] [19:inf] [21:inf] [27:inf] none none none none none none [1:4.7767148083027617] [1:4.8861681062741829] [1:4.942524164468213] [1:4.9711205056639809] [1:4.9855246559811226] [1:4.9927534033031389] [1:4.9963744672868247] [1:4.9981866746525787] [1:4.9990931975285928] [1:4.9995465638086216]
tree_sizes=3264 3404 3386 3413 3407 3384 3394 3406 3392 3402 3403 3404 3401 3398 3407 3398 3407 3405 3399 3399 3405 3401 3399 3397 3403 3407 3409 3405 3397 3402 3404 3397 3398 3410 3400 3408 3409 3402 3404 3392 3420 3407 3403 3416 3411 3397 3404 3403 3398 3411 3409 3413 3411 3413 3416 3405 3418 3409 3403 3405 3414 3412 3424 3407 3408 3403 3404 3415 3422 3426 3422 3418 3410 3411 3423 3421 3416 3403 3422 3423 3414 3433 3410 3417 3414 3424 3423 3420 3407 3417 3402 3421 3414 3415 3423 3423 3429 3422 3425 3417 3414 3417 3436 3427 3429 3420 3416 3421 3425 3423 3429 3421 3411 3426 3431 3428 3428 3428 3425 3423 3432 3420 3423 3421 3424 3425 3430 3424 3422 3433 3434 3424 3434 3418 3432 3429 3431 3425 3425 3425 3431 3433 3425 3429 3430 3433 3431 3432 3421 3419 3423 3421 3441 3424 3428 3419 3423 3429 3419 3426 3421 3428 3422 3424 3423 3426 3422 3426 3429 3425 3428 3418 3428 3422 3427 3426 3425 3424 3426 3425 3428 3438 3420 3420 3423 3421 3443 3428 3432 3420 3415 3428 3433 3421 3416 3422 3426 3425 3416 3420 3427 3436 3428 3423 3435 3423 3419 3425 3429 3417 3421 3423 3413 3428 3426 3424 3419 3432 3427 3433 3429 3410 3416 3422 3425 3438 3421 3429 3424 3429 3429 3443 3418 3425 3415 3439 3426 3426 3434 3432 3436 3428 3430 3438 3417 3428 3431 3413 3427 3422 3429 3426 3437 3429 3431 3430 3424 3435 3428 3430 3441 3431 3430 3427 3424 3421 3424 3426 3440 3424 3425 3431

Tree=0
num_leaves=31
num_cat=0
split_feature=2 3 2 4 3 2 12 4 12 12 3 3 12 2 3 3 4 2 3 4 4 12 2 2 4 2 2 3 3 2
split_gain=4418.72 112.723 65.2433 43.9792 26.4792 24.7828 27.0051 25.077 19.7171 18.3902 16.7333 16.2806 20.1914 12.8864 11.5844 10.1989 26.6518 12.838 9.92393 9.28831 8.6104 7.40076 6.71612 6.37169 4.2296 2.95734 7.59951 2.80956 3.5677 0.764192
threshold=65.500000000000014 43.500000000000007 55.500000000000007 28.500000000000004 32.500000000000007 71.500000000000014 1.4656961749257615 28.500000000000004 3.8061042970938286 2.9361312091082001 58.500000000000007 61.500000000000007 1.9808932560376222 57.500000000000007 31.500000000000004 31.500000000000004 62.500000000000007 32.500000000000007 27.500000000000004 59.500000000000007 58.500000000000007 3.8294395188611343 60.500000000000007 58.500000000000007 55.500000000000007 48.500000000000007 52.500000000000007 52.500000000000007 54.500000000000007 93.500000000000014
decision_type=2 2 2 2 2 2 2 2 2 2 2 2 2 2 2 2 2 2 2 2 2 2 2 2 2 2 2 2 2 2
left_child=1 2 9 8 18 7 -7 -2 10 25 23 20 13 -13 -9 17 -17 -11 21 -14 24 -4 -20 -3 -5 -1 -27 -10 -29 -8
right_child=5 3 4 11 -6 6 29 14 27 15 -12 12 19 -15 -16 16 -18 -19 22 -21 -22 -23 -24 -25 -26 26 -28 28 -30 -31
leaf_value=0.48372765655531624 0.49905469517605272 0.48153958240767508 0.47678226694039672 0.45955678523407861 0.49432614070795317 0.49328078985920498 0.49799964245497574 0.48593951411760566 0.45998705205340951 0.46384821651256891 0.46856861255518101 0.45992730220986444 0.47807513167390986 0.46573887804759734 0.46701945800880623 0.46506254835317229 0.47885864997430283 0.46942351535362781 0.46848730465987881 0.46619343894460608 0.45843213823221202 0.48686112143522631 0.47852476433493085 0.49644583753848054 0.46614202359094087 0.46614202359094092 0.47995930663437864 0.47524886923320669 0.46434757124763726 0.50068523119953534
leaf_weight=4.717655777931216 6.1329525113105801 7.3123664557933825 22.172982156276703 15.804146856069563 9.435311555862425 1638.2059688866138 104.26019269227982 5.4253041446208963 5.8970697224140194 111.5725591480732 7.7841320335865012 140.58614218235016 7.0764836668968192 52.365979135036469 8.0200148224830592 33.967121601104736 23.824161678552628 65.575415313243866 18.634740322828296 93.645467191934586 142.00143891572952 10.850608289241789 10.378842711448668 4.7176557779312134 25.475341200828552 6.3688353002071407 10.614725500345228 4.7176557779312143 8.2558976113796199 11.794139444828032
leaf_count=20 26 31 94 67 40 6945 442 23 25 473 33 596 30 222 34 144 101 278 79 397 602 46 44 20 108 27 45 20 35 50
internal_value=0.484525 0.465687 0.470269 0.462771 0.478719 0.493486 0.493611 0.482297 0.473026 0.467916 0.479993 0.461939 0.463399 0.461505 0.474654 0.467102 0.47075 0.465912 0.476345 0.467028 0.459601 0.480094 0.472078 0.487385 0.463621 0.476723 0.474778 0.46571 0.468312 0.498273
internal_weight=0 843.753 328.113 515.64 71.4725 1773.84 1754.26 19.5783 38.6848 256.64 19.8142 476.955 293.674 192.952 13.4453 234.939 57.7913 177.148 62.0372 100.722 183.281 33.0236 29.0136 12.03 41.2795 21.7012 16.9836 18.8706 12.9736 116.054
internal_count=11097 3577 1391 2186 303 7520 7437 83 164 1088 84 2022 1245 818 57 996 245 751 263 427 777 140 123 51 175 92 72 80 55 492
is_linear=0
shrinkage=1


Tree=1
num_leaves=31
num_cat=0
split_feature=2 1 3 1 2 1 1 1 1 3 1 2 2 12 1 1 1 1 1 2 1 3 1 1 1 1 13 1 12 1
split_gain=4320.84 831.765 109.08 99.1694 63.3973 45.0072 61.6138 29.8314 26.3769 25.9271 24.5317 19.7029 35.9945 19.6391 18.6681 15.8666 26.9819 17.0179 16.2199 15.6311 12.2848 10.7376 10.2846 19.89 10.2355 10.0612 15.2023 9.9273 9.80116 9.29474
threshold=65.500000000000014 1119808862681.0002 43.500000000000007 4092079271560.5005 55.500000000000007 1861025320257.0002 2777491177929.0005 174026437347.50003 3704300934115.0005 32.500000000000007 2883033186372.5005 29.500000000000004 55.500000000000007 3.7980938520108252 2777491174764.5005 174026440880.50003 702778647780.50012 702778654961.50012 174026447988.50003 32.500000000000007 1862882900096.0002 31.500000000000004 174026418081.50003 174026419606.50003 174026441896.50003 1119808860540.0002 3.9136391360770522 4092079271080.5005 3.8273192999520735 174026439087.00003
decision_type=2 2 2 2 2 2 2 2 2 2 2 2 2 2 2 2 2 2 2 2 2 2 2 2 2 2 2 2 2 2
left_child=2 15 4 8 7 13 11 -1 10 25 14 20 -13 -4 -3 22 18 -18 24 21 -7 -9 -2 -24 -17 -6 -27 -21 -15 -25
right_child=1 3 5 -5 9 6 -8 19 -10 -11 -12 12 -14 28 -16 16 17 -19 -20 27 -22 -23 23 29 -26 26 -28 -29 -30 -31
leaf_value=-0.021944060045191088 -0.017662341450916982 0.012452042162273129 -0.024626422015297078 -0.0044150086530118536 -0.01347585446547829 0.008607934749688009 -0.023238135207274004 -0.018964467791990659 0.0063737288281271844 0.0097257548514358954 0.015508086622835189 -0.022287565810419109 -0.0056137692061838853 -0.010244091015057098 0.0050548866153502315 0.0092541012537029899 -0.010755333745489482 -0.0013024873021924694 0.0085016132983041434 -0.011556187705916003 -0.0080396494227532589 -0.012888317796444313 0.0054854478854647493 -0.0069952807936314015 -0.0035384085421967999 -0.0085701973785772597 0.0058308038787308293 0.0028159533798768183 -0.020351986621900263 -0.015557736396601683
leaf_weight=70.122534483671188 9.1801422983407956 1015.8521947264671 283.88594180345535 35.078478798270226 22.224390268325806 5.2130146622657767 87.75101438164711 70.632173389196396 64.731772616505623 9.4131493568420392 285.72516585886478 30.583164930343628 22.451411008834839 12.074431091547011 35.302617788314819 7.297036185860633 48.021696746349335 31.56247678399086 22.360267445445061 62.231913432478905 29.612397462129593 49.442091748118401 12.240189731121061 145.00535880029202 43.780318081378937 30.25805339217186 9.6739550381898862 5.2082712948322287 46.679436326026917 13.892289593815802
leaf_count=296 39 4316 1197 149 94 22 370 298 275 40 1214 129 95 51 150 31 204 134 95 263 125 209 52 616 186 128 41 22 197 59
internal_value=0 0.0088904 -0.0185681 0.0121924 -0.0140667 -0.0214275 -0.0173112 -0.0163796 0.012608 -0.00574062 0.0129099 -0.0113915 -0.015229 -0.0235373 0.0122036 -0.00534101 -0.00297269 -0.00700641 0.00139865 -0.0142988 -0.00554767 -0.0164625 -0.00735082 -0.0067977 -0.00171084 -0.00808289 -0.0050814 -0.0104463 -0.0182747 -0.00774389
internal_weight=0 1770.03 847.457 1436.69 329.207 518.251 175.611 257.637 1401.61 71.5695 1336.88 87.86 53.0346 342.64 1051.15 333.34 153.022 79.5842 73.4376 187.514 34.8254 120.074 180.318 171.138 51.0774 62.1564 39.932 67.4402 58.7539 158.898
internal_count=11097 7520 3577 6104 1391 2186 741 1088 5955 303 5680 371 224 1445 4466 1416 650 338 312 792 147 507 766 727 217 263 169 285 248 675
is_linear=0
shrinkage=0.01


Tree=2
num_leaves=31
num_cat=0
split_feature=2 0 0 3 0 2 4 4 0 12 3 3 0 0 12 3 3 12 0 0 2 3 4 3 0 2 12 2 2 12
split_gain=4225.95 891.046 1007.29 105.653 102.196 61.6295 47.3727 41.5443 25.7798 25.478 25.3881 23.1519 22.2271 240.147 18.6678 16.2733 15.3964 18.7993 35.2048 14.3247 12.2862 9.53907 8.05484 7.98073 22.8648 12.1264 7.07477 6.52887 6.22846 5.70954
threshold=65.500000000000014 4296066.5000000009 4301512.5000000009 43.500000000000007 5575758.5000000009 55.500000000000007 28.500000000000004 28.500000000000004 4296552.0000000009 2.9375842593472381 32.500000000000007 31.500000000000004 4305780.0000000009 4305469.5000000009 3.8061042970938286 58.500000000000007 61.500000000000007 1.9808932560376222 4296358.0000000009 4299148.5000000009 57.500000000000007 27.500000000000004 58.500000000000007 31.500000000000004 4297759.5000000009 32.500000000000007 3.8294395188611343 60.500000000000007 58.500000000000007 2.9440480304514218
decision_type=2 2 2 2 2 2 2 2 2 2 2 2 2 2 2 2 2 2 2 2 2 2 2 2 2 2 2 2 2 2
left_child=3 -2 6 5 12 8 -3 14 9 -1 21 -8 13 -4 15 28 22 20 -19 -13 -18 26 -9 25 -25 -10 -7 -23 -5 -11
right_child=1 2 4 7 -6 10 11 16 23 29 -12 19 -14 -15 -16 -17 17 18 -20 -21 -22 27 -24 24 -26 -27 -28 -29 -30 -31
leaf_value=0.010991069116872103 0.01357591125703392 0.013898239050206023 0.012881326613156751 -0.0028612669519681188 -0.026528461840600509 -0.0075397524377323775 0.0026796965350286716 -0.020305355641150921 -0.020827511014171792 -0.018840785265600461 0.0096515410093780257 -0.020282075467143345 0.014089709327711695 -0.021926606121851173 -0.018248827086174719 -0.015616936449302017 -0.023849593796584974 -0.022481250724599233 -0.01067181462303283 -0.014661523641758654 -0.018202652621084885 -0.015684235297553736 -0.02529944028771439 0.0014545646308399785 -0.016899347313409724 -0.015435135580679977 0.0023103075680900383 -0.0058106480326969483 0.01187537646374272 -0.009386097968105224
leaf_weight=5.6843159496784201 1219.5947108864784 4.6930552423000327 160.88312500715256 7.3323507010936755 7.5154792815446845 22.262489646673203 5.1904962658882132 41.664788961410522 96.661475360393524 8.7999611943960172 9.3907880783081037 159.53756286203861 122.79917815327644 22.605846211314201 19.042631208896637 7.829076722264289 142.13179594278336 54.51019062101841 47.015711754560471 63.350862100720406 52.858126387000084 18.746606498956684 143.62079375982285 8.0692897289991361 42.730027243494987 73.348890706896782 10.843432605266569 10.4193869382143 4.7105464339256287 23.295070335268974
leaf_count=24 5196 20 685 31 32 94 22 175 406 37 40 677 523 96 80 33 596 229 198 269 222 79 602 34 180 309 46 44 20 98
internal_value=0 0.0088209 -0.00178912 -0.0183062 0.00990285 -0.0138817 -0.0175512 -0.0211123 -0.0161558 -0.00852242 -0.0056757 -0.0181984 0.0107968 0.00859299 -0.0111735 -0.00439345 -0.021915 -0.0205019 -0.0170124 -0.0186846 -0.0223188 -0.00798709 -0.0241764 -0.0174618 -0.0139839 -0.018501 -0.00431349 -0.012157 0.00290293 -0.0119784
internal_weight=0 1766.17 546.576 850.968 313.804 330.252 232.772 520.716 258.589 37.7793 71.6627 228.079 306.288 183.489 38.9146 19.872 481.801 296.516 101.526 222.888 194.99 62.2719 185.286 220.81 50.7993 170.01 33.1059 29.166 12.0429 32.095
internal_count=11097 7520 2324 3577 1336 1391 988 2186 1088 159 303 968 1304 781 164 84 2022 1245 427 946 818 263 777 929 214 715 140 123 51 135
is_linear=0
shrinkage=0.01


Tree=3
num_leaves=31
num_cat=0
split_feature=12 0 0 1 4 0 3 1 12 12 1 0 1 1 0 0 1 1 0 12 3 3 12 1 0 1 1 12 0 12
split_gain=4111.98 854.504 1006.81 129.905 117.468 99.8797 69.3786 55.8948 39.0868 28.2219 27.5681 46.8683 26.3046 43.8832 37.5318 18.3664 15.5301 15.2511 14.4415 14.1086 24.9235 14.0605 13.2745 13.2031 12.6493 12.4597 18.0086 12.0339 11.8283 8.6195
threshold=1.9533992703327747 4296066.5000000009 4301512.5000000009 1119808859400.0002 44.000000000000007 5575758.5000000009 43.500000000000007 4363500793924.5005 2.9361312091082001 3.8049765068063102 174026435790.00003 4305469.5000000009 1861025320257.0002 3475289751892.0005 4295326.5000000009 4296552.0000000009 174026437347.50003 4092079271560.5005 4299148.5000000009 3.8357334410039359 26.500000000000004 56.500000000000007 3.8157201904287903 2482915549923.5005 4299696.5000000009 2883033186372.5005 2777491174764.5005 4.6884573824664786 4297759.5000000009 3.8273192999520735
decision_type=2 2 2 2 2 2 2 2 2 2 2 2 2 2 2 2 2 2 2 2 2 2 2 2 2 2 2 2 2 2
left_child=1 25 3 -3 9 10 8 18 15 21 11 -4 22 14 -14 -6 -10 19 -5 20 -11 -2 -8 -12 -17 26 -1 -21 -18 -24
right_child=4 2 5 7 6 -7 12 -9 16 17 23 -13 13 -15 -16 24 28 -19 -20 27 -22 -23 29 -25 -26 -27 -28 -29 -30 -31
leaf_value=0.013193901161305747 0.0076106647778702366 -0.023899500091111234 0.016054473655305112 -0.0073588500956299407 0.0062404009456836877 -0.026095757079973685 -0.023914429419284133 -0.026003667383943569 -0.021436411818524986 0.0050508613088712353 0.01382595421231656 -0.0099342417644148889 -0.025107207069364385 -0.022772479105182621 -0.0073272939150402765 -0.014754736801558331 -0.010267295194418321 0.0057785221097598968 0.0026064410919880848 -0.019756713151445456 -0.01207505901486601 -0.0065997724285041873 -0.0091574142202846716 0.0094495605879631375 -0.0026550873934473251 0.015358272059476048 0.0053173574948718804 -0.0084375428721053646 -0.016897039303050036 -0.020213874613886271
leaf_weight=907.99877168238163 11.768889099359514 141.40211299061775 12.214711815118791 39.913088172674179 8.993088632822035 7.5634497553110114 289.19407111406326 13.727071225643156 54.506434366106987 9.9046122878789884 139.10942363739014 16.066747069358826 15.817254006862639 84.315791174769402 47.604038238525391 20.899760395288467 36.692845284938812 4.7447750121355048 22.877625241875648 34.799800306558609 59.823235437273979 17.050438657402992 8.5855705887079221 136.65401057898998 14.729503259062765 276.29508253931999 29.986128002405167 12.864524006843565 100.94575943052769 39.448278412222862
leaf_count=3881 50 597 52 169 38 32 1207 58 228 42 594 68 66 352 200 88 154 20 97 146 252 72 36 584 62 1182 128 54 423 165
internal_value=0 0.0088692 -0.00173121 -0.0182199 -0.0177201 0.00979998 -0.019398 -0.00772421 -0.0149607 -0.0096979 0.0106929 0.00129024 -0.0215643 -0.0180457 -0.0117616 -0.00652942 -0.0169187 -0.0117982 -0.00372802 -0.0125086 -0.00964238 -0.000796686 -0.0231058 0.0116572 -0.00975262 0.0134919 0.0129421 -0.0167017 -0.0151296 -0.0182376
internal_weight=0 1743.81 529.528 217.92 872.689 311.608 721.732 76.5178 236.767 150.956 304.045 28.2815 484.965 147.737 63.4213 44.6224 192.145 122.137 62.7907 117.392 69.7278 28.8193 337.228 275.763 35.6293 1214.28 937.985 47.6643 137.639 48.0338
internal_count=11097 7442 2251 921 3655 1330 3019 324 993 636 1298 120 2026 618 266 188 805 514 266 494 294 122 1408 1178 150 5191 4009 200 577 201
is_linear=0
shrinkage=0.01


Tree=4
num_leaves=31
num_cat=0
split_feature=2 0 0 1 3 0 2 1 1 1 0 1 1 0 3 2 1 12 4 0 0 1 1 1 0 1 1 13 12 2
split_gain=4045.18 864.629 963.493 132.389 99.7046 97.9314 58.6801 52.4175 41.0099 56.3451 31.4696 27.8418 27.3163 46.0243 24.9462 24.5739 23.6272 17.9903 15.4525 18.2129 14.2845 13.2686 12.4677 17.7557 11.0781 13.2453 9.5953 14.4895 9.15625 9.02564
threshold=65.500000000000014 4296066.5000000009 4301512.5000000009 1119808859400.0002 43.500000000000007 5575758.5000000009 55.500000000000007 4363500793924.5005 1861025320257.0002 2777491177929.0005 4296358.0000000009 174026437347.50003 174026435790.00003 4305469.5000000009 32.500000000000007 102.50000000000001 1862882923884.5002 3.7980938520108252 27.500000000000004 4296552.0000000009 4297284.0000000009 2482915549923.5005 2883033186372.5005 2777491174764.5005 4296552.0000000009 174026424700.00003 1119808860540.0002 3.9136391360770522 3.8273192999520735 60.500000000000007
decision_type=2 2 2 2 2 2 2 2 2 2 2 2 2 2 2 2 2 2 2 2 2 2 2 2 2 2 2 2 2 2
left_child=4 22 3 15 6 12 11 16 17 10 -10 24 13 -4 26 -3 -5 -6 -13 -20 -12 -14 23 -2 25 -1 29 -28 -19 -8
right_child=1 2 5 7 8 -7 14 -9 9 -11 20 18 21 -15 -16 -17 -18 28 19 -21 -22 -23 -24 -25 -26 -27 27 -29 -30 -31
leaf_value=-0.0004122269679508922 0.013097704374716348 -0.0032515877242803343 0.015958049531635141 -0.012204691496810636 -0.02354982462476737 -0.025681165231293161 -0.016661115224297626 -0.024264437073464377 -0.024734359173454904 -0.022226877397557847 0.0003514131925589046 -1.2651998764048968e-05 0.013760489836132619 -0.0098121667659122353 0.0096700099730191846 -0.023667392533765243 0.00016334286132225299 -0.0097756077127745013 -0.006647974262636561 -0.01562853686369366 -0.01057366827599375 0.0093777637990942499 0.015266962983728904 0.0052712814742854816 -0.022694287565731022 -0.023085642138174517 -0.0082649493219064552 0.0057908974908578194 -0.019499782612431744 -0.0018856148408765037
leaf_weight=5.2764234840869886 905.63774213194847 6.1517734080553046 12.165876910090448 22.486505627632141 288.17197816073895 7.6084666848182669 16.917004168033603 14.996504127979277 13.968754306435583 89.021864056587219 14.976225093007086 7.8762749880552283 140.03476670384407 16.103781998157501 9.3963944911956769 141.68494774401188 49.330788359045982 12.176882475614546 26.433375373482704 155.01160882413387 59.576916381716728 136.32489866018295 275.67160354554653 29.945956289768219 60.719360515475273 5.0351443886756897 30.434151247143745 9.6624260842800123 47.280304580926895 5.4713165611028662
leaf_count=22 3884 26 52 95 1197 32 71 63 58 370 63 33 600 68 40 595 209 51 111 648 250 584 1184 128 253 21 128 41 197 23
internal_value=0 0.00868576 -0.00175077 -0.0170619 -0.0178072 0.00975573 -0.0135198 -0.00725996 -0.0205195 -0.0166093 -0.0109599 -0.015728 0.0106408 0.00127807 -0.0055215 -0.0228179 -0.00370918 -0.0225165 -0.013725 -0.0143202 -0.00837904 0.0115985 0.0133979 0.0128472 -0.0210668 -0.0114837 -0.00780597 -0.00487779 -0.0175083 -0.0130502
internal_weight=0 1758.14 546.888 234.651 857.406 312.238 332.233 86.8138 525.173 177.544 88.5219 260.352 304.629 28.2697 71.8813 147.837 71.8173 347.629 189.321 181.445 74.5531 276.36 1211.26 935.584 71.0309 10.3116 62.4849 40.0966 59.4572 22.3883
internal_count=11097 7520 2324 988 3577 1336 1391 367 2186 741 371 1088 1304 120 303 621 304 1445 792 759 313 1184 5196 4012 296 43 263 169 248 94
is_linear=0
shrinkage=0.01


Tree=5
num_leaves=31
num_cat=0
split_feature=2 3 2 4 3 2 12 4 12 12 3 3 12 2 3 3 4 2 4 3 4 12 2 2 4 2 2 3 3 2
split_gain=3958.63 96.8286 57.1122 37.562 24.4327 22.8519 25.4669 23.9579 17.5867 16.4587 15.6377 14.4137 17.0737 11.6533 10.8491 9.09098 25.4982 11.4707 9.00868 8.99892 7.36557 6.71322 6.26172 6.04373 4.07392 2.77717 7.27329 2.67906 3.3772 0.767187
threshold=65.500000000000014 43.500000000000007 55.500000000000007 28.500000000000004 32.500000000000007 71.500000000000014 1.4656961749257615 28.500000000000004 3.8061042970938286 2.9361312091082001 58.500000000000007 61.500000000000007 1.9808932560376222 57.500000000000007 31.500000000000004 31.500000000000004 62.500000000000007 32.500000000000007 59.500000000000007 27.500000000000004 58.500000000000007 3.8294395188611343 60.500000000000007 58.500000000000007 55.500000000000007 48.500000000000007 52.500000000000007 52.500000000000007 54.500000000000007 93.500000000000014
decision_type=2 2 2 2 2 2 2 2 2 2 2 2 2 2 2 2 2 2 2 2 2 2 2 2 2 2 2 2 2 2
left_child=1 2 9 8 19 7 -7 -2 10 25 23 20 13 -13 -9 17 -17 -11 -14 21 24 -4 -21 -3 -5 -1 -27 -10 -29 -8
right_child=5 3 4 11 -6 6 29 14 27 15 -12 12 18 -15 -16 16 -18 -19 -20 22 -22 -23 -24 -25 -26 26 -28 28 -30 -31
leaf_value=-0.00046564101658504685 0.01435443422296 -0.0027269382822119026 -0.0072786547975085113 -0.023428070334628348 0.0095964071475534082 0.0084196473421721922 0.013031842867565337 0.001417179620106779 -0.023169799624554378 -0.019321792130716681 -0.015179912799169087 -0.022829879390688309 -0.005537579880504925 -0.017365458254534363 -0.016854676335074609 -0.018373789233610407 -0.0049802169580882771 -0.014098982245900988 -0.017136249397558062 -0.015184515483976938 -0.024229073814955707 0.0023091107054292763 -0.0055453368622021436 0.011793779666083543 -0.017033918743809877 -0.017485277899377878 -0.0040540822634389283 -0.0084176562575945576 -0.018934354235131758 0.015746438412666687
leaf_weight=4.7523975968360928 6.0925106108188656 7.3534192144870776 22.374165967106819 16.150204300880432 9.373891353607176 1620.2091350704432 102.51343438029289 5.4252993464469919 6.0132653564214733 113.86743785440922 7.8850486129522315 144.1064385920763 7.2019694149494162 53.521332740783691 8.1031298488378489 34.54427470266819 24.151843994855881 66.674390479922295 95.40225388109684 18.898611083626751 145.66682541370392 10.84160767495632 10.474508062005041 4.6973705142736435 26.014772772789001 6.4599892944097546 10.726437404751776 4.7930023372173318 8.4135874360799754 11.587785959243773
leaf_count=20 26 31 94 67 40 6945 442 23 25 473 33 596 30 222 34 144 101 278 397 79 602 46 44 20 108 27 45 20 35 50
internal_value=0 -0.0175682 -0.0133479 -0.020235 -0.00545997 0.00861981 0.00874122 -0.00211165 -0.0108113 -0.0155213 -0.00423092 -0.020991 -0.0196317 -0.02135 -0.00952712 -0.0162815 -0.0128627 -0.017393 -0.0163221 -0.00771495 -0.0231637 -0.00414921 -0.0117472 0.0029332 -0.019483 -0.00723163 -0.00910257 -0.0176369 -0.0151176 0.0133075
internal_weight=0 860.359 333.14 527.219 71.9628 1753.93 1734.31 19.6209 39.1557 261.177 19.9358 488.064 300.232 197.628 13.5284 239.238 58.6961 180.542 102.604 62.5889 187.832 33.2158 29.3731 12.0508 42.165 21.9388 17.1864 19.2199 13.2066 114.101
internal_count=11097 3577 1391 2186 303 7520 7437 83 164 1088 84 2022 1245 818 57 996 245 751 427 263 777 140 123 51 175 92 72 80 55 492
is_linear=0
shrinkage=0.01


Tree=6
num_leaves=31
num_cat=0
split_feature=2 0 0 1 0 12 1 1 2 1 0 1 0 1 2 1 0 1 1 2 1 1 1 1 5 1 1 0 0 1
split_gain=3874.28 853.188 943.835 128.873 96.0917 78.0559 62.2619 69.5048 58.2948 51.0557 36.2416 26.997 45.2954 26.8827 24.0934 22.9206 18.2297 16.8127 27.9358 16.4585 13.6 13.1526 12.3882 17.6052 8.39175 10.0255 17.9225 7.84792 10.6496 7.7506
threshold=65.500000000000014 4296066.5000000009 4301512.5000000009 1119808859400.0002 5575758.5000000009 2.9433833877757176 1861025320257.0002 2777491177929.0005 55.500000000000007 4363500793924.5005 4296066.5000000009 174026435790.00003 4305469.5000000009 4092079271560.5005 102.50000000000001 1862882923884.5002 4296358.0000000009 174026437347.50003 702778648565.00012 30.500000000000004 174026422363.50003 2482915549923.5005 2883033186372.5005 2777491174764.5005 56.500000000000007 174026432249.50003 702778649454.50012 4295248.5000000009 4277590.5000000009 1955683344136.5002
decision_type=2 2 2 2 2 2 2 2 2 2 2 2 2 2 2 2 2 2 2 2 2 2 2 2 2 2 2 2 2 2
left_child=5 22 3 14 11 6 -1 10 13 15 -8 12 -4 17 -3 -5 -12 20 -19 -15 -7 -13 23 29 -10 -26 -27 28 -25 -2
right_child=1 2 4 9 -6 8 7 -9 24 -11 16 21 -14 19 -16 -17 -18 18 -20 -21 -22 -23 -24 27 25 26 -28 -29 -30 -31
leaf_value=-0.022240344518159549 0.013956761631255078 -0.0032273309708942613 0.015814563378960315 -0.0121006355617032 -0.025412810237216071 -0.01294895367170398 -0.024043206599006779 -0.021081453498813633 -0.016077910812111379 -0.024002610081312797 0.0098362106554362137 0.013618095854094488 -0.0097951141509716958 -0.010978161062034166 -0.023437959724103799 7.7569639668179823e-05 -0.0080241830788296449 -0.0069490599823113872 -0.017038956472384636 0.0098487576642017505 -0.022886563948430357 0.0092431230501646266 0.015123431879441875 0.0073035189789387289 -0.014336927067725895 0.0068561462564426688 -0.0061636273134127407 0.015833837996074455 -0.0068235007825408894 0.012095607135362741
leaf_weight=342.60546685755253 415.37290005385876 6.1538010984659186 12.089310899376871 22.52640126645565 7.6370331197977057 18.105601847171783 14.089931026101111 99.272080287337303 6.9903929233551017 15.051941901445387 6.1691945791244498 139.21869130432606 16.108920156955719 10.393934369087221 142.14863574504852 49.229573547840118 77.582274690270424 35.395063996315002 122.09508953988552 5.9759029299020758 57.526578158140182 135.69184878468513 273.88984502851963 16.322496831417091 9.0729844868183118 13.922726839780806 43.942266419529915 5.5845833122730246 7.9280698895454398 485.03207927942276
leaf_count=1413 1791 26 52 95 32 75 58 410 29 63 26 600 68 43 595 209 324 147 507 25 238 584 1184 70 38 59 185 24 34 2093
internal_value=0 0.00855296 -0.00181761 -0.016935 0.00962018 -0.0173362 -0.0196641 -0.0151863 -0.0134515 -0.00725799 -0.0092049 0.0105029 0.00118442 -0.0157625 -0.0225993 -0.00374554 -0.00670857 -0.0166323 -0.0147713 -0.00337518 -0.0205076 0.0114587 0.0132541 0.0127038 -0.00565219 -0.00456342 -0.00303098 0.00514627 0.00268507 0.0129542
internal_weight=0 1749.99 545.856 235.11 310.746 863.139 539.719 197.113 323.421 86.8079 97.8414 303.109 28.1982 249.492 148.302 71.756 83.7515 233.122 157.49 16.3698 75.6322 274.911 1204.13 930.24 73.9284 66.938 57.865 29.8352 24.2506 900.405
internal_count=11097 7520 2324 988 1336 3577 2231 818 1346 367 408 1304 120 1035 621 304 350 967 654 68 313 1184 5196 4012 311 282 244 128 104 3884
is_linear=0
shrinkage=0.01


Tree=7
num_leaves=31
num_cat=0
split_feature=2 0 0 1 0 3 2 1 1 1 0 1 0 1 3 2 1 13 4 0 0 1 1 1 0 1 1 13 13 2
split_gain=3792.62 840.604 923.481 125.105 94.111 91.9977 54.0323 49.6814 38.2407 52.6388 29.356 26.6185 44.4871 26.057 23.6306 23.3775 22.3848 16.5934 14.7918 17.4565 13.7855 13.014 12.2884 17.4023 10.6586 12.7257 9.18033 13.9984 8.70801 8.59316
threshold=65.500000000000014 4296066.5000000009 4301512.5000000009 1119808859400.0002 5575758.5000000009 43.500000000000007 55.500000000000007 4363500793924.5005 1861025320257.0002 2777491177929.0005 4296358.0000000009 174026435790.00003 4305469.5000000009 174026437347.50003 32.500000000000007 102.50000000000001 1862882923884.5002 3.8970908877135018 27.500000000000004 4296552.0000000009 4297284.0000000009 2482915549923.5005 2883033186372.5005 2777491174764.5005 4296552.0000000009 174026424700.00003 1119808860540.0002 3.9136391360770522 3.9120089853177893 60.500000000000007
decision_type=2 2 2 2 2 2 2 2 2 2 2 2 2 2 2 2 2 2 2 2 2 2 2 2 2 2 2 2 2 2
left_child=5 22 3 15 11 6 13 16 17 10 -10 12 -4 24 26 -3 -5 -7 -15 -20 -12 -13 23 -2 25 -1 29 -28 -19 -8
right_child=1 2 4 7 -6 8 14 -9 9 -11 20 21 -14 18 -16 -17 -18 28 19 -21 -22 -23 -24 -25 -26 -27 27 -29 -30 -31
leaf_value=-5.8046417723381675e-05 0.012870243016263421 -0.0031926887081346572 0.015723333541008445 -0.011947107584073248 -0.025026066602825959 -0.022601423383326866 -0.01616101899182323 -0.023645538689230458 -0.023709591473996254 -0.021333764117266649 0.00055601798342122056 0.01353204447722119 -0.0096755701049730976 0.0002075334656701843 0.0094984213871864981 -0.023091773491680793 7.6795833056006175e-05 -0.009314474067441833 -0.0062712091743035584 -0.0150320405565155 -0.010150282172552738 0.0091734864946111869 0.015035315279671366 0.0051018833591255789 -0.021831431470609175 -0.022178064455588883 -0.0080017332299130682 0.0058043380397566546 -0.018758675678338024 -0.0017703565206740382
leaf_weight=5.3123030066490156 897.23125003278255 6.1583447605371466 12.038117706775667 22.587411135435104 7.6772961765527716 291.61144378781319 17.047472313046459 15.126068651676176 14.145024687051771 90.047740995883942 15.041492804884909 138.70552603900433 16.144688367843628 7.9119084179401389 9.3430919349193555 142.83339190483093 49.228657007217407 12.271456956863402 26.613995343446732 156.40744268894196 60.002829596400261 135.35636454820633 272.74580205976963 29.794470101594925 61.409650936722755 5.095509260892868 30.580623582005501 9.6652229577302915 47.763612121343613 5.4843931049108496
leaf_count=22 3884 26 52 95 32 1197 71 63 58 370 63 600 68 33 40 595 209 51 111 648 250 584 1184 128 253 21 128 41 197 23
internal_value=0 0.00848883 -0.00179915 -0.0167067 0.00954949 -0.0171107 -0.0130063 -0.00717417 -0.0196997 -0.0159404 -0.0104951 0.0104277 0.00117342 -0.0151107 -0.00533919 -0.0222693 -0.00370493 -0.0216158 -0.0131794 -0.0137581 -0.00800437 0.0113794 0.0131695 0.0126206 -0.0202455 -0.0108877 -0.00754745 -0.00468614 -0.0168282 -0.0126582
internal_weight=0 1745.63 545.856 235.934 309.922 865.755 334.872 86.9421 530.884 179.237 89.1893 302.245 28.1828 262.751 72.1208 148.992 71.8161 351.647 190.933 183.021 75.0443 274.062 1199.77 927.026 71.8175 10.4078 62.7777 40.2458 60.0351 22.5319
internal_count=11097 7520 2324 988 1336 3577 1391 367 2186 741 371 1304 120 1088 303 621 304 1445 792 759 313 1184 5196 4012 296 43 263 169 248 94
is_linear=0
shrinkage=0.01


Tree=8
num_leaves=31
num_cat=0
split_feature=2 0 0 1 0 3 2 1 1 1 0 1 0 1 3 13 3 0 1 12 1 0 1 1 1 13 1 1 12 1
split_gain=3713.34 828.233 903.734 121.534 92.1913 89.5487 52.6955 52.0709 37.1749 51.2318 28.6004 26.2455 43.6973 20.6214 24.8282 21.7398 18.9432 17.0329 17.2728 16.1413 15.5558 13.4642 12.8799 12.1937 17.2057 11.65 10.4692 10.2063 8.47457 7.96405
threshold=65.500000000000014 4296066.5000000009 4301512.5000000009 1119808860540.0002 5575758.5000000009 43.500000000000007 52.500000000000007 4363500793924.5005 1861025320257.0002 2777491177929.0005 4296358.0000000009 174026435790.00003 4305469.5000000009 174026438393.50003 32.500000000000007 3.9104172329531406 57.500000000000007 4296552.0000000009 4092079271560.5005 3.7980938520108252 1862882928450.5002 4297284.0000000009 2482915549923.5005 2883033186372.5005 2777491174764.5005 3.9211304492367516 174026437347.50003 174026445959.50003 3.8273192999520735 174026441896.50003
decision_type=2 2 2 2 2 2 2 2 2 2 2 2 2 2 2 2 2 2 2 2 2 2 2 2 2 2 2 2 2 2
left_child=5 23 3 16 11 6 17 20 19 10 -10 12 -4 15 -15 -8 -3 -1 26 -7 -5 -12 -13 24 -2 -20 -19 -18 -21 -30
right_child=1 2 4 7 -6 8 13 -9 9 -11 21 22 -14 14 -16 -17 27 18 25 28 -22 -23 -24 -25 -26 -27 -28 -29 29 -31
leaf_value=-0.009048798892220114 0.012787535978882004 -0.002930653513921314 0.015634048193545764 -0.0087513235425632305 -0.024654693803353084 -0.022297173382468023 0.0021634016137897466 -0.023301826537472564 -0.02338836576178057 -0.021049207240994884 0.00055052236902003026 0.01344736964406093 -0.0095581750947202494 -0.0065460311370846022 0.01308074242597633 -0.021837858052639877 -0.023989843985183175 -0.021185144389504484 -0.016461089269163665 -0.0092048527256833618 0.0011447768405423787 -0.010028636312217849 0.0091045617268376931 0.014948914291056513 0.0050576976144048958 0.003577518312421413 -0.015928795898179367 -0.018225571338442204 -0.021809918384730679 -0.013472123234244189
leaf_weight=33.993472188711166 894.02012406289577 5.2072347253561011 11.986058652400972 26.3260627835989 7.7148173600435248 292.62943109869957 4.9660886675119427 15.19533848762512 14.195645466446875 90.350866183638573 15.039723396301268 138.18573789298534 16.179374516010284 80.400931373238564 7.0070893019437781 15.719752877950667 106.81503567099571 53.849645391106606 5.0825060307979566 12.293312162160872 40.046759039163589 60.122740745544434 135.01894375681877 271.58480806648731 29.754418775439262 6.7603410333395004 127.86422364413738 43.115980923175812 28.962965443730354 18.952322214841843
leaf_count=141 3884 22 52 111 32 1197 21 63 58 370 63 600 68 336 30 65 443 221 21 51 170 250 584 1184 128 28 528 179 119 78
internal_value=0 0.0084258 -0.0017811 -0.0164853 0.0094798 -0.0168918 -0.0128464 -0.00660334 -0.0194414 -0.0157393 -0.0103704 0.0103536 0.00116261 -0.00709745 -0.00497265 -0.0160758 -0.021681 -0.0155773 -0.0167239 -0.021327 -0.0027804 -0.00791179 0.0113011 0.0130862 0.0125386 -0.0050223 -0.0174865 -0.0223322 -0.0166117 -0.018512
internal_weight=0 1741.15 545.791 236.706 309.085 868.191 335.644 81.5682 532.547 179.709 89.3581 301.37 28.1654 108.094 87.408 20.6858 155.138 227.55 193.557 352.838 66.3728 75.1625 273.205 1195.36 923.775 11.8428 181.714 149.931 60.2086 47.9153
internal_count=11097 7520 2324 988 1336 3577 1391 344 2186 741 371 1304 120 452 366 86 644 939 798 1445 281 313 1184 5196 4012 49 749 622 248 197
is_linear=0
shrinkage=0.01


Tree=9
num_leaves=31
num_cat=0
split_feature=12 0 0 1 4 0 3 1 12 12 1 0 1 1 0 0 1 0 1 3 1 0 1 1 12 3 12 12 0 1
split_gain=3617.81 795.284 904.424 111.612 98.8095 90.1869 59.4957 49.0294 34.5358 25.963 25.7468 42.9255 22.6844 38.234 34.4324 17.283 14.3929 13.9994 13.3825 13.2859 12.5449 12.2809 11.9844 17.0528 11.8492 23.3131 11.3171 11.2854 10.8995 7.89723
threshold=1.9533992703327747 4296066.5000000009 4301512.5000000009 1119808859400.0002 44.000000000000007 5575758.5000000009 43.500000000000007 4363500793924.5005 2.9361312091082001 3.8049765068063102 174026435790.00003 4305469.5000000009 1861025320257.0002 3704300934566.5005 4295326.5000000009 4296552.0000000009 4092079271560.5005 4299148.5000000009 174026437347.50003 56.500000000000007 2482915549923.5005 4299696.5000000009 2883033186372.5005 2777491174764.5005 3.8357334410039359 26.500000000000004 4.6884573824664786 3.8157201904287903 4297759.5000000009 1955683344136.5002
decision_type=2 2 2 2 2 2 2 2 2 2 2 2 2 2 2 2 2 2 2 2 2 2 2 2 2 2 2 2 2 2
left_child=1 22 3 -3 9 10 8 17 15 19 11 -4 27 14 -14 -6 24 -5 -10 -2 -12 -17 23 29 25 -11 -26 -8 -20 -1
right_child=4 2 5 7 6 -7 12 -9 18 16 20 -13 13 -15 -16 21 -18 -19 28 -21 -22 -23 -24 -25 26 -27 -28 -29 -30 -31
leaf_value=0.013733828886991104 0.0076510494039146075 -0.022312676104675244 0.015546651524016497 -0.0071988118540308402 0.0064372085380841413 -0.024297809442061089 -0.02202311662197929 -0.024296573555446885 -0.019778883552100838 0.0051031301976528567 0.013339876602225173 -0.0094428665824059944 -0.023102977459049406 -0.021150085745428253 -0.0067648818847849601 -0.013919568724154952 0.0059874209415247326 0.0026076316752949263 -0.0093497996841748095 -0.0061350078770535822 0.0090363343917059177 -0.0020703833697351508 0.014862436995165094 0.0050138963634439801 -0.018466697187142805 -0.011441274351174306 -0.0075746771167230185 -0.016840739586449344 -0.015663626119246606 0.011844124750417819
leaf_weight=410.12694515287876 11.77989409863949 144.54109118878841 11.933170437812807 40.034571334719658 9.0390802621841413 7.749672293663024 295.98394848406315 14.04654151201248 55.701615944504738 9.9148579239845258 136.27000926434994 16.213003695011139 17.429726347327232 83.534003108739853 49.626232132315636 21.178715020418167 4.7685365825891486 22.875630602240562 37.25263050198555 17.193972945213318 134.67970663309097 14.901167601346968 269.94139155745506 29.714412674307823 35.433809608221054 60.420750141143799 13.053584471344946 48.9727503657341 102.76726332306862 479.95039294660091
leaf_count=1788 50 597 52 169 38 32 1207 58 228 42 594 68 71 341 206 88 20 97 154 72 584 62 1182 128 146 252 54 201 423 2093
internal_value=0 0.00847588 -0.00173367 -0.017133 -0.0163746 0.00938244 -0.0178922 -0.00740459 -0.0138149 -0.00905003 0.0102551 0.00115197 -0.0198738 -0.0166355 -0.0110116 -0.00592796 -0.0110474 -0.00363296 -0.0156331 -0.000530016 0.0112007 -0.0090258 0.0130098 0.0124661 -0.011731 -0.00910909 -0.0155344 -0.0212874 -0.0139838 0.0127149
internal_weight=0 1718.08 528.343 221.498 888.953 306.846 736.387 76.9567 240.84 152.565 299.096 28.1462 495.547 150.59 67.056 45.119 123.592 62.9102 195.722 28.9739 270.95 36.0799 1189.73 919.792 118.823 70.3356 48.4874 344.957 140.02 890.077
internal_count=11097 7442 2251 921 3655 1330 3019 324 993 636 1298 120 2026 618 277 188 514 266 805 122 1178 150 5191 4009 494 294 200 1408 577 3881
is_linear=0
shrinkage=0.01


Tree=10
num_leaves=31
num_cat=0
split_feature=2 0 0 1 0 4 1 1 1 2 0 12 1 0 4 4 4 12 1 1 1 13 1 1 1 1 1 2 0 1
split_gain=3561.74 804.018 865.882 115.161 88.5263 70.5598 50.5152 56.2685 49.498 33.9699 32.0558 28.5215 25.5187 42.1712 22.4451 17.8413 16.3034 16.2836 15.2378 12.6312 12.2305 13.4967 12.0209 16.8273 11.4154 20.5984 11.1554 10.6036 10.0526 9.78038
threshold=65.500000000000014 4296066.5000000009 4301512.5000000009 1119808860540.0002 5575758.5000000009 38.500000000000007 1861025320257.0002 2777491177929.0005 4363500793924.5005 55.500000000000007 4295008.0000000009 2.9440480304514218 174026435790.00003 4305469.5000000009 62.500000000000007 70.500000000000014 25.500000000000004 2.9318659306754946 1862882923884.5002 2482915549923.5005 1119808860540.0002 3.9136391360770522 2883033186372.5005 2777491174764.5005 174026437347.50003 702778648565.00012 174026422363.50003 60.500000000000007 4297759.5000000009 174026445959.50003
decision_type=2 2 2 2 2 2 2 2 2 2 2 2 2 2 2 2 2 2 2 2 2 2 2 2 2 2 2 2 2 2
left_child=5 22 3 15 12 9 11 10 18 -1 -8 -7 13 -4 -12 -3 27 -9 -5 -14 -18 -22 23 -2 26 -26 -13 -11 -19 -17
right_child=1 2 4 8 -6 6 7 17 -10 16 14 24 19 -15 -16 29 20 28 -20 -21 21 -23 -24 -25 25 -27 -28 -29 -30 -31
leaf_value=-0.015229755464580564 0.012625693631886351 -0.0028960813106126688 0.015461087913612838 -0.01081602853104954 -0.023954594773865034 -0.021105803093985132 -0.022780173602036342 -0.021033617308122147 -0.022649389357994622 -0.0031146859371276384 -0.023921848347784564 -0.011318520072661769 0.013283101714460642 -0.0093295850462682319 -0.005402368058938776 -0.023332616353195692 -0.014398720932637213 -0.0071350893041283369 0.00011778785544156695 0.0089687892611855918 -0.0093918569177233232 0.0050778396954149268 0.014781301824565149 0.0049704743417576967 -0.0062409290932684391 -0.017128076681408106 -0.021344186668349072 0.011001002510736825 -0.016740833649349751 -0.017710607905504563
leaf_weight=64.59486086666584 887.49350337684155 5.2101969271898261 11.87948687374592 17.193650782108307 7.7819347381591788 348.81993609666824 14.284004881978033 85.247752085328102 15.319986417889593 16.882666930556301 7.0541471391916266 14.647374123334883 137.13408462703228 16.245601505041122 90.54890488088131 107.69535872340202 21.03885617852211 15.276775181293486 49.275966912508011 134.33877384662628 18.447933897376064 9.9086208492517454 269.21760447323322 29.674457132816315 27.735933884978294 46.535247996449471 45.804544150829315 7.7713516950607291 37.980819255113602 43.419247403740883
leaf_count=266 3884 22 52 72 32 1420 58 347 63 71 29 60 600 68 376 443 87 63 209 584 77 42 1184 128 114 191 187 33 156 179
internal_value=0 0.00830322 -0.00174506 -0.0160597 0.00934386 -0.0164726 -0.0177086 -0.0140628 -0.00644521 -0.00992997 -0.0087885 -0.0195965 0.0102088 0.00114151 -0.00674084 -0.02109 -0.00530686 -0.0183235 -0.00271045 0.0111482 -0.00862182 -0.00433572 0.0129234 0.012378 -0.0156885 -0.0130624 -0.018915 0.00133481 -0.0139855 -0.0217173
internal_weight=0 1731.88 545.494 238.114 307.38 872.58 733.935 250.392 81.7896 138.644 111.887 483.543 299.598 28.1251 97.6031 156.325 74.0494 138.505 66.4696 271.473 49.3954 28.3566 1186.39 917.168 134.723 74.2712 60.4519 24.654 53.2576 151.115
internal_count=11097 7520 2324 988 1336 3577 3001 1029 344 576 463 1972 1304 120 405 644 310 566 281 1184 206 119 5196 4012 552 305 247 104 219 622
is_linear=0
shrinkage=0.01


Tree=11
num_leaves=31
num_cat=0
split_feature=2 0 0 1 0 3 2 1 1 1 0 1 0 1 3 3 12 1 4 0 0 1 1 1 0 1 1 1 13 12
split_gain=3488.9 792.265 847.801 112.083 86.7724 83.7286 49.1336 48.2684 34.1891 47.2394 26.4336 25.1616 41.4339 23.784 22.5649 17.3606 14.929 14.9247 14.2129 16.2559 12.9948 12.5093 11.9399 16.645 10.0012 12.2799 9.49771 8.55746 13.2528 8.19596
threshold=65.500000000000014 4296066.5000000009 4301512.5000000009 1119808860540.0002 5575758.5000000009 43.500000000000007 55.500000000000007 4363500793924.5005 1861025320257.0002 2777491177929.0005 4296358.0000000009 174026435790.00003 4305469.5000000009 174026437347.50003 32.500000000000007 57.500000000000007 3.7980938520108252 1862882928450.5002 27.500000000000004 4296552.0000000009 4297284.0000000009 2482915549923.5005 2883033186372.5005 2777491174764.5005 4296552.0000000009 174026424700.00003 174026445959.50003 1119808860540.0002 3.9136391360770522 3.8273192999520735
decision_type=2 2 2 2 2 2 2 2 2 2 2 2 2 2 2 2 2 2 2 2 2 2 2 2 2 2 2 2 2 2
left_child=5 22 3 15 11 6 13 17 16 10 -10 12 -4 24 27 -3 -7 -5 -15 -20 -12 -13 23 -2 25 -1 -17 -8 -29 -18
right_child=1 2 4 7 -6 8 14 -9 9 -11 20 21 -14 18 -16 26 29 -19 19 -21 -22 -23 -24 -25 -26 -27 -28 28 -30 -31
leaf_value=0.00039088159084781988 0.012546491960970843 -0.0028652260186741631 0.015377302680935227 -0.0085133552739558305 -0.023624294019017885 -0.021453728515383883 -0.012128325405479748 -0.022341620937883024 -0.022492330424065777 -0.02025834945517754 0.00063554233259799364 0.013202305887609494 -0.0092182721513768048 0.00055437090918533877 0.0094471961697632501 -0.023012575638144673 -0.0087476502112111918 0.001166350607265218 -0.005885825500071622 -0.014310662543285613 -0.0097461771128488899 0.0089019111063351891 0.014699751619479832 0.0049274278888171985 -0.020763898168190235 -0.021236732143550312 -0.017481240993498046 -0.0076650470096731402 0.0057649696843607781 -0.017868099933669813
leaf_weight=5.3538348972797376 884.18162870407104 5.2136246263980857 11.825044050812723 26.439818635582924 7.8116772025823584 295.17723082005978 22.714067652821541 15.37543338537216 14.321939423680304 91.116331443190575 15.064476594328879 136.5962840616703 16.277191638946533 7.9646827280521384 9.325978606939314 108.09910064935684 12.37921394407749 40.067199990153313 26.786922618746758 157.94994582235813 60.387696608901024 133.99626697599888 268.01008133590221 29.634560897946358 62.161094963550568 5.1512171775102615 43.548392176628113 30.760375678539276 9.6537630558013898 48.282096415758133
leaf_count=22 3884 22 52 111 32 1197 94 63 58 370 63 600 68 33 40 443 51 170 111 648 250 584 1184 128 253 21 179 128 41 197
internal_value=0 0.0082433 -0.00172815 -0.0158569 0.00927698 -0.0162709 -0.0123708 -0.00637342 -0.0187257 -0.0151859 -0.0100375 0.0101374 0.00113122 -0.0143636 -0.00507224 -0.0208073 -0.0205252 -0.00268181 -0.0125252 -0.0130891 -0.0076734 0.0110728 0.0128438 0.0122994 -0.0192388 -0.0102144 -0.0214242 -0.00721721 -0.00445701 -0.0160069
internal_weight=0 1727.08 545.25 238.744 306.506 874.551 337.822 81.8825 536.729 180.89 89.7741 298.695 28.1022 265.368 72.4542 156.861 355.839 66.507 192.702 184.737 75.4522 270.593 1181.83 913.816 72.6661 10.5051 151.647 63.1282 40.4141 60.6613
internal_count=11097 7520 2324 988 1336 3577 1391 344 2186 741 371 1304 120 1088 303 644 1445 281 792 759 313 1184 5196 4012 296 43 622 263 169 248
is_linear=0
shrinkage=0.01


Tree=12
num_leaves=31
num_cat=0
split_feature=2 0 0 1 0 3 2 1 1 1 0 1 0 1 3 13 3 0 1 1 12 0 1 1 1 13 1 1 12 0
split_gain=3418.08 780.708 830.228 109.152 85.0687 81.7255 48.0898 47.0894 33.3437 46.0933 25.8151 24.8096 40.7129 19.5188 23.7833 20.518 16.9033 15.7733 16.5244 14.6452 14.5808 12.6973 12.3912 11.8632 16.4671 11.363 9.42751 9.23403 7.99245 7.79569
threshold=65.500000000000014 4296066.5000000009 4301512.5000000009 1119808860540.0002 5575758.5000000009 43.500000000000007 52.500000000000007 4363500793924.5005 1861025320257.0002 2777491177929.0005 4296358.0000000009 174026435790.00003 4305469.5000000009 174026438393.50003 32.500000000000007 3.9104172329531406 57.500000000000007 4296552.0000000009 4092079271560.5005 1862882923884.5002 3.7980938520108252 4297284.0000000009 2482915549923.5005 2883033186372.5005 2777491174764.5005 3.9211304492367516 174026437347.50003 174026445959.50003 3.8273192999520735 4295248.5000000009
decision_type=2 2 2 2 2 2 2 2 2 2 2 2 2 2 2 2 2 2 2 2 2 2 2 2 2 2 2 2 2 2
left_child=5 23 3 16 11 6 17 19 20 10 -10 12 -4 15 -15 -8 -3 -1 26 -5 -7 -12 -13 24 -2 -20 -19 -18 -22 -26
right_child=1 2 4 7 -6 8 13 -9 9 -11 21 22 -14 14 -16 -17 27 18 25 -21 28 -23 -24 -25 29 -27 -28 -29 -30 -31
leaf_value=-0.0085569674756640988 0.012468394119795154 -0.0028347306831724116 0.015295247750898506 -0.010580075305402255 -0.023306206569131436 -0.02118829260272739 0.0022746622745162307 -0.022044556467414451 -0.022214487547028556 -0.020008007802902267 0.00062926982644833816 0.013122736776776174 -0.0091088760569749423 -0.0062095711150192013 0.013019243914885634 -0.020994695979619792 -0.022704031009429321 -0.020145065689773069 -0.015754295897724181 0.00012303647970721512 -0.0086474267112063435 -0.009631685695249444 0.0088356869979024071 0.014619728981592068 0.0024264374205389067 0.003955502861658888 -0.015183811522394626 -0.017258106729086422 -0.017646457291170665 0.015600018799890548
leaf_weight=34.243317916989326 880.83942623436451 5.2169977128505698 11.769873902201654 17.262344524264336 7.8389695435762397 295.88269010186195 4.977179259061816 15.426539197564123 14.355882570147513 91.332707896828651 15.062488704919813 136.05301356315613 16.307797312736511 80.85353296995163 6.9882689863443366 15.878179773688315 108.470563352108 54.458066195249557 5.1286250203847867 49.281742125749588 12.397369876503943 60.493927597999573 133.65230269730091 266.78842079639435 24.072071939706806 6.8075935989618301 129.09917713701725 43.669706463813782 48.399043366312981 5.5226561278104773
leaf_count=141 3884 22 52 72 32 1197 21 63 58 370 63 600 68 336 30 65 443 221 21 209 51 250 584 1184 104 28 528 179 197 24
internal_value=0 0.00818435 -0.00171159 -0.0156597 0.00921098 -0.0160748 -0.0122248 -0.0063028 -0.018497 -0.0150044 -0.00992177 0.010067 0.00112108 -0.00674461 -0.00467982 -0.0154414 -0.0205339 -0.0148177 -0.0159143 -0.00265348 -0.0202718 -0.00758612 0.0109983 0.0127653 0.0122219 -0.00451319 -0.0166557 -0.0211409 -0.0158114 0.00488475
internal_weight=0 1722.17 544.95 239.328 305.622 876.358 338.434 81.9706 537.924 181.245 89.9123 297.783 28.0777 108.697 87.8418 20.8554 157.357 229.737 195.493 66.5441 356.679 75.5564 269.705 1177.22 910.434 11.9362 183.557 152.14 60.7964 29.5947
internal_count=11097 7520 2324 988 1336 3577 1391 344 2186 741 371 1304 120 452 366 86 644 939 798 281 1445 313 1184 5196 4012 49 749 622 248 128
is_linear=0
shrinkage=0.01


Tree=13
num_leaves=31
num_cat=0
split_feature=2 0 0 1 0 3 2 1 1 1 0 1 0 1 3 13 3 0 1 1 12 0 1 1 1 13 1 1 12 1
split_gain=3349.16 769.343 813.148 106.353 83.4128 79.8288 46.9326 45.9577 32.5431 45.001 25.2248 24.4626 40.008 19.0607 23.3296 20.0088 16.4677 15.3912 16.1157 14.361 14.2535 12.4081 12.2766 11.7903 16.2924 11.1101 9.21126 8.98785 7.79819 7.7508
threshold=65.500000000000014 4296066.5000000009 4301512.5000000009 1119808860540.0002 5575758.5000000009 43.500000000000007 52.500000000000007 4363500793924.5005 1861025320257.0002 2777491177929.0005 4296358.0000000009 174026435790.00003 4305469.5000000009 174026438393.50003 32.500000000000007 3.9104172329531406 57.500000000000007 4296552.0000000009 4092079271560.5005 1862882928450.5002 3.7980938520108252 4297284.0000000009 2482915549923.5005 2883033186372.5005 2777491174764.5005 3.9211304492367516 174026437347.50003 174026445959.50003 3.8273192999520735 1955683344136.5002
decision_type=2 2 2 2 2 2 2 2 2 2 2 2 2 2 2 2 2 2 2 2 2 2 2 2 2 2 2 2 2 2
left_child=5 23 3 16 11 6 17 19 20 10 -10 12 -4 15 -15 -8 -3 -1 26 -5 -7 -12 -13 24 29 -20 -19 -18 -22 -2
right_child=1 2 4 7 -6 8 13 -9 9 -11 21 22 -14 14 -16 -17 27 18 25 -21 28 -23 -24 -25 -26 -27 -28 -29 -30 -31
leaf_value=-0.0084593748430778076 0.013407497456646225 -0.0028045900941247471 0.01521487334743344 -0.0083328250253024445 -0.022999678477565171 -0.020931459106276879 0.0022530765876137612 -0.021757643395117293 -0.021946141645051327 -0.019765292348937324 0.00062305969753692907 0.013044358744377746 -0.009001341288902228 -0.0061401935293467326 0.012933459782632856 -0.020721950003280937 -0.022406382451130323 -0.019897417220635333 -0.015560627554233352 0.0011538146778859251 -0.0085488097788873185 -0.0095191683468901084 0.00877010350551727 0.01454118904022272 0.0048426004360027563 0.0039185275739742308 -0.014998962641103735 -0.017040932069798665 -0.017430786905679722 0.011522075591428852
leaf_weight=34.29174180328846 404.56613101065159 5.2203170657157889 11.71400958299637 26.524214625358582 7.8638808876276007 296.51484459638596 4.9746266156435039 15.473424777388571 14.385949581861494 91.528716281056404 15.060517609119414 135.5045437514782 16.337442576885223 80.948940008878708 6.9643939137458792 15.926054298877714 108.81063486635685 54.583859756588936 5.1404710561037046 40.05483278632164 12.4148903042078 60.59636016190052 133.30698762834072 265.55328999459743 29.554243117570877 6.8031346350908279 129.38186572492123 43.783402010798454 48.507349923253059 472.90236496925354
leaf_count=141 1791 22 52 111 32 1197 21 63 58 370 63 600 68 336 30 65 443 221 21 170 51 250 584 1184 128 28 528 179 197 2093
internal_value=0 0.00812635 -0.00169537 -0.0154681 0.00914585 -0.0158837 -0.0120817 -0.00623346 -0.018275 -0.0148275 -0.00980822 0.00999739 0.00111111 -0.0066699 -0.0046292 -0.0152536 -0.0202694 -0.0146398 -0.0157216 -0.00262554 -0.0200263 -0.00750022 0.0109247 0.012688 0.0121454 -0.00446521 -0.0164524 -0.0208669 -0.0156208 0.0123914
internal_weight=0 1717.17 544.594 239.867 304.727 878.024 339.015 82.0525 539.009 181.572 90.0428 296.863 28.0515 108.814 87.9133 20.9007 157.814 230.201 195.909 66.579 357.437 75.6569 268.812 1172.58 907.023 11.9436 183.966 152.594 60.9222 877.468
internal_count=11097 7520 2324 988 1336 3577 1391 344 2186 741 371 1304 120 452 366 86 644 939 798 281 1445 313 1184 5196 4012 49 749 622 248 3884
is_linear=0
shrinkage=0.01


Tree=14
num_leaves=31
num_cat=0
split_feature=2 0 0 1 0 3 2 1 1 1 0 1 0 1 3 3 0 12 4 0 1 0 1 1 0 1 1 1 16 2
split_gain=3282.09 758.167 796.536 103.683 81.8028 78.0231 45.8657 44.871 31.7843 43.9591 24.661 24.1207 39.3186 22.1984 21.2836 16.0526 14.1382 13.9456 13.5846 15.3923 12.1656 12.1267 11.7214 16.1228 9.21494 11.9642 8.75779 8.1532 12.9421 7.8603
threshold=65.500000000000014 4296066.5000000009 4301512.5000000009 1119808860540.0002 5575758.5000000009 43.500000000000007 55.500000000000007 4363500793924.5005 1861025320257.0002 2777491177929.0005 4296358.0000000009 174026435790.00003 4305469.5000000009 174026437347.50003 32.500000000000007 57.500000000000007 4299148.5000000009 3.7980938520108252 27.500000000000004 4296552.0000000009 2482915549923.5005 4297284.0000000009 2883033186372.5005 2777491174764.5005 4296552.0000000009 174026424700.00003 174026445959.50003 1119808860540.0002 3.9890262342966052 60.500000000000007
decision_type=2 2 2 2 2 2 2 2 2 2 2 2 2 2 2 2 2 2 2 2 2 2 2 2 2 2 2 2 2 2
left_child=5 22 3 15 11 6 13 16 17 10 -10 12 -4 24 27 -3 -5 -7 -15 -20 -13 -12 23 -2 25 -1 -17 29 -29 -8
right_child=1 2 4 7 -6 8 14 -9 9 -11 21 20 -14 18 -16 26 -18 -19 19 -21 -22 -23 -24 -25 -26 -27 -28 28 -30 -31
leaf_value=0.0005558892706257661 0.012315393352790346 -0.0027747987453260177 0.015136131022077148 -0.0060352502694061587 -0.022704106177085476 -0.020682816116552087 -0.015061176615709942 -0.021480369708527621 -0.021686826315031507 -0.019529848187906037 0.00061690922162379615 0.012967138829161956 -0.008895617741618329 0.00068621522644209717 0.0092621749976887317 -0.022119066315105216 0.0035766483281193156 -0.015434837849794577 -0.0056396438941638616 -0.013820162779649368 0.0087051467140188948 -0.0094085700261425341 0.014464092609488194 0.0048006534334009967 -0.020009359922889592 -0.020751631611100829 -0.01682946191096225 -0.0074359306712739794 0.0058216986557572724 -0.0013642341219632539
leaf_weight=5.3679811507463437 874.07007119059563 5.2235834747552863 11.657482862472536 42.791710823774338 7.8864779472351065 297.07578311860561 17.306848853826526 15.516207948327063 14.412250176072119 91.704922661185265 15.058563277125357 134.95113852620125 16.366149425506592 7.9830550402402869 9.2628208845853788 109.12020428478718 23.822005107998848 61.039044752717018 26.893844485282898 158.88880230486393 132.9604307115078 60.695085525512695 264.30531559884548 29.514558091759682 62.602554559707642 5.1764401346445084 43.889684066176414 30.878605335950851 9.6689710170030576 5.5280662626028052
leaf_count=22 3884 22 52 180 32 1197 71 63 58 370 63 600 68 33 40 443 101 248 111 648 584 250 1184 128 253 21 179 128 41 23
internal_value=0 0.00806927 -0.00167947 -0.0152815 0.00908157 -0.0156975 -0.0119416 -0.00616523 -0.0180594 -0.0146549 -0.00969679 0.00992863 0.00110129 -0.013859 -0.00489681 -0.0200133 -0.0025979 -0.0197883 -0.0120871 -0.012636 0.010852 -0.00741567 0.0126118 0.0120699 -0.0185527 -0.00990434 -0.0206018 -0.00696603 -0.00427452 -0.0117453
internal_weight=0 1712.08 544.185 240.363 303.822 879.544 339.558 82.1299 539.986 181.871 90.1659 295.935 28.0236 266.913 72.6453 158.233 66.6137 358.115 193.766 185.783 267.912 75.7536 1167.89 903.585 73.147 10.5444 153.01 63.3825 40.5476 22.8349
internal_count=11097 7520 2324 988 1336 3577 1391 344 2186 741 371 1304 120 1088 303 644 281 1445 792 759 1184 313 5196 4012 296 43 622 263 169 94
is_linear=0
shrinkage=0.01


Tree=15
num_leaves=31
num_cat=0
split_feature=2 0 0 1 0 3 2 1 1 1 0 1 0 1 3 13 3 0 1 1 12 1 0 1 1 13 1 1 1 1
split_gain=3216.8 747.176 780.37 101.137 80.2365 76.2929 44.8947 43.8274 31.062 42.9644 24.1221 23.7836 38.6442 18.4059 22.5076 19.1436 15.6566 14.609 15.6391 14.0376 13.6617 12.0578 11.853 11.6562 15.9572 10.8482 8.74414 8.54263 7.71899 45.3269
threshold=65.500000000000014 4296066.5000000009 4301512.5000000009 1119808860540.0002 5575758.5000000009 43.500000000000007 52.500000000000007 4363500793924.5005 1861025320257.0002 2777491177929.0005 4296358.0000000009 174026435790.00003 4305469.5000000009 174026438393.50003 32.500000000000007 3.9104172329531406 57.500000000000007 4296552.0000000009 4092079271560.5005 1862882923884.5002 3.7980938520108252 2482915549923.5005 4297284.0000000009 2883033186372.5005 2777491174764.5005 3.9211304492367516 174026437347.50003 174026445959.50003 1955683344136.5002 2384994534721.0005
decision_type=2 2 2 2 2 2 2 2 2 2 2 2 2 2 2 2 2 2 2 2 2 2 2 2 2 2 2 2 2 2
left_child=5 23 3 16 11 6 17 19 20 10 -10 12 -4 15 -15 -8 -3 -1 26 -5 -7 -13 -12 24 28 -20 -19 -18 -2 -30
right_child=1 2 4 7 -6 8 13 -9 9 -11 22 21 -14 14 -16 -17 27 18 25 -21 -22 -23 -24 -25 -26 -27 -28 -29 29 -31
leaf_value=-0.0082860376625689489 0.013258746704416895 -0.0027453528540667396 0.015058977219564978 -0.010310193703950421 -0.022418923394830984 -0.020441975915621691 0.0022106550322971768 -0.021212254984196509 -0.021436104831076722 -0.019301341668434596 0.00061081871898552547 0.012891045943562477 -0.0087916558434257396 -0.0059878049660118827 0.012795439909052684 -0.020260951392878465 -0.021841559175712667 -0.019420114406610383 -0.015214380588315967 0.00015075818422594466 -0.015252361962922168 0.0086408045773464382 -0.0092998376457655001 0.014388396929675485 0.0047590643482999847 0.004006494654810175 -0.014656838889147475 -0.016623452083356083 0.0019873242758933715 0.012399078146497133
leaf_weight=34.37240494787693 401.28776548802853 5.2267981320619574 11.600323960185053 17.337922126054764 7.9068259894847861 297.56752786040306 4.9682689905166653 15.555004566907881 14.434893578290938 91.861891463398933 15.056625723838804 134.3930532336235 16.393941342830658 81.143753260374069 6.9238851368427268 15.998978734016417 109.40012264251709 54.801446840167046 5.1602802723646146 49.312027350068092 61.15103554725647 132.6127400547266 60.790195763111115 263.04515554010868 29.474956423044205 6.8134345561265945 129.87467248737812 43.988753139972687 46.39970862865448 422.95868729054928
leaf_count=141 1791 22 52 72 32 1197 21 63 58 370 63 600 68 336 30 65 443 221 21 209 248 584 250 1184 128 28 528 179 207 1886
internal_value=0 0.00801307 -0.00166388 -0.0150998 0.0090181 -0.0155161 -0.0118047 -0.00609793 -0.0178496 -0.0144865 -0.00958743 0.0098607 0.00109162 -0.00651581 -0.00451106 -0.0149362 -0.0197652 -0.0143009 -0.0153522 -0.00257049 -0.0195573 0.0107801 -0.00733244 0.0125366 0.0119954 -0.00427708 -0.0160703 -0.0203451 0.0122404 0.0113698
internal_weight=0 1706.89 543.728 240.821 302.907 880.919 340.057 82.205 540.862 182.144 90.2817 295 27.9943 109.035 88.0676 20.9672 158.616 231.022 196.65 66.6499 358.719 267.006 75.8468 1163.17 900.121 11.9737 184.676 153.389 870.646 469.358
internal_count=11097 7520 2324 988 1336 3577 1391 344 2186 741 371 1304 120 452 366 86 644 939 798 281 1445 1184 313 5196 4012 49 749 622 3884 2093
is_linear=0
shrinkage=0.01


Tree=16
num_leaves=31
num_cat=0
split_feature=2 1 1 3 2 1 1 1 1 1 1 3 13 2 2 1 13 1 1 1 13 2 1 1 1 1 2 1 1 13
split_gain=3153.21 671.778 83.5361 74.6509 43.8555 30.3761 42.0142 23.0071 22.6616 19.2313 17.9912 22.0817 18.6885 16.0541 27.5039 15.5008 13.3949 12.4915 11.8713 11.6533 21.6316 10.9643 12.9977 15.9793 19.7879 12.1632 9.34414 8.30084 14.3083 7.61506
threshold=65.500000000000014 1119808862681.0002 3704300934115.0005 43.500000000000007 52.500000000000007 1861025320257.0002 2777491177929.0005 2883033186372.5005 4363500795869.5005 4363500796899.0005 174026438393.50003 32.500000000000007 3.9104172329531406 29.500000000000004 57.500000000000007 2777491174764.5005 3.8970908877135018 1862882903109.5002 1862882900096.0002 4092079271560.5005 3.9199460241542825 70.500000000000014 174026440880.50003 702778647780.50012 702778654961.50012 174026447988.50003 102.50000000000001 174026437347.50003 702778648565.00012 3.9120089853177893
decision_type=2 2 2 2 2 2 2 2 2 2 2 2 2 2 2 2 2 2 2 2 2 2 2 2 2 2 2 2 2 2
left_child=3 21 7 4 19 16 13 15 -4 -10 12 -12 -6 18 -15 17 -5 -3 -7 27 -21 -2 -23 25 -25 -24 -17 -1 -29 -18
right_child=1 2 8 5 10 6 -8 -9 9 -11 11 -13 -14 14 -16 26 29 -19 -20 20 -22 22 23 24 -26 -27 -28 28 -30 -31
leaf_value=-0.017661520222444268 -0.017833095805535982 0.0076706788273262936 0.0044129248807506785 -0.020208573348385352 0.002189660272605593 0.0095086574364522357 -0.019079460054124028 0.014343584142731449 -0.018573901617711878 0.0023595426629828861 -0.0059214989186084704 0.012712960620271635 -0.020011339008554736 -0.017365811865456077 -0.0016793927885654272 0.015595690846719662 -0.0081068767302451637 0.011643738955216034 -0.0066765744561519741 -0.020765439205088491 0.0056169678518263036 -0.0063090512855620709 -0.001609827202190457 -0.0094430215680620447 0.0010963837147657119 0.0074034568310221626 0.0020509831370683919 -0.0077806078419897654 -0.015068849313955567 -0.016858435479260858
leaf_weight=65.459466904401779 6.2945176362991324 86.963526055216789 80.459574311971664 297.99207834899426 4.9657587110996273 5.3281590640544882 92.000172182917595 269.21398788690567 8.7941545397043246 8.7603824883699399 81.231393814086914 6.89924132823944 16.036365523934364 39.092448383569717 15.653184622526167 6.204855188727378 12.488977789878843 878.94486525654793 30.316676586866379 5.1746010184288007 7.7812351286411285 180.30319271981716 49.821523994207382 47.533178776502609 28.492637246847153 21.40430261194706 28.431793317198753 34.897125110030174 118.08323390781879 48.76586289703846
leaf_count=264 26 387 350 1197 21 22 370 1214 36 38 336 30 65 159 65 27 51 3929 125 21 32 760 213 200 122 95 123 142 480 197
internal_value=0 0.00795775 0.011062 -0.0153391 -0.0116704 -0.0176457 -0.0143221 0.0117486 0.00216694 -0.00812732 -0.00644479 -0.00446271 -0.0147621 -0.00948007 -0.0128807 0.0110503 -0.0193331 0.011286 -0.00425722 -0.0141349 -0.00492025 -0.00476008 -0.00450886 -0.0023046 -0.00549311 0.00109878 0.0044774 -0.0146814 -0.0134063 -0.0150741
internal_weight=0 1701.62 1367.77 882.166 340.528 541.638 182.391 1269.76 98.0141 17.5545 109.133 88.1306 21.0021 90.3905 54.7456 1000.55 359.247 965.908 35.6448 231.396 12.9558 333.849 327.555 147.252 76.0258 71.2258 34.6366 218.44 152.98 61.2548
internal_count=11097 7520 6104 3577 1391 2186 741 5680 424 74 452 366 86 371 224 4466 1445 4316 147 939 53 1416 1390 630 322 308 150 886 622 248
is_linear=0
shrinkage=0.01


Tree=17
num_leaves=31
num_cat=0
split_feature=2 0 0 1 0 3 2 1 1 1 0 1 0 1 3 2 1 13 4 0 1 0 1 1 0 1 3 1 1 1
split_gain=3090.81 732.122 758.369 97.0057 78.8135 73.0895 42.9173 39.0968 29.7324 41.112 23.2782 22.8819 37.9161 20.8027 20.0864 19.5943 18.7756 13.1383 12.9704 14.846 12.1309 11.5079 11.4575 15.6837 8.76428 11.6612 7.96027 7.90614 44.9735 9.43997
threshold=65.500000000000014 4296066.5000000009 4301512.5000000009 1119808859400.0002 5575758.5000000009 43.500000000000007 55.500000000000007 4363500793924.5005 1861025320257.0002 2777491177929.0005 4296358.0000000009 174026435790.00003 4305469.5000000009 174026437347.50003 32.500000000000007 102.50000000000001 1862882923884.5002 3.8970908877135018 27.500000000000004 4296552.0000000009 2482915549923.5005 4297284.0000000009 2883033186372.5005 2777491174764.5005 4296552.0000000009 174026424700.00003 27.500000000000004 1955683344136.5002 2384994534721.0005 1862882903109.5002
decision_type=2 2 2 2 2 2 2 2 2 2 2 2 2 2 2 2 2 2 2 2 2 2 2 2 2 2 2 2 2 2
left_child=5 22 3 15 11 6 13 16 17 10 -10 12 -4 24 26 -3 -5 -7 -15 -20 -13 -12 23 27 25 -1 -8 29 -29 -2
right_child=1 2 4 7 -6 8 14 -9 9 -11 21 20 -14 18 -16 -17 -18 -19 19 -21 -22 -23 -24 -25 -26 -27 -28 28 -30 -31
leaf_value=0.00080724226264568266 0.011251145263221305 -0.0023419454698834124 0.015014904355618164 -0.010872353653150426 -0.022229862500542517 -0.019982271126938667 -0.003392146884870112 -0.020866263605173671 -0.021000863816987146 -0.018863907259854588 0.00066229215960067955 0.012772339746803793 -0.0086163393432585837 0.00079558272157500068 0.0090836146722929317 -0.020426027946360545 7.5414114654357914e-05 -0.014900914239821362 -0.0053535104689773428 -0.013369860834081733 0.0084955472378257495 -0.0090962510003537514 0.014247724209752861 0.0046820636758238979 -0.019336290832934741 -0.020182572096958531 -0.01047976897148712 0.0018595230569707771 0.012255335504688243 0.014394805561774094
leaf_weight=5.3882554173469526 158.72996534407139 6.245737448334693 11.566870361566545 22.978347390890121 7.9193622767925254 298.35135500133038 33.67935137450695 15.60030624270439 14.467038646340368 92.120293006300926 15.072390913963316 133.48946633934975 16.439790308475494 7.996849611401557 9.1973371207714063 147.20738354325294 49.223131254315376 61.346699386835098 27.010877668857574 159.65419456362724 131.80943340063095 60.958346098661423 260.60358683764935 29.399817734956741 62.915349498391151 5.202308863401413 29.92706997692585 46.194870337843895 419.65413077175617 239.87276035547256
leaf_count=22 710 26 52 95 32 1197 140 63 58 370 63 600 68 33 40 595 209 248 111 648 584 250 1184 128 253 21 123 207 1886 1081
internal_value=0 0.00790012 -0.00168187 -0.0148935 0.00889948 -0.0151664 -0.0115386 -0.00651054 -0.0174473 -0.0141611 -0.00937405 0.00973998 0.00114347 -0.0133871 -0.00472955 -0.01969 -0.00340875 -0.0191156 -0.0116756 -0.0122099 0.0106475 -0.00716171 0.0124027 0.0118648 -0.0179196 -0.0095034 -0.0067269 0.0121091 0.0112245 0.0131429
internal_weight=0 1696.93 542.48 241.255 301.225 883.288 340.972 87.8018 542.316 182.618 90.4978 293.306 28.0067 268.168 72.8038 153.453 72.2015 359.698 194.662 186.665 265.299 76.0307 1154.46 893.852 73.5059 10.5906 63.6064 864.452 465.849 398.603
internal_count=11097 7520 2324 988 1336 3577 1391 367 2186 741 371 1304 120 1088 303 621 304 1445 792 759 1184 313 5196 4012 296 43 263 3884 2093 1791
is_linear=0
shrinkage=0.01


Tree=18
num_leaves=31
num_cat=0
split_feature=12 0 0 1 0 3 1 1 1 0 1 1 1 0 3 0 0 0 0 12 1 1 1 1 1 0 0 12 1 0
split_gain=3014.94 704.32 760.532 88.8859 77.1898 72.5543 39.9627 51.352 38.8251 30.015 29.2891 25.2824 32.2551 34.0547 26.3654 23.174 244.96 17.8357 13.4908 13.0256 11.2853 15.5661 8.01483 44.4562 9.01917 7.64864 10.5855 7.44689 7.52539 7.37326
threshold=1.9533992703327747 4296066.5000000009 4301512.5000000009 702778654961.50012 5575758.5000000009 43.500000000000007 1861025320257.0002 3475289751892.0005 4363500793924.5005 4295326.5000000009 174026438393.50003 702778648565.00012 1861025319719.5002 4296358.0000000009 32.500000000000007 4305780.0000000009 4305469.5000000009 4297258.0000000009 4299148.5000000009 3.7980938520108252 2883033186372.5005 2777491174764.5005 1955683344136.5002 2384994534721.0005 1862882903109.5002 4295248.5000000009 4277590.5000000009 3.8273192999520735 174026441896.50003 4296552.0000000009
decision_type=2 2 2 2 2 2 2 2 2 2 2 2 2 2 2 2 2 2 2 2 2 2 2 2 2 2 2 2 2 2
left_child=1 20 3 -3 15 10 19 9 18 -8 29 14 -13 -14 -12 16 -4 -11 -5 -7 21 22 24 -24 -1 26 -23 -21 -29 -2
right_child=5 2 4 8 -6 6 7 -9 -10 17 11 12 13 -15 -16 -17 -18 -19 -20 27 -22 25 23 -25 -26 -27 -28 28 -30 -31
leaf_value=0.011237401057054272 -0.0090725661528681268 -0.020157958912787932 0.011739463669219337 -0.0071159478980313733 -0.021961006097440589 -0.019783168677979839 -0.020801604035431451 -0.018864886735253456 -0.021897646654958906 0.0038393953550251649 -0.006752592339867876 -0.016439882523044607 0.0073086902144598774 -0.009745126854660318 0.011246260962570658 0.013089882525966268 -0.02462618421808745 -0.0081662971831831209 0.0023841194240323978 -0.0078517486713340426 0.014173990254337939 0.0068519270927180865 0.0018420570069573932 0.012182847161022713 0.014319077413674225 0.015337713912691207 -0.0073211949644190148 -0.019665406828075337 -0.011642758375242613 -0.017202137080984975
leaf_weight=157.91974632441998 13.016842246055601 145.76350171864033 152.91991339623928 42.244960993528366 7.9360655397176734 301.12136824429035 16.475266590714455 87.99084398150444 14.390778228640555 15.002968162298201 39.274648889899254 71.1231779307127 12.913819462060927 125.54505959153175 10.26577705144882 117.00853200256824 21.075960949063301 70.620492219924927 23.133778959512711 12.528239265084265 258.85949629545212 16.075696498155601 46.166698828339577 417.9382139891386 238.25610764324665 5.4454182535409918 7.8393684625625601 29.566090792417526 19.340456172823906 78.057368203997612
leaf_count=709 53 588 685 177 32 1207 66 353 58 63 160 289 54 513 44 523 90 290 98 51 1182 70 207 1886 1079 24 34 119 78 315
internal_value=0 0.00795166 -0.00164995 -0.0155138 0.00880952 -0.0147233 -0.0169799 -0.0132661 -0.00702754 -0.00844102 -0.0111621 -0.00944758 -0.0109662 -0.00815455 -0.00302287 0.00964867 0.00733453 -0.00606266 -0.00375442 -0.018927 0.0123363 0.0118016 0.012046 0.0111542 0.0130907 0.00464148 0.00220597 -0.0147306 -0.0164928 -0.0160402
internal_weight=0 1672.97 524.473 225.533 298.94 902.842 552.646 190.09 79.7695 102.099 350.197 259.122 209.582 138.459 49.5404 291.004 173.996 85.6235 65.3787 362.556 1148.5 889.641 860.281 464.105 396.176 29.3605 23.9151 61.4348 48.9065 91.0742
internal_count=11097 7442 2251 921 1330 3655 2227 772 333 419 1428 1060 856 567 204 1298 775 353 275 1455 5191 4009 3881 2093 1788 128 104 248 197 368
is_linear=0
shrinkage=0.01


Tree=19
num_leaves=31
num_cat=0
split_feature=2 0 0 1 0 3 2 1 1 1 0 0 0 1 3 13 3 0 1 0 13 1 1 0 13 1 1 1 1 1
split_gain=2972.18 710.968 728.199 92.7608 75.8795 70.1783 41.5529 40.3191 28.467 39.3633 22.496 220.963 22.3121 17.0422 20.8755 18.0033 14.8851 13.8374 14.7785 13.4886 12.6714 11.3516 15.3738 11.0107 10.3184 8.25596 7.97124 7.78626 43.9489 9.33195
threshold=65.500000000000014 4296066.5000000009 4301512.5000000009 1119808860540.0002 5575758.5000000009 43.500000000000007 52.500000000000007 4363500793924.5005 1861025320257.0002 2777491177929.0005 4305780.0000000009 4305469.5000000009 4296358.0000000009 174026438393.50003 32.500000000000007 3.9104172329531406 57.500000000000007 4296552.0000000009 4092079271560.5005 4299148.5000000009 3.8970908877135018 2883033186372.5005 2777491174764.5005 4297284.0000000009 3.9211304492367516 174026445959.50003 174026437347.50003 1955683344136.5002 2384994534721.0005 1862882903109.5002
decision_type=2 2 2 2 2 2 2 2 2 2 2 2 2 2 2 2 2 2 2 2 2 2 2 2 2 2 2 2 2 2
left_child=5 21 3 16 10 6 17 19 20 12 11 -4 -10 15 -15 -8 -3 -1 26 -5 -7 22 27 -14 -20 -18 -19 29 -29 -2
right_child=1 2 4 7 -6 8 13 -9 9 -11 -12 -13 23 14 -16 -17 25 18 24 -21 -22 -23 -24 -25 -26 -27 -28 28 -30 -31
leaf_value=-0.00784036894645424 0.011109507565680184 -0.0024472837082926166 0.011667334339813578 -0.0058849879543045082 -0.021701204786246066 -0.019549478513986095 0.0023349957981894705 -0.020368891094854055 -0.020550481314493746 -0.0184525870020305 0.013014472681099015 -0.021872707011196937 0.00064435394217453919 -0.0056838434238684057 0.012510062070755482 -0.019417561853937657 -0.021026088814818295 -0.018583700429798646 -0.014577010703645676 0.0035054099537112911 -0.014565484538274139 0.014105425831698421 0.0046016606382069929 -0.0089001329025042205 0.004128223864829899 -0.015913273679945428 -0.014048189559037288 0.0018247467266185359 0.012111294516830181 0.014248227594570307
leaf_weight=34.567110151052475 157.55801793932915 5.2563374340534201 152.32960331439972 42.901139140129089 7.9506876915693274 298.88182586431503 4.9811026304960277 15.657139107584952 14.489566743373869 92.306609705090523 116.51214075088501 22.550053432583809 15.066289559006689 81.523141324520111 6.8352117240428916 16.111576974391937 110.09717562794685 55.090751200914383 5.19157826900482 23.773207485675812 61.509684890508652 258.01089994609356 29.319218456745148 61.117693305015564 6.8272891789674759 44.28668349981308 130.64220440387726 46.138740688562393 416.21193212270737 237.53262206912041
leaf_count=141 710 22 685 180 32 1197 21 63 58 370 523 96 63 336 30 65 443 221 21 101 248 1184 128 250 28 179 528 207 1886 1081
internal_value=0 0.00779404 -0.00164918 -0.0145496 0.00877875 -0.0148348 -0.0112844 -0.00592794 -0.0170679 -0.0138557 0.00961041 0.00734248 -0.00917594 -0.00620435 -0.0042764 -0.0142806 -0.018996 -0.0136777 -0.0146981 -0.00253678 -0.0186988 0.0122593 0.0117222 -0.0070126 -0.00395155 -0.0195594 -0.0153935 0.0119657 0.0110848 0.0129965
internal_weight=0 1686.09 541.314 241.972 299.342 885.142 341.77 82.3315 543.372 182.98 291.392 174.88 90.6735 109.451 88.3584 21.0927 159.64 232.319 197.752 66.6743 360.392 1144.77 886.761 76.184 12.0189 154.384 185.733 857.441 462.351 395.091
internal_count=11097 7520 2324 988 1336 3577 1391 344 2186 741 1304 781 371 452 366 86 644 939 798 281 1445 5196 4012 313 49 622 749 3884 2093 1791
is_linear=0
shrinkage=0.01


Tree=20
num_leaves=31
num_cat=0
split_feature=2 0 0 1 0 3 2 1 1 1 0 0 0 1 3 3 1 12 2 1 1 1 0 3 0 1 1 1 1 1
split_gain=2914.81 700.754 713.827 90.6659 74.4691 68.8133 40.6501 39.4416 27.9069 38.5675 22.2461 216.575 21.873 19.6427 19.0312 14.5483 13.4495 12.4623 11.8595 11.3023 15.2253 10.772 10.6393 9.30999 8.21818 11.3879 8.08101 7.7293 43.4514 9.28158
threshold=65.500000000000014 4296066.5000000009 4301512.5000000009 1119808860540.0002 5575758.5000000009 43.500000000000007 55.500000000000007 4363500793924.5005 1861025320257.0002 2777491177929.0005 4305780.0000000009 4305469.5000000009 4296358.0000000009 174026437347.50003 32.500000000000007 57.500000000000007 1862882928450.5002 3.7980938520108252 32.500000000000007 2883033186372.5005 2777491174764.5005 1862882900096.0002 4296552.0000000009 31.500000000000004 4296552.0000000009 174026424700.00003 174026445959.50003 1955683344136.5002 2384994534721.0005 1862882903109.5002
decision_type=2 2 2 2 2 2 2 2 2 2 2 2 2 2 2 2 2 2 2 2 2 2 2 2 2 2 2 2 2 2
left_child=5 19 3 15 10 6 13 16 17 12 11 -4 -10 24 -8 -3 -5 -7 23 20 27 -14 -20 -15 25 -1 -17 29 -29 -2
right_child=1 2 4 7 -6 8 14 -9 9 -11 -12 -13 21 18 -16 26 -18 -19 22 -21 -22 -23 -24 -25 -26 -27 -28 28 -30 -31
leaf_value=0.00096632590141051673 0.011039938823999633 -0.0024215791093081113 0.011596078684138722 -0.0080136066794310803 -0.021450020458742055 -0.019342624925624691 -0.0064734618130659173 -0.020135973024970166 -0.020335876656489758 -0.018254371493925326 0.012940160596254434 -0.0215454900595928 0.0035038221098887962 -0.015413328437598229 0.0089520621953930232 -0.02078440367194408 0.0011533312226546029 -0.014402595903092929 0.00095751089909609029 0.014036072797558911 0.0045617610281373077 -0.0082885210666692397 -0.0096952765608489273 -0.0098765467612065075 -0.018722333629922056 -0.019747905056518987 -0.015729901530647419 0.0018075917828009045 0.012040654541959579 0.014176834396195331
leaf_weight=5.4002713859081251 156.96832832694054 5.2589984238147727 151.7359639108181 26.65892918407917 7.9632885158061972 299.05639207363129 63.83715046942234 15.679749548435209 14.496015027165411 92.375469729304314 116.0119346678257 22.663024187088013 8.7504026889801008 73.830482885241508 9.1436751931905729 110.26277273893356 40.048877447843552 61.58291107416153 11.153025701642035 256.6994636952877 29.28009694814682 67.510407164692879 58.818368166685104 51.590355694293976 63.119384616613388 5.2189310938119888 44.354579269886017 46.110992297530174 414.47595965862274 236.34747931361198
leaf_count=22 710 22 685 111 32 1197 263 63 58 370 523 96 36 298 40 443 170 248 46 1184 128 277 239 209 253 21 179 207 1886 1081
internal_value=0 0.0077419 -0.00163453 -0.0143866 0.00871944 -0.0146741 -0.0111603 -0.00586462 -0.0168847 -0.0137056 0.00954671 0.00728936 -0.0090758 -0.0129553 -0.00454082 -0.0187781 -0.00251012 -0.0184991 -0.0112957 0.0121891 0.0116522 -0.00693543 -0.00799729 -0.0131358 -0.017353 -0.00921392 -0.0193344 0.0118954 0.0110162 0.0129249
internal_weight=0 1680.52 540.638 242.264 298.374 885.883 342.112 82.3876 543.772 183.132 290.411 174.399 90.7568 269.131 72.9808 159.876 66.7078 360.639 195.392 1139.88 883.183 76.2608 69.9714 125.421 73.7386 10.6192 154.617 853.903 460.587 393.316
internal_count=11097 7520 2324 988 1336 3577 1391 344 2186 741 1304 781 371 1088 303 644 281 1445 792 5196 4012 313 285 507 296 43 622 3884 2093 1791
is_linear=0
shrinkage=0.01


Tree=21
num_leaves=31
num_cat=0
split_feature=2 0 0 1 0 12 1 1 2 1 0 1 0 0 0 2 4 4 0 1 1 1 1 1 1 13 2 1 1 1
split_gain=2858.84 690.701 699.834 88.6528 73.0955 55.8434 44.6969 51.4463 43.0173 38.5949 29.6719 23.5222 21.9991 212.312 16.9167 14.293 14.2256 14.2012 13.1721 12.1272 25.6725 11.9349 11.2556 15.0801 9.99333 12.9248 9.67835 7.91675 7.67432 42.9632
threshold=65.500000000000014 4296066.5000000009 4301512.5000000009 1119808860540.0002 5575758.5000000009 2.9433833877757176 1861025320257.0002 3704300934115.0005 55.500000000000007 4363500793924.5005 4296066.5000000009 4092079271560.5005 4305780.0000000009 4305469.5000000009 4296358.0000000009 30.500000000000004 70.500000000000014 25.500000000000004 4299148.5000000009 174026437347.50003 174026447279.00003 174026422363.50003 2883033186372.5005 2777491174764.5005 1119808860540.0002 3.9136391360770522 60.500000000000007 174026445959.50003 1955683344136.5002 2384994534721.0005
decision_type=2 2 2 2 2 2 2 2 2 2 2 2 2 2 2 2 2 2 2 2 2 2 2 2 2 2 2 2 2 2
left_child=5 22 3 16 12 6 -1 10 11 18 -8 19 13 -4 -12 -13 -3 26 -5 21 -21 -7 23 28 -19 -26 -10 -18 -2 -30
right_child=1 2 4 9 -6 8 7 -9 17 -11 14 15 -14 -15 -16 -17 27 24 -20 20 -22 -23 -24 -25 25 -27 -28 -29 29 -31
leaf_value=-0.018604952624121686 0.012854360146766327 -0.0023961633458382753 0.011525673592051571 -0.0057873342749353539 -0.021207043012275207 -0.010273946514551062 -0.020165158515045589 -0.018049670904767525 -0.0026172835363020164 -0.019910109598432878 0.010222512197804045 -0.0087259925256699088 0.012866916844718983 -0.021229431881345295 -0.0068519270233669202 0.01050491978504337 -0.020550321372944279 -0.012834676108726151 0.0034907727693443157 -0.0035881066412377883 -0.014244933354288961 -0.019448332558495044 0.01396791130969008 0.0045221990374422127 -0.0086731784124784213 0.0053860214305289878 0.010893299228511344 -0.015550846623511897 0.0017905907249277713 0.011970900984304122
leaf_weight=352.81523367762566 391.52948220074177 5.2616179436445227 151.13921657204628 42.975989744067192 7.9739264547824851 18.630229011178017 16.74849097430706 95.277727350592613 16.970507875084881 15.698947206139563 6.2340060621500006 10.652775183320047 115.50812758505344 22.769875153899193 83.853179559111595 6.0652087181806555 110.40282642841339 21.413445010781288 23.762086853384972 27.164446219801903 134.69032894074917 59.356852605938911 255.37922367453575 29.241088181734085 18.95596277713776 9.9821965396404249 7.7115000337362281 44.416318833827972 46.083451643586159 412.73091419041157
leaf_count=1413 1791 22 685 180 32 75 67 382 71 63 26 43 523 96 343 25 443 87 101 110 544 238 1184 128 78 42 33 179 207 1886
internal_value=0 0.00769058 -0.00162018 -0.0142277 0.00866105 -0.0145168 -0.0164569 -0.0127072 -0.01127 -0.00580244 -0.00794271 -0.0132178 0.00948397 0.00723706 -0.00567038 -0.0017491 -0.0185665 -0.00460982 -0.00248387 -0.0140172 -0.0124564 -0.0172567 0.0121198 0.0115832 -0.00765574 -0.00382347 0.00160388 -0.019116 0.011826 0.0109484
internal_weight=0 1674.87 539.909 242.518 297.391 886.522 554.929 202.113 331.593 82.437 106.836 256.56 289.417 173.909 90.0872 16.718 160.081 75.0336 66.7381 239.842 161.855 77.9871 1134.96 879.585 50.3516 28.9382 24.682 154.819 850.344 458.814
internal_count=11097 7520 2324 988 1336 3577 2231 818 1346 344 436 1035 1304 781 369 68 644 311 281 967 654 313 5196 4012 207 120 104 622 3884 2093
is_linear=0
shrinkage=0.01


Tree=22
num_leaves=31
num_cat=0
split_feature=2 0 0 1 0 3 2 1 1 1 0 0 0 2 1 1 3 13 0 1 12 1 1 0 13 1 1 1 0 0
split_gain=2804.23 680.804 686.196 86.7246 71.7575 66.5326 38.8854 35.0318 26.9171 37.2041 21.755 208.167 21.0693 18.0663 17.6585 16.4256 20.0029 17.1368 13.349 14.1455 12.0792 11.2119 14.9378 10.7043 9.95378 7.62002 42.5872 9.29104 7.58206 10.4211
threshold=65.500000000000014 4296066.5000000009 4301512.5000000009 1119808859400.0002 5575758.5000000009 43.500000000000007 52.500000000000007 4363500793924.5005 1861025320257.0002 2777491177929.0005 4305780.0000000009 4305469.5000000009 4296358.0000000009 102.50000000000001 1862882923884.5002 174026438393.50003 32.500000000000007 3.9104172329531406 4296552.0000000009 4092079271560.5005 3.7980938520108252 2883033186372.5005 2777491174764.5005 4297284.0000000009 3.9211304492367516 1955683344136.5002 2452704926503.5005 1862882903109.5002 4295248.5000000009 4277590.5000000009
decision_type=2 2 2 2 2 2 2 2 2 2 2 2 2 2 2 2 2 2 2 2 2 2 2 2 2 2 2 2 2 2
left_child=5 21 3 13 10 6 18 14 20 12 11 -4 -10 -3 -5 17 -17 -8 -1 -20 -7 22 25 -14 -21 27 -27 -2 29 -24
right_child=1 2 4 7 -6 8 15 -9 9 -11 -12 -13 23 -15 -16 16 -18 -19 19 24 -22 -23 28 -25 -26 26 -28 -29 -30 -31
leaf_value=-0.0074999471009253131 0.010891452689522527 -0.0019650259093291194 0.011456097410728188 -0.010432144137153931 -0.020971887275264868 -0.018952020273182286 0.002305445269033422 -0.019690981190770177 -0.019925628591340866 -0.01788291733912108 0.012794712261356343 -0.020923947362924133 0.00076411868385767355 -0.01928901618739863 0.00016032498280980919 -0.0054807517078769409 0.012380843229843841 -0.018919818841224404 -0.01490223530442919 -0.014134473227502574 -0.014092677194616234 0.013900909556187811 0.0066868655893585847 -0.0086346893312465797 0.0042155257724220546 0.0035693277519879018 0.012155728095116993 0.014043852732611984 0.015185026691348826 -0.0073979654516161788
leaf_weight=34.696510061621666 155.67875654995441 6.2743133455514899 150.53956691920757 23.115351036190987 7.9826582521200171 299.23217198252678 4.9750994741916683 15.714831322431563 14.499767407774923 92.461777910590172 115.00092501938343 22.870770990848541 15.101949989795683 148.31953708827496 49.314884513616562 81.751522958278656 6.790567308664321 16.157699197530746 186.31716342270374 5.2085840255022031 61.702623203396797 254.050695925951 15.980237871408468 61.317917361855507 6.8354945182800293 67.831149041652679 389.20236170291901 234.05825664103031 5.396557703614234 7.8253983855247489
leaf_count=141 710 26 685 95 32 1197 21 63 58 370 523 96 63 595 209 336 30 65 749 21 248 1184 70 250 28 307 1786 1081 24 34
internal_value=0 0.00763999 -0.0016061 -0.0140725 0.00860356 -0.014363 -0.0109117 -0.00615663 -0.0165362 -0.0134164 0.00942215 0.00718555 -0.00887419 -0.0185859 -0.00322015 -0.00600154 -0.00411089 -0.013923 -0.0132223 -0.0142233 -0.0181213 0.0120513 0.0115149 -0.00677731 -0.00372012 0.0117574 0.0108814 0.0127846 0.00448297 0.00205689
internal_weight=0 1669.16 539.133 242.739 296.394 887.049 342.733 88.1451 544.316 183.381 288.411 173.41 90.9196 154.594 72.4302 109.675 88.5421 21.1328 233.058 198.361 360.935 1130.02 875.973 76.4199 12.0441 846.771 457.034 389.737 29.2022 23.8056
internal_count=11097 7520 2324 988 1336 3577 1391 367 2186 741 1304 781 371 621 304 452 366 86 939 798 1445 5196 4012 313 49 3884 2093 1791 128 104
is_linear=0
shrinkage=0.01


Tree=23
num_leaves=31
num_cat=0
split_feature=2 0 0 0 3 2 12 4 0 0 3 0 12 12 3 4 3 4 0 0 0 0 3 3 0 2 12 2 12 2
split_gain=2750.98 671.068 672.904 70.4535 65.3351 38.0715 31.2412 25.1895 21.5137 204.136 18.1414 17.8309 21.8593 14.2732 14.2128 12.169 11.9984 12.9561 16.5627 9.72588 19.6958 10.749 7.53209 6.5435 20.6799 9.0833 5.91814 5.47768 5.14145 5.11387
threshold=65.500000000000014 4296066.5000000009 4301512.5000000009 5575758.5000000009 43.500000000000007 55.500000000000007 2.8912802780207456 28.500000000000004 4305780.0000000009 4305469.5000000009 32.500000000000007 4296552.0000000009 2.9375842593472381 3.8061042970938286 58.500000000000007 28.500000000000004 61.500000000000007 59.500000000000007 4296066.5000000009 4299148.5000000009 4299696.5000000009 4296814.0000000009 27.500000000000004 31.500000000000004 4297759.5000000009 32.500000000000007 3.8294395188611343 58.500000000000007 2.9440480304514218 60.500000000000007
decision_type=2 2 2 2 2 2 2 2 2 2 2 2 2 2 2 2 2 2 2 2 2 2 2 2 2 2 2 2 2 2
left_child=4 -2 6 8 5 11 19 13 9 -4 22 12 -1 14 27 -8 -9 -18 -19 21 -21 -3 26 25 -25 -13 -7 -6 -14 -24
right_child=1 2 3 -5 7 10 15 16 -10 -11 -12 23 28 -15 -16 -17 17 18 -20 20 -22 -23 29 24 -26 -27 -28 -29 -30 -31
leaf_value=0.011662866607916086 0.011983779954578283 -0.0122249304858461 0.011387328970210686 -0.020744191919530554 -0.0014112930963835438 -0.0059322582546380747 0.014025347899327202 -0.018923784124994195 0.012723518362083099 -0.020628493376572396 0.0088248541017631032 -0.016471893436905895 -0.015784541916343528 -0.014790137627186895 -0.013162990454013033 -0.006140354633471813 -0.0027330782479167491 -0.019553986524120066 -0.01450165723638522 -0.0021419376749906498 -0.014714120592083655 -0.017773286992603658 -0.012962957613065467 0.0038858524329295529 -0.013211546833440715 -0.011906917587211857 0.0029948575116385922 0.012289038775661809 -0.0069784658061805924 -0.0043527814636177336
leaf_weight=5.7847047299146643 1125.0524818301201 50.356993421912193 149.93721860647202 7.9895395487546912 7.5317782461643237 22.880733892321587 4.7093499898910514 194.11497637629509 114.4905267059803 22.965871825814247 9.0926626026630384 101.18316777050495 9.1429513692855817 19.846860900521278 8.1002704203128797 8.2082118690013868 7.4583942741155616 94.214707106351852 208.43311282992363 16.702709913253784 49.067423984408379 113.88133129477501 19.4384188503027 8.4052225202321988 44.680011078715324 76.575341120362282 10.994488447904585 4.7643827199935913 24.123657748103142 10.692409008741377
leaf_count=24 5196 204 685 32 31 94 20 777 523 96 40 406 37 80 33 34 30 377 838 69 200 461 79 34 180 309 46 20 98 44
internal_value=0 0.00759019 -0.0015923 0.00854693 -0.0142128 -0.0107943 -0.013921 -0.0163664 0.00936122 0.00713482 -0.00439252 -0.0125281 -0.00627885 -0.0087528 -0.00287813 0.00121145 -0.016974 -0.0157536 -0.0160745 -0.0147708 -0.0115213 -0.0160721 -0.00627017 -0.0135853 -0.0105044 -0.0145054 -0.00303489 0.00389716 -0.00939872 -0.0099075
internal_weight=0 1663.36 538.309 295.383 887.458 342.994 242.926 544.464 287.394 172.903 73.0987 269.895 39.0513 40.2433 20.3964 12.9176 504.221 310.106 302.648 230.008 65.7701 164.238 64.0061 230.844 53.0852 177.759 33.8752 12.2962 33.2666 30.1308
internal_count=11097 7520 2324 1336 3577 1391 988 2186 1304 781 303 1088 159 164 84 54 2022 1245 1215 934 269 665 263 929 214 715 140 51 135 123
is_linear=0
shrinkage=0.01


Tree=24
num_leaves=31
num_cat=0
split_feature=2 1 1 3 2 1 1 1 1 1 1 3 13 2 2 1 1 12 1 1 12 2 1 1 1 1 2 1 1 12
split_gain=2698.81 592.013 74.6452 64.151 37.2989 26.3055 36.2636 22.4532 20.034 16.2657 16.0252 19.3415 16.5671 14.7734 25.1114 14.1263 11.96 11.9358 11.3852 10.555 20.1812 10.1483 10.7576 14.024 17.8356 10.3497 9.12898 7.27385 13.4869 7.26713
threshold=65.500000000000014 1119808862681.0002 3704300934115.0005 43.500000000000007 52.500000000000007 1861025320257.0002 2777491177929.0005 2883033186372.5005 4363500795869.5005 4363500796899.0005 174026438393.50003 32.500000000000007 3.9104172329531406 29.500000000000004 57.500000000000007 2777491174764.5005 1862882903109.5002 3.7980938520108252 1862882900096.0002 4092079271560.5005 3.8421864201620486 70.500000000000014 174026440880.50003 702778647780.50012 702778654961.50012 446348172412.50006 102.50000000000001 174026437347.50003 702778648565.00012 3.8273192999520735
decision_type=2 2 2 2 2 2 2 2 2 2 2 2 2 2 2 2 2 2 2 2 2 2 2 2 2 2 2 2 2 2
left_child=3 21 7 4 19 17 13 15 -4 -10 12 -12 -6 18 -15 16 -3 -5 -7 27 -21 -2 -23 25 -25 -24 -17 -1 -29 -19
right_child=1 2 8 5 10 6 -8 -9 9 -11 11 -13 -14 14 -16 26 -18 29 -20 20 -22 22 23 24 -26 -27 -28 28 -30 -31
leaf_value=-0.01623895778597486 -0.016916548343953966 0.0071449344828261284 0.0042110423349010842 -0.018592698451336015 0.0022762674516069821 0.0097975912069642682 -0.01752782638528701 0.013813471811416619 -0.017138780391588063 0.0021790180206370841 -0.0053471450352469765 0.012265075798217475 -0.018598115927748952 -0.016159844919188336 -0.0012237181949692137 0.015287997163492857 0.011086377712277128 -0.0070015158325890106 -0.0060060432721331007 -0.01941583841529267 0.0059610988419660617 -0.0057956921298170042 -0.00083081188900858418 -0.0088703725756707347 0.0011566231695575343 0.0087973413542502422 0.0017851559736943715 -0.0068330098169979668 -0.013876292204584318 -0.015503899298173057
leaf_weight=65.89812970161438 6.3548032641410819 84.645894646644592 79.452255636453629 299.19821473956108 4.9697702080011394 5.3565845489501944 92.490859046578407 258.95237657427788 8.8505943417549151 8.5881633758544904 81.896360024809837 6.7492199689149848 16.181599155068398 39.380215257406235 15.761441439390181 6.0910687297582617 850.93709550797939 12.636204004287718 30.598027139902115 5.2272599041461927 7.8247950673103333 179.61462885141373 56.313838645815849 47.481394097208977 28.320773914456367 13.925347819924353 28.130812376737595 35.214225903153419 119.26643228530884 49.168126553297043
leaf_count=264 26 387 350 1197 21 22 370 1214 36 38 336 30 65 159 65 27 3929 51 125 21 32 760 245 200 122 63 123 142 480 197
internal_value=0 0.00754038 0.0105311 -0.014065 -0.010679 -0.016199 -0.013117 0.0111975 0.00208071 -0.00762524 -0.00587236 -0.0040062 -0.0136934 -0.00863874 -0.0118906 0.010499 0.0107298 -0.0177663 -0.00365159 -0.0129398 -0.00420219 -0.00440104 -0.00415682 -0.00214118 -0.00512414 0.00107803 0.00418849 -0.0134573 -0.0122708 -0.0137655
internal_weight=0 1657.66 1325.65 887.817 343.228 544.59 183.587 1228.76 96.891 17.4388 109.797 88.6456 21.1514 91.0963 55.1417 969.805 935.583 361.003 35.9546 233.431 13.0521 332.011 325.656 146.041 75.8022 70.2392 34.2219 220.379 154.481 61.8043
internal_count=11097 7520 6104 3577 1391 2186 741 5680 424 74 452 366 86 371 224 4466 4316 1445 147 939 53 1416 1390 630 322 308 150 886 622 248
is_linear=0
shrinkage=0.01


Tree=25
num_leaves=31
num_cat=0
split_feature=2 1 1 12 1 1 2 1 1 1 1 1 1 2 4 1 1 1 1 2 1 1 1 1 1 1 13 2 2 12
split_gain=2647.53 583.077 73.7917 52.3107 42.2937 48.5149 39.7086 22.3746 22.3436 19.8126 19.6459 15.9197 13.9831 13.6785 13.378 11.8559 11.6558 24.8471 11.6617 9.91386 10.5204 13.7312 17.444 10.1736 9.88964 9.42048 12.5287 9.23762 9.00767 7.30538
threshold=65.500000000000014 1119808862681.0002 3704300934115.0005 2.9433833877757176 1861025320257.0002 3704300934115.0005 55.500000000000007 4092079271560.5005 2883033186372.5005 1862882900096.0002 4363500795869.5005 4363500796899.0005 2777491174764.5005 30.500000000000004 25.500000000000004 1862882903109.5002 174026437347.50003 174026447279.00003 174026422363.50003 70.500000000000014 174026440880.50003 702778647780.50012 702778654961.50012 446348172412.50006 1955683344136.5002 1119808860540.0002 3.9136391360770522 60.500000000000007 102.50000000000001 3.7980938520108252
decision_type=2 2 2 2 2 2 2 2 2 2 2 2 2 2 2 2 2 2 2 2 2 2 2 2 2 2 2 2 2 2
left_child=3 19 8 4 -1 9 7 16 12 -6 -4 -12 15 -9 27 -3 18 -18 -5 -2 -21 23 -23 -22 -11 -16 -27 29 -14 -8
right_child=1 2 10 6 5 -7 14 13 -10 24 11 -13 28 -15 25 -17 17 -19 -20 20 21 22 -24 -25 -26 26 -28 -29 -30 -31
leaf_value=-0.017889641296478759 -0.016710586676157404 0.0070910385407072611 0.0041739669574388386 -0.0097109674545809519 0.0047294584350560604 -0.01734469381380167 -0.010953748963878717 -0.0082876266786131927 0.01374869845047649 -0.012976328490738556 -0.016951007961694044 0.0021584562491311211 0.01520802976095006 0.01051753965327807 -0.012355389000393915 0.011020416863435497 -0.0031915701609077454 -0.013658274608461956 -0.018768077934145949 -0.0057322993952847933 -0.00082234698837358085 -0.0087691293523978562 0.0011453694418887821 0.0087342192086664293 -0.0064102589662193375 -0.0083820654615505939 0.0054455270197643893 0.010763646163158527 0.0017682023598105793 0.0026038020848271177
leaf_weight=352.90847712755203 6.3687250614166251 84.437407985329628 79.35689902305603 18.682610079646111 11.721410095691679 95.382567837834358 6.3458609431982103 10.673413202166559 257.5775361508131 38.329299300909042 8.8591050803661364 8.5832972228527051 6.0620114356279364 6.0664132237434378 21.489334478974342 847.4872265458107 27.250448614358902 135.25012862682343 59.465631812810898 179.78408519923687 56.324490740895271 47.548944413661957 28.313079759478569 13.885925233364103 57.127626895904541 19.029041409492496 9.9939374923706037 7.6639385968446723 28.116605877876282 10.635798469185827
leaf_count=1413 26 387 350 75 48 382 26 43 1214 155 36 38 27 25 87 3929 110 544 238 760 245 200 122 63 233 78 42 33 123 45
internal_value=0 0.00748754 0.0104668 -0.0139212 -0.0157991 -0.0121569 -0.0107844 -0.0126516 0.0111317 -0.00754015 0.00206188 -0.00754736 0.010434 -0.00147275 -0.00438962 0.0106644 -0.0134293 -0.0119031 -0.0166028 -0.00435419 -0.00411269 -0.00211929 -0.00506886 0.00106771 -0.00904677 -0.00733662 -0.00362059 0.00165037 0.00415193 -0.00246251
internal_weight=0 1652.71 1320.48 888.016 555.469 202.561 332.547 257.389 1223.68 107.178 96.7993 17.4424 966.103 16.7398 75.1579 931.925 240.649 162.501 78.1482 332.225 325.857 146.072 75.862 70.2104 95.4569 50.5123 29.023 24.6456 34.1786 16.9817
internal_count=11097 7520 6104 3577 2231 818 1346 1035 5680 436 424 74 4466 68 311 4316 967 654 313 1416 1390 630 322 308 388 207 120 104 150 71
is_linear=0
shrinkage=0.01


Tree=26
num_leaves=31
num_cat=0
split_feature=12 0 0 1 0 4 3 1 12 12 0 0 1 1 0 0 1 0 3 0 0 3 1 1 1 12 1 1 1 12
split_gain=2582.79 640.092 664.81 76.9531 69.1686 68.2478 43.9651 33.9705 26.1924 22.3731 21.6352 216.802 16.1351 27.5561 25.4749 15.3889 12.8121 12.3416 12.0315 12.0248 10.9847 14.1552 10.9157 14.7355 10.0472 8.31506 8.2524 42.7366 8.32771 7.87957
threshold=1.9533992703327747 4296066.5000000009 4301512.5000000009 702778654961.50012 5575758.5000000009 44.000000000000007 43.500000000000007 4363500793924.5005 2.9361312091082001 3.8049765068063102 4305780.0000000009 4305469.5000000009 1861025320257.0002 3704300934566.5005 4295326.5000000009 4296552.0000000009 4092079271560.5005 4299148.5000000009 56.500000000000007 4299696.5000000009 4297759.5000000009 31.500000000000004 2883033186372.5005 2777491174764.5005 4092079271560.5005 3.8157201904287903 1955683344136.5002 2452704926503.5005 1862882903109.5002 3.8357334410039359
decision_type=2 2 2 2 2 2 2 2 2 2 2 2 2 2 2 2 2 2 2 2 2 2 2 2 2 2 2 2 2 2
left_child=1 22 3 -3 10 9 8 17 15 18 11 -4 25 14 -14 -7 29 -5 -2 -17 21 -10 23 26 -22 -8 28 -28 -1 -11
right_child=5 2 4 7 -6 6 12 -9 20 16 -12 -13 13 -15 -16 19 -18 -19 -20 -21 24 -23 -24 -25 -26 -27 27 -29 -30 -31
leaf_value=0.010807604123447617 0.0081248095397040334 -0.018775295987896359 0.011228292280272481 -0.0067268575928969088 -0.020661024215167294 0.0070868153260646429 -0.018266338743802249 -0.020447429872214939 -0.011979231177688515 -0.0078267414797680793 0.012558723414194095 -0.022637824928374125 -0.019330694223317745 -0.017544733105205219 -0.005397504648785606 -0.012179904046839394 0.0066516324360940682 0.0023539895181865114 -0.004907893825030131 -0.00058306005912796494 -0.014983262103108829 -0.00019985898697829005 0.013662124939288787 0.0042745378178292472 -0.0042757822161814162 -0.013869405322271919 0.0032374191305544336 0.011898055731158361 0.013812975744022659 -0.013015208053526867
leaf_weight=154.1494495421648 11.905223786830904 146.84593971073627 148.50448264181614 42.503249123692513 7.991212621331214 9.1708040684461576 301.45966638624668 14.489881560206411 40.777981668710709 71.268940180540085 113.21785649657249 21.660219699144363 17.727912306785583 85.217653527855873 50.510799244046211 21.640624821186066 4.8297695070505133 23.100776255130768 17.489982679486275 15.236562281846998 136.7356930822134 13.6054270863533 248.64573091268539 28.984223157167435 9.363444432616232 50.167023569345474 66.945973232388496 382.63032400608063 229.42016181349754 49.669245168566704
leaf_count=709 50 588 685 177 32 38 1207 58 164 294 523 90 71 341 206 88 20 98 72 62 548 55 1182 128 38 201 307 1786 1079 200
internal_value=0 0.00753437 -0.00164189 -0.0144747 0.00835311 -0.0135221 -0.0147686 -0.00658995 -0.0113068 -0.00748402 0.00917129 0.00691748 -0.0164583 -0.0137527 -0.00901724 -0.00450558 -0.00931981 -0.00352927 0.000370424 -0.00738843 -0.0128689 -0.00903231 0.0118162 0.0112838 -0.014297 -0.017639 0.0115277 0.0106084 0.0126052 -0.00995764
internal_weight=0 1629.09 518.314 226.94 291.374 906.777 751.614 80.0939 246.531 155.163 283.383 170.165 505.083 153.456 68.2387 46.048 125.768 65.604 29.3952 36.8772 200.483 54.3834 1110.78 862.13 146.099 351.627 833.146 449.576 383.57 120.938
internal_count=11097 7442 2251 921 1330 3655 3019 333 993 636 1298 775 2026 618 277 188 514 275 122 150 805 219 5191 4009 586 1408 3881 2093 1788 494
is_linear=0
shrinkage=0.01


Tree=27
num_leaves=31
num_cat=0
split_feature=2 0 0 0 3 2 12 4 0 0 0 12 3 12 3 4 3 4 0 0 0 0 3 3 0 2 12 2 12 4
split_gain=2549.22 645.004 636.807 68.0821 61.4698 35.2701 29.9533 23.6085 20.9214 194.815 17.2437 20.9283 17.2266 13.3985 13.6186 11.6623 11.5982 12.5737 15.92 9.18415 18.9167 10.4597 7.26216 6.42151 19.8402 8.6234 5.72522 5.22145 4.92951 4.92371
threshold=65.500000000000014 4296066.5000000009 4301512.5000000009 5575758.5000000009 43.500000000000007 55.500000000000007 2.8912802780207456 28.500000000000004 4305780.0000000009 4305469.5000000009 4296552.0000000009 2.9375842593472381 32.500000000000007 3.8061042970938286 58.500000000000007 28.500000000000004 61.500000000000007 59.500000000000007 4296066.5000000009 4299148.5000000009 4299696.5000000009 4296814.0000000009 27.500000000000004 31.500000000000004 4297759.5000000009 32.500000000000007 3.8294395188611343 58.500000000000007 2.9440480304514218 58.500000000000007
decision_type=2 2 2 2 2 2 2 2 2 2 2 2 2 2 2 2 2 2 2 2 2 2 2 2 2 2 2 2 2 2
left_child=4 -2 6 8 5 10 19 13 9 -4 11 -1 22 14 27 -8 29 -18 -19 21 -21 -3 26 25 -25 -12 -7 -6 -13 -9
right_child=1 2 3 -5 7 12 15 16 -10 -11 23 28 -14 -15 -16 -17 17 18 -20 20 -22 -23 -24 24 -26 -27 -28 -29 -30 -31
leaf_value=0.011691709687825234 0.011745699018645755 -0.011878144405829395 0.011162085933082194 -0.020443050321804841 -0.0012103887838206368 -0.0056687901575940107 0.013852688196532022 -0.015287031130909715 0.012490756550196722 -0.020046313068089384 -0.015863946772481013 -0.015143078032872331 0.0087354748867347377 -0.014210142017984626 -0.012721804939385324 -0.0059197799826258765 -0.0023105863151222407 -0.018853202729841145 -0.013898070734474506 -0.002051221372064667 -0.014375575550439383 -0.017347555144455604 -0.0095634346374791797 0.0040928519901838288 -0.012636817583094919 -0.011420905593681543 0.0031013895220981073 0.012173653917087579 -0.0065408169919952599 -0.019100198674182441
leaf_weight=5.7868745177984229 1106.8374927788973 50.418758943676949 147.89452204108238 7.9956307113170615 7.5541334003210086 22.963282227516174 4.6781264245510092 43.716727584600449 112.69819003343582 23.130584880709648 101.35098178684711 9.1886777430772764 9.0543404370546323 19.92004206776619 8.1370066702365857 8.232734486460684 7.4750388860702506 94.112064436078072 208.45103912055492 16.684589222073555 49.120136797428131 114.07801009714603 30.234415084123611 8.4205512404441816 44.820915967226028 76.774117693305016 11.013430193066595 4.7462439239025116 24.222099646925926 150.22874391078949
leaf_count=24 5196 204 685 32 31 94 20 175 523 96 406 37 40 80 33 34 30 377 838 69 200 461 123 34 180 309 46 20 98 602
internal_value=0 0.00738825 -0.00162784 0.00833459 -0.0136425 -0.0103324 -0.0135772 -0.0157333 0.00914558 0.00694125 -0.011999 -0.00586563 -0.00417752 -0.00837388 -0.00268536 0.00124458 -0.0163227 -0.0151228 -0.0154394 -0.0144081 -0.0112508 -0.0156712 -0.00599837 -0.0130381 -0.00999089 -0.0139489 -0.00282597 0.003954 -0.00890662 -0.0182407
internal_weight=0 1641.77 534.931 291.719 888.171 343.83 243.212 544.341 283.723 171.025 270.564 39.1977 73.2655 40.3574 20.4374 12.9109 503.984 310.038 302.563 230.301 65.8047 164.497 64.2111 231.367 53.2415 178.125 33.9767 12.3004 33.4108 193.945
internal_count=11097 7520 2324 1336 3577 1391 988 2186 1304 781 1088 159 303 164 84 54 2022 1245 1215 934 269 665 263 929 214 715 140 51 135 777
is_linear=0
shrinkage=0.01


Tree=28
num_leaves=31
num_cat=0
split_feature=2 0 0 1 0 3 2 1 1 1 0 0 0 2 1 1 3 14 0 1 12 1 1 0 14 1 1 1 0 0
split_gain=2501.77 635.859 624.476 80.4168 66.8664 60.4533 34.5578 32.448 24.8483 34.1614 20.6914 191.128 19.5732 17.2173 16.7854 15.5233 18.4803 15.8543 12.4724 13.1006 11.4006 11.0854 14.6571 10.2002 9.40652 8.06247 42.6053 8.71376 7.39472 10.3145
threshold=65.500000000000014 4296066.5000000009 4301512.5000000009 1119808859400.0002 5575758.5000000009 43.500000000000007 52.500000000000007 4363500793924.5005 1861025320257.0002 2777491177929.0005 4305780.0000000009 4305469.5000000009 4296358.0000000009 102.50000000000001 1862882923884.5002 174026438393.50003 32.500000000000007 3.954845576055467 4296552.0000000009 4092079271560.5005 3.7980938520108252 2883033186372.5005 2777491174764.5005 4297284.0000000009 3.9602315521304683 1955683344136.5002 2384994534721.0005 1862882903109.5002 4295248.5000000009 4277590.5000000009
decision_type=2 2 2 2 2 2 2 2 2 2 2 2 2 2 2 2 2 2 2 2 2 2 2 2 2 2 2 2 2 2
left_child=5 21 3 13 10 6 18 14 20 12 11 -4 -10 -3 -5 17 -17 -8 -1 -20 -7 22 25 -14 -21 27 -27 -2 29 -24
right_child=1 2 4 7 -6 8 15 -9 9 -11 -12 -13 23 -15 -16 16 -18 -19 19 24 -22 -23 28 -25 -26 26 -28 -29 -30 -31
leaf_value=-0.0068839812613720845 0.010611696989892573 -0.0015760718123383668 0.011096601204276562 -0.010013348141241505 -0.020231763798139339 -0.017916241426596272 0.0023225955732883046 -0.018836564666669452 -0.018927142428076561 -0.01687508787624422 0.012423685642838354 -0.019778980490083444 0.0010976577152125538 -0.018457362981577682 0.00029247623939263046 -0.0050744548958000478 0.012179099365931208 -0.018092008875377541 -0.014018245806134162 -0.013380204881850112 -0.013200896220506254 0.013549593290007636 0.0063802139150081014 -0.0080506801061108399 0.0044300532477985445 0.0012748229936261704 0.011513561587335719 0.013697204207546101 0.014839526881592822 -0.0076919270368936976
leaf_weight=34.887737587094307 153.10697035491467 6.2975116372108451 147.28269699215889 23.22648711502552 7.9983256608247748 298.55490407347679 4.971519440412524 15.742251336574553 14.453331828117369 92.384089633822441 112.17615757882595 23.208388209342957 15.189002454280851 148.69597837328911 49.453226700425148 82.161607414484024 6.7153915613889685 16.20202249288559 186.94186533987522 5.2259372472763044 61.90656004846096 246.546351775527 15.795892030000692 61.682859495282173 6.8556346893310547 45.23115961253643 400.53307108581066 227.56864242255688 5.2735649049282065 7.7712766230106345
leaf_count=141 710 26 685 95 32 1197 21 63 58 370 523 96 63 595 209 336 30 65 749 21 248 1184 70 250 28 207 1886 1081 24 34
internal_value=0 0.00734081 -0.00161395 -0.0134301 0.00828141 -0.0135067 -0.0102251 -0.00582028 -0.0155809 -0.0125876 0.00908821 0.00689361 -0.00825048 -0.0177715 -0.00300099 -0.00560395 -0.00377081 -0.0132987 -0.0123992 -0.013366 -0.0171064 0.0116814 0.0111429 -0.00624307 -0.00327385 0.0113874 0.0104746 0.0124562 0.0041352 0.00173992
internal_weight=0 1635.91 534.081 243.415 290.666 888.132 343.962 88.422 544.171 183.709 282.667 170.491 91.3252 154.993 72.6797 110.051 88.877 21.1735 233.911 199.023 360.461 1101.83 855.281 76.8719 12.0816 826.44 445.764 380.676 28.8407 23.5672
internal_count=11097 7520 2324 988 1336 3577 1391 367 2186 741 1304 781 371 621 304 452 366 86 939 798 1445 5196 4012 313 49 3884 2093 1791 128 104
is_linear=0
shrinkage=0.01


Tree=29
num_leaves=31
num_cat=0
split_feature=2 0 0 1 0 1 0 0 1 1 12 0 0 2 1 12 12 1 1 1 1 1 12 13 1 1 1 1 1 1
split_gain=2455.6 626.84 612.659 78.8248 65.6804 50.1218 52.9673 32.922 31.8093 22.3366 22.2112 20.4639 187.537 16.8735 16.4218 13.7035 14.5411 13.3655 12.4754 11.0545 14.5215 9.52449 9.49728 14.4572 8.48769 8.00999 42.2105 8.6866 7.92894 9.60552
threshold=65.500000000000014 4296066.5000000009 4301512.5000000009 1119808859400.0002 5575758.5000000009 174026439498.00003 4294665.5000000009 4297271.0000000009 4363500793924.5005 1861025320257.0002 3.8142617563909882 4305780.0000000009 4305469.5000000009 102.50000000000001 1862882923884.5002 1.9802295125484259 1.9842187211896343 1955683344136.5002 702778648565.00012 2883033186372.5005 2777491174764.5005 702778648565.00012 3.8132063002683068 3.9104172329531406 702778654685.50012 1955683344136.5002 2452704926503.5005 1862882903109.5002 174026422363.50003 174026437347.50003
decision_type=2 2 2 2 2 2 2 2 2 2 2 2 2 2 2 2 2 2 2 2 2 2 2 2 2 2 2 2 2 2
left_child=5 19 3 13 11 22 10 9 14 18 -7 12 -4 -3 -5 -9 -17 -11 -8 20 25 -12 -1 -24 -23 27 -27 -2 -25 -30
right_child=1 2 4 8 -6 6 7 15 -10 17 21 -13 -14 -15 -16 16 -18 -19 -20 -21 -22 24 23 28 -26 26 -28 -29 29 -31
leaf_value=-0.018041075740974518 0.010547416432926086 -0.0015599382051505834 0.011031819710967911 -0.0098993243565644699 -0.020026868833781273 -0.018944091487420163 -0.002859637359245291 -0.01517874681039481 -0.018648148109759528 0.0073029473273257773 0.0023784162218650545 0.012357487394254541 -0.019519784454843682 -0.018269848881331017 0.00028957101380823995 -0.0033291499780194788 -0.011225282720520861 -0.0037896163642304132 -0.013437862662811445 0.01348946683675903 0.0040998854027969956 -0.020351998002849467 -0.0024613158249716795 -0.0099499654542610089 -0.0047648330477277996 0.0030644860807208739 0.011706515419868516 0.013635158199021474 -0.018667197360622601 -0.0077732360211284516
leaf_weight=195.17517377436161 152.50271202623844 6.2990095168352118 146.66918072104454 23.258912891149521 7.9993481934070578 114.38010980188847 16.625147059559822 80.519853383302689 15.742291957139967 15.047303631901739 6.4882741868495968 111.65193530917168 23.281027257442474 148.71977065503597 49.449901238083839 25.71301181614399 250.81998157501221 39.0555130392313 33.84582482278347 245.17569211125374 28.799186319112778 6.7458896189928037 9.4561989009380323 19.955202147364616 7.2458014339208603 66.470784232020378 377.47667801380157 226.32439233362675 57.455548539757729 9.4208505898714048
leaf_count=783 710 26 685 95 32 459 68 323 63 62 26 523 96 595 209 104 1013 160 136 1184 128 27 39 80 29 307 1786 1081 230 38
internal_value=0 0.00729479 -0.00160069 -0.0132928 0.00822897 -0.0133744 -0.0117136 -0.010103 -0.00576016 -0.00516834 -0.0172268 0.00903162 0.00684664 -0.0175909 -0.00296977 -0.0115482 -0.0104911 -0.000704506 -0.00995339 0.0116184 0.0110797 -0.00763603 -0.0167732 -0.0142032 -0.01228 0.011324 0.0104126 0.0123921 -0.0154819 -0.0171326
internal_weight=0 1629.82 533.071 243.47 289.601 887.95 596.487 461.627 88.4511 104.574 134.86 281.602 169.95 155.019 72.7088 357.053 276.533 54.1028 50.471 1096.75 851.574 20.48 291.463 96.2878 13.9917 822.775 443.947 378.827 86.8316 66.8764
internal_count=11097 7520 2324 988 1336 3577 2407 1866 367 426 541 1304 781 621 304 1440 1117 222 204 5196 4012 82 1170 387 56 3884 2093 1791 348 268
is_linear=0
shrinkage=0.01


Tree=30
num_leaves=31
num_cat=0
split_feature=2 0 0 1 0 3 2 1 1 1 0 0 0 2 1 1 3 13 0 1 3 13 1 1 1 1 1 1 0 0
split_gain=2410.33 617.954 601.126 77.2914 64.5229 59.0281 33.6534 31.1914 24.1703 33.2123 20.2391 184.037 18.9601 16.5425 16.1459 15.1206 18.1012 15.3359 12.1401 13.3039 12.7159 11.1423 11.0262 14.393 10.068 7.95956 41.8152 8.66124 7.57545 7.31209
threshold=65.500000000000014 4296066.5000000009 4301512.5000000009 1119808859400.0002 5575758.5000000009 43.500000000000007 52.500000000000007 4363500793924.5005 1861025320257.0002 2777491177929.0005 4305780.0000000009 4305469.5000000009 4296358.0000000009 102.50000000000001 1862882928450.5002 174026438393.50003 32.500000000000007 3.9104172329531406 4297419.0000000009 4092079271560.5005 31.500000000000004 3.8970908877135018 2883033186372.5005 2777491174764.5005 1862882900096.0002 1955683344136.5002 2384994534721.0005 1862882903109.5002 4296552.0000000009 4295248.5000000009
decision_type=2 2 2 2 2 2 2 2 2 2 2 2 2 2 2 2 2 2 2 2 2 2 2 2 2 2 2 2 2 2
left_child=5 22 3 13 10 6 18 14 21 12 11 -4 -10 -3 -5 17 -17 -8 20 -20 28 -7 23 25 -14 27 -27 -2 -1 -25
right_child=1 2 4 7 -6 8 15 -9 9 -11 -12 -13 24 -15 -16 16 -18 -19 19 -21 -22 -23 -24 29 -26 26 -28 -29 -30 -31
leaf_value=-0.0072403126353911898 0.010483777503718131 -0.0015439753294937606 0.010967723441132955 -0.0081727057995207471 -0.019828091043119542 -0.017603934009389925 0.0023239112785628686 -0.018464854633307271 -0.01859538602477406 -0.01657607355745663 0.012292140215240815 -0.01926833636523511 0.0039642521574716301 -0.018087316216293343 0.0013023174966364996 -0.0049269084531845054 0.012157032902705103 -0.017752865155269446 -0.014304536875465524 -0.0024689297492921877 -0.00071729063584186916 -0.012942020947265005 0.013430293152057989 0.0016847786979612568 -0.0073993280859368975 0.0012333662281670669 0.011388374292298067 0.013574117926849852 -0.014951322051786285 0.014748745703118253
leaf_weight=26.294721961021423 151.89719128608704 6.3004851490259162 146.05415260791779 32.558594420552254 7.998748466372489 297.96876242756844 4.9716724157333401 15.739585310220717 14.417185977101324 92.258500635623932 111.12568651139736 23.348644763231277 8.8035387694835645 148.71839432418346 40.177905887365341 82.308456003665924 6.7074163705110541 16.20925872027874 157.07330639660358 10.10842591524124 15.830922365188597 61.922576531767845 243.80027002096176 23.523360341787342 68.174239814281464 45.16136933863163 396.96725235879421 225.07496307790279 24.71609453856945 5.2385291308164588
leaf_count=106 710 26 685 134 32 1197 21 63 58 370 523 96 36 595 170 336 30 65 629 41 64 248 1184 104 277 207 1886 1081 99 24
internal_value=0 0.00724937 -0.00158767 -0.0131586 0.00817727 -0.0132434 -0.0100031 -0.00570094 -0.0152954 -0.0123435 0.00897579 0.00680031 -0.00807087 -0.0174149 -0.00293893 -0.00544654 -0.00363962 -0.0130404 -0.0121488 -0.0135889 -0.00854669 -0.0168018 0.0115561 0.0110172 -0.00609974 0.0112613 0.0103511 0.0123289 -0.0109765 0.00406418
internal_weight=0 1623.69 532.022 243.495 288.527 887.765 344.22 88.4761 543.545 183.653 280.528 169.403 91.395 155.019 72.7365 110.197 89.0159 21.1809 234.023 167.182 66.8417 359.891 1091.66 847.863 76.9778 819.101 442.129 376.972 51.0108 28.7619
internal_count=11097 7520 2324 988 1336 3577 1391 367 2186 741 1304 781 371 621 304 452 366 86 939 670 269 1445 5196 4012 313 3884 2093 1791 205 128
is_linear=0
shrinkage=0.01


Tree=31
num_leaves=31
num_cat=0
split_feature=2 0 0 1 0 3 2 1 1 1 0 0 0 1 3 3 0 4 0 12 1 1 1 1 1 1 1 0 1 0
split_gain=2366.24 609.211 589.865 75.8419 63.393 58.1303 33.0379 33.0059 23.8199 32.6756 20.0169 180.625 18.6567 17.3755 16.2289 12.4428 12.1663 11.5257 12.289 11.0253 10.9991 14.2639 9.85681 7.9104 41.4967 8.63763 7.80647 7.60115 10.9911 7.22022
threshold=65.500000000000014 4296066.5000000009 4301512.5000000009 1119808860540.0002 5575758.5000000009 43.500000000000007 55.500000000000007 4363500793924.5005 1861025320257.0002 2777491177929.0005 4305780.0000000009 4305469.5000000009 4296358.0000000009 174026437347.50003 32.500000000000007 57.500000000000007 4299148.5000000009 27.500000000000004 4296552.0000000009 3.7980938520108252 2883033186372.5005 2777491174764.5005 1862882900096.0002 1955683344136.5002 2452704926503.5005 1862882903109.5002 174026445959.50003 4296552.0000000009 174026424700.00003 4295248.5000000009
decision_type=2 2 2 2 2 2 2 2 2 2 2 2 2 2 2 2 2 2 2 2 2 2 2 2 2 2 2 2 2 2
left_child=5 20 3 15 10 6 13 16 19 12 11 -4 -10 27 -8 -3 -5 -15 -19 -7 21 23 -14 25 -25 -2 -17 28 -1 -23
right_child=1 2 4 7 -6 8 14 -9 9 -11 -12 -13 22 17 -16 26 -18 18 -20 -21 -22 29 -24 24 -26 -27 -28 -29 -30 -31
leaf_value=0.0020655149760534421 0.010420764869974227 -0.0019607857115158862 0.010904296386297281 -0.0053510240668565891 -0.019635168338060612 -0.017449325687106821 -0.005709086468854211 -0.018286475535851783 -0.018437030140091577 -0.016424849056971797 0.012227620534867954 -0.019024277484170356 0.0039267950558871225 0.0017204685574006252 0.0086247395120050818 -0.018970922596198678 0.0035521052987231155 -0.0042644237819486038 -0.011513603171847712 -0.012811615411837354 0.01337204802691031 0.0016688031492252254 -0.0073192003707002063 0.0029976877067905772 0.011582608597591044 0.013514059803532772 -0.014019733816890936 -0.016973159987225955 -0.018196342141047862 0.014679233384086519
leaf_weight=5.4634948372840864 151.29057963192463 5.2968112230300894 145.43776674568653 43.275297328829765 7.9965753555297843 297.60460132360458 64.41107639670372 15.73421400785446 14.395711496472357 92.177250668406487 110.59757830202579 23.411377385258675 8.7986635416746122 8.0954969823360425 9.0029185414314252 110.69898523390293 23.784463971853256 27.342396885156631 161.57963894307613 61.927310332655907 242.42049576342106 23.511129915714267 68.231088727712631 66.282135918736458 374.02251523733139 223.8207672983408 44.704691246151924 63.128671064972878 5.2495784312486649 5.2108415067195883
leaf_count=22 710 22 685 180 32 1197 263 63 58 370 523 96 36 33 40 443 101 111 648 248 1184 104 277 307 1786 1081 179 253 21 24
internal_value=0 0.00720457 -0.00157487 -0.013027 0.00812627 -0.0131163 -0.00990157 -0.00525166 -0.015154 -0.0122234 0.00892069 0.00675462 -0.0079875 -0.0115143 -0.0039513 -0.0170329 -0.0021933 -0.00996376 -0.0104644 -0.0166505 0.0114946 0.0109554 -0.00603464 0.0111994 0.0102903 0.0122665 -0.0175466 -0.0156515 -0.00786312 0.0040292
internal_weight=0 1617.5 530.938 243.494 287.443 887.408 344.273 82.794 543.135 183.603 279.447 168.849 91.4255 270.859 73.414 160.7 67.0598 197.018 188.922 359.532 1086.56 844.138 77.0298 815.416 440.305 375.111 155.404 73.8417 10.7131 28.722
internal_count=11097 7520 2324 988 1336 3577 1391 344 2186 741 1304 781 371 1088 303 644 281 792 759 1445 5196 4012 313 3884 2093 1791 622 296 43 128
is_linear=0
shrinkage=0.01


Tree=32
num_leaves=31
num_cat=0
split_feature=2 0 0 1 0 3 2 1 1 1 0 0 0 2 1 1 3 13 0 1 3 1 1 13 0 1 1 1 0 0
split_gain=2323.13 600.6 578.872 74.4079 62.2896 57.273 32.4518 30.0175 23.4836 32.1575 19.7972 177.297 18.3636 16.0318 15.7077 14.7722 17.4834 14.8544 11.7235 13.0145 12.4313 10.9739 14.1368 10.9148 9.78602 7.86315 41.092 8.61569 7.29207 7.13015
threshold=65.500000000000014 4296066.5000000009 4301512.5000000009 1119808859400.0002 5575758.5000000009 43.500000000000007 52.500000000000007 4363500793924.5005 1861025320257.0002 2777491177929.0005 4305780.0000000009 4305469.5000000009 4296358.0000000009 102.50000000000001 1862882928450.5002 174026438393.50003 32.500000000000007 3.9104172329531406 4297419.0000000009 4092079271560.5005 31.500000000000004 2883033186372.5005 2777491174764.5005 3.8970908877135018 4297284.0000000009 1955683344136.5002 2452704926503.5005 1862882903109.5002 4296552.0000000009 4295248.5000000009
decision_type=2 2 2 2 2 2 2 2 2 2 2 2 2 2 2 2 2 2 2 2 2 2 2 2 2 2 2 2 2 2
left_child=5 21 3 13 10 6 18 14 23 12 11 -4 -10 -3 -5 17 -17 -8 20 -20 28 22 25 -7 -14 27 -27 -2 -1 -24
right_child=1 2 4 7 -6 8 15 -9 9 -11 -12 -13 24 -15 -16 16 -18 -19 19 -21 -22 -23 29 -25 -26 26 -28 -29 -30 -31
leaf_value=-0.0071085952357413098 0.010358364393346631 -0.0014580249269060311 0.010841521070346374 -0.0080334803973612316 -0.01944785488112602 -0.01729853209113669 0.0022938865900799248 -0.018112811737297521 -0.018282902449647372 -0.016277080339125078 0.012163906720006444 -0.018787267010722759 0.0012128190581724737 -0.017739280633174082 0.0013075596606596262 -0.0048037347253511572 0.012036723096037061 -0.01747427252871999 -0.014032241465762728 -0.0023325511589967515 -0.00063169246558250321 0.013314707948651834 0.0016529725800658829 -0.012683581651445959 -0.0077378717198039399 0.0029710144610816899 0.011521013332610977 0.013454957804350747 -0.014672732590428773 0.014611056900030103
leaf_weight=26.313856020569801 150.68301458656788 6.3044553697109214 144.82019336521626 32.614964753389359 7.992876484990119 297.19887998700142 4.9661664813756969 15.726259201765059 14.372016131877897 92.084382310509682 110.06777086853981 23.469360113143921 15.220512852072714 148.64024770259857 40.179465413093567 82.427903428673744 6.6631238609552375 16.204547986388206 157.06094124913216 10.120376989245413 15.842398226261137 241.03678646683693 23.498992025852207 61.926906034350395 61.858821779489517 66.20879390835762 372.27073654532433 222.56219425797462 24.71528585255146 5.1829437613487235
leaf_count=106 710 26 685 134 32 1197 21 63 58 370 523 96 63 595 170 336 30 65 629 41 64 1184 104 248 250 307 1786 1081 99 24
internal_value=0 0.00716037 -0.0015623 -0.0128983 0.00807597 -0.0129915 -0.00980138 -0.00558425 -0.0150156 -0.0121057 0.0088663 0.00670954 -0.00790538 -0.0170768 -0.00287762 -0.00532851 -0.00354424 -0.0128371 -0.0119085 -0.013324 -0.00836982 0.0114337 0.0108943 -0.0165027 -0.00597042 0.0111381 0.01023 0.0122048 -0.0107722 0.00399455
internal_weight=0 1611.26 529.816 243.465 286.35 886.976 344.315 88.5207 542.662 183.536 278.357 168.29 91.4514 154.945 72.7944 110.262 89.091 21.1707 234.053 167.181 66.8715 1081.44 840.407 359.126 77.0793 811.725 438.48 373.245 51.0291 28.6819
internal_count=11097 7520 2324 988 1336 3577 1391 367 2186 741 1304 781 371 621 304 452 366 86 939 670 269 5196 4012 1445 313 3884 2093 1791 205 128
is_linear=0
shrinkage=0.01


Tree=33
num_leaves=31
num_cat=0
split_feature=2 1 1 3 2 1 1 1 1 1 3 13 1 1 1 1 2 2 12 1 2 1 1 1 1 1 3 4 2 12
split_gain=2281.02 513.691 65.9996 56.442 31.8226 23.1559 31.6518 21.988 17.4455 14.4893 17.1656 14.5588 14.4054 120.724 15.8818 13.6047 13.4737 23.2236 10.8103 10.5812 9.40164 9.4006 8.94343 11.9961 15.771 9.2445 7.99547 29.3592 7.83713 7.07218
threshold=65.500000000000014 1119808862681.0002 3704300934115.0005 43.500000000000007 52.500000000000007 1861025320257.0002 2777491177929.0005 2883033186372.5005 4363500795869.5005 174026438393.50003 32.500000000000007 3.9104172329531406 2482915552582.5005 2547630267620.5005 1862882903109.5002 4363500796899.0005 29.500000000000004 58.500000000000007 3.7980938520108252 1862882900096.0002 70.500000000000014 4363500795869.5005 174026440880.50003 702778647780.50012 702778654961.50012 446348172412.50006 31.500000000000004 62.500000000000007 32.500000000000007 3.8273192999520735
decision_type=2 2 2 2 2 2 2 2 2 2 2 2 2 2 2 2 2 2 2 2 2 2 2 2 2 2 2 2 2 2
left_child=3 20 7 4 21 18 16 12 -4 11 -11 -6 14 -14 -3 -10 19 -18 -5 -7 -2 26 -22 25 -25 -24 28 -28 -1 -20
right_child=1 2 8 5 9 6 -8 -9 15 10 -12 -13 13 -15 -16 -17 17 -19 29 -21 22 -23 23 24 -26 -27 27 -29 -30 -31
leaf_value=-0.014733721073804093 -0.016032640428063835 0.0066162706149598986 0.0039921712704656075 -0.017151410415003111 0.0022721192390129192 0.0098821455273943072 -0.0161326414515949 0.0132890215248407 -0.015805166690269819 -0.0047527883566746343 0.011964566164383756 -0.017302627126301914 -0.0090542490075576961 0.010589167863725268 0.011316991781709043 0.0019913023358614388 -0.01424274532657308 0.0017562739878141059 -0.0059109260800546013 -0.0053371574775799959 -0.0052918741891943089 -0.00030129519170734822 -0.00073865590914862862 -0.0082310589968295662 0.0012309604831879572 0.0084772486417635171 -0.015707720389439784 -0.001244046953238296 -0.01019247245551759 -0.014276114028934556
leaf_weight=113.76166905462742 6.3993366211652747 82.076828017830849 78.195194333791733 296.75292594730854 4.963618382811549 5.3627768605947486 91.980259716510773 246.79697997868061 8.8154457360506076 82.478099852800369 6.6364093124866477 16.201659753918648 36.027258023619652 237.77367013692856 578.1787488758564 8.3780414015054685 43.830038979649544 11.441165968775747 12.719131991267203 30.832617923617363 178.01042419672012 6.911917731165885 55.462824523448944 47.225061565637589 28.095038682222366 13.542075827717779 29.69284687936306 26.612440690398216 57.06424543261528 49.202384725213051
leaf_count=456 26 387 350 1197 21 22 370 1214 36 336 30 65 172 1130 2777 38 177 47 51 125 760 28 245 200 122 63 119 107 229 197
internal_value=0 0.00711675 0.00998801 -0.0128693 -0.00970312 -0.0148803 -0.0119905 0.0106343 0.00198684 -0.00527433 -0.00350784 -0.012712 0.00993292 0.00800445 0.0107326 -0.0071333 -0.00782503 -0.0109309 -0.0163584 -0.00308224 -0.00403031 -0.0117899 -0.00379203 -0.00194212 -0.00470165 0.00106995 -0.0121396 -0.00887153 -0.0132167 -0.0125578
internal_weight=0 1604.98 1276.24 886.444 344.323 542.121 183.447 1180.85 95.3887 110.28 89.1145 21.1653 934.057 273.801 660.256 17.1935 91.4666 55.2712 358.674 36.1954 328.735 234.043 322.335 144.325 75.3201 69.0049 227.131 56.3053 170.826 61.9215
internal_count=11097 7520 6104 3577 1391 2186 741 5680 424 452 366 86 4466 1302 3164 74 371 224 1445 147 1416 939 1390 630 322 308 911 226 685 248
is_linear=0
shrinkage=0.01


Tree=34
num_leaves=31
num_cat=0
split_feature=13 0 0 1 0 4 3 1 13 13 0 0 1 1 0 0 1 0 0 3 1 1 0 3 1 1 1 1 13 1
split_gain=2225.3 576.677 577.649 67.3929 61.2169 59.979 39.9131 29.9922 23.5166 21.21 20.0379 190.63 14.6509 24.8608 22.8959 14.3388 12.332 11.815 11.4797 11.2755 10.7626 14.1812 9.8249 12.6896 9.0857 8.18366 41.0102 7.96732 7.64105 7.1894
threshold=1.9764216522742935 4296066.5000000009 4301512.5000000009 702778654961.50012 5575758.5000000009 44.000000000000007 43.500000000000007 4363500793924.5005 2.9677888612853032 3.9006701118746991 4305780.0000000009 4305469.5000000009 1861025320257.0002 3704300934566.5005 4295326.5000000009 4296552.0000000009 4092079271560.5005 4299696.5000000009 4299148.5000000009 56.500000000000007 2883033186372.5005 2777491174764.5005 4297759.5000000009 31.500000000000004 4092079271560.5005 1955683344136.5002 2384994534721.0005 1862882903109.5002 3.9057073439633774 174026440289.00003
decision_type=2 2 2 2 2 2 2 2 2 2 2 2 2 2 2 2 2 2 2 2 2 2 2 2 2 2 2 2 2 2
left_child=1 20 3 -3 10 9 8 18 15 19 11 -4 28 14 -14 -7 -11 -17 -5 -2 21 25 23 -10 -24 27 -27 -1 -8 -30
right_child=5 2 4 7 -6 6 12 -9 22 16 -12 -13 13 -15 -16 17 -18 -19 -20 -21 -22 -23 24 -25 -26 26 -28 -29 29 -31
leaf_value=0.010356034976344637 0.0082745530499818715 -0.017496677072244445 0.010746229642077649 -0.006310776720608432 -0.019343902200386346 0.0072170351257875125 -0.017035143426897343 -0.019142326843760774 -0.011033082774530726 -0.0092678870759946973 0.012062323268046784 -0.020803886596680653 -0.01807507940714196 -0.016338312676824337 -0.0048238448215628333 -0.011467943056205855 0.0069862296988624992 -5.7832322022343779e-06 0.0024356920725824589 -0.004316298123480459 0.013205980630662648 0.003867783375316387 -0.013873907768053671 0.00010540550882609261 -0.0037126071709180793 0.0010558224245198124 0.011152013279948574 0.013346396622761063 -0.015376763418002837 -0.0072185433829387545
leaf_weight=149.82985964417458 11.936716467142107 146.78831727802753 143.85654771327972 42.742810323834419 7.9899013340473166 9.194805979728697 298.76887966692448 14.464760571718214 40.875663623213768 121.24977384507656 109.17562617361546 22.091911643743515 17.54741969704628 84.648561835289001 50.750136524438858 21.769419133663177 4.8546272218227378 15.322818517684935 23.124377503991127 17.599044188857079 237.95737998187542 28.543527185916901 136.77487094700336 13.641543254256247 9.4045932888984662 44.860586956143379 389.9743240326643 219.80733788013458 34.437772840261459 15.738592743873594
leaf_count=709 50 588 685 177 32 38 1207 58 164 494 523 90 71 341 206 88 20 62 98 72 1182 128 548 55 38 207 1886 1079 138 63
internal_value=0 0.00716197 -0.00158739 -0.0134669 0.00794264 -0.0125041 -0.0136781 -0.00610349 -0.0103871 -0.00685559 0.00873508 0.00654612 -0.0152976 -0.0127169 -0.00822843 -0.0039618 -0.00864215 -0.00673292 -0.0032401 0.000772226 0.0113304 0.0107946 -0.011869 -0.00824596 -0.0132202 0.0110403 0.0101104 0.0121343 -0.0164287 -0.0128178
internal_weight=0 1581.21 510.234 227.12 283.114 904.515 748.875 80.3319 246.984 155.64 275.124 165.948 501.891 152.946 68.2976 46.287 126.104 37.0922 65.8672 29.5358 1070.97 833.016 200.697 54.5172 146.179 804.472 434.835 369.637 348.945 50.1764
internal_count=11097 7442 2251 921 1330 3655 3019 333 993 636 1298 775 2026 618 277 188 514 150 275 122 5191 4009 805 219 586 3881 2093 1788 1408 201
is_linear=0
shrinkage=0.01


Tree=35
num_leaves=31
num_cat=0
split_feature=12 0 0 1 0 4 3 1 12 12 0 0 1 1 0 0 1 0 0 3 1 1 0 3 1 1 1 1 12 3
split_gain=2185.25 568.545 566.972 66.2027 60.1622 59.0759 39.4057 29.4492 23.0715 20.7609 19.8151 187.098 14.4574 24.4813 22.5411 14.0514 12.0757 11.5615 11.2372 11.0631 10.7437 14.0603 9.64843 12.4344 8.91782 8.13621 40.7009 7.95494 7.57479 7.16958
threshold=1.9533992703327747 4296066.5000000009 4301512.5000000009 702778654961.50012 5575758.5000000009 44.000000000000007 43.500000000000007 4363500793924.5005 2.9361312091082001 3.8049765068063102 4305780.0000000009 4305469.5000000009 1861025320257.0002 3704300934566.5005 4295326.5000000009 4296552.0000000009 4092079271560.5005 4299696.5000000009 4299148.5000000009 56.500000000000007 2883033186372.5005 2777491174764.5005 4297759.5000000009 31.500000000000004 4092079271560.5005 1955683344136.5002 2452704926503.5005 1862882903109.5002 3.8157201904287903 27.500000000000004
decision_type=2 2 2 2 2 2 2 2 2 2 2 2 2 2 2 2 2 2 2 2 2 2 2 2 2 2 2 2 2 2
left_child=1 20 3 -3 10 9 8 18 15 19 11 -4 28 14 -14 -7 29 -17 -5 -2 21 25 23 -10 -24 27 -27 -1 -8 -11
right_child=5 2 4 7 -6 6 12 -9 22 16 -12 -13 13 -15 -16 17 -18 -19 -20 -21 -22 -23 24 -25 -26 26 -28 -29 -30 -31
leaf_value=0.010294715760751302 0.0082058254209993655 -0.017333575538028504 0.01068503724751056 -0.0062408430672259776 -0.019164928148046895 0.0071541225018037034 -0.016894515786843145 -0.018969118653892472 -0.010921469517328178 -0.005472527196079764 0.01200063130499915 -0.020551174542066272 -0.01793044993473205 -0.016198134993522396 -0.0047733024618952496 -0.011341904454021747 0.0069242240487753593 -5.7255025403353378e-06 0.002412702640206898 -0.0042708223235726102 0.013151157168208893 0.0038339878735948641 -0.013740180025429457 0.00010435217149942254 -0.0036744246505308726 0.0028057078958412195 0.011349071498933817 0.013289895815814396 -0.012694319639340257 -0.010767286303772199
leaf_weight=149.21815629303455 11.916426956653597 146.68832159042358 143.2367097735405 42.789323151111603 7.9838998019695273 9.1829667836427671 298.24583178758621 14.450938418507574 40.880437418818474 36.635778918862343 108.64217704534531 22.139688551425934 17.512245133519173 84.527894377708435 50.774510383605957 21.791111186146736 4.8491464853286734 15.322826936841009 23.111335292458534 17.60852612555027 236.56684915721416 28.507362738251686 136.72522643208504 13.641420036554335 9.4072838425636274 65.745495691895485 367.25809951126575 218.54075530171394 50.157947659492493 84.700781211256981
leaf_count=709 50 588 685 177 32 38 1207 58 164 149 523 90 71 341 206 88 20 62 98 72 1182 128 548 55 38 307 1786 1079 201 345
internal_value=0 0.00711908 -0.00157507 -0.013337 0.00789446 -0.0123878 -0.0135541 -0.00604098 -0.0102846 -0.00678393 0.00868287 0.0065033 -0.015165 -0.0126006 -0.00814747 -0.00392131 -0.00855019 -0.00666166 -0.00320605 0.000764819 0.0112714 0.0107352 -0.0117528 -0.0081628 -0.0130922 0.0109808 0.0100519 0.0120746 -0.0162898 -0.00916861
internal_weight=0 1574.88 509.042 227.04 282.002 903.88 748.17 80.3516 246.951 155.711 274.019 165.376 501.218 152.815 68.2868 46.2969 126.186 37.1139 65.9007 29.525 1065.84 829.27 200.654 54.5219 146.133 800.763 433.004 367.759 348.404 121.337
internal_count=11097 7442 2251 921 1330 3655 3019 333 993 636 1298 775 2026 618 277 188 514 150 275 122 5191 4009 805 219 586 3881 2093 1788 1408 494
is_linear=0
shrinkage=0.01


Tree=36
num_leaves=31
num_cat=0
split_feature=2 0 0 1 0 1 0 1 0 4 1 4 1 0 0 0 1 1 1 4 1 1 1 1 4 14 1 1 1 1
split_gain=2159.89 571.894 543.507 69.6682 59.3114 46.5152 48.5109 30.2583 30.2329 22.7603 23.3251 20.3363 20.2839 19.0601 167.087 13.2475 12.8344 11.9991 11.7722 11.6294 10.8453 13.9041 9.98191 9.01006 8.82291 13.868 7.91622 40.3119 8.29404 7.65135
threshold=65.500000000000014 4296066.5000000009 4301512.5000000009 1119808860540.0002 5575758.5000000009 174026439498.00003 4294665.5000000009 4363500793924.5005 4297271.0000000009 28.500000000000004 174026447279.00003 70.500000000000014 1861025320257.0002 4305780.0000000009 4305469.5000000009 4305671.5000000009 1955683344136.5002 702778648565.00012 1862882928450.5002 70.500000000000014 2883033186372.5005 2777491174764.5005 702778648565.00012 702778654685.50012 60.500000000000007 3.954845576055467 1955683344136.5002 2452704926503.5005 1862882903109.5002 174026445959.50003
decision_type=2 2 2 2 2 2 2 2 2 2 2 2 2 2 2 2 2 2 2 2 2 2 2 2 2 2 2 2 2 2
left_child=5 20 3 19 13 24 11 18 12 10 -10 22 17 14 -4 -11 -14 -8 -5 -3 21 26 -7 -24 25 -1 28 -28 -2 -21
right_child=1 2 4 7 -6 6 8 -9 9 15 -12 -13 16 -15 -16 -17 -18 -19 -20 29 -22 -23 23 -25 -26 -27 27 -29 -30 -31
leaf_value=-0.0010818655797141382 0.010173435149569346 -0.0017967589419661972 0.010624442221925375 -0.0072496946915792063 -0.018990991069284369 0.0030839875052535437 -0.0022557547401502059 -0.017566294727738956 0.01412272208559736 -0.011082086454800804 -0.0070111295223873127 -0.017916176919481833 0.0074302049478409274 0.011939672401883586 -0.018098106550578499 -0.017933189074829853 -0.0034281367009146753 -0.012635523075920032 0.0012953998929786251 -0.018266067528443789 0.013099524204876955 0.0038004698557074991 -0.019482583269141537 -0.0038310929537807917 -0.017009417788978496 -0.014492742462531183 0.0027806167404679219 0.011289998796066833 0.01323659434178367 -0.013360976755787107
leaf_weight=8.4814149588346464 148.82449801266193 5.3058641254901877 142.61621998250484 26.935912385582924 7.9764896780252448 6.4957835078239468 16.600155025720596 15.676038190722464 5.9289503395557395 275.5397664308548 43.819569602608681 112.44822660088539 15.076093658804892 108.10757264494896 23.605591863393784 31.444572135806084 39.161436751484871 33.841777294874191 40.158489406108856 110.36764447391033 235.59870529174805 28.47137276828289 7.4918467402458173 7.2251348942518234 196.07394820451736 84.862963259220123 65.67571759223938 365.49676215648651 217.69648063182831 44.673415049910545
leaf_count=35 710 22 685 111 32 26 68 63 26 1110 177 456 62 523 96 127 160 136 170 443 1184 128 30 29 794 341 307 1786 1081 179
internal_value=0 0.0069843 -0.00154872 -0.0125085 0.00788963 -0.0125164 -0.0109171 -0.00505767 -0.00938041 -0.010767 -0.00449243 -0.016222 -0.00465504 0.00867122 0.00654548 -0.0117838 -0.000409906 -0.0092196 -0.00213514 -0.0163545 0.0112069 0.0106672 -0.00724129 -0.0117987 -0.0158047 -0.0132742 0.0109123 0.00999386 0.0119928 -0.0168527
internal_weight=0 1587.19 525.423 243.117 282.306 884.492 595.073 82.7704 461.412 356.733 49.7485 133.661 104.679 274.329 166.222 306.984 54.2375 50.4419 67.0944 160.347 1061.76 826.165 21.2128 14.717 289.418 93.3444 797.693 431.172 366.521 155.041
internal_count=11097 7520 2324 988 1336 3577 2407 344 1866 1440 203 541 426 1304 781 1237 222 204 281 644 5196 4012 85 59 1170 376 3884 2093 1791 622
is_linear=0
shrinkage=0.01


Tree=37
num_leaves=31
num_cat=0
split_feature=2 0 0 1 0 1 0 1 0 4 1 12 1 0 0 0 1 1 1 4 1 1 1 4 13 1 1 1 1 1
split_gain=2121.21 563.851 533.579 68.435 58.3006 45.8628 47.8771 29.7115 29.6495 22.3215 22.8964 21.2284 19.8806 18.8519 164.081 13.0664 12.5867 11.7637 11.5228 11.4253 10.8287 13.7874 9.0849 8.75041 13.6137 8.34976 7.8727 39.969 8.28263 7.62295
threshold=65.500000000000014 4296066.5000000009 4301512.5000000009 1119808860540.0002 5575758.5000000009 174026439498.00003 4294665.5000000009 4363500793924.5005 4297271.0000000009 28.500000000000004 174026447279.00003 3.8142617563909882 1861025320257.0002 4305780.0000000009 4305469.5000000009 4305671.5000000009 1955683344136.5002 702778648565.00012 1862882928450.5002 70.500000000000014 2883033186372.5005 2777491174764.5005 702778648565.00012 60.500000000000007 3.9104172329531406 702778654685.50012 1955683344136.5002 2384994534721.0005 1862882903109.5002 174026422363.50003
decision_type=2 2 2 2 2 2 2 2 2 2 2 2 2 2 2 2 2 2 2 2 2 2 2 2 2 2 2 2 2 2
left_child=5 20 3 19 13 23 11 18 12 10 -10 -7 17 14 -4 -11 -14 -8 -5 -3 21 26 -13 24 -1 -24 28 -28 -2 -26
right_child=1 2 4 7 -6 6 8 -9 9 15 -12 22 16 -15 -16 -17 -18 -19 -20 -21 -22 -23 25 -25 29 -27 27 -29 -30 -31
leaf_value=-0.0010708902744733569 0.010113349355345984 -0.0017782263062513107 0.010564429456587639 -0.0071688351684375843 -0.018821889923851233 -0.017787529761687935 -0.0022329617722684691 -0.017411095098600948 0.014036596336082095 -0.010972191679793596 -0.0069377033138100057 0.0030531514394628988 0.0073644530480926583 0.011879427586748977 -0.017886953430311266 -0.017780974892942569 -0.0033925035574414891 -0.012510196524608986 0.0012828345713263101 -0.016699413693589581 0.013046303881200618 0.0037672281628274994 -0.019269851695913123 -0.016871341583258342 -0.0089496004157299976 -0.0037935320721441406 0.00099189198025179679 0.010977172960254402 0.013181792554497486 -0.016019874397040623
leaf_weight=8.4826489686965925 148.21467681229115 5.307540461421012 141.99522551894188 26.967175498604774 7.9677144140005103 112.95479126274586 16.601896390318871 15.65770475566387 5.905791923403739 275.5166132748127 43.840399593114853 6.4957740455865887 15.058678209781645 107.5719538629055 23.645207032561302 31.396852865815163 39.176959484815598 33.839006423950195 40.146381363272667 154.90045940876007 234.20119300484657 28.4355588555336 6.7375748157501203 195.70368508994579 19.935877785086632 7.2237128913402557 44.751571789383888 384.58878445625305 216.42191396653652 64.86842979490757
leaf_count=35 710 22 685 111 32 459 68 63 26 1110 177 26 62 523 96 127 160 136 170 622 1184 128 27 794 80 29 207 1886 1081 261
internal_value=0 0.00694274 -0.00153682 -0.0123905 0.00784225 -0.0124019 -0.0108139 -0.00500705 -0.00928814 -0.0106615 -0.00444767 -0.0160899 -0.00460861 0.00861985 0.00650299 -0.0116687 -0.000405804 -0.00912759 -0.00211317 -0.0162051 0.0111492 0.010609 -0.00671665 -0.01567 -0.0131496 -0.0112622 0.010854 0.00993637 0.0119346 -0.0143578
internal_weight=0 1580.77 524.159 242.979 281.18 883.739 594.748 82.7713 461.336 356.66 49.7462 133.412 104.677 273.212 165.64 306.913 54.2356 50.4409 67.1136 160.208 1056.61 822.413 20.4571 288.991 93.287 13.9613 793.977 429.34 364.637 84.8043
internal_count=11097 7520 2324 988 1336 3577 2407 344 1866 1440 203 541 426 1304 781 1237 222 204 281 644 5196 4012 82 1170 376 56 3884 2093 1791 341
is_linear=0
shrinkage=0.01


Tree=38
num_leaves=31
num_cat=0
split_feature=2 0 0 1 0 3 2 1 1 1 0 0 0 1 3 0 3 4 0 1 1 12 1 1 1 1 1 0 1 0
split_gain=2083.37 555.932 523.865 67.2351 57.3124 53.5812 30.1671 29.1804 21.7964 29.6763 18.646 161.144 16.9212 16.1546 14.9103 11.3668 11.227 10.8778 11.0299 10.8134 13.6726 10.3079 9.41499 7.83027 39.6603 8.27247 7.58663 7.44623 10.7744 7.11639
threshold=65.500000000000014 4296066.5000000009 4301512.5000000009 1119808860540.0002 5575758.5000000009 43.500000000000007 55.500000000000007 4363500793924.5005 1861025320257.0002 2777491177929.0005 4305780.0000000009 4305469.5000000009 4296358.0000000009 174026437347.50003 32.500000000000007 4299148.5000000009 57.500000000000007 27.500000000000004 4296552.0000000009 2883033186372.5005 2777491174764.5005 3.7980938520108252 1862882900096.0002 1955683344136.5002 2452704926503.5005 1862882903109.5002 174026445959.50003 4296552.0000000009 174026424700.00003 4295248.5000000009
decision_type=2 2 2 2 2 2 2 2 2 2 2 2 2 2 2 2 2 2 2 2 2 2 2 2 2 2 2 2 2 2
left_child=5 19 3 16 10 6 13 15 21 12 11 -4 -10 27 -8 -5 -3 -15 -19 20 23 -7 -14 25 -25 -2 -18 28 -1 -22
right_child=1 2 4 7 -6 8 14 -9 9 -11 -12 -13 22 17 -16 -17 26 18 -20 -21 29 -23 -24 24 -26 -27 -28 -29 -30 -31
leaf_value=0.002738091135920473 0.010053806766510631 -0.0017598941219986223 0.010504985886746865 -0.0051337011330075243 -0.018657431511923391 -0.016481135505973937 -0.005208282692858922 -0.017259708101940063 -0.017463016286872947 -0.015485303782032896 0.011819878852305808 -0.017681389886054843 0.0041438545588050844 0.002070697915378701 0.0085587718377085585 0.0034741768515647409 -0.017958791451252096 -0.0038825302647145202 -0.010742999022191451 0.012993867765903293 0.0013910826080140231 -0.011988303018974378 -0.0068363144835782118 0.0027187056005018011 0.011174991207839817 0.013127817587522307 -0.013071392536146151 -0.016073975193498756 -0.017311475220036489 0.01442820248284171
leaf_weight=5.485944062471388 147.60460823774338 5.3091919869184485 141.37385973334312 43.405640885233879 7.9576170593500128 294.02618683874607 64.710189893841743 15.637191563844679 14.193877100944517 91.319004073739052 107.03545814752579 23.680721685290337 8.8142316341400129 8.1214494556188566 8.9556889086961728 23.726173043251038 110.10960485041142 27.408239051699638 161.65869048237801 232.80186849832535 23.295574009418491 61.798880815505981 68.481144800782204 65.496556147933006 362.01009899377823 215.14502511918545 44.636143654584885 62.694243758916855 5.2408630698919296 5.1043493896722785
leaf_count=22 710 22 685 180 32 1197 263 63 58 370 523 96 36 33 40 101 443 111 648 1184 104 248 277 307 1786 1081 179 253 21 24
internal_value=0 0.00690168 -0.0015251 -0.0122745 0.00779546 -0.0122895 -0.00920811 -0.00495712 -0.014259 -0.0114525 0.00856911 0.00646103 -0.00742712 -0.0107526 -0.0035346 -0.00209145 -0.0160585 -0.00926168 -0.00974847 0.0110922 0.0105514 -0.0157008 -0.00558421 0.0107964 0.00987944 0.011877 -0.016549 -0.0147567 -0.00705765 0.00373426
internal_weight=0 1574.33 522.872 242.824 280.048 882.909 344.275 82.769 538.633 182.808 272.09 165.055 91.4893 270.609 73.6659 67.1318 160.055 197.188 189.067 1051.46 818.656 355.825 77.2954 790.256 427.507 362.75 154.746 73.4211 10.7268 28.3999
internal_count=11097 7520 2324 988 1336 3577 1391 344 2186 741 1304 781 371 1088 303 281 644 792 759 5196 4012 1445 313 3884 2093 1791 622 296 43 128
is_linear=0
shrinkage=0.01


Tree=39
num_leaves=31
num_cat=0
split_feature=2 0 0 1 0 3 2 1 1 1 0 0 0 1 0 2 3 1 1 4 0 12 1 1 1 1 0 1 0 0
split_gain=2046.42 548.133 514.375 66.0998 56.346 52.8941 29.6075 26.6548 21.5401 29.2592 18.4425 158.275 16.6844 15.935 15.2885 14.9001 14.6232 10.799 13.556 10.6601 10.8204 10.2343 9.2208 7.7893 39.288 8.26349 7.32917 10.5698 7.02873 10.2266
threshold=65.500000000000014 4296066.5000000009 4301512.5000000009 1119808859400.0002 5575758.5000000009 43.500000000000007 55.500000000000007 4363500794354.0005 1861025320257.0002 2777491177929.0005 4305780.0000000009 4305469.5000000009 4296358.0000000009 174026437347.50003 4299148.5000000009 102.50000000000001 32.500000000000007 2883033186372.5005 2777491174764.5005 27.500000000000004 4296552.0000000009 3.7980938520108252 1862882900096.0002 1955683344136.5002 2452704926503.5005 1862882903109.5002 4296552.0000000009 174026424700.00003 4295248.5000000009 4277590.5000000009
decision_type=2 2 2 2 2 2 2 2 2 2 2 2 2 2 2 2 2 2 2 2 2 2 2 2 2 2 2 2 2 2
left_child=5 17 3 15 10 6 13 14 21 12 11 -4 -10 26 -5 -3 -8 18 23 -15 -21 -7 -14 25 -25 -2 27 -1 29 -20
right_child=1 2 4 7 -6 8 16 -9 9 -11 -12 -13 22 19 -16 -17 -18 -19 28 20 -22 -23 -24 24 -26 -27 -28 -29 -30 -31
leaf_value=0.0027110528025693949 0.0099947930055606371 -0.0010682599350169233 0.010446096575755666 -0.0061858267666875764 -0.018497436107867464 -0.016353086620125107 -0.0051533416192734985 -0.01827966841030591 -0.017333821357884929 -0.01535792289132777 0.0117610087269585 -0.017481180412723077 0.0041046451247285223 0.0020504594423218898 0.0033458843935847528 -0.016757973411075031 0.0084962680721833855 0.012942192936877425 0.0060381796626682027 -0.0038423432470356578 -0.01063635916843066 -0.01187450419987357 -0.0067639314894270275 0.0026943330881074277 0.01111770478671275 0.013074646227901854 -0.01593809674420308 -0.01715178405859694 0.014364780116680893 -0.0080460930295104243
leaf_weight=5.4852546453475934 146.99443157017231 6.3112395852804175 140.75225852429867 49.673863559961319 7.9462390244007102 293.36848455667496 64.74589903652668 13.373699128627775 14.156856581568716 91.156464844942093 106.49821420013905 23.71225206553936 8.8094688504934293 8.1196031272411329 25.44868902862072 147.83457340300083 8.9314783811569196 231.40109361708164 15.580242276191717 27.417904704809189 161.64673355221748 61.76737117767334 68.521637365221977 65.428469955921173 360.24551323056221 213.86616602540016 62.596932515501976 5.2367813736200333 5.0757605135440818 7.7048830389976493
leaf_count=22 710 26 685 205 32 1197 263 54 58 370 523 96 36 33 108 595 40 1184 70 111 648 248 277 307 1786 1081 253 21 24 34
internal_value=0 0.00686114 -0.00151358 -0.0121609 0.00774925 -0.0121797 -0.00911856 -0.00527245 -0.0141389 -0.0113482 0.00851896 0.00641958 -0.00735297 -0.0106493 -0.00295684 -0.0161156 -0.00349868 0.0110357 0.0104943 -0.00916926 -0.0096511 -0.0155741 -0.0055258 0.0107393 0.00982299 0.0118201 -0.0146296 -0.00699021 0.00370208 0.00137779
internal_weight=0 1567.85 521.551 242.642 278.909 881.961 344.181 88.4963 537.78 182.644 270.963 164.465 91.488 270.503 75.1226 154.146 73.6774 1046.3 814.895 197.184 189.065 355.136 77.3311 786.535 425.674 360.861 73.319 10.722 28.3609 23.2851
internal_count=11097 7520 2324 988 1336 3577 1391 367 2186 741 1304 781 371 1088 313 621 303 5196 4012 792 759 1445 313 3884 2093 1791 296 43 128 104
is_linear=0
shrinkage=0.01


Tree=40
num_leaves=31
num_cat=0
split_feature=12 1 1 4 3 12 1 12 1 1 1 1 1 1 1 1 3 1 12 1 1 1 1 12 3 12 4 1 12 1
split_gain=1996.41 438.801 57.2574 54.938 37.6888 21.9923 21.6439 20.1672 15.4362 122.13 14.1758 13.8468 23.4012 13.1363 11.9412 11.7127 10.6629 8.8214 7.7721 7.58626 10.1603 14.3258 8.88414 7.27505 7.12568 12.6094 8.63459 7.01351 6.72518 20.4164
threshold=1.9533992703327747 1119808862681.0002 3704300934115.0005 44.000000000000007 43.500000000000007 2.9361312091082001 2883033186372.5005 3.8049765068063102 2482915552582.5005 2547630267620.5005 4092079271560.5005 1861025320257.0002 3704300934566.5005 1862882903109.5002 1862882900096.0002 4092079271560.5005 56.500000000000007 174026437347.50003 3.8813757874460855 174026440880.50003 702778647780.50012 702778654961.50012 446348172412.50006 3.8157201904287903 27.500000000000004 3.8370808819283586 25.500000000000004 174026440289.00003 1.9393065999967327 3475289744648.0005
decision_type=2 2 2 2 2 2 2 2 2 2 2 2 2 2 2 2 2 2 2 2 2 2 2 2 2 2 2 2 2 2
left_child=1 19 6 7 5 -5 8 16 13 -10 -4 23 14 -3 -13 24 -2 -7 -19 -1 22 -22 -21 -6 25 -9 -26 -25 -8 -30
right_child=3 2 10 4 11 17 28 15 9 -11 -12 12 -14 -15 -16 -17 -18 18 -20 20 21 -23 -24 27 26 -27 -28 -29 29 -31
leaf_value=-0.0050011004908785484 0.0082959246168860402 0.0065145654191962237 0.0048976047872976384 -0.0035659024355729407 -0.016254525136267645 -0.014559549267353842 0.013559359205410976 0.00146351440804827 -0.0098555267054319436 0.010156457114046991 -0.0033327391427627495 0.0053749651646553551 -0.01557342961298097 0.010907668366783167 -0.0090251944337599328 0.0070516820879312769 -0.0039389377380487593 -0.0092491836264473933 -0.01829517981505074 -0.00086660271812624213 -0.0078426053229856095 0.0012337474015511362 0.00827998027027705 -0.014664675683747304 -0.0065535338993727276 -0.010333185148010236 -0.013046393156903556 -0.0065971975679460513 0.012305559727527782 -0.0095114570898274641
leaf_weight=174.33650052547455 11.936746865510942 77.55970673263073 60.451403439044952 46.412075713276863 295.17608760297298 56.355514973402023 207.09272833168507 16.268654346466064 35.177602723240852 229.14343759417534 32.007911279797554 6.3499877750873557 83.816612467169762 556.08127418160439 61.827067896723747 4.8566458225250235 17.664622917771339 133.6360134780407 10.224541798233984 53.890555158257484 46.311653196811676 27.845999822020531 13.225468516349791 34.299139946699142 34.740190461277962 20.451506271958351 49.903869524598122 15.71263428032398 24.324478060007099 5.2076301723718634
leaf_count=754 50 377 275 188 1207 228 1059 67 172 1123 143 26 341 2761 251 20 72 536 41 242 198 122 63 138 144 82 201 63 126 27
internal_value=0 0.00691063 0.00961548 -0.0118331 -0.0129642 -0.00976813 0.0102321 -0.00643401 0.00952313 0.00749313 0.00204839 -0.0145496 -0.0120346 0.0103699 -0.00768397 -0.00817621 0.000994768 -0.0112059 -0.00989211 -0.00360546 -0.00188318 -0.00443446 0.000935766 -0.015657 -0.00878559 -0.00510673 -0.0103815 -0.01213 0.0129227 0.00845839
internal_weight=0 1542.66 1227.05 899.632 743.81 246.628 1134.59 155.822 897.962 264.321 92.4593 497.182 151.994 633.641 68.1771 126.221 29.6014 200.216 143.861 315.61 141.274 74.1577 67.116 345.188 121.364 36.7202 84.6441 50.0118 236.625 29.5321
internal_count=11097 7442 6063 3655 3019 993 5645 636 4433 1295 418 2026 618 3138 277 514 122 805 577 1379 625 320 305 1408 494 149 345 201 1212 153
is_linear=0
shrinkage=0.01


Tree=41
num_leaves=31
num_cat=0
split_feature=2 0 0 1 0 3 2 1 1 1 0 0 0 1 3 1 3 1 1 4 0 12 0 1 1 1 1 0 1 0
split_gain=1974.33 537.353 501.757 64.1134 55.5679 51.7182 28.7758 27.9222 20.9847 28.3985 18.1694 154.964 16.4249 15.5494 14.3547 11.2059 10.7851 10.7402 13.5678 10.3956 10.6062 10.0995 9.00117 7.92957 39.2464 8.01387 7.50507 7.26606 10.3848 6.9727
threshold=65.500000000000014 4296066.5000000009 4301512.5000000009 1119808860540.0002 5575758.5000000009 43.500000000000007 55.500000000000007 4363500793924.5005 1861025320257.0002 2777491177929.0005 4305780.0000000009 4305469.5000000009 4296358.0000000009 174026437347.50003 32.500000000000007 1862882928450.5002 57.500000000000007 2883033186372.5005 2777491174764.5005 27.500000000000004 4296552.0000000009 3.7980938520108252 4297284.0000000009 1955683344136.5002 2384994534721.0005 1862882903109.5002 174026445959.50003 4296552.0000000009 174026424700.00003 4295248.5000000009
decision_type=2 2 2 2 2 2 2 2 2 2 2 2 2 2 2 2 2 2 2 2 2 2 2 2 2 2 2 2 2 2
left_child=5 17 3 16 10 6 13 15 21 12 11 -4 -10 27 -8 -5 -3 18 23 -15 -21 -7 -14 25 -25 -2 -18 28 -1 -20
right_child=1 2 4 7 -6 8 14 -9 9 -11 -12 -13 22 19 -16 -17 26 -19 29 20 -22 -23 -24 24 -26 -27 -28 -29 -30 -31
leaf_value=0.0028260846426844126 0.0099353673995178395 -0.0017260489597294593 0.010357249445897687 -0.0070725871372615684 -0.018409655295096593 -0.01610553558570102 -0.0050400286192465969 -0.016949694501109475 -0.01714670434584949 -0.015113618781532549 0.011667405115044051 -0.017279324789840522 0.0014663062919776063 0.0020887780306411453 0.0084857594890067195 0.0012611482813786469 -0.017627560662078264 0.012847279628706776 0.0012676027538377297 -0.003717714365535525 -0.010441804648680511 -0.011652278787678588 -0.0071023009933423786 0.00082460581087826727 0.010757314932172631 0.012979129280952748 -0.012761185379009894 -0.015695550116988626 -0.016868814134534532 0.014259067625946611
leaf_weight=5.4880179762840253 146.353625446558 5.3089271485805503 139.78537134826183 26.990741431713104 7.9390182495117179 291.95786352455616 64.804867073893547 15.583295881748198 14.098270103335379 90.806424528360367 105.59675405919552 23.733933478593826 15.274740919470785 8.1212388128042203 8.9272928535938245 40.116106688976288 109.74215190112591 228.75111436843872 23.195897430181507 27.441990256309509 161.5894618332386 61.686441272497177 62.108955875039101 44.46469022333622 377.57029817998409 211.51478351652622 44.559538006782532 62.398310750722885 5.2273852080106735 5.0265252888202658
leaf_count=22 710 22 685 111 32 1197 263 63 58 370 523 96 63 33 40 170 443 1184 104 111 648 248 250 207 1886 1081 179 253 21 24
internal_value=0 0.00677561 -0.00152717 -0.0120376 0.0076648 -0.0119658 -0.00893973 -0.00489096 -0.0139081 -0.011152 0.008434 0.00634595 -0.00721954 -0.0104504 -0.00340236 -0.00209073 -0.0157401 0.0109343 0.0103929 -0.0089897 -0.00946566 -0.0153288 -0.00541095 0.0106393 0.00971083 0.0117344 -0.0162222 -0.0143892 -0.00678184 0.00358143
internal_weight=0 1556.23 519.356 242.301 277.055 879.931 343.999 82.6901 535.933 182.288 269.116 163.519 91.482 270.266 73.7322 67.1068 159.611 1036.88 808.126 197.153 189.031 353.644 77.3837 779.903 422.035 357.868 154.302 73.1137 10.7154 28.2224
internal_count=11097 7520 2324 988 1336 3577 1391 344 2186 741 1304 781 371 1088 303 281 644 5196 4012 792 759 1445 313 3884 2093 1791 622 296 43 128
is_linear=0
shrinkage=0.01


Tree=42
num_leaves=31
num_cat=0
split_feature=2 0 0 1 0 3 2 1 1 1 0 0 0 0 2 1 3 13 1 1 0 1 3 12 1 1 1 1 0 0
split_gain=1939.67 529.834 492.75 63.0628 54.6388 51.0948 28.2845 25.5387 20.7526 28.0149 17.9718 152.232 16.2021 14.8996 14.4465 13.5499 15.6181 13.5282 10.7298 13.4529 10.4381 12.1258 11.0319 10.0376 8.8753 7.88907 38.9571 8.01093 6.88777 10.0589
threshold=65.500000000000014 4296066.5000000009 4301512.5000000009 1119808859400.0002 5575758.5000000009 43.500000000000007 52.500000000000007 4363500794354.0005 1861025320257.0002 2777491177929.0005 4305780.0000000009 4305469.5000000009 4296358.0000000009 4299148.5000000009 102.50000000000001 174026438393.50003 32.500000000000007 3.9104172329531406 2883033186372.5005 2777491174764.5005 4297419.0000000009 4092079271560.5005 31.500000000000004 3.7980938520108252 1862882900096.0002 1955683344136.5002 2452704926503.5005 1862882903109.5002 4295248.5000000009 4277590.5000000009
decision_type=2 2 2 2 2 2 2 2 2 2 2 2 2 2 2 2 2 2 2 2 2 2 2 2 2 2 2 2 2 2
left_child=5 18 3 14 10 6 20 13 23 12 11 -4 -10 -5 -3 17 -17 -8 19 25 22 -22 -1 -7 -14 27 -27 -2 29 -21
right_child=1 2 4 7 -6 8 15 -9 9 -11 -12 -13 24 -15 -16 16 -18 -19 -20 28 21 -23 -24 -25 -26 26 -28 -29 -30 -31
leaf_value=-0.0097591163018304044 0.0098773842836622945 -0.00097936336574932343 0.010299703149732605 -0.0061215515854160449 -0.018256294117385944 -0.015985766719313368 0.0025015368061415272 -0.017961763013988354 -0.017025208989888446 -0.014993752080847123 0.011610231985066246 -0.017089418102841755 0.0040968377258524926 0.00329298805942989 -0.016434755272731229 -0.0041664049602551127 0.011837925079222829 -0.016351222610293762 0.012797699712970923 0.0058984794339942553 -0.012858576568112488 -0.0015877729368240145 -0.0002144946117776617 -0.011543890064726305 -0.0065682061182679389 0.002536666801427528 0.010958087778777348 0.012928139581211084 0.014198777411502843 -0.0080882288569395864
leaf_weight=50.978730022907257 145.74369531869888 6.3067183047533026 139.16383446753025 49.689771220088005 7.9257186204195014 291.20757183432579 4.9832103550434139 13.318837881088255 14.057095170021055 90.61798857152462 105.0582854449749 23.757578149437904 8.8043365776538831 25.40505713224411 147.34888258576393 82.917255595326424 6.5815140753984442 16.114205032587051 227.34799060225487 15.489341914653783 156.22855398058891 10.166704952716826 15.882558137178419 61.643189743161201 68.603326052427292 64.978938490152359 355.22557951509953 210.23195867240429 4.9975352287292472 7.696907013654708
leaf_count=205 710 26 685 205 32 1197 21 54 58 370 523 96 36 108 595 336 30 65 1184 70 629 41 64 248 277 307 1786 1081 24 34
internal_value=0 0.00673641 -0.00151585 -0.0119287 0.00762 -0.0118616 -0.00885411 -0.00519999 -0.0137949 -0.011053 0.00838531 0.00630576 -0.00714872 -0.00293655 -0.0158004 -0.00468892 -0.00298949 -0.0118982 0.0108795 0.0103373 -0.010829 -0.0121699 -0.00749184 -0.0152098 -0.00535517 0.0105838 0.00965583 0.0116791 0.00355056 0.00125545
internal_weight=0 1549.69 517.975 242.069 275.905 878.786 343.853 88.4137 534.934 182.083 267.98 162.921 91.4648 75.0948 153.656 110.596 89.4988 21.0974 1031.71 804.364 233.257 166.395 66.8613 352.851 77.4077 776.18 420.205 355.976 28.1838 23.1862
internal_count=11097 7520 2324 988 1336 3577 1391 367 2186 741 1304 781 371 313 621 452 366 86 5196 4012 939 670 269 1445 313 3884 2093 1791 128 104
is_linear=0
shrinkage=0.01


Tree=43
num_leaves=31
num_cat=0
split_feature=2 1 1 3 2 1 1 1 1 1 1 1 1 3 2 2 1 4 12 1 2 1 1 1 12 1 12 2 1 1
split_gain=1905.74 438.382 57.877 50.484 27.7775 21.5681 20.5329 27.6468 15.2637 14.9406 14.862 122.061 15.4592 13.8329 12.6278 21.6025 11.4563 10.1067 9.97925 9.67186 8.78088 7.22209 7.58256 7.93908 6.88098 6.90726 6.73346 6.65208 20.496 6.59521
threshold=65.500000000000014 1119808862681.0002 3704300934115.0005 43.500000000000007 55.500000000000007 2883033186372.5005 1861025320257.0002 2777491177929.0005 174026437347.50003 4363500795869.5005 2482915552582.5005 2547630267620.5005 1862882903109.5002 32.500000000000007 29.500000000000004 58.500000000000007 4363500796899.0005 27.500000000000004 3.7980938520108252 1862882900096.0002 70.500000000000014 174026418081.50003 174026419606.50003 174026440880.50003 3.8273192999520735 174026441896.50003 1.961825938807811 92.500000000000014 3475289744648.0005 702778648565.00012
decision_type=2 2 2 2 2 2 2 2 2 2 2 2 2 2 2 2 2 2 2 2 2 2 2 2 2 2 2 2 2 2
left_child=3 20 5 4 8 10 18 14 -1 -4 12 -12 -3 -6 19 -16 -11 -10 -5 -8 -2 -22 -23 -24 -20 -26 -9 28 -7 -19
right_child=1 2 9 6 13 27 7 26 17 16 11 -13 -14 -15 15 -17 -18 29 24 -21 21 22 23 -25 25 -27 -28 -29 -30 -31
leaf_value=-0.014165521116307492 -0.015245303199333432 0.0060609299096729512 0.0037470398222517408 -0.015868573544178387 -0.0049326738098659454 0.012184374978271933 0.0098981252705061234 -0.0086252421335795606 0.0021140457920526996 -0.014667185492213368 -0.010023303636619289 0.010034860281503201 0.010786316056744417 0.0083768430401652428 -0.013311183732197154 0.0021088456248340168 0.0018661060611949369 -0.005354548531446404 -0.0048890076547263147 -0.0046494534388379144 -0.012077423172693769 0.0049008616102169337 -0.0050360963453648282 -0.0017582321230970659 -0.016195615475451876 -0.0085123654856266648 -0.016067531973580788 0.013421964717519679 -0.009747538620262548 -0.010168456165819736
leaf_weight=72.888005629181862 6.4115561842918387 79.16374409198761 76.57859793305397 290.42852425575256 64.856598600745201 24.294553160667423 5.3599929958581916 14.473799675703047 8.1209224015474302 8.6657225191593188 35.000530526041985 227.77271124720573 551.89238452911377 8.8778110295534116 43.601197093725204 11.476566836237906 8.116579204797743 34.910088688135147 12.730802342295645 31.01275223493576 9.3611017167568189 11.239539697766302 154.37563656270504 141.72651842236519 29.451991587877274 19.413491681218147 75.947644606232643 203.35850729048252 5.1673640459775916 154.03211739659309
leaf_count=296 26 387 350 1197 263 128 22 59 33 36 172 1130 2777 40 177 47 38 140 51 125 39 52 669 630 119 78 311 1059 27 619
internal_value=0 0.00669763 0.00944061 -0.0117592 -0.00876986 0.0100676 -0.0136836 -0.0109552 -0.0102557 0.00187431 0.00936145 0.00736318 0.0101935 -0.00333017 -0.00707836 -0.0100981 -0.00667104 -0.0088095 -0.0150932 -0.00250568 -0.00365926 -0.0034247 -0.00316116 -0.00346718 -0.0114372 -0.0131432 -0.0148762 0.0127786 0.00833771 -0.00927901
internal_weight=0 1543.13 1220.01 877.582 343.686 1126.65 533.897 181.872 269.951 93.3609 893.829 262.773 631.056 73.7344 91.4505 55.0778 16.7823 197.063 352.025 36.3727 323.114 316.703 307.342 296.102 61.5963 48.8655 90.4214 232.82 29.4619 188.942
internal_count=11097 7520 6104 3577 1391 5680 2186 741 1088 424 4466 1302 3164 303 371 224 74 792 1445 147 1416 1390 1351 1299 248 197 370 1214 155 759
is_linear=0
shrinkage=0.01


Tree=44
num_leaves=31
num_cat=0
split_feature=2 1 1 3 2 1 1 1 1 1 1 1 1 3 13 2 2 1 12 1 1 2 3 12 2 1 1 1 12 1
split_gain=1871.81 431.99 57.2627 49.9204 27.362 21.5183 20.3237 27.2908 14.7472 120.02 15.3512 14.6584 13.2886 15.0971 13.1519 12.3883 21.1825 11.2448 9.91506 9.48524 8.72556 8.59624 7.29146 23.0803 7.43292 7.08371 7.43143 7.77563 6.76777 6.80187
threshold=65.500000000000014 1119808862681.0002 3704300934115.0005 43.500000000000007 52.500000000000007 2883033186372.5005 1861025320257.0002 2777491177929.0005 2482915552582.5005 2547630267620.5005 1862882903109.5002 4363500795869.5005 174026438393.50003 32.500000000000007 3.9104172329531406 29.500000000000004 58.500000000000007 4363500796899.0005 3.7980938520108252 1862882900096.0002 4363500795869.5005 70.500000000000014 31.500000000000004 3.8519834484560338 32.500000000000007 174026418081.50003 174026419606.50003 174026440880.50003 3.8273192999520735 174026441896.50003
decision_type=2 2 2 2 2 2 2 2 2 2 2 2 2 2 2 2 2 2 2 2 2 2 2 2 2 2 2 2 2 2
left_child=3 21 5 4 20 8 18 15 10 -10 -3 -4 14 -14 -6 19 -17 -13 -5 -8 22 -2 24 -24 -1 -23 -27 -28 -20 -30
right_child=1 2 11 6 12 -7 7 -9 9 -11 -12 17 13 -15 -16 16 -18 -19 28 -21 -22 25 23 -25 -26 26 27 -29 29 -31
leaf_value=-0.013488145130206821 -0.015080233190230724 0.0060151376342859157 0.003713801932746313 -0.015753870033809247 0.0024675662017137633 0.012729617970404379 0.0098143451372671876 -0.014761258824350199 -0.0098802752206467517 0.0099782783230685408 0.010730472938191109 -0.014538549824090622 -0.0040609772340233522 0.011724180835886267 -0.016134700807383544 -0.013183350369830083 0.0020883311554117604 0.0018483581354439393 -0.004840404384872053 -0.0046012965032522094 0.00041685093118571856 -0.011960122315105537 -0.0019311432441747492 -0.014782465162813781 -0.0090547708898644618 0.0048583131224720051 -0.0049833981904941907 -0.001740086419612039 -0.016060145064376509 -0.0084319666656655339
leaf_weight=112.90539267659187 6.4168928563594809 78.969716772437096 76.491768032312393 289.62172828614712 4.9770700186491039 231.38655443489552 5.3517324626445761 90.215589985251427 35.151365742087364 226.77865847945213 549.23026448488235 8.6550252884626406 82.992774605751038 6.5360807776451102 16.07910880446434 43.583823844790459 11.473429247736929 8.1125872731208784 12.730051830410956 31.023898422718048 6.9369177669286719 9.3583962768316251 30.347924560308456 25.902543798089027 56.863563314080238 11.2246698141098 154.44768553972244 141.77217385172844 29.403660759329796 19.402667477726936
leaf_count=456 26 387 350 1197 21 1214 22 370 172 1130 2777 36 336 30 65 177 47 38 51 125 28 39 122 104 229 52 669 630 119 78
internal_value=0 0.00665297 0.00938673 -0.0116581 -0.00868583 0.0100128 -0.0135746 -0.0108591 0.00930658 0.00731323 0.0101377 0.0018576 -0.0045897 -0.00290858 -0.0117377 -0.00700893 -0.0100009 -0.00661016 -0.0149793 -0.00248041 -0.0106303 -0.00362148 -0.0109693 -0.00784899 -0.0120032 -0.00338938 -0.00312849 -0.00343113 -0.0113339 -0.0130276
internal_weight=0 1538 1214.78 876.348 343.541 1121.52 532.807 181.648 890.13 261.93 628.2 93.2594 110.585 89.5289 21.0562 91.4329 55.0573 16.7676 351.158 36.3756 232.956 323.22 226.019 56.2505 169.769 316.803 307.445 296.22 61.5364 48.8063
internal_count=11097 7520 6104 3577 1391 5680 2186 741 4466 1302 3164 424 452 366 86 371 224 74 1445 147 939 1416 911 226 685 1390 1351 1299 248 197
is_linear=0
shrinkage=0.01


Tree=45
num_leaves=31
num_cat=0
split_feature=2 0 0 1 0 3 2 1 1 1 0 0 0 0 2 1 3 15 1 1 0 1 3 12 0 1 1 1 0 0
split_gain=1838.62 516.385 477.824 60.4618 54.0478 49.3563 26.8687 23.8189 20.1223 26.9426 17.6636 148.641 15.756 14.9288 14.6442 13.0524 14.8293 12.9126 10.6248 13.5943 10.3323 11.8197 10.7152 9.85371 8.74904 8.20478 39.1934 7.5598 6.90632 6.86543
threshold=65.500000000000014 4296066.5000000009 4301512.5000000009 702778654961.50012 5575758.5000000009 43.500000000000007 52.500000000000007 4363500794354.0005 1861025320257.0002 2777491177929.0005 4305780.0000000009 4305469.5000000009 4296358.0000000009 4297271.0000000009 102.50000000000001 174026438393.50003 32.500000000000007 3.9773312488368133 2883033186372.5005 2777491174764.5005 4297419.0000000009 4092079271560.5005 31.500000000000004 3.7980938520108252 4297284.0000000009 1955683344136.5002 2452704926503.5005 1862882903109.5002 4296552.0000000009 4295248.5000000009
decision_type=2 2 2 2 2 2 2 2 2 2 2 2 2 2 2 2 2 2 2 2 2 2 2 2 2 2 2 2 2 2
left_child=5 18 3 14 10 6 20 13 23 12 11 -4 -10 -5 -3 17 -17 -8 19 25 22 -22 28 -7 -14 27 -27 -2 -1 -21
right_child=1 2 4 7 -6 8 15 -9 9 -11 -12 -13 24 -15 -16 16 -18 -19 -20 29 21 -23 -24 -25 -26 26 -28 -29 -30 -31
leaf_value=-0.0058983969459631327 0.0098177104453299729 -0.00077231127394959741 0.01018460939875817 0.0056921614625785504 -0.018234616826700804 -0.015641574305068132 0.00244419111822611 -0.017717017781462209 -0.016726038392432599 -0.0146482276057143 0.011489346363681074 -0.01689730630284882 0.0015947072195898271 -0.0053816941359557001 -0.01632385428569243 -0.0040188621388765151 0.011655868676365757 -0.01599470196493101 0.012663262267753168 0.0010511364610271477 -0.012550423142877994 -0.0014249201569045181 -4.4832911676829875e-05 -0.011232317338405387 -0.0068463736692705958 0.0023192320363959501 0.010809184363416111 0.012795400062463765 -0.013268181953746383 0.014057580404766939
leaf_weight=26.394237980246544 145.07345513999462 6.3194460272788993 137.85685679316521 15.144186839461325 7.9228372275829306 288.788176253438 4.9744348824024227 13.261177539825438 13.944216936826704 90.003670766949654 103.82261179387569 23.759399741888046 15.301389232277868 62.067158684134483 144.73246859014034 83.023703947663307 6.508780524134635 16.057754024863243 223.39626881480217 23.020118951797489 155.78724400699139 10.17276495695114 15.898862034082411 61.472481727600098 62.165581896901131 64.363566681742668 350.39608393609524 206.7996227145195 24.535984814167023 4.9269626289606085
leaf_count=106 710 26 685 63 32 1197 21 54 58 370 523 96 63 259 586 336 30 65 1184 104 629 41 64 248 250 307 1786 1081 99 24
internal_value=0 0.00660869 -0.0015524 -0.0118011 0.00750263 -0.0115591 -0.0086037 -0.00533612 -0.0134676 -0.0107645 0.00827084 0.00620326 -0.0069405 -0.00320967 -0.0156732 -0.00454463 -0.00287935 -0.0116336 0.0107365 0.0101948 -0.0105316 -0.0118685 -0.0072116 -0.0148677 -0.00517908 0.0104446 0.00949169 0.0115677 -0.00944884 0.00334412
internal_weight=0 1532.86 514.886 241.524 273.362 875.029 343.354 90.4725 531.676 181.415 265.439 161.616 91.4112 77.2113 151.052 110.565 89.5325 21.0322 1017.98 794.58 232.789 165.96 66.8291 350.261 77.467 766.633 414.76 351.873 50.9302 27.9471
internal_count=11097 7520 2324 988 1336 3577 1391 376 2186 741 1304 781 371 322 612 452 366 86 5196 4012 939 670 269 1445 313 3884 2093 1791 205 128
is_linear=0
shrinkage=0.01


Tree=46
num_leaves=31
num_cat=0
split_feature=2 0 0 1 0 3 2 1 1 1 0 0 0 2 1 1 3 13 1 1 0 1 3 12 0 1 1 1 0 0
split_gain=1806.74 509.19 469.287 59.5484 53.15 48.7947 26.394 24.0495 19.9208 26.601 17.4725 146.044 15.5529 14.2515 13.8429 12.8223 14.5668 12.6799 10.6198 13.4792 10.1628 11.6138 10.5114 9.80514 8.56977 8.16337 38.8438 7.56536 6.79268 6.78248
threshold=65.500000000000014 4296066.5000000009 4301512.5000000009 1119808859400.0002 5575758.5000000009 43.500000000000007 52.500000000000007 4363500793924.5005 1861025320257.0002 2777491177929.0005 4305780.0000000009 4305469.5000000009 4296358.0000000009 102.50000000000001 1862882928450.5002 174026438393.50003 32.500000000000007 3.9104172329531406 2883033186372.5005 2777491174764.5005 4297419.0000000009 4092079271560.5005 31.500000000000004 3.7980938520108252 4297284.0000000009 1955683344136.5002 2384994533778.0005 1862882903109.5002 4296552.0000000009 4295248.5000000009
decision_type=2 2 2 2 2 2 2 2 2 2 2 2 2 2 2 2 2 2 2 2 2 2 2 2 2 2 2 2 2 2
left_child=5 18 3 13 10 6 20 14 23 12 11 -4 -10 -3 -5 17 -17 -8 19 25 22 -22 28 -7 -14 27 -27 -2 -1 -21
right_child=1 2 4 7 -6 8 15 -9 9 -11 -12 -13 24 -15 -16 16 -18 -19 -20 29 21 -23 -24 -25 -26 26 -28 -29 -30 -31
leaf_value=-0.0058390955448587838 0.0097607203302020069 -0.0007645216810904657 0.01012856700493988 -0.0075707314579332562 -0.018085887988643003 -0.015531607022319 0.0024210319236282686 -0.016476909285645578 -0.016614476490967561 -0.014537328705208111 0.011434077593111949 -0.016717002657245895 0.001579164774500862 -0.016101187307123531 0.001196799087764497 -0.0039772310838664818 0.011588356074026741 -0.015857739459788571 0.012616229847598366 0.0010409969652525974 -0.012438801833158167 -0.0014105793078984311 -4.4384403865950191e-05 -0.011130391196767708 -0.0067755605832304109 -0.0004330240993920089 0.010391338708175551 0.012747023113957647 -0.013149977590292324 0.014000947770242292
leaf_weight=26.395665243268013 144.46435092389584 6.3199924528598777 137.23655417561531 32.724230527877808 7.9081833809614173 287.92883196473122 4.9718123078346279 15.466798707842825 13.897702932357786 89.784463733434677 103.28392064571381 23.775420516729355 15.297486811876295 146.71382807195187 40.045339897274971 83.053662449121475 6.4813706278800955 16.034594535827637 221.9938165396452 23.011939764022831 155.61423157155514 10.173423185944555 15.898908182978628 61.415343910455704 62.187029421329498 36.352823540568352 376.58664670586586 205.51506173610687 24.509105980396271 4.8975702226161948
leaf_count=106 710 26 685 134 32 1197 21 63 58 370 523 96 63 595 170 336 30 65 1184 104 629 41 64 248 250 171 1922 1081 99 24
internal_value=0 0.00657097 -0.00154103 -0.0116955 0.00745942 -0.0114617 -0.00852318 -0.00515281 -0.0133624 -0.0106715 0.00822378 0.00616448 -0.0068733 -0.0154678 -0.00274593 -0.00450013 -0.00285045 -0.0115315 0.0106835 0.010141 -0.0104352 -0.0117621 -0.00714222 -0.0147579 -0.00512612 0.0103907 0.00943842 0.0115143 -0.00935906 0.00331521
internal_weight=0 1526.3 513.474 241.27 272.204 873.644 343.133 88.2364 530.511 181.167 264.296 161.012 91.3822 153.034 72.7696 110.541 89.535 21.0064 1012.82 790.828 232.591 165.788 66.8037 349.344 77.4845 762.919 412.939 349.979 50.9048 27.9095
internal_count=11097 7520 2324 988 1336 3577 1391 367 2186 741 1304 781 371 621 304 452 366 86 5196 4012 939 670 269 1445 313 3884 2093 1791 205 128
is_linear=0
shrinkage=0.01


Tree=47
num_leaves=31
num_cat=0
split_feature=14 0 0 1 0 4 3 1 0 14 0 0 1 1 0 1 14 3 1 1 3 0 1 1 1 0 1 14 3 3
split_gain=1762.16 493.552 472.544 54.6676 52.0641 49.6613 35.5288 24.6727 20.8174 19.429 17.888 159.299 12.8682 21.482 19.9448 11.2946 10.873 12.2977 10.4961 13.4035 10.2072 10.1893 8.30552 38.6231 7.23362 7.08914 10.0668 7.01344 7.01106 6.97076
threshold=1.9881404987570293 4296066.5000000009 4301512.5000000009 702778654961.50012 5575758.5000000009 44.000000000000007 43.500000000000007 4363500793924.5005 4296358.0000000009 3.9498714270829347 4305780.0000000009 4305469.5000000009 1861025320257.0002 3704300934566.5005 4295326.5000000009 4092079271560.5005 3.9653981408441599 31.500000000000004 2883033186372.5005 2777491174764.5005 56.500000000000007 4299148.5000000009 1955683344136.5002 2452704926503.5005 1862882903109.5002 4300192.0000000009 2384994532545.0005 3.9524417078438572 30.500000000000004 27.500000000000004
decision_type=2 2 2 2 2 2 2 2 2 2 2 2 2 2 2 2 2 2 2 2 2 2 2 2 2 2 2 2 2 2
left_child=1 18 3 -3 10 9 8 21 -7 20 11 -4 27 14 -14 29 17 -10 19 22 -2 -5 24 -24 -1 26 -22 -8 -18 -11
right_child=5 2 4 7 -6 6 12 -9 16 15 -12 -13 13 -15 -16 -17 28 -19 -20 -21 25 -23 23 -25 -26 -27 -28 -29 -30 -31
leaf_value=0.0097669232030633754 0.0084171741874882484 -0.015939084483409981 0.010072999036690455 -0.0059455115474116062 -0.017941025591723583 0.0075375680193987002 -0.015453272985943416 -0.01759329129596237 -0.0097140297872699965 -0.004683802225542477 0.011379378292835267 -0.018735683728580955 -0.016561304334701151 -0.014772513111543524 -0.00404642372702055 0.0072221889974373212 -0.010817372270109411 -0.0032729129783889881 0.012567356057247608 0.0032865639143355098 -0.015722895257869098 0.00230291398982581 0.0022596604375045904 0.010703895911681834 0.012696891165116821 0.0057422159385162128 0.002735299670798125 -0.011386138862998612 -0.017565471889081238 -0.009901578294262376
leaf_weight=143.64390251040459 11.957050219178202 144.68695273995399 136.61680193245411 42.889915704727173 7.8923951387405387 7.2818896472454062 289.53623235225677 14.210544779896734 125.61415049433708 36.76682311296463 102.74529203772545 22.331539183855057 16.982591807842255 82.47328644990921 50.905570194125175 4.8651777803897849 52.12851594388485 38.796664237976074 220.18764056265354 27.871912077069283 6.9337836652994174 23.011327892541885 64.187218368053436 346.93687477707863 203.82621569931507 5.6141188889741889 5.1487564146518707 49.672787994146347 21.8499695956707 84.332365736365318
leaf_count=709 50 588 685 177 32 30 1207 58 508 149 523 90 71 341 206 20 211 156 1182 128 28 98 307 1786 1079 23 21 201 88 345
internal_value=0 0.00661905 -0.0015633 -0.0122696 0.00736434 -0.0111349 -0.0122211 -0.00564236 -0.00911791 -0.00600283 0.00812753 0.00602551 -0.0137783 -0.0113432 -0.00717709 -0.00771722 -0.00962667 -0.00819409 0.0106375 0.0100972 0.00127965 -0.00306533 0.0103475 0.00938553 0.0114856 -0.00354294 -0.00785727 -0.0148577 -0.0128105 -0.00831741
internal_weight=0 1501.04 494.385 224.799 269.586 890.86 735.242 80.1118 245.671 155.618 261.694 158.948 489.57 150.361 67.8882 125.964 238.389 164.411 1006.65 786.466 29.6537 65.9012 758.594 411.124 347.47 17.6967 12.0825 339.209 73.9785 121.099
internal_count=11097 7442 2251 921 1330 3655 3019 333 993 636 1298 775 2026 618 277 514 963 664 5191 4009 122 275 3881 2093 1788 72 49 1408 299 494
is_linear=0
shrinkage=0.01


Tree=48
num_leaves=31
num_cat=0
split_feature=2 0 0 1 0 3 2 1 1 1 0 0 0 1 3 1 1 1 2 3 13 4 0 1 1 1 1 0 1 2
split_gain=1745 495.004 452.753 57.8716 51.4141 47.8712 25.9264 25.1307 19.4742 25.9023 18.047 17.0887 140.963 14.8223 12.9047 10.6146 13.2578 10.5816 10.4248 10.1898 9.70666 9.6093 9.92335 8.08409 38.2683 7.58103 7.29775 7.08107 10.2865 6.76108
threshold=65.500000000000014 4296066.5000000009 4301512.5000000009 1119808860540.0002 5575758.5000000009 43.500000000000007 55.500000000000007 4363500793924.5005 1861025320257.0002 3704300934566.5005 4296358.0000000009 4305780.0000000009 4305469.5000000009 174026437347.50003 32.500000000000007 2883033186372.5005 2777491174764.5005 1862882928450.5002 58.500000000000007 57.500000000000007 3.8970908877135018 27.500000000000004 4296552.0000000009 1955683344136.5002 2452704926503.5005 1862882903109.5002 174026445959.50003 4296552.0000000009 174026424700.00003 92.500000000000014
decision_type=2 2 2 2 2 2 2 2 2 2 2 2 2 2 2 2 2 2 2 2 2 2 2 2 2 2 2 2 2 2
left_child=5 15 3 19 11 6 13 17 20 10 -10 12 -4 27 -8 16 23 -5 -12 -3 -7 -15 -23 25 -25 -2 -21 28 -1 -17
right_child=1 2 4 7 -6 8 14 -9 9 -11 18 -13 -14 21 -16 29 -18 -19 -20 26 -22 22 -24 24 -26 -27 -28 -29 -30 -31
leaf_value=0.0033767761908216911 0.0096477955493535911 -0.0014340450939748089 0.010017893925977947 -0.0068886677821680562 -0.017799887812392456 -0.015318305742263434 -0.0046489069110691164 -0.016220915289113114 -0.0164535538443778 -0.014660016249771248 -0.006603371573304399 0.011325234843068315 -0.01636634384265075 0.0022702412296692997 0.0082512159516781609 0.0079911171342155612 0.0032575287445639491 0.0012085741778903546 0.0034121624385381535 -0.016900142759359863 -0.01093312312953181 -0.0032854291883555749 -0.0097846200652757318 0.0022391159418546154 0.010651051545864265 0.012652427697302491 -0.012083904037017909 -0.014975968475045811 -0.016248040593460848 0.013204643430187105
leaf_weight=5.4961099177598935 143.24385967850685 5.3263026624917975 135.99770818650723 27.031692415475845 7.875509336590766 286.1353452950716 64.960857763886452 15.395847320556639 16.923166334629059 81.77868714928627 69.712888270616531 102.20683267712593 23.792119115591049 8.1251307278871518 8.80581186711788 28.60821595788002 27.839306116104126 40.050786778330803 12.213126942515371 108.56487153470516 61.289083108305931 27.505056634545326 161.06127601861954 64.128677859902382 345.18041385710239 202.94993005692959 44.298226475715637 61.620201334357262 5.1959013640880585 190.58651500940323
leaf_count=22 710 22 685 111 32 1197 263 63 71 339 281 523 96 33 40 155 128 170 50 443 248 111 648 307 1786 1081 179 253 21 1029
internal_value=0 0.00649733 -0.00151777 -0.0114899 0.00737517 -0.011271 -0.0083609 -0.00469872 -0.01316 -0.0104967 -0.00705229 0.00813192 0.00608938 -0.00980109 -0.00310897 0.010579 0.0100347 -0.00205431 -0.00511031 -0.0150307 -0.0145447 -0.00837781 -0.00883662 0.0102844 0.00933311 0.0114092 -0.0155044 -0.0136725 -0.00616012 0.0125242
internal_weight=0 1513.08 510.54 240.668 269.872 870.823 342.77 82.4783 528.052 180.628 98.8492 261.997 159.79 269.004 73.7667 1002.54 783.342 67.0825 81.926 158.189 347.424 196.691 188.566 755.503 409.309 346.194 152.863 72.3122 10.692 219.195
internal_count=11097 7520 2324 988 1336 3577 1391 344 2186 741 402 1304 781 1088 303 5196 4012 281 331 644 1445 792 759 3884 2093 1791 622 296 43 1184
is_linear=0
shrinkage=0.01


Tree=49
num_leaves=31
num_cat=0
split_feature=2 0 0 1 0 3 2 1 1 1 0 0 0 0 1 2 3 1 1 2 12 1 1 1 1 1 0 1 2 1
split_gain=1714.99 488.109 444.783 57.0051 50.5719 47.361 25.4737 22.4547 19.2956 25.5954 17.8252 16.9038 138.532 14.6539 14.6494 13.8654 12.6593 10.6126 13.1517 10.2131 9.66645 8.85577 10.6647 8.04583 37.9282 7.58857 6.98236 10.1015 6.74194 20.8049
threshold=65.500000000000014 4296066.5000000009 4301512.5000000009 702778654961.50012 5575758.5000000009 43.500000000000007 55.500000000000007 4363500794354.0005 1861025320257.0002 3704300934566.5005 4296358.0000000009 4305780.0000000009 4305469.5000000009 4297271.0000000009 174026437347.50003 102.50000000000001 32.500000000000007 2883033186372.5005 2777491174764.5005 58.500000000000007 3.7980938520108252 4363500795869.5005 702778648565.00012 1955683344136.5002 2384994534721.0005 1862882903109.5002 4296552.0000000009 174026424700.00003 92.500000000000014 3475289744648.0005
decision_type=2 2 2 2 2 2 2 2 2 2 2 2 2 2 2 2 2 2 2 2 2 2 2 2 2 2 2 2 2 2
left_child=5 17 3 15 11 6 14 13 20 10 -10 12 -4 -5 26 -3 -8 18 23 -12 -7 22 -16 25 -25 -2 27 -1 29 -19
right_child=1 2 4 7 -6 8 16 -9 9 -11 19 -13 -14 -15 21 -17 -18 28 -20 -21 -22 -23 -24 24 -26 -27 -28 -29 -30 -31
leaf_value=0.0033431667027908497 0.0095921926037171989 -0.00067031983932642125 0.0099632416301233574 0.005750170816747311 -0.017662338438634378 -0.015214886657566382 -0.0046007066947010532 -0.017211479079330964 -0.016348256247034027 -0.014554088900311775 -0.0065354121425183851 0.011271633649030555 -0.016198623279714761 -0.0052170107344905415 -0.0041747149499172581 -0.015811551589630039 0.0081914208514941335 0.011907432262328838 0.0032287306809620289 0.0033793391493782189 -0.010835582777231161 0.0019027999777488092 -0.0099790317451150783 0.00050157728867758196 0.010341247064245386 0.012606018084232465 -0.014862716062627441 -0.016113088584339824 0.013161579376422879 -0.010479392469498409
leaf_weight=5.4958513379096967 142.63651594519615 6.3139377534389487 135.37938025593758 15.153640687465666 7.8575625568628302 285.20414185523987 64.984891921281815 13.130371138453482 16.86215053498745 81.551286801695824 69.733326196670532 101.66864179074764 23.798045262694359 62.153240233659744 40.253784164786339 143.5829550921917 8.7815130650997144 23.446868121623996 27.806896463036537 12.208459258079527 61.222721874713898 8.1580328196287137 148.19514308869839 43.904725983738899 363.59222219884396 201.66656072437763 61.469596818089485 5.1870683580636978 189.30442769825459 5.0443600863218299
leaf_count=22 710 26 685 63 32 1197 263 54 71 339 281 523 96 259 162 586 40 128 128 50 248 33 597 207 1886 1081 253 21 1029 27
internal_value=0 0.00646091 -0.00150697 -0.0113909 0.0073334 -0.0111779 -0.00828324 -0.0051208 -0.01306 -0.0104075 -0.00698501 0.00808635 0.00605188 -0.00306723 -0.00971196 -0.0151738 -0.00307787 0.0105274 0.00998222 -0.00505822 -0.0144409 -0.00829762 -0.0087392 0.010232 0.0092811 0.0113575 -0.0135659 -0.00610378 0.012479 0.00794385
internal_weight=0 1506.44 509.038 240.334 268.704 869.308 342.526 90.4373 526.782 180.355 98.8039 260.846 159.177 77.3069 268.759 149.897 73.7664 997.403 779.607 81.9418 346.427 196.607 188.449 751.8 407.497 344.303 72.1525 10.6829 217.796 28.4912
internal_count=11097 7520 2324 988 1336 3577 1391 376 2186 741 402 1304 781 322 1088 612 303 5196 4012 331 1445 792 759 3884 2093 1791 296 43 1184 155
is_linear=0
shrinkage=0.01


Tree=50
num_leaves=31
num_cat=0
split_feature=12 0 0 1 0 12 1 1 12 1 0 1 0 0 0 1 0 4 1 1 1 1 1 3 0 1 1 0 12 1
split_gain=1672.26 473.44 447.977 52.3014 49.5351 48.1505 34.9586 40.4511 28.7525 23.6162 22.2622 18.4459 17.3399 151.586 15.3472 13.2791 30.6448 15.4365 13.5739 10.4908 13.0851 10.4672 14.6299 10.0437 10.0242 8.19041 37.6743 7.25679 6.85864 20.3629
threshold=1.9533992703327747 4296066.5000000009 4301512.5000000009 702778654961.50012 5575758.5000000009 2.9433833877757176 1861025320257.0002 3704300934115.0005 3.8338504663272626 4363500793924.5005 4295326.5000000009 4092079271560.5005 4305780.0000000009 4305469.5000000009 4296358.0000000009 1862882923884.5002 4297284.0000000009 25.500000000000004 2777491175469.5005 2883033186372.5005 2777491174764.5005 1119808860967.5002 174026437347.50003 29.500000000000004 4299148.5000000009 1955683344136.5002 2452704926503.5005 4295326.5000000009 1.9393065999967327 3475289744648.0005
decision_type=2 2 2 2 2 2 2 2 2 2 2 2 2 2 2 2 2 2 2 2 2 2 2 2 2 2 2 2 2 2
left_child=1 19 3 -3 12 6 -2 10 15 24 -8 21 13 -4 -12 17 -17 -7 -18 20 25 22 -10 -13 -5 27 -27 -1 -21 -30
right_child=5 2 4 9 -6 8 7 -9 11 -11 14 23 -14 -15 -16 16 18 -19 -20 28 -22 -23 -24 -25 -26 26 -28 -29 29 -31
leaf_value=0.009715267460270717 -0.014675240412251359 -0.015567104489865391 0.0099090316605448953 -0.0058266603694560846 -0.017528250594790688 0.00088772829732512509 -0.016232737726572532 -0.014268691039583663 -0.013670291179577614 -0.0172280310855439 0.010939796781082341 0.0094190876086757708 0.011218561121303981 -0.018217087200427414 -0.004560302545152016 0.010300533492900428 4.0426779926976194e-05 -0.0093989909292987103 -0.011004260635857386 0.013119206794440594 0.0032001690906882201 -0.015643380115528897 -0.0071702808631765045 -0.0071575799017167584 0.0023502950430457272 0.0021862632980551053 0.010547996966549915 0.012644955472778274 0.011826813351874249 -0.010320030646170745
leaf_weight=153.33134131133556 339.79224368929863 143.75684894621372 134.7619097083807 42.94593320786953 7.8385894894599906 18.685074090957642 15.846028342843054 92.745068937540054 60.962608814239502 14.104528471827505 6.9008538126945487 6.6687073707580558 101.13081891834736 22.338229969143867 85.939655333757401 17.16305348277092 22.473566591739655 66.529220879077911 22.040704488754272 188.02311816811562 27.774685561656952 42.418432876467705 80.154806852340698 8.0883163809776288 23.032816484570503 63.970087677240372 341.71758760511875 188.47244340181351 22.900747865438465 5.0708982646465293
leaf_count=815 1423 588 685 177 32 80 67 385 250 58 29 27 523 90 346 71 91 270 89 1029 128 171 323 33 98 307 1786 973 126 27
internal_value=0 0.00650829 -0.00153375 -0.0119593 0.00723709 -0.0108571 -0.0127184 -0.00941755 -0.00793871 -0.00548293 -0.00527794 -0.0104227 0.00798884 0.00590975 -0.00340818 -0.00458545 -0.00105135 -0.00714341 -0.00542822 0.0104829 0.00993988 -0.0112876 -0.00997828 0.000333426 -0.00297213 0.0101903 0.00922949 0.0113307 0.0124319 0.00781188
internal_weight=0 1481.17 489.91 223.84 266.07 886.408 541.224 201.432 345.184 80.0833 108.687 198.293 258.231 157.1 92.8405 146.892 61.6773 85.2143 44.5143 991.261 775.266 183.536 141.117 14.757 65.9787 747.491 405.688 341.804 215.995 27.9716
internal_count=11097 7442 2251 921 1330 3655 2250 827 1405 333 442 804 1298 775 375 601 251 350 180 5191 4009 744 573 60 275 3881 2093 1788 1182 153
is_linear=0
shrinkage=0.01


Tree=51
num_leaves=31
num_cat=0
split_feature=2 1 1 3 2 1 1 1 1 1 1 2 2 1 1 3 14 1 1 12 2 1 3 4 2 2 1 12 1 1
split_gain=1657.08 387.013 52.0526 46.6118 24.7101 21.3689 18.9362 25.0182 15.2035 122.103 15.2074 14.612 23.8572 13.1791 12.414 13.8174 12.183 11.9411 9.90234 9.55558 8.18653 8.03351 6.99769 27.4787 7.33309 6.75585 20.1847 6.70381 6.73379 6.34811
threshold=65.500000000000014 1119808862681.0002 3704300934115.0005 43.500000000000007 52.500000000000007 2883033186372.5005 1861025320257.0002 3704300934566.5005 2482915552582.5005 2547630267620.5005 1862882903109.5002 58.500000000000007 29.500000000000004 4363500795869.5005 174026438393.50003 32.500000000000007 3.954845576055467 2384994529944.5005 4363500796899.0005 3.7980938520108252 70.500000000000014 4363500795869.5005 31.500000000000004 62.500000000000007 32.500000000000007 92.500000000000014 3475289744648.0005 3.8273192999520735 174026441896.50003 174026418081.50003
decision_type=2 2 2 2 2 2 2 2 2 2 2 2 2 2 2 2 2 2 2 2 2 2 2 2 2 2 2 2 2 2
left_child=3 20 5 4 21 8 19 11 10 -10 -3 12 -8 -4 16 -16 -6 -13 -15 -5 -2 22 24 -24 -1 26 -7 -21 -29 -22
right_child=1 2 13 6 14 25 7 -9 9 -11 -12 17 -14 18 15 -17 -18 -19 -20 27 29 -23 23 -25 -26 -27 -28 28 -30 -31
leaf_value=-0.012810748757793304 -0.014578338924204886 0.0056387919592143293 0.0035694864937318395 -0.015017088356557308 0.0024881651099737663 0.011816859349489672 -0.0022928816284144599 -0.014355199091556166 -0.01065253760112278 0.0096234616479321348 0.01039811423211553 -0.0056318270874037716 -0.012892503260280358 -0.013832683303626079 -0.0037086185330439045 0.011495865816340474 -0.015440625134042514 0.014236251699349691 0.0017322525477874785 -0.0041907473944027039 -0.011348093128138207 0.00061970441785834591 -0.013900229494043988 0.00011931427486144623 -0.0083928462867835871 0.013086580464392261 -0.010164315959230211 -0.015391137269371443 -0.0077714223060466568 -0.002919279944895074
leaf_weight=111.92293366789818 6.4178855866193762 76.854777187108994 75.275700226426125 283.30529780685902 4.9735999256372478 23.158842593431476 37.444276064634323 81.091053888201714 34.34062360227108 219.80587750673294 530.99789649248123 6.6657833456993085 49.050415799021721 8.4802529811859149 83.180528834462166 6.4397459775209418 15.927860304713247 5.5385574698448181 7.8904486894607535 12.701857686042784 9.2075144499540311 6.9334452450275412 29.469859570264816 26.599861517548561 56.556457221508026 193.36491699516773 5.0969645082950583 29.095107793807983 19.28569407761097 302.29145365953445
leaf_count=456 26 387 350 1197 21 128 151 339 172 1130 2777 27 201 36 336 30 65 23 38 51 39 28 119 107 229 1059 27 119 78 1351
internal_value=0 0.00638977 0.00903763 -0.0109965 -0.00812466 0.00964966 -0.0128703 -0.0102398 0.00893762 0.00688374 0.00979636 -0.00685853 -0.00830384 0.00180104 -0.0042346 -0.00261609 -0.0111744 0.00338468 -0.0063306 -0.0142436 -0.00339876 -0.00998198 -0.0103093 -0.00724926 -0.0113277 0.0124192 0.00785175 -0.0106563 -0.0123537 -0.00316842
internal_weight=0 1493.18 1175.27 866.182 342.004 1083.62 524.178 179.79 861.999 254.147 607.853 98.699 86.4947 91.6464 110.522 89.6203 20.9015 12.2043 16.3707 344.388 317.917 231.483 224.549 56.0697 168.479 221.621 28.2558 61.0827 48.3808 311.499
internal_count=11097 7520 6104 3577 1391 5680 2186 741 4466 1302 3164 402 352 424 452 366 86 50 74 1445 1416 939 911 226 685 1214 155 248 197 1390
is_linear=0
shrinkage=0.01


Tree=52
num_leaves=31
num_cat=0
split_feature=2 1 1 3 2 1 1 1 1 1 1 2 2 1 1 3 13 1 1 12 2 1 3 4 2 2 1 12 1 1
split_gain=1628.17 381.436 51.5124 46.1401 24.283 21.3349 18.7782 24.7346 15.0863 120.006 15.1051 14.3288 23.436 12.932 12.2014 13.5754 11.9714 11.7238 9.72844 9.51317 8.02084 7.88972 6.888 26.9771 7.22798 6.73423 19.8839 6.60003 6.64149 6.23188
threshold=65.500000000000014 1119808862681.0002 3704300934115.0005 43.500000000000007 52.500000000000007 2883033186372.5005 1861025320257.0002 3704300934566.5005 2482915552582.5005 2547630267620.5005 1862882903109.5002 58.500000000000007 29.500000000000004 4363500795869.5005 174026438393.50003 32.500000000000007 3.9104172329531406 2384994529944.5005 4363500796899.0005 3.7980938520108252 70.500000000000014 4363500795869.5005 31.500000000000004 62.500000000000007 32.500000000000007 92.500000000000014 3475289744648.0005 3.8273192999520735 174026441896.50003 174026418081.50003
decision_type=2 2 2 2 2 2 2 2 2 2 2 2 2 2 2 2 2 2 2 2 2 2 2 2 2 2 2 2 2 2
left_child=3 20 5 4 21 8 19 11 10 -10 -3 12 -8 -4 16 -16 -6 -13 -15 -5 -2 22 24 -24 -1 26 -7 -21 -29 -22
right_child=1 2 13 6 14 25 7 -9 9 -11 -12 17 -14 18 15 -17 -18 -19 -20 27 29 -23 23 -25 -26 -27 -28 28 -30 -31
leaf_value=-0.012702825963812866 -0.014427684244483596 0.0055959131529607431 0.0035376996250315517 -0.014919557363205277 0.0024645975898859242 0.011772210952152804 -0.002269606177319822 -0.014254840658464168 -0.010495733522514381 0.0095701735115937235 0.010345680122100877 -0.0055726504346044542 -0.012777217755475075 -0.013720946965608143 -0.0036705085013554279 0.011430193063860672 -0.015315468820944577 0.014122266412641754 0.0017157195817130543 -0.004149663144939141 -0.011243467281844806 0.00061352253967056683 -0.013776485605962641 0.00011812102813009273 -0.0083145497077678505 0.013044559124837089 -0.010012127249779981 -0.015272657509467545 -0.0077000032252846533 -0.0028890435967095368
leaf_weight=111.74597269296646 6.4200408905744544 76.670169994235039 75.192960619926453 282.31070232391357 4.9709614962339428 23.014931619167331 37.449966475367546 80.846566364169121 34.504296690225601 218.82442949712276 528.36542536318302 6.6691853404045087 48.998314514756203 8.4639007002115267 83.203614979982376 6.4121171385049811 15.897592112421988 5.5274836421012878 7.8868369162082663 12.699349820613859 9.2002986818551999 6.9332728236913672 29.437381312251091 26.599910542368889 56.518340542912483 192.05450877547264 5.1225664615631095 29.027944937348366 19.270005568861961 302.40009197592735
leaf_count=456 26 387 350 1197 21 128 151 339 172 1130 2777 27 201 36 336 30 65 23 38 51 39 28 119 107 229 1059 27 119 78 1351
internal_value=0 0.0063476 0.00898701 -0.0109077 -0.00805017 0.00959829 -0.0127754 -0.0101543 0.00888595 0.00683712 0.00974379 -0.00679369 -0.00822525 0.00178504 -0.00419368 -0.00259003 -0.0110802 0.00335301 -0.00627502 -0.0141458 -0.00336367 -0.00989281 -0.0102176 -0.00718096 -0.0112288 0.0123752 0.00780627 -0.0105646 -0.0122513 -0.00313572
internal_weight=0 1488.12 1170.1 864.519 341.719 1078.56 522.8 179.492 858.364 253.329 605.036 98.6449 86.4483 91.5437 110.484 89.6157 20.8686 12.1967 16.3507 343.308 318.02 231.235 224.302 56.0373 168.264 220.192 28.1375 60.9973 48.298 311.6
internal_count=11097 7520 6104 3577 1391 5680 2186 741 4466 1302 3164 402 352 424 452 366 86 50 74 1445 1416 939 911 226 685 1214 155 248 197 1390
is_linear=0
shrinkage=0.01


Tree=53
num_leaves=31
num_cat=0
split_feature=2 0 0 1 0 3 2 1 1 1 0 0 0 0 2 1 3 13 1 1 0 1 3 2 12 1 1 0 0 2
split_gain=1599.83 469.259 423.993 54.1121 49.2141 45.6802 23.8658 21.2457 18.6244 24.4574 17.155 16.4359 133.075 14.3105 13.9157 11.9939 13.338 11.7813 10.5458 13.1959 9.8891 10.9232 10.0425 9.56258 9.47258 8.4559 9.96539 6.80306 10.0389 6.6923
threshold=65.500000000000014 4296066.5000000009 4301512.5000000009 702778654961.50012 5575758.5000000009 43.500000000000007 52.500000000000007 4363500794354.0005 1861025320257.0002 3704300934566.5005 4296358.0000000009 4305780.0000000009 4305469.5000000009 4297271.0000000009 102.50000000000001 174026438393.50003 32.500000000000007 3.9109110192711536 2883033186372.5005 2777491174764.5005 4297419.0000000009 4092079271560.5005 31.500000000000004 58.500000000000007 3.7980938520108252 174026444836.50003 702778651081.00012 4295248.5000000009 4277441.5000000009 92.500000000000014
decision_type=2 2 2 2 2 2 2 2 2 2 2 2 2 2 2 2 2 2 2 2 2 2 2 2 2 2 2 2 2 2
left_child=5 18 3 14 11 6 20 13 24 10 -10 12 -4 -5 -3 17 -17 -8 19 25 22 -22 -1 -12 -7 -2 -27 28 -21 -20
right_child=1 2 4 7 -6 8 15 -9 9 -11 23 -13 -14 -15 -16 16 -18 -19 29 27 21 -23 -24 -25 -26 26 -28 -29 -30 -31
leaf_value=-0.0087308093276436769 0.013783075379932216 -0.00036720267097226761 0.0098030514576968441 0.0056529413846751917 -0.017507412352294024 -0.014823888842343074 0.0012432554187084993 -0.016885288940975757 -0.01598978498205009 -0.014156265718737316 -0.0062783372218393127 0.011107216315175566 -0.015874750036702273 -0.0051977271859833729 -0.015520918359581264 -0.0036328248597439429 0.011365252043649372 -0.015611005788626418 0.0077612291838262014 0.0090193535839267567 -0.011783778068303939 -0.001084912777878309 0.00037398982818585212 0.0033217901236743614 -0.010474228572553613 0.0029987699890142712 0.0099601649284162385 0.013820457416352046 -0.0045974422073061282 0.013006509355040059
leaf_weight=50.661508157849312 56.082565575838089 6.3285436779260626 133.47739595174789 15.112594112753866 7.8341513723134986 281.29640063643456 5.7151323556900051 13.015219390392302 16.631195440888405 80.596683621406555 69.767262265086174 99.904642164707184 23.778263747692108 62.100085660815239 142.77024853229523 83.225916907191277 6.3844074457883826 15.119020968675612 28.01902449131012 8.8820999115705543 154.22088751196861 10.172203138470648 15.921607390046118 12.188458576798437 60.908813416957855 21.223582789301872 661.40813012421131 4.7995569407939902 13.867229864001272 184.45724160969257
leaf_count=205 276 26 685 63 32 1197 24 54 71 339 281 523 96 259 586 336 30 62 155 41 629 41 64 50 248 106 3502 24 63 1029
internal_value=0 0.00630576 -0.00153046 -0.0111787 0.00718324 -0.0108201 -0.00797668 -0.00506622 -0.0126821 -0.0100702 -0.00672974 0.00793542 0.00592037 -0.00307396 -0.0148777 -0.00415324 -0.00256427 -0.0109876 0.0103436 0.00979697 -0.00980492 -0.0111218 -0.00655364 -0.00485061 -0.0140497 0.0100504 0.00974373 0.00300154 0.000719011 0.0123148
internal_weight=0 1483.06 504.321 239.327 264.994 862.809 341.421 90.2279 521.389 179.184 98.5869 257.16 157.256 77.2127 149.099 110.444 89.6103 20.8342 978.739 766.263 230.976 164.393 66.5831 81.9557 342.205 738.714 682.632 27.5489 22.7493 212.476
internal_count=11097 7520 2324 988 1336 3577 1391 376 2186 741 402 1304 781 322 612 452 366 86 5196 4012 939 670 269 331 1445 3884 3608 128 104 1184
is_linear=0
shrinkage=0.01


Tree=54
num_leaves=31
num_cat=0
split_feature=2 0 0 1 0 1 0 0 1 12 4 1 1 0 0 0 1 1 1 1 0 4 1 1 1 1 4 13 1 1
split_gain=1572.64 462.711 416.577 53.3802 48.4161 40.2486 41.0919 25.9149 23.0772 20.6678 18.0084 19.3445 16.7184 16.2588 130.806 12.0467 11.8492 11.0316 10.555 13.0813 10.3444 9.97911 8.89089 8.77599 8.38686 9.88046 7.80921 11.3199 7.62347 8.7562
threshold=65.500000000000014 4296066.5000000009 4301512.5000000009 1119808860540.0002 5575758.5000000009 174026439498.00003 4294665.5000000009 4297271.0000000009 4363500793924.5005 3.8142617563909882 28.500000000000004 174026447279.00003 1861025320257.0002 4305780.0000000009 4305469.5000000009 4305671.5000000009 1955683344136.5002 702778648565.00012 2883033186372.5005 2777491174764.5005 4299148.5000000009 70.500000000000014 702778648565.00012 702778654685.50012 174026444836.50003 702778651081.00012 60.500000000000007 3.9104172329531406 174026422363.50003 174026437347.50003
decision_type=2 2 2 2 2 2 2 2 2 2 2 2 2 2 2 2 2 2 2 2 2 2 2 2 2 2 2 2 2 2
left_child=5 18 3 21 13 26 9 12 20 -7 11 -9 17 14 -4 -12 -14 -8 19 24 -5 -3 -11 -24 -2 -26 27 -1 -29 -30
right_child=1 2 4 8 -6 6 7 10 -10 22 15 -13 16 -15 -16 -17 -18 -19 -20 -21 -22 -23 23 -25 25 -27 -28 28 29 -31
leaf_value=-0.00044422709530875731 0.013727783751790542 -0.0010846098257518953 0.0097500946927745226 -0.0049316144899125966 -0.01737720902250732 -0.015996124394145782 -0.00091324768716773586 0.013742407525003515 -0.015685449635686632 0.0047181909748011969 -0.0093853225600423022 -0.0058054692748270168 0.0078859158593716054 0.01105571895895349 -0.015718288762052234 -0.016040779560286531 -0.0025231978692040009 -0.010940736617924123 0.012272395198736579 0.0029756815511926553 0.0032936597599406161 -0.014982172384226378 -0.017771804395737455 -0.0017565864083120694 0.0029727781392799879 0.0099094741796045011 -0.015035343026990012 -0.0071414612601751592 -0.015833221373565534 -0.0053593724119471234
leaf_weight=8.4543468058109266 55.747049435973167 5.3493073880672446 132.86343041062355 43.459184288978577 7.814022868871688 107.51767514646053 16.339045435190201 5.7230951189994803 15.19833020865917 6.4521468579769161 271.32621990144253 43.853222072124481 15.153022870421408 99.36898584663868 23.774819180369377 30.226244688034058 39.297593995928764 33.394751831889153 211.085783675313 27.511706903576851 23.589089035987854 151.36758683621883 6.6399099379777891 7.059365302324295 21.195197820663452 658.1599006652832 186.81877994537354 19.591778561472893 53.851008549332619 9.3707921206951124
leaf_count=35 276 22 685 180 32 459 68 26 63 26 1110 177 62 523 96 127 160 136 1184 128 101 622 27 29 106 3502 794 80 223 38
internal_value=0 0.00627071 -0.00151973 -0.0110839 0.00714325 -0.0107337 -0.0092405 -0.00783465 -0.00455973 -0.0142542 -0.00913419 -0.00354886 -0.00345488 0.00789168 0.00588446 -0.0100524 0.000373547 -0.00764641 0.0102934 0.00974566 -0.00203778 -0.0145078 -0.0049605 -0.00951901 0.00999903 0.00969306 -0.0138641 -0.0114665 -0.0125918 -0.0142808
internal_weight=0 1476.48 502.785 238.963 263.821 861.069 582.982 455.313 82.2466 127.669 351.129 49.5763 104.184 256.007 156.638 301.552 54.4506 49.7338 973.7 762.614 67.0483 156.717 20.1514 13.6993 735.102 679.355 278.087 91.2679 82.8136 63.2218
internal_count=11097 7520 2324 988 1336 3577 2407 1866 344 541 1440 203 426 1304 781 1237 222 204 5196 4012 281 644 82 56 3884 3608 1170 376 341 261
is_linear=0
shrinkage=0.01


Tree=55
num_leaves=31
num_cat=0
split_feature=2 0 0 1 0 3 2 1 1 1 0 0 0 0 2 1 3 13 1 1 0 1 3 12 2 1 1 0 0 0
split_gain=1545.9 456.248 409.33 52.6777 47.6342 44.97 23.2352 20.6721 18.4056 24.0972 16.8144 16.0836 128.583 14.0774 13.6005 11.7083 12.8786 11.4779 10.5651 12.9741 9.64188 10.7474 9.68655 9.40668 9.35659 8.39239 38.3901 7.77365 6.73046 9.93097
threshold=65.500000000000014 4296066.5000000009 4301512.5000000009 702778654961.50012 5575758.5000000009 43.500000000000007 52.500000000000007 4363500794354.0005 1861025320257.0002 3704300934566.5005 4296358.0000000009 4305780.0000000009 4305469.5000000009 4297271.0000000009 102.50000000000001 174026438393.50003 32.500000000000007 3.9109110192711536 2883033186372.5005 2777491174764.5005 4297419.0000000009 4092079271560.5005 31.500000000000004 3.7980938520108252 58.500000000000007 1955683344136.5002 2452704926503.5005 4295326.5000000009 4295248.5000000009 4277590.5000000009
decision_type=2 2 2 2 2 2 2 2 2 2 2 2 2 2 2 2 2 2 2 2 2 2 2 2 2 2 2 2 2 2
left_child=5 18 3 14 11 6 20 13 23 10 -10 12 -4 -5 -3 17 -17 -8 19 25 22 -22 -1 -7 -12 27 -27 -2 29 -21
right_child=1 2 4 7 -6 8 15 -9 9 -11 24 -13 -14 -15 -16 16 -18 -19 -20 28 21 -23 -24 -25 -26 26 -28 -29 -30 -31
leaf_value=-0.0085626363449086713 0.0094230505145006683 -0.00030931967520220964 0.0096975411060010175 0.0056514182316958943 -0.017250207628281954 -0.014643215418758491 0.0012479394392047435 -0.016665228143250138 -0.015801259339912891 -0.013975335422435755 -0.0061474914676064628 0.01100469838438071 -0.015565236529178711 -0.0051102090886977793 -0.015293745407213986 -0.0035309009541552687 0.011258368543640389 -0.015398381837416111 0.012230445320627297 0.0053657439220439664 -0.011594826634448838 -0.00098251106169002173 0.00038162148132812076 -0.010300879691394713 0.0033482211110794496 0.0017936347111532156 0.010313965620562313 0.012486057403474422 0.013756833714583822 -0.0086522678117550243
leaf_weight=50.579049855470657 150.15206110477448 6.3270448893308631 132.25069783627987 15.110711619257925 7.7929418981075278 279.26510886847973 5.7144592553377178 12.93350015580654 16.494337305426598 80.104135006666183 69.77809676527977 98.834075272083282 23.768539637327194 62.149745240807533 142.05050556361675 83.267511621117592 6.3361722677946082 15.054427132010458 209.698660582304 15.12916916608811 153.73563146591187 10.174510240554808 15.919153824448584 60.737235933542252 12.189487963914869 62.84263513982296 333.62846493721008 184.87433831393719 4.763375610113143 7.5888018012046805
leaf_count=205 817 26 685 63 32 1197 24 54 71 339 281 523 96 259 586 336 30 62 1184 70 629 41 64 248 50 307 1786 974 24 34
internal_value=0 0.00623603 -0.00150918 -0.0109912 0.00710367 -0.0106478 -0.00782587 -0.0049642 -0.0125022 -0.00990256 -0.00658913 0.00784837 0.00584892 -0.00300543 -0.0146548 -0.00405315 -0.0024851 -0.0108182 0.0102436 0.00969466 -0.00963311 -0.0109361 -0.00642145 -0.0138675 -0.00473537 0.00994807 0.00896345 0.0111133 0.0029492 0.000683111
internal_weight=0 1469.9 501.218 238.572 262.646 859.349 340.781 90.194 518.568 178.566 98.4619 254.853 156.019 77.2605 148.378 110.373 89.6037 20.7689 968.678 758.979 230.408 163.91 66.4982 340.002 81.9676 731.497 396.471 335.026 27.4813 22.718
internal_count=11097 7520 2324 988 1336 3577 1391 376 2186 741 402 1304 781 322 612 452 366 86 5196 4012 939 670 269 1445 331 3884 2093 1791 128 104
is_linear=0
shrinkage=0.01


Tree=56
num_leaves=31
num_cat=0
split_feature=2 1 1 1 12 1 1 1 12 1 1 1 1 1 1 2 1 2 2 4 13 2 1 1 1 2 2 1 1 1
split_gain=1519.76 359.319 48.753 39.6388 27.5997 33.6812 21.2683 19.2246 22.4568 15.2313 120.003 15.0874 14.4421 35.8551 16.5308 12.2116 12.1932 11.4138 7.82239 7.74207 11.0414 7.72245 10.2285 7.55576 8.65344 6.85934 6.80673 19.9297 5.8728 6.39737
threshold=65.500000000000014 1119808862681.0002 3704300934115.0005 174026439498.00003 2.9433833877757176 702778648565.00012 2883033186372.5005 4092079271560.5005 3.8061042970938286 2482915552582.5005 2547630267620.5005 1862882903109.5002 1861025320257.0002 3704300934115.0005 1862882900096.0002 30.500000000000004 4092079271560.5005 55.500000000000007 70.500000000000014 60.500000000000007 3.9104172329531406 32.500000000000007 702778650644.50012 174026422363.50003 174026437347.50003 29.500000000000004 92.500000000000014 3475289744648.0005 174026418081.50003 174026419606.50003
decision_type=2 2 2 2 2 2 2 2 2 2 2 2 2 2 2 2 2 2 2 2 2 2 2 2 2 2 2 2 2 2
left_child=3 18 6 19 12 17 9 8 -7 11 -11 -3 21 14 -14 -9 -4 -6 -2 20 -1 -5 -23 25 -25 -22 27 -8 -20 -30
right_child=1 2 16 4 5 7 26 15 -10 10 -12 -13 13 -15 -16 -17 -18 -19 28 -21 23 22 -24 24 -26 -27 -28 -29 29 -31
leaf_value=-0.00040479375108145444 -0.014186073080799545 0.0053790289656477251 0.00447486121178988 -0.015572892568265495 -0.00091112052927433244 -0.0028068458996560316 0.011608531294295879 -0.0052480095855810946 -0.011110363053947105 -0.010789279582175029 0.0093784807670870135 0.010164290364866893 0.0060072361147268574 -0.013710607521829246 -0.0065438542859776721 0.011375401914465066 -0.003193262507522306 0.011838081515575596 -0.010944589961875808 -0.014852924451179392 -0.014646870997575688 -0.008068589023833268 -0.01534494517544913 -0.015642752280966555 -0.0052211601353739498 -0.0024001015350771124 0.01289452896349743 -0.010346822165921402 0.004756694048759039 -0.0030738248287603214
leaf_weight=8.4511502832174283 6.4173599481582633 75.483094185590744 58.588360399007797 71.422849252820015 28.030792042613029 43.075611755251884 22.47658541798592 10.538581624627115 133.55187633633614 34.19818814098835 214.92388966679573 518.30608020722866 11.792430549859999 90.542255640029907 95.286352694034576 7.6102930307388297 32.096958786249161 9.3690886199474317 9.1018690615892393 185.48353739082813 7.3005087226629284 47.186373576521873 32.711858287453651 53.576272591948509 9.3593293279409391 12.243084713816641 187.08944548666477 5.0664267539978018 10.824445530772207 288.69805714488029
leaf_count=35 26 387 275 305 113 175 128 43 541 172 1130 2777 48 382 388 31 149 42 39 794 30 199 140 223 38 50 1059 27 52 1299
internal_value=0 0.00620183 0.00879749 -0.0105638 -0.00908097 -0.00640927 0.00940089 -0.00807825 -0.00908532 0.00868529 0.00660996 0.00955598 -0.0108586 -0.00907843 -0.00516162 0.00172262 0.00176082 0.0022827 -0.00325853 -0.0136811 -0.0112909 -0.0131836 -0.0110477 -0.0124063 -0.0140929 -0.00697488 0.0122112 0.00756993 -0.00303131 -0.00279084
internal_weight=0 1463.27 1148.23 857.532 581.118 232.176 1057.54 194.776 176.627 842.911 249.122 593.789 348.942 197.621 107.079 18.1489 90.6853 37.3999 315.042 276.414 90.9303 151.321 79.8982 82.4792 62.9356 19.5436 214.632 27.543 308.624 299.523
internal_count=11097 7520 6104 3577 2407 945 5680 790 716 4466 1302 3164 1462 818 436 74 424 155 1416 1170 376 644 339 341 261 80 1214 155 1390 1351
is_linear=0
shrinkage=0.01


Tree=57
num_leaves=31
num_cat=0
split_feature=2 0 0 1 0 1 0 0 12 1 4 1 1 0 0 0 2 0 1 1 1 1 1 1 1 1 0 4 14 1
split_gain=1493.44 447.509 399.89 51.3307 46.9968 39.2577 40.1937 25.2338 20.4003 20.1901 17.1911 18.5458 16.2118 15.8695 126.094 13.857 13.5324 11.8947 11.5408 10.6661 10.5476 12.9873 8.63636 8.64167 8.51715 38.3428 7.85906 7.70991 10.8715 7.45882
threshold=65.500000000000014 4296066.5000000009 4301512.5000000009 702778654961.50012 5575758.5000000009 174026439498.00003 4294665.5000000009 4297271.0000000009 3.8142617563909882 4363500794354.0005 28.500000000000004 174026447279.00003 1861025320257.0002 4305780.0000000009 4305469.5000000009 4299148.5000000009 102.50000000000001 4305671.5000000009 1955683344136.5002 702778648565.00012 2883033186372.5005 2777491174764.5005 702778648565.00012 702778654685.50012 1955683344136.5002 2452704926503.5005 4295326.5000000009 60.500000000000007 3.954845576055467 174026422363.50003
decision_type=2 2 2 2 2 2 2 2 2 2 2 2 2 2 2 2 2 2 2 2 2 2 2 2 2 2 2 2 2 2
left_child=5 20 3 16 13 27 8 12 -7 15 11 -9 19 14 -4 -5 -3 -12 -14 -8 21 24 -10 -24 26 -26 -2 28 -1 -30
right_child=1 2 4 9 -6 6 7 10 22 -11 17 -13 18 -15 -16 -17 -18 -19 -20 -21 -22 -23 23 -25 25 -27 -28 -29 29 -31
leaf_value=-0.00040072951524598477 0.0093315394990504587 -0.0002150354605762485 0.0096205799176325626 -0.0059908164639190312 -0.017177793955484348 -0.015738543396251213 -0.00080050961388944701 0.013591702008017442 0.0047856539296346088 -0.016534520416513807 -0.0091389105372113432 -0.0056406084718716078 0.0078887778825327132 0.010926784856830116 -0.015418412477899671 0.0030112321487237304 -0.015158579465497824 -0.01578072018572271 -0.0023834945741243851 -0.010675264186485048 0.01215387636891815 0.0028402675218079229 -0.017473447459047237 -0.0015462945679804798 0.001682924848801825 0.010222875589816976 0.012425020384942309 -0.01476069922569925 -0.0069123867887710359 -0.01398968147996014
leaf_weight=8.4514923691749555 148.75735369324684 6.3308861553668967 131.30737565457821 51.652461141347885 7.7794228792190543 106.29145899415016 16.294080927968025 5.6616767048835746 6.4487189501523998 12.880720630288122 270.34986479580402 43.828267320990562 15.152032181620596 97.962892100214958 23.750006079673767 25.562021151185036 141.58153086900711 29.950890749692917 39.317777156829834 33.279080450534821 207.08010472357273 27.346703380346298 6.6047748327255231 7.035213977098465 62.522789567708969 330.40709342062473 183.34496176242828 184.77955028414726 19.523267477750778 62.767006054520607
leaf_count=35 817 26 685 213 32 459 68 26 26 54 1110 177 62 523 96 109 586 127 160 136 1184 128 27 29 307 1786 974 794 80 261
internal_value=0 0.00616108 -0.00152189 -0.0108945 0.00703165 -0.0104802 -0.00900427 -0.00761536 -0.0139919 -0.00494415 -0.00890137 -0.00344042 -0.00329181 0.007776 0.00578538 -0.00301067 -0.014519 -0.00980134 0.000473975 -0.00742956 0.0101553 0.00960527 -0.0047502 -0.00925856 0.00986043 0.008864 0.0110394 -0.0135884 -0.0112013 -0.0123106
internal_weight=0 1458.27 498.807 238.008 260.8 855.735 580.214 453.834 126.38 90.0952 349.791 49.4899 104.043 253.02 155.057 77.2145 147.912 300.301 54.4698 49.5732 959.459 752.379 20.0887 13.64 725.032 392.93 332.102 275.521 90.7418 82.2903
internal_count=11097 7520 2324 988 1336 3577 2407 1866 541 376 1440 203 426 1304 781 322 612 1237 222 204 5196 4012 82 56 3884 2093 1791 1170 376 341
is_linear=0
shrinkage=0.01


Tree=58
num_leaves=31
num_cat=0
split_feature=12 0 0 1 0 12 1 1 12 1 0 1 0 0 0 1 0 1 1 1 1 1 3 0 1 1 1 1 1 0
split_gain=1455.32 434.991 403.457 47.1415 46.0206 44.969 32.9723 37.87 26.0926 21.3857 20.8698 17.2397 16.3387 138.762 14.5287 12.7475 28.9445 13.1338 10.4428 13.863 10.4344 12.9216 9.64315 9.5173 9.02807 27.7477 13.9452 8.66205 38.059 7.51783
threshold=1.9533992703327747 4296066.5000000009 4301512.5000000009 702778654961.50012 5575758.5000000009 2.9433833877757176 1861025320257.0002 3704300934115.0005 3.8338504663272626 4363500793924.5005 4295326.5000000009 4092079271560.5005 4305780.0000000009 4305469.5000000009 4296358.0000000009 1862882923884.5002 4297284.0000000009 2777491175469.5005 1119808860967.5002 174026437347.50003 2883033186372.5005 2777491174764.5005 29.500000000000004 4299148.5000000009 702778647780.50012 174026439498.00003 702778653924.50012 1955683344136.5002 2384994533778.0005 4295326.5000000009
decision_type=2 2 2 2 2 2 2 2 2 2 2 2 2 2 2 2 2 2 2 2 2 2 2 2 2 2 2 2 2 2
left_child=1 20 3 -3 12 6 -2 10 15 23 -8 18 13 -4 -12 24 -17 -18 19 -10 21 27 -13 -5 25 -7 -26 29 -29 -1
right_child=5 2 4 9 -6 8 7 -9 11 -11 14 22 -14 -15 -16 16 17 -19 -20 -21 -22 -23 -24 -25 26 -27 -28 28 -30 -31
leaf_value=0.0093389166939497666 -0.013934804233099516 -0.014926423654840058 0.009568983946843192 -0.0057195915340684965 -0.017055648378002563 -0.0090285710793172567 -0.015574782550534712 -0.013550235768306168 -0.012895315536157605 -0.016608535399435156 0.010973466806031649 0.0095679989193335202 0.010876924823140066 -0.017436432091572539 -0.004123025454957175 0.010355766069417157 0.00042991566847606601 -0.010444167813849339 -0.014942151985802657 -0.006527262153937014 0.012110733392321419 0.002814895030759078 -0.0066968787527236897 0.0022559818325351764 -0.017543106158555345 0.0078180454087252525 -0.0054211332642663534 -0.0010613719561078389 0.009800385644628061 0.01237573188463296
leaf_weight=147.63617432117462 330.92880764603615 141.68346185982227 130.69829149544239 42.956625804305077 7.7568971514701834 30.246298864483833 15.395731553435324 90.709272593259811 59.874713763594627 13.856260299682615 6.885225147008895 6.6707206070423117 97.430509135127068 22.268732503056526 86.010031715035439 17.122479915618896 22.46157231926918 21.972682029008865 42.091084450483322 79.677625253796577 205.31638988852501 27.317410960793495 8.0368285328149778 22.958595484495163 15.506776243448256 14.446689188480375 24.459929570555687 35.477092936635017 355.68449394404888 182.02449864149094
leaf_count=815 1423 588 685 177 32 125 67 385 250 58 29 27 523 90 346 71 91 89 171 323 1182 128 33 98 63 63 99 171 1922 973
internal_value=0 0.00620629 -0.0015618 -0.0114645 0.00693309 -0.0101752 -0.0120005 -0.00878383 -0.00735153 -0.00531559 -0.00479128 -0.00973312 0.00767622 0.00563757 -0.0030041 -0.00415334 -0.000690638 -0.0049473 -0.0105763 -0.00925947 0.0101138 0.00956577 0.00068018 -0.00294166 -0.0066711 -0.00358302 -0.0101244 0.00982162 0.00881526 0.0110157
internal_weight=0 1433.07 479.609 221.455 258.154 872.496 529.929 199 342.567 79.7715 108.291 196.351 250.398 152.967 92.8953 146.216 61.5567 44.4343 181.643 139.552 953.456 748.14 14.7075 65.9152 84.6597 44.693 39.9667 720.822 391.162 329.661
internal_count=11097 7442 2251 921 1330 3655 2250 827 1405 333 442 804 1298 775 375 601 251 180 744 573 5191 4009 60 275 350 188 162 3881 2093 1788
is_linear=0
shrinkage=0.01


Tree=59
num_leaves=31
num_cat=0
split_feature=2 0 0 1 0 1 0 0 1 12 4 1 1 0 0 0 1 1 1 1 1 4 1 1 1 1 0 4 13 1
split_gain=1443.8 435.033 386.148 50.0113 45.5083 38.539 39.5795 24.5157 21.5606 20.1004 16.5834 18.0576 15.5742 15.5183 121.786 11.7915 11.2706 10.5649 12.7794 10.4545 10.1258 9.58708 8.42894 37.7876 8.42028 8.42812 7.77643 7.7072 10.5081 7.56047
threshold=65.500000000000014 4296066.5000000009 4301512.5000000009 1119808860540.0002 5575758.5000000009 174026439498.00003 4294665.5000000009 4297271.0000000009 4363500793924.5005 3.8142617563909882 28.500000000000004 174026447279.00003 1861025320257.0002 4305780.0000000009 4305469.5000000009 4305671.5000000009 1955683344136.5002 2883033186372.5005 2777491174764.5005 702778648565.00012 1862882928450.5002 70.500000000000014 1955683344136.5002 2452704926503.5005 702778648565.00012 702778654685.50012 4295326.5000000009 61.500000000000007 3.9104172329531406 174026422363.50003
decision_type=2 2 2 2 2 2 2 2 2 2 2 2 2 2 2 2 2 2 2 2 2 2 2 2 2 2 2 2 2 2
left_child=5 17 3 21 13 27 9 12 20 -7 11 -9 19 14 -4 -12 -14 18 22 -8 -5 -3 26 -24 -11 -26 -2 28 -1 -30
right_child=1 2 4 8 -6 6 7 10 -10 24 15 -13 16 -15 -16 -17 -18 -19 -20 -21 -22 -23 23 -25 25 -27 -28 -29 29 -31
leaf_value=-0.001068336527764818 0.0092357529675239688 -0.00091094417475260302 0.0095177613166980111 -0.0067050825501076498 -0.016936427000291025 -0.01557009215104618 -0.00070791057074702101 0.01348798663203067 -0.015239157773983054 0.0047640498041554664 -0.008973828689796166 -0.0055466366758737604 0.0078117212943139419 0.010827501144681694 -0.015121439584078635 -0.015607316837362734 -0.0023455963729666087 0.012073378994016754 0.0027897320493503108 -0.010493028094825297 0.0012156610301108256 -0.014525593858204986 0.0016338079188461859 0.010127216854513395 -0.01724782951359969 -0.0014966995404590764 0.012329766319292636 -0.014610286288225147 -0.0067431516501376279 -0.013860873387627298
leaf_weight=9.4436531066894513 147.31346599757671 5.357253208756446 130.09072022140026 27.04444320499897 7.7335025221109381 105.41481795907021 16.270232439041138 5.6235381364822379 15.002726987004278 6.4490770101547268 269.67049343883991 43.819815889000893 15.129342555999754 96.8991589397192 23.718082442879677 29.753532320261002 39.303036242723465 204.3269922286272 27.288318827748299 33.196418240666389 40.02806943655014 149.71718353033066 62.373109728097916 327.02868230640888 6.5744671523570997 7.0290932506322861 181.09631443023682 180.96657331287861 19.471475675702095 63.890390187501907
leaf_count=39 817 22 685 111 32 459 68 26 63 26 1110 177 62 523 96 127 160 1184 128 136 170 622 307 1786 27 29 974 784 80 267
internal_value=0 0.00609478 -0.00149962 -0.0107144 0.006956 -0.0103178 -0.0088544 -0.00747715 -0.0044021 -0.0138244 -0.00874703 -0.0033817 -0.00321323 0.007693 0.00571827 -0.00963299 0.000477604 0.010059 0.00950658 -0.00727457 -0.00197808 -0.0140553 0.00976192 0.00876677 -0.00464737 -0.00910907 0.0109419 -0.0134087 -0.0110658 -0.0121983
internal_weight=0 1445.02 495.591 237.15 258.441 852.006 578.234 452.766 82.0752 125.467 348.867 49.4434 103.899 250.708 153.809 299.424 54.4324 949.427 745.1 49.4667 67.0725 155.074 717.812 389.402 20.0526 13.6036 328.41 273.772 92.8055 83.3619
internal_count=11097 7520 2324 988 1336 3577 2407 1866 344 541 1440 203 426 1304 781 1237 222 5196 4012 204 281 644 3884 2093 82 56 1791 1170 386 347
is_linear=0
shrinkage=0.01


Tree=60
num_leaves=31
num_cat=0
split_feature=2 0 0 1 0 3 2 1 1 1 0 0 0 1 0 4 0 2 3 4 12 2 1 1 12 2 1 1 2 1
split_gain=1419.52 428.989 379.511 49.3888 44.7839 43.6963 22.2076 19.401 17.8356 23.1848 16.184 15.3512 119.744 15.0427 15.3592 16.9945 13.8509 13.1612 11.5041 23.1317 14.2625 11.0405 10.5738 12.6773 9.21753 9.10091 8.38703 9.98293 6.91589 20.0249
threshold=65.500000000000014 4296066.5000000009 4301512.5000000009 702778654961.50012 5575758.5000000009 43.500000000000007 32.500000000000007 4363500794354.0005 1861025320257.0002 3704300934566.5005 4296358.0000000009 4305780.0000000009 4305469.5000000009 4092079271560.5005 4296552.0000000009 30.500000000000004 4297271.0000000009 102.50000000000001 31.500000000000004 62.500000000000007 2.9433833877757176 55.500000000000007 2883033186372.5005 2777491174764.5005 3.7980938520108252 58.500000000000007 174026444836.50003 702778651081.00012 92.500000000000014 3475289744648.0005
decision_type=2 2 2 2 2 2 2 2 2 2 2 2 2 2 2 2 2 2 2 2 2 2 2 2 2 2 2 2 2 2
left_child=5 22 3 17 11 6 18 16 24 10 -10 12 -4 14 15 -8 -5 -3 -1 -20 -21 -16 23 26 -7 -12 -2 -28 29 -24
right_child=1 2 4 7 -6 8 13 -9 9 -11 25 -13 -14 -15 21 -17 -18 -19 19 20 -22 -23 28 -25 -26 -27 27 -29 -30 -31
leaf_value=-0.01183256023925683 0.013493103299067697 -9.7132910116558226e-05 0.0094669034454940258 0.0056778607512025445 -0.016820032705176517 -0.014221849705656325 -0.0093757847674574377 -0.016227602458023231 -0.015413653148811728 -0.013555685952092786 -0.0058619126842245767 0.010778503285527206 -0.014981018685387232 0.010793633200320648 -0.0092713378865053424 0.0068282784785045139 -0.0049977479195197991 -0.014841453164068699 -0.012930602622803732 -0.0051879516345508525 0.01009197693932562 -0.003545648776246657 0.01143497168044447 0.002764776835778149 -0.0099019847025078166 0.0035007486329343635 0.0025784337730046531 0.009624236722683515 0.012755223327809786 -0.010744954225975292
leaf_weight=114.43296700716019 54.244311630725861 6.3269235640764228 129.48473814129829 15.107275679707525 7.7092692553997031 273.94223213195801 9.9296537339687365 12.743626639246939 16.176014587283134 78.81468491256237 69.761018171906471 96.368918716907501 23.701077297329903 5.8683466315269461 80.410592526197433 18.588904589414597 62.152394756674767 140.3690310716629 25.529351398348808 16.594737797975544 9.6675415486097318 57.944959223270416 21.888013064861301 27.259426593780518 60.259208396077156 12.197385534644125 20.762482106685638 639.20708949863911 176.06682114303112 5.0004560798406592
leaf_count=473 276 26 685 63 32 1197 41 54 71 339 281 523 96 24 329 76 259 586 104 67 39 238 128 128 248 50 106 3502 1029 27
internal_value=0 0.00606183 -0.00148947 -0.0106276 0.00691817 -0.0102375 -0.00745343 -0.00479586 -0.0120837 -0.00951659 -0.00627267 0.00765149 0.00568429 -0.00494258 -0.00549597 0.00118631 -0.00291025 -0.0142055 -0.0100627 -0.00615231 0.000436821 -0.00687335 0.0100114 0.0094578 -0.0134429 -0.00446852 0.00971325 0.00940258 0.0120338 0.00731016
internal_weight=0 1438.39 493.963 236.699 257.264 850.118 338.967 90.0033 511.151 176.949 98.1344 249.555 153.186 172.742 166.874 28.5186 77.2597 146.696 166.225 51.7916 26.2623 138.356 944.429 741.473 334.201 81.9584 714.214 659.97 202.955 26.8885
internal_count=11097 7520 2324 988 1336 3577 1391 376 2186 741 402 1304 781 708 684 117 322 612 683 210 106 567 5196 4012 1445 331 3884 3608 1184 155
is_linear=0
shrinkage=0.01


Tree=61
num_leaves=31
num_cat=0
split_feature=12 0 0 1 0 12 1 1 12 1 0 1 0 0 0 1 0 4 1 1 1 1 1 3 0 1 1 0 12 1
split_gain=1382.82 417.289 383.01 45.3826 43.8463 43.7994 32.4069 36.9754 25.05 20.5711 20.2552 16.7101 15.8414 132.279 13.8646 12.3313 27.8203 13.1751 12.819 10.469 12.6129 10.2788 13.6619 9.46694 9.36149 8.61776 37.6684 7.44355 7.03654 21.6133
threshold=1.9533992703327747 4296066.5000000009 4301512.5000000009 702778654961.50012 5575758.5000000009 2.9433833877757176 1861025320257.0002 3704300934115.0005 3.8338504663272626 4363500793924.5005 4295326.5000000009 4092079271560.5005 4305780.0000000009 4305469.5000000009 4296358.0000000009 1862882923884.5002 4297284.0000000009 25.500000000000004 2777491175469.5005 2883033186372.5005 2777491174764.5005 1119808860967.5002 174026437347.50003 29.500000000000004 4299148.5000000009 1955683344136.5002 2452704926503.5005 4295326.5000000009 1.9393065999967327 3475289745763.0005
decision_type=2 2 2 2 2 2 2 2 2 2 2 2 2 2 2 2 2 2 2 2 2 2 2 2 2 2 2 2 2 2
left_child=1 19 3 -3 12 6 -2 10 15 24 -8 21 13 -4 -12 17 -17 -7 -18 20 25 22 -10 -13 -5 27 -27 -1 -21 -30
right_child=5 2 4 9 -6 8 7 -9 11 -11 14 23 -14 -15 -16 16 18 -19 -20 28 -22 -23 -24 -25 -26 26 -28 -29 29 -31
leaf_value=0.0091967447490085286 -0.013681659833233802 -0.014614360589916327 0.0094164024139013862 -0.0056037467200487339 -0.016706371211285025 0.00097414963171438263 -0.015321215801353559 -0.013295360743787692 -0.012639428489335674 -0.016309928399775627 0.010823435569350334 0.0095760372955168219 0.010729920788402562 -0.017009369745904866 -0.0039543071207397053 0.010238514263597683 0.00052975932230806954 -0.0085829078225984883 -0.010215959630579322 0.012719199409941184 0.0027400278100054363 -0.01466248213093798 -0.0063008780623443937 -0.0065514651890247804 0.0023025940426966035 0.0015289448672997153 0.010033346927242946 0.012242835364925554 0.010631033913598943 -0.016546259335899309
leaf_weight=145.47224281728268 327.31161333620548 140.43829467892647 128.88042040169239 43.001414954662323 7.6842272132635108 18.457625553011894 15.185839563608168 89.868251398205757 59.434819623827934 13.715362474322317 6.854723945260047 6.6656455248594275 95.839856535196304 22.206279203295708 86.020850226283073 17.078868240118027 22.469880014657974 66.01751472055912 21.942407250404358 174.80614921450615 27.230733498930931 41.924870669841766 79.472264543175697 8.018033489584921 22.978618010878563 62.0694550126791 323.68338380753994 178.85207015275955 23.044413015246395 3.3518517315387717
leaf_count=815 1423 588 685 177 32 80 67 385 250 58 29 27 523 90 346 71 91 270 89 1029 128 171 323 33 98 307 1786 973 135 18
internal_value=0 0.00610596 -0.00153413 -0.011194 0.00681768 -0.00993749 -0.0117501 -0.00855586 -0.00714951 -0.00516661 -0.00461429 -0.00948972 0.00754973 0.00553242 -0.00286363 -0.00401489 -0.000608167 -0.00649471 -0.00477929 0.00997068 0.00941895 -0.0103228 -0.00901298 0.000769603 -0.00285024 0.00967508 0.00866495 0.0108765 0.0119925 0.00718001
internal_weight=0 1413.25 474.744 220.134 254.611 866.723 525.241 197.93 341.482 79.6954 108.061 195.516 246.927 151.087 92.8756 145.966 61.4912 84.4751 44.4123 938.51 737.308 180.832 138.907 14.6837 65.98 710.077 385.753 324.324 201.202 26.3963
internal_count=11097 7442 2251 921 1330 3655 2250 827 1405 333 442 804 1298 775 375 601 251 350 180 5191 4009 744 573 60 275 3881 2093 1788 1182 153
is_linear=0
shrinkage=0.01


Tree=62
num_leaves=31
num_cat=0
split_feature=2 0 0 1 0 1 0 0 1 12 4 1 0 0 1 0 0 1 1 1 1 4 1 1 1 1 1 4 13 1
split_gain=1372.75 416.976 366.497 48.1851 43.3816 37.7743 38.7293 23.5855 20.7031 19.8702 15.8799 17.6629 15.0109 115.687 14.7125 11.6955 11.4283 10.9662 10.6037 12.4744 10.2231 9.31934 8.3853 37.3519 8.28749 8.31213 7.89098 7.62767 10.4805 7.37182
threshold=65.500000000000014 4296066.5000000009 4301512.5000000009 1119808860540.0002 5575758.5000000009 174026439498.00003 4294665.5000000009 4297271.0000000009 4363500794354.0005 3.8142617563909882 28.500000000000004 174026447279.00003 4305780.0000000009 4305469.5000000009 1861025320257.0002 4305671.5000000009 4299148.5000000009 1955683344136.5002 2883033186372.5005 2777491174764.5005 702778648565.00012 70.500000000000014 1955683344136.5002 2384994533778.0005 702778648565.00012 702778654685.50012 1862882903109.5002 60.500000000000007 3.9104172329531406 174026445959.50003
decision_type=2 2 2 2 2 2 2 2 2 2 2 2 2 2 2 2 2 2 2 2 2 2 2 2 2 2 2 2 2 2
left_child=5 18 3 21 12 27 9 14 16 -7 11 -9 13 -4 20 -12 -5 -16 19 22 -8 -3 26 -24 -11 -26 -2 28 -1 -23
right_child=1 2 4 8 -6 6 7 10 -10 24 15 -13 -14 -15 17 -17 -18 -19 -20 -21 -22 29 23 -25 25 -27 -28 -29 -30 -31
leaf_value=-0.00018438250444933649 0.0089647966330502517 -0.00080482272512798984 0.0093662507552905189 -0.0050984126956860835 -0.016595351758405069 -0.015333446706551851 -0.00054255527386883387 0.013445334597727648 -0.016029615246874223 0.0048894730901676243 -0.0087340542172355592 -0.0054077350055682172 0.010681743487622826 -0.014701944933968298 0.0077446781830670273 -0.015372197856635629 0.003409867104274399 -0.0022823749807547263 0.011956928971739446 0.0027154830509388134 -0.010232695419167142 -0.015653231718035163 -0.0011840903513911291 0.0096098806240420397 -0.016999927029859654 -0.0013219446790357962 0.012131875565816632 -0.014340680196397195 -0.011878357001604261 -0.010751883024108604
leaf_weight=8.4605167806148511 135.49847309291363 5.3639377355575553 128.27783627808094 45.039175689220428 7.6584057360887519 104.07112601399422 16.234302878379822 5.6054262667894355 12.64464311301708 6.4425771087408092 268.51794661581516 43.790431037545204 95.312047079205513 23.653337270021439 15.101293772459028 29.452659010887146 24.306978479027748 39.271396085619926 200.21168568730354 27.202241465449333 33.056360229849815 105.08365117013454 35.304922923445702 348.70287419855595 6.5361182540655118 7.0069587528705597 187.5803661942482 181.22092655301094 81.409730389714241 43.343146249651909
leaf_count=35 710 22 685 186 32 459 68 26 54 26 1110 177 523 96 62 127 104 160 1184 128 136 443 171 1922 27 29 1081 794 341 179
internal_value=0 0.00599744 -0.0014672 -0.0104532 0.00684475 -0.0100821 -0.00863144 -0.00727044 -0.00426186 -0.0135796 -0.00851966 -0.00326829 0.00757081 0.0056192 -0.00308442 -0.0093902 -0.00211612 0.000502506 0.00991695 0.00936072 -0.00704116 -0.013754 0.00961637 0.0086175 -0.00444697 -0.0088884 0.0108036 -0.0131594 -0.0107775 -0.014222
internal_weight=0 1425.18 490.683 235.782 254.902 846.178 575.087 451.03 81.9908 124.057 347.366 49.3959 247.243 151.931 103.663 297.971 69.3462 54.3727 934.501 734.289 49.2907 153.791 707.087 384.008 19.9857 13.5431 323.079 271.091 89.8702 148.427
internal_count=11097 7520 2324 988 1336 3577 2407 1866 344 541 1440 203 1304 781 426 1237 290 222 5196 4012 204 644 3884 2093 82 56 1791 1170 376 622
is_linear=0
shrinkage=0.01


Tree=63
num_leaves=31
num_cat=0
split_feature=2 0 0 1 3 0 2 1 1 1 0 0 0 1 0 4 0 2 3 4 14 2 1 1 14 2 1 1 1 2
split_gain=1349.82 411.199 360.254 47.557 42.9119 42.6985 21.4904 18.6352 17.5258 22.6553 15.7025 14.8493 113.764 14.5216 14.6651 16.3271 13.6843 12.896 11.2756 22.5574 13.7889 10.6137 10.6117 12.3765 9.11808 8.89655 8.35019 37.1236 7.90271 6.93465
threshold=65.500000000000014 4296066.5000000009 4301512.5000000009 702778654961.50012 43.500000000000007 5575758.5000000009 32.500000000000007 4363500794354.0005 1861025320257.0002 3704300934566.5005 4296358.0000000009 4305780.0000000009 4305469.5000000009 4092079271560.5005 4296552.0000000009 30.500000000000004 4297271.0000000009 102.50000000000001 31.500000000000004 62.500000000000007 2.9856738487294754 55.500000000000007 2883033186372.5005 2777491174764.5005 3.9480462541059653 58.500000000000007 1955683344136.5002 2452704926503.5005 1862882903109.5002 92.500000000000014
decision_type=2 2 2 2 2 2 2 2 2 2 2 2 2 2 2 2 2 2 2 2 2 2 2 2 2 2 2 2 2 2
left_child=4 22 3 17 6 11 18 16 24 10 -10 12 -4 14 15 -8 -5 -3 -1 -20 -21 -16 23 26 -6 -12 28 -28 -2 -24
right_child=1 2 5 7 8 -7 13 -9 9 -11 25 -13 -14 -15 21 -17 -18 -19 19 20 -22 -23 29 -25 -26 -27 27 -29 -30 -31
leaf_value=-0.011578279706734819 0.0089141887178499444 5.6556683945693211e-05 0.00931644077831917 0.0057177769895292519 -0.013984940524149114 -0.016486890814613717 -0.0091361627220043623 -0.015933980356459918 -0.015170572411580359 -0.013316665730767308 -0.0057031654401459228 0.010633961665837645 -0.014569901046720513 0.0107012124196926 -0.0090238867369327996 0.0067555039828727593 -0.0048901660841607639 -0.014541284988181163 -0.012657165126067073 -0.0049738465555058857 0.010059100917334744 -0.0034053492901797927 0.0071547783516282904 0.0026911414331812255 -0.0096750697359405287 0.0035543887447892779 0.0014825231298272149 0.0099404360128155841 0.012092127014834197 0.012650765224918181
leaf_weight=113.75993183255196 134.90801799297333 6.3270520120859137 127.67704920470715 15.1160871386528 270.5759375244379 7.6318328380584708 9.9238254725933093 12.593585982918738 15.948632270097731 77.991129398345947 69.745336398482323 94.785554498434067 23.629145473241806 5.8581936210393897 80.099257275462151 18.549072042107582 62.199570775032043 139.05342137813568 25.418771997094154 16.5685128569603 9.6583465784788114 57.943710550665855 26.485664024949074 27.173947378993034 59.967219397425652 12.195982456207274 61.926765307784081 320.34544941782951 186.32131627202034 172.36585533618927
leaf_count=473 710 26 685 63 1197 32 41 54 71 339 281 523 96 24 329 76 259 586 104 67 39 238 155 128 248 50 307 1786 1081 1029
internal_value=0 0.00596548 -0.00145746 -0.0103704 -0.0100048 0.00680797 -0.00724414 -0.0046536 -0.0118461 -0.00929578 -0.00609225 0.00753039 0.00558616 -0.0047733 -0.00531771 0.00121669 -0.00281619 -0.013906 -0.00981907 -0.00594406 0.000562212 -0.0066655 0.0098706 0.0093132 -0.013203 -0.00432529 0.00956899 0.00857028 0.0107575 0.0119187
internal_weight=0 1418.54 489.013 235.29 844.204 253.724 337.78 89.9092 506.424 175.881 97.89 246.092 151.306 172.374 166.516 28.4729 77.3157 145.38 165.406 51.6456 26.2269 138.043 929.527 730.675 330.543 81.9413 703.502 382.272 321.229 198.852
internal_count=11097 7520 2324 988 3577 1336 1391 376 2186 741 402 1304 781 708 684 117 322 612 683 210 106 567 5196 4012 1445 331 3884 2093 1791 1184
is_linear=0
shrinkage=0.01


Tree=64
num_leaves=31
num_cat=0
split_feature=12 0 0 1 12 0 1 1 12 1 0 1 0 0 0 1 0 4 1 1 1 1 1 3 0 1 1 1 12 1
split_gain=1314.37 400.36 363.744 43.7393 42.6963 41.7965 31.8895 36.1316 24.0701 19.8232 19.6768 16.2061 15.3594 126.172 13.2347 11.9136 26.7714 12.7303 12.5175 10.4982 12.3184 10.1266 13.4604 9.29508 9.20214 8.5057 36.7829 7.56389 7.0625 21.4286
threshold=1.9533992703327747 4296066.5000000009 4301512.5000000009 702778654961.50012 2.9433833877757176 5575758.5000000009 1861025320257.0002 3704300934115.0005 3.8338504663272626 4363500793924.5005 4295326.5000000009 4092079271560.5005 4305780.0000000009 4305469.5000000009 4296358.0000000009 1862882923884.5002 4297284.0000000009 25.500000000000004 2777491175469.5005 2883033186372.5005 2777491174764.5005 1119808860967.5002 174026437347.50003 29.500000000000004 4297271.0000000009 1955683344136.5002 2452704926503.5005 1862882903109.5002 1.9393065999967327 3475289745763.0005
decision_type=2 2 2 2 2 2 2 2 2 2 2 2 2 2 2 2 2 2 2 2 2 2 2 2 2 2 2 2 2 2
left_child=1 19 3 -3 6 12 -2 10 15 24 -8 21 13 -4 -12 17 -17 -6 -18 20 25 22 -10 -13 -5 27 -27 -1 -21 -30
right_child=4 2 5 9 8 -7 7 -9 11 -11 14 23 -14 -15 -16 16 18 -19 -20 28 -22 -23 -24 -25 -26 26 -28 -29 29 -31
leaf_value=0.0089301508928380288 -0.013440597544516073 -0.014318723469884354 0.0092669652069783497 0.0047727627614939103 0.0010217797209194513 -0.016380903589539954 -0.015082907465931819 -0.0130518615068533 -0.012393025244157323 -0.016034891488372616 0.010677234357346381 0.0095818834003590248 0.010586566500385173 -0.016610202049449237 -0.003790947718965744 0.010125415227004327 0.00062168466917279514 -0.0083783264743942584 -0.010000831610915193 0.012616313405737017 0.0026670009223152815 -0.014396015395762326 -0.0060837677957289431 -0.0064111747806962684 -0.004611669345277381 0.0014686555715958955 0.0098935766665556382 0.012050316661799459 0.010512081772442181 -0.016593404389219767
leaf_weight=134.11071518063545 323.56111240386963 139.09330482780933 127.07813197374344 13.013060435652731 18.441509053111076 7.6045364737510672 14.967680901288984 88.991640791296959 58.97924716770649 13.564628735184668 6.8240084648132315 6.6600221693515778 94.260440960526466 22.122309461236 86.019294649362564 17.035155102610588 22.474195018410683 65.853452369570732 21.906533822417259 171.11445090174675 27.145853325724602 41.740008622407913 79.250748246908188 7.9983322322368604 53.029215097427368 61.886568009853363 318.65258581936359 184.69205544888973 22.658619776368145 3.3475070893764487
leaf_count=709 1423 588 685 54 80 32 67 385 250 58 29 27 523 90 346 71 91 270 89 1029 128 171 323 33 221 307 1786 1079 135 18
internal_value=0 0.0060088 -0.00150733 -0.0109355 -0.00970869 0.00670542 -0.0115099 -0.00833574 -0.00695468 -0.00502409 -0.00444286 -0.00925573 0.00742652 0.0054301 -0.00272753 -0.00388113 -0.000531193 -0.00632183 -0.00462164 0.00983166 0.00927631 -0.0100793 -0.00877577 0.00085527 -0.00276255 0.00953286 0.00852344 0.0107378 0.0118784 0.00702307
internal_weight=0 1393.37 469.766 218.7 860.703 251.065 520.364 196.803 340.339 79.6069 107.811 194.628 243.461 149.2 92.8433 145.711 61.4159 84.295 44.3807 923.608 726.488 179.97 138.23 14.6584 66.0423 699.342 380.539 318.803 197.121 26.0061
internal_count=11097 7442 2251 921 3655 1330 2250 827 1405 333 442 804 1298 775 375 601 251 350 180 5191 4009 744 573 60 275 3881 2093 1788 1182 153
is_linear=0
shrinkage=0.01


Tree=65
num_leaves=31
num_cat=0
split_feature=2 3 2 4 12 12 12 3 3 4 12 12 3 3 2 2 4 3 2 4 2 4 4 12 12 5 2 2 2 3
split_gain=1305.64 42.35 20.909 15.2729 12.7634 12.0993 12.0549 11.4173 11.1549 22.0091 13.3603 8.98281 8.49323 7.63889 7.41488 10.1943 6.6104 5.65279 7.12022 5.46643 5.10299 13.9571 4.71246 3.97007 3.11746 3.0671 2.87332 2.64004 0.839249 1.27078
threshold=65.500000000000014 43.500000000000007 32.500000000000007 70.500000000000014 3.8061042970938286 3.8049765068063102 1.9842187211896343 58.500000000000007 31.500000000000004 62.500000000000007 2.9433833877757176 1.4656961749257615 34.500000000000007 57.500000000000007 28.500000000000004 57.500000000000007 58.500000000000007 29.500000000000004 60.500000000000007 56.500000000000007 71.500000000000014 28.500000000000004 54.500000000000007 3.8641164028099055 3.8563738582511413 59.500000000000007 58.500000000000007 24.500000000000004 22.500000000000004 60.500000000000007
decision_type=2 2 2 2 2 2 2 2 2 2 2 2 2 2 2 2 2 2 2 2 2 2 2 2 2 2 2 2 2 2
left_child=1 2 8 4 7 11 14 26 16 23 -11 -2 17 24 -5 -16 19 25 -19 -1 21 -13 -15 -10 -6 -4 -3 -18 29 -8
right_child=5 3 12 6 13 -7 28 -9 9 10 -12 20 -14 22 15 -17 27 18 -20 -21 -22 -23 -24 -25 -26 -27 -28 -29 -30 -31
leaf_value=-0.011388884714538548 0.0057349052808971634 0.00090549584063531578 0.0019730024666202283 -0.0083210377130073822 -0.013495257079540926 -0.0098470877782364363 -0.015013771448970908 -0.010017435523233857 -0.0081751748637516469 -0.0048285097446807423 0.0099738155380683299 0.014867238580933589 0.0082644570831328975 -0.011834817060515132 -0.013665242212468696 -0.008418632711841241 -0.006959697165931103 -0.010065848003355032 0.0024041568431458671 -0.004363332659954997 0.0097642464523377669 -0.0049323809651351446 -0.0033223612555979328 -0.016116240073965202 -0.005043991336286008 -0.0044368105716021226 0.010648361316492841 -0.014000746593966502 -0.014955720935173264 -0.0080852287451449387
leaf_weight=26.645796537399292 1299.7808787077665 7.6952698081731814 7.9600400626659384 66.027753815054893 41.448521584272385 4.8605398386716834 6.2278839498758316 8.9396677762269956 11.702296957373621 16.551193162798885 9.6542672067880613 6.1332455426454535 4.9283395260572425 9.6540471464395541 134.6784797757864 51.079893171787262 5.8268165141344062 33.867413014173508 5.2947411537170401 18.952198877930641 86.023195654153824 8.4865583032369596 19.926992997527122 13.62650381028652 4.8784476071596137 120.06945638358593 4.9897331893444061 61.858561098575592 143.0031930655241 4.6042884737253171
leaf_count=111 6945 31 32 282 172 20 28 36 48 67 39 26 23 40 596 222 24 142 22 79 492 37 82 56 20 489 21 259 636 20
internal_value=0 -0.00985527 -0.00711155 -0.0116926 -0.00813959 0.0059031 -0.0125469 -0.00136196 -0.00965724 -0.0058001 0.000624766 0.00595777 -0.00467386 -0.0100704 -0.0111994 -0.0122225 -0.0114119 -0.00505525 -0.0083799 -0.00846881 0.00883596 0.00337388 -0.00610048 -0.0124473 -0.0126053 -0.00403829 0.00473792 -0.0133946 -0.0147524 -0.0120687
internal_weight=0 840.092 336.938 503.154 97.5327 1405.28 405.621 21.6247 164.818 51.5343 26.2055 1400.42 172.12 75.908 251.786 185.758 113.283 167.192 39.1622 45.598 100.643 14.6198 29.581 25.3288 46.327 128.029 12.685 67.6854 153.835 10.8322
internal_count=11097 3577 1391 2186 402 7520 1784 88 683 210 106 7500 708 314 1100 818 473 685 164 190 555 63 122 104 192 521 52 283 684 48
is_linear=0
shrinkage=0.01


Tree=66
num_leaves=31
num_cat=0
split_feature=2 3 2 4 12 12 12 3 3 4 12 12 3 3 2 2 4 3 2 4 2 4 4 12 12 5 2 2 2 2
split_gain=1282.78 41.9767 20.6057 15.1699 12.5484 11.99 11.879 11.1928 10.9944 21.6245 13.0954 8.92493 8.33126 7.52555 7.37579 10.1136 6.52599 5.55103 6.98515 5.38175 5.06768 13.7209 4.637 3.91249 3.07307 3.00666 2.826 2.60759 0.838323 4.14144
threshold=65.500000000000014 43.500000000000007 32.500000000000007 70.500000000000014 3.8061042970938286 1.9842187211896343 3.8049765068063102 58.500000000000007 31.500000000000004 62.500000000000007 2.9433833877757176 1.4656961749257615 34.500000000000007 57.500000000000007 28.500000000000004 57.500000000000007 58.500000000000007 29.500000000000004 60.500000000000007 56.500000000000007 71.500000000000014 28.500000000000004 54.500000000000007 3.8641164028099055 3.8563738582511413 59.500000000000007 58.500000000000007 24.500000000000004 93.500000000000014 91.500000000000014
decision_type=2 2 2 2 2 2 2 2 2 2 2 2 2 2 2 2 2 2 2 2 2 2 2 2 2 2 2 2 2 2
left_child=1 2 8 4 7 14 11 26 16 23 -11 -2 17 24 -5 -16 19 25 -19 -1 21 -13 -15 -10 -6 -4 -3 -18 29 -22
right_child=6 3 12 5 13 -7 -8 -9 9 10 -12 20 -14 22 15 -17 27 18 -20 -21 28 -23 -24 -25 -26 -27 -28 -29 -30 -31
leaf_value=-0.011298727477425861 0.0056909396358245639 0.00089648276247444826 0.001953137765110179 -0.0082496194794621988 -0.013392353009881085 -0.014672132067786607 -0.009742006824977013 -0.0099176795994263961 -0.0081030136731805365 -0.0047819786102960395 0.009873627905358463 0.014767391989899167 0.0082014158237583446 -0.011741666141071045 -0.013585776948875783 -0.008352804027438477 -0.0068979730156028532 -0.00997274699197029 0.0023809868905407226 -0.0043231498191280988 0.0099034639580996842 -0.0048814419518214639 -0.0032908433353874217 -0.015993093901415071 -0.00499747633397852 -0.0043930232724516309 0.010565374985631412 -0.013900097958578755 0.012721107825871469 -0.0010966857947174869
leaf_weight=26.590110018849373 1296.7395031899214 7.694912791252138 7.9605870097875586 65.933844476938248 41.34982793033123 153.13413155078888 4.8638208955526343 8.939291983842848 11.688514634966852 16.54515336453915 9.6547040492296201 6.1130680590867987 4.9166186749935141 9.6334334462881106 134.11440245807171 50.968191608786583 5.8201994448900214 33.841875985264778 5.2928118258714667 18.937148466706276 73.594522699713707 8.4893524050712568 19.916716262698174 13.594273820519446 4.8746353685855857 120.05366159975529 4.9786913692951202 61.684279084205627 8.3852920681238157 3.5895177423954001
leaf_count=111 6945 31 32 282 172 684 20 36 48 67 39 26 23 40 596 222 24 142 22 79 421 37 82 56 20 489 21 259 50 21
internal_value=0 -0.00977984 -0.00704798 -0.0116132 -0.00807028 -0.0124669 0.00585878 -0.00134905 -0.00957841 -0.00574792 0.000618644 0.0059131 -0.00462859 -0.00998735 -0.0111216 -0.0121447 -0.0113231 -0.00500598 -0.00830195 -0.00839722 0.00878899 0.00334423 -0.00604584 -0.0123454 -0.0125071 -0.00399839 0.0046948 -0.0132964 0.00971814 0.00939189
internal_weight=0 838.118 336.58 501.538 97.3875 404.151 1401.78 21.6129 164.514 51.4826 26.1999 1396.91 172.066 75.7746 251.016 185.083 113.032 167.149 39.1347 45.5273 100.172 14.6024 29.5501 25.2828 46.2245 128.014 12.6736 67.5045 85.5693 77.184
internal_count=11097 3577 1391 2186 402 1784 7520 88 683 210 106 7500 708 314 1100 818 473 685 164 190 555 63 122 104 192 521 52 283 492 442
is_linear=0
shrinkage=0.01


Tree=67
num_leaves=31
num_cat=0
split_feature=12 0 0 1 3 0 4 1 12 1 4 0 0 0 1 3 1 12 1 1 0 1 0 1 1 1 12 1 12 1
split_gain=1247.71 397.561 357.766 42.8551 41.7996 41.2293 29.6603 19.452 18.1798 16.8976 25.2416 15.3279 124.433 12.5978 13.2722 11.7028 14.9469 20.0806 10.624 12.3466 9.11147 8.94141 8.88081 11.5103 8.51015 36.8267 7.99477 7.64988 7.18271 21.2362
threshold=1.9533992703327747 4296066.5000000009 4301512.5000000009 702778654961.50012 43.500000000000007 5575758.5000000009 28.500000000000004 4363500793924.5005 3.8061042970938286 174026437347.50003 27.500000000000004 4305780.0000000009 4305469.5000000009 4296552.0000000009 1861025320257.0002 61.500000000000007 1861025320257.0002 1.9802295125484259 2883033186372.5005 2777491174764.5005 4299148.5000000009 4092079271560.5005 4305671.5000000009 2384994531138.5005 1955683344136.5002 2452704926503.5005 3.8157201904287903 1862882903109.5002 1.9393065999967327 3475289745763.0005
decision_type=2 2 2 2 2 2 2 2 2 2 2 2 2 2 2 2 2 2 2 2 2 2 2 2 2 2 2 2 2 2
left_child=1 18 3 -3 9 11 8 20 22 -2 -11 12 -4 14 -12 -8 26 -18 19 24 -5 -15 23 -6 27 -26 -17 -1 -20 -30
right_child=4 2 5 7 6 -7 15 -9 -10 10 13 -13 -14 21 -16 16 17 -19 28 -21 -22 -23 -24 -25 25 -27 -28 -29 29 -31
leaf_value=0.008813678316812696 -0.010756356175676822 -0.014299653601754964 0.0091573005987471822 -0.0055664805374061382 -0.007811923391730923 -0.016349389298310396 -0.014071545308536014 -0.016007262916424621 -0.010800638226933541 0.005516738046907891 -0.0075699975970235705 0.010488980745044877 -0.016566470293011889 -0.0079892305042375995 0.0041385376745397611 -0.013113622290022732 -0.011568745470413231 -0.0028442675432382913 0.012551746669936805 0.0025312028511830392 0.0022380329070974224 0.00027150801100833265 0.014068486671238284 0.0071743707865258369 0.0013329702235863716 0.009793407464815362 -0.0040229605256927323 0.011970336691692363 0.010396586313659034 -0.016627486135953561
leaf_weight=132.73000581562519 82.258893996477127 139.00038339197636 125.74344877898693 43.005500078201294 11.094814643263822 7.5961600542068473 178.31765991449356 13.549006462097166 19.673138782382011 19.069751217961311 17.853787779808044 93.170665070414543 22.111494183540344 190.73130211234093 21.150350749492645 167.64242500066757 62.289842709898949 45.763333812355995 168.72641514241695 26.984390690922737 22.937116041779518 14.069481894373892 4.9156230986118308 9.5249210447072965 61.492143422365189 315.01462477445602 10.2666649967432 182.09647300839424 22.279394626617435 3.3443665504455558
leaf_count=709 351 588 685 177 45 32 790 58 80 82 72 523 90 779 87 751 272 187 1029 128 98 57 20 40 307 1786 42 1079 135 18
internal_value=0 0.00588818 -0.00161494 -0.0109505 -0.00948788 0.00658926 -0.0113081 -0.00509409 -0.00357596 -0.00680085 -0.00556309 0.0073122 0.00531035 -0.00642972 -0.00122094 -0.012061 -0.0108073 -0.0078737 0.00972836 0.00916716 -0.0028518 -0.00742173 0.00199014 -0.000889271 0.00942618 0.00841163 -0.012589 0.0106395 0.0118026 0.00686945
internal_weight=0 1379.78 467.114 218.492 854.622 248.622 509.488 79.4916 45.2085 345.134 262.875 241.026 147.855 243.805 39.0041 464.28 285.962 108.053 912.668 718.318 65.9426 204.801 25.5354 20.6197 691.333 376.507 177.909 314.826 194.35 25.6238
internal_count=11097 7442 2251 921 3655 1330 2227 333 185 1428 1077 1298 775 995 159 2042 1252 459 5191 4009 275 836 105 85 3881 2093 793 1788 1182 153
is_linear=0
shrinkage=0.01


Tree=68
num_leaves=31
num_cat=0
split_feature=2 0 0 1 0 1 0 0 12 1 4 1 0 0 1 0 0 1 1 1 1 4 1 1 1 1 4 13 1 1
split_gain=1239.76 396.597 341.829 45.6354 40.8126 36.8298 37.3612 22.3246 19.8151 19.5619 14.7451 16.968 14.5029 108.582 13.5433 11.4922 11.1563 10.7617 12.2115 10.5885 9.93877 9.47799 8.44729 10.2451 8.15949 8.24207 7.52693 10.1203 7.50217 7.48031
threshold=65.500000000000014 4296066.5000000009 4301512.5000000009 1119808860540.0002 5575758.5000000009 174026439498.00003 4294665.5000000009 4297271.0000000009 3.8142617563909882 4363500794354.0005 28.500000000000004 174026447279.00003 4305780.0000000009 4305469.5000000009 1861025320257.0002 4305671.5000000009 4299148.5000000009 2883033186372.5005 2777491174764.5005 1955683344136.5002 702778648565.00012 31.500000000000004 174026444836.50003 702778651081.00012 702778648565.00012 702778654685.50012 60.500000000000007 3.9104172329531406 174026445959.50003 174026422363.50003
decision_type=2 2 2 2 2 2 2 2 2 2 2 2 2 2 2 2 2 2 2 2 2 2 2 2 2 2 2 2 2 2
left_child=5 17 3 21 12 26 8 14 -7 16 11 -9 13 -4 20 -12 -5 18 22 -16 -8 -3 -2 -24 -10 -26 27 -1 -23 -29
right_child=1 2 4 9 -6 6 7 10 24 -11 15 -13 -14 -15 19 -17 -18 -19 -20 -21 -22 28 23 -25 25 -27 -28 29 -30 -31
leaf_value=6.4573433119739855e-05 0.013228690215867245 0.00065226026257861433 0.0091088604649805834 -0.0050570591733587579 -0.01624650624051379 -0.014911839500465214 -0.00017544376434550489 0.013400701654703464 0.0052951945939022881 -0.015717161909336429 -0.0082824730432574638 -0.0051192456634205543 0.010442717855734042 -0.014298003701908632 0.0077742753552979636 -0.014930414839982326 0.0033551614322741606 0.011769639609441921 0.0025083892909782859 -0.0020843511359670236 -0.0097663391910507887 -0.015352788775857227 0.0020381313387429255 0.009281070721484954 -0.01655403437546403 -0.00085469091222750997 -0.013900458029297222 -0.0059805935341528307 -0.010417340239615389 -0.013137464982876483
leaf_weight=8.4695940166711789 52.396881818771362 4.6221196651458731 125.15099832415581 45.019099742174149 7.5679620057344428 101.32493959367275 16.124966323375702 5.5791408419609061 6.4169557988643673 12.468854919075964 266.00072325766087 43.669376581907272 92.650202348828316 23.547426670789719 15.084473609924315 28.820681065320969 24.261080324649811 193.37776453793049 26.957643985748291 39.219754531979561 32.747831732034683 103.90921854972839 20.168919026851654 615.81435324251652 6.453365430235861 6.9405653476715088 176.83411093056202 19.185772716999054 43.773209169507027 61.153759181499481
leaf_count=35 276 19 685 186 32 459 68 26 26 54 1110 177 523 96 62 127 104 1184 128 160 136 443 106 3502 27 29 794 80 182 261
internal_value=0 0.0057848 -0.00153768 -0.0102136 0.00662016 -0.00963372 -0.00819711 -0.00686281 -0.0131235 -0.00418646 -0.00808626 -0.0030212 0.00733719 0.00540222 -0.00278291 -0.00893235 -0.0021112 0.00967659 0.00911078 0.00065415 -0.00660194 -0.0134486 0.00936934 0.00905138 -0.00397671 -0.00841883 -0.0127076 -0.0103323 -0.0138899 -0.0114283
internal_weight=0 1391.69 482.97 234.054 248.917 834.026 568.383 447.247 121.136 81.749 344.07 49.2485 241.349 148.698 103.177 294.821 69.2802 908.716 715.338 54.3042 48.8728 152.305 688.38 635.983 19.8109 13.3939 265.643 88.8091 147.682 80.3395
internal_count=11097 7520 2324 988 1336 3577 2407 1866 541 344 1440 203 1304 781 426 1237 290 5196 4012 222 204 644 3884 3608 82 56 1170 376 625 341
is_linear=0
shrinkage=0.01


Tree=69
num_leaves=31
num_cat=0
split_feature=2 1 1 3 1 2 1 1 1 1 1 1 2 2 1 3 12 2 1 1 1 12 2 1 2 12 1 12 2 1
split_gain=1219.23 304.917 41.9036 41.0726 21.4314 20.1625 17.2683 22.0111 16.2038 125.633 15.3103 13.9396 12.1328 22.0788 11.0734 10.7044 19.0574 12.1204 10.6744 16.0621 10.5974 9.07906 7.13706 21.0931 6.92547 6.12042 6.31199 5.92264 5.25062 6.06567
threshold=65.500000000000014 1119808862681.0002 3704300934115.0005 43.500000000000007 2883033186372.5005 32.500000000000007 1861025320257.0002 3704300934566.5005 2482915552582.5005 2547630267620.5005 1862882903109.5002 4092079271560.5005 58.500000000000007 29.500000000000004 2384994529944.5005 31.500000000000004 3.8519834484560338 26.500000000000004 174026438393.50003 702778648565.00012 4092079271560.5005 3.7980938520108252 92.500000000000014 3475289745763.0005 70.500000000000014 3.8273192999520735 174026441896.50003 2.9446863925077662 102.50000000000001 702778654961.50012
decision_type=2 2 2 2 2 2 2 2 2 2 2 2 2 2 2 2 2 2 2 2 2 2 2 2 2 2 2 2 2 2
left_child=3 24 4 5 8 15 21 12 10 -10 -3 18 13 -8 -14 27 17 -17 -7 -20 -4 -5 23 -6 -2 -23 -27 -1 -26 -30
right_child=1 2 20 6 22 11 7 -9 9 -11 -12 -13 14 -15 -16 16 -18 -19 19 -21 -22 25 -24 -25 28 26 -28 -29 29 -31
leaf_value=-0.014220341582418323 -0.013401231820746762 0.0047022274403304741 0.0041684722657118192 -0.01355044945450549 0.010359265428482778 -0.009355447665328271 -0.0012947138652080299 -0.012867018065789451 -0.012316811083823209 0.0088196576505922795 0.0096529102716122091 0.010699404732328227 -0.0049942775993053077 -0.011549984259014254 0.014178917722842146 0.0088257722994533241 -0.012031476932584557 -0.0049946820386288981 0.0024958632615667514 -0.0056773209279845143 -0.0031184492451279272 -0.0030206865297739967 0.012499785216505653 -0.016538158480684056 0.0071797941098298802 -0.013906313325631844 -0.0064156748921362465 -0.0094096050130196857 -0.0035038053963970836 0.0015295445677721881
leaf_weight=39.439582705497742 6.3849057555198661 71.638214901089668 56.903976947069168 263.64502939581871 22.364923402667049 42.01472844183445 37.559130445122719 76.263835817575455 32.639722943305969 203.1499934643507 487.9595033377409 5.8553729504346839 6.6822419166564924 47.597377434372902 5.4847043603658676 10.13666968047619 24.226494863629341 16.967104315757751 32.654652819037437 91.193842723965645 30.738403290510178 12.554606959223745 172.55715577304363 3.3525948524475089 5.104093298316001 27.888255283236504 18.854994222521782 72.8833317309618 266.06759610772133 26.309710681438446
leaf_count=168 26 387 275 1197 137 178 151 339 172 1130 2777 24 27 201 23 41 100 69 137 369 149 51 1059 18 23 119 78 305 1247 120
internal_value=0 0.00575407 0.00824125 -0.00956189 0.00882589 -0.00685825 -0.011388 -0.00884438 0.00809264 0.00589379 0.00901914 -0.00446459 -0.00569218 -0.00702679 0.00364875 -0.00936987 -0.0055866 0.000174096 -0.00499991 -0.00352233 0.00161276 -0.0127553 0.0117673 0.00685286 -0.00309651 -0.00921979 -0.0108848 -0.0110988 -0.00287534 -0.00305088
internal_weight=0 1385.17 1081.3 831.902 993.662 335.372 496.53 173.587 795.387 235.79 559.598 171.719 97.3235 85.1565 12.1669 163.653 51.3303 27.1038 165.863 123.848 87.6424 322.943 198.275 25.7175 303.866 59.2979 46.7432 112.323 297.481 292.377
internal_count=11097 7520 6104 3577 5680 1391 2186 741 4466 1302 3164 708 402 352 50 683 210 110 684 506 424 1445 1214 155 1416 248 197 473 1390 1367
is_linear=0
shrinkage=0.01


Tree=70
num_leaves=31
num_cat=0
split_feature=2 0 0 1 0 1 0 0 12 1 4 1 0 0 1 0 2 0 1 1 1 1 1 1 1 1 4 13 1 1
split_gain=1198.53 389.011 334.272 44.419 40.2828 36.2532 36.8638 21.8574 19.6535 17.871 14.3879 16.5402 14.3081 106.561 13.1848 12.6852 12.6635 11.3537 10.7625 12.2309 10.3881 9.68526 8.62738 14.1181 8.018 8.17925 7.52228 9.96242 7.42164 8.73651
threshold=65.500000000000014 4296066.5000000009 4301512.5000000009 1119808859400.0002 5575758.5000000009 174026439498.00003 4294665.5000000009 4297271.0000000009 3.8142617563909882 4363500794354.0005 28.500000000000004 174026447279.00003 4305780.0000000009 4305469.5000000009 1861025320257.0002 4299148.5000000009 102.50000000000001 4305671.5000000009 2883033186372.5005 2777491174764.5005 1955683344136.5002 702778648565.00012 174026447279.00003 702778651081.00012 702778648565.00012 702778654685.50012 60.500000000000007 3.9104172329531406 174026422363.50003 174026437347.50003
decision_type=2 2 2 2 2 2 2 2 2 2 2 2 2 2 2 2 2 2 2 2 2 2 2 2 2 2 2 2 2 2
left_child=5 18 3 16 12 26 8 14 -7 15 11 -9 13 -4 21 -5 -3 -12 19 22 -16 -8 -2 -24 -10 -26 27 -1 -29 -30
right_child=1 2 4 9 -6 6 7 10 24 -11 17 -13 -14 -15 20 -17 -18 -19 -20 -21 -22 -23 23 -25 25 -27 -28 28 29 -31
leaf_value=0.00013146459291938221 0.013036451808225909 0.00034181500423921855 0.0090396694376087307 -0.0055815050943274318 -0.016187168454444727 -0.01477717164081771 -0.00012986278116083107 0.013313540516312249 0.0053214708177898159 -0.015610762103114222 -0.0081464114718106124 -0.0050160145715349548 0.010372767540751763 -0.014178423717672488 0.0077434824101067015 0.0031266843756659131 -0.014134767605817234 -0.014779441093683541 0.011703255410927225 0.0024060947142974234 -0.0020239686687866169 -0.0096077624944583204 -0.00032842667926824261 0.0091941454001470847 -0.016410630707397428 -0.00074253603250955442 -0.013753981627330041 -0.0058362290416705664 -0.014583434986017788 -0.0040244721352389245
leaf_weight=8.4777254760265333 56.344004884362221 6.3158122897148123 124.25984102487564 49.727100640535355 7.5500865578651419 100.34741432964802 16.10013610124588 5.5492287725210181 6.4147025048732784 12.403784409165381 265.19603662192822 43.630888000130653 91.813105657696724 23.506526276469231 15.074472069740294 25.207446753978729 139.66353888809681 28.587468549609184 190.84924320876598 26.837385311722755 39.213486239314079 32.638709783554077 15.977092385292051 609.92344164848328 6.4226448088884336 6.9234118014574051 175.23376850783825 19.125511825084686 51.554726094007492 9.2405272573232633
leaf_count=35 298 26 685 205 32 459 68 26 26 54 1110 177 523 96 62 108 595 127 1184 128 160 136 84 3502 27 29 794 80 223 38
internal_value=0 0.0057165 -0.00154897 -0.0101335 0.00655577 -0.00949121 -0.00806475 -0.00674048 -0.0129821 -0.00449252 -0.00795384 -0.0029478 0.00727249 0.00534616 -0.00270137 -0.00265213 -0.0135084 -0.00879186 0.00959533 0.00902798 0.00068822 -0.00647688 0.00928846 0.00895107 -0.0038665 -0.00828264 -0.0125542 -0.010176 -0.0112693 -0.0129785
internal_weight=0 1380.38 480.447 233.318 247.13 829.731 566.099 445.99 120.108 87.3383 342.964 49.1801 239.579 147.766 103.027 74.9345 145.979 293.784 899.931 709.082 54.288 48.7388 682.245 625.901 19.7608 13.3461 263.632 88.3985 79.9208 60.7953
internal_count=11097 7520 2324 988 1336 3577 2407 1866 541 367 1440 203 1304 781 426 313 621 1237 5196 4012 222 204 3884 3586 82 56 1170 376 341 261
is_linear=0
shrinkage=0.01


Tree=71
num_leaves=31
num_cat=0
split_feature=2 0 0 1 3 0 2 1 1 1 0 0 0 1 0 1 1 1 0 0 0 3 12 2 1 2 12 3 12 0
split_gain=1178.75 383.584 328.622 43.9067 40.5629 39.6569 19.7699 18.8494 17.1325 21.7437 14.9173 14.154 104.806 13.6415 13.605 10.7792 12.1646 34.0727 20.6167 12.0635 10.7008 10.4689 18.744 11.8416 10.2853 10.0974 9.04102 9.00286 8.4457 8.06596
threshold=65.500000000000014 4296066.5000000009 4301512.5000000009 1119808860540.0002 43.500000000000007 5575758.5000000009 32.500000000000007 4363500794354.0005 1861025320257.0002 3704300934566.5005 4296358.0000000009 4305780.0000000009 4305469.5000000009 4092079271560.5005 4296552.0000000009 2883033186372.5005 1955683344136.5002 2384994533778.0005 4295248.5000000009 4277688.5000000009 4299148.5000000009 31.500000000000004 3.8519834484560338 26.500000000000004 1861025320257.0002 55.500000000000007 3.7980938520108252 57.500000000000007 3.8061042970938286 4295326.5000000009
decision_type=2 2 2 2 2 2 2 2 2 2 2 2 2 2 2 2 2 2 2 2 2 2 2 2 2 2 2 2 2 2
left_child=4 15 3 27 6 11 21 20 26 10 -10 12 -4 14 24 16 29 18 -18 -19 -5 -1 23 -23 -8 -16 -6 -3 -12 -2
right_child=1 2 5 7 8 -7 13 -9 9 -11 28 -13 -14 -15 25 -17 17 19 -20 -21 -22 22 -24 -25 -26 -27 -28 -29 -30 -31
leaf_value=-0.010941767536616565 0.0086764710257604891 -0.00052490337650601382 0.0089919574326512708 -0.0049935603145640529 -0.013412664708417321 -0.01608791628516372 -0.0036667879431182154 -0.015524080560665461 -0.01462246738217363 -0.01272581684120995 -0.0025244830156174376 0.010327368619083907 -0.014056452903249373 0.01064524802281539 -0.0085147897101875911 0.011667848601804054 -0.0054815503589375559 0.0097328490192792379 0.01388536829028547 0.0054051339846053646 0.0032523181046525251 0.0087828526701471364 -0.011887972864895511 -0.0048833032396246511 0.0085440838792261772 -0.0030219572814379862 -0.0090800248944721881 -0.013713208783012505 -0.011508759383083395 0.01192326455585946
leaf_weight=111.79992598295212 138.69051878154278 5.3665643185377112 123.67293268442154 45.042891904711723 261.22710335254669 7.5208456963300696 16.601494923233989 12.348589420318602 15.346497192978857 75.667144030332565 69.456184908747673 91.297137409448624 23.473556786775589 5.8499383032321921 79.304408460855484 189.52077108621597 27.795631095767021 277.75289511680603 6.8515533804893485 83.856714278459549 24.189474195241928 10.130800366401674 24.149446576833725 16.946277797222137 11.801561355590819 57.901734218001366 59.050001710653305 145.84084981679916 12.319159120321272 170.67682155966759
leaf_count=473 817 22 685 186 1197 32 68 54 71 339 281 523 96 24 329 1184 137 1578 34 472 104 41 100 69 49 238 248 622 50 974
internal_value=0 0.00568622 -0.00153888 -0.0100551 -0.0094212 0.00652115 -0.0067332 -0.00414255 -0.0112447 -0.00870686 -0.00557571 0.00723427 0.00531516 -0.00436258 -0.00489271 0.00955044 0.00898173 0.00782159 -0.0016517 0.00872926 -0.00211249 -0.00922644 -0.00548279 0.000229844 0.00140687 -0.00619678 -0.0126138 -0.0132451 -0.00387793 0.0104677
internal_weight=0 1373.9 478.753 232.788 827.552 245.964 334.486 81.581 493.066 172.789 97.1218 238.444 147.146 171.459 165.609 895.145 705.624 396.257 34.6472 361.61 69.2324 163.026 51.2265 27.0771 28.4031 137.206 320.277 151.207 81.7753 309.367
internal_count=11097 7520 2324 988 3577 1336 1391 344 2186 741 402 1304 781 708 684 5196 4012 2221 171 2050 290 683 210 110 117 567 1445 644 331 1791
is_linear=0
shrinkage=0.01


Tree=72
num_leaves=31
num_cat=0
split_feature=2 0 0 1 3 0 2 1 1 1 0 0 0 1 0 4 0 2 1 1 3 4 12 2 12 1 1 1 2 1
split_gain=1159.35 378.243 323.076 43.407 40.2265 39.0426 19.4714 17.0267 21.537 17.002 14.7689 14.0016 103.084 13.3844 13.3444 15.3117 13.2915 12.5483 10.7942 12.2155 10.3234 20.5808 12.4328 9.93446 9.03698 8.5306 14.0972 8.43028 7.18222 20.9661
threshold=65.500000000000014 4296066.5000000009 4301512.5000000009 702778654961.50012 43.500000000000007 5575758.5000000009 32.500000000000007 1861025320257.0002 3704300934566.5005 4363500794354.0005 4296358.0000000009 4305780.0000000009 4305469.5000000009 4092079271560.5005 4296552.0000000009 30.500000000000004 4297271.0000000009 102.50000000000001 2883033186372.5005 2777491174764.5005 31.500000000000004 62.500000000000007 2.9433833877757176 55.500000000000007 3.7980938520108252 174026447279.00003 702778651081.00012 1862882900096.0002 92.500000000000014 3475289745763.0005
decision_type=2 2 2 2 2 2 2 2 2 2 2 2 2 2 2 2 2 2 2 2 2 2 2 2 2 2 2 2 2 2
left_child=4 18 3 17 6 11 20 24 10 16 -9 12 -4 14 15 -8 -5 -3 19 25 -1 -22 -23 -16 -6 -2 -27 -12 29 -20
right_child=1 2 5 9 7 -7 13 8 -10 -11 27 -13 -14 -15 23 -17 -18 -19 28 -21 21 22 -24 -25 -26 26 -28 -29 -30 -31
leaf_value=-0.010858684035986584 0.012948783559372212 0.00038449300551635676 0.0089445353745778618 0.0056442523733284513 -0.013342921054073564 -0.015990848959657598 -0.0086534561616898372 -0.014555379614911775 -0.01265149467919755 -0.01543920724914782 0.0053691606730832007 0.0102822983327839 -0.013936691558438439 0.010555660162686716 -0.0084409703906806865 0.0067627398254166832 -0.0048217964348710894 -0.014037456532664614 0.010228080456167002 0.0023043162209251942 -0.011911928733990856 -0.0044998815678123369 0.009795341890628681 -0.0029913128531432183 -0.0090060377352972464 -0.00043416693184387771 0.0091062577483323557 -0.0049594733611979256 0.012402039575279186 -0.016663909573136234
leaf_weight=111.53014515340328 55.650386571884155 6.3121110647916785 123.08826884627342 15.08111536502838 259.97290688753128 7.4909831136465064 9.88556155562401 15.263475731015204 75.352120980620384 12.29258857667446 8.8631378859281522 90.782927468419075 23.438692256808281 5.8406385630369178 79.198506116867065 18.499131932854652 62.096596255898476 136.46983243525028 21.921534717082981 26.718842521309853 25.041991785168648 16.489240109920505 9.6412299126386625 57.90991647541523 58.940314114093781 15.895797416567801 603.89838062226772 72.898167505860329 162.9347431063652 3.3410184979438773
leaf_count=473 298 26 685 63 1197 32 41 71 339 54 36 523 96 24 329 76 259 586 137 128 104 67 39 238 248 84 3502 295 1029 18
internal_value=0 0.00565624 -0.0015289 -0.00997771 -0.0093523 0.00648682 -0.00667489 -0.0111727 -0.00864055 -0.0045164 -0.00552554 0.00719636 0.00528442 -0.00432213 -0.0048472 0.00139373 -0.00277665 -0.0133999 0.00950602 0.00893599 -0.00915246 -0.00543376 0.000774556 -0.00613922 -0.0125414 0.00919832 0.00886158 -0.00383982 0.0116328 0.00667157
internal_weight=0 1367.41 477.053 232.252 825.326 244.801 334.036 491.29 172.377 89.4703 97.0248 237.31 146.527 171.334 165.493 28.3847 77.1777 142.782 890.361 702.163 162.703 51.1725 26.1305 137.108 318.913 675.445 619.794 81.7613 188.197 25.2626
internal_count=11097 7520 2324 988 3577 1336 1391 2186 741 376 402 1304 781 708 684 117 322 612 5196 4012 683 210 106 567 1445 3884 3586 331 1184 155
is_linear=0
shrinkage=0.01


Tree=73
num_leaves=31
num_cat=0
split_feature=12 0 0 3 1 0 4 1 12 1 4 0 0 3 1 12 0 1 1 1 1 0 0 0 0 1 1 1 0 12
split_gain=1127.79 369.159 326.907 39.9868 39.8803 38.2044 28.5814 18.1711 17.4461 15.8912 23.8463 14.53 114.971 11.647 14.4673 19.1812 11.5221 12.2166 10.6898 12.3844 33.8692 20.3502 12.0416 9.0547 8.79573 11.1161 8.59603 7.8465 64.2889 7.82676
threshold=1.9533992703327747 4296066.5000000009 4301512.5000000009 43.500000000000007 702778654961.50012 5575758.5000000009 28.500000000000004 4363500793924.5005 3.8061042970938286 174026437347.50003 27.500000000000004 4305780.0000000009 4305469.5000000009 61.500000000000007 1861025320257.0002 1.9802295125484259 4296552.0000000009 1861025320257.0002 2883033186372.5005 1955683344136.5002 2384994533778.0005 4295248.5000000009 4277688.5000000009 4297271.0000000009 4305671.5000000009 2384994531138.5005 4092079271560.5005 1862882903109.5002 4295326.5000000009 3.8157201904287903
decision_type=2 2 2 2 2 2 2 2 2 2 2 2 2 2 2 2 2 2 2 2 2 2 2 2 2 2 2 2 2 2
left_child=1 18 4 9 -3 11 8 23 24 -2 -11 12 -4 -8 29 -16 17 -12 19 27 21 -21 -22 -6 25 -5 -18 28 -1 -15
right_child=3 2 5 6 7 -7 13 -9 -10 10 16 -13 -14 14 15 -17 26 -19 -20 20 22 -23 -24 -25 -26 -27 -28 -29 -30 -31
leaf_value=-0.003165682830192093 -0.010307978003265288 -0.013822269401863548 0.0088973977446008268 -0.0075026283979459912 0.0047247897189544065 -0.015895900928299657 -0.013661369957466363 -0.015579929362910996 -0.010389513517503448 0.0055467993904219741 -0.0071990137776134838 0.010237548576538209 -0.015968762203756447 -0.012680276902716772 -0.011133483081355535 -0.0025604599770435621 -0.007595816174822221 0.0040537771169078356 0.011595715412616231 -0.0055264721811489571 0.0096467130329125107 0.013797058087666195 0.0053052713053154182 -0.0045900105202723307 0.014177798137697418 0.0072290153639320634 0.00051633779846379244 0.011786017091202318 0.012783597279251884 -0.0036494042653439458
leaf_weight=34.42734307050705 81.003198713064194 136.4647079706192 122.50590290129185 11.099386677145963 12.996806755661963 7.4605228304862967 173.94347196817398 13.269292548298834 19.55038794875145 19.00836780667305 17.787080019712448 90.270527139306068 21.921125873923302 163.18737921118736 61.043000921607018 45.58906327188015 189.58156538009644 21.083813488483429 186.50485433638096 27.751856088638306 274.98434866964817 6.7818127274513236 83.222913503646851 52.96116615831852 4.9192567169666281 9.5114035904407483 14.029105111956595 175.94651108980179 95.043565392494202 10.196342453360556
leaf_count=191 351 588 685 45 54 32 790 58 80 82 72 523 90 751 272 187 779 87 1182 137 1578 34 472 221 20 40 57 1079 518 42
internal_value=0 0.00569649 -0.00159263 -0.00906908 -0.0105459 0.00638214 -0.0108749 -0.0049026 -0.00328061 -0.00643781 -0.00523893 0.00709031 0.00512321 -0.0116291 -0.0103666 -0.00746821 -0.00608444 -0.00109543 0.00946891 0.00890075 0.00772625 -0.00173167 0.00863806 -0.00275456 0.00216324 -0.000704315 -0.00703688 0.0104111 0.00854256 -0.0121492
internal_weight=0 1342.51 457.85 841.533 215.692 242.158 499.04 79.2273 45.0804 342.493 261.49 234.698 144.427 453.959 280.016 106.632 242.482 38.8709 884.663 698.158 392.741 34.5337 358.207 65.958 25.53 20.6108 203.611 305.417 129.471 173.384
internal_count=11097 7442 2251 3655 921 1330 2227 333 185 1428 1077 1298 775 2042 1252 459 995 159 5191 4009 2221 171 2050 275 105 85 836 1788 709 793
is_linear=0
shrinkage=0.01


Tree=74
num_leaves=31
num_cat=0
split_feature=2 0 0 1 3 0 2 1 1 1 0 0 0 1 0 4 1 1 0 3 4 12 2 12 4 1 1 1 1 1
split_gain=1121.83 367.679 312.164 42.4933 39.5695 37.8496 19.1383 18.1649 16.7775 21.1912 14.5326 13.6968 99.7322 13.0006 12.9201 14.9426 10.8305 12.2002 10.6054 10.1433 20.2217 12.1746 9.76838 9.09097 9.01976 8.46817 37.0741 8.25079 8.22311 7.55747
threshold=65.500000000000014 4296066.5000000009 4301512.5000000009 1119808860540.0002 43.500000000000007 5575758.5000000009 32.500000000000007 4363500794354.0005 1861025320257.0002 3704300934566.5005 4296358.0000000009 4305780.0000000009 4305469.5000000009 4092079271560.5005 4296552.0000000009 30.500000000000004 2883033186372.5005 2777491174764.5005 4299148.5000000009 31.500000000000004 62.500000000000007 2.9433833877757176 55.500000000000007 3.7980938520108252 31.500000000000004 1955683344136.5002 2452704926503.5005 1862882900096.0002 1862882903109.5002 174026445959.50003
decision_type=2 2 2 2 2 2 2 2 2 2 2 2 2 2 2 2 2 2 2 2 2 2 2 2 2 2 2 2 2 2
left_child=4 16 3 24 6 11 19 18 23 10 -10 12 -4 14 15 -8 17 25 -5 -1 -21 -22 -16 -6 -3 28 -27 -12 -2 -26
right_child=1 2 5 7 8 -7 13 -9 9 -11 27 -13 -14 -15 22 -17 -18 -19 -20 20 21 -23 -24 -25 29 26 -28 -29 -30 -31
leaf_value=-0.010719361321573737 0.0084267433294161562 0.00076830711893682976 0.0088505385403860621 -0.0048988163523268156 -0.013207853477766431 -0.015803007803913898 -0.0085308509261227822 -0.015273968332382997 -0.014435905147337258 -0.012514142158212045 0.005352459152045368 0.010193111820831323 -0.013707652927914772 0.010450145523287342 -0.008305777941025114 0.0067066858101853125 0.011564624651118556 0.0022039536933671829 0.0033054805550925136 -0.011770696726716486 -0.0044051094622471866 0.0097463324193340726 -0.0028986138638099623 -0.0088462097633508884 -0.014909088255580608 0.00091550791771089813 0.0095009483816180292 -0.0048685115358083056 0.01175322320246867 -0.0099176167672545522
leaf_weight=111.03744792938232 129.1119729578495 4.6213819384574881 121.92588050663471 45.075798451900482 257.46388870477676 7.4294889420270911 9.8759291917085665 12.177912816405295 15.109995499253271 74.749692469835281 8.8581114113330823 89.759983077645302 23.352411851286888 5.8287649303674689 78.97142930328846 18.47510227560997 185.56126682460308 26.601449698209763 24.223001480102539 24.955179497599602 16.468990609049801 9.6365213543176633 57.910978570580482 58.67800572514534 101.87997968494892 60.26050877571106 304.21739934384823 72.858665481209755 175.09068624675274 43.193471997976303
leaf_count=473 710 19 685 186 1197 32 41 54 71 339 36 523 96 24 329 76 1184 128 104 104 67 39 238 248 443 307 1786 295 1081 182
internal_value=0 0.0055977 -0.00150745 -0.00982179 -0.00921733 0.00641953 -0.00656089 -0.0040104 -0.0110319 -0.00851431 -0.00542646 0.00712197 0.00522448 -0.00422778 -0.00474555 0.00139877 0.00941821 0.00884537 -0.00203105 -0.00902304 -0.00533418 0.000818717 -0.00601816 -0.0123983 -0.0129848 0.00910958 0.00808149 -0.00376056 0.0103414 -0.013423
internal_weight=0 1354.48 473.639 231.172 820.879 242.468 333.16 81.4767 487.718 171.576 96.8268 235.038 145.278 171.062 165.233 28.351 880.843 695.282 69.2988 162.098 51.0607 26.1055 136.882 316.142 149.695 668.681 364.478 81.7168 304.203 145.073
internal_count=11097 7520 2324 988 3577 1336 1391 344 2186 741 402 1304 781 708 684 117 5196 4012 290 683 210 106 567 1445 644 3884 2093 331 1791 625
is_linear=0
shrinkage=0.01


Tree=75
num_leaves=31
num_cat=0
split_feature=2 0 0 1 3 0 2 1 1 1 0 0 0 1 0 4 1 1 0 3 4 12 2 12 4 1 1 12 1 2
split_gain=1103.46 362.586 306.939 41.9844 39.245 37.2685 18.8549 17.9302 16.6814 20.9964 14.392 13.5492 98.1042 12.7562 12.6739 14.6523 10.8408 12.1025 10.3898 10.0011 19.8767 11.9343 9.61158 9.08825 8.8996 8.46376 10.0812 8.18875 7.51498 7.27659
threshold=65.500000000000014 4296066.5000000009 4301512.5000000009 1119808860540.0002 43.500000000000007 5575758.5000000009 32.500000000000007 4363500794354.0005 1861025320257.0002 3704300934566.5005 4296358.0000000009 4305780.0000000009 4305469.5000000009 4092079271560.5005 4296552.0000000009 30.500000000000004 2883033186372.5005 2777491174764.5005 4299148.5000000009 31.500000000000004 62.500000000000007 2.9433833877757176 55.500000000000007 3.7980938520108252 31.500000000000004 174026444836.50003 1862882903109.5002 3.8061042970938286 174026445959.50003 92.500000000000014
decision_type=2 2 2 2 2 2 2 2 2 2 2 2 2 2 2 2 2 2 2 2 2 2 2 2 2 2 2 2 2 2
left_child=4 16 3 24 6 11 19 18 23 10 -10 12 -4 14 15 -8 17 25 -5 -1 -21 -22 -16 -6 -3 -2 -27 -12 -26 -18
right_child=1 2 5 7 8 -7 13 -9 9 -11 27 -13 -14 -15 22 -17 29 -19 -20 20 21 -23 -24 -25 28 26 -28 -29 -30 -31
leaf_value=-0.010639009894123322 0.012995752733729866 0.00076069355827617269 0.0088039527799362392 -0.0048465339998807859 -0.013141195603789679 -0.015712107914256049 -0.0084464705625183576 -0.015194229640474436 -0.014372340508773618 -0.012442707344159089 -0.0023923605983414654 0.010148980848884015 -0.013594100610827772 0.01036311557633419 -0.0082342825951116985 0.0066450133959212636 0.0064937125053650272 0.0021838812195255903 0.0032751309012069747 -0.011678690896320601 -0.004362933880563356 0.0096495312360799796 -0.0028692864203779269 -0.0087747588578224282 -0.014823376343227605 0.0053806068338025648 0.0092297235435216309 -0.011252773166787624 -0.0098391298685717114 0.012314696915476044
leaf_weight=110.75870060920715 50.621379375457764 4.6209630668163291 121.34824323654175 45.106278344988823 256.18856112658978 7.3979045599699012 9.8748491406440753 12.119695425033568 15.025478154420851 74.428658723831177 69.431047663092613 89.251339703798294 23.312201976776123 5.8189870566129676 78.861092910170555 18.460178896784782 24.817910477519035 26.577606961131096 24.203093200922012 24.900535061955452 16.461946129798893 9.6358632594346982 57.917834892868996 58.564818009734154 101.44655446708202 77.923270761966705 536.69191232323647 12.27462390065193 43.103101447224617 159.43568885326385
leaf_count=473 276 19 685 186 1197 32 41 54 71 339 281 523 96 24 329 76 155 128 104 104 67 39 238 248 443 434 3174 50 182 1029
internal_value=0 0.00556865 -0.00149784 -0.00974786 -0.00915069 0.00638602 -0.00650453 -0.00397266 -0.0109624 -0.00844984 -0.00537757 0.00708492 0.00519448 -0.00418868 -0.00470152 0.00138558 0.00937514 0.00880106 -0.00201042 -0.00895175 -0.00528736 0.000810765 -0.00596252 -0.0123288 -0.0129004 0.00906543 0.00874172 -0.00372346 -0.0133371 0.0115306
internal_weight=0 1347.98 471.909 230.6 818.603 241.31 332.69 81.4291 485.913 171.16 96.7311 233.912 144.66 170.933 165.114 28.335 876.068 691.814 69.3094 161.757 50.9983 26.0978 136.779 314.753 149.171 665.237 614.615 81.7057 144.55 184.254
internal_count=11097 7520 2324 988 3577 1336 1391 344 2186 741 402 1304 781 708 684 117 5196 4012 290 683 210 106 567 1445 644 3884 3608 331 625 1184
is_linear=0
shrinkage=0.01


Tree=76
num_leaves=31
num_cat=0
split_feature=12 0 0 12 1 0 1 1 12 0 1 1 0 0 1 1 1 1 0 0 1 0 1 4 1 1 0 0 1 0
split_gain=1072.79 354.187 310.818 39.0278 38.5931 36.4616 30.4425 33.7892 21.1015 18.0094 17.5691 15.0024 14.0877 109.803 12.241 10.7315 12.3535 33.4275 20.0973 12.0845 10.7299 23.9936 11.8225 11.5393 9.96735 13.0607 8.98777 8.2923 7.92771 63.9357
threshold=1.9533992703327747 4296066.5000000009 4301512.5000000009 2.9433833877757176 702778654961.50012 5575758.5000000009 1861025320257.0002 3704300934115.0005 3.8338504663272626 4295326.5000000009 4363500793924.5005 4092079271560.5005 4305780.0000000009 4305469.5000000009 1862882900096.0002 2883033186372.5005 1955683344136.5002 2384994533778.0005 4295248.5000000009 4277688.5000000009 1862882923884.5002 4297284.0000000009 2777491177929.0005 25.500000000000004 1119808860967.5002 174026437347.50003 4297271.0000000009 4297419.0000000009 1862882903109.5002 4295326.5000000009
decision_type=2 2 2 2 2 2 2 2 2 2 2 2 2 2 2 2 2 2 2 2 2 2 2 2 2 2 2 2 2 2
left_child=1 15 4 6 -3 12 -2 9 20 -8 26 24 13 -4 -11 16 28 18 -18 -19 23 -22 -23 -5 25 -10 -6 -13 29 -1
right_child=3 2 5 8 10 -7 7 -9 11 14 -12 27 -14 -15 -16 -17 17 19 -20 -21 21 22 -24 -25 -26 -27 -28 -29 -30 -31
leaf_value=-0.0032927004241598361 -0.012590801612857342 -0.013568584977534243 0.0087576338850038713 0.0013194752302188423 0.0047765571903160969 -0.015623141789679041 -0.014301354555371314 -0.012209857823675448 -0.011545641435697368 0.0075778218536208357 -0.015350823963937233 -0.0084226859937910677 0.010105148237953991 -0.015632730366362327 -0.0035215790583224449 0.011493905240454256 -0.0055838591694176154 0.0095226786656833727 0.013707228060398795 0.0051453832049301431 0.0099711353133571934 -0.00021819088764323433 -0.011053026924398723 -0.0076542448312850739 -0.01354153069067509 -0.0052529034774116317 -0.0044999335696971742 0.0072102642783088934 0.011687129856502188 0.012680042609185217
leaf_weight=34.230540812015533 307.63639290630817 134.92111441493034 120.7730370759964 18.378759190440178 13.008338406682013 7.3657924383878699 14.087868586182593 85.274161159992218 57.080508351325989 11.318738222122191 13.097212821245192 5.4191572070121756 88.74464051425457 21.787372276186943 81.34478648006916 182.58552044630051 27.695960938930511 270.923813611269 6.7084392905235282 82.205874338746071 16.903066486120224 28.53987529873848 15.562243089079855 65.040267199277878 40.937758326530457 78.1261295825243 52.990961462259293 9.0754426121711713 172.54958590865135 93.543368250131607
leaf_count=191 1423 588 685 80 54 32 67 385 250 46 58 23 523 90 329 1182 137 1578 34 472 71 116 64 270 171 323 221 37 1079 518
internal_value=0 0.0056076 -0.0015668 -0.00886999 -0.0103172 0.00627974 -0.0106407 -0.00751646 -0.00622947 -0.00376732 -0.00477105 -0.00841374 0.00697723 0.00503008 -0.0021658 0.00933876 0.00876669 0.00758696 -0.00182233 0.00850368 -0.00334624 -0.000158909 -0.00404146 -0.00567717 -0.00921846 -0.00790952 -0.00267155 0.00136551 0.010289 0.00840096
internal_weight=0 1323.13 452.688 834.725 214.018 238.671 499.662 192.026 335.063 106.751 79.0965 190.639 231.305 142.56 92.6635 870.443 687.858 387.534 34.4044 353.13 144.424 61.0052 44.1021 83.419 176.144 135.207 65.9993 14.4946 300.323 127.774
internal_count=11097 7442 2251 3655 921 1330 2250 827 1405 442 333 804 1298 775 375 5191 4009 2221 171 2050 601 251 180 350 744 573 275 60 1788 709
is_linear=0
shrinkage=0.01


Tree=77
num_leaves=31
num_cat=0
split_feature=2 3 2 4 12 12 3 12 3 4 12 12 3 3 2 2 4 3 2 4 4 12 2 4 12 5 2 2 2 2
split_gain=1068 38.8527 18.3915 14.473 12.1228 11.0385 10.7717 10.7116 9.88571 19.4176 11.5481 8.23229 7.7246 7.40777 6.88982 10.3881 6.52755 5.62689 6.42773 5.40982 4.60105 3.9797 3.83634 13.0387 3.04395 2.95659 2.6052 2.58339 0.87124 4.31546
threshold=65.500000000000014 43.500000000000007 32.500000000000007 70.500000000000014 1.9842187211896343 3.8061042970938286 58.500000000000007 3.8049765068063102 31.500000000000004 62.500000000000007 2.9433833877757176 1.4656961749257615 34.500000000000007 57.500000000000007 28.500000000000004 57.500000000000007 58.500000000000007 29.500000000000004 60.500000000000007 56.500000000000007 54.500000000000007 3.8641164028099055 71.500000000000014 28.500000000000004 3.8563738582511413 59.500000000000007 24.500000000000004 58.500000000000007 93.500000000000014 91.500000000000014
decision_type=2 2 2 2 2 2 2 2 2 2 2 2 2 2 2 2 2 2 2 2 2 2 2 2 2 2 2 2 2 2
left_child=1 2 8 5 14 6 27 11 16 21 -11 -2 17 24 -5 -16 19 25 -19 -1 -15 -10 23 -13 -7 -4 -18 -3 29 -24
right_child=7 3 12 4 -6 13 -8 -9 9 10 -12 22 -14 20 15 -17 26 18 -20 -21 -22 -23 28 -25 -26 -27 -28 -29 -30 -31
leaf_value=-0.010481330319795583 0.0053474682641404927 0.0012470193539787875 0.0024632193300494179 -0.0075099143407855685 -0.013973387079709644 -0.012610340901567265 -0.0094789895568782364 -0.0093154714823145655 -0.0071833660343657395 -0.0042311247758309405 0.0095599401428227548 0.014787167490531881 0.0083063005446315959 -0.010980838284873477 -0.012837664179946419 -0.0074244516083670541 -0.0060422119247699468 -0.00942822105462718 0.0024358914150351485 -0.0034085790288219133 -0.0024780400377975844 -0.015219730605501485 0.009449563337743324 -0.0044419282375769741 -0.0041848506002502188 -0.0038410517709763993 -0.013110551454213594 0.010500338486772802 0.012423164719421344 -0.0020820986416870482
leaf_weight=25.968740329146385 1235.1451961994171 7.7041428387165087 7.9344371706247321 64.10930959880352 145.56772008538246 40.378805682063103 8.9127710163593274 4.8546400368213645 11.472050920128824 16.439073681831363 9.6277193576097471 6.0928861051797858 4.8763259351253501 9.4265469014644641 127.82839098572731 49.055320829153061 5.71081419289112 33.365955010056496 5.2906205356121054 18.532030612230301 19.588851869106293 13.313287883996962 69.427364438772202 8.3711070567369443 4.7973715513944617 119.16417324542999 59.989223003387451 4.9593310505151749 7.8192314207553855 3.4043425768613806
leaf_count=111 6945 31 32 282 684 172 36 20 48 67 39 26 23 40 596 222 24 142 22 79 82 56 421 37 20 489 259 21 50 21
internal_value=0 -0.00902091 -0.00638638 -0.0108326 -0.0116948 -0.00735239 -0.00105682 0.00551166 -0.00881015 -0.00516297 0.000862578 0.00556577 -0.00409867 -0.00918325 -0.0103185 -0.0113364 -0.0104931 -0.00446361 -0.00780447 -0.00753593 -0.00524044 -0.0115 0.0084006 0.00365823 -0.0117156 -0.00344749 -0.0124962 0.00487085 0.0092511 0.00891054
internal_weight=0 814.013 331.684 482.329 386.561 95.7678 21.5762 1335.11 161.053 50.8521 26.0668 1330.26 170.632 74.1916 240.993 176.884 110.201 165.755 38.6566 44.5008 29.0154 24.7853 95.1149 14.464 45.1762 127.099 65.7 12.6635 80.6509 72.8317
internal_count=11097 3577 1391 2186 1784 402 88 7520 683 210 106 7500 708 314 1100 818 473 685 164 190 122 104 555 63 192 521 283 52 492 442
is_linear=0
shrinkage=0.01


Tree=78
num_leaves=31
num_cat=0
split_feature=2 0 0 1 3 0 2 1 1 1 0 0 0 0 1 0 2 1 1 3 12 2 1 2 12 1 1 1 1 2
split_gain=1049.51 353.531 296.588 40.9013 38.5336 36.1731 18.1392 16.5311 20.5813 15.9564 14.0613 13.3145 95.0513 12.6574 12.3827 12.3022 12.2988 10.9317 12.1447 9.74918 17.1472 10.7542 9.33763 9.31724 9.05275 8.47106 36.9424 8.34589 8.00129 7.38896
threshold=65.500000000000014 4296066.5000000009 4301512.5000000009 702778654961.50012 43.500000000000007 5575758.5000000009 32.500000000000007 1861025320257.0002 3704300934566.5005 4363500794354.0005 4296358.0000000009 4305780.0000000009 4305469.5000000009 4297271.0000000009 4092079271560.5005 4296552.0000000009 102.50000000000001 2883033186372.5005 2777491174764.5005 31.500000000000004 3.8519834484560338 26.500000000000004 1861025320257.0002 55.500000000000007 3.7980938520108252 1955683344136.5002 2452704926503.5005 1862882903109.5002 1862882900096.0002 92.500000000000014
decision_type=2 2 2 2 2 2 2 2 2 2 2 2 2 2 2 2 2 2 2 2 2 2 2 2 2 2 2 2 2 2
left_child=4 17 3 16 6 11 19 24 10 13 -9 12 -4 -5 15 22 -3 18 25 -1 21 -21 -8 -17 -6 27 -27 -2 -12 -19
right_child=1 2 5 9 7 -7 14 8 -10 -11 28 -13 -14 -15 -16 23 -18 29 -20 20 -22 -23 -24 -25 -26 26 -28 -29 -30 -31
leaf_value=-0.010415993600358203 0.0082542214350664438 0.00065291760157204037 0.0086834621734897619 0.0055521343561118113 -0.012954895007898764 -0.015565709161266173 -0.003397239923516144 -0.014193128161336365 -0.012242346967463616 -0.015063772167865282 0.00538515632799739 0.010038604953160097 -0.013416804669365619 -0.0046700967205477693 0.010290352325573324 -0.0080537923888007144 -0.013647069868277791 0.0063317165939609423 0.0020325662856817569 0.0084903350934152529 -0.011303860213822162 -0.0045507048234654643 0.0082624988193857711 -0.0027667082986864849 -0.0085805116244903022 0.00073472771048586167 0.0093501971992337868 0.011637710272993628 -0.0046836240608987105 0.012245177904110036
leaf_weight=109.90851102769375 127.04061253368855 6.2967962175607672 119.85034464299679 15.046140089631079 252.47688622772694 7.3444154113531104 16.574859216809276 14.775611922144888 73.47665923833847 12.019905030727385 8.8524874001741392 87.972783580422401 23.23347033560276 62.136356353759766 5.8086380660533896 78.538102179765701 134.10453809797764 24.426467195153236 26.397761628031731 10.118176653981211 23.806553319096565 16.860476762056351 11.7287171036005 57.907297924160957 58.218345046043396 59.723802477121353 298.62080842256546 171.07390761375427 72.767832919955254 156.5719802826643
leaf_count=473 710 26 685 63 1197 32 68 71 339 54 36 523 96 259 24 329 586 155 128 41 100 69 49 238 248 307 1786 1081 295 1029
internal_value=0 0.00546995 -0.00152975 -0.00964153 -0.008955 0.00628269 -0.00633085 -0.0107638 -0.00825551 -0.0043464 -0.00521658 0.00697717 0.00509489 -0.00267735 -0.00405945 -0.00456538 -0.0130057 0.00926213 0.00868297 -0.00874168 -0.00511815 0.000340256 0.00143444 -0.00580996 -0.0121352 0.0089504 0.00791429 0.0101958 -0.00359157 0.0114471
internal_weight=0 1331.86 468.005 229.604 811.819 238.401 331.251 480.568 169.873 89.2024 96.3959 231.057 143.084 77.1825 170.558 164.749 140.401 863.855 682.857 160.694 50.7852 26.9787 28.3036 136.445 310.695 656.459 358.345 298.115 81.6203 180.998
internal_count=11097 7520 2324 988 3577 1336 1391 2186 741 376 402 1304 781 322 708 684 612 5196 4012 683 210 110 117 567 1445 3884 2093 1791 331 1184
is_linear=0
shrinkage=0.01


Tree=79
num_leaves=31
num_cat=0
split_feature=2 1 3 1 1 2 1 1 1 1 1 1 1 1 2 2 1 3 12 2 1 12 2 1 2 2 12 1 12 2
split_gain=1032.41 266.333 38.2232 36.8236 21.5523 17.8724 16.9856 128.521 16.4404 20.3965 15.0181 12.2228 12.6615 13.0236 11.4024 20.7903 10.6276 9.61595 16.8585 10.5417 9.52361 9.05274 7.46732 21.232 6.43298 6.38346 6.00116 6.32625 5.91935 5.05632
threshold=65.500000000000014 1119808862681.0002 43.500000000000007 3704300934115.0005 2883033186372.5005 32.500000000000007 2482915552582.5005 2547630267620.5005 1861025320257.0002 3704300934566.5005 1862882903109.5002 174026438393.50003 702778648565.00012 4092079271560.5005 58.500000000000007 29.500000000000004 2384994529944.5005 31.500000000000004 3.8519834484560338 26.500000000000004 4092079271560.5005 3.7980938520108252 92.500000000000014 3475289745763.0005 70.500000000000014 56.500000000000007 3.8273192999520735 174026441896.50003 2.9446863925077662 59.500000000000007
decision_type=2 2 2 2 2 2 2 2 2 2 2 2 2 2 2 2 2 2 2 2 2 2 2 2 2 2 2 2 2 2
left_child=2 24 5 4 6 17 10 -8 21 14 -3 29 25 -14 15 -10 -16 28 19 -19 -5 -4 23 -6 -2 -13 -23 -28 -1 -7
right_child=1 3 8 20 22 11 7 -9 9 -11 -12 12 13 -15 16 -17 -18 18 -20 -21 -22 26 -24 -25 -26 -27 27 -29 -30 -31
leaf_value=-0.01351064393498814 -0.012904475115107316 0.0042824138348381124 -0.012891896760459936 0.0039813669781913396 0.00997615489024937 -0.01023786417871257 -0.013327870182973947 0.0084036999487385015 -0.0009393294145248819 -0.012174458989921186 0.009277193672491961 0.00015561809164512985 -0.0052524424582745437 0.010205373491374485 -0.0045725174068825753 -0.010939001543237133 0.014224480292383801 0.0084051732856500992 -0.011216555561993236 -0.0045074784997447418 -0.003037819950813982 -0.0023535976021754517 0.012234909417133202 -0.017395363363142097 -0.0027274371668189641 0.010069787718524041 -0.013266826830428888 -0.0056878517879345508 -0.0086365316151908525 -0.00047897587361793253
leaf_weight=38.293328642845154 6.3479831218719474 69.153375312685966 251.18004740774632 55.636259600520134 21.0583590567112 35.026494815945625 31.647526010870934 194.26208847761154 37.540274351835251 73.149165377020836 464.84572295844555 23.556029543280602 90.812642589211464 5.7984869182109824 6.6854955404996854 46.602163732051849 5.4679241925477982 10.118485972285272 23.752207368612289 16.851987481117249 29.621186509728432 12.436964228749273 161.52425661683083 3.2746453881263724 288.06728437542915 8.9665731191635114 27.120623782277107 18.544173836708069 71.325599804520607 6.2578061670064917
leaf_count=168 26 387 1197 275 137 152 172 1130 151 339 2777 97 369 24 27 201 23 41 100 69 149 51 1059 18 1390 40 119 78 305 26
internal_value=0 0.00544168 -0.00889117 0.00783708 0.0084045 -0.00627692 0.00765794 0.00535934 -0.0106974 -0.00819373 0.00863037 -0.00402216 -0.00250791 -0.00432468 -0.00516985 -0.00647763 0.00388441 -0.00867338 -0.00507328 0.000336948 0.00154268 -0.0120691 0.0114569 0.0062926 -0.00294687 0.00288898 -0.00851184 -0.0101891 -0.0103392 -0.00875863
internal_weight=0 1325.44 809.486 1031.02 945.766 330.76 759.909 225.91 478.727 169.445 533.999 170.418 129.134 96.6111 96.2959 84.1424 12.1534 160.342 50.7227 26.9705 85.2574 309.282 185.857 24.333 294.415 32.5226 58.1018 45.6648 109.619 41.2843
internal_count=11097 7520 3577 6104 5680 1391 4466 1302 2186 741 3164 708 530 393 402 352 50 683 210 110 424 1445 1214 155 1416 137 248 197 473 178
is_linear=0
shrinkage=0.01


Tree=80
num_leaves=31
num_cat=0
split_feature=2 0 0 1 3 0 2 1 1 1 0 0 0 0 2 1 1 1 1 1 1 0 0 3 12 2 12 1 0 1
split_gain=1015.09 346.794 290.081 39.9992 37.9236 35.7145 17.6133 16.3529 20.2117 15.6282 13.8595 13.1371 93.3296 12.3618 12.2581 12.032 12.4129 12.7744 10.9335 12.2605 33.1624 19.8417 12.0245 9.48666 16.5754 10.3336 9.04136 8.19822 65.7144 7.85035
threshold=65.500000000000014 4296066.5000000009 4301512.5000000009 702778654961.50012 43.500000000000007 5575758.5000000009 32.500000000000007 1861025320257.0002 3704300934566.5005 4363500794354.0005 4296358.0000000009 4305780.0000000009 4305469.5000000009 4297271.0000000009 102.50000000000001 174026438393.50003 702778648565.00012 4092079271560.5005 2883033186372.5005 1955683344136.5002 2384994533778.0005 4295248.5000000009 4277688.5000000009 31.500000000000004 3.8519834484560338 26.500000000000004 3.7980938520108252 1862882903109.5002 4295326.5000000009 1862882900096.0002
decision_type=2 2 2 2 2 2 2 2 2 2 2 2 2 2 2 2 2 2 2 2 2 2 2 2 2 2 2 2 2 2
left_child=4 18 3 14 6 11 23 26 10 13 -9 12 -4 -5 -3 -8 -17 -18 19 27 21 -21 -22 -1 25 -25 -6 28 -2 -12
right_child=1 2 5 9 7 -7 15 8 -10 -11 29 -13 -14 -15 -16 16 17 -19 -20 20 22 -23 -24 24 -26 -27 -28 -29 -30 -31
leaf_value=-0.010263852999348422 -0.0036305667391905261 0.00072876212801350874 0.0086186396098368208 0.0054615365853657814 -0.0128297837443154 -0.01551531102698238 -0.0086910471212625819 -0.014089078273501419 -0.012107424243286662 -0.014973165590481192 0.0053764162056553887 0.0099733635798253326 -0.013314198355487573 -0.0046502781464970644 -0.013548674628164449 0.0028619299658848318 -0.005200676182796027 0.010121459382447214 0.011387210539173707 -0.005705863897253134 0.0093736256399158408 0.013588072334058595 0.0049756909565379908 0.0083211536494529042 -0.011130389180544233 -0.0044646856569978037 -0.0084462505723813912 0.011576392938647165 0.012597390009351181 -0.0045990178557950056
leaf_weight=109.32113400101662 34.200810462236404 6.2971649765968314 118.99921467900276 15.011593118309973 249.87865972518921 7.324163779616355 41.189827710390091 14.622526243329046 72.820275664329529 11.947762399911879 8.849128454923628 87.169136807322502 23.180533289909363 62.119308963418007 133.46157851815224 32.50208768248558 90.799470573663712 5.7881466299295417 178.56298293173313 27.577246010303497 266.09113432466984 6.6071300506591788 81.121567472815514 10.118446722626688 23.697001934051514 16.843418642878532 57.968319341540337 168.90884126722813 92.290412172675133 72.715492159128189
leaf_count=473 192 26 685 63 1197 32 178 71 339 54 36 523 96 259 586 137 369 24 1184 137 1578 34 472 41 100 69 248 1081 518 295
internal_value=0 0.00540608 -0.00153961 -0.00956758 -0.0088283 0.00622257 -0.00622363 -0.0106322 -0.00813294 -0.0043308 -0.00512398 0.00691676 0.00504278 -0.00268227 -0.0129054 -0.0039852 -0.00248366 -0.00428248 0.00918612 0.00860539 0.00742088 -0.00197675 0.00834611 -0.00860618 -0.00502894 0.000333678 -0.0120044 0.0101347 0.00820966 -0.00351676
internal_weight=0 1320.87 465.51 228.837 807.114 236.673 330.26 476.854 169.007 89.0787 96.1871 229.349 142.18 77.1309 139.759 170.28 129.09 96.5876 855.36 676.797 381.397 34.1844 347.213 159.98 50.6589 26.9619 307.847 295.4 126.491 81.5646
internal_count=11097 7520 2324 988 3577 1336 1391 2186 741 376 402 1304 781 322 612 708 530 393 5196 4012 2221 171 2050 683 210 110 1445 1791 710 331
is_linear=0
shrinkage=0.01


Tree=81
num_leaves=31
num_cat=0
split_feature=2 1 3 1 1 2 1 1 1 1 1 1 4 2 2 1 3 4 2 1 1 13 2 1 4 2 13 1 4 2
split_gain=998.546 258.709 37.6359 35.8897 21.5319 17.3653 17.0247 169.473 16.2654 20.0326 14.6046 11.8351 13.2134 11.1777 20.3677 10.4424 9.35755 18.2271 10.4527 9.35101 9.24214 9.04246 7.51545 20.9483 6.46957 6.31458 5.94138 6.28525 5.37102 5.01116
threshold=65.500000000000014 1119808862681.0002 43.500000000000007 3704300934115.0005 2883033186372.5005 32.500000000000007 2482915554044.5005 2547630267620.5005 1861025320257.0002 3704300934566.5005 1862882903109.5002 174026438393.50003 26.500000000000004 58.500000000000007 29.500000000000004 2384994529944.5005 31.500000000000004 61.500000000000007 26.500000000000004 4092079271560.5005 4092079271560.5005 3.8970908877135018 92.500000000000014 3475289745763.0005 58.500000000000007 70.500000000000014 3.9120089853177893 174026441896.50003 56.500000000000007 102.50000000000001
decision_type=2 2 2 2 2 2 2 2 2 2 2 2 2 2 2 2 2 2 2 2 2 2 2 2 2 2 2 2 2 2
left_child=2 25 5 4 6 16 10 -8 21 13 -3 -7 -13 14 -10 -15 24 -18 -19 -14 -5 -4 23 -6 28 -2 -23 -28 -1 -27
right_child=1 3 8 20 22 11 7 -9 9 -11 -12 12 19 15 -16 -17 17 18 -20 -21 -22 26 -24 -25 -26 29 27 -29 -30 -31
leaf_value=-0.010184273748690558 -0.012772053062130988 0.0042253692886239716 -0.012768532528925512 0.003936844928846551 0.0098947326110367002 -0.0086201990223160919 -0.019975567768429122 0.0083152494635241152 -0.00089846876087333388 -0.012041221485332003 0.0091585270196986313 0.0072547996963258999 -0.0041322170999736584 -0.0044909353740984941 -0.010805854555273277 0.014148277415566582 -0.011398763042328893 0.0085100522008513275 -0.0042872673287156007 0.009462271077147354 -0.0029920218202861178 -0.0022491149308222452 0.012181074267551953 -0.017281040391148285 -0.012196592530883604 0.0072060875697554016 -0.013135224340166575 -0.0055639383973135779 -0.0031065822816056295 -0.0028598280899075376
leaf_weight=25.716283649206161 6.3409650921821585 68.839522585272789 248.57311719655991 55.432632341980934 20.779988646507267 41.113460496068001 23.791852086782455 192.46079348027706 37.534196898341179 72.490095406770706 468.00979980826378 12.632061049342154 111.12996783852577 6.6863603889942151 46.404469192028046 5.4602008014917374 23.622073635458946 10.367916136980059 16.603828370571136 5.3011553138494483 29.49324806034565 12.417976975440977 159.20088098943233 3.2849061489105216 64.921606287360191 5.0340796262025824 26.945472002029419 18.486814826726913 18.388856038451195 281.84376747906208
leaf_count=111 26 387 1197 275 137 178 129 1130 151 339 2820 56 452 27 201 23 100 42 68 22 149 51 1059 18 283 23 119 78 79 1367
internal_value=0 0.00537811 -0.00876536 0.00775519 0.00831974 -0.0061701 0.00757169 0.00520273 -0.0105673 -0.0080724 0.00852595 -0.00394775 -0.00245933 -0.00507819 -0.00637565 0.00388788 -0.00853942 -0.00498511 0.000632012 -0.00351325 0.00153057 -0.0119398 0.0113937 0.00618519 -0.0101888 -0.00290137 -0.00837894 -0.0100544 -0.00723336 -0.00268319
internal_weight=0 1314.51 804.796 1021.29 936.368 329.797 753.102 216.253 474.999 168.575 536.849 170.177 129.063 96.0852 83.9387 12.1466 159.621 50.5938 26.9717 116.431 84.9259 306.423 183.266 24.0649 109.027 293.219 57.8503 45.4323 44.1051 286.878
internal_count=11097 7520 3577 6104 5680 1391 4466 1259 2186 741 3207 708 530 402 352 50 683 210 110 474 424 1445 1214 155 473 1416 248 197 190 1390
is_linear=0
shrinkage=0.01


Tree=82
num_leaves=31
num_cat=0
split_feature=2 0 0 3 0 12 2 4 0 2 0 0 0 12 12 3 0 4 3 4 2 4 3 2 3 12 4 0 0 0
split_gain=981.818 340.195 283.756 37.3487 35.2615 19.85 17.119 14.2703 16.0341 18.6031 17.2983 12.9709 91.6276 12.0225 10.5465 10.4738 9.76471 15.6121 9.23066 17.9243 10.2467 8.60853 7.33217 7.29424 8.45352 6.94937 6.39721 6.26175 6.02162 15.338
threshold=65.500000000000014 4296066.5000000009 4301512.5000000009 43.500000000000007 5575758.5000000009 2.8912802780207456 32.500000000000007 70.500000000000014 4296066.5000000009 29.500000000000004 4305701.0000000009 4305780.0000000009 4305469.5000000009 1.961825938807811 3.8061042970938286 58.500000000000007 4296552.0000000009 30.500000000000004 31.500000000000004 61.500000000000007 26.500000000000004 28.500000000000004 57.500000000000007 55.500000000000007 32.500000000000007 3.8262176164128028 58.500000000000007 4296517.5000000009 4299148.5000000009 4299696.5000000009
decision_type=2 2 2 2 2 2 2 2 2 2 2 2 2 2 2 2 2 2 2 2 2 2 2 2 2 2 2 2 2 2
left_child=3 -2 5 6 11 28 18 14 -9 10 -10 12 -4 -11 15 -5 17 -8 26 -20 -21 -7 -16 -18 -25 -19 -1 -24 -3 -30
right_child=1 2 4 7 -6 21 16 8 9 13 -12 -13 -14 -15 22 -17 23 25 19 20 -22 -23 27 24 -26 -27 -28 -29 29 -31
leaf_value=-0.0071743134422072134 0.0091107797570645927 -0.011278792743464243 0.0085537026878998047 0.0049647730820270653 -0.015465263046380372 0.013563520572484174 -0.0083799877429593661 -0.014074840179586384 -0.00132455750362904 -0.0070240785496417744 -0.014135413503540042 0.0099097628128921363 -0.013212638993909172 -0.012836389699817093 -0.01137929965946682 -0.0092001240913755448 -0.006930811709092142 0.0024828424044853466 -0.011313496775302221 0.0084255984476967593 -0.0042464741196663099 -0.0035006156921911519 -0.0017653911636767634 -0.0037130617194323845 0.0079712920660419857 0.015375870112727433 -0.012115812036118593 -0.011838775825309291 0.00088942391823667731 -0.010517958524219988
leaf_weight=44.023935437202454 846.97231842577457 153.50959381461143 118.14451788365841 12.642825260758402 7.3035470694303504 4.575897514820098 10.548314318060877 138.99669896066189 40.303152680397034 48.143820688128471 14.272837758064268 86.37837478518486 23.125545158982277 136.45230954885483 44.64547136425972 8.8911237567663175 81.996552854776382 12.382363945245745 23.562404006719589 10.367124095559122 16.595738381147385 8.3531785011291486 19.798077955842022 51.777314513921738 7.0330237597227088 6.3114682435989371 64.702019870281219 8.9652166515588743 15.879291772842405 45.734258070588112
leaf_count=190 5196 665 685 52 32 20 44 676 164 222 69 523 96 653 192 36 345 51 100 42 68 34 84 209 33 26 283 38 69 200
internal_value=0 0.00534296 -0.0015495 -0.00870366 0.00616322 -0.00949557 -0.00611769 -0.0105036 -0.0113738 -0.00980406 -0.00467488 0.00685712 0.00499061 -0.0113205 -0.00703744 -0.000883753 -0.00391122 0.00134713 -0.00847376 -0.00494203 0.000625892 0.00253877 -0.00884258 -0.00500325 -0.00231575 0.00683583 -0.010115 -0.00490516 -0.0102188 -0.007578
internal_weight=0 1309.98 463.004 802.412 234.952 228.052 329.3 473.112 378.169 239.172 54.576 227.648 141.27 184.596 94.9427 21.5339 170.049 29.2421 159.251 50.5253 26.9629 12.9291 73.4088 140.807 58.8103 18.6938 108.726 28.7633 215.123 61.6135
internal_count=11097 7520 2324 3577 1336 988 1391 2186 1784 1108 233 1304 781 875 402 88 708 121 683 210 110 54 314 587 242 77 473 122 934 269
is_linear=0
shrinkage=0.01


Tree=83
num_leaves=31
num_cat=0
split_feature=2 0 0 1 3 0 2 1 1 1 0 0 0 3 0 1 4 1 1 1 0 1 0 3 4 2 12 0 1 1
split_gain=965.821 335.454 278.866 39.3265 37.0653 34.726 16.8752 16.1226 19.6978 15.3442 13.5475 12.8308 90.1431 12.6465 12.055 11.6345 12.9225 11.0415 12.4967 33.1829 19.6703 11.9416 10.4744 9.10549 17.6274 10.045 9.02087 8.24932 65.2118 7.68479
threshold=65.500000000000014 4296066.5000000009 4301512.5000000009 702778654961.50012 43.500000000000007 5575758.5000000009 32.500000000000007 1861025320257.0002 3704300934566.5005 4363500794354.0005 4296358.0000000009 4305780.0000000009 4305469.5000000009 57.500000000000007 4297271.0000000009 174026438393.50003 26.500000000000004 2883033186372.5005 1955683344136.5002 2384994533778.0005 4295248.5000000009 2777491174764.5005 4296552.0000000009 31.500000000000004 61.500000000000007 26.500000000000004 3.7980938520108252 4295326.5000000009 1862882903109.5002 1862882900096.0002
decision_type=2 2 2 2 2 2 2 2 2 2 2 2 2 2 2 2 2 2 2 2 2 2 2 2 2 2 2 2 2 2
left_child=4 17 3 13 6 11 23 26 10 14 -9 12 -4 -3 -5 -8 -17 18 27 20 -20 -21 -18 -1 -25 -26 -6 28 -2 -12
right_child=1 2 5 9 7 -7 15 8 -10 -11 29 -13 -14 -15 -16 16 22 -19 19 21 -22 -23 -24 24 25 -27 -28 -29 -30 -31
leaf_value=-0.010041880519999989 -0.0037288104212177577 0.0039916528989843419 0.0085087421797449374 0.0054445549679794161 -0.012649615630929808 -0.015381493620156578 -0.0085173936875486966 -0.013932820602635308 -0.011911473972841508 -0.014833177719910787 0.00539657687189583 0.0098674449672883809 -0.013107477235952115 -0.013291866231433977 -0.004544471641368614 0.0072180393300874399 0.0028781964286698925 0.011302789689601704 -0.005863760866959348 0.0087484021140243305 0.013475569359588989 0.0016979941004519542 -0.0048666752972984844 -0.011229329653068975 0.0083422644916176011 -0.0042060859489789857 -0.0082528554781483906 0.011556326633507499 0.012364390463236868 -0.0044768083268033323
leaf_weight=108.4236868917942 34.048869386315346 4.3713733106851569 117.58392885327339 14.996349304914473 245.96258795261383 7.2700579166412345 40.970892697572708 14.380897641181944 71.817317262291908 11.831261128187178 8.8431621342897397 85.883817061781883 23.078208312392235 134.29146306216717 62.156874716281891 12.603336229920385 21.397923797369003 175.13334062695503 27.423873230814934 316.26061835885048 6.5072708129882804 25.998112827539444 94.940439656376839 23.501924052834511 10.365984007716181 16.587585777044296 57.590078502893448 160.44651684165001 96.65737073123455 72.615762501955032
leaf_count=473 192 18 685 63 1197 32 178 71 339 54 36 523 96 594 259 56 88 1184 137 1922 34 128 386 100 42 68 248 974 625 295
internal_value=0 0.0053142 -0.00153908 -0.00941743 -0.00864277 0.00613142 -0.00606594 -0.0104408 -0.00795183 -0.00422902 -0.00498468 0.00682179 0.0049622 -0.012747 -0.00260289 -0.00387523 -0.0024002 0.00906805 0.00848158 0.00727771 -0.00215489 0.00821285 -0.00344217 -0.00840879 -0.00489944 0.000619843 -0.0118155 0.0100371 0.00817212 -0.00340496
internal_weight=0 1303.94 461.463 227.647 800.002 233.816 328.792 471.21 167.657 88.9845 95.8398 226.546 140.662 138.663 77.1532 169.913 128.942 842.476 667.343 376.19 33.9311 342.259 116.338 158.879 50.4555 26.9536 303.553 291.153 130.706 81.4589
internal_count=11097 7520 2324 988 3577 1336 1391 2186 741 376 402 1304 781 612 322 708 530 5196 4012 2221 171 2050 474 683 210 110 1445 1791 817 331
is_linear=0
shrinkage=0.01


Tree=84
num_leaves=31
num_cat=0
split_feature=2 0 0 3 0 12 2 4 0 2 0 0 0 12 12 3 0 4 3 4 2 4 3 2 3 12 4 0 0 0
split_gain=950.164 330.808 274.228 36.7743 34.1999 19.2732 16.6345 14.1638 16.0167 18.3133 16.9943 12.6921 88.685 12.0057 10.3271 10.2623 9.39931 15.2806 8.9811 17.3362 9.84754 8.43829 7.27429 7.15788 8.21771 6.85263 6.35186 6.182 5.98957 15.0644
threshold=65.500000000000014 4296066.5000000009 4301512.5000000009 43.500000000000007 5575758.5000000009 2.8912802780207456 32.500000000000007 70.500000000000014 4296066.5000000009 29.500000000000004 4305701.0000000009 4305780.0000000009 4305469.5000000009 1.961825938807811 3.8061042970938286 58.500000000000007 4296552.0000000009 30.500000000000004 31.500000000000004 61.500000000000007 26.500000000000004 28.500000000000004 57.500000000000007 55.500000000000007 32.500000000000007 3.8262176164128028 58.500000000000007 4296517.5000000009 4299148.5000000009 4299696.5000000009
decision_type=2 2 2 2 2 2 2 2 2 2 2 2 2 2 2 2 2 2 2 2 2 2 2 2 2 2 2 2 2 2
left_child=3 -2 5 6 11 28 18 14 -9 10 -10 12 -4 -11 15 -5 17 -8 26 -20 -21 -7 -16 -18 -25 -19 -1 -24 -3 -30
right_child=1 2 4 7 -6 21 16 8 9 13 -12 -13 -14 -15 22 -17 23 25 19 20 -22 -23 27 24 -26 -27 -28 -29 29 -31
leaf_value=-0.0070336580940413319 0.0090270281706173114 -0.011123796117490668 0.0084640168945417857 0.0049560464612315646 -0.015299450382196756 0.013465365547373289 -0.008305288021955258 -0.013967591457525571 -0.0012748898294747649 -0.0068869786973243322 -0.014026449675443428 0.0098253813836098151 -0.013003996401630748 -0.01271716354198516 -0.011247759997358442 -0.0090691230203198102 -0.0068250443110767526 0.0024332874740956817 -0.011146233004113605 0.0082600250295937969 -0.0041660978598577923 -0.0034525496090395641 -0.0016661895879477714 -0.003625584641865296 0.0079153277881872739 0.015246465253007281 -0.011970432427614863 -0.011695002150421224 0.0009676303935578221 -0.010348337293282132
leaf_weight=43.829109489917755 837.87010011076927 152.72840538620949 117.02601197361946 12.640020415186884 7.236123025417327 4.5561305433511725 10.538649767637255 137.4225791990757 40.281527161598206 47.827110543847084 14.113342940807341 85.391454845666885 23.029480934143066 135.06441585719585 44.428466513752937 8.883831784129141 81.794071048498154 12.372848421335222 23.440670236945152 10.364506259560587 16.579373672604561 8.3540437519550306 19.751816853880886 51.765382796525955 7.0046637058258048 6.2987775206565848 64.29392097890377 8.9233888834714872 15.860485658049582 45.55205899477005
leaf_count=190 5196 665 685 52 32 20 44 676 164 222 69 523 96 653 192 36 345 51 100 42 68 34 84 209 33 26 283 38 69 200
internal_value=0 0.00528694 -0.00152941 -0.00858207 0.00609984 -0.00934791 -0.00601468 -0.0103779 -0.0112509 -0.00967748 -0.00458342 0.00678669 0.00493401 -0.0111925 -0.00692097 -0.000832752 -0.00383962 0.00132194 -0.00834434 -0.00485735 0.000613861 0.00251795 -0.00871352 -0.00491223 -0.00225005 0.00675575 -0.00996925 -0.00478704 -0.0100633 -0.00742586
internal_weight=0 1297.6 459.734 797.618 232.683 227.051 328.282 469.337 374.709 237.286 54.3949 225.447 140.055 182.892 94.6275 21.5239 169.774 29.2103 158.508 50.3846 26.9439 12.9102 73.1037 140.564 58.77 18.6716 108.123 28.6752 214.141 61.4125
internal_count=11097 7520 2324 3577 1336 988 1391 2186 1784 1108 233 1304 781 875 402 88 708 121 683 210 110 54 314 587 242 77 473 122 934 269
is_linear=0
shrinkage=0.01


Tree=85
num_leaves=31
num_cat=0
split_feature=12 0 0 1 3 0 4 1 12 1 4 0 0 3 1 12 1 1 1 0 0 0 1 0 1 1 1 0 1 12
split_gain=922.833 323.841 277.707 36.5784 36.5309 33.4386 26.3373 16.6154 15.6225 14.5532 21.4369 13.2598 100.089 11.6339 13.6242 17.2528 11.0235 12.7705 32.9865 20.1661 13.5429 10.0095 10.8788 8.67953 10.4544 8.48861 8.2737 7.92534 63.1469 7.76359
threshold=1.9533992703327747 4296066.5000000009 4301512.5000000009 702778654961.50012 43.500000000000007 5575758.5000000009 28.500000000000004 4363500793924.5005 3.8061042970938286 174026437347.50003 27.500000000000004 4305780.0000000009 4305469.5000000009 61.500000000000007 1861025320257.0002 1.9802295125484259 2883033186372.5005 1955683344136.5002 2384994534721.0005 4295248.5000000009 4277688.5000000009 4296552.0000000009 1861025320257.0002 4305671.5000000009 2384994531138.5005 702778649068.50012 1862882928450.5002 4295326.5000000009 1862882903109.5002 1.9393065999967327
decision_type=2 2 2 2 2 2 2 2 2 2 2 2 2 2 2 2 2 2 2 2 2 2 2 2 2 2 2 2 2 2
left_child=1 16 3 -3 9 11 8 26 23 -2 -11 12 -4 -8 -15 -16 17 27 19 -19 -20 22 -12 24 -6 -23 -5 28 -1 -18
right_child=4 2 5 7 6 -7 13 -9 -10 10 21 -13 -14 14 15 -17 29 18 20 -21 -22 25 -24 -25 -26 -27 -28 -29 -30 -31
leaf_value=-0.0036068782694042363 -0.0095595699094177429 -0.013122011778956777 0.0084195233518692351 -0.0065130745930101208 -0.0070881596586983798 -0.015219085830069199 -0.012939660142464915 -0.014957789927091682 -0.0095805106765794665 0.0056101068266426433 -0.0065813316772566069 0.0097835661453513773 -0.015067615220040685 -0.011355221095553671 -0.010314893605953069 -0.002084096390625526 0.012078632435870219 -0.0046885168672718813 0.0093459582706060702 0.013400175721692749 0.0045894603705426661 -0.0016172037992928726 0.00408365854447168 0.014303728097797968 0.0072407853155614845 -0.0072442035987965092 0.00061941406597578364 0.011486812382980334 0.012313482882104453 0.0058585844302083126
leaf_weight=33.744003042578697 78.557771906256676 131.89044536650181 116.47079189121723 28.880028024315834 11.067396745085722 7.2017623782157889 164.71741949021816 12.76620978116989 19.234315901994705 18.895497769117355 17.603382632136345 84.901316598057747 21.491699755191803 163.8990261554718 58.332160383462906 45.200896143913269 149.33373108506203 33.086649641394615 253.6742992401123 7.574079066514968 78.348040774464607 31.871391132473946 20.943914026021957 4.9124877899885169 9.4305126965045911 168.7870732396841 37.228929236531258 158.35659810900688 95.21133017539978 23.181676626205444
leaf_count=191 351 588 685 118 45 32 790 58 80 82 72 523 90 793 272 187 1029 167 1548 40 466 133 87 20 40 703 157 973 624 153
internal_value=0 0.00532237 -0.00160793 -0.00990038 -0.00831287 0.00598887 -0.0100936 -0.00451336 -0.00278131 -0.00579093 -0.00464388 0.0066742 0.00476071 -0.010849 -0.00956132 -0.00672146 0.0089921 0.00840379 0.00718243 -0.00131904 0.00822356 -0.00545387 -0.000786719 0.00236532 -0.000495814 -0.00635044 -0.00249645 0.00998805 0.00814757 0.0112428
internal_weight=0 1273.34 440.831 210.766 813.453 230.066 476.794 78.8752 44.6447 336.659 258.101 222.864 137.962 432.15 267.432 103.533 832.51 659.995 372.683 40.6607 332.022 239.206 38.5473 25.4104 20.4979 200.658 66.109 287.312 128.955 172.515
internal_count=11097 7442 2251 921 3655 1330 2227 333 185 1428 1077 1298 775 2042 1252 459 5191 4009 2221 207 2014 995 159 105 85 836 275 1788 815 1182
is_linear=0
shrinkage=0.01


Tree=86
num_leaves=31
num_cat=0
split_feature=12 1 12 1 1 1 1 12 1 1 1 1 1 1 1 1 1 1 3 1 1 1 12 1 1 12 3 12 12 1
split_gain=907.843 227.906 36.2981 31.3332 29.3125 31.5169 22.2393 18.8057 17.7367 167.747 14.5979 13.8667 13.1795 10.0456 14.9598 9.62665 12.7492 8.55672 8.42201 7.9898 22.5286 12.4172 7.83327 20.8236 6.64907 6.10666 5.8062 9.78188 5.07461 5.27832
threshold=1.9533992703327747 1119808862276.5002 2.9433833877757176 3704300934115.0005 1861025320257.0002 3704300934115.0005 2883033186372.5005 3.8338504663272626 2482915554044.5005 2547630267620.5005 4092079271560.5005 1862882900096.0002 1862882903109.5002 1862882923884.5002 2384994536854.5005 1119808860967.5002 174026437347.50003 4092079271560.5005 29.500000000000004 702778647780.50012 174026439498.00003 702778653924.50012 1.9393065999967327 3475289745763.0005 1955683344136.5002 3.8262176164128028 26.500000000000004 2.9388056466401262 1.9624772206723649 4363500794354.0005
decision_type=2 2 2 2 2 2 2 2 2 2 2 2 2 2 2 2 2 2 2 2 2 2 2 2 2 2 2 2 2 2
left_child=1 -1 4 6 26 11 8 13 12 -10 15 -6 -3 19 -15 16 -9 -5 -12 20 -4 -21 -8 -24 -13 -16 27 -2 29 -7
right_child=2 3 7 17 5 28 22 10 9 -11 18 24 -14 14 25 -17 -18 -19 -20 21 -22 -23 23 -25 -26 -27 -28 -29 -30 -31
leaf_value=-0.0027331315370789627 -0.0004256890385296681 0.0042088424671026369 -0.007301898497900714 0.0039214258016086953 0.0069511987247310647 -0.0016989811774747018 0.012066514523398788 -0.010948679062029969 -0.020255052087220862 0.0080312925948900701 0.010195067595992209 -0.0079905362493115969 0.0089102320557081505 0.0056554491601590604 -0.0065178883904341983 -0.012884037612671529 -0.0046613026449949628 -0.002900382532730545 -0.0051856120764259333 -0.015695973276863069 0.0080666526445386227 -0.0040944480649596857 0.0096664977163562291 -0.017625658673332115 -0.0025115226445449564 0.004052487204440334 -0.012461534005451521 -0.012122038208664062 -0.012716092169407302 -0.014509685609348219
leaf_weight=276.42994120717049 11.217259913682939 68.679753124713898 29.212979033589363 54.93364043533802 11.705986782908438 9.2760836780071241 153.97240053117275 55.461022943258286 23.624285236001015 186.2721891105175 6.6120063662528992 35.686793267726898 452.40200993418694 27.05048143863678 26.58551998436451 40.10912598669529 77.065008878707886 27.63745029270649 7.7131119221448881 14.908592537045477 14.162314578890799 24.201771959662437 19.842953652143482 3.2541024088859549 58.387322559952736 6.8797439634799948 262.5679070353508 19.721215382218361 67.692944064736366 4.9232739210128775
leaf_count=1364 47 392 125 275 48 43 1059 250 129 1123 27 156 2804 112 111 171 323 143 33 63 63 99 135 18 238 28 1287 89 319 23
internal_value=0 0.00529551 -0.00825336 0.00753589 -0.0100051 -0.0069185 0.00807219 -0.00569881 0.00730195 0.00484761 -0.0077867 -0.00331279 0.00829058 -0.00296909 0.000125277 -0.00859162 -0.00729252 0.00163809 0.00191361 -0.00523928 -0.00228397 -0.00851687 0.0112519 0.00582136 -0.00458997 -0.00434484 -0.0119787 -0.00788133 -0.011576 -0.00614077
internal_weight=0 1267.05 811.14 990.619 481.179 187.672 908.048 329.962 730.978 209.896 186.96 105.78 521.082 143.001 60.5157 172.635 132.526 82.5711 14.3251 82.4857 43.3753 39.1104 177.069 23.0971 94.0741 33.4653 293.506 30.9385 81.8923 14.1994
internal_count=11097 7442 3655 6078 2250 827 5660 1405 4448 1252 804 442 3196 601 251 744 573 418 60 350 188 162 1212 153 394 139 1423 136 385 66
is_linear=0
shrinkage=0.01


Tree=87
num_leaves=31
num_cat=0
split_feature=2 0 0 1 3 0 2 1 1 1 0 0 0 3 0 1 0 4 1 1 1 0 1 13 3 4 2 2 0 1
split_gain=904.602 319.854 263.567 38.3327 36.1059 33.2627 16.1218 15.697 19.0366 14.906 13.1891 12.3905 85.6576 12.3101 11.7479 11.3662 11.2673 13.7199 11.1583 12.6775 32.8421 19.1922 12.1011 9.09383 8.88915 16.9874 9.49599 8.7693 8.31821 64.2611
threshold=65.500000000000014 4296066.5000000009 4301512.5000000009 702778654961.50012 43.500000000000007 5575758.5000000009 32.500000000000007 1861025320257.0002 3704300934566.5005 4363500794354.0005 4296358.0000000009 4305780.0000000009 4305469.5000000009 57.500000000000007 4297271.0000000009 4092079271560.5005 4296552.0000000009 37.500000000000007 2883033186372.5005 1955683344136.5002 2384994533778.0005 4295248.5000000009 2777491174764.5005 3.8970908877135018 31.500000000000004 61.500000000000007 26.500000000000004 55.500000000000007 4295326.5000000009 1862882903109.5002
decision_type=2 2 2 2 2 2 2 2 2 2 2 2 2 2 2 2 2 2 2 2 2 2 2 2 2 2 2 2 2 2
left_child=4 18 3 13 6 11 24 23 10 14 -9 12 -4 -3 -5 16 17 -8 19 28 21 -21 -22 -6 -1 -26 -27 -18 29 -2
right_child=1 2 5 9 7 -7 15 8 -10 -11 -12 -13 -14 -15 -16 -17 27 -19 -20 20 22 -23 -24 -25 25 26 -28 -29 -30 -31
leaf_value=-0.0097870553516476513 -0.0037793797442712486 0.0040047478930668179 0.0083565350994098762 0.0054564776079620023 -0.01242284164884774 -0.015172630195168367 -0.0046400780006293704 -0.013755260672686833 -0.011673873918086719 -0.014627781788128718 -0.0032747676098530162 0.0097221588498008753 -0.012809720797344951 -0.013061173586348908 -0.0044066927925560627 0.010067629843537113 -0.0075986218969462376 0.0094102713209375764 0.011190393059978505 -0.0059571607078276034 0.008586720128745071 0.013323260530660143 0.0014454915913423344 -0.0079819421023049775 -0.010942299742436127 0.0082346385798428862 -0.0039770137413876029 -0.0024520161134715295 0.01144393028015109 0.012265813796855891
leaf_weight=107.2851271033287 33.96936984360218 4.3658498227596274 115.63645023107529 14.986032187938688 240.75923617184162 7.1801560670137397 15.785077691078186 14.087511882185934 70.524182230234146 11.647588714957235 81.323898211121559 84.130422011017799 22.907061874866486 132.61798533797264 62.193061321973801 5.7776648551225653 77.575478717684746 12.416785180568695 170.51246830821037 27.333310022950172 310.10280135273933 6.3651725351810446 25.695192381739616 57.034468904137611 23.274915650486946 10.356923237442972 16.532834500074387 57.756054028868675 157.1476693302393 94.121702611446381
leaf_count=473 192 18 685 63 1197 32 66 71 339 54 331 523 96 594 259 24 329 51 1184 137 1922 34 128 248 100 42 68 238 974 625
internal_value=0 0.00519864 -0.00152626 -0.00919946 -0.00840493 0.00601196 -0.00585893 -0.0101989 -0.00773423 -0.00408293 -0.00482221 0.00669506 0.00485686 -0.0125173 -0.00249154 -0.00371693 -0.00420394 0.00154604 0.00891183 0.00831843 0.00709583 -0.00231536 0.00804027 -0.0115723 -0.0081623 -0.0046875 0.000726455 -0.00540218 0.00990217 0.00801068
internal_weight=0 1280.91 455.665 225.811 790.49 229.854 326.761 463.729 165.936 88.8267 95.4114 222.674 138.544 136.984 77.1791 169.311 163.533 28.2019 825.248 654.735 369.496 33.6985 335.798 297.794 157.45 50.1647 26.8898 135.332 285.239 128.091
internal_count=11097 7520 2324 988 3577 1336 1391 2186 741 376 402 1304 781 612 322 708 684 117 5196 4012 2221 171 2050 1445 683 210 110 567 1791 817
is_linear=0
shrinkage=0.01


Tree=88
num_leaves=31
num_cat=0
split_feature=2 0 0 1 1 0 0 12 0 1 4 1 0 0 0 4 0 1 1 1 0 0 1 2 0 1 2 1 1 2
split_gain=889.982 315.422 259.204 37.947 33.6934 33.1156 32.7621 21.2478 20.1665 14.7349 12.5029 15.7164 12.2563 84.2781 12.1663 12.14 11.7545 11.1666 12.6257 32.5065 19.6456 13.4277 9.07905 15.0704 8.27779 63.6409 7.64898 20.6784 7.4927 7.32154
threshold=65.500000000000014 4296066.5000000009 4301512.5000000009 702778654961.50012 174026439498.00003 4296066.5000000009 5575758.5000000009 2.9433833877757176 4296552.0000000009 4363500794354.0005 28.500000000000004 702778650022.50012 4305780.0000000009 4305469.5000000009 4305671.5000000009 70.500000000000014 4299148.5000000009 2883033186372.5005 1955683344136.5002 2384994534721.0005 4295248.5000000009 4277688.5000000009 1861025320257.0002 25.500000000000004 4295326.5000000009 1862882903109.5002 92.500000000000014 3475289745763.0005 702778648565.00012 60.500000000000007
decision_type=2 2 2 2 2 2 2 2 2 2 2 2 2 2 2 2 2 2 2 2 2 2 2 2 2 2 2 2 2 2
left_child=4 17 3 15 29 7 12 -6 22 16 11 -10 13 -4 -12 -3 -5 18 24 20 -20 -21 28 -24 25 -2 27 -19 -7 -1
right_child=1 2 6 9 5 8 -8 -9 10 -11 14 -13 -14 -15 -16 -17 -18 26 19 21 -22 -23 23 -25 -26 -27 -28 -29 -30 -31
leaf_value=-0.011794698445870761 -0.0037339435819425193 0.0039668835774829478 0.0083125753009501563 -0.0052074051105448884 -0.013840767493684836 0.0025061091253751389 -0.015094845816790331 -0.0026939976908078741 0.0064594884650186557 -0.014560747151700229 -0.0067235213037468659 -0.0055527931292380962 0.0096809259720574744 -0.012710961360570936 -0.013798032642485436 -0.012986409445492723 0.003088291817013103 0.0096469640674898011 -0.0046982164039425182 0.0092290684246661911 0.013283507076769219 0.0044664135024140416 -0.0096712574869159736 0.0066886173700476757 0.011406869597345553 0.012238192755945653 0.012006963940167226 -0.017501967340361017 -0.0084974164037921636 -0.0034615429629959262
leaf_weight=234.49530667066574 34.038544312119484 4.3634593337774268 115.088250041008 51.686929896473885 92.06916880607605 9.5456028431653994 7.1451595574617377 21.00151988863945 15.354057312011717 11.584515884518622 289.66144548356533 37.478242635726929 83.646293669939041 22.854454547166824 26.535754099488258 132.050511687994 25.510596454143524 19.930530190467838 33.072094231843948 249.83475115895271 7.44320324063301 77.579987227916718 7.176946595311164 26.135586515069008 156.08698028326035 93.39444175362587 146.07911852002144 3.2651150226593009 17.595156162977219 11.039840534329413
leaf_count=1118 192 18 685 213 462 42 32 90 67 54 1251 154 523 96 127 594 109 137 167 1548 40 466 29 109 974 625 1029 18 76 52
internal_value=0 0.00517212 -0.00151677 -0.0091325 -0.00834641 -0.00695543 0.00598116 -0.0117704 -0.00568779 -0.00404417 -0.00656483 -0.0020618 0.00666076 0.00482938 -0.00731723 -0.0124441 -0.00246602 0.00887164 0.00827705 0.00705498 -0.00139473 0.00810057 -0.00033398 0.003164 0.00986296 0.00797189 0.0111599 0.00582537 -0.0046274 -0.01142
internal_weight=0 1274.65 453.93 225.196 788.089 542.553 228.734 113.071 429.483 88.782 369.029 52.8323 221.589 137.943 316.197 136.414 77.1975 820.725 651.45 367.93 40.5153 327.415 60.4533 33.3125 283.52 127.433 169.275 23.1956 27.1408 245.535
internal_count=11097 7520 2324 988 3577 2407 1336 552 1855 376 1599 221 1304 781 1378 612 322 5196 4012 2221 207 2014 256 138 1791 817 1184 155 118 1170
is_linear=0
shrinkage=0.01


Tree=89
num_leaves=31
num_cat=0
split_feature=2 0 0 1 3 0 2 1 1 1 0 0 0 3 0 1 1 1 0 4 12 1 1 3 4 2 2 2 1 2
split_gain=875.527 311.046 254.928 37.5614 35.7453 32.2702 15.8229 15.6681 18.872 14.5659 13.0081 12.1234 82.9227 11.9733 11.5912 11.1829 12.6124 11.1357 10.8807 13.3638 9.10416 8.93255 13.9215 8.73199 16.6899 9.33166 8.60475 7.63637 20.2596 7.48898
threshold=65.500000000000014 4296066.5000000009 4301512.5000000009 702778654961.50012 43.500000000000007 5575758.5000000009 32.500000000000007 1861025320257.0002 3704300934566.5005 4363500794354.0005 4296358.0000000009 4305780.0000000009 4305469.5000000009 57.500000000000007 4297271.0000000009 2883033186372.5005 2777491174764.5005 4092079271560.5005 4296552.0000000009 37.500000000000007 3.7980938520108252 174026447279.00003 702778651081.00012 31.500000000000004 61.500000000000007 26.500000000000004 55.500000000000007 92.500000000000014 3475289745763.0005 58.500000000000007
decision_type=2 2 2 2 2 2 2 2 2 2 2 2 2 2 2 2 2 2 2 2 2 2 2 2 2 2 2 2 2 2
left_child=4 15 3 13 6 11 23 20 10 14 -9 12 -4 -3 -5 16 21 18 19 -8 -6 -2 -23 -1 -25 -26 -20 28 -17 -12
right_child=1 2 5 9 7 -7 17 8 -10 -11 29 -13 -14 -15 -16 27 -18 -19 26 -21 -22 22 -24 24 25 -27 -28 -29 -30 -31
leaf_value=-0.0096571337100209275 0.012497134312790483 0.0039293861133616595 0.0082688326373786068 0.0054542550921539857 -0.012319298510343319 -0.015018620113292034 -0.0045644966391254925 -0.013653069183105495 -0.011560671090488313 -0.014494983031735645 -0.0044584420367944346 0.0096399215111222843 -0.012613692637815119 -0.012912729570336564 -0.0043426685640705629 0.0096105904706153353 0.0013547779394687163 0.010021877380948523 -0.0074728397174502626 0.0093125860334699224 -0.007863422779201424 -0.0012684021900529955 0.0084165470535077242 -0.010812636539608156 0.0082125696709008777 -0.0038974535226816809 -0.0023702406486035966 0.011981679922343752 -0.017168979786877384 0.0040641633077757961
leaf_weight=106.69097572565079 51.738620460033417 4.361059918999671 114.5428462177515 14.985295236110685 238.26797495782375 7.1097873151302329 15.770670399069786 13.910003945231436 69.880218327045441 11.52102282643318 69.157321140170097 83.164491906762123 22.800655990839005 131.47882080078125 62.219709798693657 19.806524485349659 25.587003096938133 5.7714106887578955 77.301400005817413 12.392780587077141 56.780891329050064 15.249299719929693 555.62375740706921 23.170470431447029 10.353793710470201 16.508966520428658 57.730309039354324 144.92926859855652 3.2950039803981772 12.116932705044745
leaf_count=473 298 18 685 63 1197 32 66 71 339 54 281 523 96 594 259 137 128 24 329 51 248 84 3502 100 42 68 238 1029 18 50
internal_value=0 0.0051458 -0.0015074 -0.00906672 -0.00828713 0.00595057 -0.0057521 -0.0100815 -0.00761439 -0.0040063 -0.0047172 0.00662667 0.00480208 -0.012372 -0.00244111 0.00883161 0.00823565 -0.00362931 -0.00411208 0.00154184 -0.0114618 0.00851843 0.00815784 -0.00804071 -0.00459386 0.000770149 -0.00529132 0.0111306 0.00579098 -0.00318783
internal_weight=0 1268.41 452.184 224.566 785.804 227.618 325.691 460.113 165.064 88.726 95.1843 220.508 137.344 135.84 77.205 816.229 648.199 168.967 163.195 28.1635 295.049 622.612 570.873 156.724 50.0332 26.8628 135.032 168.031 23.1015 81.2743
internal_count=11097 7520 2324 988 3577 1336 1391 2186 741 376 402 1304 781 612 322 5196 4012 708 684 117 1445 3884 3586 683 210 110 567 1184 155 331
is_linear=0
shrinkage=0.01


Tree=90
num_leaves=31
num_cat=0
split_feature=2 0 0 1 3 0 1 2 1 1 0 0 0 1 1 1 0 1 1 0 4 12 1 1 3 4 12 2 0 1
split_gain=861.387 306.693 250.721 37.2472 35.4688 31.7868 19.8416 15.6 15.5899 18.7102 12.891 11.9919 81.5908 11.2071 12.6209 32.3947 23.9713 19.4891 10.9283 10.676 13.1087 9.10759 8.86908 11.2203 8.61328 16.417 9.21106 8.4679 8.24975 63.2774
threshold=65.500000000000014 4296066.5000000009 4301512.5000000009 1861025320257.0002 43.500000000000007 5575758.5000000009 4092079271560.5005 32.500000000000007 1861025320257.0002 3704300934566.5005 4296358.0000000009 4305780.0000000009 4305469.5000000009 2883033186372.5005 1955683344136.5002 2452704926503.5005 4295248.5000000009 2482915538113.0005 4092079271560.5005 4296552.0000000009 37.500000000000007 3.7980938520108252 174026445959.50003 702778647780.50012 31.500000000000004 61.500000000000007 2.9407542094424932 55.500000000000007 4295326.5000000009 1862882903109.5002
decision_type=2 2 2 2 2 2 2 2 2 2 2 2 2 2 2 2 2 2 2 2 2 2 2 2 2 2 2 2 2 2
left_child=4 13 3 22 7 11 -5 24 21 10 -10 12 -4 14 28 16 -16 -17 19 20 -9 -6 -3 -24 -1 -26 -27 -21 29 -2
right_child=1 2 5 6 8 -7 -8 18 9 -11 -12 -13 -14 -15 15 17 -18 -19 -20 27 -22 -23 23 -25 25 26 -28 -29 -30 -31
leaf_value=-0.009588493195737709 -0.0037726939464972969 -0.013470939904855461 0.0082253028859996004 0.00034475432491531206 -0.012264730240194671 -0.014943910179680046 -0.012516035368455414 -0.0045182321853091331 -0.013603543634230705 -0.011500822185037658 -0.0031568441952545645 0.0095991400501065742 -0.012517871092375722 0.011101524262944782 -0.003085808042517508 0.012069851005839556 0.013107881258573999 0.0065935295291000041 0.0099402362286987664 -0.0074100006440295709 0.0092295202387164283 -0.0078017239999576835 0.0020310574847005585 -0.010368903613018492 -0.01073463508974593 -0.0072987538587830818 0.0050178857855854254 -0.0023464598775416786 0.011340605688327317 0.01219243841286727
leaf_weight=106.3817440122366 33.97721454501152 98.991484001278877 114.00026416778564 50.517688795924187 236.94144959747791 7.0740573704242697 15.731940194964407 15.772821381688118 13.821483209729193 69.543119922280312 81.251446545124054 82.68504011631012 22.745713695883751 166.79249089956284 46.44497387111187 93.431498229503632 11.38114485144615 213.44054414331913 5.7606782168149939 77.177992403507233 12.379339799284935 56.658252701163292 8.5396460592746717 50.160333156585693 23.105770766735077 9.2768707871437091 17.575320526957512 57.732228860259056 154.18708267807961 92.173111855983734
leaf_count=473 192 452 685 213 1197 32 72 66 71 339 331 523 96 1184 244 600 63 1314 24 329 51 248 37 214 100 38 72 238 974 625
internal_value=0 0.00511929 -0.00149809 -0.00900128 -0.00822983 0.00592018 -0.00270923 -0.00570389 -0.0100223 -0.00755894 -0.00467556 0.0065928 0.00477498 0.00879096 0.0081935 0.00696711 0.00010138 0.00826087 -0.00359609 -0.0040743 0.00152706 -0.0114035 -0.0116447 -0.00856496 -0.00798 -0.00455484 0.000762744 -0.00524316 0.00978893 0.0078924
internal_weight=0 1262.27 450.446 223.941 783.379 226.505 66.2496 325.163 458.216 164.616 95.0729 219.431 136.746 811.828 645.036 364.698 57.8261 306.872 168.823 163.062 28.1522 293.6 157.691 58.7 156.34 49.958 26.8522 134.91 280.337 126.15
internal_count=11097 7520 2324 988 3577 1336 285 1391 2186 741 402 1304 781 5196 4012 2221 307 1914 708 684 117 1445 703 251 683 210 110 567 1791 817
is_linear=0
shrinkage=0.01


Tree=91
num_leaves=31
num_cat=0
split_feature=12 0 0 1 0 1 0 4 12 0 1 3 0 0 1 1 1 0 1 3 12 1 4 13 0 1 1 0 1 12
split_gain=835.482 300.875 254.377 35.337 35.2054 34.4674 31.0628 21.7236 20.3035 17.8211 15.6631 13.3873 12.5803 92.7765 11.0819 12.816 32.0411 23.6223 19.4327 10.8749 11.0993 10.6419 8.94457 14.0149 8.05607 7.91659 8.66722 7.88896 60.9201 7.85814
threshold=1.9533992703327747 4296066.5000000009 4301512.5000000009 174026439498.00003 4294665.5000000009 702778654961.50012 5575758.5000000009 27.500000000000004 3.8142617563909882 4296552.0000000009 4363500793924.5005 28.500000000000004 4305780.0000000009 4305469.5000000009 2883033186372.5005 1955683344136.5002 2452704926503.5005 4295248.5000000009 2482915538113.0005 43.500000000000007 3.8061042970938286 1861025320257.0002 60.500000000000007 3.9104172329531406 4299148.5000000009 702778648565.00012 702778654685.50012 4295326.5000000009 1862882903109.5002 1.9393065999967327
decision_type=2 2 2 2 2 2 2 2 2 2 2 2 2 2 2 2 2 2 2 2 2 2 2 2 2 2 2 2 2 2
left_child=1 14 5 22 8 -3 12 19 -5 21 24 -11 13 -4 15 27 17 -17 -18 -6 -21 -9 23 -2 -7 -10 -27 28 -1 -16
right_child=3 2 6 4 7 10 -8 9 25 11 -12 -13 -14 -15 29 16 18 -19 -20 20 -22 -23 -24 -25 -26 26 -28 -29 -30 -31
leaf_value=-0.0035442926938447352 0.0026339899660949438 -0.0127437153366945 0.0081819824319556683 -0.013652923013540088 0.0076201301269136646 -0.0049506608213888163 -0.01487067580873839 -0.0058099936171587055 0.0069158850525472661 -0.0040205327347494161 -0.014632460716777941 -0.0083598489230173965 0.0095585759308402154 -0.014609037556101804 0.011933876484478675 -0.0030503770995669293 0.01203876977553146 0.013067440493806988 0.0065529906822458699 0.0021823069255244034 -0.0086358976439836841 0.0029144265142261568 -0.012533572497015387 -0.0099910823546356855 0.0023807270795357756 -0.015367690690107089 0.0011504537394762143 0.011302582739611673 0.012164993575414689 0.0055753321998259012
leaf_weight=33.835440665483475 9.9480523169040662 128.9735763669014 113.46052576601505 89.819848284125328 15.641343384981154 43.153217300772667 7.0379871726036063 25.158632069826126 6.2764796614646938 102.57834684848785 12.44694548845291 231.65908074378967 82.207971885800362 21.198262795805931 142.72781012952328 46.514249369502068 92.739454478025436 11.302597150206564 212.61749066412449 23.195172503590584 16.043690860271454 31.469687342643738 158.93682582676411 75.706891298294067 22.964392811059952 6.1302177608013135 6.592848613858223 152.9615423232317 91.288700863718987 22.499795183539391
leaf_count=191 41 588 685 459 69 177 32 110 26 424 58 1037 523 90 1029 244 600 63 1314 96 67 132 797 341 98 27 29 973 624 153
internal_value=0 0.00515283 -0.00158751 -0.0079634 -0.00656689 -0.00956305 0.00580505 -0.00532199 -0.0116663 -0.0061492 -0.00434158 -0.0070281 0.00647604 0.00459417 0.00875868 0.00816366 0.0069266 0.00010049 0.00821907 0.000569538 -0.00224096 -0.000961628 -0.0111297 -0.00852479 -0.00240428 -0.00227453 -0.00680831 0.00977923 0.00791697 0.011068
internal_weight=0 1237.93 431.443 799.157 554.565 207.538 223.905 445.746 108.819 390.866 78.5646 334.237 216.867 134.659 806.487 641.259 363.174 57.8168 305.357 54.8802 39.2389 56.6283 244.592 85.6549 66.1176 18.9995 12.7231 278.086 125.124 165.228
internal_count=11097 7442 2251 3655 2476 921 1330 1935 541 1703 333 1461 1298 775 5191 4009 2221 307 1914 232 163 242 1179 382 275 82 56 1788 815 1182
is_linear=0
shrinkage=0.01


Tree=92
num_leaves=31
num_cat=0
split_feature=2 0 0 3 0 4 2 4 0 2 0 12 3 0 0 12 3 3 4 12 0 4 3 12 2 3 4 0 0 0
split_gain=833.969 298.16 242.508 34.9927 30.8491 22.7894 15.2035 13.6219 16.1764 17.7684 16.2863 12.2102 11.7559 11.7217 78.9281 9.32645 9.94124 8.4999 16.1672 9.07248 8.28548 14.2004 7.34224 6.91884 6.56822 7.70757 6.37434 6.311 6.19374 5.77191
threshold=65.500000000000014 4296066.5000000009 4301512.5000000009 43.500000000000007 5575758.5000000009 28.500000000000004 32.500000000000007 70.500000000000014 4296066.5000000009 29.500000000000004 4305701.0000000009 1.961825938807811 31.500000000000004 4305780.0000000009 4305469.5000000009 3.8061042970938286 58.500000000000007 31.500000000000004 61.500000000000007 2.9407542094424932 4296552.0000000009 30.500000000000004 57.500000000000007 3.8262176164128028 55.500000000000007 32.500000000000007 58.500000000000007 4299148.5000000009 4296517.5000000009 4297759.5000000009
decision_type=2 2 2 2 2 2 2 2 2 2 2 2 2 2 2 2 2 2 2 2 2 2 2 2 2 2 2 2 2 2
left_child=3 -2 5 6 13 -3 17 15 -9 10 -10 -11 -7 14 -4 16 -5 26 29 -20 21 -8 -17 -23 -22 -26 -1 -14 -24 -19
right_child=1 2 4 7 -6 12 20 8 9 11 -12 -13 27 -15 -16 22 -18 18 19 -21 24 23 28 -25 25 -27 -28 -29 -30 -31
leaf_value=-0.0064977064661093931 0.0087117774542450361 0.013342075221061508 0.0081388675462485092 0.0049767416042092718 -0.014798876840224214 0.0052527690519865505 -0.0079781848836208234 -0.013587368355951644 -0.00095579225498023225 -0.0063211014253610909 -0.013649387395410724 -0.012296508741050571 -0.01078408964725381 0.0095182247011781629 -0.012326134545302308 -0.010802872693854975 -0.0088418755889837306 -0.0020305388143859594 -0.0071907050229360406 0.0050415100569950032 -0.0063868697245913044 0.0022209711601050585 -0.0011127543429930622 0.015118637520732002 -0.0033205928632918107 0.0078881862491713538 -0.011495430110484428 -0.0069631331429355634 -0.0112334836724714 -0.013534642192371561
leaf_weight=42.998096242547035 802.96250651776791 4.5250542908906928 112.92365580797195 12.627042442560198 7.0015942305326453 5.39068579673767 10.478839561343195 131.29303216934204 40.165458202362061 46.431656986474991 13.506694674491881 129.78034149110317 152.44139783084393 81.733299255371094 22.620620459318161 43.598632425069809 8.8583557158708555 5.8495037257671383 9.2592488378286379 17.567274659872055 80.775505378842354 12.311038047075273 19.4620575606823 6.2813148498535147 51.682022228837013 6.9611097425222388 62.785723224282265 60.336030304431915 8.7724572569131833 17.142158791422844
leaf_count=190 5196 20 685 52 32 22 44 676 164 222 69 653 677 523 96 192 36 24 38 72 345 51 84 26 209 33 283 269 38 76
internal_value=0 0.00506781 -0.00147838 -0.0081168 0.00586138 -0.00887041 -0.00560627 -0.00990701 -0.010787 -0.00918764 -0.00415016 -0.010722 -0.00933112 0.00652714 0.00472352 -0.00650112 -0.000720627 -0.00786008 -0.00445431 0.000819527 -0.00352485 0.0013314 -0.00823008 0.00657837 -0.00453746 -0.00199008 -0.009464 -0.0097006 -0.00425726 -0.0106078
internal_weight=0 1249.93 446.972 778.588 224.279 222.693 324.092 454.496 361.177 229.884 53.6722 176.212 218.168 217.278 135.544 93.3185 21.4854 155.602 49.8182 26.8265 168.49 29.0712 71.8331 18.5924 139.419 58.6431 105.784 212.777 28.2345 22.9917
internal_count=11097 7520 2324 3577 1336 988 1391 2186 1784 1108 233 875 968 1304 781 402 88 683 210 110 708 121 314 77 587 242 473 946 122 100
is_linear=0
shrinkage=0.01


Tree=93
num_leaves=31
num_cat=0
split_feature=2 0 0 1 3 0 1 1 1 4 1 0 0 0 3 1 1 0 0 12 12 1 1 1 2 1 0 0 1 2
split_gain=820.49 293.99 238.37 36.792 34.7324 30.3901 15.4615 18.3996 14.9934 16.6243 14.2023 12.6037 11.5943 77.6653 11.5461 11.3324 12.6699 11.3318 9.38432 9.31331 9.08158 8.8681 13.8789 8.63661 7.73422 20.156 7.46531 10.5474 7.41043 6.90656
threshold=65.500000000000014 4296066.5000000009 4301512.5000000009 702778654961.50012 43.500000000000007 5575758.5000000009 1861025320257.0002 3704300934566.5005 174026437347.50003 27.500000000000004 4363500794354.0005 4296358.0000000009 4305780.0000000009 4305469.5000000009 57.500000000000007 2883033186372.5005 2777491174764.5005 4297271.0000000009 4296552.0000000009 2.9375842593472381 3.7980938520108252 174026447279.00003 702778651081.00012 702778649068.50012 92.500000000000014 3475289745763.0005 4295248.5000000009 4277441.5000000009 1862882900096.0002 59.500000000000007
decision_type=2 2 2 2 2 2 2 2 2 2 2 2 2 2 2 2 2 2 2 2 2 2 2 2 2 2 2 2 2 2
left_child=4 15 3 14 8 12 20 11 29 -10 17 -8 13 -4 -3 16 21 -5 19 -11 -6 -2 -23 -20 25 -17 27 -18 -13 -1
right_child=1 2 5 10 6 -7 7 -9 9 18 -12 28 -14 -15 -16 24 26 -19 23 -21 -22 22 -24 -25 -26 -27 -28 -29 -30 -31
leaf_value=-0.01036211689118121 0.012367432282809605 0.0039024989430241838 0.0080959544277402744 0.0055334154086918641 -0.012109321622291747 -0.014728474437287807 -0.013459357097160769 -0.01133518236691502 0.0049769116907365501 0.0079404569795957832 -0.014273897491857854 0.0056047789184276355 0.0094780809886506716 -0.012234504652288734 -0.012650453869887874 0.0094790889035198181 0.0075898485620814436 -0.0041490105231403208 -0.0011529674129303943 -0.003438150101021858 -0.007633122478770629 -0.0014658105774603535 0.0082545027263022409 -0.0069126739353040688 0.011892001734825073 -0.017324746054352507 0.013092906531378599 -0.0069625923652668446 -0.0040982209984520759 0.00079601144474720261
leaf_weight=69.262863770127296 50.509051665663719 4.3558345437049857 112.3896746635437 14.998252034187315 233.03463764488697 6.964895322918891 13.554168477654455 68.558000862598419 17.659627318382263 9.6486515998840314 11.296815305948256 8.8324690461158735 81.26105123758316 22.562428310513496 129.32235649228096 19.35923229157925 8.1255769282579475 62.280005067586899 31.031846314668655 28.266519725322723 56.270104140043259 15.096406295895575 544.36619010567665 161.64964467287064 140.76951348781586 3.2809785902500144 4.3287567943334571 12.867623299360273 72.308207079768181 6.0302327722311011
leaf_count=320 298 18 685 63 1197 32 71 339 77 40 54 36 523 96 594 137 41 259 131 117 248 84 3502 681 1029 18 24 63 295 25
internal_value=0 0.00504069 -0.00146862 -0.00879918 -0.0080615 0.00583157 -0.00985021 -0.00738963 -0.00555958 -0.00437407 -0.00380083 -0.0045331 0.00649387 0.00469694 -0.0121111 0.00867088 0.00806677 -0.00226983 -0.00509019 -0.000542523 -0.0112387 0.0083545 0.00799221 -0.00598506 0.0110195 0.00559473 0.00113561 -0.00132996 -0.00304201 -0.00946846
internal_weight=0 1244.13 445.431 222.253 776.107 223.178 452.558 163.253 323.549 248.256 88.5751 94.6948 216.213 134.952 133.678 798.703 635.294 77.2783 230.597 37.9152 289.305 609.972 559.463 192.681 163.41 22.6402 25.322 20.9932 81.1407 75.2931
internal_count=11097 7520 2324 988 3577 1336 2186 741 1391 1046 376 402 1304 781 612 5196 4012 322 969 157 1445 3884 3586 812 1184 155 128 104 331 345
is_linear=0
shrinkage=0.01


Tree=94
num_leaves=31
num_cat=0
split_feature=2 0 0 1 1 0 0 12 0 1 1 1 1 0 1 1 1 0 0 2 0 1 1 0 12 2 1 12 2 1
split_gain=807.244 289.873 234.457 36.4334 32.8769 31.9565 29.9389 21.1163 19.1002 14.0434 11.5872 60.0903 13.5253 11.3632 11.3553 12.6519 32.1039 18.2897 12.2014 11.2257 10.6194 8.30701 8.24808 62.8631 7.96133 7.72194 19.747 7.61484 7.25563 6.54191
threshold=65.500000000000014 4296066.5000000009 4301512.5000000009 702778654961.50012 174026439498.00003 4296066.5000000009 5575758.5000000009 2.9433833877757176 4297271.0000000009 4363500794354.0005 2482915549923.5005 2547630269000.5005 174026440880.50003 4299148.5000000009 2883033186372.5005 1955683344136.5002 2384994533778.0005 4295248.5000000009 4277688.5000000009 102.50000000000001 5575758.5000000009 702778649068.50012 1862882903109.5002 4295248.5000000009 1.961825938807811 92.500000000000014 3475289745763.0005 1.9808932560376222 60.500000000000007 702778648565.00012
decision_type=2 2 2 2 2 2 2 2 2 2 2 2 2 2 2 2 2 2 2 2 2 2 2 2 2 2 2 2 2 2
left_child=4 14 3 19 28 7 10 -6 24 13 12 -12 -4 -5 15 22 17 -17 -18 -3 21 -10 23 -2 -7 26 -16 -26 -1 -9
right_child=1 2 6 9 5 8 -8 29 20 -11 11 -13 -14 -15 25 16 18 -19 -20 -21 -22 -23 -24 -25 27 -27 -28 -29 -30 -31
leaf_value=-0.011466131921069574 -0.0041436399329171612 0.0010775697977871228 0.0026142605533168405 -0.0049426030915039028 -0.013564336990926898 0.012191877282319675 -0.014659431525150275 0.0059309431445307096 -0.0024322821607127986 -0.014213465057591905 -0.0091040797610737224 0.0087154368221655371 0.010443624021671719 0.0032066730052301862 0.0094434623734824981 -0.0060663727408856553 0.0088246566320255727 0.013073394373770583 0.0042607897293750743 -0.012686318057927316 -0.014331485128262702 -0.0068509867865148132 0.011173126829906496 0.012111117460377406 -0.012408543047963077 0.011868250174531121 -0.016997700446623246 -0.0013122006970222491 -0.0030898861611197365 -0.0061596700994177404
leaf_weight=228.39510883390903 32.71985037624836 6.2158866226673117 29.181698858737946 51.722775712609291 88.819633826613426 4.0664735883474341 6.9279069155454627 6.5184379965066936 50.88453583419323 11.231724619865416 26.005078718066216 69.497460439801216 90.468881085515022 25.569009512662888 19.238549724221233 27.227584898471832 248.13933038711548 6.1137548685073844 76.681824877858162 126.87157370150089 16.619925275444984 259.61540910601616 154.11469112336636 87.198425099253654 6.6575139909982672 139.64634801447392 3.3105146884918204 87.034775987267494 10.831778153777121 14.27652123570442
leaf_count=1118 186 26 151 213 462 18 32 27 232 54 153 431 569 109 137 137 1578 34 472 586 81 1127 1081 524 33 1029 18 364 52 63
internal_value=0 0.00501485 -0.00145964 -0.00873662 -0.00800567 -0.0066266 0.00580194 -0.0114406 -0.00538463 -0.00376505 0.00646079 0.00386323 0.00853411 -0.00224673 0.00863105 0.00802546 0.00678805 -0.00255674 0.00774725 -0.0120435 -0.0065437 -0.00612685 0.00964276 0.00767599 -0.00150615 0.0109915 0.00556153 -0.00210068 -0.0110869 -0.00236972
internal_weight=0 1238.08 443.692 221.611 773.72 534.493 222.081 109.615 424.879 88.5235 215.153 95.5025 119.651 77.2918 794.391 632.195 358.162 33.3413 324.821 133.087 327.12 310.5 274.033 119.918 97.7588 162.195 22.5491 93.6923 239.227 20.795
internal_count=11097 7520 2324 988 3577 2407 1336 552 1855 376 1304 584 720 322 5196 4012 2221 171 2050 612 1440 1359 1791 710 415 1184 155 397 1170 90
is_linear=0
shrinkage=0.01


Tree=95
num_leaves=31
num_cat=0
split_feature=2 0 0 1 3 0 1 1 1 2 0 0 0 1 1 1 0 12 1 1 1 1 3 12 2 1 1 2 2 1
split_gain=794.046 285.911 230.525 36.1164 34.4181 29.471 19.0369 15.4574 18.2475 14.9235 12.443 11.5002 76.6015 11.3719 12.6309 10.6882 10.0074 9.11503 8.86238 11.2176 8.78052 36.5696 8.35667 15.0075 10.8168 8.25972 8.16305 8.15074 7.70962 19.3627
threshold=65.500000000000014 4296066.5000000009 4301512.5000000009 1861025320257.0002 43.500000000000007 5575758.5000000009 4092079271560.5005 1861025320257.0002 3704300934566.5005 32.500000000000007 4296358.0000000009 4305780.0000000009 4305469.5000000009 2883033186372.5005 2777491174764.5005 4092079271560.5005 4296552.0000000009 3.7980938520108252 174026445959.50003 702778647780.50012 1955683344136.5002 2452704926503.5005 31.500000000000004 3.8634103093146051 26.500000000000004 1862882903109.5002 1861025320257.0002 55.500000000000007 92.500000000000014 3475289743715.0005
decision_type=2 2 2 2 2 2 2 2 2 2 2 2 2 2 2 2 2 2 2 2 2 2 2 2 2 2 2 2 2 2
left_child=4 13 3 18 9 11 -5 17 10 22 -9 12 -4 14 20 16 26 -6 -3 -20 25 -22 -1 24 -24 -2 -11 -18 29 -15
right_child=1 2 5 6 7 -7 -8 8 -10 15 -12 -13 -14 28 -16 -17 27 -19 19 -21 21 -23 23 -25 -26 -27 -28 -29 -30 -31
leaf_value=-0.0092980722850877998 0.0076336567635498145 -0.01316727672768269 0.0080236578307676127 0.00047994734794296962 -0.012014399295293915 -0.014591713333987122 -0.012207476528367732 -0.013367143405267169 -0.011227375803972652 -0.0029756893508693467 -0.0029567894664661288 0.0094083461223497238 -0.012194663082683171 0.01137771922048187 0.0010505616077728605 0.009988176405892793 -0.0071439429950302825 -0.0075167873220375412 0.002433762801667128 -0.010038491590908635 -8.7374891454195937e-05 0.0086993806860095821 0.0079347559235800891 -0.012941454211747791 -0.0043167242169653251 0.011143308350745389 0.0079702324154332493 -0.0021647494573586307 0.011844813263705184 -0.0092116777832671227
leaf_weight=104.94402289390564 119.38244299590588 96.838790357112885 111.46399745345116 50.625222429633141 230.57394589483738 6.8906447738409033 15.431129962205885 13.375458329915999 67.90573838353157 16.441431134939197 81.077755346894264 80.413356766104698 22.52605827152729 16.078039065003399 25.213028699159622 5.7638999670743933 76.535662651062012 56.005197823047638 8.4372744262218458 49.62536995112896 57.255532279610634 274.21427328884602 10.094849303364752 14.346913099288939 25.186534345149994 152.98746806383133 11.634248971939085 57.631888657808304 138.52904045581818 6.3799422383308402
leaf_count=473 710 452 685 213 1197 32 72 71 339 68 331 523 96 116 128 24 329 248 37 214 307 1786 41 63 106 1081 49 238 1029 39
internal_value=0 0.00498823 -0.00144974 -0.00867501 -0.0079484 0.00576455 -0.00248391 -0.00973878 -0.00727354 -0.00545671 -0.00443099 0.00641878 0.00462461 0.0085921 0.00798517 -0.00339361 -0.00386902 -0.0111354 -0.0113151 -0.00822611 0.00827472 0.00718162 -0.00769912 -0.00431796 -0.000811282 0.00960499 0.00156018 -0.00500512 0.0109637 0.00552861
internal_weight=0 1232.29 442.252 220.958 771.518 221.294 66.0564 448.938 162.359 322.579 94.4532 214.403 133.99 790.04 629.053 168.007 162.243 286.579 154.901 58.0626 603.84 331.47 154.572 49.6283 35.2814 272.37 28.0757 134.168 160.987 22.458
internal_count=11097 7520 2324 988 3577 1336 285 2186 741 1391 402 1304 781 5196 4012 708 684 1445 703 251 3884 2093 683 210 147 1791 117 567 1184 155
is_linear=0
shrinkage=0.01


Tree=96
num_leaves=31
num_cat=0
split_feature=2 1 3 1 1 1 2 1 1 1 1 1 1 2 2 1 12 1 1 3 4 12 4 2 12 1 1 4 12 2
split_gain=781.281 206.844 34.1465 28.4949 15.3872 18.0964 14.7117 11.5811 75.4238 112.011 16.6353 13.5053 10.4901 10.2924 18.7661 9.90679 9.11947 8.30007 14.2398 8.24491 15.7284 9.53242 6.37854 5.83643 5.78327 6.32997 5.74689 5.45786 5.05818 4.76703
threshold=65.500000000000014 1119808862681.0002 43.500000000000007 4092079271560.5005 1861025320257.0002 3704300934566.5005 32.500000000000007 2547630277329.5005 2482915554044.5005 2547630267620.5005 3704300934115.0005 1862882903109.5002 4092079271560.5005 58.500000000000007 29.500000000000004 2384994529944.5005 3.7980938520108252 174026438393.50003 702778648565.00012 31.500000000000004 62.500000000000007 2.9433833877757176 58.500000000000007 70.500000000000014 3.8273192999520735 174026441896.50003 2547630292676.5005 56.500000000000007 1.9663941833800986 102.50000000000001
decision_type=2 2 2 2 2 2 2 2 2 2 2 2 2 2 2 2 2 2 2 2 2 2 2 2 2 2 2 2 2 2
left_child=2 23 6 7 16 13 19 8 11 -10 26 -3 17 14 -6 -15 28 -8 -19 22 -21 -22 27 -2 -18 -26 -9 -1 -4 -25
right_child=1 3 4 -5 5 -7 12 10 9 -11 -12 -13 -14 15 -16 -17 24 18 -20 20 21 -23 -24 29 25 -27 -28 -29 -30 -31
leaf_value=-0.0092856430832626933 -0.012184518501179242 0.003744192827485459 -0.010085732063767174 -0.002794946365643329 -0.00043833687281034131 -0.011171008904738457 -0.0077964185870317403 0.012298757430850864 -0.021137799677648821 0.005769224389897647 0.003788655632980289 0.0086101549509468231 0.0099069521537997109 -0.0039464647237125216 -0.010029919397172148 0.014235960540186483 -0.001371605131394876 0.0031681912177340095 -0.0045818959681678817 -0.010167025367767315 -0.0035542748470455444 0.0090120214500408035 -0.011278891156938944 0.0073471542686420598 -0.012341811332460017 -0.0046060125651981735 0.0090532312086263264 -0.0020278003364059467 -0.013138519490401398 -0.0025833753427723016
leaf_weight=24.798786327242851 6.2407461553812018 65.69398221373558 88.23947936296463 27.763857886195183 37.476120054721832 67.567592605948448 39.860999420285225 71.877021104097366 23.105031371116638 46.827490851283073 53.688825234770775 432.89671540260315 5.7530991733074179 6.6765040904283506 44.762530863285065 5.4367879927158356 12.202046141028402 32.179156675934792 90.055546477437019 23.693756759166718 16.258468881249431 9.6014202535152418 62.033839598298073 4.9231635779142371 25.705244496464729 17.973975077271461 226.43441021442413 17.796792477369308 141.00716277956963 266.8007078319788
leaf_count=111 26 387 454 149 151 339 178 473 129 301 275 2820 24 27 201 23 51 137 369 104 67 39 283 23 119 78 1570 79 743 1367
internal_value=0 0.00496285 -0.00789404 0.00718645 -0.00968242 -0.0072205 -0.00541139 0.0074875 0.00660491 -0.0031206 0.00891298 0.00796902 -0.00336286 -0.00439146 -0.00565904 0.00421432 -0.0110805 -0.00383384 -0.00254163 -0.00764149 -0.0042813 0.00111142 -0.00923291 -0.00262305 -0.00745821 -0.00915853 0.00983523 -0.00625326 -0.0119635 -0.00240345
internal_weight=0 1226.25 769.079 948.287 447.047 161.92 322.032 920.523 568.523 69.9325 352 498.591 167.849 94.3519 82.2387 12.1133 285.128 162.096 122.235 154.183 49.5536 25.8599 104.629 277.965 55.8813 43.6792 298.311 42.5956 229.247 271.724
internal_count=11097 7520 3577 6104 2186 741 1391 5955 3637 430 2318 3207 708 402 352 50 1445 684 506 683 210 106 473 1416 248 197 2043 190 1197 1390
is_linear=0
shrinkage=0.01


Tree=97
num_leaves=31
num_cat=0
split_feature=2 0 0 1 1 0 0 13 0 1 1 1 1 1 1 1 0 1 4 0 4 1 0 0 1 13 4 2 1 4
split_gain=768.285 280.308 225.719 35.4105 32.3825 31.435 29.1212 21.0287 18.5754 13.6712 11.652 58.7372 13.1532 11.4312 12.7789 31.7387 23.4236 19.8163 11.3549 11.1179 10.863 14.7769 10.9364 8.33701 62.2911 7.89723 8.48101 7.76279 19.2196 7.38279
threshold=65.500000000000014 4296066.5000000009 4301512.5000000009 702778654961.50012 174026439498.00003 4296066.5000000009 5575758.5000000009 2.9714630336214864 4297271.0000000009 4363500794354.0005 2482915549923.5005 2547630269000.5005 174026440880.50003 2883033186372.5005 1955683344136.5002 2452704926503.5005 4295248.5000000009 2482915538113.0005 70.500000000000014 4297271.0000000009 28.500000000000004 702778650022.50012 4305671.5000000009 4295326.5000000009 1862882903109.5002 1.9807272359141355 58.500000000000007 92.500000000000014 3475289745763.0005 60.500000000000007
decision_type=2 2 2 2 2 2 2 2 2 2 2 2 2 2 2 2 2 2 2 2 2 2 2 2 2 2 2 2 2 2
left_child=4 13 3 18 29 7 10 -6 25 19 12 -12 -4 14 23 16 -16 -17 -3 -5 21 -10 -22 24 -2 -7 -27 28 -15 -1
right_child=1 2 6 9 5 8 -8 -9 20 -11 11 -13 -14 27 15 17 -18 -19 -20 -21 22 -23 -24 -25 -26 26 -28 -29 -30 -31
leaf_value=-0.0085164784926550514 -0.003949086810101054 0.0039776337501623337 0.0026167629533796278 0.0055121677861256317 -0.013436794379264386 0.012246040059208192 -0.014553857968193537 -0.0022242177887129822 0.0065753348991147084 -0.014092420666242727 -0.0090224947453621581 0.0086113716424976242 0.010363524503388946 0.0093442238628382232 -0.0033100949997409137 0.011901820891516868 0.012924116146446393 0.006272096463936735 -0.012439278487967028 -0.0040837452722401035 -0.00651759445979265 -0.0055749779891401388 -0.013392009613805649 0.011141872343670575 0.012039672166471584 0.0017178413445434729 -0.0044432304979085194 0.011807112017012936 -0.016678539305604825 -0.012221821935654189
leaf_weight=82.84960064291954 33.706048026680946 4.3571078926324835 29.057621777057648 14.980204835534094 87.218178436160088 4.0582630485296241 6.8680591732263556 20.695176810026169 14.165642350912092 11.096740901470183 26.075674518942833 68.541055649518967 89.194719642400742 18.90041080117226 45.995610281825066 89.616879820823669 11.016441836953161 206.81830736994743 127.45801217854023 62.234048217535019 251.40682515501976 34.115234598517418 25.488190457224846 148.2277719527483 87.939926043152809 36.990290597081184 56.422950863838196 136.67548315227032 3.3396618366241446 153.21788212656975
leaf_count=376 192 18 151 63 462 18 32 90 62 54 153 431 569 137 244 600 63 1314 594 259 1110 141 127 974 625 155 242 1029 18 794
internal_value=0 0.0049301 -0.00145657 -0.00861374 -0.00784026 -0.00646934 0.00571327 -0.0112865 -0.00523939 -0.00371363 0.00636717 0.00375161 0.00845995 0.00852142 0.00791103 0.00665988 -0.000173158 0.00797405 -0.0118966 -0.00222206 -0.00638717 -0.00201007 -0.00715038 0.00954963 0.00760946 -0.00141025 -0.00200354 0.0109156 0.00543654 -0.0109214
internal_weight=0 1222.1 439.863 220.126 766.628 530.561 219.737 107.913 422.647 88.311 212.869 94.6167 118.252 782.237 623.321 353.447 57.0121 296.435 131.815 77.2143 325.176 48.2809 276.895 269.874 121.646 97.4715 93.4132 158.916 22.2401 236.067
internal_count=11097 7520 2324 988 3577 2407 1336 552 1855 376 1304 584 720 5196 4012 2221 307 1914 612 322 1440 203 1237 1791 817 415 397 1184 155 1170
is_linear=0
shrinkage=0.01


Tree=98
num_leaves=31
num_cat=0
split_feature=12 0 0 1 0 1 0 4 12 3 1 0 0 1 1 1 0 1 0 0 0 3 12 4 13 0 1 1 1 12
split_gain=744.315 275.475 229.079 34.0457 33.6302 33.0007 28.4205 20.3271 20.0623 16.5294 14.4418 12.1056 87.6249 11.309 12.9786 31.3827 23.0793 19.7601 10.5285 17.0551 12.4892 10.1361 10.5112 8.96912 13.5961 7.97099 59.9613 7.9615 8.98633 7.92057
threshold=1.9533992703327747 4296066.5000000009 4301512.5000000009 174026439498.00003 4294665.5000000009 174026445959.50003 5575758.5000000009 27.500000000000004 3.8142617563909882 27.500000000000004 1861025319719.5002 4305780.0000000009 4305469.5000000009 2883033186372.5005 1955683344136.5002 2452704926503.5005 4295248.5000000009 2482915538113.0005 4299148.5000000009 4299696.5000000009 4296517.5000000009 43.500000000000007 3.8061042970938286 60.500000000000007 3.9104172329531406 4295326.5000000009 1862882903109.5002 174026422363.50003 174026437347.50003 1.9393065999967327
decision_type=2 2 2 2 2 2 2 2 2 2 2 2 2 2 2 2 2 2 2 2 2 2 2 2 2 2 2 2 2 2
left_child=1 13 5 23 8 -3 11 21 -5 -9 -11 12 -4 14 25 16 -16 -17 20 -20 -7 -6 -23 24 -2 26 -1 -26 -29 -15
right_child=3 2 6 4 7 18 -8 9 -10 10 -12 -13 -14 29 15 17 -18 -19 19 -21 -22 22 -24 -25 27 -27 -28 28 -30 -31
leaf_value=-0.0037171485724011716 0.002865133769445256 -0.013592205687892864 0.0079379732503970825 -0.013340618837066583 0.0075384166132927855 0.0047012296900020888 -0.014488156998678755 -0.0022830242080037377 -0.0019361315785527413 -0.0097387683384820792 -0.0051663175621289468 0.0093225424864788135 -0.014353426267698397 0.01178447504896226 -0.0032716570872025957 0.011872814524949205 0.012886591544573396 0.0062329904961723427 0.0097992768491054968 -0.0055474195541819213 -0.0088755589461442328 0.0022967092951961462 -0.0082648736535856707 -0.012184413548772347 -0.0038034762930861678 0.011105544644637646 0.012014397328950398 -0.013180580202772909 -0.0022225006663741092 0.0052922061358348172
leaf_weight=33.568286508321762 9.9371752440929395 92.293308898806572 110.32158516347408 85.999471738934517 15.574866592884062 7.5050804764032355 6.8304012566804877 99.244462952017784 18.796585381031036 116.093411013484 170.55485492944717 79.326292172074318 20.98901030421257 135.57416696846485 46.07026632130146 88.940851032733917 10.938426300883291 206.03866623342037 10.390375316143034 23.894320517778397 69.697883054614067 23.145024687051773 15.89416344463825 153.00789639353752 18.000492781400681 147.03429575264454 87.081371322274208 47.271839797496796 8.8912337273359281 21.815345227718353
leaf_count=191 41 437 685 459 69 33 32 412 82 549 742 523 90 1029 244 600 63 1314 45 105 301 96 67 797 80 973 624 223 38 153
internal_value=0 0.00496067 -0.00155134 -0.00757905 -0.00620352 -0.0091693 0.00558718 -0.00499225 -0.0112951 -0.00580038 -0.00701817 0.00623817 0.00437486 0.00849085 0.00788287 0.00662081 -0.000171326 0.00793348 -0.00550786 -0.000896425 -0.00755573 0.000717837 -0.00200327 -0.0107425 -0.00811912 0.0095424 0.00763742 -0.0095909 -0.0114458 0.0108846
internal_weight=0 1198.31 421.248 782.411 545.303 203.781 217.467 440.507 104.796 385.893 286.648 210.637 131.311 777.062 619.672 351.988 57.0087 294.98 111.488 34.2847 77.203 54.6141 39.0392 237.109 84.1007 267.684 120.65 74.1636 56.1631 157.39
internal_count=11097 7442 2251 3655 2476 921 1330 1935 541 1703 1291 1298 775 5191 4009 2221 307 1914 484 150 334 232 163 1179 382 1788 815 341 261 1182
is_linear=0
shrinkage=0.01


Tree=99
num_leaves=31
num_cat=0
split_feature=2 0 0 1 1 0 0 12 0 1 1 1 0 1 1 4 0 4 1 0 1 1 12 4 2 1 0 0 4 13
split_gain=743.797 272.567 218.239 34.9199 31.9153 31.0064 28.2487 20.7912 18.2983 13.5462 11.6796 58.0703 13.0899 11.4555 12.7334 11.1121 10.9877 10.5347 14.3673 10.888 8.96335 13.6935 7.76107 8.26485 7.74623 19.0987 7.5191 10.4746 7.3916 9.20647
threshold=65.500000000000014 4296066.5000000009 4301512.5000000009 702778654961.50012 174026439498.00003 4296066.5000000009 5575758.5000000009 2.9433833877757176 4297271.0000000009 4363500794354.0005 2482915549923.5005 2547630269000.5005 4305469.5000000009 2883033186372.5005 2777491174764.5005 70.500000000000014 4299148.5000000009 28.500000000000004 702778650022.50012 4305671.5000000009 174026447279.00003 702778651081.00012 1.961825938807811 58.500000000000007 92.500000000000014 3475289743715.0005 4295248.5000000009 4277441.5000000009 60.500000000000007 3.9104172329531406
decision_type=2 2 2 2 2 2 2 2 2 2 2 2 2 2 2 2 2 2 2 2 2 2 2 2 2 2 2 2 2 2
left_child=4 13 3 15 28 7 10 -6 22 16 12 -12 -4 14 20 -3 -5 18 -10 -19 -2 -22 -7 -24 25 -15 27 -16 29 -1
right_child=1 2 6 9 5 8 -8 -9 17 -11 11 -13 -14 24 26 -17 -18 19 -20 -21 21 -23 23 -25 -26 -27 -28 -29 -30 -31
leaf_value=0.0014771793005059386 0.012220560509947201 0.003939029261828147 0.011949564338437342 -0.0048016738556670973 -0.013348093924774568 0.012182570487229497 -0.014423693329390934 -0.0021795938268646987 0.0064934776236376017 -0.014010040274988216 -0.0090124854154973854 0.0085425658791358668 0.0052516171129192114 0.011294836890489388 0.0073344111082545658 -0.012312844560102055 0.0032147081096577578 -0.0064165456936564691 -0.0054973359973330121 -0.013304407437011348 -0.0016906528609345692 0.0080240516297500394 0.001735151647189227 -0.0043497483248525889 0.011762132503712932 -0.0092325972965917203 0.012971768301468081 -0.0072777187159353465 -0.012119700169450645 -0.0095294160145401145
leaf_weight=8.4706498831510526 49.056873172521591 4.3521382808685294 55.085690408945084 51.692102283239365 86.067381277680397 4.0612228214740744 6.7925090491771689 20.671577095985413 14.13900378346443 11.002350971102713 26.085277736186981 67.868721961975098 62.038059994578362 15.70576322078705 7.9800999164581361 126.28713883459568 25.54914678633213 250.58161504566669 34.073851004242897 25.263707920908928 14.919399157166479 528.19080351293087 36.967716783285141 56.342087864875793 134.4788726568222 6.3710641711950293 4.2372325509786597 12.734314963221548 151.44132854044437 73.897379741072655
leaf_count=35 298 18 347 213 462 18 32 90 62 54 153 431 373 116 41 594 109 1110 141 127 84 3502 155 242 1029 39 24 63 794 341
internal_value=0 0.00487959 -0.00143622 -0.00848869 -0.00773244 -0.00637077 0.00564904 -0.0111851 -0.00515139 -0.00362881 0.00629498 0.0036686 0.0084018 0.00844497 0.00783208 -0.0117714 -0.00215009 -0.0062936 -0.00198088 -0.00704738 0.00812694 0.00775719 -0.00135002 -0.00193902 0.0108609 0.00537091 0.000834292 -0.00164849 -0.0108084 -0.00839751
internal_weight=0 1210.43 436.753 218.883 761.978 528.168 217.87 106.739 421.429 88.2436 211.078 93.954 117.124 773.674 617.119 130.639 77.2412 324.058 48.2129 275.845 592.167 543.11 97.371 93.3098 156.556 22.0768 24.9516 20.7144 233.809 82.368
internal_count=11097 7520 2324 988 3577 2407 1336 552 1855 376 1304 584 720 5196 4012 612 322 1440 203 1237 3884 3586 415 397 1184 155 128 104 1170 376
is_linear=0
shrinkage=0.01


Tree=100
num_leaves=31
num_cat=0
split_feature=2 0 0 1 3 0 1 1 1 2 0 1 1 0 1 1 1 0 0 1 0 4 4 1 13 0 1 3 4 13
split_gain=731.702 268.804 214.59 34.6155 33.4686 27.8086 19.3657 15.3532 17.9426 14.2279 12.0977 11.5567 57.0181 13.0603 11.4776 12.7234 31.2634 17.6259 12.2381 10.2357 9.64971 12.647 9.40365 10.1442 8.98481 8.27603 61.3399 8.09682 15.6138 8.80538
threshold=65.500000000000014 4296066.5000000009 4301512.5000000009 1862882923884.5002 43.500000000000007 5575758.5000000009 4092079271560.5005 1861025320257.0002 3704300934566.5005 32.500000000000007 4296358.0000000009 2482915549923.5005 2547630269000.5005 4305469.5000000009 2883033186372.5005 1955683344136.5002 2384994533778.0005 4295248.5000000009 4277688.5000000009 4092079271560.5005 4296552.0000000009 37.500000000000007 30.500000000000004 174026445959.50003 3.8970908877135018 4295326.5000000009 1862882903109.5002 31.500000000000004 61.500000000000007 2.9701289988070942
decision_type=2 2 2 2 2 2 2 2 2 2 2 2 2 2 2 2 2 2 2 2 2 2 2 2 2 2 2 2 2 2
left_child=4 14 3 22 9 11 -5 24 10 27 -9 13 -13 -4 15 25 17 -17 -18 20 21 -11 -3 -24 -6 26 -2 -1 -29 -30
right_child=1 2 5 6 7 -7 -8 8 -10 19 -12 12 -14 -15 -16 16 18 -19 -20 -21 -22 -23 23 -25 -26 -27 -28 28 29 -31
leaf_value=-0.0090135107271403937 -0.0039351092606468643 0.0010372898821328321 0.01191609371304762 0.00099491371026680701 -0.011774957758645808 -0.014360435711094419 -0.011977694025910852 -0.013159947966919194 -0.010981073486427137 -0.0042949162159832922 -0.0027498422361947358 -0.0088774208695375674 0.0084979579704445047 0.0052097189422264465 0.010834056717108137 -0.0061161309162870168 0.0086043007851625258 0.012907671878493189 0.003977478713623743 0.0099070185463803334 -0.0047901895674042645 0.0092328920668387545 -0.013497875533061594 -0.0081257675281433787 -0.0072773444685093952 0.011046445514082117 0.01197535569346762 -0.01020843136222154 -0.0068355861338591159 0.005245857526982799
leaf_weight=103.45497858524323 33.72427923977375 6.2732880115509024 54.690000221133232 47.435021385550499 224.12464091181755 6.7543968111276618 15.193235188722609 12.950647726655005 66.343057155609131 15.691186919808388 80.888208106160164 26.216659888625145 67.544362410902977 61.912252858281136 155.3803962469101 27.179479956626892 240.86189359426498 5.9335642755031577 74.958374515175819 5.7511284798383704 133.40752886235714 12.350338906049728 92.688874453306198 56.62336765229702 55.394497990608215 145.38661299645901 86.08340547978878 22.594701170921326 9.201763644814493 17.516542389988899
leaf_count=473 192 26 347 200 1197 32 72 71 339 66 331 153 431 373 1184 137 1578 34 472 24 567 51 443 247 248 974 625 100 38 72
internal_value=0 0.00485337 -0.00142649 -0.00842976 -0.00767854 0.00561213 -0.00215216 -0.00946907 -0.00700065 -0.005218 -0.00418654 0.00625342 0.0036396 0.00835521 0.00840605 0.00779174 0.00653692 -0.00270723 0.00750615 -0.00320235 -0.00366933 0.00166314 -0.0109567 -0.0114606 -0.0108836 0.0094428 0.00749677 -0.00742406 -0.00408952 0.00108502
internal_weight=0 1204.84 435.331 218.214 759.669 217.118 62.6283 439.701 160.182 319.968 93.8389 210.363 93.761 116.602 769.508 614.128 348.933 33.113 315.82 167.2 161.449 28.0415 155.586 149.312 279.519 265.194 119.808 152.768 49.313 26.7183
internal_count=11097 7520 2324 988 3577 1336 272 2186 741 1391 402 1304 584 720 5196 4012 2221 171 2050 708 684 117 716 690 1445 1791 817 683 210 110
is_linear=0
shrinkage=0.01


Tree=101
num_leaves=31
num_cat=0
split_feature=2 0 0 3 0 4 2 4 0 2 0 12 0 0 3 12 3 3 4 12 0 4 3 12 4 2 3 0 0 0
split_gain=719.872 265.122 211.005 33.2193 27.3762 21.3637 14.0332 13.1094 16.2332 17.4045 15.5368 12.3537 11.5041 74.3194 11.0368 8.74957 9.62543 7.99024 15.37 9.24824 7.44466 13.6092 7.36925 6.90167 6.35038 6.29072 7.13167 6.16094 6.04059 5.70502
threshold=65.500000000000014 4296066.5000000009 4301512.5000000009 43.500000000000007 5575758.5000000009 28.500000000000004 32.500000000000007 70.500000000000014 4296066.5000000009 29.500000000000004 4305701.0000000009 1.961825938807811 4305780.0000000009 4305469.5000000009 31.500000000000004 3.8061042970938286 58.500000000000007 31.500000000000004 62.500000000000007 2.9433833877757176 4296552.0000000009 30.500000000000004 57.500000000000007 3.8262176164128028 58.500000000000007 55.500000000000007 32.500000000000007 4296517.5000000009 4299148.5000000009 4277344.0000000009
decision_type=2 2 2 2 2 2 2 2 2 2 2 2 2 2 2 2 2 2 2 2 2 2 2 2 2 2 2 2 2 2
left_child=3 29 5 6 12 -3 17 15 -9 10 -10 -11 13 -4 -7 16 -5 24 -19 -20 21 -8 -17 -23 -1 -22 -27 -24 -16 -2
right_child=1 2 4 7 -6 14 20 8 9 11 -12 -13 -14 -15 28 22 -18 18 19 -21 25 23 27 -25 -26 26 -28 -29 -30 -31
leaf_value=-0.0059627285913130199 0.010939103214763901 0.01321012110990212 0.007820985854251691 0.0051334680446380307 -0.01429835301124029 0.0053041434518895023 -0.0077129655088340786 -0.013202543403663908 -0.00061036409653093544 -0.0057613365283928951 -0.013267621239379072 -0.01188079575338475 0.0092439536652398607 -0.01215675150981088 -0.010268557389676225 -0.010368556878953064 -0.0084800457360744239 -0.0099165583266493471 -0.00333808306817152 0.0090479871229603211 -0.0059675749739452125 0.0022153561417325844 -0.00059445852013099 0.015109305374865371 -0.011011427112834989 -0.0029278418111727046 0.0078845314486313094 -0.010781608631807693 -0.0064882909672423494 0.0080780744792945201
leaf_weight=42.092870801687241 77.556361153721809 4.4920866936445227 108.81521974503994 12.627241089940073 6.7160788029432288 5.3875772953033438 10.415158227086069 124.13129107654095 40.03251139819622 44.946828827261925 12.798530817031859 124.00034411251545 78.370092570781708 22.465793684124947 148.58440195024014 42.691221639513969 8.8225573599338514 23.438424319028854 16.202649489045147 9.5999703258275968 79.656805694103241 12.293268054723741 19.164399385452274 6.2678556889295569 61.045087426900864 51.533978402614594 6.9193369299173346 8.6010438054800016 59.076696634292603 687.74646086990833
leaf_count=190 535 20 685 52 32 22 44 676 164 222 69 653 523 96 677 192 36 104 67 39 345 51 84 26 283 209 33 38 269 4661
internal_value=0 0.00482757 -0.00141686 -0.00762589 0.00557548 -0.00837147 -0.00517401 -0.00941499 -0.0103069 -0.00868623 -0.00367664 -0.0102528 0.00621213 0.00440225 -0.00882652 -0.00605796 -0.000465932 -0.0073687 -0.00405462 0.00127021 -0.00317249 0.00143583 -0.0077604 0.00656948 -0.00895094 -0.00413935 -0.00164794 -0.00375018 -0.00919312 0.00836801
internal_weight=0 1199.21 433.908 757.281 216.367 217.541 319.465 437.816 345.91 221.778 52.831 168.947 209.651 131.281 213.049 91.9065 21.4498 152.379 49.241 25.8026 167.086 28.9763 70.4567 18.5611 103.138 138.11 58.4533 27.7654 207.661 765.303
internal_count=11097 7520 2324 3577 1336 988 1391 2186 1784 1108 233 875 1304 781 968 402 88 683 210 106 708 121 314 77 473 587 242 122 946 5196
is_linear=0
shrinkage=0.01


Tree=102
num_leaves=31
num_cat=0
split_feature=2 1 3 1 1 1 1 4 1 1 1 1 1 2 2 1 12 2 1 2 1 12 1 2 12 1 12 3 1 2
split_gain=708.287 190.075 32.9717 26.559 15.2335 17.6573 13.843 15.2671 11.7203 75.0346 107.691 15.8469 13.0502 9.86732 18.2258 9.63178 8.98386 8.77506 8.26365 6.61549 6.17998 8.50128 5.91291 5.61535 5.55859 6.1906 5.12075 4.78669 4.70087 4.62067
threshold=65.500000000000014 1119808862681.0002 43.500000000000007 4092079271560.5005 1861025320257.0002 3704300934566.5005 174026437347.50003 27.500000000000004 2547630277329.5005 2482915554044.5005 2547630267620.5005 3704300934115.0005 1862882903109.5002 58.500000000000007 29.500000000000004 2384994529944.5005 3.7980938520108252 52.500000000000007 702778648565.00012 59.500000000000007 174026424700.00003 3.8396287489833383 2547630292676.5005 70.500000000000014 3.8273192999520735 174026441896.50003 1.9663941833800986 29.500000000000004 174026434482.00003 102.50000000000001
decision_type=2 2 2 2 2 2 2 2 2 2 2 2 2 2 2 2 2 2 2 2 2 2 2 2 2 2 2 2 2 2
left_child=2 23 6 8 16 13 19 -8 9 12 -11 22 -3 14 -6 -15 26 18 -9 20 21 -1 -10 -2 -18 -26 28 -19 -4 -25
right_child=1 3 4 -5 5 -7 7 17 11 10 -12 -13 -14 15 -16 -17 24 27 -20 -21 -22 -23 -24 29 25 -27 -28 -29 -30 -31
leaf_value=-0.010513082385906798 -0.011956060574504976 0.0035705105820181444 -0.012447453570973755 -0.0027740987972638353 -0.00023160163449668575 -0.010874127833858284 0.0049820287381063073 -0.0015267863230778991 0.012186316499994227 -0.020930035099993069 0.0055153034534795586 0.0037012025135683504 0.0084002594518625094 -0.0037274542111111271 -0.0097208229718767931 0.014217483358825465 -0.0011952917684869761 -0.0011515519769754146 -0.0072507840020626796 0.001082038806270374 -0.012161745842669488 0.0015665141086335824 0.0088398885755567209 0.0073276008802226969 -0.012049499842201515 -0.0043469671285748489 -0.012887069394032887 -0.010558992715058167 -0.0077181718116150913 -0.0025021995228281814
leaf_weight=15.139668524265291 6.1910745948553076 64.549961522221565 37.050551012158394 27.146694555878639 37.449759945273399 65.657170489430428 17.589913129806519 31.846020057797432 69.627819702029228 23.223413363099098 45.701920464634895 53.050094172358513 419.72894397377968 6.669835686683653 44.04689334332943 5.422910064458847 12.145426601171492 69.220937356352806 121.25011602044106 6.0305246561765662 42.493499174714088 9.4706747829914075 218.47799196839333 4.8712911754846564 25.17182494699955 17.822024747729301 135.87230855226517 5.8671279847621909 48.570856556296349 261.07959049940109
leaf_count=72 26 387 200 149 151 339 77 136 473 129 301 275 2820 27 201 23 51 282 527 25 205 43 1570 23 119 78 743 24 254 1367
internal_value=0 0.00480172 -0.00757476 0.00697029 -0.00936251 -0.00689856 -0.00513128 -0.00399476 0.00726606 0.00636709 -0.00339508 0.0087238 0.0077565 -0.00410951 -0.00536029 0.00431983 -0.0107809 -0.00468675 -0.00606012 -0.00895063 -0.00985225 -0.00586455 0.00964863 -0.00254132 -0.00716906 -0.00885661 -0.0116801 -0.00188662 -0.00976465 -0.00232215
internal_weight=0 1193.65 754.788 921.507 435.88 159.247 318.908 245.774 894.36 553.204 68.9253 341.156 484.279 93.5894 81.4967 12.0927 276.633 228.184 153.096 73.1344 67.1038 24.6103 288.106 272.142 55.1393 42.9938 221.494 75.0881 85.6214 265.951
internal_count=11097 7520 3577 6104 2186 741 1391 1046 5955 3637 430 2318 3207 402 352 50 1445 969 663 345 320 115 2043 1416 248 197 1197 306 454 1390
is_linear=0
shrinkage=0.01


Tree=103
num_leaves=31
num_cat=0
split_feature=2 0 0 1 3 0 1 1 1 1 1 1 1 0 1 1 1 0 1 1 1 0 0 3 3 12 0 1 2 1
split_gain=696.515 259.855 206.531 34.1173 32.7397 27.0545 15.1639 17.5044 13.6862 13.2245 13.1766 15.2287 14.6107 11.8438 11.633 12.9966 31.4036 22.8897 20.0685 11.6083 55.7161 12.9321 10.8632 10.7728 10.6964 8.97893 8.38794 61.0327 7.91817 19.1662
threshold=65.500000000000014 4296066.5000000009 4301512.5000000009 702778654961.50012 43.500000000000007 5575758.5000000009 1861025320257.0002 3704300934566.5005 174026437347.50003 4363500794354.0005 702778648565.00012 1861025319719.5002 2384994536854.5005 4296358.0000000009 2883033186372.5005 1955683344136.5002 2452704926503.5005 4295248.5000000009 2482915538113.0005 2482915549923.5005 2547630269000.5005 4305469.5000000009 4297271.0000000009 57.500000000000007 32.500000000000007 3.7980938520108252 4295326.5000000009 1862882903109.5002 92.500000000000014 3475289743715.0005
decision_type=2 2 2 2 2 2 2 2 2 2 2 2 2 2 2 2 2 2 2 2 2 2 2 2 2 2 2 2 2 2
left_child=4 14 3 23 8 19 25 13 -1 22 24 -12 -13 -8 15 26 17 -17 -18 21 -21 -4 -5 -3 -10 -6 27 -2 29 -16
right_child=1 2 5 9 6 -7 7 -9 10 -11 11 12 -14 -15 28 16 18 -19 -20 20 -22 -23 -24 -25 -26 -27 -28 -29 -30 -31
leaf_value=-0.0088938956415210522 -0.0040166147362950292 0.0038969070728765375 0.011854923117996758 0.0055859168963905701 -0.011633138296785299 -0.014263583383691681 -0.013047981496540581 -0.010821123511093678 -0.0015322523949258479 -0.013861032676361205 -0.0091571445337622591 0.00083833224780009556 -0.0059314315369575869 -0.00266181366136035 0.011203769265156323 -0.0035222980044334563 0.011765664510247062 0.012755605890806283 0.006004420358400854 -0.0087959018710692012 0.0083969106600333462 0.0051417821399245434 -0.0038982117848243669 -0.012125483381540713 0.010548697929901157 -0.0071159868835994821 0.010982024654165505 0.011918989055735916 0.011691219793477399 -0.0095178423171029466
leaf_weight=72.866670519113541 33.599644631147385 4.3427477777004233 53.927316948771477 14.985903441905974 220.17004318535328 6.6928216814994803 12.707003042101858 65.320675164461136 40.811165496706963 10.822102695703505 63.385765641927719 53.48730780184269 78.919355198740959 80.758703023195267 15.293256118893625 45.572419449687004 86.396871328353882 10.659101784229277 201.41560964286327 26.286565244197845 66.617364421486855 61.330988377332687 62.220406323671341 124.49763275682926 8.9329952299594861 54.996111661195755 143.34484182298183 84.419703289866447 130.90828162431717 6.3034341037273398
leaf_count=345 192 18 347 63 1197 32 71 339 172 54 275 222 335 331 116 244 600 63 1314 153 431 373 259 594 42 248 974 625 1029 39
internal_value=0 0.00476992 -0.00142257 -0.00830693 -0.00752343 0.00552632 -0.0093103 -0.00684951 -0.0050881 -0.00350846 -0.00395867 -0.00512633 -0.0031967 -0.00407385 0.00829729 0.00767549 0.00639844 -0.000436701 0.00773386 0.0061626 0.00353232 0.00828274 -0.00205732 -0.0115854 0.00063723 -0.0107303 0.00935651 0.00738219 0.0107657 0.00515574
internal_weight=0 1189.64 431.724 216.869 752.356 214.855 433.953 158.786 318.403 88.0284 245.537 195.792 132.407 93.4657 757.913 605.408 344.044 56.2315 287.812 208.162 92.9039 115.258 77.2063 128.84 49.7442 275.166 261.364 118.019 152.505 21.5967
internal_count=11097 7520 2324 988 3577 1336 2186 741 1391 376 1046 832 557 402 5196 4012 2221 307 1914 1304 584 720 322 612 214 1445 1791 817 1184 155
is_linear=0
shrinkage=0.01


Tree=104
num_leaves=31
num_cat=0
split_feature=12 1 1 1 12 1 1 12 3 12 12 1 1 1 1 1 12 13 1 1 12 1 3 3 3 12 3 3 12 1
split_gain=674.327 174.547 33.094 24.6248 21.3764 27.3853 17.9513 18.4513 16.7829 14.7839 13.1198 11.6993 73.2511 103.887 15.5183 11.6528 8.73162 12.8625 8.15183 9.00087 6.51131 6.15064 5.39285 5.21163 4.89403 5.90283 4.66013 4.63727 4.3811 3.48695
threshold=1.9533992703327747 1119808862276.5002 174026439498.00003 4092079271560.5005 2.9433833877757176 702778648565.00012 702778653479.50012 3.8370808819283586 38.500000000000007 1.9842187211896343 1.9808932560376222 2547630277329.5005 2482915554044.5005 2547630267620.5005 3704300934115.0005 1862882903109.5002 3.8001003313675121 3.9104172329531406 174026422363.50003 174026437347.50003 2.9346311351522076 2547630292676.5005 26.500000000000004 30.500000000000004 32.500000000000007 3.8680230126305175 32.500000000000007 51.500000000000007 3.8389205183323636 174026418081.50003
decision_type=2 2 2 2 2 2 2 2 2 2 2 2 2 2 2 2 2 2 2 2 2 2 2 2 2 2 2 2 2 2
left_child=1 29 16 11 8 24 28 -8 20 10 -10 12 15 -14 21 -3 -2 -18 23 -20 22 -13 -4 -19 25 -6 -22 -26 -7 -1
right_child=2 3 4 -5 5 6 7 -9 9 -11 -12 14 13 -15 -16 -17 17 18 19 -21 26 -23 -24 -25 27 -27 -28 -29 -30 -31
leaf_value=-0.0090651966796353404 -0.011926247426570063 0.0037063239619642601 -0.0030650871330427281 -0.0027817761829483107 -0.0029405812354995143 -0.014922346277374914 -0.00059591397173763144 -0.0077476079571215306 -0.0089775652962817663 -0.012530972401578864 -0.0022237249306702785 0.012146523070858062 -0.020464755784311832 0.005440935597571887 0.0036429977719472642 0.008257451130040918 0.002277436927236161 0.0012445126479063836 -0.012954046195574356 -0.0019585954622683521 -0.0093588892417988852 0.008709543146718509 0.005203462170822272 -0.0096858386007712544 0.01289775757159552 0.0085551670981767348 -0.0018911443256898162 0.0025586596515451165 -0.0083821875323760297 -0.0022397060097000278
leaf_weight=7.7146310061216345 145.48209102451801 65.160812109708786 31.90901605784893 25.70719450712204 13.600631296634676 15.774739444255827 89.660655036568642 60.362344563007355 107.04280748963356 78.985900014638901 39.33076599240303 68.809199407696724 23.495487898588181 45.375539869070053 52.863172948360443 411.81526163220406 10.848027139902113 10.10489232838154 47.689214959740639 8.8221437484025937 24.07904264330864 213.99856784194708 10.478036358952521 7.6757490783929816 9.2776103168725985 6.6509945243597022 12.797707349061964 8.147914305329321 29.205779239535332 251.20056004822254
leaf_count=39 786 392 130 143 56 69 375 265 551 421 174 473 129 301 275 2804 45 45 230 38 106 1561 43 35 44 28 53 34 127 1325
internal_value=0 0.00479895 -0.00726906 0.00686577 -0.00590901 -0.00362679 -0.00513477 -0.00347343 -0.00765225 -0.00904428 -0.0071628 0.00714711 0.0062437 -0.00339684 0.00861618 0.00763571 -0.0104377 -0.0078942 -0.00937944 -0.0112375 -0.00369446 0.00954579 -0.00102111 -0.00347403 0.00417799 0.000834827 -0.00676728 0.00806335 -0.0106758 -0.00244308
internal_weight=0 1166.14 767.926 907.225 537.304 232.681 195.004 150.023 304.623 225.359 146.374 881.518 545.847 68.871 335.671 476.976 230.622 85.14 74.292 56.5114 79.2638 282.808 42.3871 17.7806 37.6772 20.2516 36.8767 17.4255 44.9805 258.915
internal_count=11097 7442 3655 6078 2476 998 836 640 1478 1146 725 5935 3626 430 2309 3196 1179 393 348 268 332 2034 173 80 162 84 159 78 196 1364
is_linear=0
shrinkage=0.01


Tree=105
num_leaves=31
num_cat=0
split_feature=2 0 0 1 3 0 1 1 2 1 0 1 1 1 0 1 1 1 0 0 2 1 0 4 12 0 1 1 2 1
split_gain=673.975 254.791 202.228 33.471 32.2975 26.7168 15.0588 17.2875 13.4733 12.9714 11.697 11.6894 13.1728 31.251 22.6534 20.1016 11.5187 54.0827 12.9113 10.7208 10.6415 10.1147 9.2363 12.213 8.99317 8.44624 60.3733 8.09561 7.96843 18.9922
threshold=65.500000000000014 4296066.5000000009 4301512.5000000009 702778654961.50012 43.500000000000007 5575758.5000000009 1861025320257.0002 3704300934566.5005 32.500000000000007 4363500794354.0005 4296358.0000000009 2883033186372.5005 1955683344136.5002 2452704926503.5005 4295248.5000000009 2482915538113.0005 2482915549923.5005 2547630269000.5005 4305469.5000000009 4299148.5000000009 102.50000000000001 4092079271560.5005 4296552.0000000009 37.500000000000007 3.7980938520108252 4295326.5000000009 1862882903109.5002 4092079266599.5005 92.500000000000014 3475289743715.0005
decision_type=2 2 2 2 2 2 2 2 2 2 2 2 2 2 2 2 2 2 2 2 2 2 2 2 2 2 2 2 2 2
left_child=4 11 3 20 8 16 24 10 -1 19 -8 12 25 14 -14 -15 18 -18 -4 -5 -3 22 23 -10 -6 26 -2 -24 29 -13
right_child=1 2 5 9 6 -7 7 -9 21 -11 -12 28 13 15 -16 -17 17 -19 -20 -21 -22 -23 27 -25 -26 -27 -28 -29 -30 -31
leaf_value=-0.0071645321295313747 -0.0039945881122820642 0.0013231923373909246 0.011815903452046504 -0.0046870804540771072 -0.011542638663425888 -0.014229238084845995 -0.012977230126838548 -0.01072287446871743 -0.0041516159311672579 -0.013795802619920944 -0.0025987130391050333 0.01115945163482558 -0.0035780194015240176 0.011719202514305565 0.012698336800197598 0.0059192666896074834 -0.0085952450990962274 0.008321996069457686 0.0050844875282196412 0.0032345565936727069 -0.012159081783857053 0.0099829986658009125 -0.0040017539726901969 0.0091568542319737187 -0.0070073075834401009 0.010942792341379015 0.011880703499927982 -0.014694909128942793 0.011657204798136494 -0.0095053074026377905
leaf_weight=150.96599069237709 33.630228623747826 6.1495529413223258 53.424219280481339 51.625972881913185 217.6062680631876 6.6695150285959235 12.547446414828299 64.679559573531151 15.638790711760521 10.739195078611372 80.716154038906097 15.088128447532656 45.465103477239609 85.272857472300529 10.531841307878492 199.69893699884415 26.472780764102936 66.037034898996353 61.061836689710617 25.534049361944199 121.94404396414757 5.7586627751588813 125.13892668485641 12.333795353770256 54.714764997363091 142.05571182072163 83.269027471542358 7.5046700835227957 129.14576099812984 6.3063853681087485
leaf_count=683 192 26 347 213 1197 32 71 339 66 54 331 116 244 600 63 1314 153 431 373 109 586 24 536 51 248 974 625 31 1029 39
internal_value=0 0.00471352 -0.00142739 -0.00825088 -0.00742163 0.00547043 -0.00920665 -0.00675015 -0.00500142 -0.00349877 -0.00399501 0.00822933 0.00760414 0.00631279 -0.000516781 0.0076548 0.00610516 0.00348093 0.00822566 -0.00206563 -0.0115118 -0.00303865 -0.00350552 0.00171641 -0.0106314 0.00930448 0.00731361 -0.00460675 0.0107208 0.00506817
internal_weight=0 1180.12 429.658 215.993 747.605 213.665 430.264 157.943 317.341 87.8992 93.2636 750.464 599.924 340.969 55.9969 284.972 206.996 92.5098 114.486 77.16 128.094 166.375 160.616 27.9726 272.321 258.955 116.899 132.644 150.54 21.3945
internal_count=11097 7520 2324 988 3577 1336 2186 741 1391 376 402 5196 4012 2221 307 1914 1304 584 720 322 612 708 684 117 1445 1791 817 567 1184 155
is_linear=0
shrinkage=0.01


Tree=106
num_leaves=31
num_cat=0
split_feature=2 0 0 1 3 0 1 1 1 4 1 1 1 0 0 0 0 2 1 1 12 2 2 1 1 0 0 1 2 0
split_gain=663.067 251.303 198.856 33.1556 32.0742 26.3031 14.9915 17.1442 13.3672 14.6083 12.8317 11.7002 13.1229 11.5967 11.5796 73.0178 10.7098 10.5218 9.26011 13.3417 8.99933 8.39953 7.95808 18.7064 7.89724 7.64032 10.4577 7.3127 6.49015 6.90957
threshold=65.500000000000014 4296066.5000000009 4301512.5000000009 702778654961.50012 43.500000000000007 5575758.5000000009 1861025320257.0002 3704300934566.5005 174026437347.50003 27.500000000000004 4363500794354.0005 2883033186372.5005 2777491174764.5005 4296358.0000000009 4305780.0000000009 4305469.5000000009 4297271.0000000009 102.50000000000001 174026447279.00003 702778651081.00012 3.7980938520108252 52.500000000000007 92.500000000000014 3475289743715.0005 702778648565.00012 4295248.5000000009 4277441.5000000009 1862882900096.0002 59.500000000000007 4296552.0000000009
decision_type=2 2 2 2 2 2 2 2 2 2 2 2 2 2 2 2 2 2 2 2 2 2 2 2 2 2 2 2 2 2
left_child=4 11 3 17 8 14 20 13 28 -10 16 12 18 -8 15 -4 -5 -3 -2 -20 -6 24 23 -13 -11 26 -14 -15 29 -1
right_child=1 2 5 10 6 -7 7 -9 9 21 -12 22 25 27 -16 -17 -18 -19 19 -21 -22 -23 -24 -25 -26 -27 -28 -29 -30 -31
leaf_value=-0.0022179784347998287 0.012090110609780718 0.001309992478327321 0.0076802274859685661 0.0055481446358749808 -0.011496786239506451 -0.014169588418788667 -0.012938851383331179 -0.010671207998351846 0.0049535192999229658 -0.001435522377806612 -0.013743907008435264 0.011134104285344582 0.0069758518183284917 0.0060129133112767543 0.0091362585808138306 -0.012159885939003618 -0.0038729838708551801 -0.012098034198980012 -0.0018821232414601714 0.0077598505335988504 -0.006953036820275287 -0.0017827193008959144 0.011636490200183763 -0.0093584828246434833 -0.0070414403171956417 0.012814170678206328 -0.0077916782124647027 -0.0036285462252665271 0.0011901803460596843 -0.011051201601282999
leaf_weight=10.532109305262564 47.708484008908272 6.1494035124778739 106.89514391124249 14.971152186393736 216.29597640037537 6.6308100372552863 12.459259450435637 64.344473317265511 17.527311816811562 31.756861343979836 10.672283649444578 14.971835404634477 7.7729050517082277 8.8336242288351041 76.956805124878883 22.444762244820595 62.187541618943214 121.3368361890316 14.766313791275023 510.0697673112154 54.591035157442093 75.006339937448502 128.08720728009939 6.3410959094762793 120.41265785694122 4.1117951422929755 12.5181967318058 71.868049010634422 6.032183811068534 55.628038883209229
leaf_count=47 298 26 685 63 1197 32 71 339 77 136 54 116 41 36 523 96 259 586 84 3502 248 306 1029 39 527 24 63 295 25 273
internal_value=0 0.00468855 -0.00141778 -0.00819419 -0.00737042 0.00543469 -0.00915465 -0.00670137 -0.00495841 -0.00384286 -0.00346652 0.00819228 0.00756591 -0.00395948 0.00606481 0.00423731 -0.002045 -0.0114513 0.00787201 0.00748857 -0.0105811 -0.00452153 0.010695 0.00503708 -0.00587152 0.00038414 -0.00213469 -0.00257319 -0.00873967 -0.00964503
internal_weight=0 1174.59 428.245 215.317 745.288 212.928 428.392 157.505 316.896 244.703 87.831 746.348 596.947 93.1609 206.297 129.34 77.1587 127.486 572.545 524.836 270.887 227.176 149.4 21.3129 152.17 24.4029 20.2911 80.7017 72.1923 66.1601
internal_count=11097 7520 2324 988 3577 1336 2186 741 1391 1046 376 5196 4012 402 1304 781 322 612 3884 3586 1445 969 1184 155 663 128 104 331 345 320
is_linear=0
shrinkage=0.01


Tree=107
num_leaves=31
num_cat=0
split_feature=2 0 0 1 3 0 1 1 1 1 1 1 1 1 1 1 0 1 1 1 0 0 3 1 1 12 0 1 2 1
split_gain=652.418 247.759 195.619 32.911 31.8357 25.9185 18.1741 14.921 16.9996 13.2154 12.5197 14.8141 14.1768 11.7208 13.1601 31.0937 22.4132 20.1186 11.5385 53.4622 12.7663 11.4968 10.2737 9.20746 11.1575 9.0054 8.42249 60.0167 7.94768 18.4265
threshold=65.500000000000014 4296066.5000000009 4301512.5000000009 1862882923884.5002 43.500000000000007 5575758.5000000009 4092079271560.5005 1861025320257.0002 3704300934566.5005 174026437347.50003 702778648565.00012 1861025319719.5002 2384994536854.5005 2883033186372.5005 1955683344136.5002 2452704926503.5005 4295248.5000000009 2482915538113.0005 2482915549923.5005 2547630269000.5005 4305469.5000000009 4296358.0000000009 32.500000000000007 174026445959.50003 702778647780.50012 3.7980938520108252 4295326.5000000009 1862882903109.5002 92.500000000000014 3475289743715.0005
decision_type=2 2 2 2 2 2 2 2 2 2 2 2 2 2 2 2 2 2 2 2 2 2 2 2 2 2 2 2 2 2
left_child=4 13 3 23 9 18 -5 25 21 -1 22 -12 -13 14 26 16 -16 -17 20 -20 -4 -9 -11 -3 -25 -6 27 -2 29 -15
right_child=1 2 5 6 7 -7 -8 8 -10 10 11 12 -14 28 15 17 -18 -19 19 -21 -22 -23 -24 24 -26 -27 -28 -29 -30 -31
leaf_value=-0.008684678827573282 -0.0040226170695824284 -0.012621444141171407 0.011763349997778862 0.0010109473622151516 -0.011451390719350441 -0.014111023804367313 -0.011664080258162363 -0.012901079317935696 -0.010619984229989452 -0.0014475449964148107 -0.0089438979700694893 0.00092870023091699751 -0.0057487867122876755 0.011108975340434068 -0.0036273636696020164 0.011674703668993985 0.012643723396633276 0.0058390774002009599 -0.008588279580676067 0.0082537829733452389 0.0050372722693859959 -0.0025482161622731891 0.010425327413050403 0.0032298453655107257 -0.0093092460137023519 -0.0068992101285154251 0.010884225107296501 0.011844126067389117 0.011616036223385012 -0.0092149780550970558
leaf_weight=71.924633979797363 33.585115060210228 92.397537127137184 52.782780855894089 47.419999599456787 214.98844218254089 6.5919412523508063 14.856538683176039 12.37122221291065 64.00995971262455 40.717361375689507 62.893214255571365 53.408038407564163 78.565998256206512 14.856224924325945 45.370223730802536 84.184203520417213 10.407924547791479 198.09131349623203 26.479548633098602 65.393167749047279 60.637049049139023 80.677788659930229 8.877083480358122 8.224087253212927 51.751775875687599 54.467398822307587 140.28933711349964 82.154616877436638 127.03489156812429 6.3752739131450644
leaf_count=345 192 452 347 200 1197 32 72 71 339 172 275 222 335 116 244 600 63 1314 153 431 373 331 42 37 227 248 974 625 1029 39
internal_value=0 0.00466449 -0.00140924 -0.00813765 -0.00732032 0.00540698 -0.00201278 -0.00910325 -0.00665337 -0.00491679 -0.00380822 -0.00494988 -0.0030465 0.0081543 0.00752657 0.00623131 -0.00059126 0.00757946 0.00603371 0.00339956 0.00816742 -0.00392467 0.000677622 -0.010641 -0.00758984 -0.0105312 0.0092368 0.00723995 0.0106695 0.00500621
internal_weight=0 1168.88 426.534 214.65 742.901 211.884 62.2765 426.515 157.059 316.386 244.462 194.867 131.974 742.349 594.083 338.054 55.7781 282.276 205.293 91.8727 113.42 93.049 49.5944 152.373 59.9759 269.456 256.029 115.74 148.266 21.2315
internal_count=11097 7520 2324 988 3577 1336 272 2186 741 1391 1046 832 557 5196 4012 2221 307 1914 1304 584 720 402 214 716 264 1445 1791 817 1184 155
is_linear=0
shrinkage=0.01


Tree=108
num_leaves=31
num_cat=0
split_feature=12 0 0 0 0 0 12 4 0 0 0 3 12 12 12 0 0 0 12 0 0 0 3 12 0 0 0 0 0 0
split_gain=631.031 244.072 198.819 32.089 25.278 22.6753 16.8308 16.2086 14.0951 12.3368 83.8266 11.9924 9.82681 12.2133 7.59539 5.77954 116.213 5.32733 5.19236 5.11279 14.3106 9.3929 4.97136 4.91743 4.51016 3.76688 91.9217 3.33627 3.25502 2.79156
threshold=1.9533992703327747 4296066.5000000009 4301512.5000000009 4294665.5000000009 5575758.5000000009 4296552.0000000009 3.8142617563909882 28.500000000000004 4305671.5000000009 4305780.0000000009 4305469.5000000009 56.500000000000007 1.961825938807811 2.8901187184528765 1.9644337134783381 4277344.0000000009 4277361.5000000009 4305671.5000000009 3.8241557396950614 4299148.5000000009 4299696.5000000009 4296814.0000000009 27.500000000000004 2.9375842593472381 4296552.0000000009 4295008.0000000009 4277688.5000000009 4296517.5000000009 4297326.0000000009 4300146.5000000009
decision_type=2 2 2 2 2 2 2 2 2 2 2 2 2 2 2 2 2 2 2 2 2 2 2 2 2 2 2 2 2 2
left_child=1 15 19 6 9 12 -2 17 14 10 -4 -8 -5 27 -9 -1 -17 22 -13 21 -21 24 -7 -15 -3 26 -18 -14 -23 -22
right_child=3 2 4 5 -6 7 11 8 -10 -11 -12 18 13 23 -16 16 25 -19 -20 20 29 28 -24 -25 -26 -27 -28 -29 -30 -31
leaf_value=0.010766745194449662 -0.012962134732822412 -0.0077779516791681991 0.0076033429709154122 0.010290926468629263 -0.014053517644905561 0.0038874115408949247 -0.010746154196726938 -0.0096630011653273604 -0.012909564029285517 0.0090794509368540017 -0.014301260732832189 0.0080586280914295497 -0.0051417438556135087 0.0056522348168792178 -0.0062371449872771958 -0.041420290964249311 0.0081634870696220586 0.0050903668495900327 -0.0032162423522396565 0.0021066935950413276 -0.005103705629895908 -0.015421176635467769 -0.0044745374907519467 -0.001481008022849929 -0.00044727503577890118 0.0090446826797499786 -0.030933243243575215 -0.0131945414981049 -0.010602225234874415 -0.010760371840369569
leaf_weight=74.480543367564678 118.62033857405186 31.670450657606125 105.91477364301682 6.6745817065238944 6.5529214143753043 8.02579717338085 21.675336822867393 82.334431186318398 44.587258219718933 76.27403412759304 20.921794146299362 5.6945791095495251 10.740523487329483 11.917412370443342 302.43062399327755 4.756957232952117 364.93048371374607 8.0029841363430005 14.446546882390974 15.303536385297773 12.178926482796667 16.987720742821693 62.298011496663094 51.113857582211494 11.418729841709135 287.14631971716881 6.1143939495086661 9.8749842196702957 80.14830906689167 30.755360215902328
leaf_count=535 674 148 685 33 32 33 103 437 238 523 90 24 50 53 1365 26 2576 33 66 69 56 79 273 219 53 2020 34 54 372 144
internal_value=0 0.00469162 -0.00151297 -0.00706791 0.00527766 -0.00600249 -0.0110391 -0.00682384 -0.00758702 0.00590134 0.00399016 -0.00558392 -0.00138587 -0.00231761 -0.00697023 0.00812552 0.00782879 -0.00264044 -2.84543e-05 -0.00868684 -0.00619626 -0.00972122 -0.00352022 -0.000132316 -0.00583531 0.00818473 0.00751922 -0.00899909 -0.011445 -0.00915578
internal_weight=0 1145.56 408.127 758.437 209.664 598 160.437 507.679 429.352 203.111 126.837 41.8165 90.3214 83.6468 384.765 737.429 662.948 78.3268 20.1411 198.463 58.2378 140.225 70.3238 63.0313 43.0892 658.191 371.045 20.6155 97.136 42.9343
internal_count=11097 7442 2251 3655 1330 2788 867 2379 2040 1298 775 193 409 376 1802 5191 4656 339 90 921 269 652 306 272 201 4630 2610 104 451 200
is_linear=0
shrinkage=0.01


Tree=109
num_leaves=31
num_cat=0
split_feature=2 0 0 1 3 0 1 1 1 4 1 1 1 1 0 0 1 1 1 0 2 0 12 0 1 2 2 1 1 1
split_gain=631.659 240.826 189.004 32.8331 31.3966 25.1499 14.921 16.8174 13.0848 14.1095 12.6553 11.8075 13.184 30.7554 17.6657 13.7278 11.5582 52.8578 12.6542 11.3507 10.4525 10.4497 9.00044 8.37834 59.4014 8.22112 7.9998 18.2632 7.66736 7.15631
threshold=65.500000000000014 4296066.5000000009 4301512.5000000009 702778654961.50012 43.500000000000007 5575758.5000000009 1861025320257.0002 3704300934566.5005 174026437347.50003 27.500000000000004 4363500794354.0005 2883033186372.5005 1955683344136.5002 2384994534721.0005 4295248.5000000009 4277688.5000000009 2482915549923.5005 2547630269000.5005 174026440880.50003 4296358.0000000009 102.50000000000001 4299148.5000000009 3.7980938520108252 4295326.5000000009 1862882903109.5002 52.500000000000007 92.500000000000014 3475289743715.0005 702778648565.00012 1862882900096.0002
decision_type=2 2 2 2 2 2 2 2 2 2 2 2 2 2 2 2 2 2 2 2 2 2 2 2 2 2 2 2 2 2
left_child=4 11 3 20 8 16 22 19 -1 -10 21 12 23 14 -14 -15 18 -18 -4 -8 -3 -5 -6 24 -2 28 27 -13 -11 -21
right_child=1 2 5 10 6 -7 7 -9 9 25 -12 26 13 15 -16 -17 17 -19 -20 29 -22 -23 -24 -25 -26 -27 -28 -29 -30 -31
leaf_value=-0.0085933200575840137 -0.0040072813719124276 0.0014295313648589566 0.0023099530487755192 -0.0045042408373607828 -0.011366644474119017 -0.013997044599082019 -0.012827025130920728 -0.010519448045149425 0.0049209414239822944 -0.0013650097691854204 -0.013615871270349191 0.01106379960317885 -0.0052435482003582038 0.0084609211764368336 0.012661380609202806 0.0034278860528156561 -0.0085803763504396849 0.0081882719286192392 0.010052902245414348 0.0060176556970480879 -0.011939974577594334 0.0033132777044604651 -0.006801920287856116 0.010825074517125128 0.011806940924334448 -0.0016896520279478058 0.011580969637125675 -0.0092123757804621984 -0.0068957761871997671 -0.0035205634853628155
leaf_weight=71.554042339324951 33.605896979570389 6.1481348723173133 28.169553503394127 51.629296332597733 212.50034196674824 6.513762727379798 12.194979563355444 63.329548612236977 17.499974280595779 31.696131378412247 10.501275092363356 14.647804334759714 32.391883075237274 224.55005544424057 6.6400198042392722 71.43206812441349 26.487239792943001 64.754554703831673 84.182227045297623 8.8340301960706693 119.69859847426414 25.565987303853035 54.215589225292206 138.48957522213459 81.004905730485916 74.946589842438698 125.21129502356052 6.3758961558341971 119.8178366869688 71.784325391054153
leaf_count=345 192 26 151 213 1197 32 71 339 77 136 54 116 167 1548 40 466 153 431 569 36 586 109 248 974 625 306 1029 39 527 295
internal_value=0 0.00461587 -0.00138819 -0.00801354 -0.00722029 0.00534551 -0.0090015 -0.00654643 -0.00483308 -0.00373019 -0.00331629 0.00807965 0.00744735 0.00614597 -0.0021976 0.00724625 0.00596435 0.00332038 0.00811154 -0.00383551 -0.0112868 -0.00191519 -0.0104388 0.00916993 0.00716993 -0.00439872 0.0106226 0.00491461 -0.00573876 -0.00247538
internal_weight=0 1158 423.651 213.543 738.373 210.107 422.859 156.143 315.515 243.961 87.6966 734.349 588.114 335.014 39.0319 295.982 203.594 91.2418 112.352 92.8133 125.847 77.1953 266.716 253.1 114.611 226.461 146.235 21.0237 151.514 80.6184
internal_count=11097 7520 2324 988 3577 1336 2186 741 1391 1046 376 5196 4012 2221 207 2014 1304 584 720 402 612 322 1445 1791 817 969 1184 155 663 331
is_linear=0
shrinkage=0.01


Tree=110
num_leaves=31
num_cat=0
split_feature=2 0 0 1 3 0 1 1 1 4 1 1 1 1 0 1 0 0 0 0 2 12 0 1 0 12 2 1 1 1
split_gain=621.465 237.518 185.865 32.5253 31.1729 24.764 14.8503 16.6752 12.9165 13.8424 12.5199 11.8179 13.1323 30.4391 21.8478 20.2575 11.469 70.8778 11.2533 10.4668 10.3364 9.00629 8.34057 58.8253 8.22043 8.40628 7.98911 18.0285 7.94356 7.0159
threshold=65.500000000000014 4296066.5000000009 4301512.5000000009 702778654961.50012 43.500000000000007 5575758.5000000009 1861025320257.0002 3704300934566.5005 174026437347.50003 27.500000000000004 4363500794354.0005 2883033186372.5005 1955683344136.5002 2452704926503.5005 4295248.5000000009 2482915538113.0005 4305780.0000000009 4305469.5000000009 4296358.0000000009 4297271.0000000009 102.50000000000001 3.7980938520108252 4295326.5000000009 1862882903109.5002 4296552.0000000009 2.9375842593472381 92.500000000000014 3475289745763.0005 702778649068.50012 1862882900096.0002
decision_type=2 2 2 2 2 2 2 2 2 2 2 2 2 2 2 2 2 2 2 2 2 2 2 2 2 2 2 2 2 2
left_child=4 11 3 20 8 16 21 18 -1 -10 19 12 22 14 -14 -15 17 -4 -8 -5 -3 -6 23 -2 25 -11 27 -13 -26 -20
right_child=1 2 5 10 6 -7 7 -9 9 24 -12 26 13 15 -16 -17 -18 -19 29 -21 -22 -23 -24 -25 28 -27 -28 -29 -30 -31
leaf_value=-0.0085349030634041204 -0.0039585245617041612 0.0014152645952292245 0.0075363103628129117 0.0056069317777283391 -0.011322509066935773 -0.013941580823366924 -0.012791001366373718 -0.010469485353875197 0.0048754495373168269 0.0079706125162171005 -0.013567074523019883 0.008952183166995014 -0.0036219092877492025 0.01161123303190259 0.012562205997782794 0.0057048807672337148 0.0090142654327094174 -0.012071052449640142 0.0059588712964215168 -0.0037033439498442193 -0.011881530196529343 -0.0067493126723583456 0.01079314333086503 0.011785731943698093 -0.00054135965145444989 -0.0028634522362501798 0.011561207495332092 -0.016277376477236215 -0.0061121487921310357 -0.00348645459952239
leaf_weight=71.324510097503662 33.679248258471489 6.1480117738246909 105.05291029810905 14.983554169535635 211.20190124213696 6.4744769334793082 12.107469975948332 62.997124031186104 17.486697748303413 9.6266701072454435 10.433992117643355 17.566925041377548 45.368203043937683 82.609405696392059 10.220313876867293 195.47945596277714 75.480942696332932 22.360337302088737 8.8319767117500287 62.207632482051849 119.08758008480072 54.092411011457443 137.51518893241882 80.342487245798111 30.54149866104126 27.970501154661179 124.17625269293785 3.3767420649528495 158.09278306365013 71.761859014630318
leaf_count=345 192 26 685 63 1197 32 71 339 77 40 54 137 244 600 63 1314 523 96 36 259 586 248 974 625 131 117 1029 18 681 295
internal_value=0 0.00459146 -0.00137893 -0.00795903 -0.00717095 0.00531092 -0.00895123 -0.00649962 -0.00479197 -0.00369659 -0.00328585 0.00804313 0.00740968 0.00610906 -0.000646353 0.00745943 0.00592527 0.00409532 -0.00380181 -0.00189613 -0.0112288 -0.0103901 0.00913502 0.00713526 -0.00435917 -8.94146e-05 0.0105976 0.00488443 -0.00521019 -0.00245138
internal_weight=0 1152.56 422.229 212.861 736.035 209.369 420.993 155.698 315.043 243.718 87.6252 730.334 585.214 333.677 55.5885 278.089 202.894 127.413 92.7013 77.1912 125.236 265.294 251.537 114.022 226.231 37.5972 145.12 20.9437 188.634 80.5938
internal_count=11097 7520 2324 988 3577 1336 2186 741 1391 1046 376 5196 4012 2221 307 1914 1304 781 402 322 612 1445 1791 817 969 157 1184 155 812 331
is_linear=0
shrinkage=0.01


Tree=111
num_leaves=31
num_cat=0
split_feature=2 0 0 1 1 0 0 12 0 0 0 0 1 1 1 1 0 0 1 1 2 1 12 1 0 0 2 12 1 1
split_gain=611.498 234.208 182.848 32.2595 30.7837 29.1237 24.4042 21.1476 17.2819 13.469 12.7507 11.988 11.8282 13.1388 11.5821 52.2448 12.5848 10.2406 9.18044 13.2479 7.97671 17.8367 7.92185 7.73431 7.63683 10.3735 7.56818 6.81119 6.35711 11.0906
threshold=65.500000000000014 4296066.5000000009 4301512.5000000009 174026445959.50003 174026439498.00003 4296066.5000000009 5575758.5000000009 2.9433833877757176 4297271.0000000009 4299148.5000000009 4299696.5000000009 4296814.0000000009 2883033186372.5005 2777491174764.5005 2482915549923.5005 2547630269000.5005 4305469.5000000009 5575758.5000000009 174026447279.00003 702778651081.00012 92.500000000000014 3475289743715.0005 1.961825938807811 702778649068.50012 4295248.5000000009 4277441.5000000009 60.500000000000007 1.9808932560376222 702778648565.00012 702778654685.50012
decision_type=2 2 2 2 2 2 2 2 2 2 2 2 2 2 2 2 2 2 2 2 2 2 2 2 2 2 2 2 2 2
left_child=4 12 3 -3 26 7 14 -6 22 11 -11 -5 13 18 16 -16 -4 23 -2 -20 21 -14 -7 -10 25 -15 -1 -24 -9 -30
right_child=1 2 6 9 5 8 -8 28 17 10 -12 -13 20 24 15 -17 -18 -19 19 -21 -22 -23 27 -25 -26 -27 -28 -29 29 -31
leaf_value=-0.01064439333342874 0.011952409837741082 -0.012420213780629947 0.011671155298819126 -0.0010690869919318909 -0.01292623123112914 0.012904655834526777 -0.013887100980210506 0.0067433451439613268 -0.0016870149770437479 0.0099553238086738834 -0.0031645692140803918 -0.0092178303956117705 0.011019520456611814 0.0067781436841153585 -0.0085716129727468511 0.0081213513529755418 0.00492798669039327 -0.013697924217798481 -0.0020903068956393141 0.0075746593765511844 0.011541690751108134 -0.0090144508197005577 -0.011663260976506662 -0.0060305165741800738 0.012712427741258374 -0.0080201769011754437 -0.0018339328295557669 -0.00075920473333105298 -0.014746094440496469 0.0032214777426694792
leaf_weight=211.19483688473701 46.224848195910454 90.632551670074463 51.625218719244003 26.024400621652603 79.874054461717606 3.9913017004728308 6.4350754767656317 6.4222986996173885 48.970528870820999 10.316841945052145 26.268445998430252 58.944933235645294 14.442466080188753 7.6569854617118898 26.495779097080231 64.124888345599174 59.663513466715813 15.34612165391445 14.598526433110235 497.3943530023098 123.14753264188766 6.4193675220012656 6.137326940894126 251.75167061388493 4.0268068313598624 12.421495109796522 10.221652016043661 86.01403434574604 6.5369097143411619 7.240530863404274
leaf_count=1118 298 452 347 116 462 18 32 27 232 45 117 258 116 41 153 431 373 81 84 3502 1029 39 33 1127 24 63 52 364 30 33
internal_value=0 0.00456832 -0.00137067 -0.00790464 -0.00712199 -0.00577535 0.00528381 -0.0106145 -0.00460054 -0.00453778 0.000535166 -0.00672203 0.00800688 0.00737227 0.0058948 0.00324064 0.00805604 -0.00572983 0.00768441 0.00729908 0.010573 0.00485489 -0.000888025 -0.00532321 0.000143871 -0.0023768 -0.0102377 -0.00148542 -0.00147333 -0.0053035
internal_weight=0 1146.86 420.532 212.187 733.701 512.285 208.344 100.074 412.211 121.555 36.5853 84.9693 726.332 582.323 201.909 90.6207 111.289 316.068 558.218 511.993 144.009 20.8618 96.1427 300.722 24.1053 20.0785 221.416 92.1514 20.1997 13.7774
internal_count=11097 7520 2324 988 3577 2407 1336 552 1855 536 162 374 5196 4012 1304 584 720 1440 3884 3586 1184 155 415 1359 128 104 1170 397 90 63
is_linear=0
shrinkage=0.01


Tree=112
num_leaves=31
num_cat=0
split_feature=2 0 0 1 3 0 1 1 1 2 1 1 1 0 1 0 0 0 1 1 1 12 0 4 0 1 1 2 1 3
split_gain=601.513 230.966 179.751 32.0664 30.8775 24.0297 17.6574 14.8208 16.5498 12.7872 11.848 13.1194 30.2791 21.6155 20.2738 11.4661 69.8042 11.1113 9.90231 9.1434 11.1085 9.06079 8.65326 11.7854 8.31952 58.4768 7.96628 7.96601 17.5725 7.8516
threshold=65.500000000000014 4296066.5000000009 4301512.5000000009 1862882923884.5002 43.500000000000007 5575758.5000000009 4092079271560.5005 1861025320257.0002 3704300934566.5005 32.500000000000007 2883033186372.5005 1955683344136.5002 2452704926503.5005 4295248.5000000009 2482915538113.0005 4305780.0000000009 4305469.5000000009 4296358.0000000009 4092079271560.5005 174026445959.50003 702778647780.50012 3.7980938520108252 4296552.0000000009 37.500000000000007 4295326.5000000009 1862882903109.5002 4092079266599.5005 92.500000000000014 3475289743715.0005 31.500000000000004
decision_type=2 2 2 2 2 2 2 2 2 2 2 2 2 2 2 2 2 2 2 2 2 2 2 2 2 2 2 2 2 2
left_child=4 10 3 19 9 15 -5 21 17 29 11 24 13 -13 -14 16 -4 -9 22 -3 -21 -6 23 -11 25 -2 -24 28 -12 -1
right_child=1 2 5 6 7 -7 -8 8 -10 18 27 12 14 -15 -16 -17 -18 -19 -20 20 -22 -23 26 -25 -26 -27 -28 -29 -30 -31
leaf_value=-0.0084297598117474976 -0.0039845919487548117 -0.012363000656360555 0.0074607928921563392 0.001147335485625733 -0.011243553021431946 -0.013833581605261127 -0.011433731414189796 -0.012720153783543169 -0.010380415087995008 -0.0039688267885038984 0.010995346448328986 -0.0036686491919267739 0.01156899597595562 0.012511147986891053 0.0056263762780725058 0.0089585900035368243 -0.012025126450141215 -0.0023798370975567627 0.010084253628247483 0.0035403894093796375 -0.0090335316255759218 -0.0066416152967679254 -0.0037240807264235006 0.0091224125477781595 0.010736736444106309 0.011751493686565969 -0.014371185165751942 0.011522413713268178 -0.0088786793060191271 -0.0035305136505495755
leaf_weight=100.19799926877022 33.63683208823204 90.143912315368652 104.09282569587231 47.511057913303375 208.82086244225502 6.3955696970224372 14.578603237867354 11.931894347071646 62.371761664748192 15.592255517840385 14.330039598047735 45.278533697128296 81.549808263778687 10.098505958914755 193.93099616467953 74.81415556371212 22.32722333073616 80.517272680997849 5.7667256593704215 8.1430511921644193 51.223326459527016 53.809003129601479 124.1942033469677 12.302656084299088 135.79579374194145 79.261850528419018 7.4488536119461051 122.12514557689428 6.4521891027688971 48.567035675048828
leaf_count=473 192 452 685 200 1197 32 72 71 339 66 116 244 600 63 1314 523 96 331 24 37 227 248 536 51 974 625 31 1029 39 210
internal_value=0 0.0045433 -0.00136117 -0.00784747 -0.00707195 0.00524917 -0.00180669 -0.00885399 -0.0063999 -0.00470332 0.00796956 0.00733364 0.00602921 -0.000718116 0.00738555 0.00585565 0.00401936 -0.0037144 -0.00278914 -0.0103561 -0.00730882 -0.0103007 -0.00325447 0.00180488 0.00906904 0.00706311 -0.00432653 0.0105485 0.00482512 -0.00683031
internal_weight=0 1141.69 419.23 211.6 731.521 207.63 62.0897 417.451 154.821 314.07 722.46 579.552 330.858 55.377 275.481 201.234 126.42 92.4492 165.305 149.51 59.3664 262.63 159.538 27.8949 248.694 112.899 131.643 142.907 20.7822 148.765
internal_count=11097 7520 2324 988 3577 1336 272 2186 741 1391 5196 4012 2221 307 1914 1304 781 402 708 716 264 1445 684 117 1791 817 567 1184 155 683
is_linear=0
shrinkage=0.01


Tree=113
num_leaves=31
num_cat=0
split_feature=12 0 0 1 1 0 0 12 4 0 0 0 3 1 1 1 0 1 1 1 12 4 13 3 12 12 1 1 1 0
split_gain=580.879 227.966 183.134 32.1719 31.1095 30.8052 23.4449 21.9042 17.5004 15.6908 12.1057 80.3793 11.8929 11.7163 13.3239 29.9738 16.1815 12.4591 9.95102 14.4317 9.17823 8.95033 12.982 8.86552 9.85931 8.12702 17.1374 8.11958 8.72324 7.95026
threshold=1.9533992703327747 4296066.5000000009 4301512.5000000009 174026439498.00003 174026445959.50003 4295008.0000000009 5575758.5000000009 3.8142617563909882 27.500000000000004 4296552.0000000009 4305780.0000000009 4305469.5000000009 28.500000000000004 2883033186372.5005 1955683344136.5002 2384994533778.0005 4295248.5000000009 2777491174764.5005 4363500793924.5005 1862882928450.5002 1.961825938807811 60.500000000000007 3.9104172329531406 43.500000000000007 3.8061042970938286 1.9393065999967327 3475289743715.0005 174026422363.50003 174026437347.50003 4295326.5000000009
decision_type=2 2 2 2 2 2 2 2 2 2 2 2 2 2 2 2 2 2 2 2 2 2 2 2 2 2 2 2 2 2
left_child=1 13 4 21 -3 7 10 -5 23 20 11 -4 -11 14 29 16 -16 -17 19 -6 -10 22 -2 -7 -25 -15 -27 -24 -29 -1
right_child=3 2 6 5 18 8 -8 -9 9 12 -12 -13 -14 25 15 17 -18 -19 -20 -21 -22 -23 27 24 -26 26 -28 28 -30 -31
leaf_value=0.0070971405201950043 0.0033455499281130102 -0.012894377609122329 0.007420654809122784 -0.012851662020462402 -0.0068537986704568891 0.0074093201845330161 -0.013781000692103057 -0.00088857006869157986 0.013973435061200802 -0.0030828156873945033 0.0089208463939781033 -0.014131299739713752 -0.0072344523506132361 0.011503373155150402 -0.0063101598219487687 0.0075976523393762197 0.012533242219361465 8.6734823647974341e-05 -0.013733056234954171 0.0010451089862914245 -0.0013021566550606017 -0.011540760419457171 -0.0029319523817485215 0.0025956362679568153 -0.0076911235633481921 0.010939496690078711 -0.0087458597033350498 -0.012576290941933353 -0.0016492336763530508 0.010703303366610566
leaf_weight=111.95710196346045 9.9264151006937009 86.182502761483192 103.61171814799309 78.938825219869614 60.469961792230606 15.427544310688971 6.3559706360101691 18.98644545674324 4.2724647223949423 100.76558598875999 74.381556257605553 20.774724423885345 218.87707312405109 121.10910594463348 26.991488069295883 273.03731006383896 5.482960879802703 24.028742089867592 11.325780481100081 37.458637535572052 49.556140676140785 140.65145702660084 17.408354699611664 23.08875373005867 15.621012106537817 13.906649194657804 6.4845098853111258 44.792485952377319 8.7297235876321775 134.67615930736065
leaf_count=815 41 437 685 463 269 69 32 85 20 424 523 90 1037 1029 137 1922 34 128 58 157 215 797 80 96 67 114 39 223 38 973
internal_value=0 0.00456854 -0.00147508 -0.0068202 -0.00840224 -0.00547291 0.00512494 -0.0105322 -0.0043143 -0.00508453 0.00572949 0.0038211 -0.00592567 0.00794172 0.00730853 0.00599297 -0.00312865 0.00699012 -0.00485874 -0.00383239 -8.97079e-05 -0.0100167 -0.0073655 0.000999209 -0.0015555 0.01052 0.00467944 -0.00886446 -0.010794 0.00906632
internal_weight=0 1118.23 400.561 747.042 195.437 525.534 205.124 97.9253 427.609 373.471 198.768 124.386 319.643 717.674 576.174 329.541 32.4744 297.066 109.254 97.9286 53.8286 221.508 80.857 54.1373 38.7098 141.5 20.3912 70.9306 53.5222 246.633
internal_count=11097 7442 2251 3655 921 2476 1330 548 1928 1696 1298 775 1461 5191 4009 2221 171 2050 484 426 235 1179 382 232 163 1182 153 341 261 1788
is_linear=0
shrinkage=0.01


Tree=114
num_leaves=31
num_cat=0
split_feature=12 0 0 1 1 0 0 12 4 0 0 0 3 1 1 1 0 1 1 1 12 4 13 1 12 1 1 1 0 1
split_gain=571.57 224.745 180.193 31.9445 30.9025 30.5841 23.1074 21.7699 17.1829 15.4316 11.9645 79.1104 11.7314 11.7307 13.2516 29.7043 21.099 20.2931 9.86282 14.169 8.98325 8.93378 12.7884 8.7365 8.11504 16.8884 8.04062 8.64852 7.93445 56.587
threshold=1.9533992703327747 4296066.5000000009 4301512.5000000009 174026439498.00003 174026445959.50003 4295008.0000000009 5575758.5000000009 3.8142617563909882 27.500000000000004 4296552.0000000009 4305780.0000000009 4305469.5000000009 28.500000000000004 2883033186372.5005 1955683344136.5002 2452704926503.5005 4295248.5000000009 2482915538113.0005 4363500793924.5005 1862882928450.5002 1.961825938807811 60.500000000000007 3.9104172329531406 174026447279.00003 1.9393065999967327 3475289745763.0005 174026422363.50003 174026437347.50003 4295326.5000000009 1862882903109.5002
decision_type=2 2 2 2 2 2 2 2 2 2 2 2 2 2 2 2 2 2 2 2 2 2 2 2 2 2 2 2 2 2
left_child=1 13 4 21 -3 7 10 -5 23 20 11 -4 -11 14 28 16 -16 -17 19 -6 -10 22 -2 -7 -15 -26 -24 -28 29 -1
right_child=3 2 6 5 18 8 -8 -9 9 12 -12 -13 -14 24 15 17 -18 -19 -20 -21 -22 -23 26 -25 25 -27 27 -29 -30 -31
leaf_value=-0.0038408574408577618 0.0033122071049500401 -0.012842054515266656 0.0073806720461152622 -0.012815951391454042 -0.0067943086757672631 0.0098276506574863087 -0.013729335772674335 -0.00087991681437076051 0.013812843406858899 -0.0030535903589150029 0.0088832463136224379 -0.014041075515297093 -0.0071792231123393429 0.011484564635709722 -0.0036183354350113458 0.011527415510744569 0.012454328653461338 0.005547700446330418 -0.013682734567616912 0.0010348709708367593 -0.0012892323599600014 -0.011496955651978343 -0.0029055622947226994 -0.00083775186627747203 0.0087735848811551463 -0.015512941033651167 -0.012520207075628349 -0.0016333694943535312 0.010672200923435663 0.011717892873305102
leaf_weight=33.366673737764359 9.926079109311102 85.670872509479523 103.13368153572083 78.370045617222786 60.389838263392448 9.2690824270248395 6.3162887543439856 18.981454789638519 4.2788834273815146 100.71295981109142 73.951587587594986 20.699511989951134 218.35788398981094 120.09943401068449 45.362151265144348 80.496798902750015 9.9609090685844404 192.40252596139908 11.254118815064428 37.450957238674164 49.552420258522034 139.77985498309135 17.390890270471573 44.810401752591133 16.865639060735706 3.4487237930297843 44.544445872306824 8.7263836860656721 133.72274884581566 78.069044969975948
leaf_count=191 41 437 685 463 269 44 32 85 20 424 523 90 1037 1029 244 600 63 1314 58 157 215 797 80 188 135 18 223 38 973 624
internal_value=0 0.00454567 -0.00146656 -0.00677339 -0.00834709 -0.00543069 0.00509926 -0.0104887 -0.00427748 -0.00504142 0.00570055 0.00379989 -0.00587699 0.0079053 0.0072709 0.00595704 -0.000724455 0.00731153 -0.00481725 -0.0037975 -8.88152e-05 -0.00996814 -0.0073164 0.00099027 0.0104958 0.00465052 -0.00880943 -0.0107368 0.00902993 0.00705921
internal_weight=0 1112.66 398.867 744.701 194.766 524.333 204.101 97.3515 426.982 372.902 197.785 123.833 319.071 713.795 573.381 328.222 55.3231 272.899 109.095 97.8408 53.8313 220.368 80.5878 54.0795 140.414 20.3144 70.6617 53.2708 245.158 111.436
internal_count=11097 7442 2251 3655 921 2476 1330 548 1928 1696 1298 775 1461 5191 4009 2221 307 1914 484 426 235 1179 382 232 1182 153 341 261 1788 815
is_linear=0
shrinkage=0.01


Tree=115
num_leaves=31
num_cat=0
split_feature=2 0 0 1 3 0 1 1 2 1 1 1 0 1 1 1 0 1 0 2 0 1 12 0 0 1 2 1 1 3
split_gain=573.306 221.255 171.132 31.3964 30.3308 23.0101 14.7718 16.3761 12.3207 12.1158 11.8964 52.3457 12.1959 11.8806 12.942 29.348 20.7849 20.2358 10.9004 10.1655 10.1313 9.69292 9.02421 8.36862 8.22961 57.6498 7.93296 16.9156 7.82055 7.80849
threshold=65.500000000000014 4296066.5000000009 4301512.5000000009 702778654961.50012 43.500000000000007 5575758.5000000009 1861025320257.0002 3704300934566.5005 32.500000000000007 4363500794354.0005 2482915549923.5005 2547630269000.5005 4305469.5000000009 2883033186372.5005 1955683344136.5002 2452704926503.5005 4295248.5000000009 2482915538113.0005 4296358.0000000009 102.50000000000001 4297271.0000000009 4092079271560.5005 3.7980938520108252 4296552.0000000009 4295326.5000000009 1862882903109.5002 92.500000000000014 3475289743715.0005 4092079266599.5005 31.500000000000004
decision_type=2 2 2 2 2 2 2 2 2 2 2 2 2 2 2 2 2 2 2 2 2 2 2 2 2 2 2 2 2 2
left_child=4 13 3 19 8 10 22 18 29 20 12 -12 -4 14 24 16 -16 -17 -8 -3 -5 23 -6 -10 25 -2 27 -15 -25 -1
right_child=1 2 5 9 6 -7 7 -9 21 -11 11 -13 -14 26 15 17 -18 -19 -20 -21 -22 -23 -24 28 -26 -27 -28 -29 -30 -31
leaf_value=-0.0082825496966518527 -0.003973611572391132 0.0015948428167928247 0.011583573238791859 0.005631362296251401 -0.011123631691030578 -0.013678566765147773 -0.012617731788854662 -0.010251893314669983 0.0018156429838171427 -0.013372239965010526 -0.0087940035476412864 0.0080129498629797399 0.0048798182666316301 0.010928150535674572 -0.0035756630300497073 0.011502697102094917 0.012423962415219265 0.0055117265759131139 -0.0022753777470227755 -0.011617472060585238 -0.0035309967735356941 0.010044703412808876 -0.0065098146678291904 -0.003621204393829965 0.010643411443855522 0.011698870763799163 0.011465985709539377 -0.0085634920482126464 -0.014192116223530091 -0.0033834341755521503
leaf_weight=99.307286933064461 33.652492806315422 6.1306741237640372 50.519439339637756 14.97575721144676 205.14050500094891 6.2765341997146598 11.669725358486174 61.456367656588554 27.860719904303551 10.154269590973852 26.277049362659454 62.864869326353073 58.635780304670334 14.017583601176741 45.444064155220985 79.866244822740555 9.8857794106006605 191.72512529790401 80.407078623771667 116.15309119224548 62.165362611413002 5.7587524503469458 53.434786185622215 123.74605099856853 132.93170961737633 77.572284631431103 119.09613093733788 6.5248471051454535 7.4181599467992774 48.384648978710175
leaf_count=473 192 26 347 63 1197 32 71 339 117 54 153 431 373 116 244 600 63 1314 331 586 259 24 248 536 974 625 1029 39 31 210
internal_value=0 0.00447588 -0.00133395 -0.00768485 -0.00692975 0.00517235 -0.00871131 -0.00625432 -0.00458014 -0.00310391 0.00576902 0.00305863 0.00798246 0.00786142 0.00722209 0.00592113 -0.000717011 0.00727348 -0.00358616 -0.0109551 -0.00175227 -0.00270026 -0.0101702 -0.00316179 0.00896406 0.00695696 0.0104761 0.00473706 -0.00421906 -0.00667757
internal_weight=0 1124.87 414.153 209.579 724.584 204.574 412.108 153.533 312.476 87.2954 198.297 89.1419 109.155 710.716 571.078 326.921 55.3298 271.591 92.0768 122.284 77.1411 164.784 258.575 159.025 244.156 111.225 139.639 20.5424 131.164 147.692
internal_count=11097 7520 2324 988 3577 1336 2186 741 1391 376 1304 584 720 5196 4012 2221 307 1914 402 612 322 708 1445 684 1791 817 1184 155 567 683
is_linear=0
shrinkage=0.01


Tree=116
num_leaves=31
num_cat=0
split_feature=2 0 0 1 3 0 1 1 0 0 1 4 1 1 0 1 1 1 0 1 1 12 2 2 1 0 0 1 12 2
split_gain=564.049 218.218 168.289 31.1802 30.1098 22.6588 14.7039 16.2382 13.2236 12.456 12.2052 12.9625 11.8889 12.9676 11.8434 11.7666 51.3794 12.1758 10.8079 9.07139 13.2252 9.02904 7.92532 7.92218 16.6693 7.60253 10.2655 7.36201 6.993 6.32236
threshold=65.500000000000014 4296066.5000000009 4301512.5000000009 174026445959.50003 43.500000000000007 5575758.5000000009 1861025320257.0002 3704300934566.5005 4299148.5000000009 4299696.5000000009 174026437347.50003 27.500000000000004 2883033186372.5005 2777491174764.5005 4296517.5000000009 2482915549923.5005 2547630269000.5005 174026440880.50003 4296358.0000000009 174026447279.00003 702778651081.00012 3.7980938520108252 52.500000000000007 92.500000000000014 3475289743715.0005 4295248.5000000009 4277590.5000000009 702778648565.00012 3.8061042970938286 59.500000000000007
decision_type=2 2 2 2 2 2 2 2 2 2 2 2 2 2 2 2 2 2 2 2 2 2 2 2 2 2 2 2 2 2
left_child=4 12 3 -3 10 15 21 18 14 -10 29 -12 13 19 -5 17 -17 -4 -8 -2 -21 -6 27 24 -14 26 -15 -13 -20 -1
right_child=1 2 5 8 6 -7 7 -9 9 -11 11 22 23 25 -16 16 -18 -19 28 20 -22 -23 -24 -25 -26 -27 -28 -29 -30 -31
leaf_value=-0.0091483317040080819 0.011817113535367112 -0.012154471123659692 0.0021879398545171292 0.0056758256842609324 -0.011081704688418556 -0.013628671252682726 -0.012584915956093437 -0.010204000021167645 0.010019004511779553 -0.0029673243814797323 0.0048272801872073093 -0.0011515971585938363 0.010904695776814277 0.0026438354386851327 -0.0076600582012922346 -0.0086637749808683266 0.0079705611553563312 0.0098868544592952325 -0.0010322948531626716 -0.0023239929777484018 0.0073961738665598974 -0.0064594952684297133 -0.0014631826087981034 0.01144763052706073 -0.0084374963618775462 0.012633634000901062 -0.012474299322650468 -0.0065913997257676209 -0.0093786532177281088 0.0015587438354082775
leaf_weight=63.828013896942139 44.715272918343544 88.152737826108932 27.50212736427784 7.2896067202091208 203.86388197541237 6.2367174029350272 11.583585068583487 61.129014804959297 10.295504584908484 26.135391816496849 17.43609131872654 31.492014497518539 13.907806530594828 13.103987678885465 77.028331905603409 26.404662325978279 62.568690851330757 81.164927393198013 68.63328917324543 14.413451910018919 485.24536594003439 53.313145652413368 74.749229148030281 118.09921385347843 6.5559011399745932 3.9587360173463813 6.8336330205202094 118.47368554770947 11.758328929543493 6.0364637672901145
leaf_count=320 298 452 151 33 1197 32 71 339 45 117 77 136 116 70 341 153 431 569 281 84 3502 248 306 1029 39 24 34 527 50 25
internal_value=0 0.00445212 -0.00132501 -0.00763287 -0.00688234 0.00513831 -0.00866284 -0.00620927 -0.00433187 0.00070266 -0.00454108 -0.00347872 0.00782586 0.00718545 -0.00650712 0.00573052 0.00303398 0.00793837 -0.00355428 0.00750195 0.00711578 -0.0101235 -0.0041232 0.0104523 0.00470809 -2.4555e-05 -0.00253792 -0.00544907 -0.00225306 -0.00822321
internal_weight=0 1119.61 412.779 208.902 722.297 203.877 410.281 153.104 120.749 36.4309 312.015 242.151 706.833 568.27 84.3179 197.64 88.9734 108.667 91.9752 544.374 499.659 257.177 224.715 138.563 20.4637 23.8964 19.9376 149.966 80.3916 69.8645
internal_count=11097 7520 2324 988 3577 1336 2186 741 536 162 1391 1046 5196 4012 374 1304 584 720 402 3884 3586 1445 969 1184 155 128 104 663 331 345
is_linear=0
shrinkage=0.01


Tree=117
num_leaves=31
num_cat=0
split_feature=2 0 0 1 1 0 0 13 0 0 0 1 1 1 0 1 1 1 0 0 0 1 0 2 1 3 13 4 2 2
split_gain=554.925 215.188 165.441 30.9614 29.9906 28.1403 22.3144 20.9981 16.3627 12.9741 12.2236 11.9083 12.9291 29.1887 20.565 20.2522 11.6422 50.4336 12.2558 11.6205 10.2178 8.26956 57.3185 7.91137 16.4278 7.74891 7.52837 7.6115 7.52332 6.48703
threshold=65.500000000000014 4296066.5000000009 4301512.5000000009 174026445959.50003 174026439498.00003 4296066.5000000009 5575758.5000000009 2.9714630336214864 4297271.0000000009 4299148.5000000009 4299696.5000000009 2883033186372.5005 1955683344136.5002 2452704926503.5005 4295248.5000000009 2482915538113.0005 2482915549923.5005 2547630269000.5005 4305469.5000000009 4296517.5000000009 5575758.5000000009 1862882903109.5002 4295248.5000000009 92.500000000000014 3475289743715.0005 27.500000000000004 1.9807272359141355 58.500000000000007 60.500000000000007 93.500000000000014
decision_type=2 2 2 2 2 2 2 2 2 2 2 2 2 2 2 2 2 2 2 2 2 2 2 2 2 2 2 2 2 2
left_child=4 11 3 -3 28 7 16 -6 26 19 -11 12 21 14 -14 -15 18 -18 -4 -5 25 22 -2 24 -13 -10 -7 -28 -1 -23
right_child=1 2 6 9 5 8 -8 -9 20 10 -12 23 13 15 -16 -17 17 -19 -20 -21 -22 29 -24 -25 -26 -27 27 -29 -30 -31
leaf_value=-0.010375487236324357 -0.0042631044520424965 -0.012100519137424437 0.011534471404528417 0.0056147512551243499 -0.012733593997276187 0.012705447356440762 -0.013579631766486938 -0.0012349559162294723 -0.0021808169603364023 0.0099338469758628919 -0.0029377349674412109 0.010881419867188265 -0.0036207227544944264 0.011462629930668589 0.01237640965092719 0.0054347924838090656 -0.0085363138333322264 0.0079283207063832878 0.0047818681474205036 -0.0075909936108773121 -0.013529918068316641 0.005551429346032157 0.011561036878200776 0.011429496395576652 -0.0083141396640953567 -0.0059625752967172978 0.002213435039287778 -0.0036695212135861312 -0.0015012031822614442 0.01156840850591323
leaf_weight=205.11965604126453 32.526099815964699 87.662783056497574 49.876505479216576 7.2951825261116019 76.703240618109703 3.9930113554000846 6.1968475282192221 20.028163686394691 71.247437536716461 10.280002206563948 26.134649887681007 13.798728227615358 45.357570633292198 78.837120428681374 9.7664037346839887 190.23077917098999 26.530299708247185 62.27450256049633 58.290501311421394 76.952244564890862 14.947123527526854 21.396706447005272 77.269198343157768 117.10868643224239 6.5864839404821387 226.2035441249609 36.603501498699188 55.097002267837524 10.019723430275915 110.20841629058123
leaf_count=1118 186 452 347 33 462 18 32 90 299 45 117 116 244 600 63 1314 153 431 373 341 81 178 524 1029 39 1060 155 242 52 903
internal_value=0 0.00442766 -0.00131584 -0.00757761 -0.00683576 -0.00550339 0.00510486 -0.0103528 -0.00435391 -0.00429166 0.000695964 0.00778915 0.00714748 0.00584281 -0.000786485 0.00720095 0.00569268 0.00300954 0.00789554 -0.00644748 -0.00546215 0.0088996 0.00687324 0.0104287 0.00467931 -0.00505674 -0.000735966 -0.00132126 -0.00996218 0.0105902
internal_weight=0 1114.58 411.494 208.325 719.962 504.823 203.169 96.7314 408.092 120.662 36.4147 703.086 565.592 324.192 55.124 269.068 196.972 88.8048 108.167 84.2474 312.398 241.4 109.795 137.494 20.3852 297.451 95.6935 91.7005 215.139 131.605
internal_count=11097 7520 2324 988 3577 2407 1336 552 1855 536 162 5196 4012 2221 307 1914 1304 584 720 374 1440 1791 710 1184 155 1359 415 397 1170 1081
is_linear=0
shrinkage=0.01


Tree=118
num_leaves=31
num_cat=0
split_feature=13 0 0 1 1 0 0 13 4 0 0 0 1 1 1 0 0 3 1 1 4 13 13 1 1 1 13 1 1 0
split_gain=534.876 212.89 168.847 31.3327 30.2006 29.854 21.7466 21.6759 16.6108 14.8661 12.1016 78.0942 11.777 13.131 28.8969 15.2921 12.6668 11.2907 9.76269 13.816 8.99896 12.5811 8.67482 8.47114 8.06656 8.59769 8.06634 16.0208 7.90584 55.1231
threshold=1.9764216522742935 4296066.5000000009 4301512.5000000009 174026439498.00003 174026445959.50003 4295008.0000000009 5575758.5000000009 3.9052022367380075 27.500000000000004 4296552.0000000009 4305780.0000000009 4305469.5000000009 2883033186372.5005 1955683344136.5002 2384994533778.0005 4295248.5000000009 4277688.5000000009 28.500000000000004 4363500793924.5005 1862882928450.5002 60.500000000000007 3.9104172329531406 1.9807272359141355 174026447279.00003 174026422363.50003 174026437347.50003 1.9691782978882646 3475289743715.0005 1862882903109.5002 4295248.5000000009
decision_type=2 2 2 2 2 2 2 2 2 2 2 2 2 2 2 2 2 2 2 2 2 2 2 2 2 2 2 2 2 2
left_child=1 12 4 20 -3 7 10 -5 23 22 11 -4 13 28 15 -15 -16 -11 19 -6 21 -2 -10 -7 -23 -26 -14 -28 29 -1
right_child=3 2 6 5 18 8 -8 -9 9 17 -12 -13 26 14 16 -17 -18 -19 -20 -21 -22 24 -24 -25 25 -27 27 -29 -30 -31
leaf_value=-0.0040280586872878284 0.0034275468095922878 -0.012649047426172257 0.0072475099732834322 -0.012689654973208141 -0.0066205842328403118 0.0097785623151352506 -0.013531426934416642 -0.00072199133184062492 0.013669731632430189 -0.0029270755799999095 0.0087857257936730521 -0.014064561928826165 0.011411579840008478 -0.0061850125662779214 0.0079810594604652393 0.012392447300312911 0.0030941654261659687 -0.0069848957277777518 -0.013556749045716921 0.0011178258816012454 -0.011340559930247254 -0.0026731225012444518 -0.0011882569612963552 -0.00073557167687696211 -0.012360309779586591 -0.0014676286729391505 0.010827057445361348 -0.0081933399332963681 0.01056065339887414 0.011530904471673631
leaf_weight=32.38496920466423 9.9174052327871305 83.71623370051384 101.38426904380322 76.262849897146225 60.005785837769508 9.246763810515402 6.1569344401359549 18.881033152341843 4.2689167857170096 100.43276822566986 72.742847621440887 20.704961732029915 116.12456029653549 27.112120077013969 220.68823766708374 5.2965516448020926 69.820049181580544 216.13665740191936 11.065807417035101 37.483847185969353 136.56124757230282 17.230433836579323 49.426369279623032 44.737816914916039 43.81152731180191 8.6822376549243909 13.390221007168295 6.6166041791439048 130.30861959606409 76.699263840913773
leaf_count=185 41 437 685 463 269 44 32 85 20 424 523 90 1029 137 1578 34 472 1037 58 157 797 80 215 188 223 38 114 39 1079 524
internal_value=0 0.00444846 -0.00143659 -0.00658368 -0.00813599 -0.00525211 0.00497223 -0.0103147 -0.00411676 -0.0048723 0.00555697 0.00363322 0.00776206 0.00712315 0.0058074 -0.0031489 0.00680656 -0.00569754 -0.00465559 -0.00364524 -0.00978254 -0.00711102 -7.0077e-06 0.00106534 -0.00861 -0.0105587 0.0104012 0.00453668 0.00889796 0.00691175
internal_weight=0 1091.7 393.261 735.596 192.272 519.393 200.989 95.1439 424.249 370.265 194.832 122.089 698.441 562.31 322.917 32.4087 290.508 316.569 108.555 97.4896 216.203 79.6416 53.6953 53.9846 69.7242 52.4938 136.131 20.0068 239.393 109.084
internal_count=11097 7442 2251 3655 921 2476 1330 548 1928 1696 1298 775 5191 4009 2221 171 2050 1461 484 426 1179 382 235 232 341 261 1182 153 1788 709
is_linear=0
shrinkage=0.01


Tree=119
num_leaves=31
num_cat=0
split_feature=2 0 0 1 1 0 0 13 0 1 1 1 1 1 0 0 2 0 1 1 2 1 0 0 1 2 13 13 13 1
split_gain=537.284 209.184 160.002 30.604 29.5571 27.7667 21.6633 20.7643 15.916 11.9358 11.9266 12.9351 11.663 49.8483 12.1072 10.1539 10.1026 9.94211 8.96282 13.1151 7.88999 15.9582 7.58191 10.1602 7.47079 7.43734 7.19044 6.56149 6.25273 6.2334
threshold=65.500000000000014 4296066.5000000009 4301512.5000000009 702778654961.50012 174026439498.00003 4296066.5000000009 5575758.5000000009 2.9714630336214864 4297271.0000000009 4363500794354.0005 2883033186372.5005 2777491174764.5005 2482915549923.5005 2547630269000.5005 4305469.5000000009 5575758.5000000009 102.50000000000001 4297271.0000000009 174026447279.00003 702778651081.00012 92.500000000000014 3475289743715.0005 4295248.5000000009 4277441.5000000009 702778649068.50012 60.500000000000007 1.9807272359141355 1.9904005391494681 2.9674747924529803 702778648565.00012
decision_type=2 2 2 2 2 2 2 2 2 2 2 2 2 2 2 2 2 2 2 2 2 2 2 2 2 2 2 2 2 2
left_child=4 10 3 16 25 7 12 -6 26 17 11 18 14 -14 -4 24 -3 -5 -2 -20 21 -12 23 -13 -10 28 -7 -28 -1 -9
right_child=1 2 6 9 5 8 -8 29 15 -11 20 22 13 -15 -16 -17 -18 -19 19 -21 -22 -23 -24 -25 -26 -27 27 -29 -30 -31
leaf_value=-0.012046486395768378 0.011732037057062447 0.0017683830794530989 0.011487476298953858 0.0056819974710769104 -0.012667483655992786 0.012390854310005757 -0.013484037236492538 0.006927565449243743 -0.0013710376165510161 -0.013253166564932702 0.010835257464274781 0.0065163702757821962 -0.0085242410232156604 0.0078659066687992441 0.0047427391938031967 -0.013460752855221166 -0.011419403536211084 -0.0033911027587457203 -0.0024154936677383341 0.0072915162670872946 0.011393877369515762 -0.0080750194494770208 0.012578495941769206 -0.0082423259597891388 -0.0056723223266747069 -0.0014340582457409788 -0.0114319274254035 -0.00058020174264739998 -0.0085362387828813221 -0.0050385647520767938
leaf_weight=100.77192488312721 43.747900292277336 6.1211935281753531 49.270031496882439 14.990870863199232 75.582181841135025 4.0123295336961737 6.1169874221086493 6.3996565192937878 48.222070515155792 9.9732676148414594 13.582441188395025 7.5037916004657808 26.542111799120903 61.671493858098984 57.878122806549072 14.797266051173208 113.83707129955292 62.137994199991226 14.335991963744162 478.26570840924978 115.14682874828577 6.646268978714942 3.9098966717720023 12.327489942312239 248.31651745736599 9.9741048514842969 5.9595186412334433 85.670371323823929 102.21889661252499 13.614173233509062
leaf_count=610 298 26 347 63 462 18 32 27 232 54 116 41 153 431 373 81 586 259 84 3502 1029 39 24 63 1127 52 33 364 508 63
internal_value=0 0.0043821 -0.00129727 -0.00747049 -0.00674241 -0.00541939 0.00504698 -0.0102692 -0.0042802 -0.00295877 0.00771834 0.00707453 0.0056272 0.00293436 0.00784418 -0.00537628 -0.0107465 -0.00162764 0.00739425 0.00700902 0.010382 0.00462217 -0.000148648 -0.00265791 -0.00497286 -0.00986461 -0.000712224 -0.00128599 -0.0102789 -0.00121225
internal_weight=0 1104.01 408.539 207.06 715.539 502.574 201.479 95.596 406.978 87.1021 695.466 560.091 195.362 88.2136 107.148 311.336 119.958 77.1289 536.35 492.602 135.376 20.2287 23.7412 19.8313 296.539 212.965 95.6422 91.6299 202.991 20.0138
internal_count=11097 7520 2324 988 3577 2407 1336 552 1855 376 5196 4012 1304 584 720 1440 612 322 3884 3586 1184 155 128 104 1359 1170 415 397 1118 90
is_linear=0
shrinkage=0.01


Tree=120
num_leaves=31
num_cat=0
split_feature=2 1 3 1 1 1 1 1 1 1 2 1 1 2 2 1 12 3 4 12 4 1 3 3 12 4 12 1 2 1
split_gain=528.542 147.31 29.4626 21.4644 14.7373 16.0869 12.0767 75.3235 98.7387 14.2738 11.7927 11.6353 9.47558 9.14613 17.6244 9.31917 9.03401 7.75413 15.4606 8.67836 6.54176 6.47281 6.29951 6.75069 5.59094 5.55231 5.46907 6.08518 4.99004 4.92532
threshold=65.500000000000014 1119808862681.0002 43.500000000000007 4092079271560.5005 1861025320257.0002 3704300934566.5005 2547630277329.5005 2482915554044.5005 2547630267620.5005 3704300934115.0005 32.500000000000007 1862882903109.5002 4092079271560.5005 58.500000000000007 29.500000000000004 2384994529944.5005 3.7980938520108252 31.500000000000004 61.500000000000007 2.9407542094424932 58.500000000000007 2547630292676.5005 34.500000000000007 27.500000000000004 1.9663941833800986 56.500000000000007 3.8273192999520735 174026441896.50003 70.500000000000014 174026434482.00003
decision_type=2 2 2 2 2 2 2 2 2 2 2 2 2 2 2 2 2 2 2 2 2 2 2 2 2 2 2 2 2 2
left_child=2 28 10 6 16 13 7 11 -9 21 17 -3 22 14 -6 -15 24 20 -19 -20 25 -8 23 -12 29 -1 -18 -28 -2 -4
right_child=1 3 4 -5 5 -7 9 8 -10 -11 12 -13 -14 15 -16 -17 26 18 19 -21 -22 -23 -24 -25 -26 -27 27 -29 -30 -31
leaf_value=-0.0081243596962468287 -0.011283940482427405 0.0031285754795652709 -0.011755676523734828 -0.0027541854628519509 0.00040102131558690621 -0.01003833361115827 0.01191230366552436 -0.020868922379703711 0.0047660102097469596 0.0033550187134273541 -0.001633406926518423 0.0078190706388553428 0.010063529260866441 -0.0032101872496953449 -0.0090407191093300355 0.014449151230731981 -0.000309618273176564 -0.0094054539377350609 -0.0059619280327802039 0.0061258016516696351 -0.010215692131458532 0.0082435215830444358 0.008515702238926743 -0.0059141155658851566 -0.01227359641362656 -0.00059421728520283809 -0.011311915343013419 -0.0035046978630092819 -0.0021129701057191288 -0.0066658000306429131
leaf_weight=23.313661500811577 6.078934282064437 61.35843713581562 33.175033882260323 25.065397888422012 37.284993067383766 59.915741980075836 63.731304258108139 23.242640569806099 42.498776778578758 50.950372204184532 92.329894632101059 382.99385996162891 5.7583865374326697 6.6406231671571714 42.085823655128479 5.4334000796079636 11.884535953402517 21.714067533612251 9.0311416089534777 17.349983543157578 57.735440015792847 195.93425919115543 4.6153347939252845 61.297639086842537 121.46955481171608 16.882830962538719 23.645526885986328 17.278810992836952 247.11836594343185 44.53117299079895
leaf_count=111 26 387 200 149 151 339 473 129 301 275 391 2820 24 27 201 23 51 100 38 72 283 1570 23 270 743 79 119 78 1390 254
internal_value=0 0.0043583 -0.00669541 0.0063615 -0.00847713 -0.0060108 0.00663991 0.00569331 -0.00429713 0.00819441 -0.00437741 0.00717138 -0.00253706 -0.00337191 -0.0046054 0.00473665 -0.00995859 -0.00644428 -0.00315606 0.00198777 -0.00805915 0.00914397 -0.00299559 -0.00334142 -0.0109336 -0.00496164 -0.00628139 -0.0080156 -0.00233315 -0.00883882
internal_weight=0 1098.97 713.374 845.775 403.345 151.361 820.71 510.094 65.7414 310.616 310.028 444.352 164.001 91.4448 79.3708 12.074 251.985 146.027 48.0952 26.3811 97.9319 259.666 158.243 153.628 199.176 40.1965 52.8089 40.9243 253.197 77.7062
internal_count=11097 7520 3577 6104 2186 741 5955 3637 430 2318 1391 3207 708 402 352 50 1445 683 210 110 473 2043 684 661 1197 190 248 197 1416 454
is_linear=0
shrinkage=0.01


Tree=121
num_leaves=31
num_cat=0
split_feature=2 0 0 1 1 0 0 12 0 0 1 1 1 1 0 0 1 1 0 0 0 1 0 2 1 4 1 2 4 1
split_gain=519.754 204.959 156.705 30.2102 29.2014 27.4486 21.3977 20.6479 15.6097 12.7418 11.9902 13.0769 28.9905 20.4423 20.2919 11.9477 11.541 48.3188 12.1038 11.4408 10.0538 8.25001 56.3636 7.94493 15.8209 7.47383 8.77294 8.38057 10.2934 7.3514
threshold=65.500000000000014 4296066.5000000009 4301512.5000000009 174026445959.50003 174026439498.00003 4296066.5000000009 5575758.5000000009 2.9433833877757176 4297271.0000000009 4299148.5000000009 2883033186372.5005 1955683344136.5002 2452704926503.5005 2482915538113.0005 4295248.5000000009 4299696.5000000009 2482915549923.5005 2547630269000.5005 4305469.5000000009 4296517.5000000009 5575758.5000000009 1862882903109.5002 4295248.5000000009 92.500000000000014 3475289743715.0005 60.500000000000007 174026422363.50003 29.500000000000004 28.500000000000004 702778649068.50012
decision_type=2 2 2 2 2 2 2 2 2 2 2 2 2 2 2 2 2 2 2 2 2 2 2 2 2 2 2 2 2 2
left_child=4 10 3 -3 25 7 16 -6 -7 19 11 21 14 -14 -13 -11 18 -18 -4 -5 29 22 -2 24 -12 26 27 -1 -29 -10
right_child=1 2 6 9 5 8 -8 -9 20 15 23 12 13 -15 -16 -17 17 -19 -20 -21 -22 -23 -24 -25 -26 -27 -28 28 -30 -31
leaf_value=-0.01096142818870414 -0.004255026600693379 -0.011942173927894668 0.011453678904416325 0.0056726905176121322 -0.012607389425172973 -0.00066876513239331667 -0.013457358671702961 -0.0011569864044255443 -0.0013149761769833711 0.0099135771137565821 0.010795250303871993 -0.0037514981661870596 0.011391859604293729 0.0052700009499383653 0.012292869213915581 -0.0028310161444712227 -0.0083230137463080524 0.0077950649112257641 0.0046859311799872802 -0.0074621997803718965 -0.013386064902307995 0.010503096840528038 0.011482290009271352 0.011366135326899533 -0.0080774456956020785 -0.011206185038067409 -0.0092230224055263998 -0.0067475610052746904 0.011249417919058809 -0.0055873386783512335
leaf_weight=6.1959155201911953 32.531790062785149 86.100913524627686 48.801058411598206 7.2604496926069251 74.538742184638977 95.497853070497513 6.0927354842424384 19.96682958304882 48.104643329977989 10.251906529068945 13.394394502043726 45.093851581215858 76.996729329228401 187.06923665106297 9.5525985211133939 26.0390994399786 26.729449957609177 61.145527273416519 57.636641964316368 76.535801187157631 14.624082922935484 128.2124302983284 75.751426622271538 113.56714899837971 6.6456588655710211 133.40727877616882 58.399363294243813 5.7515139430761346 7.102731138467786 247.44113165140152
leaf_count=30 186 452 347 33 462 415 32 90 232 45 116 244 600 1314 63 117 153 431 373 341 81 1081 524 1029 39 794 288 26 32 1127
internal_value=0 0.00432892 -0.00130118 -0.00742164 -0.00665047 -0.00533467 0.0049959 -0.0101882 -0.00420398 -0.00418049 0.00765225 0.00700504 0.00568302 0.00705502 -0.000946826 0.000769225 0.0055745 0.00289233 0.0077889 -0.00632414 -0.00529243 0.00878665 0.00675429 0.0103418 0.00453671 -0.0097717 -0.00730078 -0.00140803 0.00319683 -0.00489195
internal_weight=0 1095.41 406.594 206.188 711.03 500.173 200.405 94.5056 405.668 120.087 688.815 555.208 318.712 264.066 54.6465 36.291 194.313 87.875 106.438 83.7963 310.17 236.496 108.283 133.607 20.0401 210.857 77.4495 19.0502 12.8542 295.546
internal_count=11097 7520 2324 988 3577 2407 1336 552 1855 536 5196 4012 2221 1914 307 162 1304 584 720 374 1440 1791 710 1184 155 1170 376 88 58 1359
is_linear=0
shrinkage=0.01


Tree=122
num_leaves=31
num_cat=0
split_feature=2 0 0 3 0 12 12 0 2 0 12 2 0 0 12 3 3 12 2 3 0 0 0 0 0 12 12 2 3 12
split_gain=511.29 202.148 154.055 29.1267 21.0733 15.3239 12.0695 16.8134 16.599 14.1062 12.9984 11.6392 11.405 65.5528 7.68951 9.23243 7.63356 14.8309 9.70435 7.57896 6.22408 111.583 6.1645 6.09202 6.58355 6.92964 6.02546 5.66505 6.04284 5.13728
threshold=65.500000000000014 4296066.5000000009 4301512.5000000009 43.500000000000007 5575758.5000000009 2.8912802780207456 2.9509594202503071 4296066.5000000009 29.500000000000004 4305701.0000000009 1.961825938807811 32.500000000000007 4305780.0000000009 4305469.5000000009 3.8061042970938286 58.500000000000007 31.500000000000004 3.8634103093146051 26.500000000000004 57.500000000000007 4277344.0000000009 4277361.5000000009 4277646.5000000009 4296552.0000000009 4296358.0000000009 3.8132063002683068 2.9446863925077662 55.500000000000007 32.500000000000007 3.802764980670831
decision_type=2 2 2 2 2 2 2 2 2 2 2 2 2 2 2 2 2 2 2 2 2 2 2 2 2 2 2 2 2 2
left_child=3 20 5 11 12 -3 7 -5 9 -9 -10 16 13 -4 15 -8 26 18 -18 -16 -2 -22 -21 24 25 -13 -1 -25 -29 -7
right_child=1 2 4 6 -6 29 14 8 10 -11 -12 23 -14 -15 19 -17 17 -19 -20 22 21 -23 -24 27 -26 -27 -28 28 -30 -31
leaf_value=-0.011438797610424753 0.010468782171111945 -0.0080708951920986944 0.0071312080333098913 -0.012499841953281837 -0.013411221961458617 0.0092792671304360013 0.0055659015019968562 0.00013007751951545752 -0.0044863788393334396 -0.01257218274133255 -0.011053028771280518 0.0065017749298351274 0.0087028871031816259 -0.011879527295550122 -0.0095091466116565132 -0.0078114769364155392 0.0086548762497524259 -0.011946859184308172 -0.0030179269004854421 0.0027528060973294696 -0.040636644818800714 0.0076764648256841426 -0.0069348028933663196 -0.0051360026779413591 0.012239566816558649 -0.0046372190930293704 -0.006184375887226097 -0.002175618870462978 0.0078565464188467687 -0.003419525044193491
leaf_weight=33.03021514415741 68.855962030589581 192.83582381904125 99.826074197888374 108.06182557344437 6.0527590662240973 6.6976248621940595 12.625537231564524 39.642121002078056 41.386595442891121 11.216454580426214 110.9683455824852 8.9294099956750923 71.682073831558228 22.165616318583488 40.585892513394356 8.7239019274711591 10.069576501846312 13.568679183721541 24.333025604486465 11.793240025639536 4.8180989623069754 611.40608183294535 14.826250135898588 77.084871754050255 4.9206120520830146 14.911274760961531 64.328595325350761 51.092687517404556 6.8036878854036322 6.0755704194307327
leaf_count=168 535 934 685 676 32 29 52 164 222 69 653 38 523 96 192 36 41 63 106 54 26 4635 68 345 20 63 305 209 33 25
internal_value=0 0.00430545 -0.00129215 -0.00660389 0.00496293 -0.00736828 -0.00838604 -0.00931274 -0.00761795 -0.00267131 -0.00926923 -0.00429841 0.00553717 0.003677 -0.00512862 9.95782e-05 -0.00635825 -0.00309326 0.00039868 -0.00678948 0.00761733 0.00729872 -0.0026429 -0.0024702 0.00170842 -0.000465164 -0.00796701 -0.00336056 -0.00099669 0.00323909
internal_weight=0 1090.42 405.336 708.903 199.727 205.609 399.83 311.275 203.214 50.8586 152.355 309.073 193.674 121.992 88.5548 21.3494 145.33 47.9713 34.4026 67.2054 685.08 616.224 26.6195 163.743 28.7613 23.8407 97.3588 134.981 57.8964 12.7732
internal_count=11097 7520 2324 3577 1336 988 2186 1784 1108 233 875 1391 1304 781 402 88 683 210 147 314 5196 4661 122 708 121 101 473 587 242 54
is_linear=0
shrinkage=0.01


Tree=123
num_leaves=31
num_cat=0
split_feature=12 0 0 1 1 0 12 0 4 0 0 0 1 1 1 1 0 3 1 1 4 13 12 12 1 1 1 1 1 0
split_gain=492.283 200.23 157.42 30.4216 29.7979 28.8659 21.3414 20.5466 16.0801 14.125 12.0579 75.7668 11.9427 13.3575 28.6639 20.5004 20.0127 11.0178 9.65027 13.359 8.98739 12.285 8.35702 8.15276 15.564 8.13811 7.96372 8.70387 7.94108 54.4338
threshold=1.9533992703327747 4296066.5000000009 4301512.5000000009 174026439498.00003 174026445959.50003 4295008.0000000009 3.8142617563909882 5575758.5000000009 27.500000000000004 4296552.0000000009 4305780.0000000009 4305469.5000000009 2883033186372.5005 1955683344136.5002 2452704926503.5005 2482915538113.0005 4295248.5000000009 28.500000000000004 4363500793924.5005 1862882928450.5002 60.500000000000007 3.9104172329531406 1.961825938807811 1.9393065999967327 3475289745763.0005 174026447279.00003 174026422363.50003 174026437347.50003 1862882903109.5002 4295326.5000000009
decision_type=2 2 2 2 2 2 2 2 2 2 2 2 2 2 2 2 2 2 2 2 2 2 2 2 2 2 2 2 2 2
left_child=1 12 4 20 -3 6 -5 10 25 22 11 -4 13 28 16 -16 -15 -11 19 -6 21 -2 -10 -14 -25 -7 -23 -28 29 -1
right_child=3 2 7 5 18 8 -8 -9 9 17 -12 -13 23 14 15 -17 -18 -19 -20 -21 -22 26 -24 24 -26 -27 27 -29 -30 -31
leaf_value=-0.0038498815193562176 0.0035315622329080399 -0.012472537264305668 0.0070922288550832324 -0.012536385748816841 -0.0064164009857512394 0.0097345652387585049 -0.0005958053641171386 -0.013365855665074438 0.013498066293706786 -0.0027521286890535347 0.0086660007085779655 -0.01397385627970491 0.011337055215211764 -0.003770293963132026 0.011352026401890185 0.0051840325921719268 0.012247549422091077 -0.0067734115843347733 -0.013417543931355021 0.0012014363025566615 -0.011143985272894476 -0.0024571644378291132 -0.001095004136657702 0.0085247979220192793 -0.014668232878133744 -0.00059339330900351646 -0.012178075368364965 -0.0011612544686774677 0.01045517078061738 0.011546525078648159
leaf_weight=33.3448646068573 9.9138279706239683 81.835144206881523 99.373255282640457 73.549113944172859 59.551867485046387 9.2047216743230802 18.792960211634636 6.0127708762884131 4.2639591395854941 100.04771889746189 71.26938533782959 20.614822313189507 111.93435597419739 45.054339125752449 75.950296223163605 185.48648881912231 9.4331673532724363 213.59779679775238 10.845464453101156 37.526362702250481 132.39147017896175 17.069050043821335 49.258248522877693 16.04025782644749 3.5301533043384543 44.581796750426292 42.934162557125092 8.6093554347753507 126.20951517671347 73.754223018884659
leaf_count=191 41 437 685 463 269 44 85 32 20 424 523 90 1029 244 600 1314 63 1037 58 157 797 80 215 135 18 188 223 38 1079 518
internal_value=0 0.00432388 -0.0014192 -0.00635689 -0.00792182 -0.00504309 -0.0101063 0.00483582 -0.00393241 -0.00468046 0.00540805 0.00347292 0.00758906 0.00694095 0.00560078 0.0069759 -0.0009972 -0.00549069 -0.00447115 -0.00347167 -0.0095542 -0.00687391 6.75835e-05 0.0102959 0.00434119 0.00117408 -0.00837739 -0.0103379 0.00875567 0.00675292
internal_weight=0 1067.77 387.029 724.214 189.759 513.296 92.3421 197.27 420.954 367.168 191.257 119.988 680.738 549.233 315.924 261.437 54.4875 313.646 107.924 97.0782 210.918 78.5264 53.5222 131.505 19.5704 53.7865 68.6126 51.5435 233.309 107.099
internal_count=11097 7442 2251 3655 921 2476 548 1330 1928 1696 1298 775 5191 4009 2221 1914 307 1461 484 426 1179 382 235 1182 153 232 341 261 1788 709
is_linear=0
shrinkage=0.01


Tree=124
num_leaves=31
num_cat=0
split_feature=12 0 0 1 1 0 12 0 4 0 1 1 1 1 0 0 0 3 1 1 4 13 12 12 1 3 12 1 0 1
split_gain=484.398 197.403 154.904 30.2084 29.6085 28.6582 21.2163 20.2544 15.7912 13.8898 11.9496 13.2989 28.3075 20.4406 19.712 11.9149 74.5703 10.8661 9.56572 13.1157 8.96861 12.1012 8.18105 8.1392 15.3812 8.01393 9.24136 7.94469 53.8578 7.88721
threshold=1.9533992703327747 4296066.5000000009 4301512.5000000009 174026439498.00003 174026445959.50003 4295008.0000000009 3.8142617563909882 5575758.5000000009 27.500000000000004 4296552.0000000009 2883033186372.5005 1955683344136.5002 2452704926503.5005 2482915538113.0005 4295248.5000000009 4305780.0000000009 4305469.5000000009 28.500000000000004 4363500793924.5005 1862882928450.5002 60.500000000000007 3.9104172329531406 1.961825938807811 1.9393065999967327 3475289743715.0005 43.500000000000007 3.8061042970938286 1862882903109.5002 4295326.5000000009 174026422363.50003
decision_type=2 2 2 2 2 2 2 2 2 2 2 2 2 2 2 2 2 2 2 2 2 2 2 2 2 2 2 2 2 2
left_child=1 10 4 20 -3 6 -5 15 25 22 11 27 14 -14 -13 16 -4 -11 19 -6 21 -2 -10 -12 -25 -7 -27 28 -1 -23
right_child=3 2 7 5 18 8 -8 -9 9 17 23 12 13 -15 -16 -17 -18 -19 -20 -21 -22 29 -24 24 -26 26 -28 -29 -30 -31
leaf_value=-0.0038033485120627206 0.0034962701169907236 -0.012425916098456526 0.007053390004491583 -0.012505519846830458 -0.0063609931019084189 0.0072827040793813497 -0.00058995635950522039 -0.013321241890614278 0.013346130718444853 -0.0027260031151176423 0.01132023342654251 -0.0037254860647700887 0.011329138732085027 0.0051496318684732161 0.012220198985704797 0.0086292366733350945 -0.013886321591922346 -0.0067217230628956086 -0.013372543404205921 0.0011896923661315951 -0.011103829598560605 -0.0024347809067353167 -0.0010841311779149375 0.010708127889615121 -0.0080248050665946199 0.0027362056059219396 -0.0072681599347412451 0.010430393525855149 0.011518457950387551 -0.010285005660960952
leaf_weight=33.414950162172318 9.9137618541717512 81.32332955300808 98.92349961400032 72.9961127191782 59.470302104949951 15.305876195430754 18.789509296417236 5.972779467701911 4.2693486064672461 99.996753826737404 110.98444297909737 45.139833673834801 75.345731444656849 184.86147743463516 9.360103711485861 70.8593530356884 20.537710249423981 213.0904665440321 10.773502334952353 37.517875120043755 131.54578995704651 17.053787857294083 49.254763945937157 12.842014096677305 6.6542081534862509 23.039625465869904 15.408286422491072 125.2490484341979 73.197394087910652 51.292119532823563
leaf_count=191 41 437 685 463 269 69 85 32 20 424 1029 244 600 1314 63 523 90 1037 58 157 797 80 215 114 39 96 67 1079 518 261
internal_value=0 0.00430232 -0.00141106 -0.00631317 -0.00787075 -0.00500393 -0.0100663 0.00481142 -0.00389858 -0.00464073 0.0075544 0.00690529 0.0055664 0.00693897 -0.000986891 0.00538047 0.00345345 -0.00544553 -0.00443316 -0.00344017 -0.00950911 -0.00682856 6.68981e-05 0.0102734 0.00431444 0.00116307 -0.00127312 0.00872258 0.00671622 -0.0083262
internal_weight=0 1062.43 385.378 721.956 189.085 512.151 91.7856 196.293 420.365 366.611 677.049 546.569 314.707 260.207 54.4999 190.321 119.461 313.087 107.762 96.9882 209.805 78.2597 53.5241 130.481 19.4962 53.7538 38.4479 231.861 106.612 68.3459
internal_count=11097 7442 2251 3655 921 2476 548 1330 1928 1696 5191 4009 2221 1914 307 1298 775 1461 484 426 1179 382 235 1182 153 232 163 1788 709 341
is_linear=0
shrinkage=0.01


Tree=125
num_leaves=31
num_cat=0
split_feature=2 0 0 1 1 0 12 0 0 0 1 1 1 1 0 0 0 0 1 1 2 1 0 0 12 2 1 12 12 1
split_gain=487.333 193.573 146.584 29.7948 28.5437 26.7071 20.3184 20.1898 14.8931 12.499 12.0952 13.0466 11.854 48.4058 11.7333 11.7163 11.3529 9.95793 9.02818 12.9531 7.96518 15.3247 7.59242 10.1527 7.4273 7.63372 7.10232 6.76594 6.40614 6.12881
threshold=65.500000000000014 4296066.5000000009 4301512.5000000009 174026445959.50003 174026439498.00003 4296066.5000000009 2.9433833877757176 5575758.5000000009 4297271.0000000009 4299148.5000000009 2883033186372.5005 2777491174764.5005 2482915549923.5005 2547630269000.5005 4305469.5000000009 4299696.5000000009 4296517.5000000009 5575758.5000000009 174026447279.00003 702778651081.00012 92.500000000000014 3475289743715.0005 4295248.5000000009 4277441.5000000009 2.9355504161835038 60.500000000000007 702778649068.50012 1.961825938807811 1.9808932560376222 702778648565.00012
decision_type=2 2 2 2 2 2 2 2 2 2 2 2 2 2 2 2 2 2 2 2 2 2 2 2 2 2 2 2 2 2
left_child=4 10 3 -3 24 6 -6 12 27 16 11 18 14 -14 -4 -11 -5 26 -2 -20 21 -12 23 -13 -1 -26 -10 -7 -29 -8
right_child=1 2 7 9 5 8 29 -9 17 15 20 22 13 -15 -16 -17 -18 -19 19 -21 -22 -23 -24 -25 25 -27 -28 28 -30 -31
leaf_value=-0.01150254185343645 0.011611717181746891 -0.011765141533265354 0.011373864788481179 0.0058386792760541997 -0.012486868611501268 0.012077424595260606 0.006989966199288232 -0.013277364904176596 -0.00120338312117948 0.0099621058145563188 0.010716706006660432 0.0062974406867456522 -0.0085326433711579632 0.0076925019482281948 0.0046445674990816914 -0.0026680375157204566 -0.0072689104295323341 -0.013265053784728083 -0.0026247756168148889 0.0070811665879564169 0.01130360803499832 -0.0079099857639789526 0.012467269837323085 -0.0085669387701556299 -0.0082447561806625099 0.0060371255545991643 -0.0054172755798955309 -0.011290658077104157 -0.00047146786880722629 -0.0048936502393995612
leaf_weight=102.67938175797462 42.334970459342003 84.238983809947968 47.754248708486557 7.2359882146120063 72.334006980061531 4.0287500023841849 6.3910439908504513 5.9327925890684119 47.771940156817436 10.243749082088469 13.025753259658815 7.3737751990556779 26.521167039871216 59.954450026154518 56.646257951855659 25.952528536319733 76.121155887842178 14.342575222253798 14.169267088174818 464.55118892341852 110.04093277454376 6.6831441670656195 3.8082669228315345 12.193577215075491 100.04857429862022 3.8879669457674018 245.77528141438961 5.8474833965301505 85.402761667966843 13.522364839911459
leaf_count=646 298 452 347 33 462 18 27 32 232 45 116 41 153 431 373 117 341 81 84 3502 1029 39 24 63 508 16 1127 33 364 63
internal_value=0 0.00423996 -0.00126551 -0.00721001 -0.00647265 -0.00517046 -0.0100244 0.00488992 -0.00405985 -0.00400041 0.00751133 0.00685745 0.00545459 0.00271642 0.00772264 0.000906364 -0.00613108 -0.00512903 0.00718533 0.00679389 0.010255 0.00440053 -0.000451198 -0.00296544 -0.00959499 -0.00771051 -0.00473151 -0.000604852 -0.00116478 -0.0010797
internal_weight=0 1074.78 400.601 203.792 702.032 495.416 92.2474 196.809 403.169 119.553 674.181 544.431 190.876 86.4756 104.401 36.1963 83.3571 307.89 521.055 478.72 129.75 19.7089 23.3756 19.5674 206.616 103.937 293.547 95.279 91.2502 19.9134
internal_count=11097 7520 2324 988 3577 2407 552 1336 1855 536 5196 4012 1304 584 720 162 374 1440 3884 3586 1184 155 128 104 1170 524 1359 415 397 90
is_linear=0
shrinkage=0.01


Tree=126
num_leaves=31
num_cat=0
split_feature=2 0 0 1 1 0 12 0 0 0 1 1 1 0 0 1 1 0 0 1 0 1 0 2 1 12 2 1 2 12
split_gain=479.39 190.867 144.107 29.5876 28.3473 26.5347 20.2034 19.8852 14.639 12.2637 12.1119 13.0189 28.1756 14.5667 12.824 11.7725 66.7539 11.4987 11.2021 10.8592 9.89123 8.39243 54.8914 7.95368 15.1057 7.44902 7.51144 6.98329 6.82587 6.61886
threshold=65.500000000000014 4296066.5000000009 4301512.5000000009 174026445959.50003 174026439498.00003 4296066.5000000009 2.9433833877757176 5575758.5000000009 4297271.0000000009 4299148.5000000009 2883033186372.5005 1955683344136.5002 2384994533778.0005 4295248.5000000009 4277688.5000000009 2482915552582.5005 2547630267620.5005 4299696.5000000009 4296814.0000000009 174026440880.50003 5575758.5000000009 1862882903109.5002 4295326.5000000009 92.500000000000014 3475289743715.0005 2.9355504161835038 60.500000000000007 702778649068.50012 93.500000000000014 1.961825938807811
decision_type=2 2 2 2 2 2 2 2 2 2 2 2 2 2 2 2 2 2 2 2 2 2 2 2 2 2 2 2 2 2
left_child=4 10 3 -3 25 6 -6 15 29 18 11 21 13 -13 -14 19 -17 -11 -5 -4 27 22 -2 24 -12 -1 -27 -10 -23 -7
right_child=1 2 7 9 5 8 -8 -9 20 17 23 12 14 -15 -16 16 -18 -19 -20 -21 -22 28 -24 -25 -26 26 -28 -29 -30 -31
leaf_value=-0.011467432902974348 -0.0040009275133964057 -0.011715581813037119 0.0019675983569352553 -0.00057765307855565549 -0.012456699622536579 0.011930089803087818 -0.0010696380750547549 -0.013234208835142097 -0.0011917352654620508 0.009877840870006746 0.010694760564376054 -0.0063078856734276123 0.0077151613148849522 0.012210671843820058 0.0027183217568042266 -0.015600138328868576 0.0071280877906877349 -0.0026414932050303121 -0.0085219176976383867 0.0092871741285759039 -0.013223518619713603 0.0050788256583495306 0.011470725184703118 0.011287175144241572 -0.0077974645645852375 -0.0081916242103163926 0.0059796979970538969 -0.0053712453726025349 0.011429479149381758 -0.0011536414786056811
leaf_weight=101.96738094091415 33.597897887229919 83.751826658844948 26.702035412192345 25.649111986160278 71.786844447255135 4.0376742780208579 19.900589525699615 5.892818108201026 47.756549552083015 10.227903708815573 12.922475054860117 26.991767719388008 212.37339837104082 5.0409198999404898 67.744053810834885 16.245102390646935 63.180917352437973 25.951198503375053 57.633197247982025 84.12753838300705 14.24424187839031 20.225171968340874 72.230892807245255 109.10382438451052 6.7116445600986472 99.692319095134735 3.8860625624656668 245.40456669032574 103.71429131925106 91.21181146800518
leaf_count=646 192 452 151 116 462 18 90 32 232 45 116 137 1578 34 472 87 453 117 258 613 81 178 518 1029 39 508 16 1127 903 397
internal_value=0 0.0042164 -0.00125673 -0.00715841 -0.00642771 -0.00512999 -0.00998516 0.00485751 -0.00402443 -0.00396347 0.00747554 0.00682054 0.00549075 -0.00339366 0.00650672 0.00541787 0.00247946 0.000897747 -0.00607526 0.00752368 -0.00508579 0.00862712 0.00655888 0.0102327 0.00437346 -0.00954877 -0.00765994 -0.00469039 0.0103931 -0.000599015
internal_weight=0 1070.02 399.362 203.213 699.888 494.342 91.6874 196.148 402.655 119.461 670.656 541.918 312.15 32.0327 280.117 190.256 79.426 36.1791 83.2823 110.83 307.405 229.768 105.829 128.738 19.6341 205.546 103.578 293.161 123.939 95.2495
internal_count=11097 7520 2324 988 3577 2407 552 1336 1855 536 5196 4012 2221 171 2050 1304 540 162 374 764 1440 1791 710 1184 155 1170 524 1359 1081 415
is_linear=0
shrinkage=0.01


Tree=127
num_leaves=31
num_cat=0
split_feature=2 0 0 1 3 0 1 1 1 1 0 1 1 0 2 0 1 0 1 1 1 13 1 2 1 0 4 1 3 4
split_gain=471.588 188.229 141.686 29.3766 28.3001 19.5871 14.7507 15.7805 12.1183 12.9736 12.0362 11.6384 65.2505 11.2854 11.219 11.0495 10.78 10.2072 9.27265 8.96891 32.7629 8.95688 8.3927 7.94217 14.8908 7.63142 11.4382 7.70582 7.5578 15.1051
threshold=65.500000000000014 4296066.5000000009 4301512.5000000009 174026445959.50003 43.500000000000007 5575758.5000000009 1861025320257.0002 3704300934566.5005 2883033186372.5005 2777491174764.5005 4299148.5000000009 2482915552582.5005 2547630267620.5005 4299696.5000000009 32.500000000000007 4296517.5000000009 174026440880.50003 4296358.0000000009 4092079271560.5005 1955683344136.5002 2452704926503.5005 3.8970908877135018 1862882903109.5002 92.500000000000014 3475289743715.0005 4296552.0000000009 37.500000000000007 4092079266599.5005 31.500000000000004 61.500000000000007
decision_type=2 2 2 2 2 2 2 2 2 2 2 2 2 2 2 2 2 2 2 2 2 2 2 2 2 2 2 2 2 2
left_child=4 8 3 -3 14 11 21 17 9 19 15 16 -13 -12 28 -5 -4 -8 25 22 -21 -6 -2 24 -10 26 -16 -27 -1 -30
right_child=1 2 5 10 6 -7 7 -9 23 -11 13 12 -14 -15 18 -17 -18 -19 -20 20 -22 -23 -24 -25 -26 27 -28 -29 29 -31
leaf_value=-0.0077602347576369328 0.0065229326685023762 -0.011666523972166757 0.0019487900016074765 0.0057818520691506293 -0.010683626823606239 -0.013191758268785993 -0.012258971312689135 -0.0097605188989978026 0.010672959810136381 -0.00051504022198499042 0.0097945391406375568 -0.015324041191298281 0.0070875134230395887 -0.0026152179020543513 -0.0037286182947704849 -0.007146415076387933 0.0092479377401475989 -0.00184412461502476 0.010144084397830313 -0.0010591618102276938 0.0075671815532519704 -0.0060003419467879052 0.010368699831919985 0.01127093226596089 -0.0076871744143244373 -0.0031910171613024492 0.0091937932399366665 -0.013749846880343006 -0.0091301625573062262 0.0021913220697698564
leaf_weight=96.019727945327759 105.35287871956825 83.265405401587486 26.690205380320549 7.2412416189908972 191.00864367187023 5.8528636544942847 10.668194323778151 57.822450071573257 12.819896779954435 23.293029516935349 10.211823284626005 16.371771439909935 62.908555552363396 25.949819147586823 15.481540411710739 75.950476437807083 83.64206175506115 79.804866164922714 5.7658721804618827 54.263358294963837 233.41809591650963 51.942288443446159 122.9942908808589 108.17310897260904 6.7397167831659308 122.01866890490055 12.285082444548607 7.3267612755298606 21.375226616859436 26.26548658311367
leaf_count=473 710 452 151 33 1197 32 71 339 116 128 45 87 453 117 66 341 613 331 24 307 1786 248 1081 1029 39 536 51 31 100 110
internal_value=0 0.00419355 -0.00124814 -0.00710777 -0.00638277 0.00482594 -0.00816535 -0.00568007 0.00744104 0.00678509 -0.00392741 0.0053821 0.00245942 0.00088922 -0.00410759 -0.0060211 0.00748222 -0.0030722 -0.0023109 0.00711461 0.00594005 -0.00968235 0.00859437 0.0102106 0.00434655 -0.00276798 0.00198878 -0.00378912 -0.00614462 -0.00288835
internal_weight=0 1065.14 398.084 202.619 697.785 195.465 391.246 148.296 667.054 539.322 119.353 189.613 79.2803 36.1616 306.538 83.1917 110.332 90.4731 162.878 516.029 287.681 242.951 228.347 127.733 19.5596 157.112 27.7666 129.345 143.66 47.6407
internal_count=11097 7520 2324 988 3577 1336 2186 741 5196 4012 536 1304 540 162 1391 374 764 402 708 3884 2093 1445 1791 1184 155 684 117 567 683 210
is_linear=0
shrinkage=0.01


Tree=128
num_leaves=31
num_cat=0
split_feature=2 0 0 1 1 0 12 0 0 1 1 1 1 1 1 1 4 1 0 0 2 1 12 2 1 12 4 0 0 1
split_gain=463.962 185.615 139.299 29.2153 28.1163 26.2341 20.1715 19.2939 14.2789 12.1276 12.9055 11.6551 11.5051 63.7915 11.1608 41.2059 11.0093 10.701 9.83855 9.61044 7.93065 14.6961 7.45014 7.38892 6.92628 6.52287 7.31601 6.0609 11.862 6.01303
threshold=65.500000000000014 4296066.5000000009 4301512.5000000009 702778654961.50012 174026439498.00003 4296066.5000000009 2.9433833877757176 5575758.5000000009 4297271.0000000009 2883033186372.5005 2547630294093.5005 4363500794354.0005 2482915552582.5005 2547630267620.5005 2547630277329.5005 2482915554044.5005 31.500000000000004 174026440880.50003 5575758.5000000009 4297271.0000000009 92.500000000000014 3475289745763.0005 2.9355504161835038 60.500000000000007 702778649068.50012 1.961825938807811 58.500000000000007 4277441.5000000009 4277500.5000000009 702778648565.00012
decision_type=2 2 2 2 2 2 2 2 2 2 2 2 2 2 2 2 2 2 2 2 2 2 2 2 2 2 2 2 2 2
left_child=4 9 3 16 22 6 -6 12 25 10 14 19 17 -14 15 -2 -3 -4 24 -5 21 -11 -1 -24 -10 -7 -27 -12 -29 -8
right_child=1 2 7 11 5 8 29 -9 18 20 27 -13 13 -15 -16 -17 -18 -19 -20 -21 -22 -23 23 -25 -26 26 -28 28 -30 -31
leaf_value=-0.011400544945523228 0.0075157010533987581 0.0068382374809930289 0.0019301544003269752 0.0058064797463267381 -0.012404162533828724 0.011873066028716356 0.0069900136252555034 -0.01314999733990983 -0.0011173464058250779 0.0084575954472790524 0.0065598288547769612 -0.013042041423591246 -0.015056258760597947 0.0070470781263400088 0.011166837615227007 -0.0042490615962951098 -0.01090753439696562 0.0092088272195691365 -0.013163774824285948 -0.0031104285429786609 0.011254876518761107 -0.013907654239893664 -0.008104608664132101 0.0059539110710916891 -0.0052860012079590166 0.0023528026983214187 -0.0034316039492865991 -0.016066002129276051 0.0016095129924426365 -0.0047897937300028469
leaf_weight=100.59899631142616 398.91483369469643 3.6088645607233039 26.678479686379433 15.012968599796293 70.777041494846344 4.0376852154731742 6.3909198343753841 5.8129363954067221 47.619021639227867 15.880404740571977 15.409792721271513 9.6285452097654325 16.4956905990839 62.638184770941734 62.266806811094284 32.171986550092697 111.77407836914062 83.159743770956993 14.08347527682781 62.014690920710564 107.24878717213869 3.6049821376800528 99.081147789955139 3.8851311206817618 244.53055359423161 36.463315337896347 54.616075426340103 4.5290717631578472 23.481598347425461 13.458949744701384
leaf_count=646 3030 15 151 63 462 18 27 32 232 137 103 54 87 453 480 220 597 613 81 259 1029 18 508 16 1127 155 242 29 150 63
internal_value=0 0.0041706 -0.00123956 -0.00705703 -0.00633946 -0.00504617 -0.0099057 0.00479457 -0.00394887 0.00740625 0.00674932 -0.00266912 0.00534656 0.00243957 0.00720933 0.0066377 -0.0103525 0.00744092 -0.00500007 -0.00137249 0.0101886 0.00431981 -0.0094651 -0.00757415 -0.00460653 -0.000564463 -0.00111584 0.00152268 -0.00124846 -0.000997134
internal_weight=0 1060.33 396.824 202.039 695.542 491.977 90.6269 194.785 401.35 663.508 536.774 86.6562 188.972 79.1339 493.354 431.087 115.383 109.838 306.233 77.0277 126.734 19.4854 203.565 102.966 292.15 95.1171 91.0794 43.4205 28.0107 19.8499
internal_count=11097 7520 2324 988 3577 2407 552 1336 1855 5196 4012 376 1304 540 3730 3250 612 764 1440 322 1184 155 1170 524 1359 415 397 282 179 90
is_linear=0
shrinkage=0.01


Tree=129
num_leaves=31
num_cat=0
split_feature=12 1 1 4 3 1 1 1 1 1 1 1 1 1 4 13 1 1 1 1 12 12 1 1 3 1 1 1 12 1
split_gain=445.592 122.109 29.2914 22.1079 22.5372 19.0118 12.27 73.333 92.0826 13.0233 9.92085 9.88123 15.9424 10.47 9.02089 11.7961 7.90168 8.87845 7.80407 6.9468 6.03164 6.43918 5.68755 9.9831 5.25465 3.33919 2.68549 3.13916 2.50623 2.47823
threshold=1.9533992703327747 1119808862276.5002 174026439498.00003 27.500000000000004 28.500000000000004 4092079271560.5005 2547630277329.5005 2482915554044.5005 2547630267620.5005 3704300934115.0005 1862882903109.5002 1861025319719.5002 3704300934115.0005 702778650644.50012 60.500000000000007 3.9104172329531406 174026422363.50003 174026437347.50003 174026447279.00003 2547630292676.5005 3.793417084127396 4.6884573824664786 4363500793924.5005 4092079265666.5005 30.500000000000004 4092079269426.5005 174026418081.50003 174026419606.50003 1.9605246968940675 174026440880.50003
decision_type=2 2 2 2 2 2 2 2 2 2 2 2 2 2 2 2 2 2 2 2 2 2 2 2 2 2 2 2 2 2
left_child=1 26 14 18 22 6 7 10 -9 19 -3 13 -13 -6 15 -2 24 -18 -4 -8 -20 -22 23 -5 -17 -11 -1 -28 -16 -29
right_child=2 5 3 4 11 -7 9 8 -10 25 -12 12 -14 -15 28 16 17 -19 20 -21 21 -23 -24 -25 -26 -27 27 29 -30 -31
leaf_value=-0.0083738933745649488 0.0036099115842335404 0.0030842827304398603 0.0096683540672169305 -0.0016420411288334761 -0.0059357636738599116 -0.0029465057864318501 0.011784487240872164 -0.020392777078374627 0.0044219402762100011 0.0017677191497542672 0.0074588763554314323 -0.0022558396374622001 -0.0080563369625263753 -0.011360823237175608 -0.0035065317347487751 0.0026694437749978316 -0.011961786801600531 -0.00076020886009890167 0.0066877072436469474 0.0078845327399642666 -0.004137503901780774 0.0079461820370946117 0.006634631346046479 -0.014868877443062738 -0.0086161016685848465 0.0077459564149929862 0.0042352776075539915 -0.0032780861646529652 -0.011182773543127109 -0.0011452533521370989
leaf_weight=6.8319213539361945 9.8940223455429059 60.489148065447807 9.1715554594993574 105.75466226041317 66.432369083166122 22.93041330575943 60.766216143965721 23.503596022725105 41.110281124711037 37.593008130788803 362.59902965277433 88.457611069083214 102.04355035722256 76.585539847612381 4.405537709593772 9.644729897379877 41.856507688760757 8.5153753310441953 9.3234471529722196 183.89326341450214 29.974136292934418 5.1706649661064139 7.5094278603792182 6.0317450314760199 7.2098493427038184 12.433309800922869 7.7710495293140402 111.15617263317108 123.07179906964302 106.84480307996273
leaf_count=39 41 392 44 449 377 143 473 129 301 208 2804 402 543 415 27 45 223 38 40 1561 126 22 32 26 35 67 52 663 770 610
internal_value=0 0.00418509 -0.00609098 -0.00480095 -0.00552005 0.00602847 0.00629151 0.00531806 -0.00460453 0.00790256 0.00683344 -0.00685432 -0.00536292 -0.00884086 -0.00928428 -0.00658464 -0.00808501 -0.0100682 0.00126949 0.00885317 -0.00046277 -0.0023597 -0.00178981 -0.00235573 -0.00215815 0.00325352 -0.00219704 -0.00201013 -0.0109175 -0.00223276
internal_weight=0 1037.92 711.053 506.455 452.815 805.318 782.388 487.702 64.6139 294.686 423.088 333.519 190.501 143.018 204.598 77.1205 67.2265 50.3719 53.6398 244.659 44.4682 35.1448 119.296 111.786 16.8546 50.0263 232.604 225.772 127.477 218.001
internal_count=11097 7442 3655 2476 2244 6078 5935 3626 430 2309 3196 1737 945 792 1179 382 341 261 232 2034 188 148 507 475 80 275 1364 1325 797 1273
is_linear=0
shrinkage=0.01


Tree=130
num_leaves=31
num_cat=0
split_feature=2 1 3 1 1 1 1 1 1 1 1 2 1 12 2 2 1 3 4 12 1 4 3 3 12 4 12 1 1 2
split_gain=448.875 127.976 27.8196 19.3798 14.6336 15.5299 12.4207 72.5891 89.2991 13.2298 11.8047 10.907 9.06207 8.99428 8.639 18.3519 7.69049 7.4952 14.9175 8.50391 6.69181 6.54895 5.7943 6.51489 5.73055 5.50824 5.29168 5.85263 4.85018 4.13698
threshold=65.500000000000014 1119808862276.5002 43.500000000000007 4092079271560.5005 1861025320257.0002 3704300934566.5005 2547630277329.5005 2482915554044.5005 2547630267620.5005 3704300934115.0005 1862882903109.5002 32.500000000000007 4092079271560.5005 3.7980938520108252 29.500000000000004 57.500000000000007 1862882900096.0002 31.500000000000004 61.500000000000007 2.9407542094424932 2547630292676.5005 58.500000000000007 34.500000000000007 27.500000000000004 1.9663941833800986 56.500000000000007 3.8273192999520735 174026441896.50003 174026434482.00003 70.500000000000014
decision_type=2 2 2 2 2 2 2 2 2 2 2 2 2 2 2 2 2 2 2 2 2 2 2 2 2 2 2 2 2 2
left_child=2 29 11 6 13 14 7 10 -9 20 -3 17 22 24 16 -16 -6 21 -19 -20 -8 25 23 -13 28 -1 -15 -28 -4 -2
right_child=1 3 4 -5 5 -7 9 8 -10 -11 -12 12 -14 26 15 -17 -18 18 19 -21 -22 -23 -24 -25 -26 -27 27 -29 -30 -31
leaf_value=-0.0076990125915440194 -0.010647713008680915 0.0028182864989484357 -0.011418419042453122 -0.0027982368416384091 0.011708559518008048 -0.0096418536066996824 0.01176358291081815 -0.01997851819978758 0.0043908296004309347 0.0032244456209843571 0.0075047934172343548 -0.0013268987077149678 0.010096361149751572 2.9618362020503866e-05 -0.0095476359306081188 0.0031266378672761513 -0.0011595141298395535 -0.0090007664800306267 -0.0056328053629517748 0.0063761750499103185 0.0079262414313436853 -0.0098286219902730607 0.0084566473363092073 -0.0055561454102512073 -0.011987734171502442 -0.00011361105484614653 -0.010925366963989644 -0.0031741653076027888 -0.0062280866645149377 -0.0020753874898936479
leaf_weight=22.701318711042404 5.7678372263908377 63.047996327280998 31.067313820123672 24.177218198776245 5.4406593739986411 56.960073173046112 60.267955377697945 23.749780654907227 40.988159865140915 49.973099529743195 364.33536867797375 91.622482970356941 5.7594125568866721 11.764055818319319 36.347827538847923 16.661209851503372 31.732701569795609 21.214110150933266 8.9522402435541171 17.276056081056595 184.76666739583015 55.93269456923008 4.5398339927196494 60.457675412297249 113.69804246723652 16.553987100720406 22.738747715950012 17.041931509971619 42.817019060254097 235.08746267855167
leaf_count=111 25 403 200 149 22 339 473 129 301 275 2820 391 24 51 182 69 129 100 38 72 1570 283 23 270 743 79 119 78 254 1375
internal_value=0 0.00412016 -0.00625269 0.0060204 -0.00803532 -0.00555404 0.00629127 0.00531868 -0.00454932 0.00791372 0.00681344 -0.00399515 -0.00222285 -0.00956213 -0.00297214 -0.005564 0.000723845 -0.00601284 -0.00276576 0.00227727 0.00887006 -0.00763121 -0.00267586 -0.00300819 -0.0105788 -0.00450024 -0.00586238 -0.00760477 -0.00841055 -0.00228067
internal_weight=0 1052.16 691.279 811.306 386.27 147.142 787.129 492.121 64.7379 295.008 427.383 305.01 162.379 239.127 90.1824 53.009 37.1734 142.63 47.4424 26.2283 245.035 95.188 156.62 152.08 187.582 39.2553 51.5447 39.7807 73.8843 240.855
internal_count=11097 7520 3577 6120 2186 741 5971 3653 430 2318 3223 1391 708 1445 402 251 151 683 210 110 2043 473 684 661 1197 190 248 197 454 1400
is_linear=0
shrinkage=0.01


Tree=131
num_leaves=31
num_cat=0
split_feature=2 0 0 3 0 4 4 0 2 0 12 0 0 2 3 3 4 12 12 3 3 4 0 0 0 0 0 4 12 4
split_gain=441.401 180.574 135.983 27.6075 19.1225 18.5925 11.6666 16.9538 16.4375 13.5537 12.9904 11.1606 62.6052 10.7559 10.2553 7.39503 14.6724 8.33331 7.23116 9.00626 7.56883 6.48395 6.38847 108.68 6.13338 5.79868 5.60344 12.5681 6.91925 5.42592
threshold=65.500000000000014 4296066.5000000009 4301512.5000000009 43.500000000000007 5575758.5000000009 28.500000000000004 70.500000000000014 4296066.5000000009 29.500000000000004 4305701.0000000009 1.961825938807811 4305780.0000000009 4305469.5000000009 32.500000000000007 31.500000000000004 31.500000000000004 61.500000000000007 2.9407542094424932 3.8061042970938286 58.500000000000007 57.500000000000007 58.500000000000007 4277344.0000000009 4277361.5000000009 4277646.5000000009 4297759.5000000009 4296552.0000000009 30.500000000000004 3.8262176164128028 56.500000000000007
decision_type=2 2 2 2 2 2 2 2 2 2 2 2 2 2 2 2 2 2 2 2 2 2 2 2 2 2 2 2 2 2
left_child=3 22 5 13 11 -3 18 -8 9 -9 -10 12 -4 15 -7 21 25 -18 19 -5 -20 29 -2 -24 -22 -17 27 -15 -29 -1
right_child=1 2 4 6 -6 14 7 8 10 -11 -12 -13 -14 26 -16 16 17 -19 20 -21 24 -23 23 -25 -26 -27 -28 28 -30 -31
leaf_value=-0.0076460625823299216 0.010277899160598026 0.013171450766191188 0.0068939404282087795 0.0056834164136013287 -0.01314391881305777 0.0061043369795933155 -0.01225463050480427 0.0004206447923356272 -0.0040683414911745486 -0.012331577334670649 -0.010750876653419988 0.0084861532292832345 -0.01179168366664147 -0.0071329961620554992 -0.0078572520084108383 -0.00025871302710171187 -0.0055829320363193448 0.0063081180517155265 -0.0091667853105355784 -0.0075484146681885017 0.0031813764886384314 -0.0097729445531620461 -0.040109642239444875 0.0073752612397816435 -0.0065651057739261574 -0.012099814351019986 -0.0030629760300797284 0.0023431961467509357 0.015263501925738939 -0.00011247977582446335
leaf_weight=22.630300536751747 65.398822642862797 4.4615818858146659 96.628542549908161 12.619806155562403 5.8042192310094824 5.4100667387247077 101.39470052719116 39.475116387009621 40.120586559176445 10.565335825085638 105.80322003364563 68.924809716641903 22.015950456261635 10.154014721512796 191.07277351617813 5.6403567194938686 8.9419422000646609 17.2877596616745 39.663753837347031 8.6836431026458722 11.614095970988275 55.690054506063461 4.8599951863288871 584.25266829878092 14.539546221494673 15.502534106373785 133.59753674268723 12.26494273543358 6.2606593072414389 16.553276970982552
leaf_count=111 535 20 685 52 32 22 676 164 222 69 653 523 96 44 946 24 38 72 192 36 54 283 26 4635 68 76 587 51 26 79
internal_value=0 0.00409208 -0.00125369 -0.00621078 0.00473262 -0.00701446 -0.00799224 -0.00893512 -0.00721756 -0.00227181 -0.00891357 0.00528579 0.00342659 -0.00396158 -0.00747283 -0.00596892 -0.00274222 0.00225435 -0.00477404 0.0002899 -0.00641311 -0.00758009 0.0073127 0.00698353 -0.00223697 -0.00894093 -0.00220201 0.00180861 0.00670957 -0.00446347
internal_weight=0 1048.83 394.318 689.003 193.374 200.944 384.48 297.359 195.964 50.0405 145.924 187.569 118.644 304.523 196.483 142.246 47.3726 26.2297 87.1208 21.3034 65.8174 94.8736 654.511 589.113 26.1536 21.1429 162.277 28.6796 18.5256 39.1836
internal_count=11097 7520 2324 3577 1336 988 2186 1784 1108 233 875 1304 781 1391 968 683 210 110 402 88 314 473 5196 4661 122 100 708 121 77 190
is_linear=0
shrinkage=0.01


Tree=132
num_leaves=31
num_cat=0
split_feature=2 1 1 1 3 4 1 1 1 1 1 2 2 12 3 12 2 1 12 13 12 1 2 3 1 12 2 2 1 1
split_gain=434.283 124.387 27.5503 18.8697 17.7144 13.7014 12.4577 71.9839 86.9582 12.8818 11.6721 10.626 13.6878 11.2972 9.76768 7.46957 7.15755 6.71465 5.65049 9.62929 9.08373 6.33526 7.0771 5.40992 4.15782 5.46079 4.07215 5.62545 3.84785 3.29665
threshold=65.500000000000014 1119808862276.5002 174026439498.00003 4092079271560.5005 28.500000000000004 27.500000000000004 2547630277329.5005 2482915554044.5005 2547630267620.5005 3704300934115.0005 1862882903109.5002 29.500000000000004 56.500000000000007 3.8641164028099055 43.500000000000007 2.9355504161835038 60.500000000000007 2547630292676.5005 3.8563738582511413 3.9169879158579222 3.8294395188611343 702778653924.50012 33.500000000000007 59.500000000000007 174026424700.00003 3.8526111023106298 70.500000000000014 102.50000000000001 174026437347.50003 4092079269426.5005
decision_type=2 2 2 2 2 2 2 2 2 2 2 2 2 2 2 2 2 2 2 2 2 2 2 2 2 2 2 2 2 2
left_child=2 26 15 6 18 14 7 10 -9 17 -3 13 -13 -7 -6 -1 24 -8 19 20 -4 22 -20 -16 25 -17 -2 -28 -26 -11
right_child=1 3 4 -5 5 11 9 8 -10 29 -12 12 -14 -15 23 16 -18 -19 21 -21 -22 -23 -24 -25 28 -27 27 -29 -30 -31
leaf_value=-0.011270701607631385 -0.010566509165175098 0.0027644257980416293 -0.0029126886177483257 -0.0027628603048715913 0.0081680547664489921 -0.0035221750761599371 0.011729445021558602 -0.019727301371765121 0.0043076848198722482 0.0017508281360959447 0.0074378858813878221 -0.010400689583278236 -0.0044657587102899582 -0.010873007834262318 -0.0010910472359192242 -0.007305240106515164 0.0059182161472540349 0.0078604617099220352 -0.0046956246042691016 -0.0098631134993464927 0.00604822819898603 0.012087730010557764 0.0065451314029888134 -0.010765009842349058 -0.010480606595180476 0.0023514930879410499 0.0090657789858457054 -0.0022625336398619327 -0.0041274293570529108 0.0077029928595123889
leaf_weight=97.888778582215309 5.7471957206726065 62.733320109546185 62.43848605453968 24.087084487080574 9.6710709035396558 125.69763988256454 59.445184864103794 23.900638550519943 40.663524962961674 37.483486831188202 360.77337852120399 113.96241018176079 58.967097610235214 25.078624844551086 25.975211948156353 24.175106152892116 3.8810518085956565 182.78658133000135 13.264980047941213 15.815603524446486 13.815605208277701 5.4010083675384513 9.6942872852087003 7.4354641735553768 54.275485321879387 7.7278159856796256 4.4688580483198157 229.65626350045204 11.564364850521086 12.377890504896639
leaf_count=646 25 403 264 149 46 623 473 129 301 208 2820 661 303 120 111 124 16 1570 60 68 57 23 40 31 292 38 22 1353 54 67
internal_value=0 0.00406957 -0.0061692 0.00595455 -0.00488748 -0.00598008 0.0062237 0.00524613 -0.00458969 0.00785715 0.00674561 -0.00668517 -0.00837694 -0.00474484 -0.000682173 -0.00929921 -0.00740019 0.00880993 -0.0015598 -0.00276198 -0.00128916 0.00234303 5.06557e-05 -0.00324396 -0.00792902 -0.0049661 -0.00225044 -0.0020463 -0.00936471 0.00322843
internal_weight=0 1044.12 686.73 804.251 487.217 366.788 780.164 488.071 64.5642 292.093 423.507 323.706 172.93 150.776 43.0817 199.513 101.624 242.232 120.43 92.0697 76.2541 28.3603 22.9593 33.4107 97.7428 31.9029 239.872 234.125 65.8399 49.8614
internal_count=11097 7520 3577 6120 2407 1895 5971 3653 430 2318 3223 1707 964 743 188 1170 524 2043 512 389 321 123 100 142 508 162 1400 1375 346 275
is_linear=0
shrinkage=0.01


Tree=133
num_leaves=31
num_cat=0
split_feature=2 0 0 1 1 0 13 0 0 1 1 1 1 0 0 1 1 0 0 0 0 0 1 2 1 13 2 3 13 4
split_gain=426.997 176.823 133.226 28.6617 27.3611 25.6464 20.2672 18.9076 13.8634 12.36 13.6094 28.367 21.0387 19.72 11.7965 11.5323 43.9937 11.8766 11.0397 10.8804 9.69018 8.463 55.2545 8.17078 14.8888 7.48512 7.04392 7.024 6.43943 7.0379
threshold=65.500000000000014 4296066.5000000009 4301512.5000000009 174026445959.50003 174026439498.00003 4296066.5000000009 2.9714630336214864 5575758.5000000009 4297271.0000000009 2883033186372.5005 1955683344136.5002 2452704926503.5005 2482915538113.0005 4295248.5000000009 4299148.5000000009 2482915549923.5005 2547630269000.5005 4305469.5000000009 4299696.5000000009 4296517.5000000009 5575758.5000000009 4295326.5000000009 1862882903109.5002 92.500000000000014 3475289743715.0005 2.9674747924529803 60.500000000000007 27.500000000000004 1.9807272359141355 58.500000000000007
decision_type=2 2 2 2 2 2 2 2 2 2 2 2 2 2 2 2 2 2 2 2 2 2 2 2 2 2 2 2 2 2
left_child=4 9 3 -3 25 6 -6 15 28 10 21 13 -13 -12 19 17 -17 -4 -16 -5 27 22 -2 24 -11 -1 -27 -10 -7 -30
right_child=1 2 7 14 5 8 -8 -9 20 23 11 12 -14 -15 18 16 -18 -19 -20 -21 -22 -23 -24 -25 -26 26 -28 -29 29 -31
leaf_value=-0.01123776015120366 -0.0042587206403081361 -0.011522579056992091 0.011265124794437552 0.0058419975576827514 -0.012292649222470411 0.01194675519073269 -0.0007807829638002842 -0.013120046650932127 -0.0016754543398169548 0.010572565690537111 -0.0041649303817730488 0.011190162680033859 0.0047708043809851185 0.012083566471241227 0.0097740181910700823 -0.0080358315748809694 0.0074330647482288795 0.0043936244435241736 -0.0025235954859939846 -0.0070270398975839131 -0.013023056537039427 0.010250233784974361 0.011444262992789596 0.011201925053800089 -0.007977189447708994 -0.0078791915706475455 0.0058620666354841479 -0.0053050395517363451 0.0024284099502655983 -0.0032565851921266559
leaf_weight=97.197433352470398 33.2061587870121 81.664118930697441 46.172090992331505 7.1966554224491111 68.585950389504433 4.0267646312713614 19.682076662778854 5.7794524133205405 70.474496141076088 12.347127899527552 44.288572236895561 71.62088256329298 177.79485871642828 8.9845431894063932 10.17680102586746 26.926771804690361 57.959830895066261 55.252272553741932 25.822468414902687 75.427234709262848 13.717563703656195 120.5780443996191 68.908534780144691 104.05706667155027 6.6614312380552283 97.379515692591667 3.8790543526411048 219.00983928143978 36.355201929807663 54.302866727113724
leaf_count=646 192 452 347 33 462 18 90 32 299 116 244 600 1314 63 45 153 431 373 117 341 81 974 625 1029 39 508 16 1060 155 242
internal_value=0 0.0040418 -0.00125685 -0.00696333 -0.00612656 -0.00484927 -0.00972572 0.00469313 -0.00376747 0.00724803 0.00657984 0.00519933 0.00661415 -0.00142461 -0.00382459 0.0052457 0.0025262 0.00752178 0.000952874 -0.00590613 -0.00481058 0.00845625 0.00633789 0.0101006 0.00407192 -0.00925552 -0.00735279 -0.00442142 -0.000427205 -0.00097682
internal_weight=0 1040.82 392.378 200.287 684.611 486.155 88.268 192.09 397.887 648.447 525.382 302.689 249.416 53.2731 118.623 186.311 84.8866 101.424 35.9993 82.6239 303.202 222.693 102.115 123.066 19.0086 198.456 101.259 289.484 94.6848 90.6581
internal_count=11097 7520 2324 988 3577 2407 552 1336 1855 5196 4012 2221 1914 307 536 1304 584 720 162 374 1440 1791 817 1184 155 1170 524 1359 415 397
is_linear=0
shrinkage=0.01


Tree=134
num_leaves=31
num_cat=0
split_feature=2 1 1 1 3 4 1 1 1 1 1 2 2 1 3 12 2 1 12 13 12 1 2 3 1 2 2 2 1 1
split_gain=420.048 121.057 27.1676 18.552 17.2572 13.4766 12.3839 70.7681 83.8311 12.7301 11.4451 10.5845 13.534 11.2424 9.57149 7.50506 6.93093 6.76797 5.52954 9.50492 8.88078 6.20901 6.92595 5.31532 4.13714 5.41643 3.93225 5.55711 3.84624 3.25762
threshold=65.500000000000014 1119808862276.5002 174026439498.00003 4092079271560.5005 28.500000000000004 27.500000000000004 2547630277329.5005 2482915554044.5005 2547630267620.5005 3704300934115.0005 1862882903109.5002 29.500000000000004 56.500000000000007 1861025319719.5002 43.500000000000007 2.9355504161835038 60.500000000000007 2547630292676.5005 3.8563738582511413 3.9169879158579222 3.8294395188611343 702778653924.50012 33.500000000000007 59.500000000000007 174026424700.00003 28.500000000000004 70.500000000000014 102.50000000000001 174026437347.50003 4092079269426.5005
decision_type=2 2 2 2 2 2 2 2 2 2 2 2 2 2 2 2 2 2 2 2 2 2 2 2 2 2 2 2 2 2
left_child=2 26 15 6 18 14 7 10 -9 17 -3 13 -13 -7 -6 -1 24 -8 19 20 -4 22 -20 -16 25 -17 -2 -28 -26 -11
right_child=1 3 4 -5 5 11 9 8 -10 29 -12 12 -14 -15 23 16 -18 -19 21 -21 -22 -23 -24 -25 28 -27 27 -29 -30 -31
leaf_value=-0.011205110102917651 -0.010412673825395706 0.0027334124056343874 -0.0028608600073591231 -0.0027691236376070822 0.0081302235289241222 -0.0080762056680476896 0.011700828241852972 -0.019304644683426984 0.0042437213108703206 0.0017210761254095649 0.0073713020589620225 -0.010320164894233007 -0.0044019650975476261 -0.0024677083268413785 -0.0010416105904430676 -0.01125028470523997 0.0058065144200413268 0.0077936587264932997 -0.0046426141896541966 -0.0097830604035342317 0.0060011742789901961 0.011970717017801067 0.0064807214952992322 -0.010640758060682763 -0.010390535520045603 -0.0021913078967776981 0.0090338167257283785 -0.0022412597812908699 -0.0040233803830837271 0.007649683435656615
leaf_weight=96.509297534823418 5.7275481969118109 62.52318524569273 62.389446347951889 23.997579284012318 9.6554589569568616 58.647731274366379 58.74743390083313 24.15321047604084 40.411281563341618 37.381141558289528 357.15006923675537 112.85211582481861 58.760383173823357 91.507045745849609 25.952289447188374 9.3648044317960757 3.8770147562026969 180.69492920488119 13.236703142523771 15.773045152425764 13.811211273074148 5.4103272557258597 9.699550583958624 7.4171507805585888 53.791217833757401 22.357066795229912 4.4565232545137397 228.57792358100414 11.519002869725226 12.323722220957277
leaf_count=646 25 403 264 149 46 330 473 129 301 208 2820 661 303 413 111 50 16 1570 60 68 57 23 40 31 292 112 22 1353 54 67
internal_value=0 0.00401964 -0.00608393 0.00589004 -0.0048112 -0.0058944 0.00615872 0.0051809 -0.00456559 0.00779629 0.00668035 -0.00659724 -0.00829376 -0.00465829 -0.000638125 -0.00921139 -0.0073046 0.00875229 -0.00152709 -0.00271722 -0.00125463 0.00233441 6.13518e-05 -0.00317525 -0.00782847 -0.00486566 -0.00222683 -0.00202564 -0.00926754 0.003191
internal_weight=0 1036.14 682.531 797.383 485.112 364.792 773.385 484.238 64.5645 289.147 419.673 321.767 171.612 150.155 43.0249 197.418 100.909 239.442 120.32 91.9737 76.2007 28.3466 22.9363 33.3694 97.0321 31.7219 238.762 233.034 65.3102 49.7049
internal_count=11097 7520 3577 6120 2407 1895 5971 3653 430 2318 3223 1707 964 743 188 1170 524 2043 512 389 321 123 100 142 508 162 1400 1375 346 275
is_linear=0
shrinkage=0.01


Tree=135
num_leaves=31
num_cat=0
split_feature=2 0 0 1 1 0 12 0 0 1 1 1 1 0 0 1 1 0 0 0 0 0 1 2 1 12 3 2 12 4
split_gain=413.011 173.231 130.534 28.2829 26.9757 25.3274 20.2809 18.6802 13.6278 12.4032 13.7569 28.18 21.0646 19.5028 11.5374 11.3981 42.6254 11.8682 10.8244 10.683 9.58989 8.50666 54.6442 8.2246 14.7544 7.51919 6.82402 6.82114 6.31354 6.85693
threshold=65.500000000000014 4296066.5000000009 4301512.5000000009 174026445959.50003 174026439498.00003 4296066.5000000009 2.9433833877757176 5575758.5000000009 4297271.0000000009 2883033186372.5005 1955683344136.5002 2452704926503.5005 2482915538113.0005 4295248.5000000009 4299148.5000000009 2482915549923.5005 2547630269000.5005 4305469.5000000009 4299696.5000000009 4296517.5000000009 5575758.5000000009 4295326.5000000009 1862882903109.5002 92.500000000000014 3475289743715.0005 2.9355504161835038 27.500000000000004 60.500000000000007 1.961825938807811 58.500000000000007
decision_type=2 2 2 2 2 2 2 2 2 2 2 2 2 2 2 2 2 2 2 2 2 2 2 2 2 2 2 2 2 2
left_child=4 9 3 -3 25 6 -6 15 28 10 21 13 -13 -12 19 17 -17 -4 -16 -5 26 22 -2 24 -11 -1 -10 -27 -7 -30
right_child=1 2 7 14 5 8 -8 -9 20 23 11 12 -14 -15 18 16 -18 -19 -20 -21 -22 -23 -24 -25 -26 27 -28 -29 29 -31
leaf_value=-0.011172745043721706 -0.0042277240954074332 -0.011467265459510765 0.011234820926401131 0.0057796810559062311 -0.012246516238874815 0.011855336664665149 -0.00070156737082001884 -0.013096349538071858 -0.0016449132361366651 0.010536058133763028 -0.0042039104241459093 0.011154899175863412 0.0046933461664654215 0.012043432669649036 0.0096750775598330157 -0.0078489374093299435 0.0073654769231819919 0.0043416990759819179 -0.0025156355986726627 -0.0069746762019386888 -0.01295863522447595 0.010216951494454292 0.011417343781166132 0.011178238507980718 -0.0079745644763354467 -0.00777946750563449 -0.0052253172805718342 0.0057515500785612073 0.0024287201927046453 -0.0031858236592250478
leaf_weight=95.824411496520042 33.250260770320892 81.084796518087387 45.733904413878918 7.194788545370101 67.666923567652702 4.0321719646453849 19.630337044596672 5.7545994669198981 70.411897376179695 12.17617103457451 44.215428456664085 70.663515791296959 176.39055911451578 8.8702714294195157 10.149531081318854 27.094454437494278 57.480052500963211 55.035767547786236 25.794473454356194 75.282473519444466 13.553568899631498 119.48513114452362 67.943363443017006 102.62657739967108 6.6620908677577964 96.669142037630081 218.17866536974907 3.8749346882104865 36.324613690376282 54.220908656716347
leaf_count=646 192 452 347 33 462 18 90 32 299 116 244 600 1314 63 45 153 431 373 117 341 81 974 625 1029 39 508 1060 16 155 242
internal_value=0 0.00399214 -0.00125932 -0.00691708 -0.00604222 -0.00477394 -0.00965043 0.00464735 -0.00370089 0.00718583 0.00651473 0.00512114 0.00654151 -0.00148909 -0.00380151 0.00519825 0.00249136 0.00747011 0.000926664 -0.00586207 -0.00473784 0.00841011 0.00627668 0.0100634 0.00398984 -0.00916832 -0.00435175 -0.00725799 -0.00038818 -0.000933408
internal_weight=0 1032.89 390.605 199.506 680.388 484.019 87.2973 191.099 396.722 642.283 520.819 300.14 247.054 53.0857 118.421 185.344 84.5745 100.77 35.944 82.4773 302.144 220.679 101.194 121.465 18.8383 196.368 288.591 100.544 94.5777 90.5455
internal_count=11097 7520 2324 988 3577 2407 552 1336 1855 5196 4012 2221 1914 307 536 1304 584 720 162 374 1440 1791 817 1184 155 1170 1359 524 415 397
is_linear=0
shrinkage=0.01


Tree=136
num_leaves=31
num_cat=0
split_feature=2 0 0 1 1 0 13 0 0 1 1 1 1 0 0 1 1 0 0 0 0 0 1 2 1 13 3 2 13 4
split_gain=406.286 170.827 128.331 28.0885 26.7838 25.1511 20.1724 18.4005 13.397 12.4029 13.6906 27.8095 20.9968 19.2007 11.3207 11.2671 41.8408 11.843 10.6245 10.5544 9.52574 8.46831 54.1001 8.21124 14.5395 7.5384 6.71489 6.71175 6.17651 6.7227
threshold=65.500000000000014 4296066.5000000009 4301512.5000000009 174026445959.50003 174026439498.00003 4296066.5000000009 2.9714630336214864 5575758.5000000009 4297271.0000000009 2883033186372.5005 1955683344136.5002 2452704926503.5005 2482915538113.0005 4295248.5000000009 4299148.5000000009 2482915549923.5005 2547630269000.5005 4305469.5000000009 4299696.5000000009 4296814.0000000009 5575758.5000000009 4295326.5000000009 1862882903109.5002 92.500000000000014 3475289743715.0005 2.9674747924529803 27.500000000000004 60.500000000000007 1.9807272359141355 58.500000000000007
decision_type=2 2 2 2 2 2 2 2 2 2 2 2 2 2 2 2 2 2 2 2 2 2 2 2 2 2 2 2 2 2
left_child=4 9 3 -3 25 6 -6 15 28 10 21 13 -13 -12 19 17 -17 -4 -16 -5 26 22 -2 24 -11 -1 -10 -27 -7 -30
right_child=1 2 7 14 5 8 -8 -9 20 23 11 12 -14 -15 18 16 -18 -19 -20 -21 -22 -23 -24 -25 -26 27 -28 -29 29 -31
leaf_value=-0.011140658094523801 -0.0041756905761049443 -0.011420713752151399 0.011208750543396602 -0.00045528161201789609 -0.012219882270614378 0.011712457750011951 -0.00069470645292063992 -0.013056150674670428 -0.0016290052652090372 0.010515222810078877 -0.0041528193232605991 0.011133916037213041 0.0046611100777146867 0.012018976233208988 0.0095942385359161393 -0.0077386357306154143 0.0073252548355661065 0.0043057610561135157 -0.0024906294161038288 -0.0082014861763499598 -0.012921857986592091 0.010188620917163242 0.011401254016492444 0.011163235797882998 -0.0078608366670576621 -0.0077293757663639672 -0.0051818406539472237 0.005697165938216715 0.0024041724421629308 -0.0031555058429901185
leaf_weight=95.142815262079239 33.327555924654007 80.603566199541092 45.383629471063614 25.450407519936562 67.138909846544266 4.0405039042234412 19.625981166958809 5.7147938907146445 70.388629481196404 12.078782789409162 44.311320200562477 70.091592498123646 175.83714638650417 8.7997908145189268 10.132782429456709 27.205275043845177 57.219024986028671 54.940651699900627 25.792926922440529 56.949236050248146 13.456708297133444 118.62352379411459 67.361769169569016 101.74129293113947 6.6907455325126639 96.324402958154678 217.81098374724388 3.8728156983852378 36.328532457351685 54.19457058608532
leaf_count=646 192 452 347 116 462 18 90 32 299 116 244 600 1314 63 45 153 431 373 117 258 81 974 625 1029 39 508 1060 16 155 242
internal_value=0 0.00397021 -0.0012506 -0.00686793 -0.00600013 -0.00473643 -0.00961292 0.00461639 -0.00366856 0.00715234 0.00648051 0.00508875 0.00650591 -0.00147337 -0.00376656 0.00516306 0.002471 0.00742846 0.000917886 -0.00580895 -0.0046981 0.00837823 0.00624538 0.0100421 0.00396474 -0.00912469 -0.00431411 -0.00721041 -0.000384366 -0.000924308
internal_weight=0 1028.26 389.392 198.929 678.325 482.985 86.7649 190.463 396.22 638.864 518.353 299.04 245.929 53.1111 118.325 184.749 84.4243 100.324 35.9257 82.3996 301.656 219.313 100.689 120.511 18.7695 195.34 288.2 100.197 94.5636 90.5231
internal_count=11097 7520 2324 988 3577 2407 552 1336 1855 5196 4012 2221 1914 307 536 1304 584 720 162 374 1440 1791 817 1184 155 1170 1359 524 415 397
is_linear=0
shrinkage=0.01


Tree=137
num_leaves=31
num_cat=0
split_feature=2 0 0 1 1 0 12 0 0 1 1 1 0 1 0 0 0 0 0 0 0 1 2 1 12 1 2 12 12 1
split_gain=399.672 168.453 126.173 27.8904 26.5927 24.9753 20.0651 18.1253 13.1699 12.4021 13.6245 27.4971 13.961 12.8853 11.3317 61.6151 11.1111 10.4284 10.3979 9.46223 8.43013 53.5633 8.19785 14.3286 7.55723 6.64664 6.60413 6.04287 6.05869 5.91004
threshold=65.500000000000014 4296066.5000000009 4301512.5000000009 174026445959.50003 174026439498.00003 4296066.5000000009 2.9433833877757176 5575758.5000000009 4297271.0000000009 2883033186372.5005 1955683344136.5002 2384994533778.0005 4295248.5000000009 2547630292676.5005 4305780.0000000009 4305469.5000000009 4299148.5000000009 4299696.5000000009 4296517.5000000009 5575758.5000000009 4295326.5000000009 1862882903109.5002 92.500000000000014 3475289743715.0005 2.9355504161835038 702778649068.50012 60.500000000000007 1.961825938807811 1.9808932560376222 702778648565.00012
decision_type=2 2 2 2 2 2 2 2 2 2 2 2 2 2 2 2 2 2 2 2 2 2 2 2 2 2 2 2 2 2
left_child=4 9 3 -3 24 6 -6 14 27 10 20 12 -12 -13 15 -4 18 -18 -5 25 21 -2 23 -11 -1 -10 -26 -7 -29 -8
right_child=1 2 7 16 5 8 29 -9 19 22 11 13 -14 -15 -16 -17 17 -19 -20 -21 -22 -23 -24 -25 26 -27 -28 28 -30 -31
leaf_value=-0.011108843634465808 -0.0041244409766573115 -0.011374590027461945 0.0067468468351092152 0.0057223400694807061 -0.012193623272230909 0.011572211460225515 0.0072385786301913226 -0.013016593539049161 -0.0008362568153672305 0.010494504421575899 -0.0065928355118884622 0.0071213949952780107 0.012016445990394586 0.0013646934695035796 0.0083864034267558084 -0.011829089950099281 0.0095142837486028205 -0.0024658752030425287 -0.0068578762621246039 -0.012885633051945762 0.010160424377976259 0.011385370423762848 0.011148399640046007 -0.0077493738234121192 -0.0076795980156099718 -0.0049480102537320944 0.005643352451949535 -0.010989924766828836 -0.00025079260130563718 -0.0044878260936564145
leaf_weight=94.464543208479881 33.403873011469841 80.123517856001854 94.572965882718563 7.1999157369136801 66.613293349742889 4.0485361814498892 6.358355492353442 5.6750386804342261 46.984038203954697 11.982087135314943 26.715214669704441 219.2190068140626 4.7478682696819297 47.265121206641197 67.571005195379257 22.012098744511604 10.115840807557104 25.791341975331306 75.106787443161011 13.360077723860739 117.7674870043993 66.784085169434547 100.8623266518116 6.7189687192440024 95.981000170111656 240.82629196345806 3.8706593215465537 5.599902778863906 84.900706574320793 13.263309329748152
leaf_count=646 192 452 685 33 462 18 27 32 232 116 137 1726 34 324 523 96 45 117 341 81 974 625 1029 39 508 1127 16 33 364 63
internal_value=0 0.00394844 -0.001242 -0.00681968 -0.00595832 -0.00469919 -0.00957565 0.00458562 -0.00363651 0.00711896 0.00644643 0.0050565 -0.00378464 0.00610035 0.00512806 0.00323958 -0.00373244 0.000909198 -0.0057574 -0.00465867 0.00834646 0.00621421 0.0100209 0.00393979 -0.0090813 -0.00427678 -0.00716315 -0.00038059 -0.000915297 -0.000687912
internal_weight=0 1023.63 388.169 198.337 676.271 481.955 86.235 189.831 395.72 635.466 515.903 297.947 31.4631 266.484 184.156 116.585 118.214 35.9072 82.3067 301.17 217.955 100.188 119.563 18.7011 194.316 287.81 99.8517 94.5491 90.5006 19.6217
internal_count=11097 7520 2324 988 3577 2407 552 1336 1855 5196 4012 2221 171 2050 1304 781 536 162 374 1440 1791 817 1184 155 1170 1359 524 415 397 90
is_linear=0
shrinkage=0.01


Tree=138
num_leaves=31
num_cat=0
split_feature=2 0 0 1 1 0 12 0 0 1 1 1 1 0 1 1 0 0 0 1 0 0 1 2 1 1 12 12 2 2
split_gain=393.202 166.073 124.096 27.6984 26.4021 24.8054 19.9527 17.8688 12.9796 12.4017 13.5599 27.2294 20.9884 18.7278 11.3054 55.9857 10.9026 10.304 10.2362 10.159 9.9557 8.39211 53.0336 8.18444 14.1216 8.02699 7.90784 7.57566 6.49825 6.41274
threshold=65.500000000000014 4296066.5000000009 4301512.5000000009 174026445959.50003 174026439498.00003 4296066.5000000009 2.9433833877757176 5575758.5000000009 4296552.0000000009 2883033186372.5005 1955683344136.5002 2452704926503.5005 2482915538113.0005 4295248.5000000009 2482915552582.5005 2547630267620.5005 4299148.5000000009 4296814.0000000009 4299696.5000000009 174026440880.50003 5575758.5000000009 4295326.5000000009 1862882903109.5002 92.500000000000014 3475289743715.0005 702778649068.50012 1.9855520618694149 2.9355504161835038 60.500000000000007 25.500000000000004
decision_type=2 2 2 2 2 2 2 2 2 2 2 2 2 2 2 2 2 2 2 2 2 2 2 2 2 2 2 2 2 2
left_child=4 9 3 26 27 6 -6 14 29 10 21 13 -13 -12 19 -16 17 -5 -18 -4 25 22 -2 24 -11 -10 -3 -1 -29 -7
right_child=1 2 7 16 5 8 -8 -9 20 23 11 12 -14 -15 15 -17 18 -19 -20 -21 -22 -23 -24 -25 -26 -27 -28 28 -30 -31
leaf_value=-0.011077295127257485 -0.0040739605253408912 -0.01199234361014161 0.0018248062619125932 -0.00041778074285670223 -0.012167732801231098 -0.006496488125010109 -0.00068145804113798063 -0.012977665665403433 -0.00039582812063230724 0.01047390004537513 -0.004090212314959818 0.011099905407332349 0.0045909540948828936 0.011975362638304222 -0.013788748489385268 0.0067281110085799442 0.0094351940478173534 -0.0080752425525953617 -0.0024413707643478346 0.0089944882428343951 -0.012849949862607096 0.010132358596508876 0.011369687856709556 0.011133728022705758 -0.0076401085656316453 -0.0046966043772895339 0.0036364402755187241 -0.0076301294538992179 0.0055901006055103508 0.0022696102324386413
leaf_weight=93.789632424712181 33.479224547743797 76.263700619339943 26.265780612826347 25.448908850550652 66.090105056762695 10.092257633805273 19.610665425658226 5.6353400498628607 51.63398651778698 11.886083185672762 44.415296658873558 69.161263801157475 174.62028878927231 8.6727996915578824 17.07803051173687 60.123241379857063 10.098715767264364 56.779092222452164 25.789719089865685 79.825065955519676 13.26368899643421 116.91702206432819 66.21031366288662 99.989660084247589 6.7467684149742118 272.03276738524437 3.3810086548328391 95.63896244764328 3.8684672713279715 48.203955426812172
leaf_count=646 192 437 151 116 462 42 90 32 253 116 244 600 1314 63 87 453 45 258 117 613 81 974 625 1029 39 1265 15 508 16 214
internal_value=0 0.00392772 -0.0012343 -0.00677131 -0.00591679 -0.00466224 -0.00953936 0.00456161 -0.00360468 0.0070856 0.00641236 0.00502426 0.00643756 -0.00146564 0.00510086 0.00218949 -0.00369818 -0.00570532 0.000900599 0.00721943 -0.00435848 0.00831481 0.00618317 0.00999983 0.003915 -0.00401051 -0.0113289 -0.00903815 -0.00711618 0.000752021
internal_weight=0 1018.79 386.689 197.761 674.224 480.927 85.7008 188.927 395.227 632.099 513.476 296.87 243.782 53.0881 183.292 77.2013 118.116 82.228 35.8884 106.091 336.93 216.607 99.6895 118.623 18.6329 323.667 79.6447 193.297 99.5074 58.2962
internal_count=11097 7520 2324 988 3577 2407 552 1336 1855 5196 4012 2221 1914 307 1304 540 536 374 162 764 1599 1791 817 1184 155 1518 452 1170 524 256
is_linear=0
shrinkage=0.01


Tree=139
num_leaves=31
num_cat=0
split_feature=2 0 0 1 1 0 13 0 0 1 1 1 1 0 0 0 0 0 0 0 0 1 2 1 13 13 1 2 13 4
split_gain=386.798 163.755 122.026 27.523 26.2154 24.6328 19.8479 17.6036 12.7771 12.4 13.494 26.8692 20.92 18.4399 11.2306 60.7389 10.7009 10.1288 10.0477 9.33374 8.35425 52.5109 8.17101 13.9185 7.82874 7.59369 6.41677 6.39407 5.88113 6.54373
threshold=65.500000000000014 4296066.5000000009 4301512.5000000009 174026445959.50003 174026439498.00003 4296066.5000000009 2.9714630336214864 5575758.5000000009 4297271.0000000009 2883033186372.5005 1955683344136.5002 2452704926503.5005 2482915538113.0005 4295248.5000000009 4305780.0000000009 4305469.5000000009 4299148.5000000009 4296814.0000000009 4299696.5000000009 5575758.5000000009 4295326.5000000009 1862882903109.5002 92.500000000000014 3475289743715.0005 1.9927497336418349 2.9674747924529803 702778649068.50012 60.500000000000007 1.9807272359141355 58.500000000000007
decision_type=2 2 2 2 2 2 2 2 2 2 2 2 2 2 2 2 2 2 2 2 2 2 2 2 2 2 2 2 2 2
left_child=4 9 3 24 25 6 -6 14 28 10 20 13 -13 -12 15 -4 17 -5 -18 26 21 -2 23 -11 -3 -1 -10 -27 -7 -30
right_child=1 2 7 16 5 8 -8 -9 19 22 11 12 -14 -15 -16 -17 18 -19 -20 -21 -22 -23 -24 -25 -26 27 -28 -29 29 -31
leaf_value=-0.011046005961083332 -0.0040242321648251613 -0.011951573453008344 0.0066870501472923683 -0.00041361558403024977 -0.012142203926950925 0.011412712349657014 -0.00067478992345603687 -0.012939353116957182 -0.00082422160444942235 0.010453407091656691 -0.0040408045044007159 0.011079421376717529 0.0045591891064675986 0.011951852708223612 0.008329085114478052 -0.011785409262457879 0.0093569511478895639 -0.0080076809144767232 -0.0024171135035183978 -0.012814797501712112 0.010104419749510915 0.011354204516896636 0.011119218277952519 -0.0075329787456798183 0.0035991628307203206 -0.0075809658475066381 -0.0048657876283026312 0.0055374026406033719 0.0023894199925156815 -0.0030979394137180707
leaf_weight=93.118116870522499 33.553627520799637 75.761139705777168 93.820502951741219 25.448133036494255 65.569378644227982 4.057125747203826 19.606430694460869 5.5957043170928946 46.967879071831703 11.79076871275902 44.508317738771439 68.59905718266964 174.08126079291105 8.6033089309930784 66.892042391002178 21.967679217457771 10.081416502594946 56.686029627919197 25.7880599796772 13.167553693056105 116.07213435322046 65.640454724431038 99.12328102439642 6.7741513401269904 3.3818618208169928 95.298316016793251 240.12921270728111 3.8662408888339987 36.316271990537643 54.114418148994446
leaf_count=646 192 437 685 116 462 18 90 32 232 116 244 600 1314 63 523 96 45 258 117 81 974 625 1029 39 15 508 1127 16 155 242
internal_value=0 0.00390633 -0.00122597 -0.00672466 -0.00587531 -0.00462532 -0.00950255 0.0045318 -0.00357296 0.00705243 0.00637852 0.0049923 0.00640228 -0.00145023 0.00506696 0.0031824 -0.00366472 -0.00565476 0.000892086 -0.00458219 0.00828327 0.00615226 0.00997889 0.00389036 -0.0112871 -0.00899523 -0.0042046 -0.00706951 -0.00036582 -0.000894258
internal_weight=0 1014.17 385.423 197.147 672.211 479.928 85.1758 188.276 394.752 628.746 511.058 295.792 242.68 53.1116 182.68 115.788 118.004 82.1342 35.8695 300.265 215.266 99.1941 117.688 18.5649 79.143 192.283 287.097 99.1646 94.4878 90.4307
internal_count=11097 7520 2324 988 3577 2407 552 1336 1855 5196 4012 2221 1914 307 1304 781 536 374 162 1440 1791 817 1184 155 452 1170 1359 524 415 397
is_linear=0
shrinkage=0.01


Tree=140
num_leaves=31
num_cat=0
split_feature=2 1 1 1 3 4 1 1 1 1 2 2 12 1 3 12 1 2 12 13 12 1 2 3 12 1 12 1 1 12
split_gain=380.533 111.315 26.0289 17.9449 16.355 13.0915 12.5486 70.051 79.9275 12.0599 10.689 13.1246 11.5902 10.6806 9.2191 7.6113 6.98438 6.29156 5.37184 9.47112 8.66303 6.19925 6.77184 5.22014 4.70925 4.18491 5.50775 3.94304 3.2521 3.03305
threshold=65.500000000000014 1119808862276.5002 174026439498.00003 4092079271560.5005 28.500000000000004 27.500000000000004 2547630277329.5005 2482915554044.5005 2547630267620.5005 3704300934115.0005 29.500000000000004 56.500000000000007 3.8641164028099055 1862882903109.5002 43.500000000000007 2.9355504161835038 2547630292676.5005 60.500000000000007 3.8563738582511413 3.9169879158579222 3.8294395188611343 702778653924.50012 33.500000000000007 59.500000000000007 3.8049765068063102 174026424700.00003 3.8526111023106298 174026437347.50003 4092079269426.5005 1.9605246968940675
decision_type=2 2 2 2 2 2 2 2 2 2 2 2 2 2 2 2 2 2 2 2 2 2 2 2 2 2 2 2 2 2
left_child=2 24 15 6 18 14 7 13 -9 16 12 -12 -7 -3 -6 29 -8 25 19 20 -4 22 -20 -16 -2 26 -17 -27 -11 -1
right_child=1 3 4 -5 5 10 9 8 -10 28 11 -13 -14 -15 23 17 -18 -19 21 -21 -22 -23 -24 -25 -26 27 -28 -29 -30 -31
leaf_value=-0.0026384678118816208 -0.0020007559517081766 0.0026752793177862795 -0.0026964038541287421 -0.0028912835188745888 0.0081288102427961358 -0.0031501048739091533 0.011637222832199208 -0.019031705385445501 0.0040131354908551839 0.0016705539102654613 -0.010121476788566867 -0.0042482054180208832 -0.010658058254692975 0.0071875044678307524 -0.00085494536492855349 -0.0069114995420921799 0.007609796081672786 0.0054852496489099711 -0.004527469285805082 -0.009641703399374691 0.0060636353533764101 0.012049995581266845 0.0064862308487948356 -0.010392161912451316 -0.013996490856457853 -0.010153221676645383 0.0028926923710024532 -0.0036542308221857835 0.0076310363344542324 -0.011406630840298167
leaf_weight=4.1295975744724265 229.93980243802071 61.829082556068897 62.213966026902199 23.538536094129086 9.6554789245128614 123.37907591462135 57.167713589966297 24.305962592363358 39.523964799940586 36.933173581957817 109.81393282115459 58.218288406729698 24.673046335577965 346.11627960950136 25.858403816819187 23.535655170679096 174.48673544824123 3.8639816790819159 13.167337909340864 15.685155585408209 13.79162612557411 5.4057487845420829 9.6916996091604215 7.3760844171047237 3.3198887705802909 52.494721665978432 7.5738599151372901 11.354849994182585 12.170107349753378 88.320430412888527
leaf_count=27 1386 403 264 149 46 623 473 129 301 208 661 303 120 2820 111 124 1570 16 60 68 57 23 40 31 14 292 38 54 67 619
internal_value=0 0.00388597 -0.00583413 0.00570662 -0.00458871 -0.00565695 0.00597556 0.00497939 -0.00476217 0.00764948 -0.00636041 -0.00808656 -0.00440131 0.00650362 -0.000472685 -0.00895255 0.00860368 -0.00702312 -0.00139194 -0.00256687 -0.00110685 0.00241952 0.000142083 -0.00297164 -0.00217149 -0.0075321 -0.00452459 -0.00899746 0.00314784 -0.011015
internal_weight=0 1009.33 670.203 776.072 478.93 358.974 752.533 471.775 63.8299 280.758 316.084 168.032 148.052 407.945 42.89 191.273 231.654 98.8231 119.956 91.6907 76.0056 28.2648 22.859 33.2345 233.26 94.9591 31.1095 63.8496 49.1033 92.45
internal_count=11097 7520 3577 6120 2407 1895 5971 3653 430 2318 1707 964 743 3223 188 1170 2043 524 512 389 321 123 100 142 1400 508 162 346 275 646
is_linear=0
shrinkage=0.01


Tree=141
num_leaves=31
num_cat=0
split_feature=2 1 1 1 12 1 1 12 1 1 1 1 1 1 1 1 1 2 12 1 2 2 2 12 12 1 2 1 12 1
split_gain=374.131 109.635 25.8461 17.6848 12.8347 21.4815 16.107 16.2699 12.453 68.9583 77.5836 12.0138 11.4349 23.5028 13.0916 10.5934 8.62045 10.6891 7.62426 6.98761 6.19184 5.73519 5.71185 5.43153 4.63233 4.14622 5.49127 3.91458 3.59092 3.20037
threshold=65.500000000000014 1119808862276.5002 174026439498.00003 4092079271560.5005 2.9433833877757176 702778648565.00012 4092079271560.5005 3.8061042970938286 2547630277329.5005 2482915554044.5005 2547630267620.5005 3704300934115.0005 1861025320257.0002 3704300934115.0005 1862882900096.0002 1862882903109.5002 702778650644.50012 32.500000000000007 2.9355504161835038 2547630292676.5005 60.500000000000007 55.500000000000007 30.500000000000004 1.9624772206723649 3.8049765068063102 174026424700.00003 28.500000000000004 174026437347.50003 3.8563738582511413 4092079269426.5005
decision_type=2 2 2 2 2 2 2 2 2 2 2 2 2 2 2 2 2 2 2 2 2 2 2 2 2 2 2 2 2 2
left_child=2 24 18 8 12 21 7 -7 9 15 -11 19 16 14 -14 -3 17 -4 -1 -10 25 28 -8 -15 -2 26 -20 -27 -6 -13
right_child=1 3 4 -5 5 6 22 -9 11 10 -12 29 13 23 -16 -17 -18 -19 20 -21 -22 -23 -24 -25 -26 27 -28 -29 -30 -31
leaf_value=-0.010984323240295279 -0.0019807800649786957 0.0026521578043894852 -0.011293007156020917 -0.0028621622727033297 -0.0017360444979547685 0.00038771142291468266 -4.3283417386263436e-05 -0.0069734236716517432 0.011618281948128742 -0.018667841941646581 0.0039840403952634282 0.0016547409191993352 0.0087641978004296857 -0.0029557729713023439 -0.0026035317872813669 0.0071501656523002121 -0.01192377271230078 -0.0026994825937955613 -0.011014271570977072 0.0075745082445879373 0.0054336345297475094 0.011427870182652396 0.011707945146207011 -0.010473834330953594 -0.013893863213464227 -0.010104174481603565 -0.001778135274232512 -0.0036223095945007782 0.0056331972431597436 0.0075735262538184347
leaf_weight=91.784324586391449 229.93615020811558 61.74486055970192 24.058183431625366 23.540239967405796 12.722734063863756 40.136203974485397 9.2860161066055316 119.19804216921329 56.690693721175194 24.530777513980865 39.415029272437096 36.913354396820068 11.47259785234928 11.798799633979796 86.623117089271545 344.45286540687084 44.488119423389435 36.334435939788818 9.1115133166313189 173.55133256316185 3.8616911321878424 8.7597936391830427 7.4585561752319327 51.794521614909172 3.311011627316474 52.223406508564949 21.931021735072136 11.340436756610869 13.76816703379154 12.140048176050184
leaf_count=646 1386 403 160 149 54 175 43 541 473 129 301 208 48 66 388 2820 285 199 50 1570 16 42 31 316 14 292 112 54 59 67
internal_value=0 0.00385913 -0.00579367 0.00567235 -0.00455271 -0.00271215 -0.00413868 -0.00511916 0.00594043 0.00494689 -0.00470563 0.00761287 -0.00601186 -0.00434377 -0.00127404 0.00646644 -0.00858346 -0.00612282 -0.00891086 0.00857018 -0.00697813 0.00441345 0.00519108 -0.00907897 -0.00214989 -0.00748476 -0.0044891 -0.00894774 0.00209399 0.00311956
internal_weight=0 1006.23 668.152 772.979 477.899 211.33 176.079 159.334 749.439 470.144 63.9458 279.295 266.57 161.689 98.0957 406.198 104.881 60.3926 190.252 230.242 98.4681 35.2507 16.7446 63.5933 233.247 94.6064 31.0425 63.5638 26.4909 49.0534
internal_count=11097 7520 3577 6120 2407 945 790 716 5971 3653 430 2318 1462 818 436 3223 644 359 1170 2043 524 155 74 382 1400 508 162 346 113 275
is_linear=0
shrinkage=0.01


Tree=142
num_leaves=31
num_cat=0
split_feature=13 0 0 0 1 1 13 0 1 4 13 0 1 1 1 1 0 3 0 0 0 1 1 1 1 13 1 0 1 0
split_gain=357.42 161.518 125.13 28.0257 27.443 26.9207 17.4081 17.2503 17.1788 16.1919 16.1917 16.0031 12.3372 14.1227 26.8575 21.0368 18.3195 12.3047 11.8429 70.3019 10.0948 9.85517 15.3978 9.24816 12.1466 8.45175 13.7506 8.1257 50.4283 7.89377
threshold=1.9764216522742935 4296066.5000000009 4301512.5000000009 4294665.5000000009 1861025319719.5002 174026445959.50003 3.9052022367380075 5575758.5000000009 2777491175469.5005 60.500000000000007 3.9156397126221276 4296552.0000000009 2883033186372.5005 1955683344136.5002 2452704926503.5005 2482915538113.0005 4295248.5000000009 56.500000000000007 4305780.0000000009 4305469.5000000009 4297419.0000000009 702778650022.50012 174026437347.50003 4363500793924.5005 1862882928450.5002 1.9691782978882646 3475289745763.0005 4295326.5000000009 1862882903109.5002 4296358.0000000009
decision_type=2 2 2 2 2 2 2 2 2 2 2 2 2 2 2 2 2 2 2 2 2 2 2 2 2 2 2 2 2 2
left_child=1 12 5 6 9 -3 -2 18 10 21 11 -6 13 27 16 -16 -15 -8 19 -4 -10 22 -5 24 -7 -14 -27 28 -1 -11
right_child=3 2 7 4 8 23 17 -9 20 29 -12 -13 25 14 15 -17 -18 -19 -20 -21 -22 -23 -24 -25 -26 26 -28 -29 -30 -31
leaf_value=-0.0038382885312298726 -0.012012509910319734 -0.011897910122982969 0.0066366816092121089 -0.0062728387409489751 0.008827137969999373 -0.0059612040864868996 -0.0095705403479352177 -0.012933014306660853 0.00044478283087943894 0.002344235590186654 -0.012118310668434431 -0.000355640718726096 0.011089520085576841 -0.0041654317150351568 0.011033060952944037 0.004438786768465851 0.011901219218320267 0.00174816135198986 0.0082747080866293118 -0.013857003643730914 -0.0064248518777288441 -0.0082082485380720136 0.0017399274141327754 -0.013084027446106044 0.0013403461713006474 0.0080072535112693088 -0.013800703800516857 0.010065242727156028 0.01131883755763915 -0.0090137496752822465
leaf_weight=33.345144852995872 93.674383103847504 75.092764556407928 93.082907177507877 47.650509461760521 23.828356251120567 58.174261450767517 19.585947945713997 5.5857462882995597 28.015854060649872 6.3544679284095755 9.4141132831573469 93.240111246705055 97.259879268705845 44.273998871445656 67.321717590093613 171.92093004286289 8.4515447020530683 18.846474021673203 66.149963580071926 20.409015357494354 90.460258290171623 38.881192728877068 48.283508852124214 10.278243348002432 37.451422035694122 14.432354629039766 3.6156059503555289 114.67440932244062 64.233959659934044 165.14334647357464
leaf_count=191 674 437 685 246 102 269 103 32 125 39 44 388 1029 244 600 1314 63 90 523 90 446 178 214 58 157 135 18 973 624 1006
internal_value=0 0.00386013 -0.0014047 -0.00555053 -0.00455918 -0.00731792 -0.00968736 0.00437346 -0.00206418 -0.00655442 0.000498828 0.00151344 0.00697234 0.00629751 0.00487056 0.00629438 -0.00159006 -0.00402008 0.00491158 0.00295134 -0.0048004 -0.00396128 -0.00224002 -0.0040704 -0.00310158 0.00992327 0.0036384 0.00826036 0.00613928 -0.0085929
internal_weight=0 985.754 366.224 683.379 551.272 180.997 132.107 185.228 244.959 306.313 126.483 117.068 619.53 504.222 291.968 239.243 52.7255 38.4324 179.642 113.492 118.476 134.815 95.934 105.904 95.6257 115.308 18.048 212.254 97.5791 171.498
internal_count=11097 7442 2251 3655 2788 921 867 1330 1105 1683 534 490 5191 4009 2221 1914 307 193 1298 775 571 638 460 484 426 1182 153 1788 815 1045
is_linear=0
shrinkage=0.01


Tree=143
num_leaves=31
num_cat=0
split_feature=2 0 0 1 1 0 12 0 1 1 1 0 1 0 1 1 0 0 0 0 0 0 1 2 1 2 12 3 2 2
split_gain=362.123 156.929 117.281 26.8365 25.5439 24.1085 19.7997 17.2169 12.4778 13.7861 34.0216 15.5852 13.0205 12.3518 11.4383 40.2342 11.5986 10.4396 10.094 9.83373 9.26451 8.74314 49.9843 8.27468 13.7567 7.78453 7.64964 6.46488 6.11841 5.84663
threshold=65.500000000000014 4296066.5000000009 4301512.5000000009 174026445959.50003 174026439498.00003 4296066.5000000009 2.9433833877757176 5575758.5000000009 2883033186372.5005 2384994529944.5005 2384994533778.0005 4295248.5000000009 2547630292676.5005 4297271.0000000009 2482915549923.5005 2547630269000.5005 4305469.5000000009 4299148.5000000009 4296517.5000000009 4299696.5000000009 5575758.5000000009 4295326.5000000009 1862882903109.5002 92.500000000000014 3475289743715.0005 102.50000000000001 2.9355504161835038 27.500000000000004 60.500000000000007 93.500000000000014
decision_type=2 2 2 2 2 2 2 2 2 2 2 2 2 2 2 2 2 2 2 2 2 2 2 2 2 2 2 2 2 2
left_child=4 8 3 25 26 6 -6 14 9 21 11 -11 -12 -7 16 -16 -4 18 -5 -19 27 22 -2 24 -10 -3 -1 -15 -28 -23
right_child=1 2 7 17 5 13 -8 -9 23 10 12 -13 -14 20 15 -17 -18 19 -20 -21 -22 29 -24 -25 -26 -27 28 -29 -30 -31
leaf_value=-0.010927520673797892 -0.0039662602783260515 0.0036632462257606057 0.011113816055833486 0.0057351892437839521 -0.012061313592298808 -0.00028653454348852059 -0.00055037181687528803 -0.012895416381536469 0.010388499574614808 -0.0095811215338289218 0.0069328436648861966 0.011889943849380444 0.0010864836554140692 -0.0014281870477732305 -0.007715603693094015 0.0071373079358071989 0.0041862454918376486 0.0092818708606169087 -0.0066797188506463054 -0.0023890419948398634 -0.012730024447374149 0.005381538924034015 0.010899371094793719 0.01107549406772298 -0.0075961900255254846 -0.01185820445816848 -0.0074012054448884205 -0.0049258513240636416 0.0054415283496543135 0.011142589164276247
leaf_weight=90.549334719777107 33.63592666387558 3.3775372654199591 44.020429342985153 7.1794015020132056 63.826540395617485 94.155983880162239 19.510754227638245 5.5462099462747565 11.489365167915823 21.524296388030056 213.2221008464694 4.010610580444335 46.380038157105446 70.061385527253151 27.168277204036713 55.482953779399395 53.590023517608643 10.039486423134802 74.589231014251709 25.702638849616051 12.901488423347471 21.744429551064968 69.055341325700283 96.413461677730083 6.7529088854789725 74.59326559305191 93.961841329932213 215.05090942978859 3.8620449006557456 92.777771219611168
leaf_count=646 192 15 347 33 462 415 90 32 116 110 1726 30 324 299 153 431 373 45 341 117 81 208 652 1029 39 437 508 1060 16 770
internal_value=0 0.00381351 -0.00123007 -0.00663719 -0.00571647 -0.00448186 -0.0093664 0.00445855 0.00693028 0.00625089 0.00480501 -0.00620879 0.00588834 -0.00344388 0.00499249 0.00225501 0.00731045 -0.00361907 -0.00558967 0.000889162 -0.00444142 0.00814891 0.00603022 0.00990694 0.00373094 -0.0111858 -0.00883297 -0.00406636 -0.00689418 0.0100487
internal_weight=0 998.296 381.289 195.482 663.88 475.507 83.3373 185.808 617.006 502.351 285.137 25.5349 259.602 392.17 180.262 82.6512 97.6105 117.511 81.7686 35.7421 298.014 217.213 102.691 114.656 18.2423 77.9708 188.373 285.112 97.8239 114.522
internal_count=11097 7520 2324 988 3577 2407 552 1336 5196 4012 2190 140 2050 1855 1304 584 720 536 374 162 1440 1822 844 1184 155 452 1170 1359 524 978
is_linear=0
shrinkage=0.01


Tree=144
num_leaves=31
num_cat=0
split_feature=2 0 0 0 4 12 0 0 0 0 0 12 12 12 12 0 0 0 0 0 4 2 2 0 0 2 0 0 0 0
split_gain=356.21 154.726 115.314 25.2177 17.7846 17.3645 16.9608 16.2778 11.468 11.0266 58.6805 10.0437 8.94247 17.653 7.07124 6.67722 103.757 5.53577 10.6297 10.2885 4.67328 6.45323 4.55767 4.32649 97.4891 3.26076 3.87721 1.58793 1.1061 0.94116
threshold=65.500000000000014 4296066.5000000009 4301512.5000000009 4294665.5000000009 28.500000000000004 3.8142617563909882 5575758.5000000009 4296517.5000000009 5575758.5000000009 4305780.0000000009 4305469.5000000009 3.8241557396950614 1.9802295125484259 1.9842187211896343 1.961825938807811 4277344.0000000009 4277361.5000000009 4299148.5000000009 4299696.5000000009 4296814.0000000009 30.500000000000004 32.500000000000007 57.500000000000007 4277441.5000000009 4277462.5000000009 23.500000000000004 4277688.5000000009 4306603.0000000009 4277403.5000000009 4277300.0000000009
decision_type=2 2 2 2 2 2 2 2 2 2 2 2 2 2 2 2 2 2 2 2 2 2 2 2 2 2 2 2 2 2
left_child=3 15 4 5 -3 -1 9 14 12 10 -4 -7 22 -14 -5 29 -17 19 -19 -6 -16 -22 -9 28 -25 -13 -27 -11 -18 -2
right_child=1 2 6 7 17 11 -8 8 -10 27 -12 25 13 -15 20 16 23 18 -20 -21 21 -23 -24 24 -26 26 -28 -29 -30 -31
leaf_value=-0.011965884629133146 0.011735182175285092 0.013175580333332071 0.0065688844219553453 0.01582626253465735 -0.0039766298026052121 0.0080350224651161949 -0.012858406430569709 -0.0095580301598265274 -0.012217317530330235 0.007175136483823904 -0.011661585526241209 -3.9083836138164781e-05 0.0034968296409213268 -0.0049151730992950237 -0.0068816474162650973 -0.039045022083249725 0.0079164542118417055 0.002800160699779139 -0.0070533072412566743 -0.0099773430657178492 -0.0025678181266958061 0.0046560337157661247 -0.0049882171105331084 -0.043167591075762159 0.0070095830625839474 -0.0097316493923797955 5.6128834309474976e-05 0.010530226463198131 0.010232063255180383 0.0091282946750335138
leaf_weight=92.205732017755508 21.303550712764263 4.4478444904088965 92.264404967427254 2.7229481041431418 41.104598417878151 5.9092433005571356 5.506749525666236 55.974810659885406 23.123244568705559 45.057286530733109 21.834612652659416 6.8905082195997229 27.010611534118652 326.54650272428989 10.027596265077589 4.9460391402244559 41.296156853437424 14.986304789781569 40.630608588457108 93.715842962265015 28.241142943501472 21.999492272734642 35.772126615047455 3.904833383858203 461.53693895787001 20.431462541222576 5.0468756407499304 20.536048360168934 41.217423893511295 39.577703140676022
leaf_count=674 186 20 685 15 210 26 32 366 148 342 96 34 113 1591 44 26 351 72 206 480 125 101 207 22 3902 107 26 181 360 349
internal_value=0 0.00379237 -0.00122164 -0.00567636 -0.00659109 -0.00961545 0.00442865 -0.00470916 -0.00535095 0.00495842 0.0030802 -0.00395362 -0.00499441 -0.00427252 6.35005e-05 0.00689729 0.00655119 -0.00705276 -0.00439823 -0.00814782 -0.000648669 0.00059538 -0.00777626 0.00696275 0.00658862 -0.00614226 -0.00779284 0.00822555 0.00907315 0.0100405
internal_weight=0 993.867 380.084 661.902 194.885 130.484 185.199 531.418 468.427 179.692 114.099 38.2781 445.304 353.557 62.9912 613.783 552.901 190.437 55.6169 134.82 60.2682 50.2406 91.7469 547.955 465.442 32.3688 25.4783 65.5933 82.5136 60.8813
internal_count=11097 7520 2324 3577 988 867 1336 2710 2425 1304 781 193 2277 1704 285 5196 4661 968 278 690 270 226 573 4635 3924 167 133 523 711 535
is_linear=0
shrinkage=0.01


Tree=145
num_leaves=31
num_cat=0
split_feature=13 0 0 0 1 1 13 1 0 4 13 0 1 1 1 1 0 0 0 0 1 1 1 1 13 13 1 0 1 0
split_gain=339.987 154.854 119.096 27.5928 26.8953 26.7806 17.3316 16.7667 16.5143 16.0924 15.9276 15.4704 12.3961 14.0582 26.2534 21.1226 17.8681 11.6916 68.241 9.78833 9.75871 15.082 9.22518 11.9591 9.20432 8.47646 13.4617 8.07778 49.554 7.71607
threshold=1.9764216522742935 4296066.5000000009 4301512.5000000009 4294665.5000000009 1861025319719.5002 174026445959.50003 3.9052022367380075 2777491175469.5005 5575758.5000000009 60.500000000000007 3.9156397126221276 4296552.0000000009 2883033186372.5005 1955683344136.5002 2452704926503.5005 2482915538113.0005 4295248.5000000009 4305780.0000000009 4305469.5000000009 4297419.0000000009 702778650022.50012 174026437347.50003 4363500793924.5005 1862882928450.5002 3.9120089853177893 1.9691782978882646 3475289743715.0005 4295326.5000000009 1862882903109.5002 4296358.0000000009
decision_type=2 2 2 2 2 2 2 2 2 2 2 2 2 2 2 2 2 2 2 2 2 2 2 2 2 2 2 2 2 2
left_child=1 12 5 6 9 -3 -2 10 17 20 11 -6 13 27 16 -16 -15 18 -4 -9 21 -5 23 -7 -8 -14 -27 28 -1 -11
right_child=3 2 8 4 7 22 24 19 -10 29 -12 -13 25 14 15 -17 -18 -19 -20 -21 -22 -23 -24 -25 -26 26 -28 -29 -30 -31
leaf_value=-0.0037968754947153233 -0.011942552634508481 -0.011795400015363663 0.0065316094766964148 -0.0061476390737676221 0.0087569516817562216 -0.0058268802913163577 0.0060707821272386964 0.00047406653314440144 -0.012821973685088058 0.0023182709398647948 -0.012005406575576322 -0.00028010909805959192 0.011052154304718132 -0.0041501068178653394 0.010986522850114665 0.0043218509523788237 0.011847778573322183 0.008190255565822379 -0.013731782116444338 -0.0062988169672341335 -0.0080883637389280311 0.0018003648616670526 -0.013009622426605595 0.0014235455692852908 -0.0063337313794465501 0.010322438908902108 -0.0075879683808635365 0.0099903200998903464 0.01127973221192048 -0.0089077306077517144
leaf_weight=33.40383243560791 91.465725868940353 73.789727687835693 91.865046471357346 47.278657644987106 23.781081646680832 57.894257768988609 7.4251597821712485 27.981425449252129 5.4673701375722876 6.3616627454757682 9.3498442620038968 93.111087813973427 94.993997164070606 44.279604449868202 66.032546862959862 169.93747704476118 8.2884292155504209 65.219223231077194 20.290427967905998 89.88033364713192 38.668715909123421 48.230867877602577 10.141588538885115 37.475563660264015 30.772574096918106 11.079697832465174 6.7550043165683737 112.45141871273518 62.761795058846474 163.02681247889996
leaf_count=191 674 437 685 246 102 269 33 125 32 39 44 388 1029 244 600 1314 63 523 90 446 178 214 58 157 160 114 39 973 624 1006
internal_value=0 0.00379686 -0.00138302 -0.00543182 -0.00444974 -0.00717403 -0.0095799 -0.00197848 0.00429585 -0.00643693 0.000553856 0.00155843 0.00687212 0.00619299 0.00476314 0.00618686 -0.00162771 0.00482349 0.00286569 -0.00469087 -0.00385 -0.00213402 -0.00394207 -0.00297783 -0.00392245 0.00986452 0.00353876 0.00817063 0.00604276 -0.00848612
internal_weight=0 972.127 362.143 677.334 547.67 179.301 129.663 244.104 182.842 303.567 126.242 116.892 609.984 497.155 288.538 235.97 52.568 177.375 112.155 117.862 134.178 95.5095 105.511 95.3698 38.1977 112.829 17.8347 208.617 96.1656 169.388
internal_count=11097 7442 2251 3655 2788 921 867 1105 1330 1683 534 490 5191 4009 2221 1914 307 1298 775 571 638 460 484 426 193 1182 153 1788 815 1045
is_linear=0
shrinkage=0.01


Tree=146
num_leaves=31
num_cat=0
split_feature=12 1 1 12 1 1 1 12 1 1 1 1 1 12 1 12 1 12 12 1 1 1 3 12 12 12 1 4 1 1
split_gain=334.527 95.435 26.4876 28.2092 22.0064 17.9026 16.1808 13.192 12.381 68.5393 75.5468 11.8237 17.6398 11.6438 13.0344 9.76274 11.9073 11.9231 9.79723 9.15134 8.91854 26.7928 5.03794 9.34426 5.31424 4.97141 4.80356 4.4469 2.34705 2.77708
threshold=1.9533992703327747 1119808862276.5002 1861025319719.5002 2.9473409730097888 2777491177929.0005 2777491177346.5005 4092079271560.5005 3.8049765068063102 2547630277329.5005 2482915554044.5005 2547630267620.5005 2547630292676.5005 2883033186372.5005 3.8421864201620486 2777491175881.0005 2.9318659306754946 4092079271560.5005 3.802764980670831 1.961825938807811 2452704926503.5005 702778649068.50012 174026437347.50003 26.500000000000004 2.9388056466401262 1.9663941833800986 3.8456735839559215 174026434482.00003 28.500000000000004 174026418081.50003 174026419606.50003
decision_type=2 2 2 2 2 2 2 2 2 2 2 2 2 2 2 2 2 2 2 2 2 2 2 2 2 2 2 2 2 2
left_child=1 28 3 22 5 13 8 -5 9 19 -11 -10 -13 14 -4 18 25 -18 -6 -3 21 -9 23 -2 26 -17 -24 -22 -1 -30
right_child=2 6 4 7 15 -7 -8 20 11 10 -12 12 -14 -15 -16 16 17 -19 -20 -21 27 -23 24 -25 -26 -27 -28 -29 29 -31
leaf_value=-0.0079670754585736067 0.002013550423650702 0.0051832563487846164 0.00031101788812828464 0.0085865262798789001 -0.00086260459041789068 0.017871676963603308 -0.0029914385439109691 -0.007057303182688178 0.011561340361212747 -0.018656089141419176 0.003779716838577129 0.0011328027404273111 0.0079366743880323627 -0.013199875237535297 -0.011952803475661482 -0.0040278412563416041 -0.012241261912714511 0.0064890539177409395 -0.011462435925605433 0.0084021053760464787 -0.00280888731691271 0.0029871067723245266 -0.010948934418902236 -0.0099699283577797514 -0.011244157249153739 -0.010659270668822156 -0.0055464843311110543 -0.0093684490819125471 0.0042502077042521581 -0.0020345719710692825
leaf_weight=6.3991985321044913 10.439224794507028 256.0134909376502 132.26006470620632 7.8646927773952475 10.905673429369925 5.1232505440711966 21.859900638461113 65.669333100318909 55.232715107500553 24.534084782004356 38.654890857636929 49.452256813645363 166.06572394818068 7.5979610681533805 9.2740758359432203 32.073419839143753 4.2761497199535397 16.560291796922684 43.503842443227768 134.8475052267313 13.46812382340431 44.587358713150024 27.949119865894318 17.274532228708267 124.48924049735069 17.458384990692139 40.030830577015877 44.42510575056076 7.2779956758022299 207.04974433779716
leaf_count=39 47 2035 585 35 61 21 143 349 473 129 301 349 1487 37 39 141 20 73 291 1161 59 198 200 96 856 86 252 209 52 1273
internal_value=0 0.00377747 -0.0053944 -0.00705653 -0.00303433 -0.000508553 0.0054852 -0.00407214 0.00574085 0.0047316 -0.00493133 0.00743338 0.00637547 -0.00113998 -0.000492573 -0.00615681 -0.0036972 0.00264513 -0.00933784 0.00629376 -0.00466421 -0.00299538 -0.00944227 -0.00545599 -0.0100163 -0.00636521 -0.00776764 -0.00784245 -0.00199934 -0.00182116
internal_weight=0 967.388 675.231 396.198 279.033 154.255 746.661 176.015 724.801 454.05 63.189 270.751 215.518 149.132 141.534 124.778 70.3682 20.8364 54.4095 390.861 168.15 110.257 220.183 27.7138 192.469 49.5318 67.98 57.8932 220.727 214.328
internal_count=11097 7442 3655 2301 1354 682 6078 850 5935 3626 430 2309 1836 661 624 672 320 93 352 3196 815 547 1451 143 1308 227 452 268 1364 1325
is_linear=0
shrinkage=0.01


Tree=147
num_leaves=31
num_cat=0
split_feature=12 0 0 0 1 1 12 0 1 4 12 0 1 1 1 0 1 3 0 0 0 1 1 1 1 12 1 0 1 0
split_gain=328.902 151.917 116.936 27.3356 26.3716 26.2511 17.2931 16.3069 16.248 15.8367 15.4663 15.1904 12.3854 14.166 33.1732 15.0421 12.7708 12.1023 11.545 67.1004 9.67149 9.47545 14.5591 9.06017 11.519 8.53099 13.3418 8.42735 47.7751 7.63967
threshold=1.9533992703327747 4296066.5000000009 4301512.5000000009 4294665.5000000009 174026445959.50003 1861025319719.5002 3.8142617563909882 5575758.5000000009 2777491175469.5005 60.500000000000007 3.8338504663272626 4296552.0000000009 2883033186372.5005 2384994529944.5005 2384994533778.0005 4295248.5000000009 2547630292676.5005 56.500000000000007 4305780.0000000009 4305469.5000000009 4297419.0000000009 702778650022.50012 174026437347.50003 4363500793924.5005 1862882928450.5002 1.9393065999967327 3475289743715.0005 4295326.5000000009 1862882903109.5002 4296358.0000000009
decision_type=2 2 2 2 2 2 2 2 2 2 2 2 2 2 2 2 2 2 2 2 2 2 2 2 2 2 2 2 2 2
left_child=1 12 4 6 -3 9 -2 18 10 21 11 -7 13 27 15 -15 -16 -8 19 -4 -10 22 -5 24 -6 -14 -27 28 -1 -11
right_child=3 2 7 5 23 8 17 -9 20 29 -12 -13 25 14 16 -17 -18 -19 -20 -21 -22 -23 -24 -25 -26 26 -28 -29 -30 -31
leaf_value=-0.0037929693523902006 -0.011900049292735476 -0.011749791193117094 0.0064850695000311254 -0.0060534886190188797 -0.0057803382644583106 0.0086801799175644824 -0.0094177746611726551 -0.012796410912189679 0.0005191226283704439 0.0023652037389955034 -0.011877329288929973 -0.00028041708868614641 0.011030183295661952 -0.0094866993952424164 0.0067957942964597144 0.011823242904451357 0.00097715384822622702 0.0018627631083220004 0.0081458375496536485 -0.013655147039899443 -0.0062204003151561738 -0.0079747405644021684 0.0017661561507055549 -0.012962403184459235 0.0013414930482034035 0.01028727175415497 -0.0075928552782700623 0.0099680688407466252 0.010840215461018623 -0.0088222453916686344
leaf_weight=33.406271770596504 90.105728194117546 73.201004356145859 91.27160882204771 47.023694381117821 57.773470416665077 23.7431750446558 19.304083824157715 5.4385042935609809 27.946864038705826 6.3439026176929465 9.2725791782140714 93.111495718359947 93.622080937027931 21.585873022675518 209.05472058057785 3.9128431677818289 46.024655990302563 18.74641153216362 64.675210781395435 20.20421290397644 89.431220665574074 38.463664725422859 48.231875315308571 10.053883433341978 37.42110113799572 10.922316655516626 6.7537587583065024 111.99530849605799 67.177624851465225 161.39430060982704
leaf_count=191 674 437 685 246 269 102 103 32 125 39 44 388 1029 110 1726 30 324 90 523 90 446 178 214 58 157 114 39 977 651 1006
internal_value=0 0.00375105 -0.00139129 -0.00535737 -0.00714022 -0.00438012 -0.00951295 0.00425824 -0.0019381 -0.00635269 0.000553818 0.00154025 0.00681405 0.00613402 0.00465877 -0.00621663 0.00574592 -0.00386017 0.00478479 0.0028348 -0.00461577 -0.00378562 -0.00209408 -0.00393424 -0.00298074 0.0098272 0.00345555 0.00808117 0.00598019 -0.00839913
internal_weight=0 964.494 360.039 673.119 178.449 544.963 128.156 181.59 243.505 301.457 126.127 116.855 604.455 493.157 280.578 25.4987 255.079 38.0505 176.151 111.476 117.378 133.719 95.2556 105.248 95.1946 111.298 17.6761 212.579 100.584 167.738
internal_count=11097 7442 2251 3655 921 2788 867 1330 1105 1683 534 490 5191 4009 2190 140 2050 193 1298 775 571 638 460 484 426 1182 153 1819 842 1045
is_linear=0
shrinkage=0.01


Tree=148
num_leaves=31
num_cat=0
split_feature=2 0 0 1 3 0 1 1 1 1 1 0 1 1 1 0 0 0 0 2 0 12 0 1 1 2 1 2 3 12
split_gain=333.872 147.241 109.442 26.2182 25.1506 16.2863 14.016 14.3697 12.5266 13.8136 32.6174 14.7279 12.6389 11.7638 39.7397 11.2396 10.099 9.97906 9.48417 9.45115 9.18897 8.96895 8.73191 48.6755 8.42486 8.34979 30.1917 7.669 7.42243 14.3637
threshold=65.500000000000014 4296066.5000000009 4301512.5000000009 174026445959.50003 43.500000000000007 5575758.5000000009 1861025320257.0002 3704300934566.5005 2883033186372.5005 2384994529944.5005 2384994533778.0005 4295248.5000000009 2547630292676.5005 2482915549923.5005 2547630269000.5005 4305469.5000000009 4299148.5000000009 4296517.5000000009 4299696.5000000009 32.500000000000007 4296358.0000000009 3.7980938520108252 4295326.5000000009 1862882903109.5002 4092079271560.5005 92.500000000000014 3475289746758.5005 102.50000000000001 31.500000000000004 3.8634103093146051
decision_type=2 2 2 2 2 2 2 2 2 2 2 2 2 2 2 2 2 2 2 2 2 2 2 2 2 2 2 2 2 2
left_child=4 8 3 27 19 13 21 20 9 22 11 -11 -12 15 -15 -4 17 -5 -18 28 -8 -6 23 -2 -21 26 -10 -3 -1 -30
right_child=1 2 5 16 6 -7 7 -9 25 10 12 -13 -14 14 -16 -17 18 -19 -20 24 -22 -23 -24 -25 -26 -27 -28 -29 29 -31
leaf_value=-0.0069592559901920153 -0.0039212560184912178 0.003754366912073303 0.011040560365238674 0.0058471474013253493 -0.0099994087999945823 -0.012760940462004136 -0.011817003823758694 -0.0090088082881750655 0.008462835950180889 -0.0093506544160246331 0.0067605037702356402 0.011801812739490634 0.00096798571246623302 -0.0078331065172737285 0.0070107557099452558 0.0041466342042086471 0.0092166688819780053 -0.006521364990517974 -0.0022698963495574494 -0.0021598819937774208 -0.0012737573845216469 -0.0051512424076679613 0.0099430914124340707 0.010822117509093938 0.01015922663846293 0.011016793320874805 -0.030851879310437022 -0.011711697549889407 0.0014039186218028157 -0.011083568650889435
leaf_weight=90.67646911740303 33.696486800909042 3.3540145456790915 42.993361406028271 7.1532538831233969 168.08771803975105 5.3992816358804694 9.235394284129141 52.031514912843704 15.638184465467932 21.680451422929767 208.04959759116173 3.8809087872505179 45.996116705238819 27.027213588356972 54.211823306977749 52.561357878148556 9.9966125190258008 74.049274995923042 25.586303010582924 153.65245941281319 78.789462104439735 49.364480778574944 111.31512545049191 66.75696288049221 5.75951163470745 92.802620075643063 2.2321538776159278 72.707183361053467 33.46101051568985 12.710028216242788
leaf_count=473 192 15 347 33 1197 32 71 339 144 110 1726 30 324 153 431 373 45 341 117 684 331 248 978 652 24 1029 11 437 147 63
internal_value=0 0.00370821 -0.00121019 -0.00646084 -0.00552428 0.00434749 -0.00730976 -0.00484259 0.00677208 0.00608751 0.00462835 -0.00613914 0.00571174 0.00486998 0.00207239 0.00724845 -0.00348519 -0.0054318 0.000957123 -0.00336967 -0.00237993 -0.00889881 0.00801411 0.00587654 -0.0017148 0.00981147 0.0035521 -0.0110297 -0.00529741 -0.00203365
internal_weight=0 977.088 375.04 192.847 653.768 182.193 357.509 140.056 602.049 491.376 279.607 25.5614 254.046 176.794 81.239 95.5547 116.785 81.2025 35.5829 296.259 88.0249 217.452 211.769 100.453 159.412 110.673 17.8703 76.0612 136.848 46.171
internal_count=11097 7520 2324 988 3577 1336 2186 741 5196 4012 2190 140 2050 1304 584 720 536 374 162 1391 402 1445 1822 844 708 1184 155 452 683 210
is_linear=0
shrinkage=0.01


Tree=149
num_leaves=31
num_cat=0
split_feature=12 0 0 0 1 1 12 0 4 0 1 1 1 1 0 3 0 0 0 3 1 1 12 1 1 0 1 3 12 0
split_gain=318.202 148.877 112.701 27.0708 26.65 24.7239 18.72 15.8396 13.191 12.7346 12.4211 14.0557 25.6169 21.1621 17.3531 12.1214 12.3935 11.5165 66.0662 10.9617 9.06433 13.1842 8.33168 29.3746 8.27714 8.0382 48.2381 6.86917 8.37786 6.4322
threshold=1.9592252154137344 4296066.5000000009 4301512.5000000009 4296066.5000000009 174026445959.50003 174026439498.00003 3.8142617563909882 5575758.5000000009 27.500000000000004 4296517.5000000009 2883033186372.5005 1955683344136.5002 2452704926503.5005 2482915538113.0005 4295248.5000000009 27.500000000000004 4297928.5000000009 4305780.0000000009 4305469.5000000009 56.500000000000007 4363500793924.5005 1862882928450.5002 1.9393065999967327 3475289746758.5005 174026424700.00003 4295326.5000000009 1862882903109.5002 43.500000000000007 3.8061042970938286 4296552.0000000009
decision_type=2 2 2 2 2 2 2 2 2 2 2 2 2 2 2 2 2 2 2 2 2 2 2 2 2 2 2 2 2 2
left_child=1 10 4 6 -3 9 -2 17 27 24 11 25 14 -14 -13 29 -17 18 -4 -8 21 -6 -12 -24 -5 26 -1 -7 -29 -10
right_child=3 2 7 5 20 8 19 -9 15 -11 22 12 13 -15 -16 16 -18 -19 -20 -21 -22 -23 23 -25 -26 -27 -28 28 -30 -31
leaf_value=-0.0037001601619086086 -0.011895838541267991 -0.011675042373274777 0.0064183446579088067 0.0086023377723994359 -0.0058838289822368516 0.0072649167353717996 -0.0086351925017260963 -0.012726015556380574 0.0053171866729487174 -0.0090801401335055525 0.011003544802627925 -0.004149537330043686 0.010928438350847822 0.0041845225783801602 0.011782759353084 -0.0019372175365587228 -0.006563680086516973 0.0080973984903074028 -0.013603485673312085 0.0019012763343042192 -0.012913609858455808 0.0016257407147414174 0.0084299633372118161 -0.030141017619817113 -0.0062980096041621008 0.0099068733351205442 0.011231860507862965 0.0031126516910841956 -0.0065096226164849382 -0.0018429766508955515
leaf_weight=33.546258047223091 90.688911959528923 72.362070560455322 90.477797284722328 7.0292599201202375 58.825145393610001 15.199025005102156 20.893540844321251 5.3601544946432105 14.8850070387125 120.55427105724812 91.989287689328194 44.25046244263649 64.417296037077904 167.56911682337523 8.0854276120662671 90.018777370452881 162.2945751696825 64.135424502193928 20.151065915822983 18.721105352044106 9.9606522023677808 38.798581451177597 15.542653657495977 2.2617981731891623 7.9383556842803955 109.98495658487082 60.93010501563549 22.871652811765671 14.97162516415119 79.850457444787025
leaf_count=191 684 438 685 34 275 69 111 32 63 768 1029 244 600 1314 63 423 844 523 90 90 58 165 144 11 45 974 624 96 67 343
internal_value=0 0.00369576 -0.00138525 -0.00530295 -0.00698263 -0.00430848 -0.00939074 0.00420659 -0.00305805 -0.00800002 0.00675222 0.00606949 0.00463146 0.00605715 -0.00168814 -0.00376792 -0.00491308 0.00472593 0.00277136 -0.00365586 -0.00382647 -0.0028993 0.00979163 0.00353008 0.000699659 0.0080692 0.00592986 0.0015865 -0.00069413 -0.000717959
internal_weight=0 958.648 360.071 665.917 179.946 535.613 130.304 180.124 400.091 135.522 598.577 488.784 284.322 231.986 52.3359 347.049 252.313 174.764 110.629 39.6146 107.584 97.6237 109.794 17.8045 14.9676 204.461 94.4764 53.0423 37.8433 94.7355
internal_count=11097 7460 2266 3637 936 2752 885 1330 1905 847 5194 4010 2221 1914 307 1673 1267 1298 775 201 498 440 1184 155 79 1789 815 232 163 406
is_linear=0
shrinkage=0.01


Tree=150
num_leaves=31
num_cat=0
split_feature=2 0 0 1 1 0 12 0 1 1 1 0 1 1 1 0 0 0 0 0 0 0 1 2 1 12 2 3 2 2
split_gain=323.242 143.016 105.857 25.8828 24.7581 22.9563 19.6589 15.823 12.5176 13.6814 31.7876 14.217 12.5413 11.7716 39.2638 11.4272 11.1051 9.8964 9.83633 9.30423 9.18897 8.64486 47.7115 8.313 28.5955 7.73163 7.56091 6.20176 6.13991 6.0417
threshold=65.500000000000014 4296066.5000000009 4301512.5000000009 174026445959.50003 174026439498.00003 4296066.5000000009 2.9433833877757176 5575758.5000000009 2883033186372.5005 2384994529944.5005 2384994533778.0005 4295248.5000000009 2777491174764.5005 2482915549923.5005 2547630269000.5005 4297271.0000000009 4305469.5000000009 4299148.5000000009 4296517.5000000009 4299696.5000000009 5575758.5000000009 4295326.5000000009 1862882903109.5002 92.500000000000014 3475289746758.5005 2.9355504161835038 102.50000000000001 27.500000000000004 60.500000000000007 93.500000000000014
decision_type=2 2 2 2 2 2 2 2 2 2 2 2 2 2 2 2 2 2 2 2 2 2 2 2 2 2 2 2 2 2
left_child=4 8 3 26 25 6 -6 13 9 21 11 -11 -12 16 -15 -7 -4 18 -5 -19 27 22 -2 24 -10 -1 -3 -17 -27 -23
right_child=1 2 7 17 5 15 -8 -9 23 10 12 -13 -14 14 -16 20 -18 19 -20 -21 -22 29 -24 -25 -26 28 -28 -29 -30 -31
leaf_value=-0.010742398233728785 -0.0038285033794343919 0.003736061621290635 0.011001996987564747 0.0058490686290495674 -0.011916483715615541 -0.00018086408575331402 -0.00033269276725779581 -0.012691625665955126 0.0083971486520282822 -0.0091586398747478676 0.0063374097526788884 0.011759815610829527 -0.0015486978794070853 -0.0078204151192843782 0.0069549947867400229 -0.0012331589534033847 0.0041154328805366788 0.0091688701117625376 -0.006436108089214701 -0.0022191422813876995 -0.012599196759476169 0.005039040762943048 0.010787866916153252 0.01099043537605884 -0.02946672520323227 -0.0071377589078689511 -0.011636705515666725 -0.0046719809908809971 0.0057127953637349941 0.011024453258647447
leaf_weight=86.474881693720818 33.835909426212311 3.3487880975008002 42.46599206328392 7.148278295993804 60.519998326897621 93.597553879022598 19.330089181661606 5.3211274594068518 15.447833955287935 21.814424306154255 229.9159686639905 3.8175719976425162 22.104683056473732 27.039716258645058 53.709047228097916 69.690141782164574 52.200239859521389 9.976086273789404 73.838516190648079 25.545994311571121 12.452174946665762 20.81298004835844 65.691215060651302 91.182068809866905 2.2902736514806739 91.946415558457375 71.724392578005791 211.92107038199902 3.8747618347406378 88.89267572760582
leaf_count=646 192 15 347 33 462 415 90 32 144 110 1922 30 128 153 431 299 373 45 341 117 81 208 652 1029 11 508 437 1060 16 770
internal_value=0 0.00366908 -0.00119301 -0.00637203 -0.00544864 -0.00422977 -0.00911228 0.00429681 0.00670739 0.00602183 0.00456665 -0.00604309 0.00564572 0.00481214 0.00200727 -0.00322407 0.00720465 -0.00342156 -0.00535176 0.000979088 -0.00419269 0.00795285 0.00581879 0.00977194 0.00350832 -0.00857453 -0.010951 -0.00382098 -0.00661812 0.00988892
internal_weight=0 968.124 372.318 191.582 649.807 467.511 79.8501 180.736 595.806 486.885 277.653 25.632 252.021 175.415 80.7488 387.661 94.6662 116.509 80.9868 35.5221 294.063 209.233 99.5271 108.92 17.7381 182.296 75.0732 281.611 95.8212 109.706
internal_count=11097 7520 2324 988 3577 2407 552 1336 5196 4012 2190 140 2050 1304 584 1855 720 536 374 162 1440 1822 844 1184 155 1170 452 1359 524 978
is_linear=0
shrinkage=0.01


Tree=151
num_leaves=31
num_cat=0
split_feature=14 0 0 0 1 1 14 0 0 4 1 1 1 1 0 0 0 0 1 3 1 1 14 1 0 1 14 1 1 3
split_gain=307.811 144.733 109.104 26.7632 26.3184 24.2426 18.1957 16.5893 15.3868 12.6352 12.4118 13.9168 25.0791 21.1553 16.9401 11.4866 65.0479 11.2791 10.839 9.9913 9.0005 12.9616 8.29376 27.8517 7.95659 47.3169 5.74049 5.60286 5.54701 5.39016
threshold=1.989646611507039 4296066.5000000009 4301512.5000000009 4296066.5000000009 174026445959.50003 174026438393.50003 2.9856738487294754 4296517.5000000009 5575758.5000000009 27.500000000000004 2883033186372.5005 1955683344136.5002 2452704926503.5005 2482915538113.0005 4295248.5000000009 4305780.0000000009 4305469.5000000009 4305671.5000000009 1861025319719.5002 56.500000000000007 4363500793924.5005 1862882928450.5002 1.9844685322292528 3475289746758.5005 4295326.5000000009 1862882903109.5002 1.9839688678720686 2482915554044.5005 174026424700.00003 43.500000000000007
decision_type=2 2 2 2 2 2 2 2 2 2 2 2 2 2 2 2 2 2 2 2 2 2 2 2 2 2 2 2 2 2
left_child=1 10 4 6 -3 7 -2 28 15 29 11 24 14 -14 -13 16 -4 18 -11 -8 21 -6 -12 -24 25 -1 -26 -17 -5 -7
right_child=3 2 8 5 20 9 19 -9 -10 17 22 12 13 -15 -16 27 -18 -19 -20 -21 -22 -23 23 -25 26 -27 -28 -29 -30 -31
leaf_value=-0.003610030575908489 -0.011868121515292457 -0.011600879230186106 0.0063521237811805208 0.0085742435823827328 -0.0058094994609405584 0.0061766026852451425 -0.0085079470464258927 -0.0092870453797819306 -0.012657760182992457 -0.0054575677422400003 0.010977462933141927 -0.0040915873903887307 0.010898447062846577 0.0041174161009538638 0.011745712166147702 0.010447003250461037 -0.01355222641783483 -0.01078108421273654 -0.0017722078386456157 0.0014331199629140593 -0.012866052636037191 0.00164123087150653 0.0083643908026875182 -0.028826214071495514 0.01099653792044958 0.011205031559067508 0.0052237146484530482 0.0043752990853172394 -0.0042161818540147333 -0.00065082508467322726
leaf_weight=33.68276335299015 88.199505887925625 71.380545035004616 89.694781571626663 7.0304849296808225 58.658241599798203 16.661915093660355 21.228613615036011 113.9638856947422 5.2822054475545874 135.23318828642368 90.380938902497292 44.342946365475655 63.580670431256294 166.45627508312464 7.9674141034483901 38.485383860766888 20.097486346960068 21.359330549836159 194.70508073270321 19.303282588720322 9.8679481595754606 38.787751019001007 15.353721998631956 2.3176111727952948 86.916267313063145 59.888867072761059 21.483166538178921 25.116848103702068 6.5493540614843369 37.789682850241661
leaf_count=191 679 438 685 34 275 75 113 738 32 692 1029 244 600 1314 63 317 90 135 876 93 58 165 144 11 758 624 216 206 39 163
internal_value=0 0.00365573 -0.00137022 -0.00522713 -0.00689531 -0.00423928 -0.00931949 -0.0080421 0.00415542 -0.0030439 0.00668784 0.00600413 0.00457044 0.00599165 -0.0016794 0.00466761 0.00270863 -0.00373865 -0.00328274 -0.00377352 -0.00376537 -0.00284378 0.00975241 0.00348681 0.00800838 0.00587209 0.00985245 0.00804926 0.00240561 0.00143833
internal_weight=0 949.742 357.371 662.024 178.694 533.293 128.731 127.544 178.677 405.749 592.371 484.318 282.347 230.037 52.3104 173.394 109.792 351.298 329.938 40.5319 107.314 97.446 108.052 17.6713 201.971 93.5716 108.399 63.6022 13.5798 54.4516
internal_count=11097 7460 2266 3637 936 2752 885 811 1330 1941 5194 4010 2221 1914 307 1298 775 1703 1568 206 498 440 1184 155 1789 815 974 523 73 238
is_linear=0
shrinkage=0.01


Tree=152
num_leaves=31
num_cat=0
split_feature=2 1 3 1 1 1 1 1 1 1 1 1 2 4 12 1 3 4 12 4 1 1 4 3 12 12 12 2 2 1
split_gain=312.934 93.0073 24.4136 15.5875 13.9985 14.2488 12.6534 68.9844 73.0162 11.6557 15.2263 9.45923 9.1656 9.09116 14.5904 8.21914 7.30554 14.2224 8.16908 6.60071 5.45311 7.23066 5.43453 4.54999 4.52482 4.23178 4.07699 2.86894 2.7988 2.70333
threshold=65.500000000000014 1119808862276.5002 43.500000000000007 4092079271560.5005 174026434482.00003 174026434801.50003 2547630277329.5005 2482915554044.5005 2547630267620.5005 2547630292676.5005 2883033186372.5005 1862882903109.5002 32.500000000000007 70.500000000000014 1.9842187211896343 4092079271560.5005 31.500000000000004 61.500000000000007 2.9407542094424932 58.500000000000007 2777491175469.5005 1862882902321.5002 56.500000000000007 25.500000000000004 3.8061042970938286 3.8049765068063102 3.8641164028099055 24.500000000000004 102.50000000000001 702778654961.50012
decision_type=2 2 2 2 2 2 2 2 2 2 2 2 2 2 2 2 2 2 2 2 2 2 2 2 2 2 2 2 2 2
left_child=2 25 12 6 -4 -6 7 11 -9 -8 -11 -3 16 24 -15 20 19 26 -19 22 21 -14 -1 -22 -7 28 -18 -21 -2 -30
right_child=1 3 4 -5 5 13 9 8 -10 10 -12 -13 15 14 -16 -17 17 18 -20 27 23 -23 -24 -25 -26 -27 -28 -29 29 -31
leaf_value=-0.0068882344844014842 0.0045124957394934075 0.0025195866666706053 -0.010729489161866635 -0.0028495478515287759 0.013256954994712297 0.00073796969409040819 0.01149989960113496 -0.018606323523846984 0.0035424357514450295 0.0014912670056885413 0.0077847855536385541 0.0068284944196689117 -0.0024949604881609661 -0.0054338479487649619 -0.011143417021259832 0.010116491016018943 -0.0032147724173878706 -0.0048617573886283192 0.0070195146355291208 -0.0018101782676687034 -0.01261602275540907 0.0032292046940436505 0.00082925570067364203 -0.0034115560428387404 -0.004903000817803988 -0.013351448319503065 -0.012264716843595013 -0.0098584559234500234 -0.0024167416762551366 0.0014706953843757725
leaf_weight=21.451554030179977 6.6876311451196662 60.383924648165703 83.446401849389076 22.504262708127499 3.7729131430387488 21.183256179094315 53.625826112926006 24.5546904951334 37.791848666965961 50.527346469461918 160.72344173491001 326.00764647871256 100.16918754577637 132.11030295491219 67.688728101551533 5.7517110705375663 9.0063668638467806 8.7519795298576373 17.081232607364655 4.8844174295663825 7.9165175259113338 28.302681118249893 15.878508552908896 16.698683515191078 43.257397174835205 3.2505916059017173 11.129103213548659 47.513888642191887 193.50349625945091 19.710555046796799
leaf_count=111 33 403 597 149 23 88 473 129 301 356 1489 2820 462 793 479 24 44 38 72 24 35 117 79 70 206 14 56 259 1247 106
internal_value=0 0.00363038 -0.0053732 0.00534479 -0.00715284 -0.00603924 0.0056032 0.00458015 -0.00518068 0.00733639 0.00627949 0.00615511 -0.00324961 -0.00631476 -0.00736816 -0.00161912 -0.00515817 -0.00191645 0.00299428 -0.00681893 -0.00206005 -0.00123391 -0.00360557 -0.00637181 -0.00304867 -0.00202499 -0.00821678 -0.00910822 -0.00185757 -0.00205737
internal_weight=0 959.271 645.995 736.119 351.459 268.013 713.615 448.738 62.3465 264.877 211.251 386.392 294.536 264.24 199.799 158.839 135.697 45.9687 25.8332 89.7284 153.087 128.472 37.3301 24.6152 64.4407 223.152 20.1355 52.3983 219.902 213.214
internal_count=11097 7520 3577 6120 2186 1589 5971 3653 430 2318 1845 3223 1391 1566 1272 708 683 210 110 473 684 579 190 105 294 1400 100 283 1386 1353
is_linear=0
shrinkage=0.01


Tree=153
num_leaves=31
num_cat=0
split_feature=2 0 0 0 12 4 0 0 0 0 0 12 12 12 12 12 0 0 12 0 0 0 0 2 2 0 2 0 0 0
split_gain=307.626 138.171 102.205 24.1494 17.3242 16.8671 15.3997 15.1599 11.0248 10.5476 53.8743 9.52286 8.62148 17.5732 8.59506 8.48758 6.90017 98.7102 5.66431 5.4644 7.90401 4.49871 93.4339 3.36672 3.25665 3.88162 1.9863 1.59863 1.13983 0.979837
threshold=65.500000000000014 4296066.5000000009 4301512.5000000009 4294665.5000000009 3.8142617563909882 28.500000000000004 5575758.5000000009 4296552.0000000009 5575758.5000000009 4305780.0000000009 4305469.5000000009 3.8241557396950614 1.9802295125484259 1.9842187211896343 1.961825938807811 2.8901187184528765 4277344.0000000009 4277361.5000000009 2.9375842593472381 4296517.5000000009 4299148.5000000009 4277441.5000000009 4277462.5000000009 27.500000000000004 23.500000000000004 4277688.5000000009 57.500000000000007 4306603.0000000009 4277403.5000000009 4277300.0000000009
decision_type=2 2 2 2 2 2 2 2 2 2 2 2 2 2 2 2 2 2 2 2 2 2 2 2 2 2 2 2 2 2
left_child=3 16 5 4 -1 -3 9 14 12 10 -4 -6 26 -14 -5 23 29 -18 -17 -7 -21 28 -23 -16 -13 -26 -9 -11 -19 -2
right_child=1 2 6 7 11 19 -8 8 -10 27 -12 24 13 -15 15 18 17 21 -20 20 -22 22 -24 -25 25 -27 -28 -29 -30 -31
leaf_value=-0.011779927284008413 0.011664198735926942 0.013026847152067651 0.0063089337546748461 0.011356953522352423 0.0080090460644645107 -0.0011921561762899006 -0.012634394451862895 -0.0089732598648353985 -0.01201730854474062 0.0069405927572479213 -0.011330788280190487 0.00032833255947614713 0.0036950389630593752 -0.0047292517531068411 -0.0015222418024455383 0.0068737951998942724 -0.03771618129367605 0.007686159352278058 -0.0010154410191213798 -0.0087679117565361789 -0.004142876180514502 -0.041924885880078533 0.0067280335173687993 -0.010712119496879153 -0.0094626661011775401 0.00042727088440218359 -0.0057538928481642602 0.01038359081171686 0.010091157238601626 0.0089387659147751441
leaf_weight=86.095790579915047 20.277866549789906 4.4126724600791922 89.14600345492363 5.7702915966510764 5.912269487977027 16.124601170420647 5.2535447478294364 48.621574491262436 22.02466082572937 43.547596886754036 21.487302899360657 6.7766261249780682 26.906058683991432 310.73327305912971 6.1970518380403545 11.342855542898176 5.0557499378919593 39.541407890617847 46.040806025266647 115.16899921000004 54.40543557703495 3.9827859401702872 441.50550553202629 11.175412580370901 19.912761166691784 4.9562539905309668 31.63364115357399 19.535368166863918 39.285793446004391 37.745121337473392
leaf_count=674 186 20 685 30 26 87 32 333 148 342 96 34 113 1535 25 53 26 351 205 603 278 22 3902 76 107 26 192 181 360 349
internal_value=0 0.00360472 -0.00119014 -0.00533526 -0.00930773 -0.00629591 0.00423349 -0.00439143 -0.00512163 0.00474361 0.00288293 -0.00364061 -0.0047582 -0.00405793 -0.000402304 -0.00130998 0.0066175 0.00625868 0.000544001 -0.00675507 -0.00728404 0.00668271 0.00629306 -0.00743393 -0.00581708 -0.00749166 -0.0077043 0.00800681 0.00888476 0.00989125
internal_weight=0 956.476 369.082 644.099 123.654 190.112 178.97 520.446 439.919 173.716 110.633 37.5579 417.895 337.639 80.5264 74.7561 587.394 529.371 57.3837 185.699 169.574 524.315 445.488 17.3725 31.6456 24.869 80.2552 63.083 78.8272 58.023
internal_count=11097 7520 2324 3577 867 988 1336 2710 2321 1304 781 193 2173 1648 389 359 5196 4661 258 968 881 4635 3924 101 167 133 525 523 711 535
is_linear=0
shrinkage=0.01


Tree=154
num_leaves=31
num_cat=0
split_feature=12 0 0 0 12 0 0 4 0 0 0 3 12 12 12 12 0 0 0 12 0 0 0 0 0 0 3 0 0 3
split_gain=292.637 139.921 105.35 26.3876 18.6901 17.7258 14.9822 12.0257 13.5419 11.2181 63.1053 10.6391 7.56869 9.91858 6.98818 6.96027 6.82109 95.7687 4.87202 4.50401 4.49241 9.9803 8.94722 5.40644 4.42088 90.3551 4.22056 3.91914 3.54972 2.47789
threshold=1.9592252154137344 4296066.5000000009 4301512.5000000009 4296066.5000000009 3.8142617563909882 4296552.0000000009 5575758.5000000009 28.500000000000004 4305671.5000000009 4305780.0000000009 4305469.5000000009 56.500000000000007 1.961825938807811 2.8901187184528765 1.9644337134783381 2.9375842593472381 4277344.0000000009 4277361.5000000009 4305671.5000000009 3.8241557396950614 4299148.5000000009 4300146.5000000009 4296814.0000000009 4296552.0000000009 4277441.5000000009 4277462.5000000009 27.500000000000004 4297326.0000000009 4296517.5000000009 51.500000000000007
decision_type=2 2 2 2 2 2 2 2 2 2 2 2 2 2 2 2 2 2 2 2 2 2 2 2 2 2 2 2 2 2
left_child=1 16 20 4 -2 12 9 18 14 10 -4 29 -5 28 -9 -15 -1 -18 26 -13 22 -22 23 -3 -19 -26 -7 -24 -14 -6
right_child=3 2 6 5 11 7 -8 8 -10 -11 -12 19 13 15 -16 -17 17 24 -20 -21 21 -23 27 -25 25 -27 -28 -29 -30 -31
leaf_value=0.0098635063584511778 -0.011794869911460414 -0.0060941033581617989 0.0062724549395564546 0.011203903643889132 -0.0017564550722927528 0.0047458260081451485 -0.012601400141671324 -0.0080043193063235145 -0.011574910523997662 0.0079719924103142485 -0.013413503459111383 0.0095748709580850584 -0.0031109349983961354 0.0086458695512829139 -0.0043388539545037557 -0.00032962427300763103 -0.036701250863063556 0.0088527593177150955 0.0062134213649254815 -0.001196460403011699 0.00021989325722580267 -0.0084121458084108376 -0.014175028123604032 0.0024413729124577112 -0.040642667077649478 0.0067101504541443322 -0.0030389436167633718 -0.0086444235371930384 -0.012248403781412525 -0.010246550632780745
leaf_weight=57.606453768908978 87.285335965454578 28.032932922244072 88.769698284566402 5.7905224710702887 4.3639059439301517 7.8985144197940818 5.2148212343454352 64.094915628433228 34.852368071675301 62.726787179708481 19.941761955618858 5.5103281438350704 9.1601163297891635 10.592144027352331 275.9104326069355 46.877354577183723 5.1431550085544577 78.323591478168964 7.842844456434249 13.137360870838164 25.014995992183685 28.832409054040909 15.695384010672567 10.092606320977209 4.0669181495904914 439.03983429819345 58.882763937115669 69.766131207346916 7.933849409222602 16.195065632462502
leaf_count=535 684 148 685 30 22 33 32 422 238 523 90 24 45 50 1365 209 26 711 33 66 125 154 84 53 22 3900 273 372 54 89
internal_value=0 0.00359003 -0.00137014 -0.00511492 -0.00921865 -0.00413521 0.0040965 -0.00490856 -0.00563836 0.00460441 0.00266131 -0.00348324 0.000190772 -0.000664496 -0.00502984 0.00132464 0.00659652 0.00623912 -0.00124257 0.00198643 -0.0068127 -0.0044021 -0.00786301 -0.00383459 0.00666266 0.00627554 -0.0021182 -0.00966014 -0.00735192 -0.00844442
internal_weight=0 938.267 354.088 656.328 126.492 529.836 176.653 449.482 374.858 171.438 108.711 39.2067 80.354 74.5635 340.005 57.4695 584.18 526.573 74.6241 18.6477 177.434 53.8474 123.587 38.1255 521.43 443.107 66.7813 85.4615 17.094 20.559
internal_count=11097 7460 2266 3637 885 2752 1330 2364 2025 1298 775 201 388 358 1787 259 5194 4659 339 90 936 279 657 201 4633 3922 306 456 99 111
is_linear=0
shrinkage=0.01


Tree=155
num_leaves=31
num_cat=0
split_feature=2 0 0 1 1 0 12 0 1 1 1 0 0 1 1 0 0 0 0 0 0 0 1 2 1 12 1 2 2 2
split_gain=297.727 134.096 98.7328 25.6518 24.4 22.178 19.5708 14.9749 12.6248 13.8291 30.9804 13.701 12.4406 12.0155 38.731 10.9905 10.8104 9.47791 9.61684 9.308 9.05675 8.69783 46.8669 8.45345 27.429 7.7475 7.62536 7.39938 6.12529 6.07462
threshold=65.500000000000014 4296066.5000000009 4301512.5000000009 174026445959.50003 174026439498.00003 4296066.5000000009 2.9433833877757176 5575758.5000000009 2883033186372.5005 2384994529944.5005 2384994533778.0005 4295248.5000000009 4277688.5000000009 2482915549923.5005 2547630269000.5005 5575758.5000000009 4305469.5000000009 4299148.5000000009 4296517.5000000009 4296552.0000000009 4300146.5000000009 4295326.5000000009 1862882903109.5002 92.500000000000014 3475289746758.5005 2.9355504161835038 702778649068.50012 102.50000000000001 93.500000000000014 60.500000000000007
decision_type=2 2 2 2 2 2 2 2 2 2 2 2 2 2 2 2 2 2 2 2 2 2 2 2 2 2 2 2 2 2
left_child=4 8 3 27 25 6 -6 13 9 21 11 -11 -12 16 -15 19 -4 18 -5 -7 -19 22 -2 24 -10 -1 -21 -3 -23 -27
right_child=1 2 7 17 5 15 -8 -9 23 10 12 -13 -14 14 -16 -17 -18 20 -20 26 -22 28 -24 -25 -26 29 -28 -29 -30 -31
leaf_value=-0.010619056423483788 -0.0038572346798263308 0.0037291049236376928 0.010933513814877234 0.0059256931094532452 -0.011818694588870105 0.00093391034314894918 -0.0001774727644082099 -0.012568903736974888 0.0082483759393832817 -0.0091225578235944096 0.0067644945524566978 0.011684445345967593 0.0015787157222924709 -0.0079114595018378864 0.006838420910016553 -0.012466864189444394 0.0040640797274072611 0.0060764554396502118 -0.0062409986071936549 0.00013182809501976575 -0.0040388673308916585 0.0048551369495287199 0.010718919918910767 0.010940009596449776 -0.028663874011692712 -0.006966181134076925 -0.0041156523152126329 -0.011513479061356831 0.010954224707911731 0.0058094531431154683
leaf_weight=83.724332705140114 33.777984365820885 3.3364118188619605 41.495625041425228 7.1283271908760062 58.228080876171589 57.609443470835686 19.204473912715912 5.1762145012617102 15.024840191006662 21.827053129673008 184.85274055600166 3.7013655155897132 61.702506527304649 26.924695074558258 52.545558109879494 12.04624857008457 51.143382824957371 17.799284115433693 73.309313595294952 50.294171348214149 17.607441261410713 20.336070112884045 63.578859746456146 88.01448405534029 2.3245802074670783 90.613271355628967 264.80961301922798 70.071624875068665 86.533163331449032 3.8812244534492484
leaf_count=646 192 15 347 33 462 256 90 32 144 110 1578 30 472 153 431 81 373 81 341 253 81 208 652 1029 11 508 1265 437 770 16
internal_value=0 0.00356485 -0.00117251 -0.00619578 -0.00526061 -0.00404853 -0.00893149 0.00418985 0.00655006 0.00585716 0.00438092 -0.00610575 0.00546671 0.00469387 0.00184113 -0.00306584 0.00714109 -0.00326508 -0.00516279 -0.00276199 0.0010462 0.0078239 0.00566172 0.00968243 0.00330265 -0.00840402 -0.00343771 -0.0108207 0.00979363 -0.00644144
internal_weight=0 948.212 366.538 189.252 640.411 462.192 77.4326 177.285 581.674 476.31 272.084 25.5284 246.555 172.109 79.4703 384.759 92.639 115.844 80.4376 372.713 35.4067 204.226 97.3568 105.364 17.3494 178.219 315.104 73.408 106.869 94.4945
internal_count=11097 7520 2324 988 3577 2407 552 1336 5196 4012 2190 140 2050 1304 584 1855 720 536 374 1774 162 1822 844 1184 155 1170 1518 452 978 524
is_linear=0
shrinkage=0.01


Tree=156
num_leaves=31
num_cat=0
split_feature=2 0 0 1 1 0 12 0 1 1 1 1 0 1 1 0 0 0 0 0 0 2 1 0 1 12 1 2 2 2
split_gain=292.836 132.192 97.0725 25.4935 24.2112 22.0102 19.4665 14.7545 12.6191 13.7518 24.6073 21.3654 16.6142 11.8708 37.9944 10.8993 10.7889 9.30104 9.43543 9.1371 8.93562 8.43199 26.7286 8.33729 47.8573 7.75945 7.49115 7.32726 6.09925 6.00978
threshold=65.500000000000014 4296066.5000000009 4301512.5000000009 174026445959.50003 174026439498.00003 4296066.5000000009 2.9433833877757176 5575758.5000000009 2883033186372.5005 1955683344136.5002 2452704926503.5005 2482915538113.0005 4295248.5000000009 2482915549923.5005 2547630269000.5005 5575758.5000000009 4305469.5000000009 4299148.5000000009 4296517.5000000009 4296552.0000000009 4299696.5000000009 92.500000000000014 3475289746758.5005 4295326.5000000009 1862882903109.5002 2.9355504161835038 702778649068.50012 102.50000000000001 93.500000000000014 25.500000000000004
decision_type=2 2 2 2 2 2 2 2 2 2 2 2 2 2 2 2 2 2 2 2 2 2 2 2 2 2 2 2 2 2
left_child=4 8 3 27 25 6 -6 13 9 23 12 -12 -11 16 -15 19 -4 18 -5 29 -19 22 -10 24 -2 -1 -21 -3 -25 -7
right_child=1 2 7 17 5 15 -8 -9 21 10 11 -13 -14 14 -16 -17 -18 20 -20 26 -22 -23 -24 28 -26 -27 -28 -29 -30 -31
leaf_value=-0.010591080093022434 -0.0038107117258870432 0.0036908791560748945 0.010909918454179742 0.0058616910914860544 -0.011798060008986483 -0.0061298583698245479 -0.00017570848184661974 -0.012536895154866303 0.008215859321431665 -0.0041965801783341019 0.010831233996913847 0.0039233335926970696 0.011679014418447748 -0.0078003599357098921 0.006799764784417464 -0.012437413738674977 0.0040299320674550485 0.0090794421488069686 -0.0061859072126371518 0.00013050499163846197 -0.0021025308500420064 0.010927557379755133 -0.028062435918292061 0.0048248896984340881 0.011154258598831027 -0.0063987316033097819 -0.0040797981309251101 -0.011477800898432878 0.010928416695999634 0.002403213876005342
leaf_weight=83.109122052788734 33.848105683922768 3.3372522890567771 41.171142473816872 7.1340688318014136 57.749022580683231 9.983765631914137 19.203328222036362 5.1377287805080405 14.93391862511635 44.101766854524612 61.696965880692005 163.22643660753965 7.7505546882748595 27.034540921449661 52.316981688141823 11.954484984278677 51.061394095420837 9.9350018948316556 73.223014116287231 50.296024307608604 25.460754707455635 87.237525023519993 2.3505240231752387 20.259310200810432 57.965272799134254 94.175669074058533 264.4671773314476 69.588964596390724 85.338742822408676 47.62917186319828
leaf_count=646 192 15 347 33 462 42 90 32 144 244 600 1314 63 153 431 81 373 45 341 253 117 1029 11 208 625 524 1265 437 766 214
internal_value=0 0.0035447 -0.0011644 -0.00615263 -0.00522317 -0.00401603 -0.00889772 0.00416135 0.00651805 0.00582477 0.00438654 0.00581819 -0.0018236 0.00466134 0.0018256 -0.0030386 0.00710105 -0.003235 -0.00511633 -0.00273687 0.00103606 0.00966329 0.00328235 0.00784119 0.00563724 -0.00836406 -0.00340703 -0.0107837 0.00975744 0.000924515
internal_weight=0 944.11 365.401 188.679 638.568 461.283 76.9524 176.722 578.709 474.187 276.776 224.923 51.8523 171.584 79.3515 384.331 92.2325 115.753 80.3571 372.376 35.3958 104.522 17.2844 197.411 91.8134 177.285 314.763 72.9262 105.598 57.6129
internal_count=11097 7520 2324 988 3577 2407 552 1336 5196 4012 2221 1914 307 1304 584 1855 720 536 374 1774 162 1184 155 1791 817 1170 1518 452 974 256
is_linear=0
shrinkage=0.01


Tree=157
num_leaves=31
num_cat=0
split_feature=2 12 2 4 12 12 4 2 2 12 12 2 2 4 4 12 4 2 12 12 4 12 12 2 12 2 2 2 2 2
split_gain=288.022 18.8989 10.6915 10.0367 7.32234 7.67365 6.74423 7.78795 6.16482 5.98522 7.0744 6.43372 5.03364 4.65725 4.21705 7.04699 7.02902 5.1907 4.90496 4.22581 4.05483 3.85703 7.87328 3.44461 7.3555 1.81243 1.70441 1.48986 1.35293 0.805074
threshold=65.500000000000014 2.9433833877757176 54.500000000000007 55.500000000000007 3.8646254547976171 3.8563738582511413 28.500000000000004 70.500000000000014 57.500000000000007 1.9802295125484259 1.9842187211896343 52.500000000000007 86.500000000000014 33.500000000000007 25.500000000000004 3.8294395188611343 30.500000000000004 60.500000000000007 3.8132063002683068 3.7980938520108252 58.500000000000007 2.8992772287801976 1.9855520618694149 27.500000000000004 3.8613501528895555 23.500000000000004 51.500000000000007 59.500000000000007 53.500000000000007 71.500000000000014
decision_type=2 2 2 2 2 2 2 2 2 2 2 2 2 2 2 2 2 2 2 2 2 2 2 2 2 2 2 2 2 2
left_child=1 8 3 23 5 -5 -2 13 9 26 -11 -12 29 -8 17 18 -17 19 -16 -4 -6 22 -10 25 -25 -3 -1 -23 -28 -9
right_child=6 2 14 4 20 -7 7 12 21 10 11 -13 -14 -15 15 16 -18 -19 -20 -21 -22 27 -24 24 -26 -27 28 -29 -30 -31
leaf_value=-0.011997755938401586 0.014199226727391235 -0.0050351600656785168 -0.00626062400273585 -0.0022247338003966522 -0.0038764733682977639 0.006099381737926797 -0.012695541405191167 0.0020464439268845394 -0.0029682836079797854 -0.0034491894157045963 -0.0085541521518073468 -0.0033653431349985295 0.0033954590033302176 0.0017118389995396744 -0.00041702220791092352 -0.002898406461027151 0.007195074156871855 0.010372793302225207 -0.0090141377328561943 0.0038225486097610405 -0.010726598351218393 0.0049318027000924318 -0.012022352836718058 -0.0078433153829773235 0.00011114648930795954 -0.012142226574313145 -0.0044705588873292122 -0.0017073604458554242 -0.0093556900805905098 0.0075449400969903194
leaf_weight=23.445855431258678 5.881844848394393 4.5835987925529507 6.3269642293453279 62.777893573045731 27.361744865775108 13.446641683578489 4.690734326839447 2.8831681162118903 36.979180902242661 56.335163876414299 127.37810224294662 29.414176002144814 887.39700325578451 4.3008604347705823 11.547461912035944 14.791164860129358 12.931316420435904 7.204929217696189 15.604089319705961 12.115301370620726 12.629973977804182 4.8928031772375098 12.973996452987192 48.555504262447357 15.284226402640341 16.523569479584694 6.4610324203968039 10.93202595412731 46.260626137256622 34.848445504903793
leaf_count=177 26 24 26 310 136 65 20 15 222 331 812 160 7120 22 48 68 54 33 66 56 65 20 94 230 75 90 44 45 326 317
internal_value=0 -0.00518577 -0.00325154 -0.00448413 -0.00257444 -0.000756291 0.00352476 0.00345754 -0.00672023 -0.00734853 -0.00648866 -0.00758073 0.00354756 -0.0058042 -0.000172205 -0.00173674 0.00180976 0.00317523 -0.00535781 0.000363328 -0.00603984 -0.0039569 -0.00531983 -0.00709678 -0.00593889 -0.0105989 -0.00975458 0.000345371 -0.00875702 0.00712479
internal_weight=0 636.757 281.684 201.163 116.216 76.2245 940.002 934.12 355.073 289.295 213.127 156.792 925.129 8.99159 80.5212 54.874 27.7225 25.6472 27.1516 18.4423 39.9917 65.778 49.9532 84.9469 63.8397 21.1072 76.1675 15.8248 52.7217 37.7316
internal_count=11097 3577 1346 995 576 375 7520 7494 2231 1850 1303 972 7452 42 351 236 122 115 114 82 201 381 316 419 305 114 547 65 370 332
is_linear=0
shrinkage=0.01


Tree=158
num_leaves=31
num_cat=0
split_feature=2 0 0 0 12 4 0 0 3 0 0 0 3 12 12 0 0 13 0 4 2 2 0 0 12 2 4 3 0 0
split_gain=282.962 130.647 95.3852 23.6873 17.2514 16.3034 14.5359 14.3847 11.5314 11.1033 10.5376 52.2639 10.17 8.34198 16.8864 6.93919 92.4071 6.81494 4.88715 4.70708 5.97418 4.54095 4.53699 87.3699 4.41486 2.66318 2.26728 2.15243 1.60973 1.15887
threshold=65.500000000000014 4296066.5000000009 4301512.5000000009 4294665.5000000009 3.8142617563909882 28.500000000000004 5575758.5000000009 4296517.5000000009 56.500000000000007 5575758.5000000009 4305780.0000000009 4305469.5000000009 31.500000000000004 1.9802295125484259 1.9842187211896343 4277344.0000000009 4277361.5000000009 1.9807272359141355 4296814.0000000009 30.500000000000004 32.500000000000007 57.500000000000007 4277441.5000000009 4277462.5000000009 3.8273192999520735 25.500000000000004 56.500000000000007 58.500000000000007 4306603.0000000009 4277403.5000000009
decision_type=2 2 2 2 2 2 2 2 2 2 2 2 2 2 2 2 2 2 2 2 2 2 2 2 2 2 2 2 2 2
left_child=3 15 5 4 -1 -3 10 17 25 13 11 -4 -7 21 -15 -2 -17 -5 -14 -19 -21 -9 29 -24 -10 26 -6 -26 -12 -18
right_child=1 2 6 7 8 12 -8 9 24 -11 28 -13 18 14 -16 16 22 19 -20 20 -22 -23 23 -25 27 -27 -28 -29 -30 -31
leaf_value=-0.011687225174417025 0.0097964888689888001 0.012917318397390099 0.0061587147671659697 0.015753014550377791 -0.01020481872309734 0.006939189555602473 -0.012513864890315649 -0.0091214232430742136 0.0086662002957903703 -0.011881422766303131 0.006821318434344097 -0.011274092959032601 -0.003838321601010128 0.0038232967477831799 -0.0044341371208106483 -0.035725479606916084 0.007548635503231235 -0.0066975814082640486 -0.0078663134744098757 -0.0022233402272771392 0.0047714112608281652 -0.0044334110214285316 -0.039605692281573485 0.0065738811000123432 0.0047920008741311627 -0.012228995460627759 0.00064580964724930581 -0.0043704308433716354 0.010314263378347408 0.010004495660226036
leaf_weight=82.872729443013668 56.442117393016815 4.3858266770839682 87.425737448036671 2.725786864757537 3.6968605816364288 5.3920336216688147 5.1097549945116034 52.203930467367172 6.5842706859111813 21.311560861766338 42.828727945685387 21.408961847424507 38.370967730879784 26.856230974197388 318.12789569795132 5.2279734015464774 38.613322466611862 9.9402236342430097 140.10732737183571 27.86371260881424 21.735511019825935 34.196525916457176 4.1362289339303961 431.57522327452898 3.7175716459751138 10.90862664580345 4.019556567072871 8.262223526835438 19.067853085696697 38.245828986167908
leaf_count=674 535 20 685 15 22 22 32 366 29 148 342 96 204 113 1591 26 351 44 742 125 101 207 22 3902 19 61 20 42 181 360
internal_value=0 0.00349573 -0.00119034 -0.00514805 -0.00914794 -0.00613706 0.00410564 -0.00421549 -0.00348935 -0.00483533 0.00460304 0.00272949 -0.00659156 -0.00448724 -0.00379131 0.00646693 0.006104 0.000291052 -0.00700034 -0.000416815 0.000841919 -0.00726595 0.00653064 0.0061355 0.00208821 -0.00904865 -0.00455262 -0.00152714 0.00789735 0.00877069
internal_weight=0 938.338 364.097 635.023 120.062 188.256 175.841 514.961 37.1891 452.696 170.731 108.835 183.87 431.385 344.984 574.241 517.799 62.2652 178.478 59.5394 49.5992 86.4005 512.571 435.711 18.5641 18.625 7.71642 11.9798 61.8966 76.8592
internal_count=11097 7520 2324 3577 867 988 1336 2710 193 2425 1304 781 968 2277 1704 5196 4661 285 946 270 226 573 4635 3924 90 103 42 61 523 711
is_linear=0
shrinkage=0.01


Tree=159
num_leaves=31
num_cat=0
split_feature=12 0 0 1 0 1 12 0 0 1 1 1 0 0 4 0 0 1 1 1 3 1 1 12 1 0 1 12 1 1
split_gain=268.808 132.483 98.3903 26.0663 25.854 23.4752 18.5902 16.34 14.1369 12.6045 14.0927 30.1711 13.1768 12.466 11.8777 11.2116 61.3155 10.8552 16.7233 15.8043 10.3911 8.9861 12.6314 8.53441 26.2125 8.33593 44.8163 5.88338 5.69822 5.44326
threshold=1.9592252154137344 4296066.5000000009 4301512.5000000009 174026445959.50003 4296066.5000000009 174026438393.50003 3.8142617563909882 4296517.5000000009 5575758.5000000009 2883033186372.5005 2384994529944.5005 2384994533778.0005 4295248.5000000009 4277688.5000000009 27.500000000000004 4305780.0000000009 4305469.5000000009 1861025319719.5002 4092079265666.5005 702778648565.00012 56.500000000000007 4363500793924.5005 1862882928450.5002 1.9393065999967327 3475289746758.5005 4295326.5000000009 1862882903109.5002 1.9374010811624021 2482915554044.5005 174026424700.00003
decision_type=2 2 2 2 2 2 2 2 2 2 2 2 2 2 2 2 2 2 2 2 2 2 2 2 2 2 2 2 2 2
left_child=1 9 3 -3 6 7 -2 29 15 10 25 12 -12 -13 -7 16 -4 19 -19 -16 -8 22 -5 -11 -25 26 -1 -27 -17 -6
right_child=4 2 8 21 5 14 20 -9 -10 23 11 13 -14 -15 17 28 -18 18 -20 -21 -22 -23 -24 24 -26 27 -28 -29 -30 -31
leaf_value=-0.0036843025207148167 -0.01170237549911146 -0.011432799394531335 0.0061226984479894756 -0.0055812801297275292 0.0087585734896922767 0.0015631786670679318 -0.0082900935442861805 -0.0090453892395830782 -0.012482677458672238 0.010903397746501342 -0.0090106596065988448 0.0066518695531666908 0.011623153681336177 0.0014276852783504672 -0.0014238609909714437 0.010325860244418497 -0.01334702273673012 -2.7710994117235729e-05 -0.0061300332660676896 -0.0082767960390427251 0.0020663418896216691 -0.012753536523656262 0.0017877536106339557 0.0081302187031445736 -0.027745067999778376 0.010890924552258315 0.010667179777810913 0.004938293216399975 0.0041040743846038523 -0.0039874549551136233
leaf_weight=33.548153683543205 84.063727617263794 69.098599180579185 87.062439940869808 58.087024629116058 6.9807335734367353 54.229227855801582 20.252861216664314 110.0778813958168 5.0714881122112265 85.719611294567585 21.896740689873699 181.86130230873823 3.6043953001499167 60.99623017758131 55.202742367982864 37.182825781404972 19.866149067878723 138.88914942741394 66.368528708815575 86.205594196915627 18.57236185669899 9.6413144022226316 38.797577142715454 14.697535388171675 2.3642774373292914 83.802675403654575 61.920622617006302 20.706404507160187 24.366238512098789 6.4428043067455292
leaf_count=191 684 438 685 275 34 238 111 738 32 1029 110 1578 30 472 291 317 90 604 347 461 90 58 165 144 11 762 651 216 206 39
internal_value=0 0.00347991 -0.00137252 -0.00664936 -0.00493065 -0.00396317 -0.00905913 -0.00777519 0.00396742 0.00644663 0.00575068 0.00425323 -0.00609422 0.00533976 -0.00278883 0.0044626 0.00250544 -0.00346961 -0.00200085 -0.00560156 -0.00333601 -0.00354656 -0.00263034 0.00961781 0.00315893 0.00776016 0.005624 0.00971153 0.00786276 0.00264095
internal_weight=0 920.292 349.174 175.625 647.286 524.397 122.889 123.501 173.549 571.118 468.337 268.359 25.5011 242.858 400.895 168.478 106.929 346.666 205.258 141.408 38.8252 106.526 96.8846 102.781 17.0618 199.978 95.4688 104.509 61.5491 13.4235
internal_count=11097 7460 2266 936 3637 2752 885 811 1330 5194 4010 2190 140 2050 1941 1298 775 1703 951 752 201 498 440 1184 155 1820 842 978 523 73
is_linear=0
shrinkage=0.01


Tree=160
num_leaves=31
num_cat=0
split_feature=2 0 0 1 1 0 13 0 1 1 1 0 1 1 1 0 0 0 0 0 1 0 1 2 1 13 1 2 2 2
split_gain=273.896 126.786 92.2314 25.2355 23.9756 21.461 19.371 14.1374 12.6988 13.7068 29.6547 12.9064 12.5428 11.9766 50.0792 10.746 9.13412 9.27189 8.85642 8.80561 8.68323 8.62204 45.6615 8.5111 25.5591 7.80852 7.30974 7.15598 6.158 5.99457
threshold=65.500000000000014 4296066.5000000009 4301512.5000000009 174026445959.50003 174026439498.00003 4296066.5000000009 2.9714630336214864 5575758.5000000009 2883033186372.5005 2384994529944.5005 2384994533778.0005 4295248.5000000009 2547630292676.5005 2482915552582.5005 2547630267620.5005 5575758.5000000009 4299148.5000000009 4296517.5000000009 4296552.0000000009 4300146.5000000009 174026440880.50003 4295326.5000000009 1862882903109.5002 92.500000000000014 3475289746758.5005 2.9674747924529803 702778649068.50012 102.50000000000001 93.500000000000014 60.500000000000007
decision_type=2 2 2 2 2 2 2 2 2 2 2 2 2 2 2 2 2 2 2 2 2 2 2 2 2 2 2 2 2 2
left_child=4 8 3 27 25 6 -6 13 9 21 11 -11 -12 20 -15 18 17 -5 -7 -18 -4 22 -2 24 -10 -1 -20 -3 -23 -27
right_child=1 2 7 16 5 15 -8 -9 23 10 12 -13 -14 14 -16 -17 19 -19 26 -21 -22 28 -24 -25 -26 29 -28 -29 -30 -31
leaf_value=-0.010501053151151898 -0.0038112252784108171 0.0036271966495555548 0.0017173794402050859 0.0058653398355444407 -0.011726612526285315 0.00099330542380763232 -6.6790544458771568e-05 -0.012451952286793347 0.0080978751802001613 -0.0088845731843754678 0.0063884497062411819 0.011604397089570393 0.00051374341597297817 -0.013399890961686419 0.0061398174791374317 -0.012354705125656893 0.0060510666676353254 -0.006083548553262398 0.00022401448684182296 -0.0039348373533437163 0.0085912773347517086 0.0046856499654995267 0.010650499560470223 0.010891316110478918 -0.027186806958988462 -0.0067861301609584848 -0.0039444162237922261 -0.011396764763325103 0.010872040729950898 0.005905306177964093
leaf_weight=81.09766823798418 33.839080482721329 3.3241886347532263 24.622126251459122 7.1289130747318259 55.994928009808064 57.481904491782188 19.111653223633766 5.0333532840013495 14.609119951725008 21.984968379139904 197.38399441540241 3.5742701143026343 44.54498865455389 17.239040642976761 54.850240781903267 11.684224866330622 17.758474856615067 72.917253270745277 50.084823593497276 17.564556300640106 72.453795060515404 19.911630019545555 61.534872017800808 84.960355915129185 2.3885733783245078 89.249194964766502 262.83778285980225 68.481435135006905 83.841972947120667 3.8836004436016074
leaf_count=646 192 15 151 33 462 256 90 32 144 110 1726 30 324 87 453 81 81 341 253 81 613 208 652 1029 11 508 1265 437 770 16
internal_value=0 0.00345821 -0.00117329 -0.00604701 -0.00507585 -0.00387293 -0.00875965 0.00406347 0.00640189 0.00570331 0.00422453 -0.00601934 0.00530677 0.00455487 0.0014672 -0.00291236 -0.00315022 -0.00501938 -0.00261451 0.00108553 0.0068478 0.00768975 0.00551942 0.009599 0.00313955 -0.00823239 -0.00327724 -0.0107012 0.00968479 -0.0062569
internal_weight=0 929.947 361.373 187.175 631.426 457.195 75.1066 174.199 568.574 466.616 267.488 25.5592 241.929 169.165 72.0893 382.089 115.369 80.0462 370.405 35.323 97.0759 199.128 95.374 101.958 16.9977 174.23 312.923 71.8056 103.754 93.1328
internal_count=11097 7520 2324 988 3577 2407 552 1336 5196 4012 2190 140 2050 1304 540 1855 536 374 1774 162 764 1822 844 1184 155 1170 1518 452 978 524
is_linear=0
shrinkage=0.01


Tree=161
num_leaves=31
num_cat=0
split_feature=2 0 0 1 1 0 12 0 1 1 1 1 0 1 1 0 0 0 0 0 0 2 1 0 1 12 1 2 2 2
split_gain=269.39 124.976 90.6832 25.0779 23.784 21.2938 19.2674 13.9313 12.6901 13.6344 23.9104 21.5631 16.0898 11.8408 37.2784 10.7193 10.6564 8.96363 9.09693 8.69312 8.69086 8.48735 24.9325 8.25794 46.7029 7.81832 7.18045 7.08712 6.13211 5.89633
threshold=65.500000000000014 4296066.5000000009 4301512.5000000009 174026445959.50003 174026439498.00003 4296066.5000000009 2.9433833877757176 5575758.5000000009 2883033186372.5005 1955683344136.5002 2452704926503.5005 2482915538113.0005 4295248.5000000009 2482915549923.5005 2547630269000.5005 4305469.5000000009 5575758.5000000009 4299148.5000000009 4296517.5000000009 4296552.0000000009 4299696.5000000009 92.500000000000014 3475289746758.5005 4295326.5000000009 1862882903109.5002 2.9355504161835038 702778649068.50012 102.50000000000001 93.500000000000014 60.500000000000007
decision_type=2 2 2 2 2 2 2 2 2 2 2 2 2 2 2 2 2 2 2 2 2 2 2 2 2 2 2 2 2 2
left_child=4 8 3 27 25 6 -6 13 9 23 12 -12 -11 15 -15 -4 19 18 -5 -7 -19 22 -10 24 -2 -1 -21 -3 -25 -27
right_child=1 2 7 17 5 16 -8 -9 21 10 11 -13 -14 14 -16 -17 -18 20 -20 26 -22 -23 -24 28 -26 29 -28 -29 -30 -31
leaf_value=-0.010473786302015665 -0.0037653744086625193 0.0035901040596654815 0.010839279132871041 0.0058021081789888709 -0.011707213597914781 0.00098330676024135618 -6.6124163336808806e-05 -0.012421680539823524 0.0080655760287848127 -0.004211008479444802 0.010773833148094387 0.0037508509491609326 0.011611675234754633 -0.0078401483478257022 0.0066796548445503283 0.0039072972240497689 -0.012326828705971469 0.0090172949869429878 -0.0060299037103505194 0.00022176042304978579 -0.002023814485628678 0.010879355090666495 -0.026653972862967862 0.0046559552876879445 0.011105334882750936 -0.006741757675139134 -0.0039099512624138823 -0.01136220614213689 0.010846804647076892 0.0058492761856056624
leaf_weight=80.498709373176098 33.908277377486229 3.3249443322420111 40.181852795183659 7.1345098763704291 55.529169484972954 57.485723450779915 19.111219346523285 4.9953538179397574 14.521387219429018 44.020295456051826 60.085147887468338 160.50282092392445 7.5253917574882498 26.974866077303886 51.327942259609699 50.147968731820583 11.593993969261644 9.9107176661491376 72.830732718110085 50.087990090250969 25.401054859161377 84.207000650465488 2.4118404388427725 19.838604748249054 55.995396248996258 88.939800336956978 262.50474509596825 68.0052150785923 82.680823378264904 3.881603240966796
leaf_count=646 192 15 347 33 462 256 90 32 144 244 600 1314 63 153 431 373 81 45 341 253 117 1029 11 208 625 508 1265 437 766 16
internal_value=0 0.00343863 -0.00116523 -0.00600491 -0.00503953 -0.00384171 -0.00872658 0.00403622 0.00637037 0.00567152 0.00423094 0.00566382 -0.00190098 0.00452375 0.00167767 0.00699088 -0.00288641 -0.00312123 -0.00497425 -0.00259066 0.00107502 0.00958032 0.00312039 0.00770885 0.00549666 -0.00819312 -0.00324791 -0.0106652 0.00964881 -0.00621523
internal_weight=0 925.932 360.235 186.607 629.633 456.313 74.6404 173.628 565.697 464.557 272.134 220.588 51.5457 168.633 78.3028 90.3298 381.672 115.277 79.9652 370.078 35.3118 101.14 16.9332 192.423 89.9037 173.32 312.593 71.3302 102.519 92.8214
internal_count=11097 7520 2324 988 3577 2407 552 1336 5196 4012 2221 1914 307 1304 584 720 1855 536 374 1774 162 1184 155 1791 817 1170 1518 452 974 524
is_linear=0
shrinkage=0.01


Tree=162
num_leaves=31
num_cat=0
split_feature=2 0 0 1 1 0 12 0 1 1 1 0 0 1 1 0 0 0 1 0 0 0 1 2 1 12 1 2 2 2
split_gain=264.957 123.197 89.16 24.9185 23.5931 21.1271 19.1647 13.7275 12.68 13.5609 28.8714 12.4633 12.4602 11.7381 48.2585 10.5677 8.79566 8.98514 8.68777 8.53343 8.53278 8.53062 44.7442 8.46316 24.3309 7.82764 7.05338 7.01923 6.13849 5.85804
threshold=65.500000000000014 4296066.5000000009 4301512.5000000009 174026445959.50003 174026439498.00003 4296066.5000000009 2.9433833877757176 5575758.5000000009 2883033186372.5005 2384994529944.5005 2384994533778.0005 4277688.5000000009 4295248.5000000009 2482915552582.5005 2547630267620.5005 5575758.5000000009 4299148.5000000009 4296814.0000000009 174026440880.50003 4300146.5000000009 4296552.0000000009 4295326.5000000009 1862882903109.5002 92.500000000000014 3475289746758.5005 2.9355504161835038 702778649068.50012 102.50000000000001 93.500000000000014 25.500000000000004
decision_type=2 2 2 2 2 2 2 2 2 2 2 2 2 2 2 2 2 2 2 2 2 2 2 2 2 2 2 2 2 2
left_child=4 8 3 27 25 6 -6 13 9 21 12 -12 -11 18 -15 20 17 -5 -4 -18 29 22 -2 24 -10 -1 -22 -3 -23 -7
right_child=1 2 7 16 5 15 -8 -9 23 10 11 -13 -14 14 -16 -17 19 -19 -20 -21 26 28 -24 -25 -26 -27 -28 -29 -30 -31
leaf_value=-0.010446675941703423 -0.0037201855949148565 0.0035534158470871382 0.001638894475088076 3.3037159970384408e-05 -0.011688065664949461 -0.0060000633875175414 -6.5464520661171426e-05 -0.01239185438631012 0.0080333210598597122 -0.0087027335677705344 0.006565538013280115 0.0013171831506876475 0.011567577737814789 -0.013063530240694888 0.0060672293133747415 -0.012299337350405493 0.0059587962104523801 -0.0071960483748715479 0.0085310891796749298 -0.0038759122424513542 0.00021952895079392181 0.0046263596408907632 0.010618431048306771 0.010867513334015611 -0.026144840322805139 -0.0061737846505214465 -0.003875767258613886 -0.011327969788114867 0.010830936448078074 0.0024346259927128804
leaf_weight=79.903522647917271 33.97660930454731 3.3256773501634589 24.545997202396393 25.045728087425232 55.066258884966373 9.9594150334596616 19.110789820551872 4.9574932605028144 14.434333279728891 22.112551480531696 179.60986300557852 60.483319945633411 3.5145119726657859 17.401301831007004 54.431450806558132 11.504159972071646 17.729954615235329 54.838381603360176 71.749231040477753 17.56158235669136 50.091124355792999 19.766225062310696 60.542995199561119 83.459515012800694 2.4341056346893302 92.511692173779011 262.17348581552505 67.531017184257507 82.492123126983643 47.53006836771965
leaf_count=646 192 15 151 116 462 42 90 32 144 110 1578 472 30 87 453 81 81 258 613 81 253 208 652 1029 11 524 1265 437 770 214
internal_value=0 0.00341914 -0.00115717 -0.00596338 -0.00500342 -0.0038107 -0.00869365 0.00400854 0.00633911 0.00564003 0.00416648 0.00524339 -0.00592285 0.00449213 0.00143285 -0.00286068 -0.00309276 -0.00492954 0.00677424 0.0010649 -0.00256702 0.00762984 0.00546418 0.00956178 0.00310143 -0.008154 -0.00321883 -0.0106295 0.00963161 0.00097341
internal_weight=0 921.944 359.118 186.032 627.851 455.435 74.177 173.085 562.826 462.498 265.72 240.093 25.6271 168.128 71.8328 381.258 115.176 79.8841 96.2952 35.2915 369.754 196.778 94.5196 100.328 16.8684 172.415 312.265 70.8567 102.258 57.4895
internal_count=11097 7520 2324 988 3577 2407 552 1336 5196 4012 2190 2050 140 1304 540 1855 536 374 764 162 1774 1822 844 1184 155 1170 1518 452 978 256
is_linear=0
shrinkage=0.01


Tree=163
num_leaves=31
num_cat=0
split_feature=2 0 0 0 12 4 0 0 0 0 0 12 12 12 0 0 14 0 0 0 0 4 2 2 2 0 0 0 0 0
split_gain=260.589 121.431 87.6678 23.0745 17.1157 15.8283 13.6877 13.5279 10.9038 10.4289 50.7809 8.99873 8.25115 16.5179 7.04763 88.4975 6.74473 5.18644 7.28805 4.63747 84.3344 4.61569 5.86716 4.54748 3.20223 3.92553 1.60483 1.17634 1.02755 0.975103
threshold=65.500000000000014 4296066.5000000009 4301512.5000000009 4294665.5000000009 3.8142617563909882 28.500000000000004 4296517.5000000009 5575758.5000000009 5575758.5000000009 4305780.0000000009 4305469.5000000009 3.8241557396950614 1.9802295125484259 1.9842187211896343 4277344.0000000009 4277361.5000000009 1.9903167316029797 4296517.5000000009 4298528.0000000009 4277441.5000000009 4277462.5000000009 30.500000000000004 32.500000000000007 57.500000000000007 23.500000000000004 4277688.5000000009 4306603.0000000009 4277403.5000000009 4277300.0000000009 4277324.0000000009
decision_type=2 2 2 2 2 2 2 2 2 2 2 2 2 2 2 2 2 2 2 2 2 2 2 2 2 2 2 2 2 2
left_child=3 14 5 4 -1 -3 16 9 12 10 -4 -6 23 -14 28 -16 -5 -7 -19 27 -21 -18 -23 -8 -13 -26 -11 -17 -2 -30
right_child=1 2 7 6 11 17 8 -9 -10 26 -12 24 13 -15 15 19 21 18 -20 20 -22 22 -24 -25 25 -27 -28 -29 29 -31
leaf_value=-0.011594766547863171 0.011579531357687491 0.01287475158489702 0.0060203311906594807 0.015738000386025443 0.0079492993108669693 -0.00089360194830820762 -0.0089919137699290743 -0.012362465153691458 -0.011759066814026236 0.006697971131371017 -0.011223435757657649 0.00062171818064799943 0.0039088090283143848 -0.0042658451761153774 -0.034614757922374284 0.0074193942814055605 -0.0065847711372533802 -0.0090433263781970249 -0.0048432171831247527 -0.038600788693334796 0.006410931751093204 -0.00214825945200513 0.0047955323969274327 -0.0042596909374520257 -0.0092127207832877131 0.00084218172389067928 0.010231592602092705 0.009926243270835005 0.0070785000247344512 0.010383473270593668
leaf_weight=79.542907245457172 19.16035009175539 4.3740781992673865 85.740912809967995 2.7237218618392935 5.9162472337484351 15.752294316887854 51.062979996204376 4.9197749793529502 20.639604561030865 42.01822154968977 21.325622007250786 6.6749593615531948 26.819954589009285 315.41341894865036 5.3246305137872687 37.683843389153481 9.9082804769277555 80.912140876054764 84.41539441049099 4.204090103507041 420.71527814865112 27.780313774943352 21.65293861925602 33.714265093207359 19.396507903933529 4.8545600622892371 18.516375452280045 37.194110304117203 18.095206581056118 17.619865082204342
leaf_count=674 186 20 685 15 26 87 366 32 148 342 96 34 113 1591 26 351 44 438 443 22 3902 125 101 207 107 26 181 360 178 171
internal_value=0 0.00339975 -0.00114926 -0.00496736 -0.00898489 -0.00592232 -0.00405002 0.00398161 -0.0046602 0.00446137 0.0025857 -0.00335013 -0.00431708 -0.00362522 0.00630768 0.00593792 0.000350925 -0.00637638 -0.00689877 0.00636995 0.00596559 -0.000355328 0.000893286 -0.00711 -0.00551174 -0.00719994 0.00777884 0.00866462 0.00971127 0.00870899
internal_weight=0 917.972 357.975 626.101 116.385 185.454 509.715 172.521 447.65 167.601 107.067 36.8423 427.011 342.233 559.997 505.122 62.0653 181.08 165.328 499.797 424.919 59.3415 49.4333 84.7772 30.926 24.2511 60.5346 74.878 54.8754 35.7151
internal_count=11097 7520 2324 3577 867 988 2710 1336 2425 1304 781 193 2277 1704 5196 4661 285 968 881 4635 3924 270 226 573 167 133 523 711 535 349
is_linear=0
shrinkage=0.01


Tree=164
num_leaves=31
num_cat=0
split_feature=2 0 0 1 1 0 12 0 1 1 1 1 0 1 1 0 0 0 1 2 1 0 0 1 2 2 0 1 1 2
split_gain=256.276 119.644 86.1735 24.9201 23.4162 21.5864 18.0155 13.3406 12.7269 13.5482 23.3056 21.6379 15.7266 11.7175 47.4323 10.4005 8.58323 8.79777 8.51348 8.49278 23.824 8.44248 8.20348 45.88 7.42606 6.93737 6.37825 9.11244 6.80604 6.13939
threshold=65.500000000000014 4296066.5000000009 4301512.5000000009 174026445959.50003 174026438393.50003 4294665.5000000009 3.8142617563909882 5575758.5000000009 2883033186372.5005 1955683344136.5002 2452704926503.5005 2482915538113.0005 4295248.5000000009 2482915552582.5005 2547630267620.5005 5575758.5000000009 4299148.5000000009 4296814.0000000009 174026440880.50003 92.500000000000014 3475289746758.5005 4299696.5000000009 4295326.5000000009 1862882903109.5002 60.500000000000007 102.50000000000001 4296552.0000000009 1861025320257.0002 702778649068.50012 93.500000000000014
decision_type=2 2 2 2 2 2 2 2 2 2 2 2 2 2 2 2 2 2 2 2 2 2 2 2 2 2 2 2 2 2
left_child=4 8 3 25 24 6 -6 13 9 22 12 -12 -11 18 -15 26 17 -5 -4 20 -10 -18 23 -2 -1 -3 27 -7 -28 -24
right_child=1 2 7 16 5 15 -8 -9 19 10 11 -13 -14 14 -16 -17 21 -19 -20 -21 -22 -23 29 -25 -26 -27 28 -29 -30 -31
leaf_value=-0.0087084714868741128 -0.0037237658323069495 0.0035339881712312584 0.0016376748288892923 8.2955375982851821e-05 -0.011577484702704772 -0.0038479756881642691 2.1423993846455265e-05 -0.012333505359033402 0.007975338045996842 -0.0041914696113964827 0.010733920594077765 0.0036398684218259315 0.011572470083449483 -0.012956722858598448 0.0060082642029514067 -0.012239687387147948 0.0089346027629918275 -0.0070770700339443816 0.0084814917092037242 0.010848237464302215 -0.025776130673992481 -0.0019566319510100146 0.0045558429212247953 0.011073692731724117 0.00085433646001216088 -0.011275499623351727 5.9540073254644086e-05 0.0038936547690592732 -0.0038092972609201125 0.010793983817769769
leaf_weight=153.46663176268339 33.961915761232376 3.3203469663858405 24.431119531393051 25.01918862760067 55.385068766772747 27.798115253448486 17.661017954349518 4.882201984524726 14.279258601367475 44.016377776861191 58.96248322725296 158.77622076869011 7.3912503719329825 17.4530009329319 53.962238304316998 11.44688932597637 9.8901613056659681 54.638173311948776 70.999090015888214 82.234275437891483 2.4502266049385062 25.385853141546249 19.595374420285225 54.702362895011902 8.5742902010679227 66.797387599945068 55.043928258121014 33.560797229409218 261.45208525657654 80.956348642706871
leaf_count=1064 192 15 151 116 474 133 84 32 144 244 600 1314 63 87 453 82 45 258 613 1029 11 117 208 625 52 437 282 141 1265 766
internal_value=0 0.00338014 -0.00114157 -0.00587594 -0.0049313 -0.00378484 -0.00877311 0.0039601 0.00627477 0.0055726 0.00413108 0.0055609 -0.00192497 0.00443689 0.00137346 -0.00284887 -0.00300965 -0.00482821 0.0067294 0.00952694 0.00303205 0.00109689 0.00762307 0.00540568 -0.00820246 -0.0105742 -0.00256438 0.000386377 -0.00313644 0.0095783
internal_weight=0 914.105 356.779 185.051 624.389 462.348 73.0461 171.728 557.326 458.362 269.146 217.739 51.4076 166.845 71.4152 389.302 114.933 79.6574 95.4302 98.9638 16.7295 35.276 189.216 88.6643 162.041 70.1177 377.855 61.3589 316.496 100.552
internal_count=11097 7520 2324 988 3577 2461 558 1336 5196 4012 2221 1914 307 1304 540 1903 536 374 764 1184 155 162 1791 817 1116 452 1821 274 1547 974
is_linear=0
shrinkage=0.01


Tree=165
num_leaves=31
num_cat=0
split_feature=2 0 0 1 1 0 12 0 1 1 1 1 0 1 1 0 0 0 1 2 1 0 0 0 0 12 2 1 2 2
split_gain=252.053 117.932 84.7336 24.7551 23.2126 20.6776 18.948 13.1471 12.7153 13.4827 28.0078 12.4799 12.0015 11.5871 35.6968 10.7389 10.3307 8.46967 43.9227 8.4674 23.2635 8.42439 8.70258 8.28886 8.12599 7.93049 6.87146 6.85321 6.14603 5.77622
threshold=65.500000000000014 4296066.5000000009 4301512.5000000009 174026445959.50003 174026439498.00003 4296066.5000000009 2.9433833877757176 5575758.5000000009 2883033186372.5005 2384994529944.5005 2384994533778.0005 2547630292676.5005 4295248.5000000009 2482915549923.5005 2547630269000.5005 4305469.5000000009 5575758.5000000009 4295326.5000000009 1862882903109.5002 92.500000000000014 3475289746758.5005 4299148.5000000009 4296517.5000000009 4299696.5000000009 4296552.0000000009 2.9355504161835038 102.50000000000001 702778649068.50012 93.500000000000014 60.500000000000007
decision_type=2 2 2 2 2 2 2 2 2 2 2 2 2 2 2 2 2 2 2 2 2 2 2 2 2 2 2 2 2 2
left_child=4 8 3 26 25 6 -6 13 9 17 12 -12 -11 15 -15 -4 24 18 -2 20 -10 22 -5 -23 -7 -1 -3 -26 -19 -27
right_child=1 2 7 21 5 16 -8 -9 19 10 11 -13 -14 14 -16 -17 -18 28 -20 -21 -22 23 -24 -25 27 29 -28 -29 -30 -31
leaf_value=-0.010380099724746399 -0.003679180058075673 0.0034979148136532741 0.010776909790673505 0.0057480331816152268 -0.011635679402335506 0.00096784997128494766 -3.3585210092941055e-05 -0.012304966279077208 0.007943199235527252 -0.0085529013564058735 0.0062346579506515369 0.00033289800107737309 0.011521931944201688 -0.0076747630863744981 0.0065539907283398945 0.0037739703722645779 -0.012220220288377857 0.0045265876673967016 0.010576440534702252 0.010836702012980419 -0.025304828262517277 0.0088618254874432648 -0.0058240970159328031 -0.0019372194300858717 0.00026455649547169318 -0.006576079003920654 -0.011242052003563411 -0.0037759313836139658 0.010778532103359207 0.005887804309158251
leaf_weight=78.418474294245243 34.029403582215309 3.3210397958755484 39.289080306887627 7.1392433941364279 53.708497256040573 57.422893851995468 19.075993612408638 4.8447775840759268 14.194091074168684 22.207607284188274 193.1531845331192 43.990464635193348 3.4392632693052283 27.099159330129623 50.46846704185009 49.469365276396275 11.240844644606112 19.525152452290058 59.235149137675762 81.50226241350174 2.4707982391118994 9.871762886643408 72.422669619321823 25.383847340941429 50.019510790705681 87.753318376839161 66.328516498208046 261.12641364336014 80.769613362848759 3.8827521204948416
leaf_count=646 192 15 347 33 462 256 90 32 144 110 1726 324 30 153 431 373 81 208 652 1029 11 45 341 117 253 508 437 1265 770 16
internal_value=0 0.00336103 -0.00113379 -0.00583575 -0.00489575 -0.00371222 -0.0085949 0.00393342 0.00624376 0.00554143 0.00406626 0.00513987 -0.00586085 0.00440641 0.00158301 0.00687383 -0.00277653 0.00754423 0.005375 0.00950867 0.00301372 -0.00298258 -0.00478571 0.00108657 -0.00248851 -0.00804567 -0.0105392 -0.00312639 0.00956142 -0.00604797
internal_weight=0 910.155 355.638 184.467 622.649 452.594 72.7845 171.171 554.517 456.35 262.791 237.144 25.6469 166.326 77.5676 88.7584 379.81 193.559 93.2646 98.1672 16.6649 114.818 79.5619 35.2556 368.569 170.055 69.6496 311.146 100.295 91.6361
internal_count=11097 7520 2324 988 3577 2407 552 1336 5196 4012 2190 2050 140 1304 584 720 1855 1822 844 1184 155 536 374 162 1774 1170 452 1518 978 524
is_linear=0
shrinkage=0.01


Tree=166
num_leaves=31
num_cat=0
split_feature=2 0 0 1 1 0 12 0 1 1 1 1 0 1 1 0 1 2 1 1 1 0 1 2 2 0 1 2 1 12
split_gain=247.895 116.242 83.3095 24.5944 23.0341 21.2603 17.8359 12.9556 12.7046 13.3976 22.802 21.5974 15.354 11.4801 45.8112 10.2309 8.51525 8.44165 22.7239 8.37599 13.1818 8.11653 44.9961 7.31339 6.80644 6.13859 7.73436 6.1205 6.06485 5.94201
threshold=65.500000000000014 4296066.5000000009 4301512.5000000009 174026445959.50003 174026438393.50003 4294665.5000000009 3.8142617563909882 5575758.5000000009 2883033186372.5005 1955683344136.5002 2452704926503.5005 2482915538113.0005 4295248.5000000009 2482915552582.5005 2547630269000.5005 5575758.5000000009 174026440880.50003 92.500000000000014 3475289746758.5005 4363500794354.0005 1862882928450.5002 4295326.5000000009 1862882903109.5002 60.500000000000007 102.50000000000001 4297271.0000000009 1861025320257.0002 93.500000000000014 174026447988.50003 2.9355504161835038
decision_type=2 2 2 2 2 2 2 2 2 2 2 2 2 2 2 2 2 2 2 2 2 2 2 2 2 2 2 2 2 2
left_child=4 8 3 24 23 6 -6 13 9 21 12 -12 -11 16 -15 25 -4 18 -10 20 -5 22 -2 29 -3 26 -7 -23 -27 -1
right_child=1 2 7 19 5 15 -8 -9 17 10 11 -13 -14 14 -16 -17 -18 -19 -20 -21 -22 27 -24 -25 -26 28 -28 -29 -30 -31
leaf_value=-0.010768800849445107 -0.0036352328385302595 0.0034622318608782798 0.0015609186091960013 -0.0050462934104974653 -0.011542089972079728 -0.0033887252342516862 2.2883679188830266e-05 -0.012276841054204813 0.0079111001793569866 -0.0041341230758707359 0.010706229684444631 0.0035788007672502026 0.011540589159005035 -0.011097703216227453 0.0065161259440119582 -0.012187463078278789 0.0084218075469642811 0.010825278564671012 -0.024853209539301778 -0.012485632827413507 0.0021560222493471927 0.0044974333287953428 0.011050699612884882 0.00087914771796333889 -0.011208900684831076 0.00039682963827635659 0.0022417043232389718 0.010753902467727979 -0.0038662071583761065 -0.0068003426689627559
leaf_weight=70.036713637411594 34.096049234271049 3.3217113912105551 24.35620279610157 64.059933692216873 54.459334634244442 45.44722855091095 17.659692883491516 4.8075048327445975 14.109591200947763 44.102112904191017 58.186632320284843 157.84371620416641 7.2808661982417098 20.909773334860802 50.255191884934902 11.268175125122069 70.313220717012882 80.776025041937828 2.4904387146234503 8.535865902900694 42.119806557893753 19.4555559232831 53.753783911466599 8.5412465780973417 65.861782178282738 38.754748404026031 52.674186944961548 79.64723826944828 240.27120216190815 81.79501610994339
leaf_count=584 192 15 151 303 474 219 84 32 144 244 600 1314 63 109 431 82 613 1029 11 54 179 208 625 52 437 204 222 766 1176 480
internal_value=0 0.00334179 -0.00112593 -0.00579539 -0.00486051 -0.00372391 -0.00871019 0.00390631 0.00621267 0.00551019 0.00407441 0.00549854 -0.00191305 0.00437546 0.00134081 -0.00279808 0.00665666 0.00949053 0.0029956 -0.00295539 -0.00218925 0.00756389 0.00535083 -0.00812441 -0.0105045 -0.00251755 -0.000366161 0.00952565 -0.0032741 -0.00863091
internal_weight=0 906.283 354.541 183.899 620.908 460.535 72.119 170.642 551.742 454.366 267.413 216.03 51.383 165.834 71.165 388.416 94.6694 97.3761 16.6 114.716 106.18 186.953 87.8498 160.373 69.1835 377.147 98.1214 99.1028 279.026 151.832
internal_count=11097 7520 2324 988 3577 2461 558 1336 5196 4012 2221 1914 307 1304 540 1903 764 1184 155 536 482 1791 817 1116 452 1821 441 974 1380 1064
is_linear=0
shrinkage=0.01


Tree=167
num_leaves=31
num_cat=0
split_feature=2 0 0 1 1 0 12 0 1 1 1 0 0 1 1 0 1 2 1 0 1 1 1 2 2 2 0 1 1 12
split_gain=243.816 114.573 81.9299 24.4204 22.8406 21.0946 17.744 12.7679 12.6925 13.3342 27.2597 12.5586 11.5903 11.3336 44.8579 10.1465 8.4467 8.41555 22.2042 8.37929 43.0438 8.29976 12.9359 7.24028 6.74231 6.12742 6.05186 8.78959 6.50801 5.9646
threshold=65.500000000000014 4296066.5000000009 4301512.5000000009 174026445959.50003 174026438393.50003 4294665.5000000009 3.8142617563909882 5575758.5000000009 2883033186372.5005 2384994529944.5005 2384994533778.0005 4277688.5000000009 4295248.5000000009 2482915552582.5005 2547630269000.5005 5575758.5000000009 174026440880.50003 92.500000000000014 3475289746758.5005 4295326.5000000009 1862882903109.5002 4363500794354.0005 1862882928450.5002 60.500000000000007 102.50000000000001 93.500000000000014 4296552.0000000009 1861025320257.0002 702778649068.50012 2.9355504161835038
decision_type=2 2 2 2 2 2 2 2 2 2 2 2 2 2 2 2 2 2 2 2 2 2 2 2 2 2 2 2 2 2
left_child=4 8 3 24 23 6 -6 13 9 19 12 -12 -11 16 -15 26 -4 18 -10 20 -2 22 -5 29 -3 -21 27 -7 -28 -1
right_child=1 2 7 21 5 15 -8 -9 17 10 11 -13 -14 14 -16 -17 -18 -19 -20 25 -22 -23 -24 -25 -26 -27 28 -29 -30 -31
leaf_value=-0.010744723219232553 -0.0035919112824851036 0.0034269344274430614 0.0015458424690481341 -0.0050021203075135724 -0.011524464438040763 -0.003783059723210587 2.2654826922083282e-05 -0.012249121144025082 0.0078790396353611118 -0.0083796618212543493 0.0064215024474687235 0.0011075022356044539 0.011487234033270193 -0.010930959400453681 0.0064783661843399419 -0.012161879036028148 0.0083848902282067598 0.010813965902049803 -0.024420044220685964 0.0044683808512052236 0.010545254945342411 -0.012454931642985917 0.0021351398506233789 0.00087009737284714998 -0.011176039608130347 0.010738757363921625 7.1802389118672154e-05 0.0038253042474257161 -0.003713352179461235 -0.0067570426110474093
leaf_weight=69.494439661502838 34.161867588758469 3.3223623782396308 24.347845524549484 63.979784950613976 53.999502919614315 27.74459433555603 17.659842744469643 4.77038650214672 14.025755889713766 22.329569369554523 175.85596623271704 59.527657493948936 3.3811868727207175 21.015910625457764 50.043692447245121 11.179405383765696 69.918553791940212 80.055531270802021 2.5091723948717108 19.38657832890749 58.277481608092785 8.4716594666242582 42.106506705284119 8.5437748283147794 65.397213086485863 79.46203900873661 55.01734285056591 33.539310485124588 260.48927420377731 81.497475042939186
leaf_count=584 192 15 151 303 474 133 84 32 144 110 1578 472 30 109 431 82 613 1029 11 208 652 54 179 52 437 770 282 141 1265 480
internal_value=0 0.00332296 -0.00111836 -0.00575707 -0.00482557 -0.00369401 -0.00867877 0.00387981 0.00618184 0.00547923 0.00400971 0.00507761 -0.00576699 0.0043452 0.00132955 -0.00277331 0.00661845 0.0094725 0.00297766 0.00748502 0.00532073 -0.00292992 -0.00216928 -0.00808563 -0.01047 0.00950899 -0.00249475 0.000380828 -0.00305331 -0.00859238
internal_weight=0 902.347 353.374 183.278 619.165 459.629 71.6593 170.096 548.973 452.382 261.094 235.384 25.7108 165.326 71.0596 387.97 94.2664 96.5905 16.5349 191.288 92.4393 114.558 106.086 159.536 68.7196 98.8486 376.791 61.2839 315.507 150.992
internal_count=11097 7520 2324 988 3577 2461 558 1336 5196 4012 2190 2050 140 1304 540 1903 764 1184 155 1822 844 536 482 1116 452 978 1821 274 1547 1064
is_linear=0
shrinkage=0.01


Tree=168
num_leaves=31
num_cat=0
split_feature=2 0 0 0 12 4 0 0 3 0 0 0 3 12 12 12 3 0 0 0 0 0 12 12 2 2 4 2 12 0
split_gain=239.801 112.919 80.5728 22.4324 17.0423 15.3859 12.9739 12.5831 11.3382 10.4695 50.3264 10.3784 9.77262 8.28577 16.686 8.20259 9.04068 7.16459 84.7953 4.9124 4.75349 81.2633 4.39166 4.27946 3.2278 2.71605 2.22748 1.96579 1.59934 1.57872
threshold=65.500000000000014 4296066.5000000009 4301512.5000000009 4294665.5000000009 3.8142617563909882 28.500000000000004 4296552.0000000009 5575758.5000000009 56.500000000000007 4305780.0000000009 4305469.5000000009 5575758.5000000009 31.500000000000004 1.9802295125484259 1.9842187211896343 1.961825938807811 56.500000000000007 4277344.0000000009 4277361.5000000009 4296814.0000000009 4277441.5000000009 4277462.5000000009 2.9375842593472381 3.8273192999520735 27.500000000000004 25.500000000000004 56.500000000000007 57.500000000000007 3.8364340687823169 4306603.0000000009
decision_type=2 2 2 2 2 2 2 2 2 2 2 2 2 2 2 2 2 2 2 2 2 2 2 2 2 2 2 2 2 2
left_child=3 17 5 4 -1 -3 15 9 25 10 -4 13 -7 27 -15 -5 22 -2 -19 -14 -20 -22 -17 -10 -18 26 -6 -8 -25 -11
right_child=1 2 7 6 8 12 11 -9 23 29 -12 -13 19 14 -16 16 24 18 20 -21 21 -23 -24 28 -26 -27 -28 -29 -30 -31
leaf_value=-0.011508402110412231 0.0096306993022944494 0.012839153904958123 0.0059031063260325525 0.011346091923080599 -0.0099511333909906297 0.0070968106572243343 -0.0085372999291912118 -0.012221799925910767 0.0088196636927528986 0.0066008905114412729 -0.011289251164890594 -0.011628941030559342 -0.0033710588372928263 0.0040161098408492673 -0.0042193537855687952 0.0064275351554214585 -0.0014410042372796034 -0.033572172001008864 0.0085641010125344572 -0.0074696078932127387 -0.037579413349388732 0.0062487669572367111 -0.00051848339153138059 -0.0041536911814235179 -0.010377849207432368 -0.012068143529473607 0.0009482913308539615 -0.0052468188203611587 0.0034243630529315928 0.010150689512854643
leaf_weight=76.346519790589809 53.383021630346775 4.3607481420040122 84.185560688376427 5.7334303557872763 3.5609568506479263 5.3824171125888816 45.368204541504383 4.7334251701831809 6.5551644563674953 41.309654712677002 21.343134015798569 19.918054215610027 37.282126948237419 26.776063948869705 303.04961194843054 11.462868526577948 6.1945599466562298 5.4171259701251975 73.00247447937727 135.63334603607655 4.2745492756366721 410.16829680651426 44.203358307480812 7.2888002842664701 11.627414666116236 10.606649100780485 3.9603470265865353 30.269405826926231 4.5071412473917007 17.982131063938141
leaf_count=674 535 20 685 30 22 22 333 32 29 342 96 148 204 113 1535 55 25 26 711 742 22 3902 199 38 80 61 20 192 23 181
internal_value=0 0.00330412 -0.00111084 -0.00479087 -0.0088219 -0.00571898 -0.00388957 0.00385346 -0.00319936 0.00431512 0.00242596 -0.00458155 -0.00617287 -0.00423535 -0.00355078 -0.000173976 -0.00107275 0.00615083 0.00577392 -0.00658592 0.00621118 0.00579672 0.000911851 0.00234171 -0.00727158 -0.00880864 -0.00421203 -0.00722048 -0.00125817 0.00767748
internal_weight=0 898.458 352.213 617.429 112.826 182.659 504.603 169.554 36.4791 164.82 105.529 425.381 178.298 405.463 329.826 79.2216 73.4882 546.245 492.862 172.915 487.445 414.443 55.6662 18.3511 17.822 18.128 7.5213 75.6376 11.7959 59.2918
internal_count=11097 7520 2324 3577 867 988 2710 1336 193 1304 781 2321 968 2173 1648 389 359 5196 4661 946 4635 3924 254 90 105 103 42 525 61 523
is_linear=0
shrinkage=0.01


Tree=169
num_leaves=31
num_cat=0
split_feature=2 0 0 3 12 0 0 0 12 0 2 12 0 2 0 0 3 12 2 12 3 3 12 0 0 0 3 3 0 0
split_gain=235.832 111.248 79.2001 22.3168 13.0671 12.4098 10.3413 49.5036 9.87393 16.9838 15.4166 12.9742 11.1207 8.77798 7.13325 82.4704 7.11202 14.2903 8.4786 6.194 8.17619 7.474 6.18497 5.55394 4.72854 78.7911 4.47185 4.58258 4.45505 9.86304
threshold=65.500000000000014 4296066.5000000009 4301512.5000000009 43.500000000000007 2.8912802780207456 5575758.5000000009 4305780.0000000009 4305469.5000000009 2.9509594202503071 4296066.5000000009 29.500000000000004 1.961825938807811 4305701.0000000009 32.500000000000007 4277344.0000000009 4277361.5000000009 31.500000000000004 3.8634103093146051 26.500000000000004 3.8061042970938286 58.500000000000007 57.500000000000007 2.9446863925077662 4277646.5000000009 4277441.5000000009 4277462.5000000009 34.500000000000007 29.500000000000004 4296814.0000000009 4298528.0000000009
decision_type=2 2 2 2 2 2 2 2 2 2 2 2 2 2 2 2 2 2 2 2 2 2 2 2 2 2 2 2 2 2
left_child=3 14 4 13 28 6 7 -4 9 -5 12 -12 -11 16 -2 -16 22 18 -18 20 -10 -21 -1 -23 -17 -26 27 -15 -3 -30
right_child=1 2 5 8 -6 -7 -8 -9 19 10 11 -13 -14 26 15 24 17 -19 -20 21 -22 23 -24 -25 25 -27 -28 -29 29 -31
leaf_value=-0.010140230772658396 0.0096035301465905148 -0.0033410859382755585 0.0058678017078158907 -0.011478779645872498 0.0042433724951423477 -0.012194869744013369 0.0076432342063579928 -0.011211874754584237 0.0062597411309498951 0.0013082292581229108 -0.0025835798659717387 -0.009720138872896758 -0.011578521056678521 -0.00048128217243885533 -0.032807267147117021 0.0085323403430539492 0.009729774671131371 -0.010647649634704237 -0.0013245424079835106 -0.0080324193779504269 -0.0064358702680377957 0.004343020870087172 -0.0044388495326432055 -0.0052173232621671815 -0.036591750788264023 0.0062147340665416693 0.0087838527243052252 -0.0046591634523070954 -0.010525578395782151 -0.0049814152707321584
leaf_weight=28.319108173251152 53.000624917447567 37.240629151463509 83.846861116588116 75.762347616255283 12.382191479206083 4.6966238468885413 58.963621541857719 21.275862649083138 12.579651683568956 38.873842597007751 35.93149833381176 87.531432144343853 8.0901011750102025 118.07959511876106 5.4876303970813742 72.543778575956821 9.9527956247329694 12.206536099314688 22.909037366509438 36.283539086580276 8.500644236803053 11.110805585980417 57.990661308169365 13.411015182733534 4.3456599265336981 408.29969258606434 4.4287270456552497 33.760527998209 54.400445744395256 78.232749044895172
leaf_count=168 535 204 685 676 54 32 523 96 52 164 222 653 69 521 26 711 41 63 106 192 36 54 305 68 22 3902 23 164 308 422
internal_value=0 0.0032849 -0.0011034 -0.00475624 -0.00567437 0.00383245 0.0042912 0.00241103 -0.0065389 -0.00753942 -0.0057882 -0.00764318 -0.000911668 -0.00272304 0.00611831 0.00574185 -0.00462825 -0.00140845 0.00202346 -0.00353082 0.00114023 -0.0051502 -0.00630953 -0.000885544 0.00617785 0.00576393 -0.0011213 -0.0014102 -0.00639728 -0.00725539
internal_weight=0 894.716 351.039 615.722 182.256 168.783 164.086 105.123 328.075 246.189 170.427 123.463 46.9639 287.647 543.677 490.677 131.378 45.0684 32.8618 81.8857 21.0803 60.8054 86.3098 24.5218 485.189 412.645 156.269 151.84 169.874 132.633
internal_count=11097 7520 2324 3577 988 1336 1304 781 2186 1784 1108 875 233 1391 5196 4661 683 210 147 402 88 314 473 122 4635 3924 708 685 934 730
is_linear=0
shrinkage=0.01


Tree=170
num_leaves=31
num_cat=0
split_feature=2 0 0 1 1 0 13 1 1 1 0 0 1 1 13 0 0 2 1 0 1 1 1 2 2 2 13 1 1 1
split_gain=231.967 109.601 77.8496 24.5255 22.5749 20.5789 17.6319 12.7882 13.3773 26.5968 12.5443 12.2388 11.4808 34.2386 11.3047 10.6572 9.94776 8.49624 21.8239 8.40267 42.7469 8.2842 12.7357 7.17038 6.59963 6.17198 5.9732 5.89589 19.5417 13.4975
threshold=65.500000000000014 4296066.5000000009 4301512.5000000009 174026445959.50003 174026438393.50003 4294665.5000000009 3.9052022367380075 2883033186372.5005 2384994529944.5005 2384994533778.0005 4277688.5000000009 5575758.5000000009 2482915549923.5005 2547630269000.5005 1.9691782978882646 4305469.5000000009 5575758.5000000009 92.500000000000014 3475289746758.5005 4295326.5000000009 1862882903109.5002 4363500794354.0005 1862882928450.5002 60.500000000000007 102.50000000000001 93.500000000000014 2.9674747924529803 1861025319719.5002 702778649068.50012 1862882900096.0002
decision_type=2 2 2 2 2 2 2 2 2 2 2 2 2 2 2 2 2 2 2 2 2 2 2 2 2 2 2 2 2 2
left_child=4 7 3 24 23 6 -6 8 19 14 -11 12 15 -14 -10 -4 27 18 -9 20 -2 22 -5 26 -3 -21 -1 28 -7 -29
right_child=1 2 11 21 5 16 -8 17 9 10 -12 -13 13 -15 -16 -17 -18 -19 -20 25 -22 -23 -24 -25 -26 -27 -28 29 -30 -31
leaf_value=-0.010682316604622211 -0.0036450507707178415 0.0033739201880181409 0.010704149889223977 -0.0048677286023882452 -0.011473248469150274 -8.2955864752470607e-05 8.8771033104305722e-05 0.0077961686886904111 -0.0083200879527566395 0.006321054288118696 0.00098159503799989905 -0.012168323296388034 -0.0075706286163917226 0.006406157174530679 0.011452037015914098 0.0036470387128567047 -0.012093668351375784 0.010788681780308321 -0.024215244418223425 0.0043582236306588728 0.010507622419665481 -0.012395622772508297 0.0022193658705708828 0.00093698044462383755 -0.011106115884205037 0.010696348557263381 -0.0066611809022773666 0.0068299824313508423 -0.0072361822160343769 -0.002116647798901417
leaf_weight=68.063692860305309 34.058446899056435 3.3093617260456076 38.252894684672356 63.669855296611786 52.639871343970299 71.128557115793228 17.599362447857857 13.81166908144951 22.346453279256824 173.3112099468708 58.971666753292084 4.6599848568439475 27.174949616193771 49.365666061639786 3.3214900642633429 48.56730392575264 10.935165971517561 78.430919907987118 2.5179825872182837 19.128433533012867 57.157657399773598 8.3426451832056028 42.137503162026405 8.5121339261531812 64.39753657579422 78.068560808897018 80.788361310958862 18.387996390461922 82.471971988677979 203.31780959665775
leaf_count=584 192 15 347 303 474 359 84 144 110 1578 472 32 153 431 30 373 82 1029 11 208 652 54 179 52 437 770 480 80 446 936
internal_value=0 0.00326574 -0.00109599 -0.00563004 -0.00472322 -0.00359726 -0.00857623 0.00608592 0.00537761 0.00389807 0.00496548 0.00381143 0.00426727 0.00144384 -0.00576153 0.0067564 -0.00269182 0.00942239 0.00286011 0.00740321 0.00522327 -0.00280176 -0.00204531 -0.00798942 -0.0103984 0.009449 -0.00849987 -0.00241788 -0.0039237 -0.00137463
internal_weight=0 891.002 349.878 181.857 613.845 456.481 70.2392 541.124 446.364 257.951 232.283 168.021 163.361 76.5406 25.6679 86.8202 386.242 94.7606 16.3297 188.413 91.2161 114.15 105.807 157.364 67.7069 97.197 148.852 375.306 153.601 221.706
internal_count=11097 7520 2324 988 3577 2461 558 5196 4012 2190 2050 1336 1304 584 140 720 1903 1184 155 1822 844 536 482 1116 452 978 1064 1821 805 1016
is_linear=0
shrinkage=0.01


Tree=171
num_leaves=31
num_cat=0
split_feature=2 0 0 1 1 0 12 1 1 1 1 0 0 1 1 0 2 1 1 0 0 0 0 1 12 0 2 2 3 2
split_gain=228.14 108.016 76.5565 24.348 22.3867 19.7217 18.5662 12.7754 13.2904 21.9613 21.8182 14.9082 12.0616 11.3525 43.7678 9.88091 8.46868 21.3329 8.24144 8.24138 8.61149 8.25744 8.05037 43.8618 7.96768 7.60047 6.53812 6.14635 6.00166 5.52152
threshold=65.500000000000014 4296066.5000000009 4301512.5000000009 174026445959.50003 174026439498.00003 4296066.5000000009 2.9433833877757176 2883033186372.5005 1955683344136.5002 2452704926503.5005 2482915538113.0005 4295248.5000000009 5575758.5000000009 2482915552582.5005 2547630267620.5005 5575758.5000000009 92.500000000000014 3475289746758.5005 174026440880.50003 4299148.5000000009 4296517.5000000009 4300146.5000000009 4295326.5000000009 1862882903109.5002 2.9355504161835038 4297271.0000000009 102.50000000000001 93.500000000000014 27.500000000000004 60.500000000000007
decision_type=2 2 2 2 2 2 2 2 2 2 2 2 2 2 2 2 2 2 2 2 2 2 2 2 2 2 2 2 2 2
left_child=4 7 3 26 24 6 -6 8 22 11 -11 -10 13 18 -15 25 17 -9 -4 20 -5 -21 23 -2 -1 -7 -3 -24 -27 -26
right_child=1 2 12 19 5 15 -8 16 9 10 -12 -13 -14 14 -16 -17 -18 -19 -20 21 -22 -23 27 -25 29 28 -28 -29 -30 -31
leaf_value=-0.010236245684391528 -0.0036016002963569801 0.003339595463100602 0.00150006308817153 0.0059267811193014696 -0.011538049885856749 0.00013630834564877398 4.0354839656693377e-05 0.0077642393697874993 -0.0041459432865305033 0.010647022511196107 0.0033887614790321175 0.011485253473930273 -0.012142154904013269 -0.012376983420420738 0.0057931740774187822 -0.012075735280531821 0.010777718323613222 -0.023807459462563265 0.0083020209196460887 0.006073237530258198 -0.0056116918387148149 -0.0036249131006346491 0.0043296673492778815 0.011002875420410192 -0.0063523873940046676 -0.00062034603503292667 -0.011074126518294987 0.010672195619329751 -0.004037085507240184 0.0058430792533511779
leaf_weight=75.228341817855835 34.124308541417122 3.3099388927221289 24.061620518565178 7.1088893562555304 51.067392662167549 92.414878770709038 19.002632230520248 13.730191990733148 43.988743886351585 56.521370157599449 154.95065627247095 7.0842057988047591 4.6235105320811263 17.735291734337807 52.497790157794952 10.73751327395439 77.729112960398197 2.5354114919900885 68.591478884220123 17.660196036100388 71.766165509819984 17.45879265666008 19.062381848692894 51.751100152730942 86.118678033351898 68.610182046890259 63.940018683671951 76.980569869279861 205.07108676433563 3.8797092884778968
leaf_count=646 192 15 151 33 462 415 90 144 244 600 1314 63 32 87 453 81 1029 11 613 81 341 81 208 625 508 299 437 766 1060 16
internal_value=0 0.00324704 -0.00108854 -0.00559276 -0.00468922 -0.00352642 -0.00839805 0.00605515 0.0053468 0.00390738 0.00532872 -0.00197778 0.00378499 0.00423708 0.00120484 -0.00262057 0.00940463 0.00284298 0.00653558 -0.00277759 -0.00457175 0.00125197 0.00742418 0.0051995 -0.00783436 -0.00234325 -0.0103647 0.00941335 -0.00318053 -0.00582666
internal_weight=0 887.212 348.754 181.244 612.13 446.904 70.07 538.458 444.463 262.545 211.472 51.0729 167.51 162.886 70.2331 376.834 93.9947 16.2656 92.6531 113.994 78.8751 35.119 181.918 85.8754 165.227 366.096 67.25 96.043 273.681 89.9984
internal_count=11097 7520 2324 988 3577 2407 552 5196 4012 2221 1914 307 1336 1304 540 1855 1184 155 764 536 374 162 1791 817 1170 1774 452 974 1359 524
is_linear=0
shrinkage=0.01


Tree=172
num_leaves=31
num_cat=0
split_feature=2 0 0 1 1 0 12 1 1 1 1 0 1 1 0 0 2 1 1 1 0 0 2 2 12 1 1 1 1 1
split_gain=224.37 106.462 75.2684 24.1866 22.2045 20.2569 17.4567 12.7604 13.2253 15.2071 40.1893 11.8879 11.2132 33.0822 10.6977 9.78528 8.44081 20.8591 8.22626 12.5185 7.31278 17.9855 7.06307 6.47742 6.01476 5.80992 19.2819 13.2398 5.6532 9.6361
threshold=65.500000000000014 4296066.5000000009 4301512.5000000009 174026445959.50003 174026438393.50003 4294665.5000000009 3.8142617563909882 2883033186372.5005 2547630292676.5005 2547630277329.5005 2482915554044.5005 5575758.5000000009 2482915549923.5005 2547630269000.5005 4305469.5000000009 5575758.5000000009 92.500000000000014 3475289746758.5005 4363500794354.0005 1862882928450.5002 4277441.5000000009 4277480.5000000009 60.500000000000007 102.50000000000001 2.9355504161835038 1861025319719.5002 702778649068.50012 1862882900096.0002 702778648565.00012 702778654685.50012
decision_type=2 2 2 2 2 2 2 2 2 2 2 2 2 2 2 2 2 2 2 2 2 2 2 2 2 2 2 2 2 2
left_child=4 7 3 23 22 6 -6 8 9 10 -2 12 14 -14 -4 25 17 -9 19 -5 -10 -22 24 -3 -1 26 -7 -27 -8 -30
right_child=1 2 11 18 5 15 28 16 20 -11 -12 -13 13 -15 -16 -17 -18 -19 -20 -21 21 -23 -24 -25 -26 27 -28 -29 29 -31
leaf_value=-0.01063637736790651 0.0061995505543961747 0.0033056385936624313 0.01066955377197931 -0.0048038028596327732 -0.011440517988270086 -5.7735947322155835e-05 0.0075874250743782502 0.0077323449861014769 0.0055241236246343145 0.011332072620967269 -0.0060119478056912673 -0.01211635675961289 -0.0073993006004286592 0.0063347305040398552 0.0035657052610276936 -0.012045361893480098 0.010766857902842106 -0.023415474274697003 -0.012360790782641779 0.0022267479946903291 -0.025591703791991216 -0.00014631460654118645 0.00096015671773986677 -0.011042400207219664 -0.006577892484889305 0.0067858811961934544 -0.0071725382994282973 -0.0020739726138588889 -0.013845736202242383 0.0047196466767779393
leaf_weight=67.029243052005768 324.59692144393921 3.3104975521564475 37.759961239993572 63.515986487269402 51.749506749212742 71.06679605692625 6.3984990566968944 13.649364180862905 15.612990014255045 45.417884856462479 29.391128979623318 4.5872033163905135 27.323692679405212 48.975367836654186 48.331388734281063 10.761515311896799 77.032931283116341 2.5519920438528052 8.2634473443031293 42.122484475374222 3.1346551179885891 24.40162118524313 8.4799479246139509 63.484773308038712 80.218628585338593 18.394630193710327 82.091425731778145 203.05040211975574 5.378186032176016 5.8223044574260712
leaf_count=584 3030 15 347 303 474 359 28 144 123 438 220 32 153 431 373 82 1029 11 54 179 21 180 52 437 480 80 446 936 27 29
internal_value=0 0.00322836 -0.00108101 -0.00555374 -0.0046553 -0.00353917 -0.00851466 0.00602472 0.00531638 0.00588458 0.00518565 0.00375923 0.00420768 0.00141639 0.00668148 -0.00264381 0.00938698 0.00282603 -0.00275206 -0.00200043 5.69328e-05 -0.00304295 -0.00791429 -0.0103313 -0.00842537 -0.00237372 -0.00387121 -0.00133802 8.87782e-05 -0.00419497
internal_weight=0 883.464 347.675 180.697 610.441 454.713 69.3485 535.789 442.555 399.406 353.988 166.978 162.39 76.2991 86.0913 385.365 93.2343 16.2014 113.902 105.638 43.1493 27.5363 155.728 66.7953 147.248 374.603 153.158 221.445 17.599 11.2005
internal_count=11097 7520 2324 988 3577 2461 558 5196 4012 3688 3250 1336 1304 584 720 1903 1184 155 536 482 324 201 1116 452 1064 1821 805 1016 84 56
is_linear=0
shrinkage=0.01


Tree=173
num_leaves=31
num_cat=0
split_feature=2 0 0 1 1 0 12 1 1 1 1 0 1 1 12 0 2 1 0 1 1 1 1 12 3 0 2 3 2 1
split_gain=220.652 104.882 74.0174 24.0111 22.0173 19.408 18.386 12.7588 13.2078 26.0462 12.3382 11.7161 11.1161 42.2083 10.9538 9.71848 8.41264 20.4014 8.36424 42.1016 8.23872 8.15068 12.2844 7.98548 7.84175 7.48203 6.18083 5.8932 5.38453 5.34174
threshold=65.500000000000014 4296066.5000000009 4301512.5000000009 174026445959.50003 174026439498.00003 4296066.5000000009 2.9433833877757176 2883033186372.5005 2384994529944.5005 2384994533778.0005 2547630292676.5005 5575758.5000000009 2482915552582.5005 2547630269000.5005 1.9393065999967327 5575758.5000000009 92.500000000000014 3475289746758.5005 4295326.5000000009 1862882903109.5002 174026440880.50003 4363500794354.0005 1862882928450.5002 2.9355504161835038 58.500000000000007 4297271.0000000009 93.500000000000014 27.500000000000004 60.500000000000007 702778648565.00012
decision_type=2 2 2 2 2 2 2 2 2 2 2 2 2 2 2 2 2 2 2 2 2 2 2 2 2 2 2 2 2 2
left_child=4 7 3 24 23 6 -6 8 18 14 -11 12 20 -14 -10 25 17 -9 19 -2 -4 22 -5 -1 -3 -7 -20 -27 -25 -8
right_child=1 2 11 21 5 15 29 16 9 10 -12 -13 13 -15 -16 -17 -18 -19 26 -21 -22 -23 -24 28 -26 27 -28 -29 -30 -31
leaf_value=-0.010186167487348543 -0.0036325581932443807 0.0058029711773319431 0.0014261835729605997 -0.0047616884919194687 -0.011506222917359879 0.0001605451760949467 0.0075694830447570376 0.0077004844861455462 -0.008235393518692893 0.0059903655151404165 5.6552554743824638e-05 -0.012090922941280205 -0.010597131750609693 0.0062974749879412184 0.011410339511841908 -0.012027907423978927 0.010756098980459101 -0.023038367801512166 0.0042603299681568223 0.010466675133785708 0.008243134314064527 -0.012331929391332843 0.0022051862487762214 -0.0062699169112711076 -0.011032211614919858 -0.00059490749536029899 0.010646512960869981 -0.0039826939444612139 0.005778616051536135 -0.003693208714814232
leaf_weight=74.135955169796944 34.077370643615723 2.8929467052221289 23.988954849541187 63.437367111444473 50.207021281123161 92.353297263383865 6.3036677241325405 13.569182410836222 22.406003132462505 186.66312219947577 43.140026032924652 4.5510653331875792 21.222105026245117 48.773469783365726 3.2497304901480666 10.56659262627363 76.342343211174011 2.5677465200424185 18.903472475707531 55.955563858151436 67.936840869486332 8.2002758234739286 42.109071269631386 85.53784391283989 63.449912130832672 68.561818510293961 76.433361500501633 204.50842845439911 3.8773266077041617 12.685798719525335
leaf_count=646 192 13 151 303 462 415 27 144 110 1726 324 32 109 431 30 81 1029 11 208 652 613 54 179 508 439 299 770 1060 16 63
internal_value=0 0.00320926 -0.00107365 -0.00551693 -0.00462178 -0.00346906 -0.0083361 0.00599245 0.00528401 0.00380953 0.00487643 0.00373308 0.00417784 0.00117516 -0.00574693 -0.00257334 0.00936943 0.00280925 0.007316 0.00513013 0.00646418 -0.00272831 -0.00198217 -0.00775947 -0.0102981 -0.00229995 0.00938025 -0.0031321 -0.00574745 4.55096e-05
internal_weight=0 879.87 346.562 180.09 608.738 445.187 69.1965 533.308 440.829 255.459 229.803 166.472 161.921 69.9956 25.6557 375.99 92.4793 16.1369 185.37 90.0329 91.9258 113.747 105.546 163.551 66.3429 365.424 95.3368 273.07 89.4152 18.9895
internal_count=11097 7520 2324 988 3577 2407 552 5196 4012 2190 2050 1336 1304 540 140 1855 1184 155 1822 844 764 536 482 1170 452 1774 978 1359 524 90
is_linear=0
shrinkage=0.01


Tree=174
num_leaves=31
num_cat=0
split_feature=2 0 0 0 12 4 0 0 0 0 0 12 12 12 12 12 0 0 12 0 0 0 0 2 2 0 2 0 0 0
split_gain=217.007 103.361 72.7902 21.6375 16.902 14.8173 12.561 11.5477 10.4532 48.9556 10.0597 8.71894 8.1232 7.98398 16.1077 7.7604 7.2152 79.6431 5.24985 5.1707 7.04801 4.7865 75.5891 3.06879 3.06857 3.99298 1.93152 1.56701 1.22882 1.08536
threshold=65.500000000000014 4296066.5000000009 4301512.5000000009 4294665.5000000009 3.8142617563909882 28.500000000000004 4296552.0000000009 5575758.5000000009 4305780.0000000009 4305469.5000000009 5575758.5000000009 3.8241557396950614 1.961825938807811 1.9802295125484259 1.9842187211896343 2.8901187184528765 4277344.0000000009 4277361.5000000009 2.9375842593472381 4296517.5000000009 4298528.0000000009 4277441.5000000009 4277462.5000000009 27.500000000000004 23.500000000000004 4277688.5000000009 57.500000000000007 4306603.0000000009 4277403.5000000009 4277300.0000000009
decision_type=2 2 2 2 2 2 2 2 2 2 2 2 2 2 2 2 2 2 2 2 2 2 2 2 2 2 2 2 2 2
left_child=3 16 5 4 -1 -3 12 8 9 -4 13 -6 -5 26 -15 23 29 -18 -17 -7 -21 28 -23 -14 -13 -26 -8 -10 -19 -2
right_child=1 2 7 6 11 19 10 -9 27 -11 -12 24 15 14 -16 18 17 21 -20 20 -22 22 -24 -25 25 -27 -28 -29 -30 -31
leaf_value=-0.011411027688790494 0.011500273861344596 0.012775778023924109 0.0057445027510391149 0.011453338071330992 0.0080946220394804477 -0.00036586959710625165 -0.0083560992518421501 -0.012065846323078205 0.006473508137087124 -0.011267327504765792 -0.011486201629245492 0.00083082365561431854 -0.0014287067905629984 0.0040509089673074058 -0.0040479261560769789 0.006981229650861065 -0.032069715448392981 0.0071151831631542416 -0.00068710188507191666 -0.0086164985428249172 -0.0044163233553795095 -0.035497111565838298 0.0060565282032642052 -0.010346763913438712 -0.0089567739515163808 0.0013107503117134232 -0.0050584870791573842 0.010061809250085962 0.0097526025850581 0.0084553048393002303
leaf_weight=72.603402927517891 17.974131375551224 4.3383281826972953 82.264271125197411 5.7043358981609336 5.8893996924161902 15.234278202056883 44.052569635212421 4.5150989368557921 40.474004715681076 21.295031622052193 19.089898638427258 6.5794650465250042 6.1914269328117397 26.746320948004723 300.11859108507633 11.1139013543725 5.5535594075918189 35.664375267922878 45.388429045677185 77.920222073793411 81.988679483532906 4.4262719601392737 398.50235248357058 10.240710034966467 18.840306803584102 4.7406669706106177 29.763129837810993 17.403009943664074 35.004698880016804 33.567287631332874
leaf_count=674 186 20 685 30 26 87 333 32 342 96 148 34 25 113 1535 53 26 351 205 438 443 22 3902 76 107 26 192 181 360 349
internal_value=0 0.00319089 -0.0010664 -0.00458831 -0.00863182 -0.00548043 -0.00370682 0.0037075 0.00414866 0.00224634 -0.00439394 -0.00303457 -3.90142e-05 -0.00405604 -0.00338522 -0.000937852 0.00596201 0.00557959 0.000821244 -0.00593264 -0.00646298 0.00602107 0.00560005 -0.00698655 -0.00520775 -0.00689261 -0.00702647 0.00755247 0.00842158 0.00951718
internal_weight=0 876.126 345.433 607.063 108.653 179.482 498.409 165.951 161.436 103.559 419.771 36.0498 78.6388 400.681 326.865 72.9345 530.693 479.151 56.5023 175.143 159.909 473.598 402.929 16.4321 30.1604 23.581 73.8157 57.877 70.6691 51.5414
internal_count=11097 7520 2324 3577 867 988 2710 1336 1304 781 2321 193 389 2173 1648 359 5196 4661 258 968 881 4635 3924 101 167 133 525 523 711 535
is_linear=0
shrinkage=0.01


Tree=175
num_leaves=31
num_cat=0
split_feature=2 0 0 1 1 0 13 1 1 1 0 0 1 1 13 0 2 1 0 1 1 1 1 3 2 2 13 1 1 1
split_gain=213.401 101.823 71.5446 23.9848 21.8397 19.7958 17.2436 12.7937 13.183 25.5007 12.4104 11.3895 11.0957 41.5846 10.7129 9.56495 8.43685 20.0105 8.35374 41.7213 8.10775 12.0621 8.08525 7.73568 6.96421 6.19862 6.04836 5.6747 19.0441 12.9676
threshold=65.500000000000014 4296066.5000000009 4301512.5000000009 174026445959.50003 174026438393.50003 4294665.5000000009 3.9052022367380075 2883033186372.5005 2384994529944.5005 2384994533778.0005 4277688.5000000009 5575758.5000000009 2482915552582.5005 2547630267620.5005 1.9691782978882646 5575758.5000000009 92.500000000000014 3475289746758.5005 4295326.5000000009 1862882903109.5002 4363500794354.0005 1862882928450.5002 702778653479.50012 58.500000000000007 60.500000000000007 93.500000000000014 2.9674747924529803 1861025319719.5002 702778649068.50012 1862882900096.0002
decision_type=2 2 2 2 2 2 2 2 2 2 2 2 2 2 2 2 2 2 2 2 2 2 2 2 2 2 2 2 2 2
left_child=4 7 3 23 24 6 -6 8 18 14 -11 12 22 -14 -10 27 17 -9 19 -2 21 -5 -4 -3 26 -20 -1 28 -7 -29
right_child=1 2 11 20 5 15 -8 16 9 10 -12 -13 13 -15 -16 -17 -18 -19 25 -21 -22 -23 -24 -25 -26 -27 -28 29 -30 -31
leaf_value=-0.010574124566270186 -0.0036345075436365216 0.0057540475551881368 0.0027088724853675857 -0.0046733011729001728 -0.011392533316865065 3.8169233784399402e-06 0.00011474618451676932 0.007643555032063285 -0.0081524695624887941 0.006173334085429482 0.00082395635142787143 -0.012041121482760384 -0.012010016071019987 0.005669381682269381 0.011385919839402904 -0.011976260973434379 0.01073882666060216 -0.022769981544559923 0.0041919086281715949 0.010439728801584605 -0.012290448320989784 0.002234487775508321 0.008811726938963621 -0.010984578453496997 0.0010178219712137224 0.010616607321187859 -0.0064718452614938816 0.0067627664916147003 -0.0070823679057225889 -0.0020081270169580783
leaf_weight=65.613834910094738 34.061304658651352 2.8880081474781027 35.680511943995953 63.238703325390816 50.433658853173256 70.906590349972248 17.554864510893822 13.427303679287435 22.449617326259617 169.62856043875217 58.265824496746063 4.4793058261275283 17.91519570350647 51.69535468518734 3.2071738913655272 10.508016698062418 75.226270012557507 2.5788204222917548 18.748684965074062 55.190382860600948 8.1065750867128354 42.110967397689819 55.436554372310638 62.757014244794846 8.4387371987104398 75.453858837485313 79.473106935620308 18.386745303869247 81.538782805204391 202.56725339591503
leaf_count=584 192 13 241 303 474 359 84 144 110 1578 472 32 87 453 30 82 1029 11 208 652 54 179 523 439 52 770 480 80 446 936
internal_value=0 0.00317208 -0.00105918 -0.00543722 -0.00455486 -0.00344781 -0.00842132 0.00593003 0.00521896 0.00374157 0.00480566 0.00368707 0.00412539 0.00111935 -0.00571011 -0.00256702 0.0093361 0.00274349 0.00726085 0.00506855 -0.00265363 -0.00191208 0.00642191 -0.0102482 -0.0078134 0.00933793 -0.00832705 -0.00230223 -0.00378639 -0.00127825
internal_weight=0 872.546 344.308 179.101 605.422 451.896 67.9885 528.238 437.005 253.551 227.894 165.207 160.728 69.6106 25.6568 383.907 91.2324 16.0061 183.454 89.2517 113.456 105.35 91.1171 65.645 153.526 94.2025 145.087 373.399 152.445 220.954
internal_count=11097 7520 2324 988 3577 2461 558 5196 4012 2190 2050 1336 1304 540 140 1903 1184 155 1822 844 536 482 764 452 1116 978 1064 1821 805 1016
is_linear=0
shrinkage=0.01


Tree=176
num_leaves=31
num_cat=0
split_feature=2 0 0 1 1 0 12 1 1 1 1 0 0 1 1 0 0 2 1 1 1 0 1 12 3 0 2 3 2 1
split_gain=209.873 100.341 70.3577 23.811 21.6474 18.9583 18.1895 12.7787 13.1071 21.4112 21.9225 14.5163 11.2262 10.9675 31.6089 10.7064 9.49864 8.40774 19.5795 8.03307 11.8362 7.99531 42.8921 7.99469 7.65161 7.25084 6.17275 5.80991 5.25996 5.19122
threshold=65.500000000000014 4296066.5000000009 4301512.5000000009 174026445959.50003 174026439498.00003 4296066.5000000009 2.9433833877757176 2883033186372.5005 1955683344136.5002 2452704926503.5005 2482915538113.0005 4295248.5000000009 5575758.5000000009 2482915549923.5005 2547630269000.5005 4305469.5000000009 5575758.5000000009 92.500000000000014 3475289746758.5005 4363500794354.0005 1862882928450.5002 4295326.5000000009 1862882903109.5002 2.9355504161835038 58.500000000000007 4297271.0000000009 93.500000000000014 27.500000000000004 60.500000000000007 702778648565.00012
decision_type=2 2 2 2 2 2 2 2 2 2 2 2 2 2 2 2 2 2 2 2 2 2 2 2 2 2 2 2 2 2
left_child=4 7 3 24 23 6 -6 8 21 11 -11 -10 13 15 -15 -4 25 18 -9 20 -5 22 -2 -1 -3 -7 -23 -27 -25 -8
right_child=1 2 12 19 5 16 29 17 9 10 -12 -13 -14 14 -16 -17 -18 -19 -20 -21 -22 26 -24 28 -26 27 -28 -29 -30 -31
leaf_value=-0.01011779406973258 -0.0035912124756724427 0.0056967010311810397 0.010611694872329188 -0.0046322881560833295 -0.011461769027193418 0.00019370299169179733 0.0074818025730940254 0.0076117858736951694 -0.0041934953020977724 0.010590783917516404 0.0032234160421886877 0.011429333742914459 -0.01201674156308279 -0.0072357201448057396 0.0062096638513729529 0.0034398885930726842 -0.011959492566416177 0.010728326407901105 -0.022416706344110193 -0.012262605923851292 0.0022128510003170789 0.0041639700239192012 0.010958634068085969 -0.0061637527109790211 -0.010953631940844605 -0.00053044380265367249 0.010592871981910159 -0.0038982347264012842 0.0057481296706819885 -0.0036222212507252207
leaf_weight=72.635456867516041 34.126886576414108 2.8879102766513816 36.929941765964031 63.161007195711136 48.939773604273796 92.224514737725258 6.3138146102428463 13.348905168473719 43.82909207046032 54.94773980230093 152.43992151319981 6.8813357278704634 4.4436881616711608 27.449419379234314 48.16584087908268 47.703189462423325 10.317177750170229 74.550281867384911 2.5931931883096686 8.0440449416637403 42.097558289766312 18.68605150282383 49.86640789359808 84.771402508020401 62.307229653000832 68.445333510637283 74.399591043591499 203.59730222821236 3.8765058368444434 12.637096270918844
leaf_count=646 192 13 347 303 462 415 27 144 244 600 1314 63 32 153 431 373 81 1029 11 54 179 208 625 508 439 299 766 1060 16 63
internal_value=0 0.00315382 -0.00105202 -0.00540121 -0.00452186 -0.00337866 -0.00824078 0.00589966 0.00518868 0.00375117 0.00517541 -0.0020735 0.00366175 0.00409652 0.0013288 0.00656933 -0.00249744 0.00931877 0.00272725 -0.0026307 -0.00189461 0.00728389 0.00504696 -0.00765819 -0.0102161 -0.00222944 0.00930233 -0.00305091 -0.00564286 7.7271e-05
internal_weight=0 868.859 343.19 178.498 603.758 442.475 67.8907 525.669 435.177 258.098 207.388 50.7104 164.692 160.248 75.6153 84.6331 374.584 90.4924 15.9421 113.303 105.259 177.079 83.9933 161.283 65.1951 364.267 93.0856 272.043 88.6479 18.9509
internal_count=11097 7520 2324 988 3577 2407 552 5196 4012 2221 1914 307 1336 1304 584 720 1855 1184 155 536 482 1791 817 1170 452 1774 974 1359 524 90
is_linear=0
shrinkage=0.01


Tree=177
num_leaves=31
num_cat=0
split_feature=2 0 0 1 1 0 12 1 1 1 0 0 1 1 12 0 2 1 0 1 1 0 0 0 3 2 2 12 1 1
split_gain=206.4 98.8864 69.1877 23.6383 21.4714 19.4847 17.0613 12.7615 13.0269 24.7967 12.3069 11.0647 10.86 40.1406 10.3472 9.40884 8.37838 19.1625 8.26186 40.8766 8.10899 7.98981 8.52306 8.14792 7.56872 6.85929 6.18 6.08633 5.59175 18.7865
threshold=65.500000000000014 4296066.5000000009 4301512.5000000009 174026445959.50003 174026438393.50003 4294665.5000000009 3.8142617563909882 2883033186372.5005 2384994529944.5005 2384994533778.0005 4277688.5000000009 5575758.5000000009 2482915552582.5005 2547630269000.5005 1.9393065999967327 5575758.5000000009 92.500000000000014 3475289746758.5005 4295326.5000000009 1862882903109.5002 702778653479.50012 4299148.5000000009 4296517.5000000009 4300146.5000000009 58.500000000000007 60.500000000000007 93.500000000000014 2.9355504161835038 1861025319719.5002 702778649068.50012
decision_type=2 2 2 2 2 2 2 2 2 2 2 2 2 2 2 2 2 2 2 2 2 2 2 2 2 2 2 2 2 2
left_child=4 7 3 24 25 6 -6 8 18 14 -11 12 20 -14 -10 28 17 -9 19 -2 -4 22 -5 -23 -3 27 -20 -1 29 -7
right_child=1 2 11 21 5 15 -8 16 9 10 -12 -13 13 -15 -16 -17 -18 -19 26 -21 -22 23 -24 -25 -26 -27 -28 -29 -30 -31
leaf_value=-0.010529504437504181 -0.0035485318186767589 0.0056399886381360634 0.0026296183946110004 0.0060824322538257855 -0.011361669423720593 2.6846010879363921e-05 0.00011198132949093658 0.0075800477804488274 -0.0079873988017932027 0.0061154068758773215 0.00077548294931861956 -0.011992700747840083 -0.010294496079858217 0.0061727599718097896 0.011354657371027605 -0.011931046234746204 0.010717922904257469 -0.022076122620382482 0.0041361381115136682 0.010409924643709264 0.0087611035966983462 0.0061610730887428338 -0.0054259120883761213 -0.0034954067812362284 -0.01092292448988012 0.0010396581281950641 0.010578915442245023 -0.0063904436425840953 -0.0012434791481120513 -0.0070202739867909767
leaf_weight=64.612335301935673 34.19165575504303 2.887780472636222 35.538212098181248 7.0755445659160605 49.571798525750637 70.848598465323448 17.54788239300251 13.27114015817642 22.565672188997272 168.23924548178911 58.052131436765194 4.4082477390766135 21.409170344471931 47.970248930156231 3.1521155163645735 10.338891699910162 73.879780061542988 2.6067987233400336 18.623984634876251 54.29425436258316 54.874120987951756 17.598948389291763 71.120554968714714 17.354537680745125 61.859813928604126 8.4072999879717809 74.221962347626686 78.919515341520309 220.70211005210876 81.166585296392441
leaf_count=584 192 13 241 33 474 359 84 144 110 1578 472 32 109 431 30 82 1029 11 208 652 523 81 341 81 439 52 770 480 1016 446
internal_value=0 0.00313566 -0.00104484 -0.00536542 -0.00448898 -0.00339191 -0.00836198 0.00586963 0.00515877 0.00368804 0.00474552 0.00363615 0.00406731 0.00109128 -0.00561673 -0.00252105 0.00930155 0.00271117 0.00720275 0.00501627 0.00635101 -0.00260796 -0.00438458 0.00136659 -0.0101842 -0.00773945 0.00928656 -0.00825368 -0.00226002 -0.00373587
internal_weight=0 865.196 342.097 177.897 602.115 450.176 67.1197 523.099 433.341 252.009 226.291 164.2 159.792 69.3794 25.7178 383.056 89.7577 15.8779 181.332 88.4859 90.4123 113.15 78.1961 34.9535 64.7476 151.939 92.8459 143.532 372.717 152.015
internal_count=11097 7520 2324 988 3577 2461 558 5196 4012 2190 2050 1336 1304 540 140 1903 1184 155 1822 844 764 536 374 162 452 1116 978 1064 1821 805
is_linear=0
shrinkage=0.01


Tree=178
num_leaves=31
num_cat=0
split_feature=2 0 0 1 1 0 12 1 1 1 1 0 1 1 0 2 1 1 12 1 1 3 0 0 0 3 2 1 1 12
split_gain=202.974 97.4499 68.0214 23.4801 21.2814 18.6511 18.0112 12.7457 13.0771 15.4472 39.6788 10.9062 10.716 39.3334 9.34276 8.3488 18.7587 8.06652 8.0082 7.97597 11.6348 7.487 7.20092 17.0043 7.13037 5.70272 5.12805 5.07786 11.2036 4.98166
threshold=65.500000000000014 4296066.5000000009 4301512.5000000009 174026445959.50003 174026439498.00003 4296066.5000000009 2.9433833877757176 2883033186372.5005 2547630292676.5005 2547630277329.5005 2482915554044.5005 5575758.5000000009 2482915552582.5005 2547630267620.5005 5575758.5000000009 92.500000000000014 3475289746758.5005 1119808862276.5002 2.9355504161835038 4363500794354.0005 1862882928450.5002 58.500000000000007 4277441.5000000009 4277480.5000000009 4297271.0000000009 27.500000000000004 60.500000000000007 702778648565.00012 702778654685.50012 1.961825938807811
decision_type=2 2 2 2 2 2 2 2 2 2 2 2 2 2 2 2 2 2 2 2 2 2 2 2 2 2 2 2 2 2
left_child=4 7 3 21 18 6 -6 8 9 10 -2 12 17 -14 24 16 -9 -4 -1 20 -5 -3 -10 -24 29 -26 -20 -8 -29 -7
right_child=1 2 11 19 5 14 27 15 22 -11 -12 -13 13 -15 -16 -17 -18 -19 26 -21 -22 -23 23 -25 25 -27 -28 28 -30 -31
leaf_value=-0.010068782347912078 0.0060235493712801607 0.0055839012659383118 0.0029710600106648477 -0.0045718249787103735 -0.011431992711901286 0.011053608218208517 0.0073926800875589102 0.0075483412762674959 0.0053552225975499902 0.011280577325938613 -0.0061647223728623661 -0.011968994247526845 -0.011574250604250904 0.0055678309849696685 -0.011914717124587047 0.01070761353254451 -0.021747537044978199 0.0089937812926135993 -0.0060829868331359564 -0.012230545296958885 0.002218853242020129 -0.010892450464475715 -0.024950584754596852 -0.00034528153453361113 -0.00050660637021429601 -0.0038451084240046607 0.0056839345953318262 -0.013696177885046928 0.0051976589781376151 -0.00028346176230292786
leaf_weight=71.577998988330364 315.7229827195406 2.8876196891069403 40.070319533348083 63.010218814015388 48.108123518526554 4.054238721728324 6.3250461518764522 13.194004513323305 15.312647968530653 44.056776538491249 29.178541488945484 4.3729860186576834 18.129710763692856 51.151662617921829 10.150747582316397 73.214734695851803 2.6196574568748465 49.971382595598698 84.205804705619812 7.9671272039413443 42.081439062952995 61.414784401655197 3.1793655008077648 24.089621186256409 68.400218978524208 203.06549260020256 3.8740089833736411 5.865149110555647 6.7509586364030838 88.113542541861534
leaf_count=646 3030 13 276 303 462 18 27 144 123 438 220 32 87 453 81 1029 11 488 508 54 179 439 21 180 299 1060 16 30 33 397
internal_value=0 0.00311731 -0.00103756 -0.00532797 -0.00445623 -0.0033233 -0.00817986 0.00583942 0.0051287 0.00570468 0.00499243 0.00361101 0.00403864 0.00108205 -0.00245213 0.00928442 0.00269525 0.00631355 -0.00758439 -0.00258398 -0.00185266 -0.0101525 -0.000132501 -0.00321408 -0.00218798 -0.00300392 -0.00556544 8.01481e-05 -0.00358597 0.000215229
internal_weight=0 861.626 341.057 177.361 600.491 440.834 67.0493 520.568 431.54 388.958 344.902 163.696 159.323 69.2814 373.784 89.0284 15.8137 90.0417 159.658 113.059 105.092 64.3024 42.5816 27.269 363.633 271.466 88.0798 18.9412 12.6161 92.1678
internal_count=11097 7520 2324 988 3577 2407 552 5196 4012 3688 3250 1336 1304 540 1855 1184 155 764 1170 536 482 452 324 201 1774 1359 524 90 63 415
is_linear=0
shrinkage=0.01


Tree=179
num_leaves=31
num_cat=0
split_feature=12 0 0 1 0 1 12 0 1 1 1 1 0 4 0 0 0 1 1 1 3 1 1 12 1 1 0 1 1 0
split_gain=191.457 99.5911 70.6039 24.0605 23.034 19.7792 18.0805 16.8038 12.6396 13.2471 21.0952 21.8835 14.2596 11.2787 10.5819 11.315 57.9303 10.3937 15.8713 14.5574 10.229 8.70837 10.9219 8.31899 18.3674 7.63937 25.6505 5.57143 5.32827 5.02078
threshold=1.9592252154137344 4296066.5000000009 4301512.5000000009 174026445959.50003 4296066.5000000009 174026438393.50003 3.8142617563909882 4296517.5000000009 2883033186372.5005 1955683344136.5002 2452704926503.5005 2482915538113.0005 4295248.5000000009 27.500000000000004 5575758.5000000009 4305780.0000000009 4305469.5000000009 1861025319719.5002 4092079265666.5005 702778648565.00012 56.500000000000007 4363500793924.5005 1862882928450.5002 1.9393065999967327 3475289746758.5005 1862882907023.5002 4295326.5000000009 2482915554044.5005 174026424700.00003 4295812.5000000009
decision_type=2 2 2 2 2 2 2 2 2 2 2 2 2 2 2 2 2 2 2 2 2 2 2 2 2 2 2 2 2 2
left_child=1 8 3 -3 6 7 -2 28 9 25 12 -12 -11 -7 15 16 -4 19 -19 -15 -8 22 -5 -10 -25 26 -1 -17 -6 -27
right_child=4 2 14 21 5 13 20 -9 23 10 11 -13 -14 17 -16 27 -18 18 -20 -21 -22 -23 -24 24 -26 29 -28 -29 -30 -31
leaf_value=-0.0003982530939914876 -0.011371242730724637 -0.010843214215233845 0.0056335859194628721 -0.0048460096682447669 0.0099076868371435287 0.0019689845198135022 -0.007853914242713431 -0.0084183253958172062 0.010697397450754778 -0.0042092985162625199 0.010556202324658823 0.0031391048247611498 0.011396371803979245 -0.0010580832723260877 -0.011945614551573905 0.010031952237385636 -0.013433530772049092 0.00040531691172318601 -0.0056245078031581675 -0.0077357644836196209 0.0026119630943690583 -0.012420859219042346 0.0020494522170200953 0.007516664669516439 -0.021430306795628188 0.010502501952181944 0.0097888064710180221 0.0036426848908391804 -0.0030572326640070598 0.0009346403052342922
leaf_weight=42.935127899050713 71.401977628469467 60.694005012512207 80.807374976575375 56.417049795389175 6.7130005806684476 53.772923246026039 19.292174249887466 99.909794047474861 72.555114112794399 43.777110710740089 53.983521111309528 151.1712264791131 6.7592438682913771 54.044529885053635 4.3379050120711318 33.87933748960495 19.848276063799858 136.97676286846399 64.069642595946789 82.452270306646824 18.100207164883614 8.8281852900981885 38.746411338448524 13.117494590580462 2.6317894756793967 66.713654577732086 58.252110168337822 22.854501776397228 6.005934439599514 5.9758308231830588
leaf_count=307 684 438 685 275 34 238 111 738 1029 244 600 1314 63 291 32 317 90 604 347 461 90 58 165 144 11 842 566 206 39 74
internal_value=0 0.00309496 -0.00123111 -0.00583998 -0.00424826 -0.0033474 -0.00842113 -0.00704016 0.00582167 0.00511334 0.00366522 0.00509081 -0.00212204 -0.00228454 0.00346207 0.00388673 0.00187374 -0.00296216 -0.00151627 -0.0050918 -0.00278779 -0.00291987 -0.00203848 0.00926738 0.00267947 0.00724286 0.0054663 0.00745812 0.0037856 0.00971592
internal_weight=0 844.285 326.413 164.686 612.739 503.945 108.794 112.629 517.872 429.568 255.691 205.155 50.5364 391.316 161.727 157.389 100.656 337.543 201.046 136.497 37.3924 103.992 95.1635 88.3044 15.7493 173.877 101.187 56.7338 12.7189 72.6895
internal_count=11097 7460 2266 936 3637 2752 885 811 5194 4010 2221 1914 307 1941 1330 1298 775 1703 951 752 201 498 440 1184 155 1789 873 523 73 916
is_linear=0
shrinkage=0.01


Tree=180
num_leaves=31
num_cat=0
split_feature=2 1 1 1 1 1 1 1 1 12 1 1 12 1 1 1 1 2 1 2 12 2 1 2 1 2 1 12 4 4
split_gain=196.418 64.6046 20.943 12.4795 12.6926 65.7821 61.8978 12.1951 15.2341 11.0699 17.5702 15.7464 15.1672 11.6919 19.5218 11.7385 8.01859 9.83273 7.59737 6.8048 6.13475 5.68572 5.5204 5.88958 5.26346 5.14867 3.93526 3.46673 4.2431 3.22877
threshold=65.500000000000014 1119808862276.5002 174026438393.50003 4092079271560.5005 2547630277329.5005 2482915554044.5005 2547630267620.5005 2547630292676.5005 2883033186372.5005 2.9433833877757176 702778648565.00012 4092079271560.5005 3.8061042970938286 1861025320257.0002 3704300934115.0005 1862882900096.0002 702778650644.50012 32.500000000000007 2452704926503.5005 60.500000000000007 2.9355504161835038 55.500000000000007 174026424700.00003 28.500000000000004 4363500793924.5005 30.500000000000004 174026432249.50003 3.8049765068063102 70.500000000000014 54.500000000000007
decision_type=2 2 2 2 2 2 2 2 2 2 2 2 2 2 2 2 2 2 2 2 2 2 2 2 2 2 2 2 2 2
left_child=2 27 19 4 5 18 -7 -6 -9 13 21 12 -12 16 15 -15 17 -4 -3 20 -1 29 23 -22 -16 -13 -21 28 -2 -11
right_child=1 3 9 -5 7 6 -8 8 -10 10 11 25 -14 14 24 -17 -18 -19 -20 26 22 -23 -24 -25 -26 -27 -28 -29 -30 -31
leaf_value=-0.010466379158347543 0.010020094383458841 0.0043997805968222217 -0.010579894760386914 -0.00316756563301228 0.011256899007963948 -0.017995713859040714 0.0026731035642710561 0.00062088606488558537 0.007211109630163322 -0.0022600698446433036 0.0013520883667743277 0.001152328379433253 -0.0058801839754088637 0.0093025986618299264 -0.005694314855274404 -0.0015777813120214359 -0.011210058078638402 -0.0019727471567568661 0.0075574275980991737 -0.0050880290089152305 -0.0099801894396032015 0.011516052584001823 -0.0082440383065556823 0.00023414135684453858 -0.012430186552711893 0.01241178305184977 0.0087028186640876123 -0.012382618961178746 -0.0019341688547161566 0.0046744075315997054
leaf_weight=63.190943330526352 3.0157405138015738 229.03828834742308 21.210548557341099 20.075423784554005 46.876943856477737 24.817265942692757 34.815941363573074 46.898216858506203 139.15429438650608 10.050958693027495 39.015395149588585 8.881566986441614 112.92864805459976 11.268959522247313 36.290135517716408 82.575252719223499 36.372937485575676 35.46490366011858 114.18340948969126 4.5834459960460645 7.9037705361843136 8.7705923914909345 50.447403430938721 19.752713724970818 17.051427252590656 7.4829875081777564 3.7719576805830002 3.1151513904333106 192.33633774518967 20.226583272218708
leaf_count=584 13 2062 180 149 473 129 301 356 1489 42 175 43 541 48 263 388 285 214 1161 29 50 42 318 112 119 31 23 14 1373 90
internal_value=0 0.00308245 -0.00439275 0.00459517 0.00484029 0.0037659 -0.00592854 0.00669844 0.00554991 -0.00330996 -0.00161723 -0.00301932 -0.00402312 -0.00477104 -0.00301697 -0.000271248 -0.00754566 -0.00519394 0.00545027 -0.00763127 -0.00814982 0.00442618 -0.00627557 -0.00268495 -0.00784754 0.00630092 0.0011377 -0.00191652 -0.00174963 0.00237243
internal_weight=0 854.327 597.241 655.86 635.784 402.855 59.6332 232.929 186.053 447.591 207.357 168.309 151.944 240.234 147.186 93.8442 93.0484 56.6755 343.222 149.65 141.295 39.0481 78.1039 27.6565 53.3416 16.3646 8.3554 198.467 195.352 30.2775
internal_count=11097 7520 3577 6120 5971 3653 430 2318 1845 2461 964 790 716 1497 818 436 679 394 3223 1116 1064 174 480 162 382 74 52 1400 1386 132
is_linear=0
shrinkage=0.01


Tree=181
num_leaves=31
num_cat=0
split_feature=2 1 1 3 1 1 1 1 1 1 4 2 13 2 3 2 13 1 1 1 2 1 13 1 2 13 1 13 3 1
split_gain=193.064 63.5727 20.7536 12.3835 12.2818 12.5601 64.6393 60.0775 12.1949 15.0588 9.91905 9.95029 12.0737 12.0534 8.44271 9.13642 8.03039 7.56297 5.66783 8.74254 5.03203 4.51734 5.89599 4.21264 4.1776 3.54853 14.3145 3.41467 4.1652 1.86198
threshold=65.500000000000014 1119808862276.5002 174026439498.00003 28.500000000000004 4092079271560.5005 2547630277329.5005 2482915554044.5005 2547630267620.5005 2547630292676.5005 2883033186372.5005 27.500000000000004 29.500000000000004 3.9310119931030352 56.500000000000007 58.500000000000007 54.500000000000007 2.9674747924529803 2452704926503.5005 4363500793924.5005 4092079265666.5005 60.500000000000007 174026424700.00003 3.925092705574396 174026437347.50003 59.500000000000007 1.9807272359141355 174026434482.00003 3.9006701118746991 57.500000000000007 702778654961.50012
decision_type=2 2 2 2 2 2 2 2 2 2 2 2 2 2 2 2 2 2 2 2 2 2 2 2 2 2 2 2 2 2
left_child=2 27 16 18 5 6 17 -8 -7 -10 14 12 -12 -13 15 -5 25 -3 19 24 21 22 -18 -23 -4 26 -1 28 -2 -30
right_child=1 4 3 10 -6 8 7 -9 9 -11 11 13 -14 -15 -16 -17 20 -19 -20 -21 -22 23 -24 -25 -26 -27 -28 -29 29 -31
leaf_value=-0.011613194845395197 0.0099419203324652688 0.0043676739015798566 0.00044975871660704652 -0.0035512301820011727 -0.0031359940434671609 0.011242832605423038 -0.017671353770666816 0.0026515587794353999 0.00061491682514065911 0.0071718284553414545 -0.0016299326352242466 -0.0089693072944646134 -0.0096411187285433547 -0.0030047499206598779 -0.0089533993818692436 0.0069266652749412081 -0.0053146938916349374 0.0075257073087374839 0.0081019180686315948 -0.013388312948967949 0.0056894980826713085 -0.0089279535871157369 0.0053887542287579101 -0.0018819869654392682 -0.0052630812055943664 -0.010890558705506004 0.016315645906608965 -0.012304416778889387 -0.0022420822517274352 0.0010448924513775141
leaf_weight=7.0279616639018041 3.0090922415256491 228.41785414516926 88.917831584811211 14.527899920940397 20.07476170361042 46.468284972012043 25.019033908843994 34.748185887932777 46.880046978592873 138.52048496156931 111.89016695320606 91.163748674094677 22.61486804485321 53.919808149337769 8.0229780673980695 19.481686800718307 20.769712403416637 113.521364800632 7.2653923928737631 5.4304587244987479 3.8733152002096167 45.312644496560097 6.8417785018682471 10.440564922988413 14.952972307801245 60.554927453398705 2.4836958199739456 3.103658363223075 173.18210479617119 19.138373121619225
leaf_count=59 13 2062 393 65 149 473 129 301 356 1489 623 661 120 303 35 88 124 1161 32 25 16 292 38 54 62 568 19 14 1263 110
internal_value=0 0.00305978 -0.00436173 -0.00324319 0.00456476 0.00480875 0.00373905 -0.00585577 0.00666199 0.00551386 -0.00425525 -0.00493617 -0.00297689 -0.0067526 0.000274032 0.00245082 -0.00747752 0.00541612 -0.0004508 -0.00101931 -0.00545263 -0.00597032 -0.00266251 -0.0076085 -0.000372647 -0.00999865 -0.00432038 -0.00189768 -0.00173233 -0.00191499
internal_weight=0 852.083 595.492 438.188 653.65 633.575 401.706 59.7672 231.869 185.401 321.621 279.589 134.505 145.084 42.0326 34.0096 157.305 341.939 116.567 109.301 87.238 83.3647 27.6115 55.7532 103.871 70.0666 9.51166 198.433 195.33 192.32
internal_count=11097 7520 3577 2407 6120 5971 3653 430 2318 1845 1895 1707 743 964 188 153 1170 3223 512 480 524 508 162 346 455 646 78 1400 1386 1373
is_linear=0
shrinkage=0.01


Tree=182
num_leaves=31
num_cat=0
split_feature=2 0 0 1 0 1 12 0 1 1 1 1 0 3 0 1 1 0 0 2 1 0 1 0 0 0 3 2 1 1
split_gain=189.741 93.4 65.6447 22.8101 20.7075 19.3057 16.8203 12.8096 12.6967 13.1288 20.8841 21.7769 14.1173 11.0736 10.6382 10.651 29.3286 10.7498 9.24342 8.42726 18.0923 8.04074 42.2375 7.77687 8.48661 8.00972 7.23843 6.29474 5.38811 17.9315
threshold=65.500000000000014 4296066.5000000009 4301512.5000000009 174026445959.50003 4294665.5000000009 174026438393.50003 3.8142617563909882 4296517.5000000009 2883033186372.5005 1955683344136.5002 2452704926503.5005 2482915538113.0005 4295248.5000000009 56.500000000000007 5575758.5000000009 2482915549923.5005 2547630269000.5005 4305469.5000000009 5575758.5000000009 92.500000000000014 3475289746758.5005 4295326.5000000009 1862882903109.5002 4299148.5000000009 4296517.5000000009 4300146.5000000009 58.500000000000007 93.500000000000014 1861025319719.5002 702778649068.50012
decision_type=2 2 2 2 2 2 2 2 2 2 2 2 2 2 2 2 2 2 2 2 2 2 2 2 2 2 2 2 2 2
left_child=4 8 3 26 6 7 -1 -6 9 21 12 -12 -11 -8 15 17 -17 -4 28 20 -10 22 -2 24 -5 -25 -3 -23 29 -7
right_child=1 2 14 23 5 18 13 -9 19 10 11 -13 -14 -15 -16 16 -18 -19 -20 -21 -22 27 -24 25 -26 -27 -28 -29 -30 -31
leaf_value=-0.011298801122846177 -0.0036419567087453914 0.0054218602918399139 0.010550766638592239 0.0061287395642548306 0.002345939748901558 6.8426126973993398e-05 -0.0084902763559300317 -0.0083948267259863225 0.0074241691444344457 -0.0042646192881460572 0.010516513073866947 0.0030521617216289865 0.011368514150997511 0.0026851155577164733 -0.011934394924430379 -0.0069427513207790462 0.0060342399745214707 0.003284052404987112 -0.01186407724230092 0.010675889347326018 -0.021328859639062531 0.0039492825849518813 0.010916857004837939 0.0061184776712543253 -0.0053781034660345456 -0.0034797157501877209 -0.010820947760180831 0.010527678557825895 -0.0011509048353103199 -0.0068449887466217356
leaf_weight=68.140911154448986 34.043596178293228 2.8742430657148352 36.00491327047348 7.0484474152326575 12.536215804517267 70.590055480599403 17.437814980745316 97.167483881115913 12.897240094840525 43.676598653197289 52.884561814367771 149.78897186368704 6.6568308919668189 18.039267525076866 4.3193638771772376 27.634840980172157 47.096749126911163 46.843294456601143 10.059965804219244 71.110610038042068 2.6356051117181769 18.214699022471905 48.057192601263523 17.514741003513336 70.701565712690353 17.264548659324646 60.364859446883202 72.214642278850079 219.83916905522346 80.076410710811615
leaf_count=674 192 13 347 33 74 359 103 733 144 244 600 1314 63 90 32 153 431 373 82 1029 11 208 625 81 341 81 439 766 1016 446
internal_value=0 0.00303727 -0.00104564 -0.00527726 -0.00432991 -0.00347147 -0.00839164 -0.00716744 0.00572903 0.00501858 0.00356811 0.00499987 -0.00219706 -0.00280785 0.00354849 0.00397289 0.00123551 0.00644209 -0.00240605 0.00921831 0.00254537 0.00714563 0.00487996 -0.0025767 -0.00433495 0.0013539 -0.0100827 0.00920263 -0.00214924 -0.00360592
internal_weight=0 849.848 337.668 175.768 593.887 490.269 103.618 109.704 512.181 425.537 253.007 202.674 50.3334 35.4771 161.899 157.58 74.7316 82.8482 380.566 86.6435 15.5328 172.53 82.1008 112.529 77.75 34.7793 63.2391 90.4293 370.506 150.666
internal_count=11097 7520 2324 988 3577 2710 867 807 5196 4012 2221 1914 307 193 1336 1304 584 720 1903 1184 155 1791 817 536 374 162 452 974 1821 805
is_linear=0
shrinkage=0.01


Tree=183
num_leaves=31
num_cat=0
split_feature=2 3 4 12 2 3 12 2 4 4 2 2 2 12 3 3 4 2 4 4 3 3 3 12 2 2 12 2 3 2
split_gain=186.58 20.4007 9.13841 15.7827 8.19015 6.84267 14.1891 8.04725 7.06359 6.77175 6.38049 10.1423 5.8992 5.73798 7.78602 7.48561 5.54628 4.51464 4.50254 4.36068 4.18023 4.13604 4.4472 2.99344 2.95706 2.93359 2.07284 1.53006 2.14229 0.605642
threshold=65.500000000000014 43.500000000000007 70.500000000000014 1.9842187211896343 32.500000000000007 31.500000000000004 3.8634103093146051 26.500000000000004 58.500000000000007 28.500000000000004 28.500000000000004 57.500000000000007 70.500000000000014 3.8061042970938286 58.500000000000007 57.500000000000007 56.500000000000007 86.500000000000014 54.500000000000007 33.500000000000007 34.500000000000007 29.500000000000004 32.500000000000007 3.8563738582511413 24.500000000000004 62.500000000000007 3.7971256265796032 22.500000000000004 70.500000000000014 71.500000000000014
decision_type=2 2 2 2 2 2 2 2 2 2 2 2 2 2 2 2 2 2 2 2 2 2 2 2 2 2 2 2 2 2
left_child=1 4 13 10 5 8 7 -7 16 -2 -4 -12 19 14 26 23 -1 29 -17 -11 21 25 -23 -15 -10 -6 -3 28 -5 -14
right_child=9 2 3 27 20 6 -8 -9 24 12 11 -13 17 15 -16 18 -18 -19 -20 -21 -22 22 -24 -25 -26 -27 -28 -29 -30 -31
leaf_value=-0.0059328291207653098 0.013820718760957454 0.011560574744860145 -0.0020761752818019221 -0.011284390893445517 0.00012115460486429067 0.0098701515395977091 -0.010391288794395191 -0.00093207025158785484 -0.0007966366675955616 -0.012021636338062375 -0.0086886781801195027 -0.0021033756485138995 0.0021209570635049887 -0.0087519770885688096 -0.0061050970569400441 -0.0068839825011252223 0.002115624798599453 0.002879116176335508 0.0024785807306642441 0.002144149249051399 0.0088302967090516556 -0.0063239716530869719 0.0021631882883651836 0.00032767127163599698 -0.0091803899286583297 -0.0079815247804974863 0.0031717973014185529 -0.01113780336412098 0.0010948579511600729 0.0070020851785586851
leaf_weight=19.972113877534866 5.7647045999765387 4.7126731425523776 45.558950573205948 3.1184470728039742 112.31143720448017 9.9331606775522214 11.904594883322714 22.557746529579163 4.6528213769197455 4.5408960729837418 71.924315936863422 34.656689807772636 2.7678199112415305 31.063958659768105 8.429497689008711 7.4642553031444576 14.986900195479391 797.98147712647915 16.470912009477615 4.1673939526081067 4.3774996548891059 24.782985880970955 8.2222651988267881 4.1116563081741324 43.916890218853951 4.653433382511138 7.855513721704483 72.158492423593998 2.5338071137666693 31.156817585229874
leaf_count=111 26 20 282 31 502 41 63 106 24 20 596 222 15 172 36 40 79 7120 82 22 23 123 41 20 259 19 32 636 17 317
internal_value=0 -0.004298 -0.00606872 -0.00708202 -0.00235296 -0.00422401 -0.00105163 0.0023704 -0.00591013 0.00301937 -0.00520844 -0.00654735 0.0029453 -0.00316007 0.00133036 -0.00475519 -0.00248246 0.00303101 -0.000441163 -0.00524253 -0.000802218 -0.00108338 -0.00420965 -0.00769066 -0.00837725 -0.00020121 0.00631732 -0.0107453 -0.00573499 0.00660385
internal_weight=0 592.331 310.059 229.951 282.272 127.924 44.3955 32.4909 83.5287 846.379 152.14 106.581 840.614 80.1085 20.9977 59.1108 34.959 831.906 23.9352 8.70829 154.348 149.97 33.0053 35.1756 48.5697 116.965 12.5682 77.8107 5.65225 33.9246
internal_count=11097 3577 2186 1784 1391 683 210 147 473 7520 1100 818 7494 402 88 314 190 7452 122 42 708 685 164 192 283 521 52 684 48 332
is_linear=0
shrinkage=0.01


Tree=184
num_leaves=31
num_cat=0
split_feature=2 0 0 1 0 1 12 1 1 1 0 1 0 1 1 0 12 0 2 1 12 0 1 1 1 2 2 0 1 4
split_gain=183.287 92.2333 64.4967 22.5891 20.5013 19.0307 16.8174 12.7051 13.0821 24.193 12.6927 11.9706 10.4818 10.5222 28.8156 10.7653 9.90754 9.13709 8.46292 17.7511 8.43473 8.31983 40.2969 7.71487 10.8547 6.33663 5.86624 5.31772 6.83113 5.78012
threshold=65.500000000000014 4296066.5000000009 4301512.5000000009 174026445959.50003 4294665.5000000009 174026438393.50003 3.8142617563909882 2883033186372.5005 2384994529944.5005 2384994533778.0005 4296517.5000000009 2547630292676.5005 5575758.5000000009 2482915549923.5005 2547630269000.5005 4305469.5000000009 1.9393065999967327 5575758.5000000009 92.500000000000014 3475289746758.5005 3.8241557396950614 4295326.5000000009 1862882903109.5002 4363500794354.0005 1862882928450.5002 93.500000000000014 102.50000000000001 4297271.0000000009 1861025320257.0002 28.500000000000004
decision_type=2 2 2 2 2 2 2 2 2 2 2 2 2 2 2 2 2 2 2 2 2 2 2 2 2 2 2 2 2 2
left_child=4 7 3 26 6 10 -1 8 21 16 -6 -11 13 15 -15 -4 -10 27 19 -9 -8 22 -2 24 -5 -23 -3 28 -7 -29
right_child=1 2 12 23 5 17 20 18 9 11 -12 -13 -14 14 -16 -17 -18 -19 -20 -21 -22 25 -24 -25 -26 -27 -28 29 -30 -31
leaf_value=-0.011273956108109105 -0.0036335540450411832 0.0029671964340296808 0.01052391262955988 -0.0044977756601095086 0.00237171025968021 -0.0029728520368730187 0.0082009953690941398 0.0073656344093415748 -0.0080035016758136131 0.0056803855280991066 -0.0083327480566687869 -0.00023669256116589906 -0.011916994151234837 -0.0068887739036126517 0.0059804297072254854 0.0032270397796585861 0.011281529117793121 -0.011828428201724271 0.010663288404231029 -0.02110353650930517 -0.0049299669327948483 0.0038860115607145087 0.01034221381847706 -0.012165463172748898 0.00207448798795613 0.010509024379681535 -0.010777928750304781 0.00039666878217415924 0.0023522428384383388 -0.0034777221526814252
leaf_weight=67.109699338674545 34.056227520108223 3.275541514158248 35.639651007950306 62.705139681696892 12.517515584826468 44.52526418864727 5.8657935410737982 12.760576277971266 22.55434434115887 178.63822594285011 96.262504786252975 42.282686576247215 4.2929500341415396 27.688203617930412 46.820633314549923 46.727902084589005 3.0207287147641173 9.9182199314236623 70.295885175466537 2.6439448595046988 29.464221611618996 18.079792954027653 52.335250772535801 7.8125257641077033 41.935991764068604 71.875032916665077 59.639574319124222 46.408271268010139 52.488615795969963 226.14128401130438
leaf_count=674 192 15 347 303 74 219 26 144 110 1726 733 324 32 153 431 373 30 82 1029 11 167 208 652 54 179 770 437 206 222 1174
internal_value=0 0.0029938 -0.00106728 -0.00526407 -0.00426688 -0.00341356 -0.00833411 0.0056813 0.00496971 0.00348197 -0.00710097 0.0045479 0.00349925 0.00392112 0.00119811 0.00638433 -0.0057257 -0.00235655 0.00919224 0.00247935 -0.00274985 0.00704927 0.00483285 -0.00257956 -0.00186387 0.00917788 -0.0100623 -0.00210234 -9.17503e-05 -0.00281801
internal_weight=0 845.081 336.538 175.369 590.701 488.262 102.44 508.543 422.842 246.496 108.78 220.921 161.169 156.876 74.5088 82.3676 25.5751 379.482 85.7004 15.4045 35.33 176.346 86.3915 112.454 104.641 89.9548 62.9151 369.563 97.0139 272.55
internal_count=11097 7520 2324 988 3577 2710 867 5196 4012 2190 807 2050 1336 1304 584 720 140 1903 1184 155 193 1822 844 536 482 978 452 1821 441 1380
is_linear=0
shrinkage=0.01


Tree=185
num_leaves=31
num_cat=0
split_feature=2 0 0 1 0 1 12 1 1 1 1 0 0 3 0 0 0 0 2 1 0 1 1 1 3 2 1 1 1 1
split_gain=180.24 90.8795 63.4214 22.4243 20.3616 18.8169 16.7819 12.6858 12.9896 20.4783 21.7701 13.769 12.5431 10.7486 10.332 10.5751 47.7513 9.06045 8.43086 17.3863 7.96751 41.5175 7.64476 10.6514 7.08803 6.30972 5.50901 5.22796 17.6565 12.5174
threshold=65.500000000000014 4296066.5000000009 4301512.5000000009 174026445959.50003 4294665.5000000009 174026438393.50003 3.8142617563909882 2883033186372.5005 1955683344136.5002 2452704926503.5005 2482915538113.0005 4295248.5000000009 4296517.5000000009 56.500000000000007 5575758.5000000009 4305780.0000000009 4305469.5000000009 5575758.5000000009 92.500000000000014 3475289746758.5005 4295326.5000000009 1862882903109.5002 4363500794354.0005 1862882928450.5002 58.500000000000007 93.500000000000014 2482915554044.5005 1861025319719.5002 702778649068.50012 1862882900096.0002
decision_type=2 2 2 2 2 2 2 2 2 2 2 2 2 2 2 2 2 2 2 2 2 2 2 2 2 2 2 2 2 2
left_child=4 7 3 24 6 12 -1 8 20 11 -11 -10 -6 -8 15 16 -4 27 19 -9 21 -2 23 -5 -3 -22 -17 28 -7 -29
right_child=1 2 14 22 5 17 13 18 9 10 -12 -13 -14 -15 -16 26 -18 -19 -20 -21 25 -23 -24 -25 -26 -27 -28 29 -30 -31
leaf_value=-0.011259717911495626 -0.0035902761093164494 0.0053165571866474791 0.0055230293814221374 -0.0044582369806511549 0.0023452060326488171 0.00012474375364679986 -0.0083747081526984856 0.0073341241301554264 -0.0042398693561169192 0.0104872480830505 0.0029743820651895619 0.011333424566262702 -0.008293654989682717 0.002668956058547358 -0.011894331937588326 0.0099729552321460441 -0.011347764623703583 -0.011807618449316992 0.010653462874294141 -0.020807937788989629 0.0038592844981511251 0.010894996801021196 -0.012139415818310755 0.0020543851715341629 -0.010770069475404527 0.010485891845131694 0.0035692068891974666 0.0068095843196411057 -0.0067527591290014143 -0.0018212321505545132
leaf_weight=66.525542795658112 34.121748402714729 2.8709343224763861 79.377093657851219 62.62902145087719 12.532316103577612 70.382060788571835 17.233255252242088 12.687613405287264 43.698085531592369 52.077535346150398 148.70342759042978 6.5250170826911917 95.751653216779232 18.037142664194107 4.2582918331027022 33.244103789329529 21.273270681500435 9.8367511704564077 69.660293027758598 2.6546352803707114 18.023237153887749 47.099603310227394 7.7513030916452399 41.922950029373169 59.612242102622986 70.870736390352249 22.544075682759285 18.336797207593918 79.485899366438389 201.00787098705769
leaf_count=674 192 13 685 303 74 359 103 144 244 600 1314 63 733 90 32 317 96 82 1029 11 208 625 54 179 439 766 206 80 446 936
internal_value=0 0.00297623 -0.00105995 -0.00522895 -0.0042356 -0.00338593 -0.0083033 0.00565162 0.00494033 0.00349448 0.00492303 -0.00221658 -0.00706236 -0.00272702 0.00347459 0.00389293 0.00195725 -0.00233567 0.00917547 0.00246477 0.00707369 0.00480962 -0.00255723 -0.00184682 -0.0100309 0.00914235 0.00738519 -0.00208331 -0.0035229 -0.00109971
internal_weight=0 841.605 335.483 174.786 589.129 487.333 101.796 506.122 421.119 251.004 200.781 50.2231 108.284 35.2704 160.697 156.439 100.65 379.049 85.0025 15.3422 170.115 81.2214 112.303 104.552 62.4832 88.894 55.7882 369.213 149.868 219.345
internal_count=11097 7520 2324 988 3577 2710 867 5196 4012 2221 1914 307 807 193 1336 1304 781 1903 1184 155 1791 817 536 482 452 974 523 1821 805 1016
is_linear=0
shrinkage=0.01


Tree=186
num_leaves=31
num_cat=0
split_feature=2 1 1 1 1 1 1 1 1 2 12 2 12 1 1 12 1 1 12 1 12 12 1 2 1 2 12 1 12 4
split_gain=177.262 60.257 20.0822 11.8354 12.4346 63.5985 57.7155 12.3999 14.6921 9.17686 12.1533 11.4862 12.2686 10.8227 8.33847 8.0861 8.05029 7.39619 6.68786 6.51743 14.7575 13.4689 5.03937 5.02833 4.49819 4.59477 3.58252 14.1543 3.23 4.03584
threshold=65.500000000000014 1119808862276.5002 174026439498.00003 4092079271560.5005 2547630277329.5005 2482915554044.5005 2547630267620.5005 2547630292676.5005 2883033186372.5005 52.500000000000007 2.8992772287801976 29.500000000000004 2.9318659306754946 4092079269933.5005 702778649068.50012 2.9355504161835038 1119808860540.0002 2452704926503.5005 1.9624772206723649 1861025319719.5002 2.9473409730097888 3.8370808819283586 4363500794354.0005 60.500000000000007 174026418940.50003 30.500000000000004 1.961825938807811 174026434482.00003 3.8049765068063102 70.500000000000014
decision_type=2 2 2 2 2 2 2 2 2 2 2 2 2 2 2 2 2 2 2 2 2 2 2 2 2 2 2 2 2 2
left_child=2 28 15 4 5 17 -7 -6 -9 11 18 19 -13 -14 -12 26 -16 -3 22 20 -4 -21 -11 24 25 -17 27 -1 29 -2
right_child=1 3 9 -5 7 6 -8 8 -10 10 14 12 13 -15 16 23 -18 -19 -20 21 -22 -23 -24 -25 -26 -27 -28 -29 -30 -31
leaf_value=-0.011557593119488809 0.0097842071382501592 0.0042538885675328783 -0.010027845708081625 -0.003176287590631717 0.011210803966338539 -0.017429425243812632 0.0025126585753276931 0.0005302305556497786 0.0070423804017841745 -0.00046455744782091359 0.0074034255710790017 -0.01083506223607318 -0.0055409579000606562 0.0068455558614654534 -0.0070539042097917948 -0.0063034607939073317 0.00075186961406427421 0.0074089576963276386 -0.0085534953392520808 0.0013656529671085965 -0.00014985946237393462 -0.0077554362830530932 -0.012816143494140135 0.0058512583254330189 -0.0066380662343421253 0.0077339774072975858 -0.010811144948051094 0.016312849918934315 -0.012082887942218632 -0.0019221769737696559
leaf_weight=6.8445876091718656 2.9915402084588996 224.80863707512617 29.961066335439682 19.781581662595272 45.528524145483971 25.154529139399529 34.304810725152493 46.564439550042152 135.33902979642153 28.802434876561165 15.490645602345465 44.168558947741985 56.654327630996704 8.0572779625654203 15.704193711280821 4.6481741368770582 83.266922488808632 110.97940194606781 27.907710112631321 68.393720597028732 30.541778534650803 21.210486084222794 3.7310641855001441 3.8797271996736518 72.700733877718449 4.6790565848350525 58.457750059664249 2.4833574369549751 3.0676127672195426 189.38044372200966
leaf_count=59 13 2062 243 149 473 129 301 356 1489 172 70 388 270 36 72 29 352 1161 197 320 153 111 23 16 454 25 568 19 14 1373
internal_value=0 0.00295963 -0.0042044 0.00443871 0.00468063 0.00360868 -0.00592393 0.00654354 0.00537537 -0.00310411 -0.00133441 -0.00429924 -0.00677196 -0.00399871 0.000581101 -0.00731062 -0.000486708 0.00529665 -0.00496196 -0.00250565 -0.00504145 -0.000793428 -0.00188108 -0.00527314 -0.00579929 0.000738497 -0.00989282 -0.00413771 -0.00190247 -0.00174013
internal_weight=0 837.901 587.584 642.461 622.679 395.247 59.4593 227.432 181.903 433.89 174.903 258.987 108.88 64.7116 114.462 153.693 98.9711 335.788 60.4412 150.107 60.5028 89.6042 32.5335 85.9077 82.028 9.32723 67.7857 9.32795 195.44 192.372
internal_count=11097 7520 3577 6120 5971 3653 430 2318 1845 2407 886 1521 694 306 494 1170 424 3223 392 827 396 431 195 524 508 54 646 78 1400 1386
is_linear=0
shrinkage=0.01


Tree=187
num_leaves=31
num_cat=0
split_feature=2 1 1 3 1 1 1 1 1 1 4 2 13 2 3 2 13 1 13 13 13 1 2 2 1 13 1 13 1 13
split_gain=174.226 59.2867 19.8897 11.8144 11.6462 12.3015 62.4844 56.0438 12.3974 14.5193 9.28928 9.7067 11.914 11.7423 8.18131 8.73077 8.08307 7.36052 5.6291 8.79145 7.85318 6.62408 6.26122 4.94402 4.46867 5.8754 4.23366 3.57833 13.8715 3.18227
threshold=65.500000000000014 1119808862276.5002 174026439498.00003 28.500000000000004 4092079271560.5005 2547630277329.5005 2482915554044.5005 2547630267620.5005 2547630292676.5005 2883033186372.5005 27.500000000000004 29.500000000000004 3.9310119931030352 56.500000000000007 58.500000000000007 54.500000000000007 2.9674747924529803 2452704926503.5005 3.9270473227132068 3.9169879158579222 3.9130545985152216 702778653924.50012 33.500000000000007 60.500000000000007 174026424700.00003 3.925092705574396 174026437347.50003 1.9807272359141355 174026434482.00003 3.9006701118746991
decision_type=2 2 2 2 2 2 2 2 2 2 2 2 2 2 2 2 2 2 2 2 2 2 2 2 2 2 2 2 2 2
left_child=2 29 16 18 5 6 17 -8 -7 -10 14 12 -12 -13 15 -5 27 -3 19 20 -4 22 -20 24 25 -18 -26 28 -1 -2
right_child=1 4 3 10 -6 8 7 -9 9 -11 11 13 -14 -15 -16 -17 23 -19 21 -21 -22 -23 -24 -25 26 -27 -28 -29 -30 -31
leaf_value=-0.011539727793778454 -0.0017229393620719396 0.0042224764073032391 -0.0017198909823921949 -0.0034272160792237953 -0.0031446520120280365 0.011197308316764257 -0.017123692564041362 0.0024921408888946106 0.00052510364860201906 0.0070033365812812876 -0.0014622188638867403 -0.0087987034552692404 -0.0094778743549901508 -0.0028633730899919204 -0.0088023304908694065 0.006836686424381999 -0.0051245748381412463 0.007377359839917246 -0.0034410291207726475 -0.008570025470357432 0.0066349793675109063 0.013742118678546458 0.00732283728223318 0.0057957861097943722 -0.0087548201043167063 0.0056268687285249098 -0.001640018898074938 -0.010792643462557839 0.015969833281096146 -0.012008501724222822
leaf_weight=6.7869214341044408 192.34871929883957 224.21921053528786 60.187556326389313 14.46183170378208 19.780785329639912 45.12956241518259 25.346630826592445 34.24169085174799 46.548963941633701 134.73564772307873 110.63315063714981 88.595921613276005 22.276653230190277 53.436450704932213 7.9765010327100745 19.411818787455559 20.41594031453133 110.34338579326868 12.475326418876653 14.930461466312407 13.836742073297499 5.2296220511198035 9.5340769290924055 3.8777021318674079 44.261720240116119 6.7677266895771018 10.312070451676844 57.974803358316422 2.5111884027719498 3.0558081418275824
leaf_count=59 1386 2062 263 65 149 473 129 301 356 1489 623 661 120 303 35 88 124 1161 60 68 58 23 40 16 292 38 54 568 19 14
internal_value=0 0.00293769 -0.0041745 -0.00307958 0.00440899 0.00464977 0.00358266 -0.0058517 0.00650742 0.0053399 -0.00407998 -0.00474806 -0.0028057 -0.00656567 0.000309124 0.00245467 -0.00727496 0.005263 -0.000352079 -0.00157006 -0.000158185 0.00362548 0.00122168 -0.00523714 -0.00576042 -0.00244786 -0.00741043 -0.00986901 -0.00411008 -0.00188379
internal_weight=0 835.75 585.894 432.986 640.346 620.565 394.151 59.5883 226.414 181.285 316.792 274.942 132.91 142.032 41.8502 33.8737 152.908 334.563 116.194 88.9548 74.0243 27.239 22.0094 85.6352 81.7575 27.1837 54.5738 67.2729 9.29811 195.405
internal_count=11097 7520 3577 2407 6120 5971 3653 430 2318 1845 1895 1707 743 964 188 153 1170 3223 512 389 321 123 100 524 508 162 346 646 78 1400
is_linear=0
shrinkage=0.01


Tree=188
num_leaves=31
num_cat=0
split_feature=12 0 0 1 0 1 12 0 1 1 1 1 4 0 0 0 3 1 1 1 12 12 1 1 1 0 1 12 1 1
split_gain=163.669 92.0975 65.8565 22.5704 21.9836 18.1523 18.1501 16.0599 12.5336 13.5029 23.617 11.577 10.1677 10.0575 11.2606 56.188 9.71001 9.69056 15.1387 13.7854 9.61074 8.53604 17.1255 8.23067 9.68218 8.02552 38.4271 6.10027 5.41988 5.07597
threshold=1.9592252154137344 4296066.5000000009 4301512.5000000009 174026445959.50003 4296066.5000000009 174026438393.50003 3.8142617563909882 4296517.5000000009 2883033186372.5005 2384994529944.5005 2384994533778.0005 2777491174764.5005 27.500000000000004 5575758.5000000009 4305780.0000000009 4305469.5000000009 56.500000000000007 1861025319719.5002 4092079265666.5005 702778648565.00012 1.9393065999967327 1.9393065999967327 3475289746758.5005 4363500793924.5005 1862882928450.5002 4295326.5000000009 1862882903109.5002 1.9374010811624021 2482915554044.5005 174026424700.00003
decision_type=2 2 2 2 2 2 2 2 2 2 2 2 2 2 2 2 2 2 2 2 2 2 2 2 2 2 2 2 2 2
left_child=1 8 3 -3 6 7 -2 29 9 25 20 -12 -7 14 15 -4 -8 19 -19 -14 -11 -10 -23 24 -5 26 -1 -27 -16 -6
right_child=4 2 13 23 5 12 16 -9 21 10 11 -13 17 -15 28 -17 -18 18 -20 -21 -22 22 -24 -25 -26 27 -28 -29 -30 -31
leaf_value=-0.0034439650436943474 -0.011264336102967471 -0.010711274196353357 0.005483364430843074 -0.0047486551387035348 0.0098527490963811193 0.0019689277793457018 -0.0075524186393320205 -0.0081190600968715863 0.010633075757214987 -0.0079533623174433341 0.0051782214761305415 -0.0026598735764135017 -0.00087796352725440772 -0.011883196098037655 0.0099330447832601931 -0.013383809656587831 0.0027353357030696864 0.00054075033175607454 -0.0053892045558769711 -0.0074304207649373514 0.0112422985402041 0.0072420413873624167 -0.020714413781346148 -0.012324476653628904 0.0017635453644589275 0.010468725212549664 0.010297082692893844 0.0040037927338070576 0.0035533063653363194 -0.0028616837410918301
leaf_weight=33.853602483868599 66.833584167063236 58.75483400374651 78.795887768268585 56.032701447606087 6.6947748810052854 53.41984423995018 18.72713240981102 95.434319354593754 68.285291191190481 22.58962015807629 196.85697083175182 20.838955014944077 53.479094997048378 4.2395839542150489 32.820198141038418 19.738499939441681 17.985526889562607 136.27599581331015 62.932097584009171 80.345659375190735 2.9487278982996932 12.477483034133909 2.6579491943120948 8.5795891880989057 38.529570698738098 70.016764797270298 51.027304984629154 18.439416579902172 22.408069349825382 5.9134983643889427
leaf_count=191 684 438 685 275 34 238 111 738 1029 110 1922 128 291 32 317 90 90 604 347 461 30 144 11 58 165 762 651 216 206 39
internal_value=0 0.00290819 -0.00128188 -0.00576423 -0.00397148 -0.00309414 -0.00816133 -0.0067177 0.00558903 0.00488051 0.00336066 0.00442792 -0.00208108 0.00331095 0.00372989 0.00170387 -0.00251245 -0.00273071 -0.00133259 -0.00481193 -0.00573698 0.00912708 0.00233258 -0.00294614 -0.00209525 0.00701325 0.00481665 0.00912106 0.00734456 0.00388946
internal_weight=0 819.891 319.899 161.897 598.042 494.495 103.546 108.043 499.992 416.571 243.234 217.696 386.453 158.002 153.763 98.5344 36.7127 333.033 199.208 133.825 25.5383 83.4207 15.1354 103.142 94.5623 173.337 84.8809 88.4562 55.2283 12.6083
internal_count=11097 7460 2266 936 3637 2752 885 811 5194 4010 2190 2050 1941 1330 1298 775 201 1703 951 752 140 1184 155 498 440 1820 842 978 523 73
is_linear=0
shrinkage=0.01


Tree=189
num_leaves=31
num_cat=0
split_feature=2 3 4 12 2 4 3 12 2 4 2 2 4 2 12 3 3 2 4 4 3 3 3 12 2 2 12 2 3 2
split_gain=168.488 19.7396 8.69297 15.8398 7.83031 6.73573 6.66677 13.8802 7.72996 7.07468 6.23346 9.93291 5.50211 5.46848 5.36035 7.45005 7.30641 4.4083 4.3938 4.21829 4.01511 3.94799 4.38904 2.98275 2.91756 2.90798 2.05482 1.56077 2.12499 0.574501
threshold=65.500000000000014 43.500000000000007 70.500000000000014 1.9842187211896343 32.500000000000007 28.500000000000004 31.500000000000004 3.8634103093146051 26.500000000000004 58.500000000000007 28.500000000000004 57.500000000000007 56.500000000000007 70.500000000000014 3.8061042970938286 58.500000000000007 57.500000000000007 86.500000000000014 54.500000000000007 33.500000000000007 34.500000000000007 29.500000000000004 32.500000000000007 3.8563738582511413 24.500000000000004 62.500000000000007 3.7971256265796032 22.500000000000004 70.500000000000014 71.500000000000014
decision_type=2 2 2 2 2 2 2 2 2 2 2 2 2 2 2 2 2 2 2 2 2 2 2 2 2 2 2 2 2 2
left_child=1 4 14 10 6 -2 9 8 -8 12 -4 -12 -1 19 15 26 23 29 -18 -7 21 25 -23 -16 -11 -6 -3 28 -5 -15
right_child=5 2 3 27 20 13 7 -9 -10 24 11 -13 -14 17 16 -17 18 -19 -20 -21 -22 22 -24 -25 -26 -27 -28 -29 -30 -31
leaf_value=-0.0057439407573920088 0.013708682325278202 0.011408001096874088 -0.001888745452817704 -0.011209896602665812 0.00022629240855901578 -0.011806288153318524 0.0098170645332509351 -0.01022902891037345 -0.0007805445244422728 -0.00066892685339807174 -0.0085188316547135344 -0.0019408368995478002 0.0023208707004712249 0.0021018665610263525 -0.0085975276240756043 -0.0059896694210955616 -0.0067366525161111114 0.0027578026330670048 0.0025557797214237942 0.0021838457749728431 0.0088053645539701991 -0.0061453675013122275 0.0023262024019445804 0.0005046449800075578 -0.0090279707925948766 -0.007846543954409058 0.0030477928221946762 -0.011048222113682926 0.0012994713722256526 0.0068766710104149519
leaf_weight=19.670328974723816 5.7261808812618247 4.6976242363452929 44.862985849380493 2.9759935364127159 111.82042381167412 4.4900269955396652 9.9319555759429914 11.719500556588171 22.418592229485512 4.623193383216857 69.601301483809948 34.252745129168034 14.842643812298773 2.747613236308097 30.574267499148846 8.4028290659189206 7.3776385635137585 782.4387616738677 16.398714289069176 4.1446915790438634 4.3351356983184806 24.4984510242939 8.1501951515674573 4.0807125866413108 43.116710558533669 4.6475548148155204 7.8574230968952179 69.42173009365797 2.4976399689912787 30.402108624577522
leaf_count=111 26 20 282 31 502 20 41 63 106 24 596 222 79 15 172 36 40 7120 82 22 23 123 41 20 259 19 32 636 17 317
internal_value=0 -0.00411473 -0.00588321 -0.00689245 -0.00219943 0.00290041 -0.0040433 -0.000904813 0.00247303 -0.00572486 -0.0050037 -0.0063493 -0.00227559 0.00282532 -0.00304052 0.00129823 -0.00459673 0.00290913 -0.000327598 -0.00509098 -0.000681541 -0.000957345 -0.00403058 -0.00752572 -0.00821847 -9.58472e-05 0.00617587 -0.0106429 -0.00550182 0.00648091
internal_weight=0 582.776 303.002 223.612 279.775 829.949 126.323 44.07 32.3505 82.2529 148.717 103.854 34.513 824.223 79.3892 20.9579 58.4313 815.588 23.7764 8.63472 153.452 149.117 32.6486 34.655 47.7399 116.468 12.555 74.8954 5.47363 33.1497
internal_count=11097 3577 2186 1784 1391 7520 683 210 147 473 1100 818 190 7494 402 88 314 7452 122 42 708 685 164 192 283 521 52 684 48 332
is_linear=0
shrinkage=0.01


Tree=190
num_leaves=31
num_cat=0
split_feature=2 0 0 1 0 1 4 1 1 1 1 0 0 0 1 1 0 3 0 2 1 0 1 0 0 0 3 2 0 1
split_gain=165.504 87.2462 61.1756 21.7311 19.804 17.9849 16.2805 12.6393 13.1238 20.1643 21.7645 13.5023 12.2892 10.0815 10.5338 23.0661 11.3523 9.67114 8.90452 8.56908 16.8051 8.01127 40.9537 7.52804 8.47109 7.8817 6.91115 6.39634 5.22587 6.44127
threshold=65.500000000000014 4296066.5000000009 4301512.5000000009 174026445959.50003 4294665.5000000009 174026438393.50003 70.500000000000014 2883033186372.5005 1955683344136.5002 2452704926503.5005 2482915538113.0005 4295248.5000000009 4296517.5000000009 5575758.5000000009 2482915543568.5005 2547630269000.5005 4305469.5000000009 56.500000000000007 5575758.5000000009 92.500000000000014 3475289746758.5005 4295326.5000000009 1862882903109.5002 4299148.5000000009 4296517.5000000009 4300146.5000000009 58.500000000000007 93.500000000000014 4297271.0000000009 1861025320257.0002
decision_type=2 2 2 2 2 2 2 2 2 2 2 2 2 2 2 2 2 2 2 2 2 2 2 2 2 2 2 2 2 2
left_child=4 7 3 26 6 12 17 8 21 11 -11 -10 -6 14 16 -16 -4 -1 28 20 -9 22 -2 24 -5 -25 -3 -23 29 -7
right_child=1 2 13 23 5 18 -8 19 9 10 -12 -13 -14 -15 15 -17 -18 -19 -20 -21 -22 27 -24 25 -26 -27 -28 -29 -30 -31
leaf_value=-0.0081965339589030149 -0.0036068632115946742 0.0052111948168168795 0.01104395028870349 0.0061672075143871527 0.0024393129826821769 -0.0027941462453547252 -0.0111873842770857 0.0071836534325823119 -0.0043145955319324174 0.010436803637248398 0.0028357012562874179 0.011288877098482017 -0.0081348782157149753 -0.011866126910071976 -0.0050964890340240701 0.0058519891812616369 0.0031776252959545021 0.0022637055405843069 -0.011744229190791503 0.010621039169731174 -0.02050459216369592 0.003713485273301214 0.010866515572621702 0.0060474016473263427 -0.005354956924614929 -0.0035043901401644851 -0.010709415402739529 0.010444468520451087 -0.0026890747073898642 0.0023918403135840122
leaf_weight=16.905170366168022 34.089842483401299 2.8594453185796729 31.691443286836147 7.0185541063547126 12.456937015056608 44.110195644199848 63.549374863505363 12.346884332597254 43.539688646793365 50.694232791662216 146.62371782213449 6.3553344681859008 93.380861654877663 4.213180646300315 33.128763407468796 45.908526077866554 43.565509080886841 18.524105340242386 9.5753929093480092 67.506659459322691 2.6652366220951071 17.718857422471046 45.838251739740372 17.408373832702637 70.214680798351765 17.148511543869972 58.716226629912853 69.471751980483532 270.29949331283569 52.403061091899872
leaf_count=103 192 13 310 33 74 219 671 144 244 600 1314 63 733 32 216 431 347 93 82 1029 11 208 625 81 341 81 439 766 1380 222
internal_value=0 0.00287567 -0.00109437 -0.00519968 -0.00408472 -0.00324843 -0.00815915 0.00552748 0.00481569 0.00335239 0.00478855 -0.00232712 -0.00689031 0.00339577 0.00381252 0.0012629 0.00649021 -0.00272742 -0.00222436 0.00910141 0.00226791 0.0069803 0.00469353 -0.00257206 -0.00430788 0.00130742 -0.0099701 0.0090766 -0.00197585 2.1649e-05
internal_weight=0 828.724 331.873 173.366 581.205 482.226 98.9787 496.85 414.332 247.213 197.318 49.895 105.838 158.507 154.294 79.0373 75.257 35.4293 376.388 82.5188 15.0121 167.119 79.9281 111.79 77.2332 34.5569 61.5757 87.1906 366.813 96.5133
internal_count=11097 7520 2324 988 3577 2710 867 5196 4012 2221 1914 307 807 1336 1304 647 657 196 1903 1184 155 1791 817 536 374 162 452 974 1821 441
is_linear=0
shrinkage=0.01


Tree=191
num_leaves=31
num_cat=0
split_feature=12 0 0 1 0 12 1 1 1 1 1 0 0 0 0 0 3 0 12 1 1 1 0 1 1 0 0 12 12 13
split_gain=155.365 89.6117 63.7099 22.1991 21.588 18.0981 17.6722 12.5154 13.352 23.0487 13.2985 11.6944 10.6547 9.77603 11.2461 55.2968 9.31194 9.16505 8.53485 16.4645 8.14937 9.5203 7.94982 37.7311 7.56357 7.07303 6.49305 6.11457 5.50516 5.85246
threshold=1.9592252154137344 4296066.5000000009 4301512.5000000009 174026445959.50003 4296066.5000000009 3.8142617563909882 174026439498.00003 2883033186372.5005 2384994529944.5005 2384994534721.0005 2482915538113.0005 4296517.5000000009 4277659.5000000009 5575758.5000000009 4305780.0000000009 4305469.5000000009 56.500000000000007 5575758.5000000009 1.9393065999967327 3475289746758.5005 4363500793924.5005 1862882928450.5002 4295326.5000000009 1862882903109.5002 174026424700.00003 4296552.0000000009 4301350.0000000009 1.9374010811624021 3.8001003313675121 3.9109110192711536
decision_type=2 2 2 2 2 2 2 2 2 2 2 2 2 2 2 2 2 2 2 2 2 2 2 2 2 2 2 2 2 2
left_child=1 7 3 -3 5 -2 11 8 22 12 -11 24 -10 14 15 -4 -7 25 -9 -20 21 -5 23 -1 -6 -8 -27 -24 -13 -30
right_child=4 2 13 20 6 16 17 18 9 10 -12 28 -14 -15 -16 -17 -18 -19 19 -21 -22 -23 27 -25 -26 26 -28 -29 29 -31
leaf_value=-0.0033940113829699198 -0.011227971820846391 -0.010660818697395196 0.0054057599458464224 -0.0047151921664431076 0.0097401945951737495 -0.0074202541063782016 0.0014446849600959156 0.010611573986363644 -0.0078248549243354424 0.0082780097663636785 0.0028131453269490941 -0.0096547064129368573 0.0064364762242545307 -0.011844161178257815 0.007289302990897745 -0.013345951027732875 0.0026805800083065756 -0.011729948244073708 0.0071522968579905109 -0.020228358729975068 -0.012296897715406268 0.0017463818609777962 0.010427712549991988 0.010263937616396671 -0.0050328593565934629 -0.0030016982080598594 0.00080035621657439525 0.003915391051882041 0.003752526555475318 -0.006536989296023964
leaf_weight=33.929456397891045 65.276608243584633 58.010618776082993 78.034198611974716 55.93004497885704 6.7090658098459226 18.498086415231228 58.924622938036919 66.89427225291729 24.350835561752323 64.008103936910629 146.32287940382957 58.508043803274632 6.6746358200907698 4.1789557337760916 54.707776807248592 19.695077300071716 18.016095742583275 9.4013602882623655 12.277353309094904 2.6745684146881095 8.5122754871845228 38.496735364198685 68.717214219272137 50.084524787962437 7.1688142120838165 255.94979752600193 54.477549500763416 18.245806865394115 6.6056063622236243 33.876885771751404
leaf_count=191 684 438 685 275 34 111 268 1029 124 700 1314 527 52 32 523 90 90 81 144 11 58 165 762 651 45 1288 268 216 28 213
internal_value=0 0.00284947 -0.00129528 -0.00571363 -0.00388263 -0.00807431 -0.00301473 0.00551293 0.00480392 0.00328935 0.00447622 -0.00648787 -0.00475676 0.00324533 0.00365899 0.00162679 -0.0024365 -0.00197974 0.00908488 0.0022545 -0.00292567 -0.00208088 0.00694193 0.00474811 0.00210897 -0.00173156 -0.00233447 0.00906136 -0.00769309 -0.00485803
internal_weight=0 811.745 317.566 160.95 593.413 101.791 491.622 494.18 412.333 241.356 210.331 112.868 31.0255 156.616 152.437 97.7293 36.5142 378.753 81.8462 14.9519 102.939 94.4268 170.977 84.014 13.8779 369.352 310.427 86.963 98.9905 40.4825
internal_count=11097 7460 2266 936 3637 885 2752 5194 4010 2190 2014 847 176 1330 1298 775 201 1905 1184 155 498 440 1820 842 79 1824 1556 978 768 241
is_linear=0
shrinkage=0.01


Tree=192
num_leaves=31
num_cat=0
split_feature=2 1 3 1 1 1 1 1 1 1 1 2 1 1 1 12 1 3 12 2 4 1 1 4 3 12 3 2 1 12
split_gain=160.117 55.8378 19.2774 13.3794 14.7615 11.1151 12.2607 61.9104 54.3839 12.5834 14.2261 7.7152 7.69208 7.30924 11.8433 7.59886 7.21096 6.51173 13.7001 7.56885 7.03457 5.74373 5.86918 5.44735 4.646 3.01916 3.91692 2.89354 2.64098 5.34487
threshold=65.500000000000014 1119808862276.5002 43.500000000000007 174026434482.00003 174026434801.50003 4092079271560.5005 2547630277329.5005 2482915554044.5005 2547630267620.5005 2547630292676.5005 2883033186372.5005 32.500000000000007 4092079271560.5005 1861025320257.0002 3704300934566.5005 3.7980938520108252 2452704926503.5005 31.500000000000004 3.8634103093146051 26.500000000000004 58.500000000000007 2777491175469.5005 1862882902321.5002 56.500000000000007 25.500000000000004 3.8049765068063102 57.500000000000007 24.500000000000004 174026418081.50003 2.8859711303220341
decision_type=2 2 2 2 2 2 2 2 2 2 2 2 2 2 2 2 2 2 2 2 2 2 2 2 2 2 2 2 2 2
left_child=2 25 11 28 -5 6 7 16 -9 -8 -11 17 21 15 -15 -6 -3 20 19 -19 23 22 -13 -1 -23 26 -2 -22 29 -4
right_child=1 5 3 4 13 -7 9 8 -10 10 -12 12 -14 14 -16 -17 -18 18 -20 -21 27 24 -24 -25 -26 -27 -28 -29 -30 -31
leaf_value=-0.0056601435880986222 0.0096692867290608438 0.0041081738397076122 -0.011254242088117374 0.015839708518075767 -0.0084976059786911542 -0.0031537711055327016 0.011167580059011559 -0.017017877301393623 0.0023461743512413597 0.00043329483691568771 0.0068831084497334672 -0.0013807003517803324 0.01066411265838507 -0.0011536010832407515 -0.0076740210179773085 -0.0023836395117016458 0.0072617774520612553 0.009751446918250542 -0.010165746818882498 -0.00073848591052500271 -0.00061339666983724762 -0.011988736935243112 0.003829998503764111 0.0023827863879538435 -0.0025394714904501802 -0.011795659896459903 -0.0018953275527519486 -0.0089523531312671965 -0.010417531570876984 0.0083019236806878092
leaf_weight=19.540632218122482 2.97550144791603 220.69382790476084 3.4578507319092742 3.4572428837418547 78.372340954840183 19.4700917750597 44.24158637970686 25.409211397171021 33.792549423873425 46.195085555315018 131.6697480417788 95.378384575247765 5.8064475357532492 83.065533064305782 41.911290995776653 27.447827577590942 107.983841560781 9.9311809539794904 11.643447816371916 22.376045659184456 4.6102574914693824 7.6355158984661129 27.95140615105629 14.797898471355436 16.335385158658028 3.0175470560789099 186.39347783476114 42.708524748682976 59.490297146141529 2.3455644622445107
leaf_count=111 13 2062 35 23 685 149 473 129 301 356 1489 462 24 402 339 140 1161 41 63 106 24 35 117 79 70 14 1373 259 545 17
internal_value=0 0.00284307 -0.00402511 -0.00578631 -0.00467054 0.00428411 0.00452152 0.00344869 -0.00596482 0.00639506 0.00520796 -0.00213227 -0.0006253 -0.00497778 -0.00334024 -0.00691175 0.00514426 -0.00396916 -0.000865638 0.0024861 -0.00563957 -0.00107032 -0.00019975 -0.00219411 -0.00554937 -0.00187175 -0.00171362 -0.00813989 -0.00978938 -0.00335023
internal_weight=0 821.842 578.263 299.548 234.254 629.456 609.986 387.879 59.2018 222.106 177.865 278.715 153.107 230.797 124.977 105.82 328.678 125.608 43.9507 32.3072 81.6573 147.301 123.33 34.3385 23.9709 192.387 189.369 47.3188 65.2937 5.80342
internal_count=11097 7520 3577 2186 1589 6120 5971 3653 430 2318 1845 1391 708 1566 741 825 3223 683 210 147 473 684 579 190 105 1400 1386 283 597 52
is_linear=0
shrinkage=0.01


Tree=193
num_leaves=31
num_cat=0
split_feature=2 0 0 0 13 4 0 3 0 0 0 0 3 13 3 0 0 13 13 0 0 0 13 13 0 2 2 13 0 0
split_gain=157.354 84.1055 59.0976 19.451 16.7891 13.5074 11.2629 10.0396 9.81993 10.279 45.4513 9.45041 9.18179 7.95745 8.36274 7.59278 75.8069 7.14288 14.9604 5.20923 5.02709 72.1265 4.34303 3.92239 2.93498 2.83332 1.80572 1.51324 1.48385 1.30884
threshold=65.500000000000014 4296066.5000000009 4301512.5000000009 4294665.5000000009 3.9052022367380075 28.500000000000004 4296552.0000000009 56.500000000000007 5575758.5000000009 4305780.0000000009 4305469.5000000009 5575758.5000000009 31.500000000000004 1.9807272359141355 56.500000000000007 4277344.0000000009 4277361.5000000009 1.9900653940409032 1.992077967200329 4296814.0000000009 4277441.5000000009 4277462.5000000009 2.9684910511611919 3.9120089853177893 4296517.5000000009 25.500000000000004 57.500000000000007 3.9166599721287061 4306603.0000000009 4277403.5000000009
decision_type=2 2 2 2 2 2 2 2 2 2 2 2 2 2 2 2 2 2 2 2 2 2 2 2 2 2 2 2 2 2
left_child=3 15 5 4 -1 -3 13 25 9 10 -4 17 -7 -5 22 -2 -17 26 -19 -14 29 -22 -15 -9 -16 -6 -8 -25 -11 -18
right_child=1 2 8 6 7 12 11 23 -10 28 -12 -13 19 14 24 16 20 18 -20 -21 21 -23 -24 27 -26 -27 -28 -29 -30 -31
leaf_value=-0.01116655316815111 0.0092590086058038645 0.012475283103097567 0.0053699614906738222 0.011782073981818804 -0.0032283783709125581 0.007346878006244853 -0.0078064276246075284 0.0088703452435779217 -0.011827761313745589 0.0061889872935670456 -0.011195606618366223 -0.011140225500074867 -0.0025958781426344696 0.0068796099493387787 -0.0030092943027983923 -0.031532303115438053 0.0066739957169468199 0.0042951278597778229 -0.0035419221148973623 -0.006945837804450356 -0.034869419259987502 0.0055444310472757717 -0.00010487583468321403 -0.0037064082662713839 -0.011439849057298257 -0.01157806604685181 -0.0045091782727726759 0.003758651350001265 0.0098226189001532436 0.0095132355287498062
leaf_weight=62.576089546084404 47.189970940351486 4.2470687031745902 77.6101034283638 5.6289700269699088 6.9938039332628277 5.3183295726776114 40.229481257498264 6.532629162073138 4.1524149104952803 38.409350268542767 21.056446984410286 16.980129882693291 35.119089096784592 11.196078985929487 9.2940952777862567 5.5962101966142646 32.915457915514708 26.588630050420761 290.32204190641642 127.39308123290539 4.469637766480445 368.38007625937462 43.463454827666283 7.0636193901300413 7.4312243536114684 9.7013353705406171 28.288219459354877 4.4112395942211151 15.88700997084379 32.040885291993618
leaf_count=674 535 20 685 30 42 22 333 29 32 342 96 148 204 55 50 26 351 113 1535 742 22 3902 199 38 55 61 192 23 181 360
internal_value=0 0.00282182 -0.00108837 -0.00399578 -0.00807283 -0.00513699 -0.00316852 -0.00249419 0.0033458 0.00375771 0.0018347 -0.00383904 -0.00558268 0.00033509 -0.000567548 0.00544559 0.00503974 -0.00351739 -0.0028844 -0.00600581 0.00550722 0.00505996 0.00132578 0.00268479 -0.00675507 -0.00808028 -0.00644513 -0.000836642 0.00725218 0.0080745
internal_weight=0 819.785 329.193 576.701 97.2787 172.078 479.422 34.7026 157.115 152.963 98.6666 402.409 167.83 77.0138 71.3849 490.592 443.402 385.428 316.911 162.512 437.806 372.85 54.6595 18.0075 16.7253 16.6951 68.5177 11.4749 54.2964 64.9563
internal_count=11097 7520 2324 3577 867 988 2710 193 1336 1304 781 2321 968 389 359 5196 4661 2173 1648 946 4635 3924 254 90 105 103 525 61 523 711
is_linear=0
shrinkage=0.01


Tree=194
num_leaves=31
num_cat=0
split_feature=2 0 0 1 0 1 12 1 1 1 1 0 0 0 1 1 0 0 2 1 0 1 12 0 0 0 2 2 2 1
split_gain=154.709 82.8223 58.0798 21.4274 19.3185 17.4789 16.7427 12.6189 13.1373 22.6413 21.6673 14.0747 11.9629 9.68695 10.7046 22.6629 11.1142 8.69325 8.61919 16.2089 8.31956 38.5663 7.78631 7.40145 8.35151 7.76385 6.45537 5.9501 5.47719 5.2375
threshold=65.500000000000014 4296066.5000000009 4301512.5000000009 174026445959.50003 4294665.5000000009 174026438393.50003 3.8142617563909882 2883033186372.5005 2384994529944.5005 2452704926503.5005 2482915538113.0005 4295248.5000000009 4296517.5000000009 5575758.5000000009 2482915543568.5005 2547630269000.5005 4305469.5000000009 5575758.5000000009 92.500000000000014 3475289746758.5005 4295326.5000000009 1862882903109.5002 3.8241557396950614 4299148.5000000009 4296517.5000000009 4299696.5000000009 93.500000000000014 62.500000000000007 102.50000000000001 174026441896.50003
decision_type=2 2 2 2 2 2 2 2 2 2 2 2 2 2 2 2 2 2 2 2 2 2 2 2 2 2 2 2 2 2
left_child=4 7 3 28 6 12 -1 8 20 11 -11 -10 -6 14 16 -16 -4 -7 19 -9 21 -2 -8 24 -5 -25 -22 -14 -3 -24
right_child=1 2 13 23 5 17 22 18 9 10 -12 -13 27 -15 15 -17 -18 -19 -20 -21 26 -23 29 25 -26 -27 -28 -29 -30 -31
leaf_value=-0.011153642084674842 -0.0035962445542042079 0.0027554563688917378 0.011008916781803869 0.0061876026790193481 0.002430041022310891 -0.0018915437860964708 0.0080023363750711205 0.0070662600659656604 -0.0054188525269765709 0.01038778789305006 0.0027164624810938585 0.011253754473067222 -0.0084382941815049697 -0.011806316251788102 -0.005143568484594953 0.0057574967167168681 0.0031641577471727554 -0.011680655657831831 0.010591707643285953 -0.020124603519145075 0.0035936486981933851 0.010234520560599527 -0.0083615844917561983 0.0089298789452652589 -0.0052650133155951418 -0.0016182956144752045 0.010403916027697309 0.0073699703917545645 -0.010609114538471303 0.00024932855828411013
leaf_weight=62.024802625179291 34.088214561343193 3.2403833568096152 31.132307201623917 7.0059291869401923 12.451667115092276 365.18521244078875 5.8881006687879553 12.08925776183605 38.723126515746117 49.359232224524021 144.91214726865292 5.8249218687415114 89.206981472671032 4.1185276210308066 33.010882161557674 45.162884041666985 43.010966204106808 9.3029452860355359 65.57584835216403 2.6779835373163214 17.4751106351614 49.346976831555367 16.256198719143871 9.7185141891241056 69.850997909903526 24.743944838643074 68.387732736766338 2.4462729766964904 57.156962551176548 12.491236403584479
leaf_count=674 192 15 310 33 74 1821 26 144 217 600 1314 59 720 32 216 431 347 82 1029 11 208 652 104 45 341 117 770 13 437 63
internal_value=0 0.00280457 -0.00108089 -0.00509636 -0.00396589 -0.00314233 -0.0080436 0.00541486 0.00470171 0.00319111 0.00466554 -0.00323881 -0.0067669 0.00332682 0.00373601 0.00115424 0.00645812 -0.00213472 0.0090374 0.0021353 0.00683264 0.00458383 -0.00247418 -0.00249439 -0.00422104 0.00135632 0.00901787 -0.00801636 -0.00989209 -0.00462
internal_weight=0 816.613 328.152 171.717 575.253 478.593 96.6603 488.461 408.117 238.819 194.271 44.548 104.105 156.436 152.317 78.1738 74.1433 374.488 80.3431 14.7672 169.298 83.4352 34.6355 111.319 76.8569 34.4625 85.8628 91.6533 60.3973 28.7474
internal_count=11097 7520 2324 988 3577 2710 867 5196 4012 2190 1914 276 807 1336 1304 647 657 1903 1184 155 1822 844 193 536 374 162 978 733 452 167
is_linear=0
shrinkage=0.01


Tree=195
num_leaves=31
num_cat=0
split_feature=2 0 0 0 12 4 0 3 0 0 0 0 3 12 3 0 0 12 12 0 0 0 12 2 2 12 0 0 0 0
split_gain=152.104 81.5976 57.0948 19.1882 16.697 13.2667 11.0358 9.85125 9.54893 10.2428 44.7042 9.30446 8.99812 7.77799 8.20662 7.58524 73.5004 7.07252 14.65 5.14738 5.03317 69.9793 3.74239 2.83027 1.79863 1.49668 1.48028 1.31066 1.18751 1.14199
threshold=65.500000000000014 4296066.5000000009 4301512.5000000009 4294665.5000000009 3.8142617563909882 28.500000000000004 5575758.5000000009 56.500000000000007 5575758.5000000009 4305780.0000000009 4305469.5000000009 4296552.0000000009 31.500000000000004 1.961825938807811 56.500000000000007 4277344.0000000009 4277361.5000000009 1.9802295125484259 1.9842187211896343 4296814.0000000009 4277441.5000000009 4277462.5000000009 3.8273192999520735 25.500000000000004 57.500000000000007 3.8364340687823169 4306603.0000000009 4277403.5000000009 4277300.0000000009 4277324.0000000009
decision_type=2 2 2 2 2 2 2 2 2 2 2 2 2 2 2 2 2 2 2 2 2 2 2 2 2 2 2 2 2 2
left_child=3 15 5 4 -1 -3 11 23 9 10 -4 13 -7 -5 -15 28 -17 24 -19 -14 27 -22 -9 -6 -13 -24 -11 -18 -2 -30
right_child=1 2 8 6 7 12 -8 22 -10 26 -12 17 19 14 -16 16 20 18 -20 -21 21 -23 25 -25 -26 -27 -28 -29 29 -31
leaf_value=-0.01114088828466955 0.011405485609248756 0.012424226804214455 0.0053103271345944251 0.011645609276643265 -0.003160426301177909 0.00729738489703917 -0.011096058031139149 0.0086907070016662528 -0.011785161245044751 0.0061471153897174613 -0.011146177677122502 -0.0077532435648509628 -0.0025295663929356181 0.0013249924570595403 -0.0066940081445281633 -0.030816737930030737 0.0066220231100825649 0.0042692512426374318 -0.0034854517855919622 -0.0068626875653228017 -0.034067556814100189 0.0054817383507427628 -0.0036463697585091821 -0.011533824318119184 -0.0044517301726148322 0.0037867108186559017 0.009793775817980863 0.0094780388896857602 0.0061415422676183761 0.010017531922833509
leaf_weight=61.477590374648571 16.223490744829178 4.2321927845478049 77.014252424240112 5.6460086405277243 6.9590838104486492 5.316105604171752 16.723202556371689 6.558085277676585 4.0848302170634261 38.185530044138432 21.010567277669907 39.883317083120346 34.987113490700722 54.658510021865368 16.649672418832779 5.6623028963804236 32.623360279947519 26.600061893463135 289.51200955361128 126.66699240356684 4.5294660925865164 365.07940247654915 7.0354524403810483 9.6124694198369962 28.146542616188526 4.4049200415611267 15.711567409336565 31.664097469300032 15.396463096141815 15.014124907553196
leaf_count=674 186 20 685 30 42 22 148 29 32 342 96 333 204 254 105 26 351 113 1535 742 22 3902 38 61 192 23 181 360 178 171
internal_value=0 0.00278763 -0.00107318 -0.00393583 -0.00801432 -0.00506069 -0.003116 -0.00245419 0.00330274 0.00370842 0.00178305 -0.00282658 -0.00550388 0.000347223 -0.000547356 0.00538596 0.00497912 -0.00346238 -0.00283291 -0.00592486 0.00544625 0.00499707 0.00266804 -0.00801749 -0.00638728 -0.000784389 0.00721016 0.00802872 0.00922071 0.00805517
internal_weight=0 813.402 327.209 573.867 96.0476 171.202 477.819 34.57 156.007 151.922 98.0248 461.096 166.97 76.9542 71.3082 486.193 439.559 384.142 316.112 161.654 433.896 369.609 17.9985 16.5716 68.0299 11.4404 53.8971 64.2875 46.6341 30.4106
internal_count=11097 7520 2324 3577 867 988 2710 193 1336 1304 781 2562 968 389 359 5196 4661 2173 1648 946 4635 3924 90 103 525 61 523 711 535 349
is_linear=0
shrinkage=0.01


Tree=196
num_leaves=31
num_cat=0
split_feature=12 0 0 1 0 12 1 0 1 1 1 1 0 4 0 0 0 1 1 1 3 12 1 1 1 0 1 12 1 1
split_gain=142.612 83.8659 59.3426 22.0741 20.9228 17.9541 17.148 15.1751 12.5327 13.4273 19.3095 21.6348 13.0154 9.72282 9.25977 10.9363 52.8905 9.23413 14.4986 13.7736 8.83167 8.63374 15.9155 8.10549 9.24903 7.64821 38.7943 6.16362 5.50088 4.81337
threshold=1.9592252154137344 4296066.5000000009 4301512.5000000009 174026445959.50003 4296066.5000000009 3.8142617563909882 174026438393.50003 4296517.5000000009 2883033186372.5005 1955683344136.5002 2452704926503.5005 2482915538113.0005 4295248.5000000009 27.500000000000004 5575758.5000000009 4305780.0000000009 4305469.5000000009 1861025319719.5002 4092079265666.5005 702778648565.00012 56.500000000000007 1.9393065999967327 3475289746758.5005 4363500793924.5005 1862882928450.5002 4295326.5000000009 1862882903109.5002 1.9374010811624021 2482915554044.5005 174026424700.00003
decision_type=2 2 2 2 2 2 2 2 2 2 2 2 2 2 2 2 2 2 2 2 2 2 2 2 2 2 2 2 2 2
left_child=1 8 3 -3 5 -2 7 29 9 25 12 -12 -11 -8 15 16 -4 19 -19 -15 -7 -10 -23 24 -5 26 -1 -27 -17 -6
right_child=4 2 14 23 6 20 13 -9 21 10 11 -13 -14 17 -16 28 -18 18 -20 -21 -22 22 -24 -25 -26 27 -28 -29 -30 -31
leaf_value=-0.0034229733897161024 -0.011170073715747479 -0.01056738190036742 0.0052767393587894737 -0.0045596252991437977 0.0095953553472832333 -0.007243016004895843 0.0020601733358250251 -0.0078831710793687646 0.010577138542097504 -0.0043254188416863249 0.010362462395347622 0.0026506256535164569 0.01123215815757646 -0.00064260886517631321 -0.011764291135852653 0.0098296692718926847 -0.013171442388720419 0.00065160054919350644 -0.0051863816742443647 -0.0072410184985211568 0.0026397479087076608 0.0070106715744371719 -0.019931803059659116 -0.012230093259687182 0.0018178982553830442 0.010368046240064783 0.010824358666848175 0.0037598552057112079 0.0033091174591603988 -0.0027925461279493958
leaf_weight=33.851819649338722 62.682039439678192 56.627455070614815 76.730849377810955 55.539706975221634 6.7244019955396634 18.161348074674606 53.217996299266815 92.040640965104103 64.628283832222223 43.435821458697319 48.67317807674408 144.00819406658411 6.1371896639466277 52.783033303916454 4.0513240396976462 31.796202942728996 19.487649261951447 135.63603192567825 61.979210428893566 78.957630597054958 18.009079053997993 11.969807118177412 2.6841909885406485 8.3480824008584005 38.505847424268723 66.572409242391586 43.891837053000927 17.912466198205948 21.814059168100357 5.878597803413868
leaf_count=191 684 438 685 275 34 111 238 738 1029 244 600 1314 63 291 32 317 90 604 347 461 90 144 11 58 165 758 624 216 206 39
internal_value=0 0.00276085 -0.00127345 -0.00555739 -0.00373797 -0.0079327 -0.0028869 -0.00647402 0.00537025 0.00465766 0.00316668 0.00459871 -0.00239937 -0.00190573 0.00315362 0.00355699 0.00154033 -0.00254655 -0.0011794 -0.00459731 -0.00232244 0.00900577 0.00207559 -0.00278668 -0.00194842 0.00688412 0.00462066 0.00896698 0.00717645 0.00381709
internal_weight=0 796.666 312.901 159.021 586.07 98.8525 487.218 104.644 483.765 404.483 242.254 192.681 49.573 382.574 153.88 149.829 96.2185 329.356 197.615 131.741 36.1704 79.2823 14.654 102.394 94.0456 162.229 77.7437 84.4849 53.6103 12.603
internal_count=11097 7460 2266 936 3637 885 2752 811 5194 4010 2221 1914 307 1941 1330 1298 775 1703 951 752 201 1184 155 498 440 1789 815 974 523 73
is_linear=0
shrinkage=0.01


Tree=197
num_leaves=31
num_cat=0
split_feature=2 1 1 3 1 1 1 1 1 1 4 2 2 1 4 1 1 2 1 2 2 12 1 12 14 3 1 12 3 3
split_gain=147.144 51.8868 18.8231 11.6875 10.5 12.3913 61.5517 52.8082 12.6079 14.2055 9.09323 7.5088 16.3059 8.0341 10.1934 7.98204 7.56068 6.99156 6.89511 5.39383 7.57535 4.82067 6.63199 5.78668 4.86422 4.45357 3.65307 2.94446 3.71861 2.216
threshold=65.500000000000014 1119808862276.5002 174026437347.50003 43.500000000000007 4092079271560.5005 2547630277329.5005 2482915554044.5005 2547630267620.5005 2547630292676.5005 2777491177929.0005 27.500000000000004 29.500000000000004 52.500000000000007 1861025320257.0002 70.500000000000014 2384994533412.5005 4363500793924.5005 60.500000000000007 2452704926503.5005 52.500000000000007 44.500000000000007 2.9355504161835038 174026424700.00003 3.8526111023106298 3.954845576055467 29.500000000000004 174026432249.50003 3.8049765068063102 57.500000000000007 32.500000000000007
decision_type=2 2 2 2 2 2 2 2 2 2 2 2 2 2 2 2 2 2 2 2 2 2 2 2 2 2 2 2 2 2
left_child=2 27 17 10 5 6 18 -8 -7 -10 29 13 -13 14 -5 -15 -14 21 -3 20 -12 -1 23 -23 -24 -21 -19 28 -2 -4
right_child=1 4 3 11 -6 8 7 -9 9 -11 19 12 16 15 -16 -17 -18 26 -20 25 -22 22 24 -25 -26 -27 -28 -29 -30 -31
leaf_value=-0.010086919562851564 0.0094632930887035647 0.0040018254457876105 0.003025139077058142 0.0015428658142325078 -0.003129407433722039 0.011132788863819038 -0.016957300141228555 0.0021788324711588241 -1.8140933117565e-05 0.006689413535659711 -0.002191927155322015 -0.010538757262111505 -0.0025007005216424955 0.0057624465903025725 -0.010232689993523631 -0.0028554370075450741 -0.012285256453726275 -0.0044203650723160957 0.0071213247619902696 0.0010607700474862133 -0.0096335973001299511 -0.0048550872459581593 -0.0035966226905406644 0.0059129676606657824 -0.010829151591998574 -0.0082037041593212463 0.0090742857443058787 -0.011678253706146459 -0.0018506788791340385 0.010534305592906908
leaf_weight=52.894053190946579 2.9518714696168891 217.04911935329437 10.863993793725969 11.700944721698763 19.156504154205322 43.184552609920502 25.442703664302826 33.289293132722378 41.397937506437302 133.05106538534164 118.45795270800591 49.353448323905468 83.876693725585938 18.505189701914787 19.774943560361862 25.637835144996643 8.7181464582681638 4.3558490946888906 105.19619092345238 66.609237745404243 15.465120851993559 19.881853029131893 13.671375818550585 6.6631715893745413 29.07507911324501 5.6271484941244116 3.7185332253575325 2.9874923825263968 183.05904525518417 6.1572836041450492
leaf_count=550 13 2062 45 58 149 473 129 301 328 1517 591 433 501 76 211 136 60 29 1161 282 72 124 92 38 200 24 23 14 1373 32
internal_value=0 0.00275567 -0.00387818 -0.00289114 0.00415839 0.00439161 0.00330419 -0.00611094 0.0062952 0.00509767 -0.00128333 -0.00454043 -0.00589637 -0.00199513 -0.00585521 0.000757264 -0.00342195 -0.00721794 0.00502018 -0.00186333 -0.00305127 -0.0078135 -0.00607807 -0.00215216 -0.00851601 0.000339076 0.00179439 -0.00182932 -0.00167113 0.00574151
internal_weight=0 806.766 571.008 440.748 617.767 598.611 380.977 58.732 217.634 174.449 223.181 217.567 141.948 75.6189 31.4759 44.143 92.5948 130.26 322.245 206.159 133.923 122.186 69.2915 26.545 42.7465 72.2364 8.07438 188.998 186.011 17.0213
internal_count=11097 7520 3577 2521 6120 5971 3653 430 2318 1845 1046 1475 994 481 269 212 561 1056 3223 969 663 1004 454 162 292 306 52 1400 1386 77
is_linear=0
shrinkage=0.01


Tree=198
num_leaves=31
num_cat=0
split_feature=2 0 0 1 0 1 12 1 1 1 1 0 0 3 0 1 1 0 2 1 0 0 1 0 0 0 2 3 2 0
split_gain=144.597 78.5942 55.1472 21.1164 18.7558 16.909 16.6335 12.5916 13.147 22.0094 13.0984 11.5977 10.1028 9.58103 9.30852 10.8118 22.2853 10.9119 8.66483 15.6353 8.52671 8.30543 37.8721 7.27418 8.23244 7.70752 6.49618 6.47753 5.88159 4.89559
threshold=65.500000000000014 4296066.5000000009 4301512.5000000009 174026445959.50003 4294665.5000000009 174026438393.50003 3.8142617563909882 2883033186372.5005 2384994529944.5005 2384994534721.0005 2482915538113.0005 4296517.5000000009 4277659.5000000009 56.500000000000007 5575758.5000000009 2482915543568.5005 2547630269000.5005 4305469.5000000009 92.500000000000014 3475289746758.5005 5575758.5000000009 4295326.5000000009 1862882903109.5002 4299148.5000000009 4296517.5000000009 4300146.5000000009 93.500000000000014 58.500000000000007 62.500000000000007 4297271.0000000009
decision_type=2 2 2 2 2 2 2 2 2 2 2 2 2 2 2 2 2 2 2 2 2 2 2 2 2 2 2 2 2 2
left_child=4 7 3 27 6 11 -1 8 21 12 -11 -6 -10 -8 15 17 -17 -4 19 -9 29 22 -2 24 -5 -25 -23 -3 -13 -7
right_child=1 2 14 23 5 20 13 18 9 10 -12 28 -14 -15 -16 16 -18 -19 -20 -21 -22 26 -24 25 -26 -27 -28 -29 -30 -31
leaf_value=-0.011104955748763025 -0.0035840521134494923 0.0049573250186498753 0.010974790383983602 0.0062056145315136516 0.0024059302156485031 0.00012296485754367288 -0.0079122753082278095 0.0069495644126812877 -0.0077578391154351804 0.0081157989839383774 0.0025992277828120916 -0.0083198849302963257 0.0062559009359066274 0.0026600360835429011 -0.011748457930778956 -0.0051832367105293896 0.0056719092305712775 0.0031386679597711813 0.010563304930405247 -0.019759612696484592 -0.011627933242046171 0.0034754631702184247 0.010191997815901514 0.0061000884023133728 -0.0051768652144674491 -0.003373062096575557 0.010359204435787655 -0.01055465033175588 0.0074151351352472897 -0.0025088276650927399
leaf_weight=59.91767056286335 34.0877845287323 2.826885074377059 30.586229369044304 6.9936398118734351 12.448094978928564 96.037109337747097 16.374016374349594 11.840366609394549 24.365488111972812 61.525744199752808 143.25646892935038 87.50563495606184 6.5212211683392516 17.98910591006279 4.0249447524547568 32.898457013070583 44.486558251082897 42.410923629999161 63.707341857254505 2.6895747780799857 9.0738906860351545 17.240068659186363 48.135512068867683 17.32277025282383 69.485700465738773 17.034305289387703 66.934976890683174 56.418076626956463 2.4418154656887046 267.70533277839422
leaf_count=674 192 13 310 33 74 441 103 144 124 700 1314 720 52 90 32 216 431 347 1029 11 82 208 652 81 341 81 770 439 13 1380
internal_value=0 0.00273491 -0.00106709 -0.00499505 -0.00384974 -0.0030414 -0.00792407 0.0053035 0.00458927 0.00306981 0.00425665 -0.00664073 -0.00479907 -0.00237767 0.00325961 0.0036613 0.00105709 0.00642205 0.00897399 0.00200554 -0.00205283 0.00674126 0.00448078 -0.00241893 -0.004136 0.00140328 0.00894933 -0.00981449 -0.00789272 -0.00181397
internal_weight=0 804.793 324.488 170.081 569.493 475.212 94.2808 480.305 402.067 235.669 204.782 102.396 30.8867 34.3631 154.407 150.382 77.385 72.9972 78.2373 14.5299 372.816 166.398 82.2233 110.836 76.4793 34.3571 84.175 59.245 89.9475 363.742
internal_count=11097 7520 2324 988 3577 2710 867 5196 4012 2190 2014 807 176 193 1336 1304 647 657 1184 155 1903 1822 844 536 374 162 978 452 733 1821
is_linear=0
shrinkage=0.01


Tree=199
num_leaves=31
num_cat=0
split_feature=2 0 0 1 0 1 12 1 1 1 1 0 0 3 0 1 1 0 2 1 0 0 1 1 1 2 3 2 0 1
split_gain=142.16 77.4228 54.2099 20.9739 18.6194 16.7212 16.5917 12.5656 13.0551 18.9037 21.449 12.7547 11.461 9.43202 9.17632 10.6715 21.8709 10.8835 8.62807 15.3237 8.45442 7.94276 39.2065 7.25782 9.33987 6.46752 6.41025 5.79834 4.80543 6.07485
threshold=65.500000000000014 4296066.5000000009 4301512.5000000009 174026445959.50003 4294665.5000000009 174026438393.50003 3.8142617563909882 2883033186372.5005 1955683344136.5002 2452704926503.5005 2482915538113.0005 4295248.5000000009 4296517.5000000009 56.500000000000007 5575758.5000000009 2482915543568.5005 2547630269000.5005 4305469.5000000009 92.500000000000014 3475289746758.5005 5575758.5000000009 4295326.5000000009 1862882903109.5002 4363500794354.0005 1862882928450.5002 93.500000000000014 58.500000000000007 62.500000000000007 4297271.0000000009 1861025320257.0002
decision_type=2 2 2 2 2 2 2 2 2 2 2 2 2 2 2 2 2 2 2 2 2 2 2 2 2 2 2 2 2 2
left_child=4 7 3 26 6 12 -1 8 21 11 -11 -10 -6 -8 15 17 -17 -4 19 -9 28 22 -2 24 -5 -23 -3 -14 29 -7
right_child=1 2 14 23 5 20 13 18 9 10 -12 -13 27 -15 -16 16 -18 -19 -20 -21 -22 25 -24 -25 -26 -27 -28 -29 -30 -31
leaf_value=-0.011092792622889822 -0.0035414942966711513 0.004908777215285042 0.010957917723320732 -0.0041844448002986527 0.0023790238408803338 -0.0026285831500564116 -0.0078689868105528086 0.0069183984283676756 -0.0043154208756616165 0.010324592235772 0.0025781415097082773 0.011204791851676102 -0.0082833892766802399 0.0026306822853470798 -0.011728080620939758 -0.0051174916781154371 0.0056365637282257729 0.0031108276626934301 0.010554310140267897 -0.019506444944398665 -0.011609694257765209 0.0034505303389894284 0.010805182304952794 -0.011987213201985069 0.0019426206761509483 0.010336759581555659 -0.010526678020064828 0.0073378136093149226 -0.0024860073068132624 0.0024216167703005652
leaf_weight=59.386199660599232 34.15211533010006 2.8262974321842185 30.328284963965416 61.687421202659607 12.462917573750017 43.736522801220417 16.299824059009552 11.775096088647841 43.432136923074722 47.657494269311428 142.98522087931633 6.0303165465593329 87.014729455113411 18.007839009165764 3.9917849153280249 32.987444333732128 44.31871285289526 42.362817473709583 63.126925759017467 2.6971981823444358 8.9976466298103315 17.191241599619389 43.071077041327953 7.3659396767616263 41.695284515619278 66.000953987240791 56.004390813410282 2.4428649544715872 267.4623346477747 52.302323207259178
leaf_count=674 192 13 310 303 74 219 103 144 244 600 1314 63 720 90 32 216 431 347 1029 11 82 208 625 54 179 766 439 13 1380 222
internal_value=0 0.00271818 -0.00105943 -0.00495988 -0.0038206 -0.00301607 -0.00789432 0.00527468 0.00456111 0.0030854 0.00451462 -0.00242324 -0.00660517 -0.00235779 0.00323591 0.00363414 0.00104768 0.0063848 0.00895773 0.00199361 -0.00203405 0.0067699 0.00446034 -0.00239666 -0.00171334 0.00891376 -0.00978514 -0.00785681 -0.00179703 0.000121733
internal_weight=0 801.688 323.568 169.579 568.113 474.419 93.6939 478.12 400.521 240.105 190.643 49.4625 101.921 34.3077 153.989 149.997 77.3062 72.6911 77.5992 14.4723 372.499 160.415 77.2232 110.749 103.383 83.1922 58.8307 89.4576 363.501 96.0388
internal_count=11097 7520 2324 988 3577 2710 867 5196 4012 2221 1914 307 807 193 1336 1304 647 657 1184 155 1903 1791 817 536 482 974 452 733 1821 441
is_linear=0
shrinkage=0.01


Tree=200
num_leaves=31
num_cat=0
split_feature=2 1 1 3 1 1 1 1 1 1 4 2 2 1 4 1 1 2 1 2 2 13 1 2 13 3 1 13 3 3
split_gain=139.773 49.9248 18.389 11.3083 10.2409 12.1907 60.1828 50.6929 12.7418 13.9458 8.96534 7.46758 16.0872 7.78033 10.0719 7.81483 7.52987 6.86768 6.80673 5.28324 7.48149 4.84929 6.5722 5.77499 4.88647 4.38632 3.58718 2.85592 3.62094 2.18857
threshold=65.500000000000014 1119808862276.5002 174026437347.50003 43.500000000000007 4092079271560.5005 2547630277329.5005 2482915554044.5005 2547630267620.5005 2547630292676.5005 2883033186372.5005 27.500000000000004 29.500000000000004 52.500000000000007 1861025320257.0002 70.500000000000014 1862882900096.0002 4363500793924.5005 60.500000000000007 2452704926503.5005 52.500000000000007 44.500000000000007 2.9674747924529803 174026424700.00003 28.500000000000004 3.9104172329531406 29.500000000000004 174026432249.50003 3.9006701118746991 57.500000000000007 32.500000000000007
decision_type=2 2 2 2 2 2 2 2 2 2 2 2 2 2 2 2 2 2 2 2 2 2 2 2 2 2 2 2 2 2
left_child=2 27 17 10 5 6 18 -8 -7 -10 29 13 -13 14 -5 -15 -14 21 -3 20 -12 -1 23 -23 -24 -21 -19 28 -2 -4
right_child=1 4 3 11 -6 8 7 -9 9 -11 19 12 16 15 -16 -17 -18 26 -20 25 -22 22 24 -25 -26 -27 -28 -29 -30 -31
leaf_value=-0.010029801867122086 0.0093473759640026032 0.0039327618899211809 0.0030445019900575705 0.001594097840482651 -0.0031444106220901648 0.011114056158060857 -0.016621924150703318 0.0021113202963970656 0.00025773638803742923 0.0067108465911018059 -0.0021373545938467393 -0.010474903232125542 -0.002439222300545192 0.012035745891126146 -0.010174952800651154 -0.00077945530746676317 -0.012251817708358899 -0.0043528300455756459 0.0070513129923893804 0.001082302441841935 -0.0095485014743236073 -0.0095682527638133938 -0.0034714938163371528 0.00086076865997182408 -0.01076201812900587 -0.0081197903677928084 0.0090421660396707033 -0.011553255677086555 -0.00183983472854952 0.010514007185461921
leaf_weight=51.756913147866726 2.9401387870311728 214.96166638284922 10.860973700881006 11.666638463735582 18.985512971878052 42.611373864114285 25.641444772481918 33.08176102489233 45.503397084772587 126.84101017192006 118.15366011857986 48.434384152293205 83.584241725504398 5.4277042597532263 19.302352845668793 38.593559354543686 8.6274227797985059 4.3358708471059781 103.77892921119928 66.561928957700729 15.396201640367506 7.3718174695968655 13.538615360856054 18.980632081627846 28.644726566970348 5.6170993000268927 3.7098525539040565 2.9656087160110465 181.21436024457216 6.1402939260005942
leaf_count=550 13 2062 45 58 149 473 129 301 356 1489 591 433 501 22 211 190 60 29 1161 282 72 50 92 112 200 24 23 14 1373 32
internal_value=0 0.00270179 -0.0037919 -0.00281723 0.00408507 0.00431676 0.00323424 -0.00606854 0.00621767 0.00500706 -0.00123688 -0.00444956 -0.00580839 -0.00190102 -0.00574132 0.000800625 -0.0033573 -0.00712111 0.00494813 -0.00181363 -0.00299174 -0.00771937 -0.00597457 -0.00205664 -0.00842215 0.000366179 0.00182355 -0.001818 -0.00166122 0.00574224
internal_weight=0 798.525 566.705 438.366 611.405 592.42 377.464 58.7232 214.956 172.344 222.73 215.636 140.646 74.9903 30.969 44.0213 92.2117 128.338 318.741 205.729 133.55 120.293 68.5358 26.3524 42.1833 72.179 8.04572 187.12 184.154 17.0013
internal_count=11097 7520 3577 2521 6120 5971 3653 430 2318 1845 1046 1475 994 481 269 212 561 1056 3223 969 663 1004 454 162 292 306 52 1400 1386 77
is_linear=0
shrinkage=0.01


Tree=201
num_leaves=31
num_cat=0
split_feature=2 1 1 3 1 1 1 1 1 1 4 2 13 2 13 3 2 1 13 13 13 1 2 2 1 2 13 1 1 1
split_gain=137.35 49.1072 18.2171 10.6965 10.0736 12.0524 59.1023 49.2497 12.7342 13.7728 8.4151 9.05108 11.9063 11.2987 8.05334 7.91324 8.1933 6.76933 5.77656 8.4573 7.60678 6.60347 6.06557 4.69396 4.36759 4.60275 3.70259 13.7471 2.94279 2.82612
threshold=65.500000000000014 1119808862276.5002 174026439498.00003 28.500000000000004 4092079271560.5005 2547630277329.5005 2482915554044.5005 2547630267620.5005 2547630292676.5005 2883033186372.5005 27.500000000000004 29.500000000000004 3.9310119931030352 56.500000000000007 2.9674747924529803 58.500000000000007 52.500000000000007 2452704926503.5005 3.9270473227132068 3.9169879158579222 3.9130545985152216 702778653924.50012 33.500000000000007 60.500000000000007 174026418940.50003 30.500000000000004 1.9807272359141355 174026434482.00003 174026437347.50003 702778647780.50012
decision_type=2 2 2 2 2 2 2 2 2 2 2 2 2 2 2 2 2 2 2 2 2 2 2 2 2 2 2 2 2 2
left_child=2 29 14 18 5 6 17 -8 -7 -10 15 12 -12 -13 26 16 -5 -3 19 20 -4 22 -20 24 25 -16 27 -1 -26 -2
right_child=1 4 3 10 -6 8 7 -9 9 -11 11 13 -14 -15 23 -17 -18 -19 21 -21 -22 -23 -24 -25 28 -27 -28 -29 -30 -31
leaf_value=-0.011406196953675682 -0.0010407778719955744 0.0039029351123494407 -0.0015184207483521154 -0.0065135947462301768 -0.0031131698368214778 0.011101746403265412 -0.01634156441098019 0.0020935062591706378 0.00025520090372631879 0.0066721456271138426 -0.0010960296637723824 -0.0084416396393940957 -0.0092146586296255988 -0.0025094736481086686 -0.0060006284857321334 -0.0085143312590544359 0.0052792185109797572 0.0070199857764532761 -0.0031247606657010423 -0.0082795535248087072 0.0067185207400145951 0.014063108756710126 0.0075189869852772227 0.0059455986469890846 -0.0070302288177685303 0.0082546697061486353 -0.010588183689457584 0.016416408199581005 -0.0011778050234387547 -0.0037894127671535115
leaf_weight=6.3072727322578412 135.39549851417542 214.44102487713099 59.732257351279259 7.6166501343250266 18.984279617667198 42.233928360044956 25.819633811712265 33.029895722866058 45.495968192815781 126.30366899073124 107.71094861626625 83.297778502106667 21.703799024224281 52.245010204613209 4.4828499779105169 7.8992283195257178 26.010912612080574 103.20252515375614 12.28321316838265 14.70622944831848 13.802289992570875 5.1940148025751105 9.4910373836755735 3.8768345564603797 59.213015027344227 4.5780835300683975 52.544186025857925 2.4718851298093796 10.05016568303108 51.687787637114525
leaf_count=59 1078 2062 263 35 149 473 129 301 356 1489 623 661 120 303 29 35 118 1161 60 68 58 23 40 16 400 25 568 19 54 322
internal_value=0 0.00268136 -0.00376398 -0.00271662 0.00405693 0.00428743 0.00321027 -0.00599469 0.0061822 0.00497281 -0.0036931 -0.00434909 -0.00245758 -0.00615508 -0.00684126 0.000492426 0.00260814 0.00491567 -0.000118948 -0.00135684 2.7637e-05 0.00393147 0.00151467 -0.00479529 -0.00532694 0.00120193 -0.00958379 -0.00357238 -0.00618104 -0.00180018
internal_weight=0 796.594 565.218 421.693 609.511 590.527 376.493 58.8495 214.034 171.8 306.484 264.958 129.415 135.543 143.524 41.5268 33.6276 317.644 115.209 88.2408 73.5345 26.9683 21.7743 82.2009 78.3241 9.06093 61.3233 8.77916 69.2632 187.083
internal_count=11097 7520 3577 2407 6120 5971 3653 430 2318 1845 1895 1707 743 964 1170 188 153 3223 512 389 321 123 100 524 508 54 646 78 454 1400
is_linear=0
shrinkage=0.01


Tree=202
num_leaves=31
num_cat=0
split_feature=2 1 1 3 1 1 1 1 1 1 12 12 1 12 12 2 1 12 13 12 1 2 2 1 2 12 1 3 1 12
split_gain=134.961 48.3028 18.0406 10.5224 9.90905 11.9152 58.0422 47.8606 12.7262 13.6106 8.04194 7.75821 20.3157 12.2587 11.5292 9.79093 6.73164 5.66074 8.3161 8.14341 6.44215 5.94039 4.61435 4.30616 4.5046 3.69649 13.4669 3.51259 2.91028 2.81056
threshold=65.500000000000014 1119808862276.5002 174026439498.00003 28.500000000000004 4092079271560.5005 2547630277329.5005 2482915554044.5005 2547630267620.5005 2547630292676.5005 2777491177929.0005 2.9355504161835038 2.9407542094424932 702778648565.00012 3.8634103093146051 1.9842187211896343 28.500000000000004 2452704926503.5005 3.8563738582511413 3.9169879158579222 3.8294395188611343 702778653924.50012 33.500000000000007 60.500000000000007 174026418940.50003 30.500000000000004 1.961825938807811 174026434482.00003 43.500000000000007 174026437347.50003 3.8049765068063102
decision_type=2 2 2 2 2 2 2 2 2 2 2 2 2 2 2 2 2 2 2 2 2 2 2 2 2 2 2 2 2 2
left_child=2 29 10 17 5 6 16 -8 -7 -10 25 14 -13 -14 15 -5 -3 18 19 -4 21 -19 23 24 -12 26 -1 -16 -25 -2
right_child=1 4 3 11 -6 8 7 -9 9 -11 22 12 13 -15 27 -17 -18 20 -20 -21 -22 -23 -24 28 -26 -27 -28 -29 -30 -31
leaf_value=-0.011390310025555328 -0.0016272699805891073 0.0038732725993710264 -0.0015566516874764397 0.0012717715466010141 -0.0030822332318913783 0.011089585606878489 -0.016069525827237936 0.0020758162307765336 -6.7868762965921773e-05 0.006526087965547228 -0.0059616483839071907 0.007224226227367795 -0.0016158262644023376 -0.0087982284766793921 -0.0042468696473102899 -0.0052773900226017936 0.0069886868923895755 -0.0030973408921949677 -0.0082200039572771361 0.007020013163742081 0.01387856195468236 0.0074355555029653984 0.005889093634962525 -0.0069897320623899962 0.0081395418909193541 -0.010571178047228071 0.016070826202867608 -0.010071128658525927 -0.0011666373103008175 -0.011466588208775851
leaf_weight=6.2531805261969549 184.10806959867477 213.9250318184495 59.941682323813438 33.642788715660572 18.983082830905914 41.859315685927868 25.993279308080673 32.978516660630703 41.227688945829868 130.03191631659865 4.467118486762045 20.596084922552109 90.060465082526207 32.28071716427803 13.472310647368429 71.005839385092258 102.63094403594732 12.268110007047659 14.664848655462263 13.578320935368536 5.2103669047355643 9.5015043765306455 3.874901831150054 58.961783848702908 4.596316322684288 52.10462860763073 2.4996475875377655 44.750015638768673 10.044935591518877 2.9496203809976569
leaf_count=59 1386 2062 264 174 149 473 129 301 328 1517 29 95 428 176 64 544 1161 60 68 57 23 40 16 400 25 568 19 414 54 14
internal_value=0 0.00266102 -0.00373599 -0.00269412 0.00402893 0.00425825 0.00318646 -0.00592219 0.00614682 0.00493871 -0.00680735 -0.00366433 -0.00196411 -0.00351096 -0.00515646 -0.00317194 0.00488332 -0.000117836 -0.00134415 2.73622e-05 0.0038904 0.00149982 -0.00476228 -0.00529095 0.00118945 -0.00956106 -0.00354791 -0.00872343 -0.0061421 -0.00178242
internal_weight=0 794.687 563.776 420.973 607.63 588.647 375.528 58.9718 213.119 171.26 142.803 305.808 142.937 122.341 162.871 104.649 316.556 115.165 88.1849 73.52 26.98 21.7696 81.9451 78.0702 9.06343 60.8575 8.75283 58.2223 69.0067 187.058
internal_count=11097 7520 3577 2407 6120 5971 3653 430 2318 1845 1170 1895 699 604 1196 718 3223 512 389 321 123 100 524 508 54 646 78 478 454 1400
is_linear=0
shrinkage=0.01


Tree=203
num_leaves=31
num_cat=0
split_feature=2 0 0 1 0 12 1 1 1 1 1 0 0 3 0 1 1 0 2 1 0 0 1 1 1 2 3 2 0 1
split_gain=132.621 74.8412 53.1617 20.4277 18.2171 16.6168 16.0514 12.4839 13.3493 18.7229 21.3115 12.6504 11.372 9.32159 9.08613 10.5332 20.585 10.8807 8.79303 15.1274 8.30806 8.05977 38.9907 7.09382 10.2575 6.55576 6.29899 5.61421 4.70959 5.91952
threshold=65.500000000000014 4296066.5000000009 4301512.5000000009 174026445959.50003 4294665.5000000009 3.8142617563909882 174026438393.50003 2883033186372.5005 1955683344136.5002 2452704926503.5005 2482915538113.0005 4295248.5000000009 4296517.5000000009 56.500000000000007 5575758.5000000009 2482915543568.5005 2547630269000.5005 4305469.5000000009 92.500000000000014 3475289746758.5005 5575758.5000000009 4295326.5000000009 1862882903109.5002 702778647780.50012 702778654961.50012 93.500000000000014 58.500000000000007 62.500000000000007 4297271.0000000009 1861025320257.0002
decision_type=2 2 2 2 2 2 2 2 2 2 2 2 2 2 2 2 2 2 2 2 2 2 2 2 2 2 2 2 2 2
left_child=4 7 3 26 5 -1 12 8 21 11 -11 -10 -6 -7 15 17 -17 -4 19 -9 28 22 -2 -5 -25 -23 -3 -14 29 -8
right_child=1 2 14 23 6 13 20 18 9 10 -12 -13 27 -15 -16 16 -18 -19 -20 -21 -22 25 -24 24 -26 -27 -28 -29 -30 -31
leaf_value=-0.011054739574891248 -0.0035909755018808443 0.0048323783114880741 0.010939323947821567 0.0072341505350595773 0.0025027166105271231 -0.0077683934156142862 -0.0025442999844841698 0.0067969924147511561 -0.0044055921032005599 0.010278541149734371 0.0024699114355813583 0.011177516474626536 -0.008164136943445149 0.0027161372848623108 -0.011722038006835037 -0.0049437135110854558 0.0055135518792600834 0.0030567572620308447 0.01053171595855816 -0.019511558211931262 -0.011561637763037287 0.0033459161638253461 0.010787258709598029 -0.0092881101296932583 -0.0014858084625788285 0.010318991340661495 -0.010486993067285092 0.0072582441135913382 -0.0024056770329562178 0.0024493797783265627
leaf_weight=57.68714278191328 34.066965371370316 2.8206550776958457 29.971320763230324 7.1144439727067939 12.378383003175257 16.090189456939697 43.502724230289459 11.525597371160982 43.27072286605835 46.434570759534836 141.33364062011242 5.9225182384252539 85.192363984882832 17.928882822394371 3.9796137437224379 33.056463442742825 43.721479535102844 42.121984489262104 61.586492650210857 2.6970478296279898 8.7880889102816564 16.987635500729084 42.252267435193062 21.210548087954521 81.957017548382282 65.34576853364706 55.417631834745407 2.4276621863245955 266.04532407969236 52.248321011662483
leaf_count=674 192 13 310 37 74 103 219 144 244 600 1314 63 720 90 32 216 431 347 1029 11 82 208 625 123 376 766 439 13 1380 222
internal_value=0 0.00264081 -0.00108047 -0.00495397 -0.00370853 -0.00778588 -0.00291395 0.00517762 0.00446526 0.0029622 0.00440096 -0.0025295 -0.00646932 -0.00224279 0.00319012 0.00358875 0.00101121 0.00633377 0.00889507 0.00180809 -0.00195457 0.00671022 0.00436918 -0.00242389 -0.00308991 0.00888026 -0.00974503 -0.00773683 -0.00172121 0.000180593
internal_weight=0 792.794 321.371 168.52 562.289 91.7062 470.583 471.423 395.614 236.961 187.768 49.1932 99.9984 34.0191 152.851 148.871 76.7779 72.0933 75.8091 14.2226 370.584 158.653 76.3192 110.282 103.168 82.3334 58.2383 87.62 361.796 95.751
internal_count=11097 7520 2324 988 3577 867 2710 5196 4012 2221 1914 307 807 193 1336 1304 647 657 1184 155 1903 1791 817 536 499 974 452 733 1821 441
is_linear=0
shrinkage=0.01


Tree=204
num_leaves=31
num_cat=0
split_feature=2 1 1 3 1 1 1 1 1 1 12 12 1 12 12 2 1 12 13 12 1 2 2 1 12 1 12 1 3 12
split_gain=130.385 46.9563 17.7173 10.3012 9.75321 11.7611 56.8632 46.2528 12.7814 13.409 8.03792 7.59737 19.9571 12.1083 11.425 9.62 6.6529 5.57061 8.16408 7.97536 6.28828 5.82069 4.5011 4.26679 5.83982 4.16019 3.70666 13.2286 3.49218 2.75844
threshold=65.500000000000014 1119808862276.5002 174026439498.00003 28.500000000000004 4092079271560.5005 2547630277329.5005 2482915554044.5005 2547630267620.5005 2547630292676.5005 2777491177346.5005 2.9355504161835038 2.9407542094424932 702778648565.00012 3.8634103093146051 1.9842187211896343 28.500000000000004 2452704926503.5005 3.8563738582511413 3.9169879158579222 3.8294395188611343 702778653924.50012 33.500000000000007 60.500000000000007 174026424700.00003 3.8526111023106298 174026437347.50003 1.961825938807811 174026434482.00003 43.500000000000007 3.8049765068063102
decision_type=2 2 2 2 2 2 2 2 2 2 2 2 2 2 2 2 2 2 2 2 2 2 2 2 2 2 2 2 2 2
left_child=2 29 10 17 5 6 16 -8 -7 -10 26 14 -13 -14 15 -5 -3 18 19 -4 21 -19 23 24 -12 -25 27 -1 -16 -2
right_child=1 4 3 11 -6 8 7 -9 9 -11 22 12 13 -15 28 -17 -18 20 -20 -21 -22 -23 -24 25 -26 -27 -28 -29 -30 -31
leaf_value=-0.011365623973291621 -0.0016129456038395421 0.003825538460397104 -0.0015281436031091178 0.001285645983073058 -0.0030863330606290718 0.011074720517244433 -0.015785222461065465 0.0020343285642175787 -0.00049461203919844978 0.0063465494109593767 -0.0046702212323301122 0.0071766267166824315 -0.0015840656687600776 -0.0087378791068945943 -0.0042041584800404097 -0.0052155332528261216 0.0069359584592233051 -0.0030487200241125475 -0.0081439824051119415 0.0069607172718165909 0.013729371620221031 0.0073803719964907087 0.0058279224762376892 -0.0082894843037091548 0.0062279831160208434 -0.0011073922793419656 -0.010541119307779734 0.015833396066758727 -0.010024132197107962 -0.011385694123221071
leaf_weight=6.165029361844061 183.16184905171394 212.69854092597961 59.888709083199501 33.601239860057831 18.928340889513493 41.397905968129635 26.16816782951355 32.853731036186218 36.47903673350811 133.51115217059851 19.540010243654255 20.593170449137688 89.942582130432129 32.105053752660751 13.445854023098944 70.551504366099834 101.61973190307617 12.241316825151449 14.611391633749006 13.576508790254591 5.2234134972095481 9.5083700418472272 3.8716158717870703 41.428963735699654 6.5701281279325476 10.014726959168909 51.315868183970451 2.5187240615487099 44.205132775008678 2.9344963878393164
leaf_count=59 1386 2062 264 174 149 473 129 301 300 1545 124 95 428 176 64 544 1161 60 68 57 23 40 16 292 38 54 568 19 414 14
internal_value=0 0.0026246 -0.00368052 -0.00264859 0.00397846 0.00420716 0.00313998 -0.00586621 0.00609193 0.00487847 -0.00674142 -0.00361191 -0.00192943 -0.0034659 -0.00509513 -0.00311816 0.00483114 -9.94534e-05 -0.00131716 4.06137e-05 0.00387679 0.00151059 -0.00469496 -0.00522028 -0.00192789 -0.00689132 -0.00951866 -0.00347654 -0.00866675 -0.00176705
internal_weight=0 789.753 560.919 419.494 603.657 584.728 373.34 59.0219 211.388 169.99 141.425 304.445 142.641 122.048 161.804 104.153 314.318 115.05 88.0766 73.4652 26.9731 21.7497 81.4254 77.5538 26.1101 51.4437 59.9996 8.68375 57.651 186.096
internal_count=11097 7520 3577 2407 6120 5971 3653 430 2318 1845 1170 1895 699 604 1196 718 3223 512 389 321 123 100 524 508 162 346 646 78 478 1400
is_linear=0
shrinkage=0.01


Tree=205
num_leaves=31
num_cat=0
split_feature=2 0 0 1 0 12 1 1 1 1 0 0 3 0 1 1 0 2 1 0 0 1 0 0 0 0 2 3 2 0
split_gain=128.121 73.2571 52.2129 20.1459 18.0257 16.5559 15.7132 12.4417 13.3946 21.3196 11.2308 10.9187 9.19344 8.97481 10.3936 19.9271 10.8592 8.81928 14.8598 8.47373 8.37558 36.9024 8.2218 7.05678 8.21485 7.58412 6.59264 6.24359 5.49669 4.65501
threshold=65.500000000000014 4296066.5000000009 4301512.5000000009 174026445959.50003 4294665.5000000009 3.8142617563909882 174026438393.50003 2883033186372.5005 2384994529944.5005 2384994533778.0005 4296517.5000000009 4277688.5000000009 56.500000000000007 5575758.5000000009 2482915543568.5005 2547630269000.5005 4305469.5000000009 92.500000000000014 3475289746758.5005 4277632.5000000009 4295326.5000000009 1862882903109.5002 5575758.5000000009 4299148.5000000009 4296517.5000000009 4300146.5000000009 93.500000000000014 58.500000000000007 62.500000000000007 4296552.0000000009
decision_type=2 2 2 2 2 2 2 2 2 2 2 2 2 2 2 2 2 2 2 2 2 2 2 2 2 2 2 2 2 2
left_child=4 7 3 27 5 -1 10 8 20 19 -6 -11 -7 14 16 -16 -4 18 -9 -10 21 -2 29 24 -5 -25 -22 -3 -12 -8
right_child=1 2 13 23 6 12 22 17 9 11 28 -13 -14 -15 15 -17 -18 -19 -20 -21 26 -23 -24 25 -26 -27 -28 -29 -30 -31
leaf_value=-0.011035077565715657 -0.0035782062725206645 0.0048009075267085753 0.010922176953435496 0.006238127935857575 0.0025160099985639455 -0.0077174404861827372 0.00086016711224792006 0.006736859783091265 -0.0092555575278680385 0.0053282961351143023 -0.0080994608510981912 0.00011655843554073602 0.0027136899615959852 -0.011707459409659476 -0.0048473056117322097 0.0054503367405367154 0.003020986976275195 0.01051871309996362 -0.019345282182313014 0.0038461891281777461 0.003295369251899178 0.01012759538188319 -0.011536801575785492 0.0060313985829979211 -0.0051604654104870328 -0.0033950365033568099 0.010306214422489768 -0.010455185600318804 0.0071786568609565893 -0.0021915728808018157
leaf_weight=56.79579745978117 34.08273346722126 2.8202314525842658 29.684981748461723 6.9604925364255896 12.361737079918383 15.987170837819574 59.932797469198704 11.404790535569189 18.639702036976818 150.28228104114532 84.267209678888321 54.87680796533823 17.919753074645996 3.9548823982477179 33.128959663212299 43.422545753419399 42.01239712536335 60.722461614757776 2.7018586397171012 6.7147868275642386 16.890860170125961 46.373676843941212 8.674469627439974 17.214361920952797 68.992596127092838 16.928542345762253 65.137548603117466 54.947591885924339 2.4225390851497641 301.0860770791769
leaf_count=674 192 13 310 33 74 103 274 144 90 1578 720 472 90 32 216 431 347 1029 11 50 208 652 82 81 341 81 770 439 13 1547
internal_value=0 0.00260458 -0.00108191 -0.00492785 -0.00365342 -0.00773403 -0.00286382 0.00512672 0.00441511 0.00286513 -0.00640098 0.00393424 -0.00220461 0.00315973 0.00355635 0.000993858 0.00629233 0.00886402 0.00174132 -0.00578574 0.00661405 0.00432158 -0.00191612 -0.00241843 -0.00411588 0.00135764 0.00886258 -0.00971038 -0.00767251 -0.00168495
internal_weight=0 787.895 320.068 167.864 559.448 90.7027 468.745 467.828 392.998 230.514 99.0515 205.159 33.9069 152.204 148.249 76.5515 71.6974 74.8291 14.1066 25.3545 162.485 80.4564 369.693 110.096 75.9531 34.1429 82.0284 57.7678 86.6897 361.019
internal_count=11097 7520 2324 988 3577 867 2710 5196 4012 2190 807 2050 193 1336 1304 647 657 1184 155 140 1822 844 1903 536 374 162 978 452 733 1821
is_linear=0
shrinkage=0.01


Tree=206
num_leaves=31
num_cat=0
split_feature=2 0 0 0 12 4 0 0 0 0 0 0 0 12 12 12 12 12 12 0 0 0 0 0 2 0 2 0 0 0
split_gain=125.952 72.154 51.3243 17.8892 17.7854 12.7038 11.008 8.94945 8.84788 10.339 43.3147 7.70944 70.734 7.37364 6.71961 7.75387 6.56522 13.6632 6.36828 5.3471 6.64977 5.0703 67.7265 3.14737 2.665 4.4041 1.76684 1.37983 1.3548 1.24206
threshold=65.500000000000014 4296066.5000000009 4301512.5000000009 4296066.5000000009 2.9433833877757176 28.500000000000004 4296552.0000000009 5575758.5000000009 5575758.5000000009 4305780.0000000009 4305469.5000000009 4277344.0000000009 4277361.5000000009 1.961825938807811 2.8901187184528765 2.9375842593472381 1.9802295125484259 1.9842187211896343 3.8241557396950614 4296517.5000000009 4298528.0000000009 4277441.5000000009 4277462.5000000009 4296517.5000000009 23.500000000000004 4277688.5000000009 57.500000000000007 4306603.0000000009 4277403.5000000009 4277300.0000000009
decision_type=2 2 2 2 2 2 2 2 2 2 2 2 2 2 2 2 2 2 2 2 2 2 2 2 2 2 2 2 2 2
left_child=3 11 5 4 -1 -3 13 16 9 10 -4 29 -13 -5 23 -16 26 -18 -6 -7 -21 28 -23 -15 -20 -26 -8 -11 -14 -2
right_child=1 2 8 6 18 19 7 -9 -10 27 -12 12 21 14 15 -17 17 -19 24 20 -22 22 -24 -25 25 -27 -28 -29 -30 -31
leaf_value=-0.011100137865954509 0.011365712580509458 0.012294223847981083 0.0051374042112287419 0.011733155444813797 0.0067368127413895574 0.00054196811478226712 -0.0074586123603448511 -0.010911895238505448 -0.011687631729715313 0.0060753324410865476 -0.011145558752505391 -0.03028005397404547 0.0063584110716146435 -0.0023115419700323451 0.0093704025929053098 -0.00037755617863848256 0.0042828914706665297 -0.0032164914247722713 0.0016701393979675573 -0.0080683634400668704 -0.0038418953366393532 -0.033570563047470754 0.005201695746977074 -0.0117329139223764 -0.0082456519723060617 0.0016971556381517898 -0.004124549108182861 0.0096691800323098452 0.0093351050099060289 0.0078470059254715993
leaf_weight=57.068031281232834 15.362381566315888 4.1927825659513465 74.630008205771446 5.6284846216440192 6.6112642586231223 14.141432076692579 37.979266069829464 15.59550805389881 3.9221399128437033 37.368684060871601 20.915327280759811 5.7085860371589652 31.14129688590765 8.6587493866682035 10.082207657396792 42.800589829683304 26.564393043518066 284.27829589694738 6.2613176405429867 72.302097395062447 76.735584191977978 4.5639676302671424 350.02435998618603 6.0048997551202765 17.261167451739315 6.0046439468860617 27.334034934639931 14.960380829870699 30.038617495447397 28.910305008292198
leaf_count=679 186 20 685 30 30 87 333 148 32 342 96 26 351 45 50 197 113 1535 34 438 443 22 3902 51 107 33 192 181 360 349
internal_value=0 0.00258844 -0.00107412 -0.00362551 -0.007624 -0.00489305 -0.00282391 -0.00348894 0.00313665 0.00352984 0.00157299 0.00509831 0.00468133 0.00073638 -0.000179955 0.00148091 -0.00318118 -0.0025756 -0.00213465 -0.00533466 -0.00589227 0.00516136 0.00470265 -0.00616968 -0.00412101 -0.00567953 -0.00606329 0.00710278 0.00781993 0.00906798
internal_weight=0 784.918 319.168 558.133 93.2064 167.372 464.926 391.751 151.797 147.874 95.5453 465.75 421.477 73.1749 67.5464 52.8828 376.156 310.843 36.1384 163.179 149.038 415.768 354.588 14.6636 29.5271 23.2658 65.3133 52.3291 61.1799 44.2727
internal_count=11097 7520 2324 3577 883 988 2694 2321 1336 1304 781 5196 4661 373 343 247 2173 1648 204 968 881 4635 3924 96 174 140 525 523 711 535
is_linear=0
shrinkage=0.01


Tree=207
num_leaves=31
num_cat=0
split_feature=12 0 0 1 0 12 1 1 1 1 1 0 0 12 1 0 0 0 0 3 1 1 0 1 1 1 1 12 12 12
split_gain=117.442 74.5385 53.5136 20.7436 19.541 17.7476 15.431 12.3478 13.6669 18.207 21.3096 12.4352 10.433 8.82855 14.5917 8.57427 11.0415 51.3231 8.3913 8.19694 7.7688 8.17466 7.70059 37.2208 7.13651 6.36512 19.1434 7.30464 6.29754 5.70698
threshold=1.9592252154137344 4296066.5000000009 4301512.5000000009 174026445959.50003 4296066.5000000009 3.8142617563909882 174026439498.00003 2883033186372.5005 1955683344136.5002 2452704926503.5005 2482915538113.0005 4295248.5000000009 4296517.5000000009 1.9393065999967327 3475289746758.5005 5575758.5000000009 4305780.0000000009 4305469.5000000009 5575758.5000000009 56.500000000000007 4363500793924.5005 4092079268914.0005 4295326.5000000009 1862882903109.5002 174026424700.00003 702778648565.00012 1861025319719.5002 2.9071922193652555 1.9374010811624021 3.8001003313675121
decision_type=2 2 2 2 2 2 2 2 2 2 2 2 2 2 2 2 2 2 2 2 2 2 2 2 2 2 2 2 2 2
left_child=1 7 3 -3 5 -2 12 8 22 11 -11 -10 24 -9 -15 16 17 -4 25 -7 21 -5 23 -1 -6 27 -27 -8 -24 -14
right_child=4 2 15 20 6 19 18 13 9 10 -12 -13 29 14 -16 -17 -18 -19 -20 -21 -22 -23 28 -25 -26 26 -28 -29 -30 -31
leaf_value=-0.0034027512720314953 -0.011057252963957378 -0.010394332486017855 0.0051042869412199878 -0.0030426489500459428 0.0095077308554643719 -0.0069237999517640413 -0.0038005230426315963 0.010505226599275486 -0.0044231915075942469 0.010237331210753795 0.0023475111152705609 0.011151346504939087 -0.0093187728706168576 0.0066818565117228255 -0.019168802765246278 -0.011668067746124671 0.0070690741442952995 -0.013160157950911633 -0.011508587726245936 0.0026938597536515538 -0.012129250814586471 0.0058201113504648015 0.010271103204564995 0.01076210473654063 -0.0048897281509941984 -0.0061021103460273856 -0.0004725357840525804 0.0038949084056915406 0.0034655029520929003 -0.0042681073518719406
leaf_weight=33.848754465579987 57.510541439056396 54.068935737013817 74.364412449300289 81.255263119935989 6.7161421328783018 17.528588838875294 17.620135605335236 59.851445179432631 43.18161840736866 45.348079219460487 139.66113552451134 5.8171012178063384 53.415261887013912 11.295875556766985 2.7067798376083365 3.8895922750234595 52.05426312237978 19.398394212126732 8.4484737962484342 17.922243744134903 8.0800743922591192 11.935894042253492 63.428882099688053 41.045877188444138 7.063909649848938 83.073999762535095 221.35352443903685 41.121644049882889 17.306784324347973 38.495489932596684
leaf_count=191 684 438 685 387 34 111 119 1029 244 600 1314 63 527 144 11 32 523 90 81 90 58 53 758 624 45 479 1040 186 216 241
internal_value=0 0.00255737 -0.00128143 -0.00539319 -0.00343224 -0.00762675 -0.00261531 0.00508387 0.00437326 0.00284592 0.0042814 -0.00257419 -0.00598683 0.00883288 0.0016848 0.00298506 0.00337592 0.00132559 -0.00165642 -0.00206157 -0.00272307 -0.00190751 0.0066698 0.00436027 0.00212733 -0.00142723 -0.00200877 0.00158659 0.00881223 -0.00720337
internal_weight=0 768.539 305.047 155.34 570.27 92.9614 477.309 463.492 389.638 234.008 185.009 48.9987 105.691 73.8541 14.0027 149.707 145.817 93.7628 371.618 35.4508 101.271 93.1912 155.63 74.8946 13.7801 363.169 304.428 58.7418 80.7357 91.9108
internal_count=11097 7460 2266 936 3637 885 2752 5194 4010 2221 1914 307 847 1184 155 1330 1298 775 1905 201 498 440 1789 815 79 1824 1519 305 974 768
is_linear=0
shrinkage=0.01


Tree=208
num_leaves=31
num_cat=0
split_feature=13 0 0 1 0 13 1 1 1 1 1 0 0 4 3 0 13 1 0 0 0 3 0 1 1 1 1 4 13 13
split_gain=115.482 73.4007 52.6345 20.6212 19.3665 17.6932 15.2409 12.3165 13.5729 20.6737 21.1881 12.9733 10.2995 9.22877 8.87924 10.4658 8.78863 14.3039 8.46004 10.8913 50.5096 8.06131 7.96683 35.0955 7.70144 8.09956 6.97998 6.91101 7.03348 6.30284
threshold=1.9794004226791928 4296066.5000000009 4301512.5000000009 174026445959.50003 4296066.5000000009 3.9052022367380075 174026439498.00003 2883033186372.5005 2384994529944.5005 2452704926503.5005 2482915538113.0005 4295248.5000000009 4296517.5000000009 27.500000000000004 27.500000000000004 4299125.5000000009 1.9691782978882646 3475289746758.5005 5575758.5000000009 4305780.0000000009 4305469.5000000009 56.500000000000007 4295326.5000000009 1862882903109.5002 4363500793924.5005 1862882928450.5002 174026424700.00003 59.500000000000007 3.9109110192711536 1.9681947398730444
decision_type=2 2 2 2 2 2 2 2 2 2 2 2 2 2 2 2 2 2 2 2 2 2 2 2 2 2 2 2 2 2
left_child=1 7 3 -3 5 -2 12 8 22 11 -11 -10 26 -8 -15 -16 -9 -18 19 20 -4 -7 23 -1 25 -5 -6 28 -14 -24
right_child=4 2 18 24 6 21 13 16 9 10 -12 -13 27 14 15 -17 17 -19 -20 -21 -22 -23 29 -25 -26 -27 -28 -29 -30 -31
leaf_value=-0.0033626676728150469 -0.011044349555923198 -0.010367253982303979 0.0050712944016740574 -0.0043547175999488329 0.0093826441034745266 -0.0068801162246586505 0.0022914773412624728 0.010496676410256662 -0.0054005721158049266 0.010222493281667496 0.0023280579243177076 0.011140160869415385 0.0063237992705917857 0.00035754619423598719 -0.0016528266961925741 -0.0060641631653348968 0.0066509095790956343 -0.018933120439517236 -0.011648761467458846 0.0070347664769957697 -0.013085919208142376 0.0026641060823300428 0.010258678189299122 0.010090432775631855 -0.012104064998449477 0.0016376571215799302 -0.0048535266749880155 -0.0094047886550020898 -0.0056983147992227664 0.0034406911211544576
leaf_weight=33.909409418702126 57.004490867257118 53.670059092342854 74.10105387121439 54.824632808566093 6.7375146895647031 17.463809631764889 51.401009306311607 59.303939085453749 38.654461279511452 44.96170137822628 139.42105630040169 5.4047690853476515 5.7848050594329825 91.548080921173096 141.56711419671774 86.729740768671036 11.235255800187586 2.7130373567342749 3.857240490615367 51.786390170454979 19.313784435391426 17.94108609855175 63.264433301985264 45.291491769254208 8.016238331794737 38.32305134832859 7.0455248132348061 55.012477703392506 30.652484841644764 17.257521860301495
leaf_count=191 684 438 685 275 34 111 232 1029 217 600 1314 59 24 406 747 520 144 11 32 523 90 90 762 651 58 165 45 540 204 216
internal_value=0 0.0025426 -0.00127349 -0.00535687 -0.00340628 -0.00759591 -0.00259373 0.0050559 0.00434616 0.00278257 0.00425311 -0.00337151 -0.00595296 -0.00164153 -0.00227359 -0.00332869 0.00881683 0.00167464 0.00296812 0.00335641 0.00131724 -0.00204367 0.00658248 0.00433057 -0.00269874 -0.00188932 0.00210549 -0.0071675 -0.00378968 0.00879744
internal_weight=0 765.31 303.892 154.834 568.888 92.4094 476.479 461.417 388.165 228.442 184.383 44.0592 105.233 371.246 319.845 228.297 73.2522 13.9483 149.058 145.201 93.4148 35.4049 159.723 79.2009 101.164 93.1477 13.783 91.4498 36.4373 80.522
internal_count=11097 7460 2266 936 3637 885 2752 5194 4010 2190 1914 276 847 1905 1673 1267 1184 155 1330 1298 775 201 1820 842 498 440 79 768 228 978
is_linear=0
shrinkage=0.01


Tree=209
num_leaves=31
num_cat=0
split_feature=2 0 0 1 0 12 1 1 1 1 1 0 0 1 1 0 0 2 1 0 1 0 12 1 1 2 0 2 1 1
split_gain=119.855 68.7979 48.7756 19.8597 17.4603 16.3662 15.1728 12.3836 13.1388 20.3236 21.0668 12.751 10.7999 8.96437 29.0892 9.35679 28.8722 8.74868 14.0239 8.24951 35.7748 7.99971 7.06186 7.01141 10.0367 6.58556 5.68155 5.40204 5.3257 5.17297
threshold=65.500000000000014 4296066.5000000009 4301512.5000000009 174026445959.50003 4294665.5000000009 3.8142617563909882 174026438393.50003 2883033186372.5005 2384994529944.5005 2452704926503.5005 2482915538113.0005 4295248.5000000009 4296517.5000000009 2482915552582.5005 2547630269000.5005 4305469.5000000009 4305780.0000000009 92.500000000000014 3475289746758.5005 4295326.5000000009 1862882903109.5002 5575758.5000000009 3.8241557396950614 702778647780.50012 702778654961.50012 93.500000000000014 4304568.0000000009 62.500000000000007 2482915547196.0005 174026441896.50003
decision_type=2 2 2 2 2 2 2 2 2 2 2 2 2 2 2 2 2 2 2 2 2 2 2 2 2 2 2 2 2 2
left_child=4 7 3 -3 5 -1 12 8 19 11 -11 -10 -6 15 26 28 -17 18 -9 20 -2 -8 -7 -5 -25 -21 -15 -14 -4 -24
right_child=1 2 13 23 6 22 21 17 9 10 -12 -13 27 14 -16 16 -18 -19 -20 25 -22 -23 29 24 -26 -27 -28 -29 -30 -31
leaf_value=-0.010990961095934728 -0.0034915536856593887 -0.0096086380402466889 0.010885151992174847 0.0073184876288754155 0.0024417805817617106 0.0077999722343994049 -0.001617975637183019 0.0066199888326479552 -0.0053322102819941342 0.010207710131669852 0.0023087360318646646 0.011127537754782455 -0.0079831423438726807 -0.017091686918587819 0.0050482677837834587 -0.0089305762837997363 0.0076754283096798761 0.010488189693874404 -0.018704213750227051 0.0031822978245678308 0.010076487325733271 -0.011478265481774462 -0.0080683142610015832 -0.009152878404985491 -0.0013855617734866551 0.010245848645291022 -0.0058446147997243741 0.0071927066696566167 0.00095822240062271653 0.00062158742999210003
leaf_weight=54.786326885223389 34.196407049894333 56.349083319306374 29.661676645278931 7.0834674388170233 12.387888818979262 5.9020524173974982 359.74929204583168 11.175158306956289 38.758010491728783 44.578468434512615 139.18320535868406 5.3570303842425337 82.618963710963726 6.2887113392353085 43.535445682704449 15.415355697274206 32.637255646288395 58.761126380413771 2.7187485843896857 16.678593151271343 45.013286281377077 8.4206086546182615 15.565114080905916 20.894003286957741 81.633292987942696 63.270006589591503 15.716021224856375 2.4141280353069297 6.6084647774696341 12.23502968251705
leaf_count=674 192 452 317 37 74 26 1821 144 217 600 1314 59 720 31 438 74 337 1029 11 208 652 82 104 123 376 770 78 13 61 63
internal_value=0 0.00254386 -0.00104953 -0.00478396 -0.003546 -0.00761791 -0.0027721 0.00501264 0.00430151 0.0027617 0.00422494 -0.00333345 -0.00628146 0.00308603 0.000311867 0.00524225 0.0023482 0.00880084 0.00166457 0.00650615 0.00421889 -0.0018435 -0.00213468 -0.00230368 -0.00296846 0.00877228 -0.0090589 -0.00755229 0.00907645 -0.00424383
internal_weight=0 775.513 315.823 165.96 554.079 88.4885 465.591 459.69 387.035 227.877 183.762 44.115 97.421 149.863 65.5402 84.3228 48.0526 72.655 13.8939 159.158 79.2097 368.17 33.7022 109.611 102.527 79.9486 22.0047 85.0331 36.2701 27.8001
internal_count=11097 7520 2324 988 3577 867 2710 5196 4012 2190 1914 276 807 1336 547 789 411 1184 155 1822 844 1903 193 536 499 978 109 733 378 167
is_linear=0
shrinkage=0.01


Tree=210
num_leaves=31
num_cat=0
split_feature=12 0 0 0 12 0 4 0 0 0 0 3 0 0 12 12 12 0 0 0 0 0 0 0 0 3 12 12 0 0
split_gain=111.514 71.2588 50.9342 19.065 17.5853 11.6681 9.71916 11.7093 8.3808 10.6781 49.361 7.89963 7.70521 68.1395 6.85662 7.82636 6.76836 6.43127 5.08342 65.588 4.6199 10.4878 7.78067 6.5584 6.09697 4.00327 6.24565 3.50285 3.25481 2.43352
threshold=1.9592252154137344 4296066.5000000009 4301512.5000000009 4296066.5000000009 3.8142617563909882 4296552.0000000009 28.500000000000004 4305671.5000000009 5575758.5000000009 4305780.0000000009 4305469.5000000009 56.500000000000007 4277344.0000000009 4277361.5000000009 1.961825938807811 2.8901187184528765 2.9375842593472381 4301350.0000000009 4277441.5000000009 4277462.5000000009 4296814.0000000009 4298528.0000000009 4298705.5000000009 4296552.0000000009 4296517.5000000009 60.500000000000007 3.793417084127396 3.8273192999520735 4296517.5000000009 4297326.0000000009
decision_type=2 2 2 2 2 2 2 2 2 2 2 2 2 2 2 2 2 2 2 2 2 2 2 2 2 2 2 2 2 2
left_child=1 12 20 4 -2 14 25 17 9 10 -4 -6 -1 -14 -5 28 -17 -8 -15 -20 23 29 -23 24 -3 26 -7 -13 -16 -22
right_child=3 2 8 5 11 6 7 -9 -10 -11 -12 27 13 18 15 16 -18 -19 19 -21 21 22 -24 -25 -26 -27 -28 -29 -30 -31
leaf_value=0.009010287278333657 -0.011020997867931648 -4.7770682860012444e-05 0.0050196423808162053 0.011657579703002068 -0.0068185216276842953 0.011459543858322246 -0.0040139488914655783 -0.010482270833012152 -0.011641295755243516 0.0069796247263974624 -0.012991548039316816 0.0084460719487528917 -0.02952284124220125 0.0077487339239170876 -0.0022507989912413724 0.0093481996924684001 0.00027976470135856796 8.8713017107073302e-05 -0.032835771047675488 0.0051023732371616882 -0.013470174017107572 0.0043477708127651147 -0.005116142254067208 0.0054179837661940834 -0.010024773002436862 -0.00892488000989646 -0.00011674652473379531 -0.00072102918065873752 -0.011706468247970883 -0.0084341719537345851
leaf_weight=43.370794951915741 56.010449580848217 13.294225454330444 73.555032089352608 5.6353573501110068 17.358013920485973 5.0484924912452689 258.55857605487108 25.350097164511681 3.844659060239791 51.299729652702808 19.184584990143776 6.5858980417251614 5.7771520763635626 60.086340364068747 8.6483842059969884 10.055321805179117 45.34812405705452 44.834484316408634 4.6182009130716315 343.47670804709196 13.234864145517347 10.097997121512888 62.175827346742153 8.7854676544666273 11.35824403911829 4.5516898185014716 60.653072044253349 11.354924857616423 6.2864708900451651 34.893368445336819
leaf_count=535 684 84 685 30 111 22 1543 238 32 523 90 29 26 711 45 50 209 244 22 3900 84 57 372 53 64 21 296 61 54 222
internal_value=0 0.00251146 -0.00126072 -0.00335228 -0.00753712 -0.00254778 -0.00323171 -0.00395321 0.00292985 0.00331878 0.00129376 -0.00200908 0.00500017 0.00458002 0.00104408 0.000193747 0.00192562 -0.00340767 0.0050627 0.00459905 -0.00528906 -0.0062023 -0.00379386 -0.0020007 -0.00464452 0.000144464 0.000772773 0.00264412 -0.00623094 -0.00981903
internal_weight=0 759.053 301.724 566.279 91.3093 474.97 398.996 328.743 147.884 144.039 92.7396 35.2988 457.329 413.958 75.9737 70.3383 55.4034 303.393 408.181 348.095 153.84 120.402 72.2738 33.4379 24.6525 70.2533 65.7016 17.9408 14.9349 48.1282
internal_count=11097 7460 2266 3637 885 2752 2364 2025 1330 1298 775 201 5194 4659 388 358 259 1787 4633 3922 936 735 429 201 148 339 318 90 99 306
is_linear=0
shrinkage=0.01


Tree=211
num_leaves=31
num_cat=0
split_feature=13 0 0 1 0 13 1 4 1 13 0 1 1 1 1 0 0 13 1 0 0 0 1 13 3 1 1 0 1 0
split_gain=109.617 70.1463 50.0461 20.5121 18.8998 17.5265 14.9173 13.3995 13.0279 14.1419 13.0258 12.2863 13.4107 17.3014 21.0174 11.8643 9.30029 8.75658 13.7746 8.26935 10.532 48.5813 8.00644 11.5122 7.76886 7.69047 7.91251 7.57819 36.1712 7.44802
threshold=1.9794004226791928 4296066.5000000009 4301512.5000000009 174026445959.50003 4296066.5000000009 3.9052022367380075 1861025319719.5002 60.500000000000007 2777491175469.5005 3.9156397126221276 4296358.0000000009 2883033186372.5005 1955683344136.5002 2452704926503.5005 2482915538113.0005 4295248.5000000009 4296552.0000000009 1.9691782978882646 3475289746758.5005 5575758.5000000009 4305780.0000000009 4305469.5000000009 702778650022.50012 4.8406903923506031 56.500000000000007 4363500793924.5005 1862882928450.5002 4295326.5000000009 1862882903109.5002 4297419.0000000009
decision_type=2 2 2 2 2 2 2 2 2 2 2 2 2 2 2 2 2 2 2 2 2 2 2 2 2 2 2 2 2 2
left_child=1 11 3 -3 5 -2 7 22 9 16 -9 12 27 15 -15 -14 -8 -13 -19 20 21 -4 23 -6 -7 26 -5 28 -1 -10
right_child=4 2 19 25 6 24 8 10 29 -11 -12 17 13 14 -16 -17 -18 18 -20 -21 -22 -23 -24 -25 -26 -27 -28 -29 -30 -31
leaf_value=-0.0033197341013223108 -0.011008428260297982 -0.0103021254862892 0.0049869464443568134 -0.0042443881495154252 -0.001210295023536099 -0.0067753245307590731 0.0082476739809847939 0.010605154936384087 0.001348215360677438 -0.010874694291107812 -0.0070340966395314158 0.010475140171677076 -0.0043085603222928611 0.010183978110113933 0.0022471964687595164 0.01110798406645299 0.0010695610838929574 0.0065652012459544622 -0.018542094770084335 -0.011622342244817783 0.0069454527031497324 -0.012919650697172361 -0.0058871844900535032 0.012631403307980321 0.002615983836638911 -0.012065556372708038 0.0016831701787724288 0.0087219562420030507 0.010734302180769635 -0.0047834606462092769
leaf_weight=33.956379070878029 55.516136422753334 52.707570612430573 73.298200950026512 54.56126806139946 78.226914450526237 17.294316425919533 22.596088901162148 4.3313463702797881 26.472003400325775 8.4855428338050825 125.12425902485847 57.922283641993999 43.344144687056541 43.965031422674656 138.38484763354063 5.6417003646492949 89.715087279677391 11.069821856915949 2.7225612699985495 3.812580317258834 51.037922829389572 19.098862916231155 34.070207804441452 6.5086199790239325 17.952217027544975 7.9162007421255103 38.347175166010857 78.695930942893028 39.751549243927002 78.715077683329582
leaf_count=191 684 438 685 275 427 111 98 31 122 44 1001 1029 244 600 1314 63 386 144 11 32 523 90 176 29 90 58 165 974 624 438
internal_value=0 0.00249571 -0.00125206 -0.00524677 -0.00332632 -0.00750702 -0.00252621 -0.00421831 -0.000667292 0.00157325 -0.00644392 0.00497071 0.00426069 0.00274335 0.00416078 -0.00253304 0.00251374 0.00877 0.00160912 0.00291315 0.00329951 0.00128558 -0.0017932 -0.000147101 -0.00199202 -0.002604 -0.00179784 0.00656389 0.00425977 -0.00324033
internal_weight=0 756.234 300.78 153.532 565.008 90.7627 474.245 248.261 225.984 120.797 129.456 455.454 383.74 231.336 182.35 48.9858 112.311 71.7147 13.7924 147.248 143.435 92.3971 118.806 84.7355 35.2465 100.825 92.9084 152.404 73.7079 105.187
internal_count=11097 7460 2266 936 3637 885 2752 1664 1088 528 1032 5194 4010 2221 1914 307 484 1184 155 1330 1298 775 632 456 201 498 440 1789 815 560
is_linear=0
shrinkage=0.01


Tree=212
num_leaves=31
num_cat=0
split_feature=2 0 0 1 0 13 1 1 1 1 0 0 1 1 0 0 2 1 3 0 1 0 0 1 1 2 3 0 1 2
split_gain=114.006 65.604 46.3161 19.6534 17.0533 16.203 14.9553 12.3501 12.9909 19.708 10.9626 10.5736 9.09491 28.8579 9.03121 27.5984 8.71612 13.5079 8.46012 8.16691 35.0632 7.88192 7.76267 6.93781 8.15911 6.64563 6.14045 5.49966 5.35138 5.32613
threshold=65.500000000000014 4296066.5000000009 4301512.5000000009 174026445959.50003 4294665.5000000009 3.9052022367380075 174026438393.50003 2883033186372.5005 2384994529944.5005 2384994533778.0005 4277688.5000000009 4296517.5000000009 2482915552582.5005 2547630269000.5005 4305469.5000000009 4305780.0000000009 92.500000000000014 3475289746758.5005 56.500000000000007 4295326.5000000009 1862882903109.5002 5575758.5000000009 4277632.5000000009 4363500794354.0005 1862882928450.5002 93.500000000000014 58.500000000000007 4304568.0000000009 2482915547196.0005 62.500000000000007
decision_type=2 2 2 2 2 2 2 2 2 2 2 2 2 2 2 2 2 2 2 2 2 2 2 2 2 2 2 2 2 2
left_child=4 7 3 26 5 -1 11 8 19 22 -11 -6 14 27 28 -16 17 -9 -7 20 -2 -8 -10 24 -5 -21 -3 -14 -4 -13
right_child=1 2 12 23 6 18 21 16 9 10 -12 29 13 -15 15 -17 -18 -19 -20 25 -22 -23 -24 -25 -26 -27 -28 -29 -30 -31
leaf_value=-0.010958882275544177 -0.0034474004679128558 0.0048974382248150386 0.010854522135873337 -0.0038915426317137382 0.0024076301745179492 -0.0074823675443494312 -0.0015611447813314255 0.006534354136424776 -0.0088928578302599984 0.0051516345948639198 -0.00012170180407308808 -0.0079130701690740407 -0.016975744757573054 0.0049952478763554591 -0.008730752402920575 0.007617521764360328 0.010466810086437952 -0.018324176847095038 0.0025871947772649058 0.0030559237221031098 0.010042339609031812 -0.011443665164043215 0.0037127870259722824 -0.01184741020495639 0.0018602564092374662 0.010205686455149835 -0.010295759156495339 -0.0059169846907031901 0.000855886022675172 0.0071702401815184396
leaf_weight=53.318116895854473 34.24421414732933 2.8018543571233741 29.179130785167217 60.724407359957695 12.410728462040423 15.575184769928454 358.62199388444424 11.011154025793074 18.79979391396046 146.51505506783724 53.934419311583042 81.645107835531235 6.3053810000419643 43.01020310074091 15.220622301101683 32.112165659666061 57.391358349472284 2.727364942431449 17.970368653535843 16.446597039699554 44.059421364217997 8.2562310844659788 6.6002961769700041 6.9981370717287055 41.528754904866219 62.040470190346241 52.587164029479027 15.679904967546461 6.5554097294807425 2.4101998135447493
leaf_count=674 192 13 317 303 74 103 1821 144 90 1578 472 720 31 438 74 337 1029 11 90 208 652 82 50 54 179 770 439 78 61 13
internal_value=0 0.00249909 -0.00102518 -0.00467486 -0.00346705 -0.00753311 -0.00270478 0.00492774 0.00421644 0.00268121 0.00373275 -0.00620842 0.00303313 0.000231252 0.00522545 0.00236047 0.00875411 0.00159945 -0.0020881 0.00642788 0.00414293 -0.00178354 -0.00561724 -0.00221478 -0.00155553 0.00870749 -0.00952721 -0.00908864 0.0090203 -0.00748057
internal_weight=0 766.473 312.703 164.64 550.208 86.8637 463.344 453.77 382.64 225.85 200.449 96.466 148.063 64.9955 83.0673 47.3328 71.1299 13.7385 33.5456 156.791 78.3036 366.878 25.4001 109.251 102.253 78.4871 55.389 21.9853 35.7345 84.0553
internal_count=11097 7520 2324 988 3577 867 2710 5196 4012 2190 2050 807 1336 547 789 411 1184 155 193 1822 844 1903 140 536 482 978 452 109 378 733
is_linear=0
shrinkage=0.01


Tree=213
num_leaves=31
num_cat=0
split_feature=2 0 0 1 1 0 12 1 1 1 1 0 1 1 0 0 2 1 0 0 1 12 1 1 2 0 12 3 3 1
split_gain=112.074 64.5985 45.5479 19.5065 16.9327 14.3011 17.605 12.3176 12.8825 16.8622 20.9341 11.6456 8.98996 28.2557 8.94382 27.1633 8.67566 13.2481 8.66757 7.80972 36.4883 7.66888 6.93061 9.88444 6.61463 6.23941 11.5853 6.07682 5.79629 5.78547
threshold=65.500000000000014 4296066.5000000009 4301512.5000000009 174026445959.50003 174026434482.00003 4294665.5000000009 3.8142617563909882 2883033186372.5005 1955683344136.5002 2452704926503.5005 2482915538113.0005 4295248.5000000009 2482915552582.5005 2547630269000.5005 4305469.5000000009 4305780.0000000009 92.500000000000014 3475289746758.5005 5575758.5000000009 4295326.5000000009 1862882903109.5002 2.9355504161835038 702778647780.50012 702778654961.50012 93.500000000000014 4296552.0000000009 1.961825938807811 58.500000000000007 55.500000000000007 174026424700.00003
decision_type=2 2 2 2 2 2 2 2 2 2 2 2 2 2 2 2 2 2 2 2 2 2 2 2 2 2 2 2 2 2
left_child=4 7 3 27 21 6 -6 8 19 11 -11 -10 14 -14 -4 -16 17 -9 25 20 -2 -1 -5 -24 -21 26 -7 -3 -8 -23
right_child=1 2 12 22 5 18 28 16 9 10 -12 -13 13 -15 15 -17 -18 -19 -20 24 -22 29 23 -25 -26 -27 -28 -29 -30 -31
leaf_value=-0.010367638757174311 -0.003406777787259267 0.0048496025405132294 0.0089940694840525536 0.0073814589666775059 -0.010953007206828498 0.016379261196564281 -0.0060107758224176976 0.0065035341582525335 -0.0042516334654946432 0.010162812391320681 0.0022001980246763608 0.011093478229339829 -0.0089665493165029201 0.0049613228040211827 -0.0086702621761907111 0.0075782970015208315 0.010458539138925683 -0.018112245531961214 -0.011435018102962182 0.0030330426352126755 0.010720537018866352 -0.0013807569825796961 -0.0090410859328724745 -0.001291940143311266 0.010183752542209507 -0.0022334782955559175 2.145482258434017e-06 -0.010269205672784094 0.0046241896344328534 -0.0077161024308010475
leaf_weight=42.627886489033699 34.305705189704895 2.8011996001005164 35.481865935027599 7.0670733600854865 40.428635284304619 4.6675262153148642 8.6459549516439456 10.952995136380194 43.420034244656563 43.421108908951283 137.80183712393045 5.5813808366656295 22.061293914914131 42.871957287192345 15.173780545592306 31.956376425921917 56.86501494422555 2.7316629588603965 9.2949304729700071 16.405172199010849 39.142575610429049 26.863594017922878 20.632021337747574 81.413717783987522 61.177234493196011 314.85359216481447 57.927380137145519 52.197861723601818 12.583654195070265 31.104403384029865
leaf_count=495 192 13 378 37 515 22 52 144 244 600 1314 63 109 438 74 337 1029 11 93 208 625 167 123 376 766 1679 275 439 59 220
internal_value=0 0.00248398 -0.00101833 -0.00464316 -0.00344004 -0.00260821 -0.00708088 0.00489989 0.00418961 0.00270077 0.00410804 -0.00250379 0.00301351 0.000229281 0.00520191 0.002347 0.00873826 0.00158986 -0.00189514 0.00645914 0.00412205 -0.00714788 -0.00219545 -0.00285869 0.0086717 -0.00166021 0.00122334 -0.00949918 0.000293001 -0.00478017
internal_weight=0 763.462 311.657 164.112 548.998 448.402 61.6582 451.805 381.255 230.224 181.223 49.0014 147.545 64.9333 82.612 47.1302 70.5497 13.6847 386.743 151.031 73.4483 100.596 109.113 102.046 77.5824 377.448 62.5949 54.9991 21.2296 57.968
internal_count=11097 7520 2324 988 3577 2695 626 5196 4012 2221 1914 307 1336 547 789 411 1184 155 2069 1791 817 882 536 499 974 1976 297 452 111 387
is_linear=0
shrinkage=0.01


Tree=214
num_leaves=31
num_cat=0
split_feature=2 0 0 0 13 4 0 3 0 0 0 3 0 0 0 13 3 13 13 0 0 0 13 2 2 0 13 0 0 0
split_gain=110.174 63.6159 44.7807 16.8071 16.092 12.0395 10.0589 8.67818 8.3813 9.45633 38.7121 8.24642 7.81128 65.6274 7.79906 7.13221 7.63168 6.28279 13.3089 5.31386 5.21034 63.3817 3.40355 2.97448 1.77427 1.42498 1.41861 1.37893 1.28636 1.24405
threshold=65.500000000000014 4296066.5000000009 4301512.5000000009 4294665.5000000009 3.9052022367380075 28.500000000000004 5575758.5000000009 31.500000000000004 5575758.5000000009 4305780.0000000009 4305469.5000000009 56.500000000000007 4277344.0000000009 4277361.5000000009 4296552.0000000009 1.9807272359141355 56.500000000000007 1.9900653940409032 1.992077967200329 4296814.0000000009 4277441.5000000009 4277462.5000000009 3.9120089853177893 25.500000000000004 57.500000000000007 4306603.0000000009 3.9166599721287061 4277403.5000000009 4277300.0000000009 4277324.0000000009
decision_type=2 2 2 2 2 2 2 2 2 2 2 2 2 2 2 2 2 2 2 2 2 2 2 2 2 2 2 2 2 2
left_child=3 12 5 4 -1 -3 14 -7 9 10 -4 23 28 -14 15 -5 -17 24 -19 -9 27 -22 -13 -6 -16 -11 -24 -15 -2 -30
right_child=1 2 8 6 11 7 -8 19 -10 25 -12 22 13 20 17 16 -18 18 -20 -21 21 -23 26 -25 -26 -27 -28 -29 29 -31
leaf_value=-0.010938294969815934 0.011342447837482736 0.012186474526949306 0.0049150069486824039 0.011324065435229399 -0.0023000447107044027 0.0075777299295722647 -0.01077661007925302 -0.0019538266708989888 -0.011626287627216712 0.0058153480643941789 -0.010685794831377082 0.0082478022316737065 -0.028845045561130447 0.0061786590154427612 -0.0072728219189907182 0.001453727043800167 -0.0063994002213398626 0.0043768943356107164 -0.0030344454556743851 -0.0064565744207506059 -0.032131027751727673 0.0049637472875177632 -0.0035762973238004899 -0.011176531590176151 -0.0038893877370390646 0.0095482805396614676 0.0036754322785808153 0.0092368715132176114 0.0055963651579926431 0.0098300114785063227
leaf_weight=52.366581089794636 14.720326106995342 4.1589527279138556 72.481775909662247 5.6655047833919516 6.5508918538689604 5.2641256004571906 14.774369053542612 33.475909844040871 3.8192416131496421 36.086601927876472 20.377397209405899 6.6142077296972301 5.836336836218833 30.123811759054661 36.823058113455772 54.184855878353119 16.037305593490601 26.514353096485138 281.19904024899006 120.74055971950293 4.66982178390026 337.83172181993723 6.9785866737365705 8.9093033000826818 26.764098547399044 14.269767761230467 4.3975116014480591 28.877321671694517 14.063690982758999 13.704082228243351
leaf_count=674 186 20 685 30 42 22 148 204 32 342 96 29 26 351 333 254 105 113 1535 742 22 3902 38 61 192 181 23 360 178 171
internal_value=0 0.00246884 -0.00101135 -0.00341331 -0.00747736 -0.00461015 -0.00265835 -0.00504818 0.00299388 0.00338376 0.0014915 -0.0020593 0.00487245 0.00444685 -0.00239013 0.000531014 -0.000339767 -0.00298717 -0.00239584 -0.00547916 0.00493079 0.00445798 0.00254348 -0.00741533 -0.00584872 0.00687317 -0.00077309 0.00767546 0.00895266 0.00768577
internal_weight=0 760.501 310.674 547.78 85.8171 163.64 461.963 159.481 147.035 143.216 92.8592 33.4505 449.827 407.339 447.188 75.8877 70.2222 371.301 307.713 154.216 401.503 342.502 17.9903 15.4602 63.5872 50.3564 11.3761 59.0011 42.4881 27.7678
internal_count=11097 7520 2324 3577 867 988 2710 968 1336 1304 781 193 5196 4661 2562 389 359 2173 1648 946 4635 3924 90 103 525 523 61 711 535 349
is_linear=0
shrinkage=0.01


Tree=215
num_leaves=31
num_cat=0
split_feature=2 0 0 1 4 0 12 1 1 1 2 1 1 1 1 1 0 0 0 0 0 0 1 2 1 1 12 1 12 13
split_gain=108.296 68.1327 47.4344 19.6735 19.3017 12.7234 17.6656 12.6148 10.6344 13.6339 11.449 9.8141 9.49469 7.98936 19.3224 9.35393 7.96422 7.95399 10.484 29.6965 5.79744 9.86679 5.43362 5.39108 4.80174 9.82037 4.79738 6.32982 5.79246 5.13149
threshold=60.500000000000007 4296358.0000000009 4300627.0000000009 174026437347.50003 25.500000000000004 4294665.5000000009 3.8142617563909882 174026445959.50003 2883033186372.5005 2777491174764.5005 92.500000000000014 3475289743715.0005 702778647780.50012 1955683344136.5002 2452704926503.5005 1862882907023.5002 5575758.5000000009 5575758.5000000009 4305780.0000000009 4305469.5000000009 4277441.5000000009 4295248.5000000009 2482915554044.5005 81.500000000000014 702778648565.00012 702778654685.50012 2.9355504161835038 174026424700.00003 3.8526111023106298 3.9104172329531406
decision_type=2 2 2 2 2 2 2 2 2 2 2 2 2 2 2 2 2 2 2 2 2 2 2 2 2 2 2 2 2 2
left_child=3 8 4 26 -3 6 -5 -6 9 13 11 -10 -9 15 -15 -2 -7 18 19 -4 -11 -22 -20 -13 -8 -26 -1 28 -28 -29
right_child=1 2 17 5 7 16 24 12 10 20 -12 23 -14 14 -16 -17 -18 -19 22 -21 21 -23 -24 -25 25 -27 27 29 -30 -31
leaf_value=-0.0097615189245167898 0.004380195109625928 0.012535671604442987 0.004015773208523663 -0.010932475021479654 -0.0095977791908729692 -0.0015905597241109423 0.0072908412115239209 0.0089730122689558496 0.0094159084054596647 0.0043234265012864785 0.010412122990528098 0.00010385004196474532 -0.0042897023712714991 -0.0021628306151246931 0.0049679398831984972 0.0093566988607296699 -0.011428109618748494 -0.01160753189547474 0.0095930381260176667 -0.0088086296663419245 -0.012061939732883206 0.0069641304700129945 0.0029003994868873977 -0.015730740154321771 -0.013402953311226023 0.0059994126161206762 -0.0044496512804974263 -0.0028518108680528538 0.0064950978586256472 -0.010520369571347988
leaf_weight=46.551064811646938 101.62753816321492 6.1608600914478293 85.527867123484612 37.288469314575195 51.423703990876675 330.95759174227715 7.4443776756525066 5.6846039444208136 7.4971286505460766 6.1638983041048077 56.6166623942554 5.5266368538141233 106.98359040915966 49.864208474755287 159.71820806711912 60.109578181058168 8.4392636418342573 3.7873187884688368 29.488210059702396 22.888592310249805 10.800609812140463 3.6457599699497214 20.609202444553375 3.5192841216921806 4.9687718749046308 5.4920683056116104 19.092797003686432 12.874447561800478 6.4757113754749289 27.080753140151501
leaf_count=550 935 29 758 484 430 1701 35 30 116 41 1032 29 534 311 1786 923 85 32 317 112 63 26 206 22 27 29 124 92 38 200
internal_value=0 0.00230248 -0.00115381 -0.00360948 -0.00484129 -0.00255931 -0.00701215 -0.00549371 0.00477385 0.00412054 0.00827375 0.000955403 -0.00362054 0.00455995 0.00327137 0.00622971 -0.00183518 0.00271433 0.00305651 0.00130832 -0.00379605 -0.00726042 0.0068398 -0.00605654 0.00115211 -0.00321648 -0.00730691 -0.00556304 -0.00167769 -0.00804939
internal_weight=0 797.643 332.554 506.665 170.253 394.591 55.1937 164.092 465.09 391.93 73.1597 16.543 112.668 371.32 209.582 161.737 339.397 162.301 158.514 108.416 20.6103 14.4464 50.0974 9.04592 17.9052 10.4608 112.075 65.5237 25.5685 39.9552
internal_count=11097 7732 2448 3365 1023 2361 575 994 5284 4085 1199 167 564 3955 2097 1858 1786 1425 1393 870 130 89 523 51 91 56 1004 454 162 292
is_linear=0
shrinkage=0.01


Tree=216
num_leaves=31
num_cat=0
split_feature=2 3 2 12 12 12 4 2 12 12 12 2 2 12 4 2 2 12 4 4 4 3 3 3 4 3 4 3 3 2
split_gain=106.448 14.3029 9.75527 12.2875 9.6422 12.9982 9.14333 10.1991 8.40153 10.5483 6.96303 6.74202 8.63218 6.67865 4.78547 4.36833 3.23546 8.23582 5.69885 4.08205 7.859 4.2591 3.20868 7.73959 4.0335 5.20275 3.52699 2.92528 2.61042 1.54601
threshold=60.500000000000007 28.500000000000004 32.500000000000007 2.9473409730097888 2.9394160733349382 1.9842187211896343 25.500000000000004 70.500000000000014 3.8634103093146051 3.8581143179354238 2.9473409730097888 29.500000000000004 57.500000000000007 3.8713745904099661 57.500000000000007 86.500000000000014 56.500000000000007 3.8294395188611343 30.500000000000004 32.500000000000007 30.500000000000004 26.500000000000004 30.500000000000004 28.500000000000004 28.500000000000004 67.500000000000014 37.500000000000007 51.500000000000007 30.500000000000004 22.500000000000004
decision_type=2 2 2 2 2 2 2 2 2 2 2 2 2 2 2 2 2 2 2 2 2 2 2 2 2 2 2 2 2 2
left_child=1 2 3 -1 5 11 -2 22 9 10 -6 -3 -13 14 -5 -9 19 -18 -19 20 -4 -21 23 26 -24 -26 -8 28 -10 -7
right_child=6 4 16 13 8 29 7 15 27 -11 -12 12 -14 -15 -16 -17 17 18 -20 21 -22 -23 24 -25 25 -27 -28 -29 -30 -31
leaf_value=-0.010877829354526011 0.011821376502277927 -0.0012483497590014471 -0.00026943838885158531 -0.0019657354664536593 0.0020730189347816117 -0.004184361515753238 -0.0094432187121411531 0.0061421031358923862 -0.004855665770999839 0.011193329975837846 -0.0035608170768789945 -0.008244523448718238 -0.0013084291514052332 -0.0042683317551137365 0.011836408202949004 0.0022829497269363118 -0.00067713432775102361 0.0036064312487752133 0.018703698354394723 -0.00016238954604728536 -0.014945745204930035 0.0068753410654153156 0.0016728671499020215 0.0098968294357202457 -0.011811573981394848 -0.0008341314576130861 0.0011933975535075396 0.0003455471556440065 -0.010945857783436692 -0.010159809990208372
leaf_weight=18.583834744989872 9.9337244033813459 46.637079544365406 14.423353418707849 4.3407519087195396 27.679147854447365 4.6578813791275016 5.980744570493699 30.593246847391129 11.735169768333437 5.9709170013666144 105.7584608271718 55.670277126133442 26.47622637450695 16.26213876157999 5.9629121050238627 711.08378624543548 14.455236837267877 5.0196791589260101 4.9816234856843931 37.472868457436562 4.8842224925756446 11.160060606896876 6.7554676830768612 6.0292076468467704 10.724464833736423 7.2269102260470364 6.5115345418453225 4.2760574072599402 17.583346664905548 61.480641424655914
leaf_count=129 46 331 67 26 141 48 25 335 66 32 562 547 184 93 34 7120 60 22 21 179 23 52 31 25 75 47 28 22 100 626
internal_value=0 -0.00358194 -0.000830758 -0.00464051 -0.00461045 -0.00613557 0.00228759 0.00216693 -0.0028921 -0.00181031 -0.00239218 -0.00428499 -0.00600899 -0.000277255 0.00602181 0.00244213 0.00103087 0.0041498 0.0111263 -9.18529e-05 -0.00398209 0.0014526 -0.00255473 0.000591929 -0.00491362 -0.00739225 -0.00389894 -0.00738123 -0.00850817 -0.00973898
internal_weight=0 505.472 137.547 45.1496 367.925 194.922 794.839 784.905 173.003 139.409 133.438 128.784 82.1465 26.5658 10.3037 741.677 92.397 24.4565 10.0013 67.9405 19.3076 48.6329 43.2283 18.5215 24.7068 17.9514 12.4923 33.5946 29.3185 66.1385
internal_count=11097 3365 706 282 2659 1736 7732 7686 923 735 703 1062 731 153 60 7455 424 103 43 321 90 231 231 78 153 122 53 188 166 674
is_linear=0
shrinkage=0.01


Tree=217
num_leaves=31
num_cat=0
split_feature=2 0 0 4 0 12 0 3 0 0 0 0 0 0 0 0 12 2 3 2 12 2 12 0 4 12 12 2 2 0
split_gain=104.534 67.087 46.5363 18.7801 14.9593 16.0422 9.76058 8.16283 8.04358 63.7445 7.84107 10.3809 29.1923 5.84282 8.35509 7.61263 5.61942 8.82446 5.09399 9.65403 16.7234 9.58776 12.1609 5.42757 5.0779 4.252 3.3066 2.94252 1.65926 1.44107
threshold=60.500000000000007 4296358.0000000009 4300627.0000000009 25.500000000000004 4294665.5000000009 3.8142617563909882 4305671.5000000009 56.500000000000007 4277344.0000000009 4277361.5000000009 5575758.5000000009 4305780.0000000009 4305469.5000000009 4298528.0000000009 4296814.0000000009 4300146.5000000009 3.8132063002683068 61.500000000000007 28.500000000000004 44.500000000000007 3.8634103093146051 32.500000000000007 2.9473409730097888 4296552.0000000009 26.500000000000004 1.961825938807811 3.8273192999520735 25.500000000000004 57.500000000000007 4306603.0000000009
decision_type=2 2 2 2 2 2 2 2 2 2 2 2 2 2 2 2 2 2 2 2 2 2 2 2 2 2 2 2 2 2
left_child=4 8 3 -3 5 -1 18 27 -2 -10 11 12 -4 14 -5 -15 17 -11 21 20 -20 22 -6 -23 -8 -21 -9 -7 -26 -13
right_child=1 2 10 13 6 7 24 26 9 16 -12 29 -14 15 -16 -17 -18 -19 19 25 -22 23 -24 -25 28 -27 -28 -29 -30 -31
leaf_value=-0.010912255066876127 0.0089052752285648934 0.012385118609952764 0.0039656198954224568 -0.0028521636365916613 -0.010841407203483569 -0.0022606460415427387 0.0025118924417365236 0.0082033250623920802 -0.028390983215166796 0.028100205251415419 -0.011592645293939215 0.0057279476434408203 -0.0087672199586849697 -0.0016838749568431561 -0.0094753681672563577 -0.0089025149867496232 -0.0093363181210918324 0.0047794979032335927 0.00093282264609856412 -0.0012791195833161894 -0.0080112162319752964 0.0066864189567753763 -0.00027462211749385099 -1.6268751309467714e-05 -0.011092728779938809 -0.0058581280983615374 -0.00069451087829021157 -0.011122513405661989 -0.0029674674717800114 0.0095085923519235803
leaf_weight=51.137752085924149 41.928979493677616 6.115038350224494 85.2221649736166 28.576468244194984 18.460424520075321 6.5243564993143073 3.6474286913871792 6.6181371510028866 5.8769361078739157 1.6290178298950184 3.7618213519453993 35.704790890216827 22.829477429389954 58.574287980794907 57.11242650449276 19.463557593524456 2.8026376143097869 410.18629388511181 91.046193972229958 24.784016340970993 27.136050224304199 14.292467072606085 26.56294035166502 78.083241611719131 21.465248122811321 111.56850913167 11.320583283901213 8.8014786764979345 2.8465638458728781 14.049291439354418
leaf_count=674 535 29 758 174 129 42 16 29 26 8 32 342 112 332 362 126 12 4703 432 173 156 61 153 363 211 782 61 61 22 181
internal_value=0 0.0022676 -0.00116634 -0.00482118 -0.00355451 -0.00739605 -0.00278232 -0.00199057 0.00472863 0.00431216 0.00267568 0.00301581 0.00127539 -0.00546381 -0.00726659 -0.00348429 0.00477571 0.00487175 -0.0023751 -0.00321271 -0.00112084 -0.000823416 -0.0046072 0.00102078 -0.00849069 -0.00502583 0.00258817 -0.00734993 -0.0101414 0.00679551
internal_weight=0 793.833 331.409 169.842 504.295 84.4023 419.893 33.2646 462.424 420.495 161.568 157.806 108.052 163.727 85.6889 78.0378 414.618 411.815 391.934 254.535 118.182 137.399 45.0234 92.3757 27.9592 136.353 17.9387 15.3258 24.3118 49.7541
internal_count=11097 7732 2448 1023 3365 867 2498 193 5284 4749 1425 1393 870 994 536 458 4723 4711 2249 1543 588 706 282 424 249 955 90 103 233 523
is_linear=0
shrinkage=0.01


Tree=218
num_leaves=31
num_cat=0
split_feature=12 0 0 1 0 12 1 12 0 1 12 1 1 1 1 12 0 12 1 0 1 1 0 0 1 0 1 1 1 0
split_gain=96.8081 64.2626 45.2261 20.2113 17.9883 17.2585 14.235 12.9157 12.8419 12.567 14.0261 12.2449 13.1226 18.8269 12.6079 11.3985 9.1251 8.7498 12.8909 8.65513 8.30043 28.1166 9.82711 32.9212 7.94376 7.85242 33.5332 7.64238 7.80913 7.63111
threshold=1.9592252154137344 4296066.5000000009 4301512.5000000009 174026445959.50003 4296066.5000000009 3.8142617563909882 1861025319719.5002 2.9473409730097888 4296358.0000000009 2777491174764.5005 3.8338504663272626 2883033186372.5005 2384994529944.5005 2384994534721.0005 2482915538113.0005 3.8049765068063102 4296552.0000000009 1.9393065999967327 3475289746758.5005 4277659.5000000009 2482915552582.5005 2547630269000.5005 4305469.5000000009 4305780.0000000009 702778650022.50012 4295326.5000000009 1862882903109.5002 4363500793924.5005 4092079268914.0005 4297419.0000000009
decision_type=2 2 2 2 2 2 2 2 2 2 2 2 2 2 2 2 2 2 2 2 2 2 2 2 2 2 2 2 2 2
left_child=1 11 3 -3 5 -2 7 8 -6 10 16 12 25 19 -15 -9 -8 -13 -19 -14 22 -22 -4 -24 -17 26 -1 28 -5 -11
right_child=4 2 20 27 6 -7 9 15 -10 29 -12 17 13 14 -16 24 -18 18 -20 -21 21 -23 23 -25 -26 -27 -28 -29 -30 -31
leaf_value=-0.0033554383307643205 -0.010944173301538891 -0.010183454159506502 0.0089216088348798156 -0.0027686688741933034 0.010512300704826094 -0.0018629236109139855 0.0087485843103104598 0.010476001758965417 -0.0070157768846022175 0.0014834721300068939 -0.010709432017625028 0.010432044644984822 -0.0074054735314883578 0.0077015741402918312 0.0020481381780589804 -0.00079499035062052196 0.0013132972372304028 0.00638227251463364 -0.017941501223886155 0.0058523936789533172 -0.0090605774201444628 0.0048833868296397675 -0.011191992080265426 0.007490787332105309 -0.0064390332540662423 0.0086038300066033496 0.0099840319098339764 -0.012000067177517938 0.0059003108105079175 -0.0045324011740606775
leaf_weight=33.871712893247604 52.371732860803604 50.961250364780426 34.817671090364456 80.590186506509781 4.336667224764823 34.855068437755108 20.424433708190918 7.1498515605926505 115.59004727005959 28.470213204622269 8.3635483086109144 55.175454329699278 24.544190689921383 55.584339253604412 135.87729185819626 81.123675234615803 86.035903796553612 10.718202985823153 2.7347330898046485 6.1599050089716902 22.001246482133865 42.192709878087044 13.526448056101797 31.157119296491146 36.004781492054462 76.197054825723171 42.478992514312267 7.7316770628094664 11.929385781288145 81.295216299593449
leaf_count=191 684 438 378 387 31 201 89 34 964 131 44 1029 124 700 1314 446 371 144 11 52 109 438 68 337 189 978 651 58 53 453
internal_value=0 0.00237927 -0.00123818 -0.00505568 -0.00314558 -0.00731539 -0.00236972 -0.00404084 -0.00638194 -0.000552658 0.00176015 0.00478558 0.00407435 0.00252366 0.00368942 -0.0017817 0.00273976 0.00866892 0.0014377 -0.00474566 0.00277902 0.000104361 0.0049387 0.0018352 -0.00252994 0.00633273 0.0040662 -0.00244906 -0.0016509 -0.00297204
internal_weight=0 738.25 294.908 151.212 556.021 87.2268 468.794 244.205 119.927 224.589 114.824 443.342 374.713 222.166 191.462 124.278 106.46 68.6284 13.4529 30.7041 143.695 64.194 79.5012 44.6836 117.128 152.548 76.3507 100.251 92.5196 109.765
internal_count=11097 7460 2266 936 3637 885 2752 1664 995 1088 504 5194 4010 2190 2014 669 460 1184 155 176 1330 547 783 405 635 1820 842 498 440 584
is_linear=0
shrinkage=0.01


Tree=219
num_leaves=31
num_cat=0
split_feature=12 0 0 1 0 12 1 1 1 1 1 0 0 12 1 4 3 0 1 1 0 0 0 1 1 1 3 1 4 15
split_gain=95.1774 63.2682 44.4746 20.0833 17.8108 17.2079 14.1563 12.2093 13.0062 18.6026 20.9706 11.9562 9.63456 8.70796 12.6449 8.59968 8.33466 10.0582 8.20637 27.5264 9.72036 32.4228 7.80876 33.162 7.57429 7.65741 7.24903 6.80286 6.8028 6.65142
threshold=1.9592252154137344 4296066.5000000009 4301512.5000000009 174026445959.50003 4296066.5000000009 3.8142617563909882 174026439498.00003 2883033186372.5005 2384994529944.5005 2452704926503.5005 2482915538113.0005 4295248.5000000009 4296517.5000000009 1.9393065999967327 3475289746758.5005 27.500000000000004 27.500000000000004 4299125.5000000009 2482915552582.5005 2547630269000.5005 4305469.5000000009 4305780.0000000009 4295326.5000000009 1862882903109.5002 4363500793924.5005 4092079268914.0005 56.500000000000007 174026424700.00003 59.500000000000007 3.9774572890918898
decision_type=2 2 2 2 2 2 2 2 2 2 2 2 2 2 2 2 2 2 2 2 2 2 2 2 2 2 2 2 2 2
left_child=1 7 3 -3 5 -2 12 8 22 11 -11 -10 27 -9 -15 -8 -17 -18 20 -20 -4 -22 23 -1 25 -5 -7 -6 29 -14
right_child=4 2 18 24 6 26 15 13 9 10 -12 -13 28 14 -16 16 17 -19 19 -21 21 -23 -24 -25 -26 -27 -28 -29 -30 -31
leaf_value=-0.0033160268303071296 -0.010932394774806238 -0.010157413488577252 0.0088947692381702251 -0.0027421949022216714 0.0093060344925218405 -0.0065477670734015074 0.0023645602505172267 0.010424014558388556 -0.0052174328339710937 0.010110284072629143 0.0020307455235299573 0.011062045551065363 0.0063166320791252272 0.0063515650473124421 -0.017739857036281982 0.00050041420817737629 -0.0014402020642058824 -0.0058061940246810538 -0.0089386276093376734 0.0048498939253238593 -0.011133418728768208 0.0074518335760558928 0.0085787720589169791 0.0099676124197693797 -0.01197666213510894 0.0058443162771944154 0.0025811949836353088 -0.0047742721120227699 -0.0091918790353041624 -0.0054163404448344613
leaf_weight=33.931240677833557 51.906209975481033 50.582879893481731 34.574723690748215 80.554725527763367 6.7299947589635831 16.888372778892517 51.211368352174759 54.66831985861063 38.803213492035866 42.090916842222214 135.67166029661894 5.1049107983708373 5.7657461911439887 10.662600591778753 2.7381422370672217 90.958640843629837 139.83608151972294 84.743004843592644 22.078004017472267 42.05991842597723 13.461958691477774 31.007542379200459 75.658130068331957 42.125251747667789 7.6696295440196982 11.923274889588354 17.936592549085617 7.0008281469345093 51.904498212039471 29.824803680181503
leaf_count=191 684 438 378 387 34 111 232 1029 217 600 1314 59 24 144 11 406 747 520 109 438 68 337 978 651 58 53 90 45 540 204
internal_value=0 0.00236483 -0.00122997 -0.00502129 -0.00312161 -0.00728391 -0.0023502 0.00475819 0.00404812 0.00250409 0.00394383 -0.00332472 -0.00566076 0.00865317 0.00142902 -0.00143645 -0.00205335 -0.00308767 0.00276123 0.000103513 0.00491775 0.00182564 0.00630411 0.00404135 -0.00242712 -0.00163513 -0.0018459 0.00212702 -0.00688292 -0.00351557
internal_weight=0 735.367 293.913 150.731 554.706 86.7312 467.975 441.454 373.385 221.671 177.763 43.9081 101.226 68.0691 13.4007 366.749 315.538 224.579 143.182 64.1379 79.0442 44.4695 151.715 76.0565 100.148 92.478 34.825 13.7308 87.495 35.5905
internal_count=11097 7460 2266 936 3637 885 2752 5194 4010 2190 1914 276 847 1184 155 1905 1673 1267 1330 547 783 405 1820 842 498 440 201 79 768 228
is_linear=0
shrinkage=0.01


Tree=220
num_leaves=31
num_cat=0
split_feature=12 0 0 1 0 12 1 1 1 1 1 0 0 12 1 4 3 0 1 1 0 0 1 1 1 0 1 3 4 1
split_gain=93.5708 62.2917 43.7351 19.9555 17.6423 17.1503 13.9872 12.1721 12.8993 15.8979 20.8409 11.1873 9.51454 8.66615 12.4051 8.43482 8.18559 9.9096 8.1422 21.6056 13.2849 30.763 10.2474 7.50686 7.53327 7.44655 34.6495 7.12797 6.76797 6.65416
threshold=1.9592252154137344 4296066.5000000009 4301512.5000000009 174026445959.50003 4296066.5000000009 3.8142617563909882 174026439498.00003 2883033186372.5005 1955683344136.5002 2452704926503.5005 2482915538113.0005 4295248.5000000009 4296517.5000000009 1.9393065999967327 3475289746758.5005 27.500000000000004 27.500000000000004 4299125.5000000009 2482915549923.5005 2547630269000.5005 4305469.5000000009 4305780.0000000009 2482915554044.5005 4363500793924.5005 1862882928450.5002 4295326.5000000009 1862882903109.5002 56.500000000000007 59.500000000000007 174026424700.00003
decision_type=2 2 2 2 2 2 2 2 2 2 2 2 2 2 2 2 2 2 2 2 2 2 2 2 2 2 2 2 2 2
left_child=1 7 3 -3 5 -2 12 8 25 11 -11 -10 29 -9 -15 -8 -17 -18 20 22 -4 -22 -20 24 -5 26 -1 -7 -14 -6
right_child=4 2 18 23 6 27 15 13 9 10 -12 -13 28 14 -16 16 17 -19 19 -21 21 -23 -24 -25 -26 -27 -28 -29 -30 -31
leaf_value=-0.0032771588753177255 -0.010920708453166292 -0.010131488057143761 0.010132918121701258 -0.0040249658618112831 0.0091848097821150294 -0.0065058126491739452 0.0023406748305361152 0.01041603810910363 -0.0042185951417203467 0.010095865449351848 0.0020134763555053449 0.011048729718414701 -0.0034903656047066689 0.0063208871371844442 -0.017543504354520775 0.00049535479809893865 -0.0014265514928775084 -0.0057644010183594196 0.0018023713610662718 0.0048165335044072872 -0.011075408410250598 0.0072084084304732945 -0.011006524241545499 -0.011953572880795189 0.0017684844691691387 0.0085425751717830133 0.010682208965381522 0.0025528442631428802 -0.0091650680959579102 -0.0047387209989197604
leaf_weight=33.990040645003319 51.444451063871384 50.207077838480473 30.352585315704346 54.056568294763565 6.750527471303938 16.827614821493626 51.216588243842125 54.165600627660751 43.388320595026016 41.731322757899761 135.46796584129333 5.3964983299374572 35.489876344799995 10.607484906911848 2.7410853803157798 90.96873214840889 139.76279317587614 84.50503134727478 9.5484455972909945 41.928385809063911 13.39746870100498 29.387764975428581 18.057638466358185 7.6079089418053618 38.379927322268486 74.786625079810619 37.288027752190828 17.954340696334839 51.537614539265633 6.9829067066311836
leaf_count=191 684 438 347 275 34 111 232 1029 244 600 1314 63 228 144 11 406 747 520 67 438 68 324 86 58 165 974 624 90 540 45
internal_value=0 0.00235051 -0.00122179 -0.00498708 -0.00309756 -0.00725361 -0.00233054 0.00473109 0.00402221 0.00252523 0.00391692 -0.00252975 -0.00563022 0.00863747 0.00142041 -0.00142326 -0.00203478 -0.00306107 0.00274352 0.000293487 0.00507285 0.00148314 -0.00657616 -0.00240536 -0.00161951 0.00633827 0.00402547 -0.00182976 -0.00685092 0.00210525
internal_weight=0 732.487 292.924 150.251 553.44 86.2264 467.214 439.563 372.049 225.984 177.199 48.7848 100.761 67.5142 13.3486 366.453 315.237 224.268 142.672 69.5345 73.1378 42.7852 27.6061 100.044 92.4365 146.065 71.2781 34.782 87.0275 13.7334
internal_count=11097 7460 2266 936 3637 885 2752 5194 4010 2221 1914 307 847 1184 155 1905 1673 1267 1330 591 739 392 153 498 440 1789 815 201 768 79
is_linear=0
shrinkage=0.01


Tree=221
num_leaves=31
num_cat=0
split_feature=2 0 0 1 4 1 0 12 1 1 2 1 1 4 0 0 0 1 1 1 0 0 0 2 12 1 2 12 13 2
split_gain=97.8702 63.1012 43.8235 19.2118 18.167 12.319 11.9318 17.4469 10.5478 13.4112 11.3262 9.42224 9.32277 7.8536 8.32748 40.8886 11.7951 7.78363 18.4234 9.2556 7.77666 5.74737 9.6663 5.20235 4.72692 6.23831 5.60728 11.032 5.27921 7.44519
threshold=60.500000000000007 4296358.0000000009 4300627.0000000009 174026437347.50003 25.500000000000004 174026445959.50003 4294665.5000000009 3.8142617563909882 2883033186372.5005 2777491174764.5005 92.500000000000014 3475289743715.0005 702778647780.50012 70.500000000000014 4305780.0000000009 4305469.5000000009 5575758.5000000009 1955683344136.5002 2452704926503.5005 1862882907023.5002 5575758.5000000009 4277441.5000000009 4295248.5000000009 81.500000000000014 2.9355504161835038 174026424700.00003 28.500000000000004 3.8396287489833383 3.9104172329531406 33.500000000000007
decision_type=2 2 2 2 2 2 2 2 2 2 2 2 2 2 2 2 2 2 2 2 2 2 2 2 2 2 2 2 2 2
left_child=3 8 4 24 -3 -6 7 -5 9 17 11 -10 -7 -4 15 -15 -16 19 -19 -2 -8 -11 -23 -13 -1 26 -26 -28 29 -27
right_child=1 2 13 6 5 12 20 -9 10 21 -12 23 -14 14 16 -17 -18 18 -20 -21 -22 22 -24 -25 25 28 27 -29 -30 -31
leaf_value=-0.0096601527027136199 0.00424205038549563 0.012277207657570777 0.013731168286909739 -0.010876752973815015 -0.0094708917519411694 0.0089971867827702817 -0.0014814113486227686 0.0012634553803379214 0.0093420236659259286 0.0042299350879884783 0.010373514741984915 0.00010248203555408337 -0.0041617218526131955 0.0036133705054714783 0.0067137596424123834 -0.012530277416480336 -0.011606893432785545 -0.0021659149254040326 0.0048194697002169095 0.0092691243797942777 -0.011369562354558429 -0.012080124112788677 0.0068482596601763882 -0.015481134317666146 -0.0092233223381574889 -0.0069964964037541703 -0.0040778344539857351 0.012429861843952452 -0.010449393617543172 0.010830734454967387
leaf_weight=44.686681687831879 99.82191302254796 6.0760207027196875 6.1188063770532599 35.399989865720272 49.857978798449039 5.6710351258516303 328.8790608048439 17.784830540418625 7.2500131055712727 6.105393439531329 54.224474892020226 5.4934661239385587 106.3750778734684 81.101078994572163 48.919062666594982 19.452163100242615 3.786130264401435 49.749311529099941 156.618582226336 57.849760271608829 8.1506974622607213 10.794119730591772 3.5970017462968817 3.5115808323025703 6.9287619963288334 9.4798106923699361 12.349728323519232 6.0226562768220893 26.626590982079506 3.1115919798612586
leaf_count=550 935 29 26 484 430 30 1701 91 116 41 1032 29 534 745 523 99 32 311 1786 923 85 63 26 22 50 74 79 33 200 18
internal_value=0 0.00221346 -0.00113476 -0.00345277 -0.00469867 -0.00533575 -0.00241519 -0.00681711 0.00462231 0.00397049 0.00817866 0.000856934 -0.0034957 0.00262152 0.00217797 0.00049036 0.00539768 0.00441362 0.0031355 0.00608648 -0.00172055 -0.00389996 -0.00734905 -0.00597446 -0.00716026 -0.00542881 -0.00155746 0.00133356 -0.00792637 -0.00259102
internal_weight=0 782.373 327.357 499.42 167.98 161.904 390.215 53.1848 455.016 384.536 70.4795 16.2551 112.046 159.377 153.258 100.553 52.7052 364.04 206.368 157.672 337.03 20.4965 14.3911 9.00505 109.206 64.5191 25.3011 18.3724 39.218 12.5914
internal_count=11097 7732 2448 3365 1023 994 2361 575 5284 4085 1199 167 564 1425 1399 844 555 3955 2097 1858 1786 130 89 51 1004 454 162 112 292 92
is_linear=0
shrinkage=0.01


Tree=222
num_leaves=31
num_cat=0
split_feature=2 0 0 1 0 12 12 1 1 1 2 1 1 0 0 0 0 1 1 1 1 1 0 0 1 2 12 1 2 12
split_gain=96.195 62.0977 43.0691 19.0339 11.8147 17.3343 11.6659 12.8809 10.5127 13.1898 11.2744 9.27859 8.30473 7.74572 9.88114 27.3388 7.70946 7.70125 18.1384 9.2455 5.81485 7.15084 5.61189 9.40859 5.35058 5.06116 4.72524 6.1761 5.52991 10.7666
threshold=60.500000000000007 4296358.0000000009 4300627.0000000009 174026437347.50003 4294665.5000000009 3.8142617563909882 2.8912802780207456 174026445959.50003 2883033186372.5005 2777491174764.5005 92.500000000000014 3475289743715.0005 702778647780.50012 5575758.5000000009 4305780.0000000009 4305469.5000000009 5575758.5000000009 1955683344136.5002 2452704926503.5005 1862882907023.5002 702778649454.50012 2384994531138.5005 4277441.5000000009 4295248.5000000009 2482915554044.5005 81.500000000000014 2.9355504161835038 174026424700.00003 28.500000000000004 3.8396287489833383
decision_type=2 2 2 2 2 2 2 2 2 2 2 2 2 2 2 2 2 2 2 2 2 2 2 2 2 2 2 2 2 2
left_child=3 8 6 26 5 -5 7 -3 9 17 11 -10 -9 14 15 -4 -6 19 -19 -2 -8 -22 -11 -24 -16 -13 -1 28 -28 -30
right_child=1 2 13 4 16 -7 20 12 10 22 -12 25 -14 -15 24 -17 -18 18 -20 -21 21 -23 23 -25 -26 -27 27 -29 29 -31
leaf_value=-0.0096398969390511895 0.0042104315775396512 -0.010051154767317308 0.003863406320277219 -0.010867310750714548 -0.0014673315786177888 0.0012501781202356927 0.0096423984368324885 0.0091142703779904122 0.0093241156697898408 0.0041986470875193969 0.010364519501467329 0.00010146015396975766 -0.0043557036011428584 -0.01158839142382798 0.0094768668815390575 -0.0085560774424410634 -0.01135453763391326 -0.0021418166346937276 0.0047895436407131018 0.0092497415313274618 -0.0055964469303803888 0.00662203003800476 -0.011879996869527962 0.0068093300351752045 0.0027498812771597383 -0.015244345144240976 -0.0091867515252680877 -0.0078910659770084508 -0.0040462949866364294 0.012237669484940917
leaf_weight=44.334539890289307 99.567106891423464 47.667206518352032 83.926821902394295 35.078053377568722 328.71529421210289 17.793926373124123 6.4178591519594219 4.8289592713117591 7.1915906891226795 6.089462116360667 53.731292229145765 5.4933129623532277 87.764464408159256 3.7544123008847228 28.43772030621767 22.469792135059834 8.0802211910486204 49.805679231882095 156.0241873934865 57.393564585596323 13.437717095017435 7.4428564906120291 10.865830540657042 3.5814686119556418 20.238758809864521 3.5303691402077675 6.886990278959277 39.001048661768436 12.321671552956106 6.0559007078409186
leaf_count=550 935 422 758 484 1701 91 29 26 116 41 1032 29 451 32 317 112 85 311 1786 923 61 34 63 26 206 22 50 292 79 33
internal_value=0 0.00219903 -0.00112679 -0.00342626 -0.00239445 -0.0067892 -0.00466347 -0.00582754 0.00459384 0.0039433 0.00815899 0.000850705 -0.00365321 0.00260432 0.00294793 0.00124055 -0.00170454 0.00438464 0.00311233 0.00605308 0.00131754 -0.00124118 -0.00385315 -0.00724693 0.00667991 -0.00590234 -0.0071285 -0.00539598 -0.0015443 0.00131971
internal_weight=0 779.66 326.387 498.268 389.667 52.872 167.559 140.261 453.274 383.327 69.9466 16.2153 92.5934 158.828 155.073 106.397 336.796 362.791 205.83 156.961 27.2984 20.8806 20.5368 14.4473 48.6765 9.02368 108.6 64.2656 25.2646 18.3776
internal_count=11097 7732 2448 3365 2361 575 1023 899 5284 4085 1199 167 477 1425 1393 870 1786 3955 2097 1858 124 95 130 89 523 51 1004 454 162 112
is_linear=0
shrinkage=0.01


Tree=223
num_leaves=31
num_cat=0
split_feature=2 0 0 1 4 3 1 1 1 2 0 1 4 0 0 0 1 1 1 0 12 3 0 0 0 3 1 1 2 2
split_gain=94.5454 61.1089 42.3316 18.8505 17.6548 12.6551 12.2216 10.4771 12.972 11.2228 9.28652 9.13747 7.76307 8.1422 39.7496 11.4733 7.6194 17.8576 9.23468 6.88575 17.2226 8.87517 11.8397 5.48017 9.15956 5.44411 5.09622 7.02859 5.19686 4.92474
threshold=60.500000000000007 4296358.0000000009 4300627.0000000009 174026437347.50003 25.500000000000004 28.500000000000004 174026445959.50003 2883033186372.5005 2777491174764.5005 92.500000000000014 4298528.0000000009 3475289743715.0005 70.500000000000014 4305780.0000000009 4305469.5000000009 5575758.5000000009 1955683344136.5002 2452704926503.5005 1862882907023.5002 4294665.5000000009 3.8142617563909882 31.500000000000004 4297928.5000000009 4277441.5000000009 4295248.5000000009 55.500000000000007 4363500793924.5005 4092079265968.5005 52.500000000000007 81.500000000000014
decision_type=2 2 2 2 2 2 2 2 2 2 2 2 2 2 2 2 2 2 2 2 2 2 2 2 2 2 2 2 2 2
left_child=3 7 4 -1 -3 26 -6 8 16 11 -8 -9 -4 14 -14 -15 18 -18 -2 20 -7 -21 -23 -10 -25 -22 27 28 -5 -13
right_child=1 2 12 5 6 19 10 9 23 -11 -12 29 13 15 -16 -17 17 -19 -20 21 25 22 -24 24 -26 -27 -28 -29 -30 -31
leaf_value=-0.0070957509863965249 0.004178978158603493 0.01215885859381793 0.013639710730376653 -0.0017390525690190674 -0.0094138404807463435 -0.010857977872989378 -0.0062893904829929561 0.0093061992731216306 0.0041675311720278515 0.010355560505383188 -0.00052779940440138339 0.0001004484280944417 0.0035541093840179444 0.0066472575053024624 -0.012423375694753937 -0.011570131641665111 -0.0021180164457572999 0.0047597102127314292 0.009230343355097136 -0.0069677909759702427 -0.0051437844490527787 0.0015376616560849449 -0.0037096934647523269 -0.011685045383829768 0.0067705377824387614 0.0060295045772628545 0.0086863174767372719 -0.012004032600158468 0.0028862531358877668 -0.015013312125565399
leaf_weight=108.01449478417635 99.314615465700626 6.0378666371107093 6.1093449592590323 49.704413622617722 49.17217880487442 34.758722029626369 56.418973997235298 7.1336722671985653 6.0736578255891827 53.242448631674051 55.488322876393795 5.493161313235758 80.750917412340641 48.428037285804749 19.2907495200634 3.7228921204805365 49.861410178244114 155.43507587909698 56.9413075260818 40.845482841134071 7.6360439956188229 67.166536174714565 119.50284238904715 10.936284735798834 3.5660466104745856 10.166876897215841 7.1352271139621726 4.6964337378740302 47.512230604887009 3.5487560853362083
leaf_count=1004 935 29 26 242 430 484 288 116 41 1032 276 29 745 523 99 32 311 1786 923 220 45 341 727 63 26 46 32 23 201 22
internal_value=0 0.00218468 -0.00111887 -0.0033998 -0.00462916 -0.00237387 -0.00525844 0.00456547 0.00391624 0.00813932 -0.00343255 0.000844518 0.00258689 0.00214321 0.000473216 0.00534677 0.00435577 0.00308928 0.00601975 -0.00349915 -0.00676133 -0.0027455 -0.00182161 -0.0038071 -0.00714692 0.00123705 0.000516252 -5.57574e-05 0.000521451 -0.00583137
internal_weight=0 776.966 325.419 497.139 167.117 389.125 161.079 451.546 382.128 69.418 111.907 16.1756 158.302 152.193 100.042 52.1509 361.552 205.296 156.256 280.077 52.5616 227.515 186.669 20.576 14.5023 17.8029 109.048 101.913 97.2166 9.04192
internal_count=11097 7732 2448 3365 1023 2361 994 5284 4085 1199 564 167 1425 1399 844 555 3955 2097 1858 1863 575 1288 1068 130 89 91 498 466 443 51
is_linear=0
shrinkage=0.01


Tree=224
num_leaves=31
num_cat=0
split_feature=2 0 0 1 4 3 1 1 1 2 0 1 4 0 0 0 1 1 1 0 13 3 0 0 0 3 2 13 1 13
split_gain=92.9305 60.1337 41.609 18.6432 17.3602 12.4425 12.1596 10.4409 12.7578 11.1713 9.12799 8.99883 7.61658 8.03321 39.1262 11.315 7.53806 17.5807 9.22313 6.8418 17.1063 8.74251 11.6248 5.35207 8.91881 5.33485 4.99984 8.82746 14.2987 5.98598
threshold=60.500000000000007 4296358.0000000009 4300627.0000000009 174026437347.50003 25.500000000000004 28.500000000000004 174026445959.50003 2883033186372.5005 2777491174764.5005 92.500000000000014 4298528.0000000009 3475289743715.0005 70.500000000000014 4305780.0000000009 4305469.5000000009 5575758.5000000009 1955683344136.5002 2452704926503.5005 1862882907023.5002 4294665.5000000009 3.9052022367380075 31.500000000000004 4297928.5000000009 4277441.5000000009 4295248.5000000009 55.500000000000007 56.500000000000007 3.9130545985152216 2384994534721.0005 3.9270473227132068
decision_type=2 2 2 2 2 2 2 2 2 2 2 2 2 2 2 2 2 2 2 2 2 2 2 2 2 2 2 2 2 2
left_child=3 7 4 -1 -3 26 -6 8 16 11 -8 -9 -4 14 -14 -15 18 -18 -2 20 -7 -21 -23 -10 -25 -22 29 28 -28 -5
right_child=1 2 12 5 6 19 10 9 23 -11 -12 -13 13 15 -16 -17 17 -19 -20 21 25 22 -24 24 -26 -27 27 -29 -30 -31
leaf_value=-0.0070599118211622045 0.0041476899868060461 0.012085621353780818 0.013527122795847122 -0.0023910143083744257 -0.0093820481864281286 -0.010848753223038951 -0.0062373136742317203 0.0092882716575227661 0.0041365875913461315 0.01034663722757595 -0.00052256043708435041 -0.005761539218667045 0.0035258561444573341 0.0066135229059934835 -0.012360956614342682 -0.011552109289026167 -0.0020945099356281093 0.0047299701420957406 0.0092109285372920513 -0.0069195420751082806 -0.0051067584919411071 0.0015216769610971654 -0.0036787320425399938 -0.01149506660201354 0.0067318814397842831 0.0059585044941795895 -0.0082038265643116937 0.012000946164283613 0.012501745186419819 0.0033445441369549084
leaf_weight=107.47988273203373 99.064423829317093 6.01383152604103 6.0986454039812079 58.921675711870193 48.847048714756966 34.441981740295887 56.321621052920818 7.0762546285986927 6.0579801052808788 52.757911805063486 55.484188050031662 9.0597632154822332 80.584842927753925 48.189509816467762 19.194762162864208 3.691570132970809 49.916510738432407 154.85120219737291 56.492963418364525 40.719622492790222 7.6146023273468044 67.193238586187363 119.3045327886939 11.005506068468092 3.5507356375455847 10.185050606727598 8.8807870447635668 9.5531671643257123 5.3410687297582617 26.326550379395485
leaf_count=1004 935 29 26 275 430 484 288 116 41 1032 276 51 745 523 99 32 311 1786 923 220 45 341 727 63 26 46 37 40 22 124
internal_value=0 0.00217047 -0.00111112 -0.00337389 -0.00459536 -0.00235409 -0.00521979 0.00453719 0.0038893 0.00811966 -0.00340134 0.000838373 0.00256986 0.00212924 0.000469685 0.00532096 0.00432701 0.00306636 0.00598648 -0.0034719 -0.00673507 -0.00272164 -0.00180508 -0.0037618 -0.00704893 0.00122484 0.000511185 0.00456627 -0.000427775 -0.000619746
internal_weight=0 774.259 324.426 495.962 166.667 388.482 160.653 449.833 380.939 68.8939 111.806 16.136 157.759 151.661 99.7796 51.8811 360.325 204.768 155.557 279.459 52.2416 227.217 186.498 20.6142 14.5562 17.7997 109.023 23.775 14.2219 85.2482
internal_count=11097 7732 2448 3365 1023 2361 994 5284 4085 1199 564 167 1425 1399 844 555 3955 2097 1858 1863 575 1288 1068 130 89 91 498 99 59 399
is_linear=0
shrinkage=0.01


Tree=225
num_leaves=31
num_cat=0
split_feature=2 1 1 3 1 1 1 1 2 1 4 1 12 12 12 1 1 1 1 2 12 1 2 12 13 2 12 3 2 1
split_gain=91.3416 33.65 18.4377 12.2336 8.77691 19.7363 14.4295 85.6248 10.3466 10.8533 6.71916 6.33967 5.62754 11.4957 12.5442 11.011 8.11524 4.96311 6.90395 5.07582 4.82257 6.17433 5.50501 10.5774 5.33738 7.38692 4.78681 5.0294 4.71642 4.17182
threshold=60.500000000000007 1119808862276.5002 174026437347.50003 28.500000000000004 3704300934115.0005 2883033186372.5005 2482915554044.5005 2547630267620.5005 92.500000000000014 3475289746758.5005 26.500000000000004 2452704926503.5005 3.8641164028099055 2.9407542094424932 1.9842187211896343 702778648565.00012 702778650022.50012 4363500793924.5005 4092079265968.5005 52.500000000000007 2.9355504161835038 174026424700.00003 28.500000000000004 3.8396287489833383 3.9104172329531406 33.500000000000007 1.9855520618694149 31.500000000000004 102.50000000000001 4363500795869.5005
decision_type=2 2 2 2 2 2 2 2 2 2 2 2 2 2 2 2 2 2 2 2 2 2 2 2 2 2 2 2 2 2
left_child=2 10 20 17 5 6 11 -8 9 -7 -2 -3 13 14 -5 -15 -14 18 19 -4 -1 22 -22 -24 25 -23 28 -28 -12 -6
right_child=1 4 3 12 29 8 7 -9 -10 -11 26 -13 16 15 -16 -17 -18 -19 -20 -21 21 24 23 -25 -26 -27 27 -29 -30 -31
leaf_value=-0.009589937908275897 0.0079775680200332572 0.0032741514110808216 -0.0017234877420751909 -0.0026213763468141585 0.00091338677346463129 0.0053115282648527849 -0.016060059564728283 0.004045693584412707 0.010510430237036919 -0.016941503894651152 0.0097819978072852705 0.0064154916977242175 0.0039714702465309861 0.0061058995322445129 -0.008749627082344032 -0.0020402813074446263 -0.0099089930050911164 0.0085638912038145994 -0.011936967463901603 0.0028481934309390346 -0.0090941708843847169 -0.0068369894867855987 -0.0039048840764206285 0.012267214183143305 -0.010354170335735212 0.010992690416365374 -4.6112725060765227e-05 -0.012121504690303557 -0.001677937035602864 -0.0064915926126209627
leaf_weight=43.476103253662586 7.1512750536203376 210.4412586055696 49.672497689723969 97.25195787101984 59.287481367588043 10.843314632773398 25.925026670098305 115.76720730960369 57.814938269555569 2.7469470351934424 3.6725777536630622 92.476261749863625 5.0751526802778271 20.939159169793129 50.875326335430145 79.936810605227947 24.767322152853012 7.1431850641965857 4.6690620332956305 47.518779963254929 6.7816827893257168 9.3020568341016752 12.196452006697657 6.0507798343896857 26.044942997395992 3.0974245667457572 5.6518822759389868 8.8501100838184339 162.21433439850807 8.7281851842999441
leaf_count=550 34 2112 242 724 388 146 129 1141 1059 11 25 1161 26 98 480 392 143 32 23 201 50 74 79 33 200 18 24 69 1353 80
internal_value=0 0.00215633 -0.0033481 -0.00233443 0.00333974 0.0037848 0.00300106 0.000367001 0.00866487 0.000813609 -0.00152899 0.00423316 -0.00344484 -0.00295303 -0.00472617 -0.000349352 -0.00754842 0.000506147 -5.89209e-05 0.0005117 -0.00702415 -0.00526672 -0.00140131 0.00145778 -0.00778326 -0.00238309 -0.00190587 -0.00741534 -0.00142423 -3.68653e-05
internal_weight=0 771.571 494.799 387.849 584.031 516.015 444.61 141.692 71.4052 13.5903 187.54 302.918 278.846 249.003 148.127 100.876 29.8425 109.004 101.86 97.1913 106.949 63.4733 25.0289 18.2472 38.4444 12.3995 180.389 14.502 165.887 68.0157
internal_count=11097 7732 3365 2361 6227 5759 4543 1270 1216 157 1505 3273 1863 1694 1204 490 169 498 466 443 1004 454 162 112 292 92 1471 93 1378 468
is_linear=0
shrinkage=0.01


Tree=226
num_leaves=31
num_cat=0
split_feature=2 0 0 1 1 0 13 1 1 1 0 1 1 1 1 0 0 2 1 1 0 13 1 1 1 3 1 2 13 4
split_gain=89.7582 54.0019 38.0641 18.5402 15.7118 12.6428 16.8314 12.0445 12.2838 10.9439 14.1466 11.4421 9.44136 18.1189 13.138 12.217 22.8514 8.44287 11.4451 8.32485 7.97501 7.57568 6.73151 7.76776 6.03185 5.87128 5.57202 5.75847 9.59187 5.392
threshold=65.500000000000014 4296066.5000000009 4301512.5000000009 174026445959.50003 174026434482.00003 4294665.5000000009 3.9052022367380075 2883033186372.5005 174026447279.00003 702778651081.00012 4295362.5000000009 2384994529944.5005 2482915543568.5005 2547630269000.5005 2482915554044.5005 4305469.5000000009 4305780.0000000009 92.500000000000014 3475289746758.5005 174026434801.50003 5575758.5000000009 2.9674747924529803 4363500794354.0005 1862882928450.5002 1861025319719.5002 58.500000000000007 174026424700.00003 28.500000000000004 3.9185875438512787 55.500000000000007
decision_type=2 2 2 2 2 2 2 2 2 2 2 2 2 2 2 2 2 2 2 2 2 2 2 2 2 2 2 2 2 2
left_child=4 7 3 25 21 6 -6 8 -2 10 -10 -11 15 14 -14 -4 -17 18 -9 -7 24 -1 23 -5 -21 -3 27 -23 -29 -8
right_child=1 2 12 22 5 19 29 17 9 11 -12 -13 13 -15 -16 16 -18 -19 -20 20 -22 26 -24 -25 -26 -27 -28 28 -30 -31
leaf_value=-0.010193014778649645 0.010425911249044923 0.0049897539312904783 0.010740745818068791 -0.0036226985030110314 -0.010835419989776216 0.016799527063423005 -0.0091152947481275542 0.0061941459592004099 -0.015522987562894735 0.0063160459211130593 0.0070030348130625669 0.0023539026308544561 0.0019176181069436955 0.0047337581042931811 -0.010935267933287479 -0.008027166482993545 0.0075852193952741795 0.010371342497826149 -0.016765318536093358 -0.0030427473769143805 -0.011303637823551475 -0.0090580828344986805 -0.011716924602702019 0.002006338571540207 -0.00045885973234048306 -0.010042213086061803 -0.0074190997756098222 -0.003060122306605319 0.012078943529683124 0.0031159980602943078
leaf_weight=38.937046743929386 26.381517648696899 2.7442690879106513 26.880445346236229 59.901427179574966 36.174061194062233 2.4278475642204276 4.6222069039940861 10.342744991183279 6.7673463523387891 109.49161941930652 4.7411345094442368 218.01384370028973 14.20156032592058 41.048003181815147 18.07518957555294 14.49967238306999 26.525856390595436 51.325890690088272 2.7480503320693961 156.99776821583509 8.5879383161663991 6.7408197298646 6.6334574073553076 41.497820928692818 212.80301026254892 48.873852297663689 29.623812399804592 13.411371007561685 6.083474561572074 16.364080399274826
leaf_count=495 298 13 310 303 515 19 27 144 35 1440 49 2190 130 438 86 74 298 1029 11 941 93 50 54 179 1016 439 220 84 33 84
internal_value=0 0.00228152 -0.000967695 -0.00431303 -0.00311582 -0.00231689 -0.00670226 0.00455607 0.0038532 0.00334172 -0.00624297 0.00367853 0.00281395 0.000325776 -0.00528008 0.00550068 0.00206733 0.00854299 0.00137444 -0.00165865 -0.00177708 -0.00680706 -0.00195746 -0.00131901 -0.00155584 -0.00924304 -0.00444686 -0.00109078 0.00166411 0.000422069
internal_weight=0 730.694 300.882 159.651 532.773 437.977 57.1603 429.812 365.395 339.014 11.5085 327.505 141.231 73.3248 32.2767 67.906 41.0255 64.4167 13.0908 380.817 378.389 94.7965 108.033 101.399 369.801 51.6181 55.8595 26.2357 19.4948 20.9863
internal_count=11097 7520 2324 988 3577 2695 626 5196 4012 3714 84 3630 1336 654 216 682 372 1184 155 2069 2050 882 536 482 1957 452 387 167 117 111
is_linear=0
shrinkage=0.01


Tree=227
num_leaves=31
num_cat=0
split_feature=2 0 0 4 0 12 0 0 0 0 0 0 0 0 12 0 0 0 4 0 2 12 12 2 12 2 0 2 0 0
split_gain=88.2416 57.8312 40.2834 20.1933 13.8328 15.7387 9.34708 8.18852 61.458 7.84659 8.04846 28.4199 6.48252 8.499 6.25141 5.88908 5.65881 60.0737 4.9293 4.60814 5.35433 13.8861 4.54204 2.79515 3.90583 2.77126 4.12156 1.71184 1.44561 1.43116
threshold=60.500000000000007 4296358.0000000009 4301512.5000000009 25.500000000000004 4294665.5000000009 3.8142617563909882 4305671.5000000009 4277344.0000000009 4277361.5000000009 5575758.5000000009 4305780.0000000009 4305469.5000000009 4298528.0000000009 4296814.0000000009 3.8241557396950614 4298705.5000000009 4277441.5000000009 4277462.5000000009 26.500000000000004 4296552.0000000009 26.500000000000004 2.9509594202503071 3.8205726698917655 25.500000000000004 3.8680230126305175 23.500000000000004 4277688.5000000009 57.500000000000007 4306603.0000000009 4277403.5000000009
decision_type=2 2 2 2 2 2 2 2 2 2 2 2 2 2 2 2 2 2 2 2 2 2 2 2 2 2 2 2 2 2
left_child=4 7 3 -3 5 -1 19 -2 -9 10 11 -4 13 -5 -7 -14 29 -18 -8 23 21 -21 -22 -6 -25 -16 -27 -20 -12 -10
right_child=1 2 9 12 6 14 18 8 16 -11 28 -13 15 -15 25 -17 17 -19 27 20 22 -23 -24 24 -26 26 -28 -29 -30 -31
leaf_value=-0.010824251543731683 0.008772579226816242 0.012356949882987772 0.0046335810439631876 -0.0024468697300385144 -0.0046336301302035273 0.0075118889086314283 0.0025352841927023671 -0.027985937357428159 0.0058941938917307923 -0.011549906223529461 0.0054818105808681263 -0.008369921157176656 0.0030586342823839224 -0.0092203650684693945 0.0020850693203694347 -0.0041502722896980485 -0.031388980277294282 0.0045213848814641654 -0.01098350868392598 0.0034896435521770464 -0.0043346517303470338 -0.0072338517974414387 -0.0016652254859357072 0.00185401059679842 -0.0086136631662639199 -0.007873783533337661 0.0031301128635297755 -0.0025948254977005481 0.0093661274140748839 0.009090076664647135
leaf_weight=46.936315290629864 40.086184628307819 7.0195854604244223 69.752684950828552 27.850680574774742 9.9186080098152143 5.9201142787933341 3.6424037069082287 5.9066724628210059 28.722234353423119 3.6869963631033889 34.382439650595188 22.142968572676182 13.340626627206801 55.317841567099094 6.0915335342288044 75.26560977846384 4.7235119193792334 338.38651443645358 20.353455752134327 38.695853069424629 157.48496587574482 17.553247347474098 107.07995389401913 51.576130174100399 3.8292684853076926 16.392367325723175 4.2958614379167548 2.7628442496061316 13.282738216221331 27.359718639403582
leaf_count=674 535 34 685 174 43 26 16 26 351 32 342 112 74 362 34 452 22 3990 211 175 1055 105 573 278 20 107 26 22 181 360
internal_value=0 0.00212611 -0.00110189 -0.00426762 -0.00329766 -0.00711362 -0.00256167 0.00446121 0.00403458 0.00284941 0.00322981 0.00150029 -0.00494698 -0.00695212 -0.0017875 -0.00306489 0.00450837 0.00402702 -0.00827719 -0.00216559 -0.00265854 0.00014324 -0.00325423 0.000255335 0.00113055 -0.00384328 -0.00558885 -0.0099809 0.00656424 0.00745331
internal_weight=0 767.227 322.042 178.794 492.533 79.6362 412.897 445.185 405.099 143.248 139.561 91.8957 171.775 83.1685 32.6999 88.6062 399.192 343.11 26.7587 386.138 320.814 56.2491 264.565 65.324 55.4054 26.7798 20.6882 23.1163 47.6652 56.082
internal_count=11097 7732 2448 1096 3365 867 2498 5284 4749 1352 1320 797 1062 536 193 526 4723 4012 249 2249 1908 280 1628 341 298 167 133 233 523 711
is_linear=0
shrinkage=0.01


Tree=228
num_leaves=31
num_cat=0
split_feature=12 0 0 1 0 12 1 4 0 1 12 1 1 1 0 0 1 1 0 0 1 12 1 0 1 1 12 4 1 1
split_gain=81.2817 55.578 39.0682 19.4513 16.5383 16.9447 13.1893 12.1264 12.42 12.1237 13.6042 11.9437 12.397 17.2527 11.3336 8.6371 8.47052 17.8868 13.4125 28.8481 12.8253 8.4435 11.2484 7.93682 32.7864 7.59584 11.0413 7.48162 7.4136 7.42344
threshold=1.9592252154137344 4296066.5000000009 4301512.5000000009 174026445959.50003 4296066.5000000009 3.8142617563909882 1861025319719.5002 60.500000000000007 4296358.0000000009 2777491174764.5005 3.8338504663272626 2883033186372.5005 2384994529944.5005 2384994533778.0005 4277688.5000000009 4296552.0000000009 2482915543568.5005 2547630269000.5005 4305469.5000000009 4305780.0000000009 2482915554044.5005 1.9393065999967327 3475289746758.5005 4295326.5000000009 1862882903109.5002 702778650022.50012 4.6884573824664786 56.500000000000007 4363500793924.5005 4092079268914.0005
decision_type=2 2 2 2 2 2 2 2 2 2 2 2 2 2 2 2 2 2 2 2 2 2 2 2 2 2 2 2 2 2
left_child=1 11 3 -3 5 -2 7 25 -9 10 15 12 23 -14 -15 -8 18 20 -4 -20 -18 -13 -23 24 -1 26 -6 -27 29 -5
right_child=4 2 16 28 6 -7 9 8 -10 -11 -12 21 13 14 -16 -17 17 -19 19 -21 -22 22 -24 -25 -26 27 -28 -29 -30 -31
leaf_value=-0.0035256772600186586 -0.010854448068821613 -0.0099857767520172089 0.010719292117263572 -0.0025606275412752115 -0.00093534662017618524 -0.0016573483118173375 0.0086750607646750109 0.010691458304889708 -0.0066125457220532671 -0.0028119298018128742 -0.010544767959307923 0.010359832882149662 -0.0054403188425524501 0.0048106485485584199 -0.00066400493642469565 0.0014246204871210838 0.0018578489782167104 0.004686373711020415 -0.010694952756867007 0.0075412550264806677 -0.010852955137167317 0.0061410946026982695 -0.01663952248412812 0.0084217815187152129 0.0098843158579171239 -0.0074300045242713456 0.012644883133416857 0.0063038857098798489 -0.011879044531096419 0.0058969598974929266
leaf_weight=33.57997627556324 48.186039812862873 48.085652999579906 26.551072157919407 80.070225149393082 76.403207130730152 34.286174796521664 20.327251940965652 4.2991779670119277 117.87630907446146 108.63272515684366 8.2129456549882871 50.60738755017519 25.425316356122494 139.5516809374094 51.868930615484715 85.697154551744461 14.132012307643889 40.748628579080105 12.956380143761633 26.248469345271587 18.111993700265884 10.252413883805273 2.7486027330160132 72.323471147567034 39.89043577760458 28.649057850241661 6.4959856569766989 4.6039332300424567 7.3836710080504409 11.923362538218496
leaf_count=191 684 438 310 387 427 201 89 31 1001 584 44 1029 140 1578 472 371 130 438 68 298 86 144 11 978 651 150 29 26 58 53
internal_value=0 0.00222764 -0.00118082 -0.0047646 -0.00290647 -0.00703094 -0.00216893 -0.00380426 -0.00600364 -0.000420178 0.00185423 0.00451631 0.00381525 0.00229919 0.00332719 0.00281469 0.00262804 0.000282902 0.00523127 0.00151457 -0.00528202 0.00851318 0.00132494 0.00607014 0.00375522 -0.00149082 0.000128801 -0.00552852 -0.00223823 -0.00146443
internal_weight=0 712.46 286.211 147.463 543.67 82.4722 461.198 238.328 122.175 222.87 114.237 426.248 362.64 216.846 191.421 106.024 138.749 72.9926 65.7559 39.2048 32.244 63.6084 13.001 145.794 73.4704 116.152 82.8992 33.253 99.3773 91.9936
internal_count=11097 7460 2266 936 3637 885 2752 1664 1032 1088 504 5194 4010 2190 2050 460 1330 654 676 366 216 1184 155 1820 842 632 456 176 498 440
is_linear=0
shrinkage=0.01


Tree=229
num_leaves=31
num_cat=0
split_feature=2 0 0 1 4 3 1 1 1 1 1 2 1 1 4 0 0 0 0 12 3 0 0 0 3 1 1 2 12 1
split_gain=85.3324 56.0307 39.002 18.1272 16.5894 11.9256 11.9027 10.3114 12.6115 14.0977 35.3907 11.018 9.02493 8.67421 7.59386 7.67964 37.4585 11.1201 6.57769 16.7383 8.54999 11.2734 6.52566 15.9742 5.17239 4.86596 6.82607 4.90557 4.76873 6.06704
threshold=60.500000000000007 4296358.0000000009 4300627.0000000009 174026437347.50003 25.500000000000004 28.500000000000004 174026445959.50003 2883033186372.5005 2547630294093.5005 2547630277329.5005 2482915554044.5005 92.500000000000014 702778647780.50012 3475289743715.0005 70.500000000000014 4305780.0000000009 4305469.5000000009 5575758.5000000009 4294665.5000000009 3.8142617563909882 31.500000000000004 4297928.5000000009 4277441.5000000009 4277480.5000000009 55.500000000000007 4363500793924.5005 4092079265968.5005 52.500000000000007 2.9355504161835038 174026424700.00003
decision_type=2 2 2 2 2 2 2 2 2 2 2 2 2 2 2 2 2 2 2 2 2 2 2 2 2 2 2 2 2 2
left_child=3 7 4 28 -3 25 -6 8 9 10 -2 13 -8 -9 -4 16 -16 -17 19 -7 -20 -22 -10 -24 -21 26 27 -5 -1 -30
right_child=1 2 14 5 6 18 12 11 22 -11 -12 -13 -14 -15 15 17 -18 -19 20 24 21 -23 23 -25 -26 -27 -28 -29 29 -31
leaf_value=-0.0095236140284493519 0.0047155714541283382 0.011916451232818911 0.013458324484734486 -0.0016359077841850969 -0.0092743593156934864 -0.010808328158850808 0.008999661208235029 0.0092273189365626382 0.0041815773794471192 0.0099825624618242112 -0.0071482978261559228 0.010312652058554203 -0.0039584856618405957 -0.0056759388006825551 0.0034409125890737971 0.0065171854481152203 -0.012220474624573213 -0.011542788199543684 -0.0067881278101817565 -0.0050350254722347785 0.0015698459475985186 -0.0035637858411442895 -0.026409310339074132 -0.001787862503165392 0.005876702772505518 0.0085389243967491733 -0.011854017002002502 0.0028640885863695977 -0.0013446973742238164 -0.0076978600185471646
leaf_weight=42.316618092358112 272.40295810997486 5.9511874765157691 6.0855341404676428 49.471600905060768 47.597247526049614 33.032074764370918 5.6630627065896979 6.8850367814302436 11.843021169304846 39.402681484818459 27.701062336564064 50.689118698239326 105.56909462064505 9.0242891535162908 79.433229796588421 47.2522227242589 18.906828209757805 3.6745044589042655 40.331652879714966 7.567832916975024 67.006325885653496 118.29782932251692 3.0159677714109447 20.8647795394063 10.198177486658095 7.1442991346120825 4.6355137526988974 47.470118254423141 24.89292086660862 37.942436993122101
leaf_count=550 3101 29 26 242 430 484 30 116 103 480 220 1032 534 51 745 523 99 32 220 45 341 727 19 162 46 32 23 201 162 292
internal_value=0 0.00209951 -0.00108622 -0.00324866 -0.00447531 -0.00224399 -0.0050895 0.00440776 0.00376417 0.00435885 0.00362048 0.00803395 -0.00329876 0.000773705 0.00250856 0.00206215 0.000429859 0.00521411 -0.00334752 -0.00659856 -0.00261561 -0.00170746 -0.00188755 -0.00489738 0.00122861 0.000561828 7.6974e-07 0.000567636 -0.0069286 -0.00518098
internal_weight=0 761.962 320.133 490.307 164.781 385.155 158.829 441.829 375.23 339.507 300.104 66.5984 111.232 15.9093 155.352 149.267 98.3401 50.9267 276.434 50.7981 225.636 185.304 35.7238 23.8807 17.766 108.722 101.577 96.9417 105.152 62.8354
internal_count=11097 7732 2448 3365 1023 2361 994 5284 4085 3801 3321 1199 564 167 1425 1399 844 555 1863 575 1288 1068 284 181 91 498 466 443 1004 454
is_linear=0
shrinkage=0.01


Tree=230
num_leaves=31
num_cat=0
split_feature=1 12 0 0 0 0 12 1 1 0 0 4 1 12 1 12 1 12 0 0 3 12 12 1 0 1 1 12 1 3
split_gain=78.5887 33.2059 14.1452 55.6684 13.2957 50.6121 14.2066 12.9518 17.8907 12.0834 13.6272 11.737 11.1973 12.5596 11.1798 11.1735 9.97104 9.06605 9.04047 34.0529 10.1929 9.56676 8.77573 15.6388 9.66032 8.65574 8.28627 6.55978 5.97214 5.63619
threshold=1119808862681.0002 1.9592252154137344 4277344.0000000009 4277361.5000000009 4296517.5000000009 4295326.5000000009 1.9631289435398596 2777491177929.0005 2777491177346.5005 4296358.0000000009 4298528.0000000009 27.500000000000004 2777491175881.0005 3.8338504663272626 2883033186372.5005 3.8157201904287903 174026436988.00003 3.824945238596599 4301421.0000000009 4305469.5000000009 24.500000000000004 2.9447131231770816 3.8262176164128028 4092079271560.5005 4297419.0000000009 174026424700.00003 174026434482.00003 3.8574836708648026 702778649068.50012 28.500000000000004
decision_type=2 2 2 2 2 2 2 2 2 2 2 2 2 2 2 2 2 2 2 2 2 2 2 2 2 2 2 2 2 2
left_child=4 2 -2 -4 5 15 -7 8 12 14 -11 16 13 -3 -5 -1 17 -6 21 -20 -21 26 -9 24 -24 -8 -13 -27 -23 -25
right_child=1 7 3 9 11 6 25 22 -10 10 -12 18 -14 -15 -16 -17 -18 -19 19 20 -22 28 23 29 -26 27 -28 -29 -30 -31
leaf_value=-0.01049487422777776 0.0091329943420722353 0.0016607563486774177 -0.027572460776302394 0.0034635418383943133 0.0052794888546759938 0.008198164225053154 0.0096831327084549619 -0.0062326776737744475 0.019271541292774041 -0.0058417231033551379 0.0022082171552562082 -0.010646851305706265 -0.010789942303045101 -0.010632216183853327 0.0082859727393842595 -0.0023480857667570699 0.0054534185531743239 -0.012047555445126803 0.011722609631256205 0.0097210793377522069 -0.0072073339349039214 0.00078853394629305391 0.0092724759573048696 0.016333439826916599 -0.0080271428865850321 -0.007675732302288585 -0.0057633272440945982 0.004201324843649986 -0.0055092765242553557 0.0033401308307400394
leaf_weight=38.90280444920063 38.652503035962582 123.44236213713884 5.941584661602973 279.51731419190764 4.7604670673608771 47.819761350750923 6.0825741291046169 61.752579867839813 5.044216275215148 24.88667219877243 135.66606811434031 50.954540401697159 8.8422320485115034 8.9111270755529386 58.058424599468708 29.678415834903717 20.742916703224182 8.2582455649971944 14.458761796355246 3.8749525025486937 43.327285714447498 27.52342513948679 3.8679192811250713 5.2569520324468604 19.507163465023041 14.413785554468634 109.2208744212985 6.8649934232234946 33.24503980576992 9.14786598831415
leaf_count=487 531 594 26 3128 20 496 29 472 21 116 1203 537 39 49 1072 176 98 60 141 24 365 161 17 22 106 74 775 34 179 45
internal_value=0 0.00192196 0.00330294 0.00285588 -0.00327868 -0.000757008 0.00490999 -0.00112755 0.000766311 0.00321883 0.000960426 -0.00442456 0.000105212 0.000833092 0.00429293 -0.00696936 0.00114808 -0.00571169 -0.00509031 -0.00170466 -0.00581764 -0.00603517 -0.00391014 -0.000113881 -0.00516454 -0.000836798 -0.00731686 -0.00384394 -0.00265685 0.00808196
internal_weight=0 788.495 542.723 504.07 460.129 143.762 75.1811 245.772 146.24 498.128 160.553 316.367 141.196 132.353 337.576 68.5812 33.7616 13.0187 282.605 61.661 47.2022 220.944 99.5325 37.7799 23.3751 27.3614 160.175 21.2788 60.7685 14.4048
internal_count=11097 7441 6076 5545 3656 1296 633 1365 703 5519 1319 2360 682 643 4200 663 178 80 2182 530 389 1652 662 190 123 137 1312 108 340 67
is_linear=0
shrinkage=0.01


Tree=231
num_leaves=31
num_cat=0
split_feature=2 1 1 3 1 1 1 1 1 1 4 1 12 12 12 1 1 12 1 14 2 2 12 2 12 1 12 1 12 12
split_gain=82.5013 30.4777 17.8396 11.6489 8.1181 8.79594 53.6926 41.1135 16.2964 12.0021 6.38551 6.23964 5.51419 10.9582 12.3628 10.6834 7.89867 4.74108 5.97968 5.40816 7.28883 5.32702 9.96555 4.67803 9.77918 12.8347 5.75197 8.58671 7.0652 4.56616
threshold=60.500000000000007 1119808862276.5002 174026437347.50003 28.500000000000004 4363500795869.5005 2547630277329.5005 2482915554044.5005 2547630267620.5005 2547630292676.5005 2777491177346.5005 26.500000000000004 2452704926503.5005 3.8641164028099055 2.9407542094424932 1.9842187211896343 702778648565.00012 702778650022.50012 2.9355504161835038 174026424700.00003 3.954845576055467 33.500000000000007 28.500000000000004 3.8396287489833383 56.500000000000007 3.8294395188611343 2384994534721.0005 3.8563738582511413 702778653924.50012 2.9388056466401262 1.9855520618694149
decision_type=2 2 2 2 2 2 2 2 2 2 2 2 2 2 2 2 2 2 2 2 2 2 2 2 2 2 2 2 2 2
left_child=2 10 17 23 5 6 11 -8 -7 -10 -2 -3 13 14 -5 -15 -14 -1 21 20 -20 -19 -23 26 25 -25 28 -28 -4 -12
right_child=1 4 3 12 -6 8 7 -9 9 -11 29 -13 16 15 -16 -17 -18 18 19 -21 -22 22 -24 24 -26 -27 27 -29 -30 -31
leaf_value=-0.0094847218375726759 0.0078248977772052714 0.0031368196217849576 0.0017719884560764951 -0.0024689781247244327 -0.0064892933732728954 0.010951972514047227 -0.015737098539074072 0.0013165880468478217 -0.0014995090172362413 0.0050164085841143714 -0.0013702122386703645 0.0062853819999243036 0.0039542879123581056 0.0060877142820283938 -0.0086224441882817443 -0.0019427974327780027 -0.0097592074957141596 -0.008979448068571488 -0.0066653263157410939 -0.010261930213190804 0.011130653747743739 -0.0037871971842239052 0.011883894256961267 -0.0081368363991107702 0.012486012788587129 0.011230119063370056 0.00059676723532797466 0.015194324743365257 -0.0052547310503102442 -0.0072743707901856292
leaf_weight=41.662210389971733 7.1013345420360556 206.9855170249939 24.856514945626259 95.854286715388298 8.5062361955642682 37.460592582821846 26.115184709429741 30.820527277886868 35.577331215143204 137.61043978482485 162.39681874215603 90.443762436509132 5.0764161050319698 20.925304114818573 49.515192557126284 79.523352958261967 24.330147475004196 6.6501707285642651 9.0875879004597646 25.47567642480135 3.0820815712213507 12.073703005909922 6.1121927350759497 8.8639295995235461 9.3053479343652707 5.5734434872865668 21.29920253157616 4.9699067175388327 33.722783386707306 14.248176850378512
leaf_count=550 34 2112 109 724 80 473 129 301 305 1666 1378 1161 26 98 480 392 143 50 74 200 18 79 33 37 39 23 102 22 166 93
internal_value=0 0.00207164 -0.00320112 -0.00220513 0.00320718 0.00335316 0.00239118 -0.00650557 0.00497146 0.00367787 -0.00147267 0.00409425 -0.00329943 -0.00280986 -0.00456495 -0.000269894 -0.00739186 -0.0068718 -0.00512952 -0.00764227 -0.00215833 -0.00132081 0.00147978 0.000568363 0.00449202 -0.000660363 -0.000529576 0.00335851 -0.00227314 -0.00184644
internal_weight=0 757.266 487.959 383.816 573.52 565.013 354.365 56.9357 210.648 173.188 183.746 297.429 275.225 245.818 145.369 100.449 29.4066 104.144 62.4814 37.6453 12.1697 24.8361 18.1859 108.591 23.7427 14.4374 84.8484 26.2691 58.5793 176.645
internal_count=11097 7732 3365 2361 6227 6147 3703 430 2444 1971 1505 3273 1863 1694 1204 490 169 1004 454 292 92 162 112 498 99 60 399 124 275 1471
is_linear=0
shrinkage=0.01


Tree=232
num_leaves=31
num_cat=0
split_feature=2 0 0 1 1 0 13 1 1 1 0 1 1 1 1 0 0 2 1 0 13 1 1 1 2 13 0 13 4 2
split_gain=81.0627 49.533 35.1758 18.0466 15.1992 12.001 16.4907 11.867 12.322 10.6071 13.3845 11.3327 9.53864 17.4284 12.0894 11.6826 21.397 8.51613 10.9979 8.02255 7.44719 6.6014 7.41595 5.40901 5.56727 9.02747 5.34244 10.6779 5.29357 4.84352
threshold=65.500000000000014 4296066.5000000009 4301512.5000000009 174026445959.50003 174026434482.00003 4294665.5000000009 3.9052022367380075 2883033186372.5005 174026447279.00003 702778651081.00012 4295362.5000000009 2384994529944.5005 2482915543568.5005 2547630269000.5005 2482915554044.5005 4305469.5000000009 4305780.0000000009 92.500000000000014 3475289746758.5005 5575758.5000000009 2.9674747924529803 4363500794354.0005 1862882928450.5002 174026424700.00003 28.500000000000004 3.9185875438512787 4296552.0000000009 1.9807272359141355 55.500000000000007 102.50000000000001
decision_type=2 2 2 2 2 2 2 2 2 2 2 2 2 2 2 2 2 2 2 2 2 2 2 2 2 2 2 2 2 2
left_child=4 7 3 29 20 6 -6 8 -2 10 -10 -11 15 14 -14 -4 -17 18 -9 26 -1 22 -5 24 -22 -26 27 -7 -8 -3
right_child=1 2 12 21 5 19 28 17 9 11 -12 -13 13 -15 -16 16 -18 -19 -20 -21 23 -23 -24 -25 25 -27 -28 -29 -30 -31
leaf_value=-0.010112425457732983 0.010374486507382579 0.0030293303232451331 0.010687454756067945 -0.0034947133030880412 -0.010789729828909116 0.015805927116785853 -0.0090411269872815777 0.0060251450296900802 -0.015175765164387043 0.0061814152337947076 0.0068595641554909893 0.0021973518965566351 0.0017296208793711779 0.0046067907743981866 -0.010635035290877172 -0.0077697899023231737 0.0074920286375421558 0.010335614213438387 -0.016547728637799568 -0.011261511892720425 -0.0089437515611211545 -0.011657949477142538 0.0020143413125592573 -0.0072944854968574413 -0.0029534973558057081 0.011704880118914207 -0.0018759736480936529 0.00015099602516977181 0.003130259842276968 -0.009919705009327066
leaf_weight=37.28062965720892 25.685440614819527 3.0774369090795508 26.076762482523918 59.513163402676582 34.472655493766069 4.7164707779884329 4.5740856155753162 10.048687670379875 6.8225572258234006 106.99325245246291 4.6253151148557663 214.60308089852333 13.984649963676928 40.312243521213531 18.1966692507267 14.21594227850437 25.964396506547928 49.103055782616138 2.748877987265586 8.3283771499991399 6.6101470291614559 6.4627231881022444 41.456153079867363 29.004386439919472 13.290609754621984 6.1434570699930182 307.74447530508041 57.162060521543026 16.331524968147278 47.073618069291115
leaf_count=495 298 15 310 303 515 22 27 144 35 1440 49 2190 130 438 86 74 298 1029 11 93 50 54 179 220 84 33 1679 275 84 437
internal_value=0 0.00219237 -0.000939175 -0.00417209 -0.0029775 -0.00219259 -0.00654018 0.00439854 0.00370081 0.00318612 -0.00627277 0.00352283 0.00273254 0.000225896 -0.00526187 0.00547512 0.00209234 0.00844204 0.00117656 -0.00155557 -0.00666132 -0.00185994 -0.0012328 -0.00432412 -0.00101615 0.00168028 -0.00133688 0.00134424 0.000467196 -0.00912511
internal_weight=0 716.964 296.334 157.583 525.659 433.33 55.3783 420.63 358.73 333.044 11.4479 321.596 138.751 72.4936 32.1813 66.2571 40.1803 61.9006 12.7976 377.951 92.3292 107.432 100.969 55.0486 26.0442 19.4341 369.623 61.8785 20.9056 50.1511
internal_count=11097 7520 2324 988 3577 2695 626 5196 4012 3714 84 3630 1336 654 216 682 372 1184 155 2069 882 536 482 387 167 117 1976 297 111 452
is_linear=0
shrinkage=0.01


Tree=233
num_leaves=31
num_cat=0
split_feature=2 0 0 4 1 1 3 1 1 2 0 1 1 1 0 0 1 1 1 1 0 12 3 0 0 0 3 3 2 12
split_gain=79.699 53.0906 37.3696 19.2118 17.5334 14.0867 11.4165 10.1594 12.376 11.0349 10.0635 9.28311 17.4596 11.7914 11.448 18.6189 8.49807 7.46952 17.3232 9.28368 6.44574 16.44 8.36379 10.9754 5.18751 8.74171 5.06725 5.01161 4.73709 4.71692
threshold=60.500000000000007 4296358.0000000009 4301512.5000000009 25.500000000000004 174026437347.50003 174026445959.50003 28.500000000000004 2883033186372.5005 2777491174764.5005 92.500000000000014 4298528.0000000009 2482915543568.5005 2547630269000.5005 2482915554044.5005 4305469.5000000009 4305780.0000000009 3475289743715.0005 1955683344136.5002 2452704926503.5005 1862882907023.5002 4294665.5000000009 3.8142617563909882 31.500000000000004 4297928.5000000009 4277441.5000000009 4295248.5000000009 55.500000000000007 52.500000000000007 81.500000000000014 2.9355504161835038
decision_type=2 2 2 2 2 2 2 2 2 2 2 2 2 2 2 2 2 2 2 2 2 2 2 2 2 2 2 2 2 2
left_child=4 7 3 -3 29 27 -6 8 17 16 -7 14 13 -13 -4 -16 -9 19 -19 -2 21 -8 -22 -24 -10 -26 -23 -5 -18 -1
right_child=1 2 11 5 6 10 20 9 24 -11 -12 12 -14 -15 15 -17 28 18 -20 -21 22 26 23 -25 25 -27 -28 -29 -30 -31
leaf_value=-0.0094450962522692628 0.0039338196076561397 0.012175750398231303 0.010672832178718073 0.0049817600486245471 0.00057892474213848844 -0.0060368450409706547 -0.010781101583949638 0.0091714752309483925 0.0039668331763510938 0.010286518231194483 -0.00021530289434381115 0.0017144442335787625 0.0046422620759194186 -0.010491883644743698 -0.0062840823996922679 0.0074522925883715053 0.00014165473645572888 -0.0023013101950655666 0.0045262255093426115 0.0091076748329962532 -0.0066768826730952673 -0.0050021963879484377 0.0016021634479865977 -0.0034724513160525965 -0.011507207775313682 0.0066321782561050788 0.0058033328440980584 -0.0099459923097138855 -0.01471873274154974 -0.0050746488523440991
leaf_weight=41.013161733746529 96.694612085819244 6.9369705617427817 25.852488934993744 2.3598388135433188 108.49212056398392 55.685588784515858 32.070701889693737 6.715249888598918 5.9501753300428417 49.193517230451107 63.61940260976553 13.967450149357317 40.863214865326881 18.260173499584198 15.962739385664461 25.842425517737865 5.460763715207575 49.334556087851524 150.61497163772583 54.076246030628681 39.983960002660751 7.5466884970665005 66.880538791418076 117.49406661093235 10.990760400891302 3.5036841183900824 10.213300839066504 47.88117391616106 3.5329489260911942 62.066210351884365
leaf_count=550 935 34 310 10 498 288 484 116 41 1032 315 130 441 86 87 298 29 311 1786 923 220 45 341 727 63 26 46 449 22 454
internal_value=0 0.00204197 -0.00107056 -0.00413564 -0.00315294 -0.00480302 -0.00216691 0.00430628 0.00366801 0.00795643 -0.00293251 0.0027727 0.000301824 -0.00520166 0.00544201 0.00220724 0.000659608 0.00410889 0.00284163 0.0057895 -0.00325339 -0.00650676 -0.0025308 -0.00163167 -0.00389504 -0.00712245 0.00121178 -0.00924483 -0.00569587 -0.00681356
internal_weight=0 753.299 317.231 176.483 485.761 169.546 382.681 436.067 371.165 64.9025 119.305 140.748 73.0908 32.2276 67.6577 41.8052 15.709 350.72 199.95 150.771 274.189 49.8307 224.359 184.375 20.4446 14.4944 17.76 50.241 8.99371 103.079
internal_count=11097 7732 2448 1096 3365 1062 2361 5284 4085 1199 603 1352 657 216 695 385 167 3955 2097 1858 1863 575 1288 1068 130 89 91 459 51 1004
is_linear=0
shrinkage=0.01


Tree=234
num_leaves=31
num_cat=0
split_feature=2 0 0 1 4 1 1 12 1 2 1 1 1 0 1 1 0 0 0 0 0 0 12 12 1 1 12 2 4 1
split_gain=78.3628 55.8386 34.6682 17.6305 15.3519 13.3007 12.8816 11.181 9.41819 12.4395 12.1042 17.2559 34.2116 8.83197 8.82703 8.6704 7.42389 8.86179 23.2875 7.24889 13.227 6.58917 14.4938 9.10017 8.21921 6.09899 7.64191 10.0313 9.45598 6.7179
threshold=57.500000000000007 4296358.0000000009 4300627.0000000009 2384994531138.5005 25.500000000000004 4363500793924.5005 174026437347.50003 1.9802295125484259 2883033186372.5005 92.500000000000014 2547630292676.5005 2547630277329.5005 2482915554044.5005 4297928.5000000009 3475289743715.0005 174026434482.00003 5575758.5000000009 4305780.0000000009 4305469.5000000009 4277441.5000000009 4277480.5000000009 4294665.5000000009 3.8142617563909882 1.9842187211896343 2384994534721.0005 174026424700.00003 3.8234209225143849 29.500000000000004 54.500000000000007 174026424340.50003
decision_type=2 2 2 2 2 2 2 2 2 2 2 2 2 2 2 2 2 2 2 2 2 2 2 2 2 2 2 2 2 2
left_child=6 8 3 4 -3 13 25 -8 10 14 11 12 -2 -5 -10 -6 17 18 -4 -12 -21 22 -9 24 -23 26 29 -28 -29 -1
right_child=1 2 16 5 15 -7 7 21 9 -11 19 -13 -14 -15 -16 -17 -18 -19 -20 20 -22 23 -24 -25 -26 -27 27 28 -30 -31
leaf_value=-0.010149197816693552 0.004541176807542565 0.0082857376024022544 0.0037234930288659422 0.0094565786281082028 -0.010815416925327429 -0.0098237280957442809 -0.0076358062164103247 -0.01077710209340966 0.0091534273710161367 0.010277899280942606 0.0043157765009530251 0.010942240525112895 -0.0071157493305614361 0.00025527675490413538 -0.0057299640267018679 -0.0049235995970545923 -0.011552639377448473 0.0064558251428077171 -0.007291243297712211 -0.02356341779247384 -0.0020055627798138591 0.0081307105669306649 0.0011998602101725233 -0.002014014413761628 -0.0023019197251270608 -0.008833577281391879 -0.0078875869582788402 -0.0022158270660982997 0.017595131040877548 0.0099552533332920197
leaf_weight=15.85255416482687 273.8639627173543 7.6641777008771887 85.630396820604801 14.859291732311247 32.155438080430031 9.6592933684587461 38.561895903199911 23.444817300885916 6.661475200206044 48.744673386216164 13.569516614079474 34.429246909916401 27.726007215678692 35.01055808365345 9.9172633811831457 111.88341636955738 3.689525641500949 46.580332197248936 24.740038774907589 3.252454116940501 22.779551103711128 18.060315996408466 17.756185472011566 220.9746360629797 12.978381745517252 56.717373892664909 6.7862586677074459 4.6809060275554666 4.9647535830736134 1.856741406023503
leaf_count=187 3128 36 781 66 314 74 380 357 116 1032 123 438 220 161 55 669 32 523 135 21 182 82 91 1131 56 584 48 29 26 20
internal_value=0 0.0018214 -0.00103268 -0.00369534 -0.0055051 0.000916613 -0.00348731 -0.0025737 0.0042284 0.00773295 0.00361893 0.00423519 0.00346952 0.00299691 0.000250307 -0.0062389 0.00246855 0.00279816 0.00125449 -0.00161008 -0.00469901 -0.00190796 -0.00561545 -0.00130183 0.00376846 -0.00682343 -0.00348406 0.00142748 0.00798115 -0.00804133
internal_weight=0 812.817 371.872 211.232 151.703 59.5291 422.635 331.776 440.944 65.3234 375.621 336.019 301.59 49.8698 16.5787 144.039 160.64 156.951 110.37 39.6015 26.032 293.214 41.201 252.013 31.0387 90.8586 34.1412 16.4319 9.64566 17.7093
internal_count=11097 8106 2791 1320 1019 301 2991 2097 5315 1203 4112 3786 3348 227 171 983 1471 1439 916 326 203 1717 448 1269 138 894 310 103 55 207
is_linear=0
shrinkage=0.01


Tree=235
num_leaves=31
num_cat=0
split_feature=2 1 1 12 1 1 1 1 1 1 1 1 1 2 1 12 2 4 1 4 12 12 1 2 1 1 1 2 1 2
split_gain=77.0169 40.0185 12.762 11.0599 10.818 9.95327 10.2537 50.7446 39.2143 15.3319 11.2038 8.47818 6.89706 6.07893 6.05524 7.54634 9.83414 9.18049 6.62657 5.46837 4.66953 7.98579 11.8591 6.72239 6.56988 11.1916 4.44816 4.11416 4.22805 3.9787
threshold=57.500000000000007 1119808860540.0002 174026437347.50003 1.9802295125484259 702778647780.50012 4363500795181.0005 2547630277329.5005 2482915554044.5005 2547630267620.5005 2547630292676.5005 2777491177346.5005 174026433010.00003 2452704926503.5005 62.500000000000007 174026424700.00003 3.8234209225143849 29.500000000000004 54.500000000000007 174026424340.50003 70.500000000000014 1.9842187211896343 2.9433833877757176 702778648565.00012 52.500000000000007 1861025320257.0002 2384994534721.0005 702778650644.50012 70.500000000000014 702778654961.50012 102.50000000000001
decision_type=2 2 2 2 2 2 2 2 2 2 2 2 2 2 2 2 2 2 2 2 2 2 2 2 2 2 2 2 2 2
left_child=2 4 14 26 11 6 7 12 -9 -8 -11 13 -3 -2 15 18 -17 -18 -1 -15 24 23 -23 -22 -5 -26 -4 -6 -29 -13
right_child=1 5 3 20 27 -7 9 8 -10 10 -12 29 -14 19 -16 16 17 -19 -20 -21 21 22 -24 -25 25 -27 -28 28 -30 -31
leaf_value=-0.010126817293629466 -0.0093445685526854089 0.0029286135367525105 -0.0020150085864442942 -0.0079053478291021637 -0.010080559150476676 -0.0057699948735970633 0.010925273994510969 -0.015351333452794538 0.0012792193737260673 -0.0010452635446908736 0.0051132453853235081 0.0051800285609666522 0.0061981215207771176 0.010777370316007694 -0.0088036873147477254 -0.0078480843093547345 -0.0021964243942648094 0.017297024882729956 0.0097833352857320584 -0.002564455316825939 -0.006225369342750529 0.0041369367858915106 -0.0024423492889520683 0.00012670622196891843 0.0090170078811693793 -0.0030994560462636678 -0.0096786962264155379 -0.0058700734497747044 0.0023510649104889507 0.00018870343122944749
leaf_weight=15.729330860078335 13.147648595273493 233.72201541438699 10.387750767171381 6.2520647197961798 16.423859052360058 12.402003444731234 36.588607743382454 26.340752974152565 30.707603931427002 37.416173234581947 140.33872358128428 21.867726102471352 89.124104637652636 3.2592577785253516 56.342720001935959 6.7523827031254795 4.6750630438327798 4.9996378719806644 1.8704057931900031 53.481858178973198 70.446907434612513 34.787537693977356 128.9454642161727 21.821413166821003 16.281013131141666 14.335519894957541 27.956611841917038 28.218173071742058 8.0375444218516332 59.216024115681648
leaf_count=187 121 2253 90 81 100 112 473 129 301 313 1684 138 1161 14 584 48 29 26 20 515 565 159 657 114 67 74 290 200 53 539
internal_value=0 0.00180887 -0.00346116 -0.00255235 -0.0020267 0.00309649 0.00328154 0.00229485 -0.00639955 0.00503032 0.00381692 -0.000665254 0.00383119 -0.00321775 -0.00679206 -0.00346115 0.00141335 0.00787729 -0.00801087 -0.00179809 -0.00189115 -0.00237034 -0.00104448 -0.00472311 0.00143615 0.00334374 -0.00760255 -0.00592844 -0.00404753 0.00153483
internal_weight=0 810.292 421.584 331.214 203.652 606.64 594.238 379.894 57.0484 214.344 177.755 150.973 322.846 69.8888 90.3695 34.0268 16.4271 9.6747 17.5997 56.7411 292.87 256.001 163.733 92.2683 36.8686 30.6165 38.3444 52.6796 36.2557 81.0838
internal_count=11097 8106 2991 2097 1680 6426 6314 3844 430 2470 1997 1327 3414 650 894 310 103 55 207 529 1717 1495 816 679 222 141 380 353 253 677
is_linear=0
shrinkage=0.01


Tree=236
num_leaves=31
num_cat=0
split_feature=2 0 0 4 1 1 1 12 1 2 1 1 0 0 0 1 1 1 1 0 12 12 1 3 1 12 2 4 1 3
split_gain=75.6618 54.524 34.0555 17.2033 18.1399 12.6429 11.8087 10.9407 9.36213 12.44 11.9075 8.71228 7.33714 8.75128 22.8999 6.94496 17.1736 11.0085 6.91003 6.49032 14.3363 8.76255 7.87915 6.39077 6.01148 7.45186 9.64151 8.91564 6.53719 5.94168
threshold=57.500000000000007 4296358.0000000009 4300627.0000000009 28.500000000000004 2384994536335.5005 174026437347.50003 4363500793924.5005 1.9802295125484259 2883033186372.5005 92.500000000000014 2777491174764.5005 3475289743715.0005 5575758.5000000009 4305780.0000000009 4305469.5000000009 1955683344136.5002 2452704926503.5005 1862882907023.5002 174026434482.00003 4294665.5000000009 3.8142617563909882 1.9842187211896343 2384994534721.0005 56.500000000000007 174026424700.00003 3.8234209225143849 29.500000000000004 54.500000000000007 174026424340.50003 35.500000000000007
decision_type=2 2 2 2 2 2 2 2 2 2 2 2 2 2 2 2 2 2 2 2 2 2 2 2 2 2 2 2 2 2
left_child=5 8 3 23 18 24 -6 -7 10 11 15 -10 13 14 -4 17 -17 -2 -5 20 -9 22 -21 -3 25 28 -27 -28 -1 -23
right_child=1 2 12 4 6 7 -8 19 9 -11 -12 -13 -14 -15 -16 16 -18 -19 -20 21 -22 29 -24 -25 -26 26 27 -29 -30 -31
leaf_value=-0.010104490176464989 0.003623669232023583 0.0082469587906986944 0.0036935044534665384 -0.010854543958981264 0.0024916950176950194 -0.0075697205896210987 -0.0097753094757631852 -0.010764186086071086 0.0091252396759553666 0.01026624137574955 -0.0038391397358886865 -0.0057170169545790375 -0.011538697580121582 0.006424364499743495 -0.0072470668518555435 -0.0023593329411760698 0.0044542455377230093 0.0092027863733175307 -0.0054156922276514287 0.0079642321083711783 0.001184246147476653 -0.0010124865580527548 -0.0022502783848921508 -0.0027976747573425827 -0.0087738391048667284 -0.0078087188023707142 -0.0021771707756000195 0.01700782777740513 0.0096157973024929844 -0.0047745312049956579
leaf_weight=15.607058987021446 100.39595603570342 15.225399360060694 85.347679398953915 30.113537088036537 43.410041347146034 38.126871902495623 9.5790474340319616 23.103783246129751 6.5785539485514191 48.099783435463905 20.483497723937035 9.9163230136036855 3.6647084653377524 46.27480348944664 24.65933033823967 49.200558312237263 149.08386436104774 54.601462632417679 104.15294946730137 18.086770802736286 17.762006878852844 164.20250031352043 12.9648609906435 7.9875013381242743 55.970918096601963 6.7187279984354999 4.6692712455987939 5.0336308926343891 1.883895747363568 56.40220458060503
leaf_count=187 956 72 781 305 197 380 74 357 116 1032 130 55 32 523 135 311 1786 929 634 82 91 811 56 38 584 48 29 26 20 320
internal_value=0 0.0017942 -0.00103036 -0.00367364 -0.00468025 -0.00343524 0.00027414 -0.00253121 0.00418096 0.00769635 0.00357343 0.000202432 0.00244785 0.00277582 0.00124105 0.00400321 0.00276358 0.00558904 -0.00663553 -0.0018745 -0.00557089 -0.00127425 0.00369941 0.00444653 -0.00676081 -0.00343842 0.00139941 0.00777554 -0.00798048 -0.00197433
internal_weight=0 808.775 370.415 210.468 187.256 420.533 52.9891 330.649 438.36 64.5947 373.765 16.4949 159.947 156.282 110.007 353.282 198.284 154.997 134.266 292.522 40.8658 251.656 31.0516 23.2129 89.8835 33.9126 16.4216 9.7029 17.491 220.605
internal_count=11097 8106 2791 1320 1210 2991 271 2097 5315 1203 4112 171 1471 1439 916 3982 2097 1885 939 1717 448 1269 138 110 894 310 103 55 207 1131
is_linear=0
shrinkage=0.01


Tree=237
num_leaves=31
num_cat=0
split_feature=2 0 0 4 13 0 13 13 0 0 0 0 0 13 13 0 13 0 0 0 13 2 0 0 2 13 2 0 0 0
split_gain=74.364 53.6361 33.4707 16.9071 10.921 10.3738 13.9883 9.24341 8.33174 58.3537 7.23817 8.63682 22.497 6.95491 6.91322 6.07779 5.83046 5.81405 56.9496 5.06492 4.04097 2.98011 2.0203 7.26623 1.96087 1.86719 1.71761 1.47962 1.42558 1.42434
threshold=57.500000000000007 4296358.0000000009 4300627.0000000009 28.500000000000004 1.9900653940409032 4294665.5000000009 3.9052022367380075 1.992077967200329 4277344.0000000009 4277361.5000000009 5575758.5000000009 4305780.0000000009 4305469.5000000009 3.9136391360770522 2.9530267168136395 4299974.0000000009 3.9120089853177893 4277441.5000000009 4277462.5000000009 4300146.5000000009 3.9126533508095291 23.500000000000004 4300146.5000000009 4305469.5000000009 51.500000000000007 3.8981824156673155 53.500000000000007 4277403.5000000009 4298275.5000000009 4277300.0000000009
decision_type=2 2 2 2 2 2 2 2 2 2 2 2 2 2 2 2 2 2 2 2 2 2 2 2 2 2 2 2 2 2
left_child=4 8 3 20 24 6 -6 22 29 -10 11 12 -4 19 -9 -16 -8 27 -19 -5 25 -18 -7 -24 -1 -3 28 -11 -26 -2
right_child=1 2 10 13 5 7 16 14 9 17 -12 -13 -14 -15 15 -17 21 18 -20 -21 -22 -23 23 -25 26 -27 -28 -29 -30 -31
leaf_value=-0.011058723849301485 0.01126662403676364 0.0036735871449302088 0.0036636559672138099 -0.0043170096745186693 -0.010751915301510359 0.0049939916649064291 0.0062616424399184736 -0.0082835132551341301 -0.027321015799361761 0.0056369095072054207 -0.011521087323735276 0.0063908071729742071 -0.0071937644916970243 0.0082572965850572881 -0.0011920041018628359 -0.0046519620296430449 0.0022151601627329463 -0.030514884246000139 0.0042037710066974831 -0.0094187655219139035 -0.0040863007454784986 -0.0058625938974376105 -0.010122352331050442 0.0056529274896416652 -0.0069783428670419558 0.010047692150737794 -0.0074170439685603065 0.008955038321316066 0.0040178070470473148 0.0072092047288902644
leaf_weight=13.366411924362181 13.225396133959292 10.52538032829762 85.183420486748219 160.48575624078512 34.928167771548033 19.935788571834564 7.2740856111049643 20.024651169776917 5.9632272422313681 27.616135317832232 3.6337620019912711 46.053722642362118 24.593952998518944 4.0852425992488852 178.42748644948006 70.960785634815693 6.0200296640396145 4.7923806160688391 334.03106299042702 22.144705049693584 4.5137568712234488 18.925049670040607 4.6068263500928861 7.973299041390419 2.1612306609749785 8.1574819982051832 32.287594445049763 26.17798063904047 2.5941508337855339 25.019650392234325
leaf_count=177 186 48 781 1039 544 85 33 166 26 351 32 523 135 18 940 443 34 22 4021 153 23 126 20 53 19 39 326 360 25 349
internal_value=0 0.00178198 -0.00102297 -0.00364665 -0.00340949 -0.00281318 -0.00636826 -0.00202256 0.00415383 0.00372603 0.00243072 0.00275606 0.00123122 -0.00464696 -0.00263041 -0.0021765 -0.00161602 0.00419759 0.0037127 -0.00493562 0.00440518 -0.00391318 0.0030139 -0.00012396 -0.0077754 0.00645671 -0.00659066 0.00725162 -0.000979734 0.00861229
internal_weight=0 806.203 369.377 209.912 419.486 369.076 67.1473 301.929 436.826 398.581 159.465 155.831 109.777 186.716 269.413 249.388 32.2192 392.618 338.823 182.63 23.1966 24.9451 32.5159 12.5801 50.4094 18.6829 37.043 53.7941 4.75538 38.245
internal_count=11097 8106 2791 1320 2991 2444 737 1707 5315 4780 1471 1439 916 1210 1549 1383 193 4754 4043 1192 110 160 158 73 547 87 370 711 44 535
is_linear=0
shrinkage=0.01


Tree=238
num_leaves=31
num_cat=0
split_feature=2 1 1 12 1 1 1 1 1 1 1 1 1 2 1 12 2 4 1 3 1 12 3 12 4 1 1 2 1 2
split_gain=73.074 38.3215 12.5335 10.7174 10.5563 9.60534 10.1777 50.4103 38.2318 15.2576 11.0658 8.25301 6.67756 6.03476 5.97967 7.34203 9.43272 8.6403 6.48268 5.30887 4.46933 4.41191 8.00654 10.5556 7.02446 6.30619 10.7185 4.06524 4.17766 3.87861
threshold=57.500000000000007 1119808860540.0002 174026437347.50003 1.9802295125484259 702778647780.50012 4363500795181.0005 2547630277329.5005 2482915554044.5005 2547630267620.5005 2547630292676.5005 2777491177346.5005 174026433010.00003 2452704926503.5005 62.500000000000007 174026424700.00003 3.8234209225143849 29.500000000000004 54.500000000000007 174026424340.50003 52.500000000000007 702778650644.50012 1.9842187211896343 35.500000000000007 2.9331355305171365 27.500000000000004 1861025320257.0002 2384994534721.0005 70.500000000000014 702778654961.50012 102.50000000000001
decision_type=2 2 2 2 2 2 2 2 2 2 2 2 2 2 2 2 2 2 2 2 2 2 2 2 2 2 2 2 2 2
left_child=2 4 14 20 11 6 7 12 -9 -8 -11 13 -3 -2 15 18 -17 -18 -1 -15 -4 25 24 -24 -23 -5 -27 -6 -29 -13
right_child=1 5 3 21 27 -7 9 8 -10 10 -12 29 -14 19 -16 16 17 -19 -20 -21 -22 22 23 -25 -26 26 -28 28 -30 -31
leaf_value=-0.01007588204745233 -0.0093202502035485916 0.0028836683974488193 -0.0018736736581387173 -0.0078407552301518503 -0.010011069086933307 -0.0057197320091594986 0.01090610554949345 -0.015251717572147003 0.0011878921679977007 -0.0010795913743914963 0.0050551197521063211 0.0051326924877801907 0.0061190322465370954 0.010651076565171676 -0.0087314568419209603 -0.0077526026531929138 -0.0021417859388801743 0.016726938521884102 0.0095548914583773598 -0.0025198449152337562 -0.0096092698491568856 0.0073893056882948817 -0.0091823546940086459 -0.0021030063544755133 -0.0014940379024650711 0.0088012748951714834 -0.003059550524269455 -0.0058092941203822549 0.0023821569470706956 0.00019361678431691347
leaf_weight=15.412289839237928 12.995395898818968 232.18093909695745 10.265093594789503 6.1449895873665801 16.280841276049614 12.275891616940497 35.95152198523283 26.403878629207611 30.472148224711418 37.283625267446041 139.10931532457471 21.786291375756264 87.960203357040882 3.2477374374866477 55.399078048765659 6.6702739223837879 4.6584337800741205 5.066069915890691 1.8883136659860618 53.037638805806637 27.418608155101538 9.4453642666339857 33.129829112440348 57.820457343012094 154.57528047263622 16.308217972517017 14.29990481585264 28.038902685046196 8.0031358078122121 58.842975743114948
leaf_count=187 121 2253 90 81 100 112 473 129 301 313 1684 138 1161 14 584 48 29 26 20 515 290 40 389 295 771 67 74 200 53 539
internal_value=0 0.00176935 -0.00338343 -0.00248342 -0.00199656 0.00303521 0.00321757 0.00223135 -0.00644396 0.0049686 0.00375845 -0.000646786 0.0037726 -0.00317801 -0.00671101 -0.00338917 0.00140597 0.00768805 -0.00793324 -0.00175987 -0.00750208 -0.00183513 -0.00230204 -0.00468175 -0.000982478 0.00140398 0.00325998 -0.00586379 -0.00399038 0.00152817
internal_weight=0 803.87 418.502 329.408 202.233 601.638 589.362 377.017 56.876 212.344 176.393 149.91 320.141 69.2808 89.0945 33.6954 16.3948 9.7245 17.3006 56.2854 37.6837 291.724 254.971 90.9503 164.021 36.7531 30.6081 52.3229 36.042 80.6293
internal_count=11097 8106 2991 2097 1680 6426 6314 3844 430 2470 1997 1327 3414 650 894 310 103 55 207 529 380 1717 1495 684 811 222 141 353 253 677
is_linear=0
shrinkage=0.01


Tree=239
num_leaves=31
num_cat=0
split_feature=12 0 0 0 12 0 0 0 0 0 0 0 3 12 12 12 12 0 0 0 0 0 0 0 12 0 3 0 0 0
split_gain=66.619 48.4709 34.5786 15.244 16.6158 9.52404 7.85602 7.82281 57.4901 7.25771 8.57664 38.2538 6.85597 6.76701 8.19782 6.01229 6.95713 5.23482 56.0049 4.36575 9.95635 7.78474 7.42944 5.64276 2.95363 2.64139 2.4664 1.74198 1.48239 1.43124
threshold=1.9592252154137344 4296066.5000000009 4301512.5000000009 4296066.5000000009 3.8142617563909882 5575758.5000000009 4296552.0000000009 4277344.0000000009 4277361.5000000009 5575758.5000000009 4305780.0000000009 4305469.5000000009 56.500000000000007 1.9644337134783381 1.9842187211896343 1.961825938807811 2.8901187184528765 4277441.5000000009 4277462.5000000009 4296814.0000000009 4298528.0000000009 4298705.5000000009 4296552.0000000009 4296517.5000000009 3.8273192999520735 4297326.0000000009 51.500000000000007 4298275.5000000009 4277403.5000000009 4277300.0000000009
decision_type=2 2 2 2 2 2 2 2 2 2 2 2 2 2 2 2 2 2 2 2 2 2 2 2 2 2 2 2 2 2
left_child=1 7 19 4 -2 6 15 29 -9 10 11 -4 26 27 -15 -5 -17 28 -19 22 25 -22 23 -3 -14 -21 -6 -8 -10 -1
right_child=3 2 9 5 12 -7 13 8 17 -11 -12 -13 24 14 -16 16 -18 18 -20 20 21 -23 -24 -25 -26 -27 -28 -29 -30 -31
leaf_value=0.011251743933554196 -0.010774703492518091 0.00036689646268540265 0.0044240163443073736 0.011184084468736115 0.00094873499278717334 -0.010450472281944949 -0.0028252707652611946 -0.026904197284947865 0.0055791726322774304 -0.011507423644591874 0.0063597019495118777 -0.012087102443010284 0.0081433865128510731 0.0029957726096429163 -0.002309693765922344 -0.0058153642773256945 0.0020738538353542099 -0.029961489490799586 0.0043394984217130627 -0.013181120987202095 0.0052281152554041954 -0.0044687219979664961 0.0068918455687836675 -0.0094718198830040651 -0.00031660442864792917 -0.0076927410011950271 -0.0083150721496035133 -0.0069010642238446487 0.0089163246924257519 0.0071609346112821715
leaf_weight=13.057621296495197 44.224650330841541 12.685118548572063 67.515355549752712 5.6456230431795111 3.7422898560762432 12.822257891297339 14.845011956989763 5.999716877937316 27.394678067415953 3.6091481149196616 45.755107156932354 17.713595733046532 6.6083587855100658 32.466751843690872 282.86918933689594 14.083600692450998 54.179380163550377 4.8346412330865851 308.57271344959736 12.080080069601534 9.6381166428327543 58.716156244277954 8.221631586551668 10.785693965852261 10.989848479628561 31.99086370319128 12.386443518102167 35.713345058262348 25.891672920435667 24.788717992603779
leaf_count=186 684 84 685 30 22 148 138 26 351 32 523 90 29 167 1589 99 259 22 3900 84 57 372 53 64 61 222 89 322 360 349
internal_value=0 0.00205554 -0.00116295 -0.00265842 -0.00674285 -0.00195499 -0.00170731 0.00424054 0.00380065 0.00248185 0.00286731 0.000992421 -0.00145607 -0.00230799 -0.00176345 0.00126643 0.000446199 0.00430304 0.00381037 -0.00456687 -0.00549097 -0.00310144 -0.00128876 -0.00415435 0.00286023 -0.00919714 -0.00616563 -0.00570432 0.00720068 0.00857233
internal_weight=0 689.251 278.711 530.577 77.9516 452.625 439.803 410.54 372.693 134.593 130.984 85.229 33.7269 365.894 315.336 73.9086 68.263 366.694 313.407 144.118 112.425 68.3543 31.6924 23.4708 17.5982 44.0709 16.1287 50.5584 53.2864 37.8463
internal_count=11097 7460 2266 3637 885 2752 2604 5194 4659 1330 1298 775 201 2216 1756 388 358 4633 3922 936 735 429 201 148 90 306 111 460 711 535
is_linear=0
shrinkage=0.01


Tree=240
num_leaves=31
num_cat=0
split_feature=1 1 1 0 0 1 0 0 12 12 1 1 12 0 12 12 0 0 12 12 1 1 0 0 1 12 1 12 1 12
split_gain=67.4139 27.5274 24.0676 15.3267 47.731 14.2536 12.5262 46.8986 13.5558 11.029 9.99718 14.3053 12.4561 8.98818 8.25326 8.23688 8.13581 12.9837 7.8968 7.31861 20.4684 6.85687 6.2373 14.1181 6.16805 5.97936 5.72907 5.71154 5.10956 5.06338
threshold=1119808862681.0002 3704300934115.0005 2883033187299.0005 4277344.0000000009 4277361.5000000009 2482915554044.5005 4296517.5000000009 4295326.5000000009 1.9631289435398596 3.8157201904287903 174026436418.50003 702778650022.50012 4.6884573824664786 4305671.5000000009 1.9592252154137344 3.8526111023106298 4297258.0000000009 4298275.5000000009 1.9393065999967327 2.9453644050416359 4092079271560.5005 4363500793924.5005 4301512.5000000009 4305469.5000000009 3475289743715.0005 3.8001003313675121 174026426333.50003 3.824945238596599 702778653479.50012 3.8241557396950614
decision_type=2 2 2 2 2 2 2 2 2 2 2 2 2 2 2 2 2 2 2 2 2 2 2 2 2 2 2 2 2 2
left_child=6 2 3 -2 -5 -6 7 9 -9 -1 22 12 -12 14 16 26 -3 -18 -4 21 -21 -16 25 -24 -20 -8 -10 -27 -13 -11
right_child=1 13 18 4 5 -7 10 8 15 29 11 28 -14 -15 19 -17 17 -19 24 20 -22 -23 23 -25 -26 27 -28 -29 -30 -31
leaf_value=-0.010404782897759698 0.0087654609219822086 0.00809163303791814 0.010411793971466035 -0.023951324364991936 0.0030984462823505656 -0.00050845538176601409 -0.0099133075616584573 0.0081226081079751617 0.0060240212921283025 0.0067753520182187903 -0.001394929159362765 -0.0090386596431623906 0.012923060896962402 -0.010927004166352772 -0.0033860430689665959 0.007106444840703414 -0.011188816192029665 0.0025567339230227353 0.0081029283833587359 -0.005372437327535182 0.0087413001831419344 -0.012130476909974534 0.01129367643430493 -0.0061278132393844829 -0.0051818892288092444 0.0050373099044653223 -0.0075830782030991695 -0.0065901104739285099 -0.0039895279761148596 -0.0041023495024074567
leaf_weight=36.553087688982487 32.103168290108442 14.539517559111117 49.745427995920181 7.184004519134759 360.69857484474778 157.35755166038871 55.361052423715591 46.824809707701206 3.9539487659931245 5.2093784660100964 108.95629581809044 33.719767317175865 6.4348226934671393 10.639942757785319 25.307197369635105 8.9222268611192685 9.0100280344486219 28.956958673894405 7.5107114575803262 30.397701144218445 15.522510975599287 13.888570994138716 5.7790016829967525 23.844672746956348 6.5365108773112297 5.4747709333896664 14.230818308889864 18.500679530203342 49.412079475820065 23.966310530900955
leaf_count=487 416 173 1031 45 3432 1307 611 496 20 23 754 226 29 86 223 43 47 173 122 157 71 116 57 215 42 23 74 139 306 153
internal_value=0 0.00179969 0.00272381 0.00205785 0.00164787 0.00200286 -0.00308278 -0.000599307 0.00486462 -0.00674514 -0.00421078 -0.00287494 -0.000596482 -0.00207186 -0.00138725 -0.00076325 0.00173068 -0.000705252 0.00854215 -0.00331065 -0.000601539 -0.00648453 -0.00664467 -0.00272922 0.00192118 -0.00810667 -0.00462446 -0.003935 -0.00603755 -0.00216011
internal_weight=0 769.398 621.136 557.343 525.24 518.056 447.144 139.661 73.9318 65.7288 307.483 198.523 115.391 148.262 137.622 27.107 52.5065 37.967 63.7927 85.116 45.9202 39.1958 108.96 29.6237 14.0472 79.3365 18.1848 23.9755 83.1318 29.1757
internal_count=11097 7441 6395 5200 4784 4739 3656 1296 633 663 2360 1315 783 1046 960 137 393 220 1195 567 228 339 1045 272 164 773 94 162 532 176
is_linear=0
shrinkage=0.01


Tree=241
num_leaves=31
num_cat=0
split_feature=2 0 0 1 1 1 12 12 1 2 1 1 1 0 1 1 1 12 0 0 0 0 0 0 12 12 1 1 3 0
split_gain=69.8312 50.7345 32.0858 16.7553 12.6279 12.2818 12.2656 10.4694 9.25417 12.4863 11.5414 17.1402 32.8259 8.6465 8.51979 8.46623 7.90117 7.2504 7.53377 33.5268 10.5419 6.98966 12.0791 6.06667 14.0861 8.11089 7.51537 5.94777 7.24323 11.0684
threshold=57.500000000000007 4296358.0000000009 4300627.0000000009 2384994531138.5005 4363500793924.5005 174026437347.50003 3.8001003313675121 1.9802295125484259 2883033186372.5005 92.500000000000014 2547630292676.5005 2547630277329.5005 2482915554044.5005 4297928.5000000009 3475289743715.0005 702778649454.50012 174026434482.00003 2.9046122198856144 4305780.0000000009 4305469.5000000009 5575758.5000000009 4277441.5000000009 4277480.5000000009 4294665.5000000009 3.8142617563909882 1.9842187211896343 2384994534721.0005 174026424700.00003 30.500000000000004 4296552.0000000009
decision_type=2 2 2 2 2 2 2 2 2 2 2 2 2 2 2 2 2 2 2 2 2 2 2 2 2 2 2 2 2 2
left_child=5 8 3 6 13 27 16 -7 10 14 11 12 -2 -5 -10 -8 -3 18 19 -4 -20 -12 -23 24 -9 26 -25 28 29 -1
right_child=1 2 17 4 -6 7 15 23 9 -11 21 -13 -14 -15 -16 -17 -18 -19 20 -21 -22 22 -24 25 -26 -27 -28 -29 -30 -31
leaf_value=0.015902014007765759 0.0043752125941375819 -0.011209383864848122 0.003248786033833136 0.0093355441885589908 -0.0096961943686438151 -0.0074257360635857396 0.0074855992001268499 -0.010728141125130229 0.0090638375778631982 0.010238823129614241 0.0042145852533513684 0.010897309770718289 -0.007042599613735814 0.00022177641663021982 -0.0057370423974182176 -0.0045971580545661524 -0.0052333621501334162 0.010329452074048551 0.0063213393466589685 -0.011063931633129185 -0.011493353605365379 -0.022472213646408234 -0.0020718462948790327 0.0077262077291874722 0.0012372533506402345 -0.0018897471227977381 -0.0022464663493100105 -0.0086712414291768864 -0.0072101300184446758 -0.0036488526003894467
leaf_weight=4.1498619467020026 268.47282057628036 28.61725951731205 77.37063454836607 14.81997638940811 9.4124422147870046 37.168217737227678 11.367216110229494 22.150569770485163 6.4023872949183014 46.613028679043055 13.36996392905712 33.046107836067677 27.785700410604477 34.981725096702576 9.9074401482939702 11.838612630963324 97.508662298321724 10.746415957808493 45.483888529241085 20.756935887038708 3.5833982154726973 3.3282375931739834 22.684894531965256 18.122967287898067 17.700939133763313 219.62878058105707 12.96078649908304 54.562422197312117 19.613782607018948 9.5815239250659925
leaf_count=20 3128 302 749 66 74 380 54 357 116 1032 123 438 220 161 55 56 607 47 523 120 32 21 182 82 91 1131 56 584 216 74
internal_value=0 0.00173606 -0.0010001 -0.00357508 0.000926228 -0.0033187 -0.00535997 -0.00242842 0.00405937 0.00760381 0.00345445 0.00406631 0.00330435 0.00293385 7.30109e-05 0.0013215 -0.00658929 0.00239992 0.001821 0.000221215 0.00502033 -0.00166172 -0.00468196 -0.00178918 -0.00541344 -0.00121309 0.00356797 -0.00663779 -0.00331047 0.00225976
internal_weight=0 798.098 366.487 208.546 59.2141 415.64 149.332 327.732 431.611 62.9229 368.688 329.305 296.259 49.8017 16.3098 23.2058 126.126 157.941 147.195 98.1276 49.0673 39.3831 26.0131 290.564 39.8515 250.713 31.0838 87.9076 33.3452 13.7314
internal_count=11097 8106 2791 1320 301 2991 1019 2097 5315 1203 4112 3786 3348 227 171 110 909 1471 1424 869 555 326 203 1717 448 1269 138 894 310 94
is_linear=0
shrinkage=0.01


Tree=242
num_leaves=31
num_cat=0
split_feature=2 0 0 1 4 1 1 12 1 2 1 1 1 1 0 1 12 0 0 0 0 0 0 12 12 1 1 12 2 4
split_gain=68.6267 49.8948 31.5363 16.4912 14.242 12.4307 12.1619 10.3533 9.21823 12.4156 11.3583 17.0671 32.1879 8.66638 8.4825 8.38763 7.09705 7.4291 33.0026 10.3961 6.84348 11.668 5.99487 13.9833 7.95093 7.35653 5.90606 7.23345 9.19701 8.33175
threshold=57.500000000000007 4296358.0000000009 4300627.0000000009 2384994531138.5005 25.500000000000004 4363500793924.5005 174026437347.50003 1.9802295125484259 2883033186372.5005 92.500000000000014 2547630292676.5005 2547630277329.5005 2482915554044.5005 174026434482.00003 4297928.5000000009 3475289743715.0005 2.9046122198856144 4305780.0000000009 4305469.5000000009 5575758.5000000009 4277441.5000000009 4277480.5000000009 4294665.5000000009 3.8142617563909882 1.9842187211896343 2384994534721.0005 174026424700.00003 3.8234209225143849 29.500000000000004 54.500000000000007
decision_type=2 2 2 2 2 2 2 2 2 2 2 2 2 2 2 2 2 2 2 2 2 2 2 2 2 2 2 2 2 2
left_child=6 8 3 4 -3 14 26 -8 10 15 11 12 -2 -6 -5 -10 17 18 -4 -19 -12 -22 23 -9 25 -24 27 -1 -29 -30
right_child=1 2 16 5 13 -7 7 22 9 -11 20 -13 -14 -15 -16 -17 -18 19 -20 -21 21 -23 24 -25 -26 -27 -28 28 29 -31
leaf_value=-0.0078586840492492586 0.0043445602317942946 0.0080051970962218468 0.0032223088904307583 0.0092486914577773281 -0.010732666727389636 -0.0096584509557108549 -0.0073927598788480677 -0.010720414662387785 0.0090456478077821974 0.010230347362168733 0.0041851954642307459 0.010887587769799712 -0.0069392509804190282 -0.0047337109045266466 0.00021955746065810853 -0.0056718178304389086 0.010228840577281725 0.0062879255379001252 -0.011009317897920338 -0.011476329087276549 -0.021999426122346181 -0.0020482645592664914 0.0076408265112281881 0.0012242729786963765 -0.0018720970910496876 -0.0022249793437969039 -0.0086415048527858501 -0.0076566299347251808 -0.0020545938481872938 0.016496395055894716
leaf_weight=16.958560716360807 267.66737696900964 7.6064991056919089 77.227036572992802 14.809608012437819 30.797089628875256 9.3550203293561918 36.961708027869463 21.945894595235586 6.3513650707900551 46.18726459890604 13.329417876899241 32.746363267302513 27.916859276592731 110.43890774250031 34.981923624873161 9.9210908934473974 10.743611142039297 45.269410036504269 20.651833176612854 3.5529792532324782 3.3655760884285 22.716445244848728 18.142128050327305 17.709684833884239 219.48316062986851 12.955121502280234 54.20447451621294 6.577394604682925 4.6234435290098199 5.0824246704578373
leaf_count=207 3128 36 749 66 314 74 380 357 116 1032 123 438 220 669 161 55 47 523 120 32 21 182 82 91 1131 56 584 48 29 26
internal_value=0 0.00172408 -0.000993004 -0.00354891 -0.00532394 0.000917975 -0.00329351 -0.00240813 0.00403209 0.00758398 0.00342882 0.00403771 0.00327885 -0.00604181 0.00290511 7.2613e-05 0.00238342 0.00180886 0.000219524 0.00499516 -0.00164378 -0.00462273 -0.00177333 -0.00538607 -0.0012016 0.00353073 -0.00660632 -0.00328773 0.00147278 0.00765953
internal_weight=0 795.636 365.434 207.989 148.842 59.1466 414.644 327.198 430.202 62.4597 367.742 328.331 295.584 141.236 49.7915 16.2725 157.445 146.701 97.8789 48.8224 39.4114 26.082 290.236 39.6556 250.58 31.0972 87.4463 33.2418 16.2833 9.70587
internal_count=11097 8106 2791 1320 1019 301 2991 2097 5315 1203 4112 3786 3348 983 227 171 1471 1424 869 555 326 203 1717 448 1269 138 894 310 103 55
is_linear=0
shrinkage=0.01


Tree=243
num_leaves=31
num_cat=0
split_feature=2 0 0 4 3 0 0 12 0 0 0 12 2 0 4 12 12 12 2 3 0 0 0 0 0 12 12 3 0 4
split_gain=67.4425 49.0685 30.9936 16.1349 11.0912 8.11527 54.6802 6.94735 7.32573 32.4869 10.2525 6.81756 6.51405 7.97228 11.9707 9.72614 7.33343 6.98559 7.00416 6.14889 5.65596 53.1249 5.03757 4.51054 4.37359 4.92786 5.73805 4.54269 12.499 14.8729
threshold=57.500000000000007 4296358.0000000009 4300627.0000000009 28.500000000000004 43.500000000000007 4277344.0000000009 4277361.5000000009 2.9046122198856144 4305780.0000000009 4305469.5000000009 5575758.5000000009 3.8294395188611343 29.500000000000004 4296358.0000000009 59.500000000000007 1.9842187211896343 3.8347789979364708 3.7950158525136106 55.500000000000007 56.500000000000007 4277441.5000000009 4277462.5000000009 4300146.5000000009 4298275.5000000009 4296552.0000000009 2.9375842593472381 2.9407542094424932 32.500000000000007 4297759.5000000009 62.500000000000007
decision_type=2 2 2 2 2 2 2 2 2 2 2 2 2 2 2 2 2 2 2 2 2 2 2 2 2 2 2 2 2 2
left_child=4 5 3 19 24 -2 -7 8 9 -4 -10 22 13 14 16 -15 -6 -14 23 -3 -8 -22 -5 -19 25 -1 -27 -26 -29 -30
right_child=1 2 7 11 12 6 20 -9 10 -11 -12 -13 17 15 -16 -17 -18 18 -20 -21 21 -23 -24 -25 27 26 -28 28 29 -31
leaf_value=0.0092542172785950241 0.0084833272363698167 0.0081031033152569442 0.0031960011611508942 -0.0041781572414393096 0.0082614509906283745 -0.026231457007366756 0.0071062840983341135 0.010129605246086549 0.0062545745146742153 -0.010955155697313146 -0.01145952358967119 0.0082812535313459643 -0.0084147336973759024 0.0028755765493151024 -0.010790421445079206 -0.0072950456289288361 -0.0042468528065431645 -0.0021350648905581015 0.0051774188053440254 -0.0027612637497430961 -0.029099215944699941 0.0040583432334966073 -0.0093043759389906111 -0.010918993339672564 -0.0030770739031400346 -0.012392983961698282 0.0013253317687865432 0.014398531797242532 -0.0092799920720820703 0.0058788957952648612
leaf_weight=6.6475202590227118 36.97412970289588 15.125675991177561 77.084815949201584 158.49969457089901 6.4728832766413715 6.0566196739673606 52.348504051566124 10.74038891494274 45.056761153042316 20.546923086047173 3.5227592512965193 4.0752909034490576 72.337201952934265 32.514547452330589 24.496410708874464 13.227746054530142 16.990115292370319 15.225418120622637 8.1603115350007993 7.9460924267768851 4.9042002260684958 328.52076811715961 21.807840339839458 9.4894218668341619 146.78652962297201 3.4511138796806362 26.170450389385223 5.7772552073001888 13.237360291182998 12.664676591753956
leaf_count=28 535 72 749 1039 34 26 711 47 523 120 32 18 854 158 392 99 113 78 36 38 22 4021 153 48 842 17 125 26 83 58
internal_value=0 0.00171212 -0.000985896 -0.00352257 -0.00326852 0.00400494 0.00358235 0.00236701 0.00179678 0.000217843 0.00497003 -0.00450908 -0.00496986 -0.00305229 -0.00590094 -6.55617e-05 -0.000796109 -0.00667765 -0.00285543 0.00436133 0.00405042 0.00357064 -0.00479816 -0.00550771 -0.00169253 0.00147323 -0.000272945 -0.00233589 0.00109837 -0.00186813
internal_weight=0 793.21 364.406 207.455 413.649 428.804 391.83 156.952 146.211 97.6317 48.5795 184.383 198.914 93.7017 47.9594 45.7423 23.463 105.212 32.8752 23.0718 385.773 333.425 180.308 24.7148 214.735 36.2691 29.6216 178.466 31.6793 25.902
internal_count=11097 8106 2791 1320 2991 5315 4780 1471 1424 869 555 1210 1812 796 539 257 147 1016 162 110 4754 4043 1192 126 1179 170 142 1009 167 141
is_linear=0
shrinkage=0.01


Tree=244
num_leaves=31
num_cat=0
split_feature=2 3 2 3 12 2 12 2 4 2 4 3 2 3 4 12 4 12 3 12 2 2 3 4 3 2 3 2 12 2
split_gain=66.2791 10.9624 6.44512 6.95485 6.95208 6.87573 5.97621 5.52945 6.81583 5.34326 4.5248 5.02098 6.5195 4.46924 3.93131 3.8714 3.84596 3.82265 9.47539 8.46666 8.11239 7.40418 6.82922 4.77844 3.75183 3.14863 3.72985 3.63219 2.58208 2.56619
threshold=57.500000000000007 43.500000000000007 29.500000000000004 61.500000000000007 3.7950158525136106 55.500000000000007 1.9855520618694149 65.500000000000014 28.500000000000004 23.500000000000004 25.500000000000004 27.500000000000004 59.500000000000007 61.500000000000007 58.500000000000007 2.8992772287801976 55.500000000000007 3.8646254547976171 30.500000000000004 3.8581143179354238 26.500000000000004 32.500000000000007 31.500000000000004 59.500000000000007 52.500000000000007 70.500000000000014 32.500000000000007 86.500000000000014 1.9663941833800986 60.500000000000007
decision_type=2 2 2 2 2 2 2 2 2 2 2 2 2 2 2 2 2 2 2 2 2 2 2 2 2 2 2 2 2 2
left_child=1 17 3 14 28 24 9 10 -9 -5 29 12 -12 15 16 -13 -3 19 23 20 22 -22 -1 -19 -6 26 -10 -27 -4 -2
right_child=7 2 4 6 5 -7 -8 8 25 -11 11 13 -14 -15 -16 -17 -18 18 -20 -21 21 -23 -24 -25 -26 27 -28 -29 -30 -31
leaf_value=-0.0016176310196706156 0.00083754009817747571 -0.010367306965912067 -0.0065587292073633176 -0.0086954399841185411 -0.012119199819335624 0.0051199664115403557 0.0081067809215458683 0.013144821828660912 0.0018854563411727959 -0.00057291723407786662 0.0092766154756130995 -0.011249370258584886 -0.0019267127300104687 -0.00027895279692668063 -0.010768127913650847 -0.0033303729378531604 -0.00083971153308768113 -0.00047769107622568725 -0.010876846536954161 0.0069217600075248843 -0.00585559455313141 -0.00074696690610669039 0.010297818428270987 -0.012746092699841638 -0.0031786311291280706 0.0055697990187936076 -0.011845194305748881 0.0018516756373907768 -0.010352322855147714 0.0091421431010291626
leaf_weight=9.400201156735422 8.3381592780351621 6.1581749022007015 37.257955528795719 9.9527421407401544 6.30680127441883 8.1693162918090803 6.4464309103786936 5.4606260955333701 4.3824329301714897 43.479806233197451 8.9686833471059817 8.6705945730209368 12.342204481363295 32.895057760179043 13.811128754168747 21.435443371534348 13.579337425529955 38.252781607210636 14.513307392597197 12.780699759721754 43.057951435446739 83.172350183129311 9.8505561053752881 3.462085284292697 18.350712314248089 27.379068195819855 3.6064547747373572 650.75124384090304 34.607338532805443 6.7195589840412131
leaf_count=52 39 50 384 75 33 36 33 26 20 331 38 94 52 234 221 96 86 216 88 70 272 418 41 22 93 332 22 7120 470 33
internal_value=0 -0.0032441 -0.00494009 -0.0030308 -0.00664394 -0.00283113 -0.000988561 0.00169989 0.00201683 -0.00208588 -0.000505879 -0.00140767 0.00278821 -0.00282698 -0.00667587 -0.00561106 -0.00381236 -0.00167756 -0.00391725 -0.000881823 -0.00156738 -0.00248955 0.00447947 -0.0014959 -0.00546541 0.00192827 -0.00431302 0.00200179 -0.00838557 0.0045435
internal_weight=0 412.61 198.12 93.4276 104.692 32.8268 59.879 790.95 691.58 53.4325 99.3697 84.312 21.3109 63.0011 33.5486 30.106 19.7375 214.49 56.2282 158.262 145.481 126.23 19.2508 41.7149 24.6575 686.119 7.98889 678.13 71.8653 15.0577
internal_count=11097 2991 1812 796 1016 162 439 8106 7520 406 586 514 90 424 357 190 136 1179 326 853 783 690 93 238 126 7494 42 7452 854 72
is_linear=0
shrinkage=0.01


Tree=245
num_leaves=31
num_cat=0
split_feature=1 1 1 0 0 1 0 0 12 12 4 1 0 12 0 0 3 12 1 12 12 12 0 0 12 1 1 1 1 1
split_gain=62.7308 25.5048 23.5181 14.8873 45.9457 13.9646 11.9047 44.8548 13.12 11.0193 10.4369 9.38022 8.68705 8.15692 8.09532 31.2335 10.4025 9.09568 8.33503 8.06582 7.8975 7.62311 7.78222 12.8315 7.03509 19.9793 6.86012 5.92982 5.83585 5.54376
threshold=1119808862681.0002 3704300934115.0005 2883033187299.0005 4277344.0000000009 4277361.5000000009 2482915554044.5005 4296517.5000000009 4295326.5000000009 1.9631289435398596 3.8157201904287903 27.500000000000004 174026436988.00003 4305671.5000000009 3.824945238596599 4301421.0000000009 4305469.5000000009 24.500000000000004 2.9447131231770816 174026434482.00003 3.8526111023106298 1.9393065999967327 1.9592252154137344 4297258.0000000009 4298275.5000000009 2.9453644050416359 4092079271560.5005 4363500793924.5005 3475289743715.0005 702778649068.50012 174026426333.50003
decision_type=2 2 2 2 2 2 2 2 2 2 2 2 2 2 2 2 2 2 2 2 2 2 2 2 2 2 2 2 2 2
left_child=6 2 3 -2 -5 -6 7 9 -9 -1 11 13 21 -8 17 -16 -17 18 -12 29 -4 22 -3 -24 26 -26 -23 -22 -19 -10
right_child=1 12 20 4 5 -7 10 8 19 -11 14 -13 -14 -15 15 16 -18 28 -20 -21 27 24 23 -25 25 -27 -28 -29 -30 -31
leaf_value=-0.010383690209691333 0.0086740760031898817 0.0079734256819174593 0.010387694314986625 -0.023548588315862835 0.0030221863187116092 -0.00056075029130298352 0.0047554415141760412 0.0080281519008581631 0.0058702586587638036 -0.0020684519743663127 -0.01047508986202963 0.0053585095419900917 -0.010790507420056385 -0.011899640324272953 0.011677908731049751 0.01035932824679465 -0.0069831189586193818 0.0010848107715230291 -0.005400932882164762 0.007039380789586179 0.0080142450527293744 -0.0032284713254811985 -0.011150482422516211 0.0025518495833680211 -0.0052768614577247798 0.0086782577797650286 -0.012072478093414264 -0.0050869705656891931 -0.0052024725166427309 -0.0075131442405777515
leaf_weight=35.4519456140697 31.361209135502577 14.264220111072062 48.208430010825396 7.1761412210762492 357.14250110834837 156.42462279647589 4.719230502843855 46.251471765339375 3.9634852856397691 28.951985269784927 46.75188036262989 20.54029405862093 10.446258172392843 7.8021294847130775 13.820260740816591 3.7774368748068801 40.992302570492029 27.011790037155151 105.2557038962841 8.9183663278818113 7.310201231390236 24.925246264785528 8.9568347260355932 28.838348038494587 30.209867998957634 15.534778416156767 13.532502997666596 6.5505010858178139 32.556881666183472 14.126137770712374
leaf_count=487 416 173 1031 45 3432 1307 20 496 20 176 537 98 86 60 141 24 365 161 775 43 122 223 47 173 157 71 116 42 179 74
internal_value=0 0.00174404 0.00263886 0.00198274 0.00157976 0.00193088 -0.00299649 -0.000557732 0.00479431 -0.00664568 -0.00410367 0.00119972 -0.00200199 -0.00562243 -0.00475268 -0.00146323 -0.00551985 -0.0056636 -0.00696155 -0.000743678 0.00847503 -0.00132823 0.00167987 -0.000695377 -0.00318803 -0.000537735 -0.0063405 0.00182267 -0.00235146 -0.0045808
internal_weight=0 760.882 614.174 552.104 520.743 513.567 440.891 137.663 73.2595 64.4039 303.228 33.0617 146.708 12.5214 270.166 58.59 44.7697 211.576 152.008 27.008 62.0691 136.262 52.0594 37.7952 84.2024 45.7446 38.4577 13.8607 59.5687 18.0896
internal_count=11097 7441 6395 5200 4784 4739 3656 1296 633 663 2360 178 1046 80 2182 530 389 1652 1312 137 1195 960 393 220 567 228 339 164 340 94
is_linear=0
shrinkage=0.01


Tree=246
num_leaves=31
num_cat=0
split_feature=2 1 1 1 12 1 1 1 1 1 1 1 1 2 1 3 12 12 3 1 1 12 3 12 4 1 1 1 2 1
split_gain=64.2897 34.5391 11.9147 10.1424 9.92279 8.96231 10.1707 48.8466 37.3315 15.0703 10.7525 7.91209 6.35503 5.90689 5.89782 7.04382 5.83019 10.3594 4.96674 4.58016 4.01435 3.97152 7.61005 10.0223 6.77795 5.75188 9.92922 3.97127 3.84394 3.70928
threshold=57.500000000000007 1119808860540.0002 174026437347.50003 702778647780.50012 1.9802295125484259 4363500795181.0005 2547630277329.5005 2482915554044.5005 2547630267620.5005 2547630292676.5005 2777491177346.5005 174026433010.00003 2452704926503.5005 62.500000000000007 174026424700.00003 30.500000000000004 3.8347789979364708 3.865125855609238 52.500000000000007 702778650644.50012 702778654961.50012 1.9842187211896343 35.500000000000007 2.9331355305171365 27.500000000000004 1861025320257.0002 2384994534721.0005 174026421343.50003 102.50000000000001 174026418081.50003
decision_type=2 2 2 2 2 2 2 2 2 2 2 2 2 2 2 2 2 2 2 2 2 2 2 2 2 2 2 2 2 2
left_child=2 3 14 11 19 6 7 12 -9 -8 -11 13 -3 -2 15 16 27 -18 -15 -4 -5 25 24 -24 -23 -6 -27 -1 -13 -17
right_child=1 5 4 20 21 -7 9 8 -10 10 -12 28 -14 18 -16 29 17 -19 -20 -21 -22 22 23 -25 -26 26 -28 -29 -30 -31
leaf_value=-0.011839740233338499 -0.009284229886711624 0.0027489407138446154 -0.0014829480815257412 -0.0070657740845347285 -0.0076771000953790025 -0.0056759837078403635 0.010865671643777877 -0.015123392347682204 0.0011242585327105436 -0.0011416282957428818 0.0049375799280270546 0.005148322535524644 0.0059453103932950195 0.010365656547889322 -0.0085681952595873297 0.00085633970735953262 0.018772597528486309 -0.0044603976574327624 -0.0024470842655818803 -0.0094557610301561606 0.000209502834601941 0.0073577334102674519 -0.0090157251411184091 -0.0020121782337534878 -0.0013740341028078296 0.0084331578127723184 -0.002992746928725234 0.0048810193271673396 0.00019941695815557049 -0.0095228270459248188
leaf_weight=3.5513967052102071 12.6191264167428 228.42583574727178 9.9357930272817594 42.177602238953114 5.8834072761237612 11.967490777373312 34.589358150959015 26.511731177568436 30.30775798112154 37.034604042768478 135.70905016362667 21.549302481114864 85.478232849389315 3.2141206711530677 53.208918612450361 4.4995128624141243 4.1542856842279434 3.5672349631786346 51.535254150629044 26.220135290175676 9.2471272498369199 9.4363158196210843 31.704676404595375 57.473801866173744 153.50790774822235 16.35598419606686 14.21622448414564 2.367221362888813 57.770891308784485 14.667137041687964
leaf_count=30 121 2253 90 292 81 112 473 129 301 313 1684 138 1161 14 584 47 22 23 515 290 61 40 389 295 771 67 74 19 539 169
internal_value=0 0.00167659 -0.00320285 -0.00193611 -0.0023263 0.00288963 0.00306697 0.002075 -0.00645683 0.00484067 0.00363426 -0.000596435 0.00361933 -0.00311649 -0.00651209 -0.00317731 0.00231539 0.00803928 -0.0016949 -0.0072648 -0.00575754 -0.00170756 -0.00215365 -0.00450207 -0.000868366 0.00137755 0.00312006 -0.00515207 0.00154391 -0.00708624
internal_weight=0 788.137 410.75 198.113 324.734 590.024 578.057 370.724 56.8195 207.333 172.744 146.689 313.904 67.3685 86.0157 32.8068 13.6401 7.72152 54.7494 36.1559 51.4247 288.578 252.123 89.1785 162.944 36.4556 30.5722 5.91862 79.3202 19.1666
internal_count=11097 8106 2991 1680 2097 6426 6314 3844 430 2470 1997 1327 3414 650 894 310 94 45 529 380 353 1717 1495 684 811 222 141 49 677 216
is_linear=0
shrinkage=0.01


Tree=247
num_leaves=31
num_cat=0
split_feature=2 3 2 12 3 2 12 2 4 2 4 3 2 3 4 12 4 12 3 12 2 2 3 4 3 2 4 2 12 2
split_gain=63.154 10.6316 6.3305 6.80877 6.77904 6.71543 5.88538 5.26934 6.70207 5.184 4.35093 4.84231 6.41694 4.40355 3.92752 3.82888 3.81863 3.80723 9.38193 8.25527 7.96 7.18158 6.61962 4.71517 3.72926 3.07788 3.73329 3.56136 2.62011 2.51252
threshold=57.500000000000007 43.500000000000007 29.500000000000004 3.7950158525136106 61.500000000000007 55.500000000000007 1.9855520618694149 65.500000000000014 28.500000000000004 23.500000000000004 25.500000000000004 27.500000000000004 59.500000000000007 61.500000000000007 58.500000000000007 2.8992772287801976 55.500000000000007 3.8646254547976171 30.500000000000004 3.8581143179354238 26.500000000000004 32.500000000000007 31.500000000000004 59.500000000000007 52.500000000000007 70.500000000000014 33.500000000000007 86.500000000000014 1.9663941833800986 60.500000000000007
decision_type=2 2 2 2 2 2 2 2 2 2 2 2 2 2 2 2 2 2 2 2 2 2 2 2 2 2 2 2 2 2
left_child=1 17 4 28 14 24 9 10 -9 -6 29 12 -12 15 16 -13 -3 19 23 20 22 -22 -1 -19 -5 26 -10 -27 -4 -2
right_child=7 2 3 5 6 -7 -8 8 25 -11 11 13 -14 -15 -16 -17 -18 18 -20 -21 21 -23 -24 -25 -26 27 -28 -29 -30 -31
leaf_value=-0.001548494430599833 0.00080042771540226199 -0.010318773992608674 -0.0064585235033992128 -0.012063757857097776 -0.0085868280837698274 0.0050553724925266807 0.0080735089942075306 0.013044611936241922 -0.010845760138993774 -0.000551780756700392 0.0091756497844581227 -0.011224712710732611 -0.001940029090369676 -0.00024812721347025358 -0.010748201113941291 -0.0032968961011440069 -0.00077712545533242144 -0.00045917982860108639 -0.01083062498271109 0.0068588744607065389 -0.0057678578043943128 -0.00072176822141395783 0.010192865213139337 -0.012704680175429181 -0.0031263490121990357 0.0055065224236625363 0.0028657307227518258 0.0018094360239840962 -0.010314567770693776 0.0090335117880028688
leaf_weight=9.3627617806196231 8.3261359632015211 6.0795340463519123 36.683389566838741 6.2678236812353125 9.858552046120165 8.1779163330793363 6.4491407312452784 5.4246797561645499 4.157657265663147 43.278541807085276 8.9681583493948001 8.5165729522705096 12.338885724544523 32.787726543843746 13.478537753224371 21.399551123380661 13.525925509631632 38.185014434158802 14.407052174210547 12.795242503285406 42.726811647415161 82.977191753685474 9.8568037897348386 3.426623933017253 18.299656890332702 27.14825727045536 3.8012709468603125 647.20502971112728 33.910380642861128 6.680914655327796
leaf_count=52 39 50 384 33 75 36 33 26 20 331 38 94 52 234 221 96 86 216 88 70 272 418 41 22 93 332 22 7120 470 33
internal_value=0 -0.0031787 -0.00486076 -0.0065626 -0.002963 -0.00279374 -0.000947648 0.0016628 0.00197333 -0.00204253 -0.000494014 -0.00137997 0.00273857 -0.00277947 -0.00659276 -0.0055538 -0.00373593 -0.00163615 -0.00387559 -0.000840741 -0.00152054 -0.00243693 0.00447309 -0.00146757 -0.00540652 0.00188531 -0.004297 0.00195827 -0.00831081 0.00446567
internal_weight=0 409.747 196.009 103.339 92.6702 32.7454 59.5862 786.755 687.737 53.1371 99.0179 84.0109 21.307 62.7039 33.084 29.9161 19.6055 213.738 56.0187 157.719 144.924 125.704 19.2196 41.6116 24.5675 682.312 7.95893 674.353 70.5938 15.0071
internal_count=11097 2991 1812 1016 796 162 439 8106 7520 406 586 514 90 424 357 190 136 1179 326 853 783 690 93 238 126 7494 42 7452 854 72
is_linear=0
shrinkage=0.01


Tree=248
num_leaves=31
num_cat=0
split_feature=2 0 0 1 4 1 1 13 1 2 1 1 0 1 1 1 1 0 0 0 1 3 0 2 0 13 13 1 3 1
split_gain=62.0157 47.178 30.0258 15.9508 13.4453 12.04 11.8075 9.71607 9.12995 12.4791 11.0622 8.58374 8.28348 8.16091 7.01195 19.1206 10.2153 6.80805 8.05812 20.0161 5.8749 6.93542 10.6187 6.08662 5.62528 13.6938 7.37546 7.03185 5.48464 5.35108
threshold=57.500000000000007 4296358.0000000009 4300627.0000000009 2384994531138.5005 25.500000000000004 4363500793924.5005 174026437347.50003 1.9900653940409032 2883033186372.5005 92.500000000000014 2777491174764.5005 174026434482.00003 4297928.5000000009 3475289743715.0005 2384994529944.5005 2452704926503.5005 1862882907023.5002 5575758.5000000009 4305780.0000000009 4305469.5000000009 174026424700.00003 30.500000000000004 4296552.0000000009 30.500000000000004 4294665.5000000009 3.9052022367380075 1.992077967200329 2384994534721.0005 35.500000000000007 2482915554044.5005
decision_type=2 2 2 2 2 2 2 2 2 2 2 2 2 2 2 2 2 2 2 2 2 2 2 2 2 2 2 2 2 2
left_child=6 8 3 4 -3 12 20 -8 10 13 14 -6 -5 -10 16 -16 -2 18 19 -4 21 22 -1 -24 25 -9 27 -26 -28 -20
right_child=1 2 17 5 11 -7 7 24 9 -11 -12 -13 -14 -15 15 -17 -18 -19 29 -21 -22 -23 23 -25 26 -27 28 -29 -30 -31
leaf_value=0.015636164239300625 0.0033539165753749397 0.0077383170869458201 0.0034578132409534969 0.0091245150244041694 -0.010689443762220687 -0.0095948332492732918 -0.0071986116604831627 -0.010685267956559098 0.0089732636430114882 0.010204215729223896 -0.0038461745017315768 -0.0046654868614673739 0.0001880467731381114 -0.005692384219460226 -0.0033604729421980572 0.0041941200437644113 0.0086771882357012838 -0.0114541903682215 0.0091675784839496104 -0.0069123302683652098 -0.0085281408014506854 -0.0070324443476951579 -0.011660636010086821 0.0043834787544148723 0.0074493448014538825 0.0012665381347685661 -0.00084518389782168961 -0.0021963322463744652 -0.0044901716133631713 0.0021575222604522533
leaf_weight=4.1586632430553427 98.128746770322323 7.5473492294549933 83.547690398991108 14.753421932458876 30.155410818755627 9.2306732982397062 35.745508316904306 20.969485361129045 6.1527242623269585 44.83206057921052 20.384577952325344 109.72363633662462 34.930269107222557 9.8989486768841726 43.665769882500172 143.94347387179732 56.982246249914169 3.5111190453171721 25.748092301189899 23.947785295546055 52.697238355875015 18.996155899018049 4.6696361377835256 4.7900134474039078 18.160705417394642 17.659804463386536 162.69292049109936 12.945493228733538 55.317860674113035 18.869429491460323
leaf_count=20 956 36 781 66 314 74 380 357 116 1032 130 669 161 55 280 1786 960 32 317 135 584 216 40 34 82 91 811 56 320 206
internal_value=0 0.00164786 -0.00100379 -0.00350505 -0.00526266 0.000893154 -0.00315428 -0.00228153 0.0039116 0.00749523 0.00331072 -0.00596414 0.0028417 -7.09336e-05 0.0037364 0.0024358 0.0053095 0.00231262 0.00263039 0.00114756 -0.00646368 -0.00312799 0.00231831 -0.0035365 -0.0016707 -0.00522137 -0.00112011 0.0034351 -0.00177006 0.00620292
internal_weight=0 785.953 361.965 206.341 147.426 58.9144 408.803 323.492 423.989 60.8837 363.105 139.879 49.6837 16.0517 342.72 187.609 155.111 155.624 152.113 107.495 85.3117 32.6145 13.6183 9.45965 287.746 38.6293 249.117 31.1062 218.011 44.6175
internal_count=11097 8106 2791 1320 1019 301 2991 2097 5315 1203 4112 983 227 171 3982 2066 1916 1471 1439 916 894 310 94 74 1717 448 1269 138 1131 523
is_linear=0
shrinkage=0.01


Tree=249
num_leaves=31
num_cat=0
split_feature=2 0 0 1 1 1 12 12 1 2 1 1 1 0 1 1 1 12 0 0 0 0 0 1 12 2 1 0 0 12
split_gain=60.9435 46.3999 29.5077 15.6957 11.8523 11.6892 11.5981 9.6053 9.08838 12.4066 10.9303 17.0998 31.2413 8.12704 8.03344 7.90601 7.86521 6.74377 7.16194 31.1965 10.0092 6.65011 10.9933 5.83098 6.91599 8.76365 6.597 6.10846 5.55678 13.5923
threshold=57.500000000000007 4296358.0000000009 4300627.0000000009 2384994531138.5005 4363500793924.5005 174026437347.50003 3.8001003313675121 1.9802295125484259 2883033186372.5005 92.500000000000014 2547630292676.5005 2547630277329.5005 2482915554044.5005 4297928.5000000009 3475289743715.0005 702778649454.50012 174026434482.00003 2.9046122198856144 4305780.0000000009 4305469.5000000009 5575758.5000000009 4277441.5000000009 4277480.5000000009 174026424700.00003 3.8234209225143849 29.500000000000004 174026424340.50003 4297996.0000000009 4294665.5000000009 3.8142617563909882
decision_type=2 2 2 2 2 2 2 2 2 2 2 2 2 2 2 2 2 2 2 2 2 2 2 2 2 2 2 2 2 2
left_child=5 8 3 6 13 23 16 -7 10 14 11 12 -2 -5 -10 -8 -3 18 19 -4 -20 -12 -23 24 26 -26 -1 -27 29 -9
right_child=1 2 17 4 -6 7 15 28 9 -11 21 -13 -14 -15 -16 -17 -18 -19 20 -21 -22 22 -24 -25 25 27 -28 -29 -30 -31
leaf_value=-0.009947679435975498 0.0041981830326072288 -0.01115325883555718 0.0030927848528408638 0.0090402213989582425 -0.0095573690471405376 -0.0071659292037127712 0.007281081796777937 -0.010678026943228607 0.00895492430737687 0.010195819417383583 0.0040935117116274837 0.010856758924751223 -0.006927699000760755 0.0001861655803930884 -0.005627806670283105 -0.004448309977624622 -0.0050912900844921468 0.0099523638496650264 0.0061710495506847986 -0.010857000096456584 -0.01143767020083661 -0.021362785893927785 -0.0021052947753912076 -0.0084984814355136135 -0.0075132498368318265 0.013993892344882764 0.010202214920710344 -0.002188464337448123 -0.0011095249760883395 0.0012532354212397504
leaf_weight=14.518874764442444 263.24312461540103 27.506432488560677 76.272870451211929 14.742134079337118 9.1744706407189351 35.550432004034519 11.262198388576509 20.774843141436577 6.1039163060486343 44.422343205660582 13.162477433681486 31.779998779296875 27.914563342928886 34.930426120758057 9.9123426303267461 11.733625158667563 96.465427681803703 10.711034476757048 44.400916032493114 20.297642342746258 3.4811785742640486 3.4111184179782894 22.632195688784122 52.354061432182789 6.4426076263189342 5.8359248042106611 1.8295483253896243 3.8858198225498199 248.98232455179095 17.66873762011528
leaf_count=187 3128 302 749 66 74 380 54 357 116 1032 123 438 220 161 55 56 607 47 523 120 32 21 182 584 48 30 20 25 1269 91
internal_value=0 0.00163642 -0.000996499 -0.00347897 0.000885197 -0.0031302 -0.00522641 -0.00226238 0.00388551 0.00747531 0.0032864 0.00389173 0.0031315 0.00281393 -7.02186e-05 0.00129616 -0.0064363 0.00229634 0.00172865 0.000160754 0.00489084 -0.00169969 -0.00462762 -0.00643285 -0.00310663 0.00153167 -0.00769271 0.00752574 -0.00165588 -0.0051944
internal_weight=0 783.56 360.978 205.815 58.847 407.843 146.968 322.976 422.582 60.4386 362.143 322.938 291.158 49.6726 16.0163 22.9958 123.972 155.164 144.453 96.5705 47.8821 39.2058 26.0433 84.8668 32.5128 16.1644 16.3484 9.72174 287.426 38.4436
internal_count=11097 8106 2791 1320 301 2991 1019 2097 5315 1203 4112 3786 3348 227 171 110 909 1471 1424 869 555 326 203 894 310 103 207 55 1717 448
is_linear=0
shrinkage=0.01


Tree=250
num_leaves=31
num_cat=0
split_feature=2 0 0 1 1 1 12 12 1 2 1 1 1 0 1 1 1 1 1 1 0 1 0 0 0 1 12 2 1 0
split_gain=59.8848 45.6264 29.0009 15.4474 11.6677 11.5754 11.4242 9.49647 9.04886 12.3346 10.7543 17.0226 30.6295 7.97381 7.90816 7.87764 7.75543 6.63649 17.8596 13.6545 10.4703 10.2202 7.05259 6.51084 10.6318 5.7855 6.82644 8.59308 6.50421 5.944
threshold=57.500000000000007 4296358.0000000009 4300627.0000000009 2384994531138.5005 4363500793924.5005 174026437347.50003 3.8001003313675121 1.9802295125484259 2883033186372.5005 92.500000000000014 2547630292676.5005 2547630277329.5005 2482915554044.5005 4297928.5000000009 3475289743715.0005 174026434482.00003 702778649454.50012 2482915543568.5005 2547630269000.5005 1119808862276.5002 5575758.5000000009 2482915554044.5005 4305469.5000000009 4277441.5000000009 4277480.5000000009 174026424700.00003 3.8234209225143849 29.500000000000004 174026424340.50003 4297996.0000000009
decision_type=2 2 2 2 2 2 2 2 2 2 2 2 2 2 2 2 2 2 2 2 2 2 2 2 2 2 2 2 2 2
left_child=5 8 3 6 13 25 15 -7 10 14 11 12 -2 -5 -10 -3 -8 19 21 22 -21 -19 -4 -12 -25 26 28 -28 -1 -29
right_child=1 2 17 4 -6 7 16 -9 9 -11 23 -13 -14 -15 -16 -17 -18 18 -20 20 -22 -23 -24 24 -26 -27 27 29 -30 -31
leaf_value=-0.0099255296190857885 0.0041682954052545901 -0.011140511888240823 0.004414453428227951 0.0089569239342403659 -0.0095199940238899407 -0.0071332906482157715 0.0072129931749543418 -0.0016409316067361578 0.0089365526959023674 0.010187438077498053 0.0040646401206106296 0.010847510163244407 -0.0068267194994547763 0.00018430315741428649 -0.0055640980452512159 -0.0050513303392497105 -0.0044101644409084654 0.0010882440432866279 0.0043042676345410634 0.010283075744876588 -0.01148968142701301 -0.010444034400990398 -0.0036164852730911708 -0.020934491527599783 -0.0020812844077441454 -0.0084688486358099058 -0.0074749003178554161 0.0137838414117884 0.01002502620678356 -0.0021694639223604792
leaf_weight=14.406326733529568 262.48315754905343 27.263742782175541 22.652498438954353 14.730498686432837 9.1186644807457906 35.356935247778893 11.254862368106844 287.15077590569854 6.0555427074432364 44.016336165368557 13.123608216643332 31.490474537014961 28.043541461229324 34.93058155477047 9.9255139455199224 96.257303133606911 11.716847717761992 13.278496257960798 43.396192856132984 33.612603381276131 2.364005170762538 18.241982281208038 21.139523766934872 3.4459189474582699 22.664193540811539 52.013586983084679 6.4110631272196796 5.8654593527317029 1.8431966640055186 3.8806793987751007
leaf_count=187 3128 302 200 66 74 380 54 1717 116 1032 123 438 220 161 55 607 56 130 463 406 21 86 165 21 182 584 48 30 20 25
internal_value=0 0.00162499 -0.000989386 -0.00345338 0.000877311 -0.00310597 -0.00519105 -0.00224307 0.00385899 0.00745537 0.00326169 0.00386394 0.00310698 0.00278644 -6.95108e-05 -0.00639534 0.00128454 0.00228041 0.000143081 0.00428774 0.0088524 -0.00558588 0.000537715 -0.00168137 -0.00456946 -0.00640249 -0.00308593 0.00151682 -0.00766252 0.00743162
internal_weight=0 781.206 359.958 205.273 58.7797 406.928 146.493 322.508 421.248 59.9974 361.251 322.017 290.527 49.6611 15.9811 123.521 22.9717 154.685 74.9167 79.7686 35.9766 31.5205 43.792 39.2337 26.1101 84.4203 32.4067 16.1572 16.2495 9.74614
internal_count=11097 8106 2791 1320 301 2991 1019 2097 5315 1203 4112 3786 3348 227 171 909 110 1471 679 792 427 216 365 326 203 894 310 103 207 55
is_linear=0
shrinkage=0.01


Tree=251
num_leaves=31
num_cat=0
split_feature=1 1 1 0 0 1 0 0 12 12 4 1 0 12 12 0 0 3 12 1 12 12 0 0 12 1 1 1 1 1
split_gain=57.2808 23.8361 22.7593 14.5121 45.1896 13.5255 11.3692 42.7762 12.7161 11.1255 9.8681 9.06125 8.46697 7.93241 7.89019 7.78933 30.127 10.3515 8.83662 8.31723 7.76892 6.77683 7.44443 12.7361 6.72171 19.59 6.85695 5.71457 5.6071 5.3011
threshold=1119808862681.0002 3704300934115.0005 2883033187299.0005 4277344.0000000009 4277361.5000000009 2482915540957.5005 4296517.5000000009 4295326.5000000009 1.9631289435398596 3.8157201904287903 27.500000000000004 174026436988.00003 4305671.5000000009 3.8526111023106298 1.9393065999967327 4301421.0000000009 4305469.5000000009 24.500000000000004 2.9447131231770816 174026434482.00003 3.824945238596599 1.9592252154137344 4297258.0000000009 4298275.5000000009 2.9453644050416359 4092079271560.5005 4363500793924.5005 702778649068.50012 3475289743715.0005 174026426333.50003
decision_type=2 2 2 2 2 2 2 2 2 2 2 2 2 2 2 2 2 2 2 2 2 2 2 2 2 2 2 2 2 2
left_child=6 2 3 -2 -5 -6 7 9 -9 -1 11 20 21 29 -4 18 -17 -18 19 -12 -8 22 -3 -24 26 -26 -23 -20 -16 -10
right_child=1 12 14 4 5 -7 10 8 13 -11 15 -13 -14 -15 28 16 17 -19 27 -21 -22 24 23 -25 25 -27 -28 -29 -30 -31
leaf_value=-0.010356187141821894 0.0085895275551583911 0.0078020241723307793 0.010358511949386615 -0.023491960800472129 0.0031083394942842484 -0.00026908374324944787 0.0045217037239924009 0.0079520480379187547 0.005657779483363155 -0.0019146196579095367 -0.01040540657844625 0.0052786627769785734 -0.010719384071347095 0.0070089851501023773 0.0078929146093992195 0.011656987991284532 0.010500768835225962 -0.0068667440935542313 0.0011572195403745215 -0.0052607317485435876 -0.011836909770435795 -0.0030640898916207537 -0.011216230040546908 0.0024823544477077966 -0.0051929130588453587 0.0086351749593691247 -0.012011495817352684 -0.0050846471245274095 -0.0049406112396184762 -0.0074323735653419598
leaf_weight=34.342645615339279 30.649362802505493 13.912250533699988 46.372617028653622 7.1309901997447005 320.15832326188684 188.3149338811636 4.699214816093443 45.73321820050478 3.9714249074459138 28.62619960308075 45.077696047723293 20.449771553277969 10.268922552466391 8.8910633921623212 7.0608380250632745 13.579403497278689 3.7521664649248114 40.201602224260569 26.866900041699409 103.7476701810956 7.5957131907343864 24.54789511859417 8.8929156810045225 28.66225491464138 30.053405970335007 15.543716117739676 13.155278421938418 32.302139312028885 6.5743095614016056 13.997736528515814
leaf_count=487 416 173 1031 45 3074 1665 20 496 20 176 537 98 86 43 122 141 24 365 161 775 60 223 47 173 157 71 116 179 42 74
internal_value=0 0.00167527 0.00254648 0.0019043 0.00150691 0.0018575 -0.00288845 -0.000487186 0.00474455 -0.00651858 -0.00397981 0.00119977 -0.00196641 -0.000716659 0.00839226 -0.00461855 -0.00136197 -0.00538415 -0.00551935 -0.006819 -0.00558452 -0.00129946 0.00155338 -0.000761416 -0.0030621 -0.000479022 -0.00618599 -0.0022504 0.00170511 -0.00453927
internal_weight=0 751.298 606.261 546.254 515.604 508.473 433.835 135.562 72.5934 62.9688 298.272 32.7447 145.037 26.8602 60.0078 265.528 57.5332 43.9538 207.994 148.825 12.2949 134.768 51.4674 37.5552 83.3003 45.5971 37.7032 59.169 13.6351 17.9692
internal_count=11097 7441 6395 5200 4784 4739 3656 1296 633 663 2360 178 1046 137 1195 2182 530 389 1652 1312 80 960 393 220 567 228 339 340 164 94
is_linear=0
shrinkage=0.01


Tree=252
num_leaves=31
num_cat=0
split_feature=2 1 1 1 12 1 1 1 1 1 1 1 1 2 1 12 2 4 1 4 1 1 12 12 1 2 1 1 2 12
split_gain=58.1276 31.8347 11.3621 9.85442 9.30226 8.43685 9.84706 46.7441 35.9987 15.0077 10.2655 7.55259 6.21333 5.81095 5.74168 6.6878 8.42636 7.88479 6.43255 4.68893 4.67611 3.98294 3.79268 6.83184 11.2095 6.2944 5.47534 9.47158 3.76373 3.73649
threshold=57.500000000000007 1119808860540.0002 174026437347.50003 702778647780.50012 1.9802295125484259 4363500795181.0005 2547630277329.5005 2482915554044.5005 2547630267620.5005 2547630292676.5005 2777491177346.5005 174026433010.00003 2452704926503.5005 62.500000000000007 174026424700.00003 3.8234209225143849 29.500000000000004 54.500000000000007 174026424340.50003 70.500000000000014 702778650644.50012 702778654961.50012 1.9842187211896343 2.9433833877757176 702778648565.00012 52.500000000000007 1861025320257.0002 2384994534721.0005 102.50000000000001 1.9855520618694149
decision_type=2 2 2 2 2 2 2 2 2 2 2 2 2 2 2 2 2 2 2 2 2 2 2 2 2 2 2 2 2 2
left_child=2 3 14 11 20 6 7 12 -9 -8 -11 13 -3 -2 15 18 -17 -18 -1 -15 -4 -5 26 25 -25 -24 -6 -28 29 -13
right_child=1 5 4 21 22 -7 9 8 -10 10 -12 28 -14 19 -16 16 17 -19 -20 -21 -22 -23 23 24 -26 -27 27 -29 -30 -31
leaf_value=-0.0098914948335346448 -0.0092453756882373977 0.0026398077812598082 -0.0011653977123810913 -0.0069896446568069454 -0.0075669959733263396 -0.0056221942923115357 0.010833070146298536 -0.014811603601204083 0.0011146224364402177 -0.001151944259292747 0.0048033732289655476 0.010091942221940433 0.0058278412851502804 0.01013675406100532 -0.0084220373013538397 -0.0074334819441954315 -0.0021285949224647857 0.015872776039877867 0.0099388397891911184 -0.0023704100837723232 -0.0093360348737570702 0.00029513351013103463 -0.0057947707272908312 0.0042114587617686277 -0.002206522092102931 0.00042769453431486276 0.0082677896968789653 -0.0029018217242623517 0.00020141710032558813 0.0016023654070483316
leaf_weight=14.200579177588224 12.311303116381167 225.6669184602797 9.6805346533656103 41.645524770021439 5.7270336374640456 11.715544156730173 33.486163772642612 26.717778220772743 30.274553850293159 36.979407288134098 133.21933878585696 8.8564484938979167 83.847854673862457 3.1866344660520545 51.443437039852142 6.3732952550053623 4.6211360171437272 5.1391912549734089 1.8487286306917674 50.496513538062572 25.337822321802378 9.1553345993161184 67.1245476603508 34.624129503965378 127.15660260617733 21.451940327882767 16.372603371739391 14.155681885778902 57.066036783158779 12.503586694598196
leaf_count=187 121 2253 90 292 81 112 473 129 301 313 1684 63 1161 14 584 48 29 26 20 515 290 61 565 159 657 114 67 74 539 75
internal_value=0 0.00160576 -0.00306577 -0.0018886 -0.00221197 0.00277806 0.00295066 0.00197099 -0.00635153 0.00471347 0.00350945 -0.000556083 0.00350345 -0.00304901 -0.00634953 -0.0030367 0.00150995 0.00734983 -0.00760723 -0.00162798 -0.00707733 -0.00567678 -0.00161752 -0.00205527 -0.000832953 -0.00428778 0.00140535 0.00308854 0.00154168 0.00512237
internal_weight=0 777.129 405.257 195.221 321.631 581.908 570.192 366.507 56.9923 203.685 170.199 144.421 309.515 65.9945 83.6264 32.1829 16.1336 9.76033 16.0493 53.6831 35.0184 50.8009 286.613 250.357 161.781 88.5765 36.2553 30.5283 78.4261 21.36
internal_count=11097 8106 2991 1680 2097 6426 6314 3844 430 2470 1997 1327 3414 650 894 310 103 55 207 529 380 353 1717 1495 816 679 222 141 677 138
is_linear=0
shrinkage=0.01


Tree=253
num_leaves=31
num_cat=0
split_feature=2 1 1 1 13 13 1 1 1 1 1 2 3 1 13 13 1 3 13 1 4 1 1 3 13 13 13 1 13 1
split_gain=57.0946 31.2632 11.2484 9.68253 9.19597 8.41059 9.52793 10.1524 44.544 15.2349 7.40944 5.7452 5.69817 6.62657 5.35984 9.54395 4.64638 4.60381 4.51074 4.29798 5.70239 3.91887 3.89778 3.81137 6.37093 12.9831 5.95535 7.53428 6.38183 5.38599
threshold=57.500000000000007 1119808860540.0002 174026437347.50003 702778647780.50012 1.9900653940409032 3.9126533508095291 4363500795181.0005 2547630277329.5005 2482915554044.5005 2547630292676.5005 174026433010.00003 62.500000000000007 30.500000000000004 174026424700.00003 3.9162452666647822 3.931600915400653 702778650644.50012 52.500000000000007 2.9694560032158219 174026418081.50003 70.500000000000014 702778654961.50012 174026421343.50003 28.500000000000004 1.992077967200329 2.9694560032158219 3.9270473227132068 702778653924.50012 3.9199460241542825 1861025320257.0002
decision_type=2 2 2 2 2 2 2 2 2 2 2 2 2 2 2 2 2 2 2 2 2 2 2 2 2 2 2 2 2 2
left_child=2 3 12 10 16 6 7 8 -3 -9 11 -2 13 14 22 -16 -4 -13 -15 20 -14 -5 -1 26 29 -26 28 -28 -6 -25
right_child=1 5 4 21 23 -7 -8 9 -10 -11 -12 17 19 18 15 -17 -18 -19 -20 -21 -22 -23 -24 24 25 -27 27 -29 -30 -31
leaf_value=-0.011774801626538637 -0.0092038513753297142 0.0033455217499063863 -0.0011547461053830934 -0.006935084417806929 -0.00043799374468863136 0.016550171968280174 -0.0064694536009654692 0.010824098332741117 -0.0062746237363716329 0.0034117377363755931 0.0015254522406314148 0.010060198060306964 0.012083435835235537 0.006395232119888565 0.017897746234210678 -0.0043904578872084252 -0.0093100811655683138 -0.0023473605527747675 -0.0088857286752551251 -0.0092194310520652186 -0.010696622668576532 0.00029216953339610078 0.0049475760831907186 -0.0075378966347273814 -0.0082970892628738656 -0.0016341120877306548 0.0015180565137786484 0.015142048117221713 -0.01028839947555142 0.0030578919331570569
leaf_weight=3.4224749207496661 12.243519209325312 306.07385718077421 9.6721736267209035 41.553892403841019 56.502738401293755 4.3866755515336981 11.231255345046518 33.180312789976597 57.112208873033524 168.75671366602182 78.466585129499435 3.1788146644830695 2.2809862345457077 2.2079206928610828 4.2253625094890594 3.5231678560376167 25.155288025736809 50.482504427433014 15.44261062145233 47.614301711320877 2.1203641518950453 9.1557300910353643 2.3516010493040085 5.6918277256190768 38.645522214472294 120.21455504745245 22.315522611141208 4.9616373777389517 7.4436054676771155 30.525804221630096
leaf_count=30 121 3402 90 292 264 19 110 473 430 1992 677 14 12 18 22 23 290 515 142 593 35 61 19 81 438 627 107 22 37 141
internal_value=0 0.00159243 -0.00304227 -0.0018711 -0.00219333 0.00275589 0.0026509 0.00283216 0.00183272 0.00462966 -0.000550744 -0.00302267 -0.00631939 -0.00293864 0.00232883 0.00776356 -0.00704521 -0.00161236 -0.00697422 -0.00834548 0.00110907 -0.00563019 -0.0049643 -0.00160312 -0.00239212 -0.003255 8.41334e-05 0.00399622 -0.00158462 0.0013927
internal_weight=0 775.822 404.317 195.081 321.129 580.741 576.354 565.123 363.186 201.937 144.371 65.9048 83.1888 31.1731 13.5226 7.74853 34.8275 53.6613 17.6505 52.0157 4.40135 50.7096 5.77408 286.301 195.078 158.86 91.2235 27.2772 63.9463 36.2176
internal_count=11097 8106 2991 1680 2097 6426 6407 6297 3832 2465 1327 650 894 254 94 45 380 529 160 640 47 353 49 1717 1287 1065 430 129 301 222
is_linear=0
shrinkage=0.01


Tree=254
num_leaves=31
num_cat=0
split_feature=2 0 0 4 1 2 1 12 1 2 1 1 1 0 1 0 1 1 0 0 0 3 3 0 0 12 12 1 3 1
split_gain=56.0777 43.6097 28.2824 14.8598 15.805 11.5844 11.1379 9.09046 8.93087 12.2981 10.6653 14.8966 21.5653 14.9101 10.2461 19.6467 7.70283 6.81685 6.60073 7.88942 19.0669 5.90297 5.65839 7.9299 5.3446 13.3828 6.93631 6.74574 5.33562 5.26685
threshold=57.500000000000007 4296358.0000000009 4300627.0000000009 28.500000000000004 2384994536335.5005 59.500000000000007 174026437347.50003 1.9802295125484259 2883033186372.5005 92.500000000000014 2384994529944.5005 2452704926503.5005 2482915538113.0005 4295248.5000000009 1862882907023.5002 4295353.0000000009 3475289743715.0005 174026434482.00003 5575758.5000000009 4305780.0000000009 4305469.5000000009 56.500000000000007 30.500000000000004 4296552.0000000009 4294665.5000000009 3.8142617563909882 1.9842187211896343 2384994534721.0005 35.500000000000007 2482915554044.5005
decision_type=2 2 2 2 2 2 2 2 2 2 2 2 2 2 2 2 2 2 2 2 2 2 2 2 2 2 2 2 2 2
left_child=6 8 3 21 17 -6 22 -8 10 16 14 13 -13 -12 15 -2 -10 -5 19 20 -4 -3 23 -1 25 -9 27 -26 -28 -21
right_child=1 2 18 4 5 -7 7 24 9 -11 11 12 -14 -15 -16 -17 -18 -19 -20 29 -22 -23 -24 -25 26 -27 28 -29 -30 -31
leaf_value=0.0068734241246658371 -0.0018271768479688618 0.0078797638974570285 0.00336179094028208 -0.010689399254262544 0.012898304586022877 -0.0014973482107560399 -0.0070131382914376808 -0.010656088077145656 0.0088847878061287452 0.01016695848215065 -0.0057792359511377143 0.0098700145986445175 0.001125299740104938 0.011663982810920282 0.0086021295854961811 0.0072289446781877336 -0.0055267049075476997 -0.0050683954002992198 -0.011420842567922756 0.0091129670760919899 -0.0068176449683763005 -0.0028239597079680705 -0.008318129436964786 -0.0055240834306289587 0.0072930565128759639 0.0012662146626998374 -0.0007750566820695677 -0.0021571228366690127 -0.0043806460883809902 0.0021094936689892317
leaf_weight=6.532403156161311 42.961963031440973 14.92521592974663 82.703384540975094 27.403283774852753 6.3651630133390418 45.899932146072388 34.638058885931969 20.167967010289431 5.9220171421766272 42.945537205785513 37.708788201212883 36.361948944628239 125.65199431777 5.6322643160819998 55.717149581760168 54.148859344422817 9.9237498790025693 101.44674478471279 3.4498353898525229 25.247713431715965 23.666015446186066 7.8685938715934745 51.666891068220139 24.547072000801563 18.159694999456409 17.658945217728615 162.11418603360653 12.932990558445452 54.955445256084204 18.684783965349197
leaf_count=37 357 72 781 305 32 239 380 357 116 1032 217 600 1316 63 960 599 55 634 32 317 135 38 640 217 82 91 811 56 320 206
internal_value=0 0.00157896 -0.000982934 -0.00342476 -0.00438243 0.000255842 -0.00301902 -0.00217486 0.00377644 0.00738878 0.00318352 0.0016949 0.00308794 -0.00351245 0.00518378 0.0032225 -0.000140717 -0.00626385 0.00225547 0.00256938 0.00109698 0.00418476 -0.00628997 -0.00291833 -0.00158886 -0.00509033 -0.00105514 0.00336226 -0.00168788 0.00613434
internal_weight=0 774.635 357.661 203.909 181.115 52.2651 403.374 320.627 416.974 58.7913 358.183 205.355 162.014 43.3411 152.828 97.1108 15.8458 128.85 153.752 150.302 106.369 22.7938 82.7464 31.0795 285.989 37.8269 248.162 31.0927 217.07 43.9325
internal_count=11097 8106 2791 1320 1210 271 2991 2097 5315 1203 4112 2196 1916 280 1916 956 171 939 1471 1439 916 110 894 254 1717 448 1269 138 1131 523
is_linear=0
shrinkage=0.01


Tree=255
num_leaves=31
num_cat=0
split_feature=2 0 0 1 4 1 1 13 1 2 1 1 1 0 1 0 0 1 1 1 1 1 0 1 0 1 3 0 2 0
split_gain=55.1018 42.8886 27.7868 14.6226 12.5157 11.2686 11.0182 8.98488 8.88665 12.2257 10.522 14.6217 21.4002 14.6512 10.203 19.3484 8.60105 8.48937 7.5825 6.54956 17.2061 13.1946 10.2743 9.36642 6.68471 5.66193 6.53544 9.84151 5.84589 5.27832
threshold=57.500000000000007 4296358.0000000009 4300627.0000000009 2384994531138.5005 25.500000000000004 3704300934566.5005 174026437347.50003 1.9900653940409032 2883033186372.5005 92.500000000000014 2384994529944.5005 2452704926503.5005 2482915538113.0005 4295248.5000000009 1862882907023.5002 4295353.0000000009 4299410.0000000009 174026434482.00003 3475289743715.0005 2482915543568.5005 2547630269000.5005 1119808862276.5002 5575758.5000000009 2482915554044.5005 4305469.5000000009 174026424700.00003 30.500000000000004 4296552.0000000009 30.500000000000004 4294665.5000000009
decision_type=2 2 2 2 2 2 2 2 2 2 2 2 2 2 2 2 2 2 2 2 2 2 2 2 2 2 2 2 2 2
left_child=6 8 3 4 -3 -5 25 -8 10 18 14 13 -13 -12 15 -2 -7 -6 -10 21 23 24 -23 -21 -4 26 27 -1 -29 -9
right_child=1 2 19 5 17 16 7 29 9 -11 11 12 -14 -15 -16 -17 -18 -19 -20 20 -22 22 -24 -25 -26 -27 -28 28 -30 -31
leaf_value=0.015060167531796478 -0.0018069181951975832 0.0074829734466615285 0.0043497097736496402 0.0084720322248412801 -0.010612264186360113 0.00063298591669741402 -0.0069806878395832521 -0.0050636380582245481 0.0088662831374112499 0.010158634227409893 -0.0057049946115091659 0.0098560705011747941 0.0011149836008572829 0.011648178012959785 0.0085782701344327642 0.0071853942891245276 -0.010065943979069427 -0.0045083141268087139 -0.0054643463225795084 0.00094928071781929613 0.0042286099406776637 0.010214332703259192 -0.011469254904670701 -0.010109384305999412 -0.003501439969964399 -0.0083400215323499172 -0.0068419336792055301 -0.011592671563386999 0.0042659321141395408 -0.0010451498424565839
leaf_weight=4.186698421835902 43.008968364447355 7.4917406588792792 22.437649272382259 14.477091580629347 28.841397725045681 34.532874740660191 34.452021799981594 37.648065537214279 5.8752674646675578 42.552888534963131 37.816963195800781 36.050818867981434 125.54696045815945 5.5837503746151915 55.315415769815445 53.933368273079395 9.6036425828933698 108.51090251654387 9.93656327575445 13.132852010428907 42.975346822291613 33.053729176521301 2.3398820534348479 18.37508262693882 20.989305414259434 50.504710771143436 18.33897776901722 4.4997463375329954 4.8082848638296127 248.03222920000553
leaf_count=20 357 36 200 64 314 182 380 448 116 1032 217 600 1316 63 960 599 55 669 55 130 463 406 21 86 165 584 216 40 34 1269
internal_value=0 0.00156781 -0.000975588 -0.00339812 -0.00510351 0.000816184 -0.00299562 -0.0021565 0.00375102 0.00736874 0.00315999 0.00168097 0.00306503 -0.00347241 0.00515133 0.00319591 -0.00169499 -0.00579003 -0.000139455 0.00223948 0.000113206 0.00424876 0.00878082 -0.00550001 0.000555058 -0.00625813 -0.00295517 0.00232684 -0.00340053 -0.00157472
internal_weight=0 772.382 356.761 203.458 144.844 58.6136 402.471 320.132 415.621 58.3647 357.256 204.998 161.598 43.4007 152.258 96.9423 44.1365 137.352 15.8118 153.304 74.4833 78.8206 35.3936 31.5079 43.427 82.3384 31.8337 13.4947 9.30803 285.68
internal_count=11097 8106 2791 1320 1019 301 2991 2097 5315 1203 4112 2196 1916 280 1916 956 237 983 171 1471 679 792 427 216 365 894 310 94 74 1717
is_linear=0
shrinkage=0.01


Tree=256
num_leaves=31
num_cat=0
split_feature=2 0 0 4 1 2 1 12 1 2 1 1 1 1 1 1 1 1 1 0 1 0 3 1 12 2 4 1 0 12
split_gain=54.1328 42.1797 27.297 14.4213 15.3938 11.2415 10.9094 8.88235 8.84205 12.1537 10.4835 7.46423 6.81278 6.75924 16.5821 11.2569 6.45067 16.8677 13.0619 10.1381 9.13712 6.60585 5.7918 5.61787 6.5142 8.04558 7.67325 6.34615 5.20068 13.3522
threshold=57.500000000000007 4296358.0000000009 4300627.0000000009 28.500000000000004 2384994536335.5005 59.500000000000007 174026437347.50003 1.9802295125484259 2883033186372.5005 92.500000000000014 2777491174764.5005 3475289743715.0005 174026434482.00003 1955683344136.5002 2452704926503.5005 1862882907023.5002 2482915543568.5005 2547630269000.5005 1119808862276.5002 5575758.5000000009 2482915554044.5005 4305780.0000000009 56.500000000000007 174026424700.00003 3.8234209225143849 29.500000000000004 54.500000000000007 174026424340.50003 4294665.5000000009 3.8142617563909882
decision_type=2 2 2 2 2 2 2 2 2 2 2 2 2 2 2 2 2 2 2 2 2 2 2 2 2 2 2 2 2 2
left_child=6 8 3 22 12 -6 23 -8 10 11 13 -10 -5 15 -15 -2 18 20 21 -20 -18 -4 -3 24 27 -26 -27 -1 29 -9
right_child=1 2 16 4 5 -7 7 28 9 -11 -12 -13 -14 14 -16 -17 17 -19 19 -21 -22 -23 -24 -25 25 26 -28 -29 -30 -31
leaf_value=-0.0098323648235542956 0.0031694838987027848 0.0077983600600214243 -0.0014027117384809607 -0.010653159721199026 0.012681009793246005 -0.0014765034787364692 -0.0069482796693360969 -0.010645914735413327 0.0088477418920908431 0.010150319891338036 -0.0038282970629531553 -0.0054028162100859109 -0.0049945596695645713 -0.0027712204138340335 0.0040364182941949166 0.0089973535990771 0.00094044222440324598 0.0041965692225332156 0.010177628747646484 -0.011452511764540284 -0.009977181556296422 0.008346131529846517 -0.0028137631407092055 -0.0083104813948572925 -0.007303546108611148 -0.0021508287056950202 0.015600438439027666 0.0098940227953993789 -0.0010350580812317134 0.0013061434914234333
leaf_weight=13.860026024281979 96.775612529367208 14.885007575154306 34.701569907367229 26.953067429363728 6.3897474259138098 45.875110670924187 34.26751284301281 19.891485497355461 5.8289362490177146 42.16381598636508 20.375352613627911 9.9491652399301511 101.03070048242807 47.969876423478127 140.80995662882924 50.406545635312796 13.123756535351278 42.870953816920519 32.842264987528324 2.3199696689844123 18.43208672106266 8.691483832895754 7.8578758984804145 50.179026242345572 6.2567593008279827 4.6128945350646982 5.1580073982477161 1.8483414463698871 247.94647663086653 17.63212975859642
leaf_count=187 956 72 285 305 32 239 380 357 116 1032 130 55 634 311 1786 929 130 463 406 21 86 80 38 584 48 29 26 20 1269 91
internal_value=0 0.00155651 -0.000967975 -0.00337195 -0.00431873 0.000254352 -0.00297178 -0.0021376 0.0037257 0.00734866 0.00313659 -0.000138203 -0.00618625 0.00355899 0.00230656 0.0051654 0.00222185 0.000112228 0.00422061 0.00875049 -0.00543665 0.000549949 0.00413177 -0.00622782 -0.00293484 0.00155039 0.00721997 -0.00751124 -0.00156014 -0.00502971
internal_weight=0 770.253 355.974 202.992 180.249 52.2649 401.653 319.738 414.279 57.9419 356.337 15.7781 127.984 335.962 188.78 147.182 152.982 74.4268 78.5553 35.1622 31.5558 43.3931 22.7429 81.9151 31.736 16.0277 9.7709 15.7084 285.47 37.5236
internal_count=11097 8106 2791 1320 1210 271 2991 2097 5315 1203 4112 171 939 3982 2097 1885 1471 679 792 427 216 365 110 894 310 103 55 207 1717 448
is_linear=0
shrinkage=0.01


Tree=257
num_leaves=31
num_cat=0
split_feature=2 0 0 3 0 0 0 0 0 12 0 0 12 2 0 12 12 12 2 12 0 0 12 0 12 0 0 12 12 3
split_gain=53.185 41.4805 26.819 9.69378 9.20113 8.01041 50.8482 7.53847 13.7927 20.835 9.58128 8.7292 7.28159 6.03217 6.96809 10.8596 8.52336 6.47821 6.60332 5.93064 5.66341 50.6646 5.39664 4.47942 4.31967 4.71333 4.05824 4.96037 5.45559 4.46412
threshold=57.500000000000007 4296358.0000000009 4299148.5000000009 43.500000000000007 4296749.0000000009 4277344.0000000009 4277361.5000000009 4305780.0000000009 4305469.5000000009 3.7774053914276133 5575758.5000000009 4301512.5000000009 2.9509594202503071 29.500000000000004 4296358.0000000009 3.8142617563909882 1.9842187211896343 3.7950158525136106 55.500000000000007 3.8347789979364708 4277441.5000000009 4277462.5000000009 1.9855520618694149 4298275.5000000009 1.9598747362486544 4297326.0000000009 4296552.0000000009 2.9375842593472381 2.9407542094424932 32.500000000000007
decision_type=2 2 2 2 2 2 2 2 2 2 2 2 2 2 2 2 2 2 2 2 2 2 2 2 2 2 2 2 2 2
left_child=3 5 4 26 12 -2 -7 8 11 -10 -9 -4 22 14 15 -5 -16 -15 23 -17 -8 -22 -3 -19 25 -6 27 -1 -29 -28
right_child=1 2 7 13 24 6 20 10 9 -11 -12 -13 -14 17 16 19 -18 18 -20 -21 21 -23 -24 -25 -26 -27 29 28 -30 -31
leaf_value=0.0093878359242313449 0.0082833927128087015 -0.00061137686505852997 -0.00079602916172160883 -0.010630405906813396 -0.013042791145738166 -0.025287498710202964 0.0068795170873370013 0.0060793792149374205 -0.010780337762059318 0.015450306664280098 -0.011384265730772733 0.0041526929346904305 0.009184425533408435 -0.0080742418512968397 0.0027824945119055665 0.0070546318296531175 -0.0068753519994625449 -0.0018658408131070417 0.0051549556125188066 -0.0040138347734213582 -0.028485791402196942 0.0037574691496935955 -0.014148151609694624 -0.010698449842866518 -0.0032213299211078929 -0.0061337367672878564 -0.0028467799851425351 -0.012114944820519048 0.0013736206172110805 0.0013239236912144603
leaf_weight=6.6390392035245887 34.913442019373178 25.205400019884113 78.973976757377386 21.540122035890818 12.098401911556719 6.1307998150587073 49.990123610943556 43.413184132426977 20.01788463443518 3.5678492337465277 3.3867023810744277 64.965884402394295 7.0060267597436896 66.770284734666348 32.395114801824093 6.8218242526054409 12.728394478559492 15.025331415235998 8.1598558276891691 16.67100715637207 4.9494350999593726 316.97128434479237 3.334682058542966 9.29291984438896 39.519449263811111 53.70241442322731 144.14751856029034 3.3897807374596622 25.979912385344505 31.222259260714054
leaf_count=28 535 166 473 388 89 26 711 523 120 15 32 685 34 854 158 36 99 78 36 115 22 4021 26 48 250 378 842 17 125 167
internal_value=0 0.00154524 -0.000960408 -0.00294854 -0.00434981 0.0037004 0.00327714 0.00126729 0.000276033 -0.00681239 0.00481561 0.00143753 4.94216e-05 -0.0045915 -0.00271908 -0.00550196 5.82188e-05 -0.0062924 -0.00262919 -0.000799785 0.00374802 0.00326174 -0.00219304 -0.00524111 -0.00583457 -0.00740406 -0.00147638 0.00158144 -0.000183198 -0.00210424
internal_weight=0 768.147 355.192 400.783 140.866 412.955 378.042 214.325 167.526 23.5857 46.7999 143.94 35.5461 189.405 90.1565 45.033 45.1235 99.2484 32.4781 23.4928 371.911 321.921 28.5401 24.3183 105.32 65.8008 211.379 36.0087 29.3697 175.37
internal_count=11097 8106 2791 2991 943 5315 4780 1848 1293 135 555 1158 226 1812 796 539 257 1016 162 151 4754 4043 192 126 717 467 1179 170 142 1009
is_linear=0
shrinkage=0.01


Tree=258
num_leaves=31
num_cat=0
split_feature=2 0 0 1 4 1 1 1 2 1 1 1 0 1 0 13 1 0 1 1 1 1 0 1 0 1 13 2 4 1
split_gain=52.2574 40.7867 26.3537 14.2054 12.0623 11.2437 10.77 8.80217 12.1329 10.2826 14.0509 21.3064 14.3671 10.1566 19.0891 8.66276 8.5122 7.72453 7.36556 6.46005 16.6684 12.8517 9.90272 8.92157 6.54993 5.58514 6.40219 7.90094 7.46321 6.29012
threshold=57.500000000000007 4296358.0000000009 4300627.0000000009 2384994531138.5005 25.500000000000004 4363500793924.5005 174026437347.50003 2883033186372.5005 92.500000000000014 2384994529944.5005 2452704926503.5005 2482915538113.0005 4295248.5000000009 1862882907023.5002 4295326.5000000009 1.9900653940409032 174026434482.00003 4297928.5000000009 3475289743715.0005 2482915543568.5005 2547630269000.5005 1119808862276.5002 5575758.5000000009 2482915554044.5005 4305469.5000000009 174026424700.00003 3.9097695489262834 29.500000000000004 54.500000000000007 174026424340.50003
decision_type=2 2 2 2 2 2 2 2 2 2 2 2 2 2 2 2 2 2 2 2 2 2 2 2 2 2 2 2 2 2
left_child=6 7 3 4 -3 17 25 9 18 13 12 -12 -11 14 -2 -8 -6 -5 -9 21 23 24 -23 -21 -4 26 29 -28 -29 -1
right_child=1 2 19 5 16 -7 15 8 -10 10 11 -13 -14 -15 -16 -17 -18 -19 -20 20 -22 22 -24 -25 -26 -27 27 28 -30 -31
leaf_value=-0.0098002164402355447 -0.0022428808797602421 0.0073666437404053048 0.0043123226569511041 0.0087789233463032874 -0.010570006439353061 -0.0094891933743358504 -0.0068781654505831145 0.008821247811226467 0.01013838604436287 -0.0056210385301389224 0.0098292976467773494 0.0010446907702925242 0.011631209634402531 0.0085241233557610385 0.0068122839550004881 -0.0015287682143786472 -0.0044085660350786319 0.00013481807750349048 -0.005384313254119406 0.00088774665013600441 0.004156300151566446 0.010136432521635309 -0.011419739222062781 -0.0099099719441273805 -0.0034823192480181982 -0.0082668927542213257 -0.0072594232103626068 -0.0021130675280211157 0.015387100323720499 0.0098341945189798913
leaf_weight=13.681573282927275 39.32569694519043 7.4645131379365912 22.37299382686615 14.684436693787573 28.30468362569809 8.9411436170339567 33.872710969299078 5.7636174000799647 41.602446977049112 37.899766400456429 35.457575857639313 124.74871847033501 5.5315266102552405 54.337285105139017 57.059069741517305 284.80892596021295 107.8875310048461 34.925750553607941 9.9529466778039914 13.069300442934038 42.614648200571537 32.512496676295996 2.2806276753544799 18.460777416825294 20.806364752352238 49.662833746522665 6.2186636403203037 4.6006645560264596 5.1815012693405125 1.8525683134794242
leaf_count=187 311 36 200 66 314 74 380 116 1032 217 600 1316 63 960 645 1717 669 161 55 130 463 406 21 86 165 584 48 29 26 20
internal_value=0 0.00153411 -0.000953153 -0.00331858 -0.00501071 0.00083308 -0.00292575 0.00367486 0.00731056 0.00308677 0.00162126 0.00298894 -0.00342375 0.00506679 0.00311771 -0.00209736 -0.00568909 0.00269344 -0.000174815 0.00219119 7.78978e-05 0.00420073 0.00872346 -0.00543429 0.000556404 -0.00617699 -0.00288572 0.00155385 0.00715657 -0.00745866
internal_weight=0 766.004 354.325 202.208 143.657 58.5513 399.879 411.679 57.319 354.36 203.638 160.206 43.4313 150.722 96.3848 318.682 136.192 49.6102 15.7166 152.117 74.1447 77.9725 34.7931 31.5301 43.1794 81.1978 31.535 16.0008 9.78217 15.5341
internal_count=11097 8106 2791 1320 1019 301 2991 5315 1203 4112 2196 1916 280 1916 956 2097 983 227 171 1471 679 792 427 216 365 894 310 103 55 207
is_linear=0
shrinkage=0.01


Tree=259
num_leaves=31
num_cat=0
split_feature=2 1 1 1 12 13 1 1 1 1 1 2 2 1 12 2 4 1 1 4 2 12 12 1 2 1 1 1 1 4
split_gain=51.3345 28.5986 13.37 10.6655 8.56367 8.25935 9.17511 10.301 42.4472 15.378 6.1269 5.98482 5.68388 5.53936 6.31776 7.7482 7.263 6.20212 4.75355 4.44513 4.05724 3.54638 6.48788 10.9734 6.1133 5.11788 9.06501 3.47472 3.14223 2.46835
threshold=57.500000000000007 702778654961.50012 702778649454.50012 174026437347.50003 1.9802295125484259 3.9126533508095291 4363500795181.0005 2547630277329.5005 2482915554044.5005 2547630292676.5005 174026433010.00003 102.50000000000001 62.500000000000007 174026424700.00003 3.8234209225143849 29.500000000000004 54.500000000000007 174026424340.50003 702778650644.50012 70.500000000000014 70.500000000000014 1.9842187211896343 2.9433833877757176 702778648565.00012 52.500000000000007 1861025320257.0002 2384994534721.0005 174026447279.00003 702778647780.50012 25.500000000000004
decision_type=2 2 2 2 2 2 2 2 2 2 2 2 2 2 2 2 2 2 2 2 2 2 2 2 2 2 2 2 2 2
left_child=3 2 10 13 18 6 7 8 -3 -9 12 -12 29 14 17 -16 -17 -1 27 -14 -4 25 24 -24 -23 -6 -27 -5 -13 -2
right_child=1 5 20 4 21 -7 -8 9 -10 -11 11 28 19 -15 15 16 -18 -19 -20 -21 -22 22 23 -25 -26 26 -28 -29 -30 -31
leaf_value=-0.0097781538257731022 0.00055011672262106207 0.0031480867556990229 -0.012137860431143855 -0.0050844269235278483 -0.0074280812937373812 0.016330318189027068 -0.0065225688070393445 0.010804875122573535 -0.0062372803984996963 0.0032847482134136892 0.0054999304089909731 0.00019904971215674156 0.0099652092198944144 -0.0082373803738998112 -0.0072217991461817491 -0.0020944271841719995 0.015153746192155549 0.0096670909928693524 -0.0091838630988709865 -0.0022698693235717938 -0.0049661914969477408 -0.0056365440915969569 0.004241799155358124 -0.0021134886617745598 0.00051907294695489957 0.0080815958020983725 -0.0028528099853030566 0.0078314923511493793 -0.0079599238221465286 -0.011288139930287324
leaf_weight=13.575849365442991 2.1456385999917975 309.86146469041705 12.396853767335413 6.2959574423730356 5.5359827503561965 4.3538746684789649 11.042097494006155 32.515038400888443 57.063155271112919 166.11660298332572 22.948076471686363 56.24005700647831 3.1595064401626578 49.34395632520318 6.1887014657258979 4.5952219739556304 5.2085413187742224 1.8656789734959609 24.284343380481005 49.353959485888481 21.690874204039574 66.059185639023781 34.591357082128525 126.61426632106304 21.347298204898834 16.389173820614818 14.108905114233492 3.1126818284392357 5.1527507826685897 9.8325891345739347
leaf_count=187 10 3463 84 61 81 19 110 473 430 1992 146 539 14 584 48 29 26 20 290 515 164 565 159 657 114 67 74 29 36 111
internal_value=0 0.00152309 -0.00192518 -0.0029021 -0.00207864 0.00260882 0.00250521 0.00268147 0.0016885 0.00451576 -0.000631322 0.00114288 -0.00295159 -0.00614728 -0.00286633 0.00153891 0.00706918 -0.00742874 -0.00684589 -0.00153374 -0.00757435 -0.00151435 -0.0019393 -0.000749777 -0.00413316 0.00141752 0.00302316 -0.000811424 -0.00048574 -0.00916757
internal_weight=0 763.873 182.92 399.117 318.339 580.952 576.598 565.556 366.925 198.632 148.833 84.3409 64.4917 80.7779 31.434 15.9925 9.80376 15.4415 33.693 52.5135 34.0877 284.646 248.612 161.206 87.4065 36.0341 30.4981 9.40864 61.3928 11.9782
internal_count=11097 8106 1619 2991 2097 6487 6468 6358 3893 2465 1371 721 650 894 310 103 55 207 380 529 248 1717 1495 816 679 222 141 90 575 121
is_linear=0
shrinkage=0.01


Tree=260
num_leaves=31
num_cat=0
split_feature=2 0 0 1 1 1 1 2 1 1 1 12 3 0 0 1 1 0 0 3 0 12 0 4 0 12 12 1 0 0
split_gain=50.4159 39.8189 26.0681 20.9263 11.2666 10.5559 8.76836 12.1022 10.2729 16.9921 28.4585 8.46362 7.44253 10.1286 12.2454 9.50682 7.25996 6.34997 10.0576 5.58748 7.52711 6.71067 5.46715 5.46174 5.05924 13.1736 6.56086 6.47351 5.24649 4.78635
threshold=57.500000000000007 4296358.0000000009 4299148.5000000009 2384994531138.5005 4092079271560.5005 174026437347.50003 2883033186372.5005 92.500000000000014 2547630292676.5005 2547630277329.5005 2482915554044.5005 1.9802295125484259 27.500000000000004 4301512.5000000009 4300146.5000000009 2482915543568.5005 3475289743715.0005 4277441.5000000009 4277480.5000000009 30.500000000000004 4296552.0000000009 2.9397615978478719 4297928.5000000009 27.500000000000004 4294665.5000000009 3.8142617563909882 1.9842187211896343 2384994534721.0005 4299974.0000000009 4277380.5000000009
decision_type=2 2 2 2 2 2 2 2 2 2 2 2 2 2 2 2 2 2 2 2 2 2 2 2 2 2 2 2 2 2
left_child=5 6 3 23 22 19 8 16 9 10 -2 -7 -4 14 -14 -15 -8 29 -19 20 -1 -22 -5 -3 25 -13 27 -26 -28 -10
right_child=1 2 12 4 -6 11 7 -9 17 -11 -12 24 13 15 -16 -17 -18 18 -20 -21 21 -23 -24 -25 26 -27 28 -29 -30 -31
leaf_value=0.0068003276394830291 0.003942309910114585 0.00035694464200261995 0.0098444998224864241 0.0091116153195435357 -0.0091820438239049434 -0.0068141212371895582 0.0087956530763824616 0.010128622291466506 -0.0010899629049308881 0.010801121115443632 -0.0066295925297464213 -0.010628920655744811 0.0022235079024456174 0.0052253154371867186 -0.0062104505596402319 -9.8539377932541571e-05 -0.0053556530638036483 -0.020480883227529664 -0.0022061985713822292 -0.0081764643033882169 0.01139872148775386 -0.0070085011211840458 0.00071242953702464263 -0.007447489453555535 0.0071582445755026597 0.0013136822929849345 -0.00065000450408842522 -0.0021012362827380307 -0.0041503383122044272 0.011320084204897876
leaf_weight=6.5024451240897205 255.58170125633478 9.9404009580612165 9.6241967231035215 14.420587599277498 7.3282226100563994 33.512938991189003 5.7014891020953646 41.115920096635818 7.6829994916915876 30.013707190752029 28.280274979770184 19.416630286723375 32.348198376595974 64.224913235753775 36.798734351992607 70.207468319684267 9.9553886204957944 3.4771369695663479 22.492243871092796 49.92550902813673 2.1789438202977207 21.754017993807793 16.752847224473953 91.572792671620846 18.170982629060749 17.616647243499756 157.40341045707464 12.917950361967085 58.822438884526491 5.2189290001988411
leaf_count=37 3128 46 40 65 60 380 116 1032 70 438 220 357 189 714 244 661 55 21 182 640 19 198 73 699 82 91 788 56 343 53
internal_value=0 0.00151014 -0.000950078 -0.00430238 0.00197503 -0.00287964 0.00363211 0.00727951 0.00304509 0.00364564 0.00288906 -0.00206101 0.00125144 0.000845209 -0.00226489 0.00244493 -0.000202421 -0.00180423 -0.00465306 -0.00611767 -0.00274046 -0.00533264 0.00459783 -0.00668326 -0.00150081 -0.00494785 -0.000984645 0.00331078 -0.00160224 0.00393
internal_weight=0 762.738 353.218 140.015 38.5017 398.222 409.52 56.7728 352.747 313.876 283.862 317.861 213.204 203.579 69.1469 134.432 15.6569 38.8713 25.9694 80.3609 30.4354 23.933 31.1734 101.513 284.348 37.0333 247.315 31.0889 216.226 12.9019
internal_count=11097 8106 2791 943 198 2991 5315 1203 4112 3786 3348 2097 1848 1808 433 1375 171 326 203 894 254 217 138 745 1717 448 1269 138 1131 123
is_linear=0
shrinkage=0.01


Tree=261
num_leaves=31
num_cat=0
split_feature=1 1 1 1 1 1 1 0 0 13 13 4 1 0 13 13 0 0 3 13 1 13 0 0 13 1 1 1 13 1
split_gain=48.7187 21.1341 21.7769 18.8263 14.4322 38.614 11.1654 10.4113 39.1187 12.1936 11.177 9.31129 8.54325 8.35523 7.67583 7.34266 7.23498 28.7376 10.4152 8.38931 8.35879 5.81002 6.99263 12.4912 6.22155 19.1015 6.91397 5.65488 5.46909 5.004
threshold=1119808862681.0002 3704300934115.0005 2777491177346.5005 2777491174764.5005 2547630277329.5005 2482915554044.5005 2547630292676.5005 4296517.5000000009 4295326.5000000009 1.9813913164270993 3.9057073439633774 27.500000000000004 174026436988.00003 4305671.5000000009 3.925092705574396 3.9109110192711536 4301421.0000000009 4305469.5000000009 24.500000000000004 2.9721338912388338 174026434482.00003 1.9794004226791928 4297258.0000000009 4298275.5000000009 2.9724658753056752 4092079271560.5005 4363500793924.5005 702778649068.50012 3.9019488073053439 174026426333.50003
decision_type=2 2 2 2 2 2 2 2 2 2 2 2 2 2 2 2 2 2 2 2 2 2 2 2 2 2 2 2 2 2
left_child=7 2 3 4 5 -2 -6 8 10 -10 -1 12 15 21 29 -9 19 -18 -19 20 -13 22 -3 -24 26 -26 -23 -21 -4 -11
right_child=1 13 28 -5 6 -7 -8 11 9 14 -12 16 -14 -15 -16 -17 17 18 -20 27 -22 24 23 -25 25 -27 -28 -29 -30 -31
leaf_value=-0.010265036232160031 0.0027065938741566119 0.0076198023027373744 0.0078486963998751283 -0.005748041999227264 0.010788181169952735 -0.0061062054922300145 0.0014506322050636862 0.0043534726841044195 0.0078222678336328892 0.0053802032045307318 -0.0016561829628629725 -0.010296871337126867 0.0052477783893970969 -0.010695194930038416 0.0068865330358332411 -0.011728000568496169 0.011635138569750354 0.010828077204593193 -0.0067243358630627486 0.0013281918306339922 -0.0050114150066989148 -0.0027869485816357713 -0.011198848044529921 0.0024265125339923694 -0.0050862570125960486 0.0085870705624731831 -0.011930029993708444 -0.0049174934939027236 -0.0056032296501084787 -0.0073513295510164193
leaf_weight=32.587769620120525 371.86251542717218 13.419449131935833 75.045318320393562 32.300307996571064 31.942275401204824 57.39175396412611 21.375407226383686 4.6724079847335798 44.827480465173721 3.975508898496634 28.072867877781391 42.487581726163626 20.324348047375679 10.035355038940905 8.8582358807325345 7.2366921827197075 13.280896760523317 3.7009502947330466 39.05704864487052 26.551133885979652 101.16478880494833 23.934105388820171 8.8158599734306318 28.415153510868549 29.832536861300468 15.538427650928496 12.637866511940954 31.929457560181618 3.1491899341344824 13.815100252628325
leaf_count=487 3773 173 1315 174 473 430 215 20 496 20 176 537 98 86 43 60 141 24 365 161 775 223 47 173 157 71 116 179 15 74
internal_value=0 0.00155867 0.00238985 0.00164308 0.0021378 0.00152831 0.0070447 -0.00270185 -0.00037479 0.00463769 -0.00628098 -0.00376068 0.00130693 -0.00189747 -0.000719272 -0.00541861 -0.00439339 -0.00121404 -0.00520507 -0.00527482 -0.00657468 -0.00123161 0.0014309 -0.00079981 -0.00287736 -0.000403482 -0.00594645 -0.00208185 0.00730694 -0.00450633
internal_weight=0 735.696 593.067 514.872 482.572 429.254 53.3177 422.542 132.137 71.4763 60.6606 290.405 32.2334 142.629 26.6488 11.9091 258.172 56.0389 42.758 202.133 143.652 132.593 50.6505 37.231 81.9429 45.371 36.572 58.4806 78.1945 17.7906
internal_count=11097 7441 6395 5065 4891 4203 688 3656 1296 633 663 2360 178 1046 137 80 2182 530 389 1652 1312 960 393 220 567 228 339 340 1330 94
is_linear=0
shrinkage=0.01


Tree=262
num_leaves=31
num_cat=0
split_feature=2 0 0 3 4 0 0 0 0 4 0 0 0 2 0 4 12 12 12 2 0 0 0 0 12 3 12 2 2 3
split_gain=48.9025 38.49 25.4868 9.38987 9.35078 7.99671 49.5394 7.36847 13.6001 20.2162 9.44181 8.35137 6.89543 5.84952 6.57069 11.8202 8.11229 7.04477 6.28237 6.46202 5.66332 5.58301 48.9938 4.41127 3.97733 9.37446 7.94272 7.6806 6.75732 6.34946
threshold=57.500000000000007 4296358.0000000009 4299148.5000000009 43.500000000000007 25.500000000000004 4277344.0000000009 4277361.5000000009 4305780.0000000009 4305469.5000000009 70.500000000000014 5575758.5000000009 4301512.5000000009 4296749.0000000009 29.500000000000004 4296358.0000000009 59.500000000000007 1.9842187211896343 3.8347789979364708 3.7950158525136106 55.500000000000007 4296552.0000000009 4277441.5000000009 4277462.5000000009 4298275.5000000009 3.8646254547976171 30.500000000000004 3.8581143179354238 26.500000000000004 32.500000000000007 31.500000000000004
decision_type=2 2 2 2 2 2 2 2 2 2 2 2 2 2 2 2 2 2 2 2 2 2 2 2 2 2 2 2 2 2
left_child=3 5 4 24 -3 -2 -7 8 11 -10 -9 -4 20 14 15 17 -16 -5 -15 23 -6 -8 -23 -20 26 -26 27 29 -29 -1
right_child=1 2 7 13 12 6 21 10 9 -11 -12 -13 -14 18 16 -17 -18 -19 19 -21 -22 22 -24 -25 25 -27 -28 28 -30 -31
leaf_value=-0.0013017844661035232 0.0082113532649947338 0.006131870889473116 -0.00076572093907285909 0.008580766184417379 -0.0041610609277644576 -0.024974766233613215 0.0067742752119900078 0.0060361950542829577 0.015186492403177019 -0.010727086457833242 -0.011370330900609901 0.0040936723732883634 -0.0062106730717627406 -0.0079606086624464095 0.0027164712354750555 -0.010698514635940768 -0.0067501240782709901 -0.0038202732289608007 -0.0018163724711392638 0.0051254351493086056 0.0044881812627253484 -0.0279418445262553 0.0036433303766231079 -0.010609701013441337 -0.001275471361312638 -0.010714502857669981 0.0070150414285654814 -0.0054499316893475433 -0.00049464512643388771 0.010242251409310215
leaf_weight=9.2304088324308413 34.211724951863289 8.1565583497285825 78.564474601298571 6.3712433725595501 19.957456167787313 6.1552126854658118 48.988468404859304 42.966205172240734 3.5482272654771831 19.866645663976669 3.3599302843213072 64.321732558310032 98.942047860473394 65.037235200405121 32.361704938113689 21.390935339033604 12.567670725286005 16.3018669039011 14.985488727688791 8.1624694466590864 12.196899615228174 4.9893606007099143 312.89659202098846 9.2120752483606321 40.968607507646084 14.157980427145956 12.669615082442759 41.464931704103947 81.823611125349998 9.8477532267570478
leaf_count=52 535 39 473 34 137 26 711 523 15 120 32 685 695 854 158 392 99 113 78 36 72 22 4021 48 238 88 70 272 418 41
internal_value=0 0.0014911 -0.000931305 -0.00284178 -0.00425689 0.0035842 0.00315983 0.00124667 0.000264145 -0.00680021 0.00477374 0.00142179 -0.00490325 -0.00447575 -0.00262247 -0.00536625 6.84698e-05 -0.000335527 -0.00616913 -0.00256861 -0.000880201 0.00363186 0.00314759 -0.00516402 -0.00139263 -0.00369967 -0.000572315 -0.00124754 -0.00216123 0.00465701
internal_weight=0 759.122 351.88 396.554 139.253 407.241 373.03 212.627 166.301 23.4149 46.3261 142.886 131.096 186.391 88.9934 44.064 44.9294 22.6731 97.3973 32.36 32.1544 366.874 317.886 24.1976 210.163 55.1266 155.036 142.367 123.289 19.0782
internal_count=11097 8106 2791 2991 943 5315 4780 1848 1293 135 555 1158 904 1812 796 539 257 147 1016 162 209 4754 4043 126 1179 326 853 783 690 93
is_linear=0
shrinkage=0.01


Tree=263
num_leaves=31
num_cat=0
split_feature=2 0 0 3 4 0 0 3 0 0 0 0 2 0 4 13 13 13 2 0 0 0 0 13 3 13 2 2 3 0
split_gain=48.05 37.8433 25.0364 9.27338 9.18412 7.93172 48.4272 7.30818 9.77691 12.0425 6.7964 6.47377 5.78356 6.48489 11.751 7.96864 6.89459 6.24643 6.34271 5.55232 5.53155 47.7827 4.3585 3.90952 9.27171 7.76966 7.53161 6.65278 6.21563 3.50367
threshold=57.500000000000007 4296358.0000000009 4299148.5000000009 43.500000000000007 25.500000000000004 4277344.0000000009 4277361.5000000009 27.500000000000004 4301512.5000000009 4300146.5000000009 4296749.0000000009 5575758.5000000009 29.500000000000004 4296358.0000000009 59.500000000000007 1.992077967200329 3.9156397126221276 3.8954769851138185 55.500000000000007 4296552.0000000009 4277441.5000000009 4277462.5000000009 4298275.5000000009 3.9313075393555361 30.500000000000004 3.927988333575549 26.500000000000004 32.500000000000007 31.500000000000004 4296814.0000000009
decision_type=2 2 2 2 2 2 2 2 2 2 2 2 2 2 2 2 2 2 2 2 2 2 2 2 2 2 2 2 2 2
left_child=3 5 4 23 -3 -2 -7 -4 9 -9 19 -10 13 14 16 -15 -5 -14 22 -6 -8 -22 -19 25 29 26 28 -28 -1 -25
right_child=1 2 7 12 10 6 20 8 11 -11 -12 -13 17 15 -16 -17 -18 18 -20 -21 21 -23 -24 24 -26 -27 27 -29 -30 -31
leaf_value=-0.0012896458035888071 0.0081835846922609923 0.0060776540104713617 0.0097476862126584761 0.0084672891143763654 -0.0041251315398875658 -0.024619481226931784 0.0067426117971395661 0.0022258709198696484 0.0027632203229877358 -0.006151023386150708 -0.0061665196261099656 -0.01135487142721881 -0.0079314683562136078 0.002688029138453099 -0.0106915999404864 -0.0067050207822016072 -0.0037902896586439155 -0.0017995485834424441 0.0050686860187182589 0.0044380231209902431 -0.027470698703673073 0.0036162346996557759 -0.010554358626392117 0.0049664468696209406 -0.010672703876512105 0.0069259421196549344 -0.0054115396575319412 -0.00048977024958647534 0.010131949946962262 -0.0026370300857082242
leaf_weight=9.224149093031885 33.985669549554586 8.1470751315355283 9.6322256326675397 6.3919581472873714 19.930107727646828 6.1814638674259177 48.727645877748728 32.288138940930367 130.21357864886522 36.630989469587803 98.655429940670729 3.3310047611594191 64.625488080084324 32.377006322145462 21.191719941794872 12.525899127125738 16.266693726181984 14.974388189613821 8.1712733805179578 12.211327262222765 5.0240055471658698 312.092703551054 9.1679968163371068 7.3965305387973777 14.07172781229019 12.704103611409662 41.342130452394485 81.811702266335487 9.8553722351789457 33.547729149460793
leaf_count=52 535 39 40 34 137 26 711 189 1343 244 695 32 854 158 392 99 113 78 36 72 22 4021 48 37 88 70 272 418 41 201
internal_value=0 0.00148027 -0.000924217 -0.00281993 -0.00422376 0.00355921 0.00313676 0.00123731 0.00083243 -0.00222651 -0.00486541 0.00241107 -0.00444783 -0.00260342 -0.00533875 6.7789e-05 -0.000332452 -0.0061365 -0.00254666 -0.000871777 0.00360574 0.00312373 -0.00512416 -0.00138013 -0.00367012 -0.000566986 -0.00123624 -0.00214198 0.00461009 -0.00126347
internal_weight=0 757.051 351.04 395.646 138.944 406.011 372.026 212.096 202.464 68.9191 130.797 133.545 185.692 88.7533 43.8504 44.9029 22.6587 96.9391 32.3137 32.1414 365.844 317.117 24.1424 209.953 55.016 154.937 142.233 123.154 19.0795 40.9443
internal_count=11097 8106 2791 2991 943 5315 4780 1848 1808 433 904 1375 1812 796 539 257 147 1016 162 209 4754 4043 126 1179 326 853 783 690 93 238
is_linear=0
shrinkage=0.01


Tree=264
num_leaves=31
num_cat=0
split_feature=2 0 0 1 1 1 1 2 1 1 1 0 1 0 13 0 0 13 0 0 1 1 3 0 2 0 1 1 0 0
split_gain=47.2068 37.2107 24.5917 20.5771 11.0448 10.313 8.6639 12.1639 10.1717 13.8747 21.2519 14.1932 10.2282 18.7468 8.07412 7.26564 13.44 19.8844 9.20277 8.1098 7.16384 5.55141 6.22414 9.19566 5.68713 5.29263 5.11379 4.83543 5.79528 4.81941
threshold=57.500000000000007 4296358.0000000009 4299148.5000000009 2384994531138.5005 4092079271560.5005 174026437347.50003 2883033186372.5005 92.500000000000014 2384994529944.5005 2452704926503.5005 2482915538113.0005 4295248.5000000009 1862882907023.5002 4295353.0000000009 1.9900653940409032 4305780.0000000009 4305469.5000000009 3.8863429122010751 5575758.5000000009 4301512.5000000009 3475289743715.0005 174026424700.00003 30.500000000000004 4296552.0000000009 30.500000000000004 4297928.5000000009 2482915554044.5005 702778650644.50012 4298528.0000000009 4294665.5000000009
decision_type=2 2 2 2 2 2 2 2 2 2 2 2 2 2 2 2 2 2 2 2 2 2 2 2 2 2 2 2 2 2
left_child=5 6 3 -3 25 21 8 20 12 11 -11 -10 13 -2 27 16 19 -18 26 -4 -8 22 23 -1 -25 -5 -17 28 -7 -16
right_child=1 2 15 4 -6 14 7 -9 9 10 -12 -13 -14 -15 29 18 17 -19 -20 -21 -22 -23 -24 24 -26 -27 -28 -29 -30 -31
leaf_value=0.01469352538106289 -0.0019677929534438776 -0.0065718638896284333 -0.00075117084666933111 0.0090776203435915942 -0.0091095271628219045 -0.0075670713822516 0.0087446669412728825 0.010106942543463346 -0.0057221867329927947 0.0097875854028048898 0.00091210894797857879 0.01159325711965961 0.0084516010226217721 0.0069549827440712518 -0.0048407384235509112 0.0089994113614146349 -0.010688394409249315 0.01505046192950941 -0.011339606340249931 0.0040447127379850626 -0.0054156346701722605 -0.0081461660619601348 -0.0066191220684843535 -0.011523131730498666 0.0043057999869974117 0.00080433304650768471 0.0020096612737998702 -0.0090828163294093198 0.0084175009448454012 -0.00094241760012694399
leaf_weight=4.1961048692464855 42.502479873597622 100.31902384385467 78.496484603732824 14.375128805637361 7.2094382569193831 5.1580363437533361 5.5805376246571532 40.120628509670496 37.670861050486565 34.54978060349822 123.10619636625051 5.4142114594578734 53.119081050157547 52.795323118567467 36.397616177797318 24.293249540030956 19.790820203721527 3.5380400121211997 3.3022778555750838 64.012513622641563 9.9301584064960462 48.234329756349325 17.595014329999685 4.3164495602250081 4.7871341407299042 16.733335390686989 18.390709109604359 23.600346144288778 4.0483380258083344 246.40373180434108
leaf_count=20 357 745 473 65 60 50 116 1032 217 600 1316 63 960 599 448 317 120 15 32 685 55 584 216 40 34 73 206 290 40 1269
internal_value=0 0.001469 -0.000916518 -0.00419085 0.00204282 -0.00279826 0.00353435 0.00719952 0.00295038 0.00148278 0.00285714 -0.00354627 0.00493539 0.00297546 -0.00198892 0.0012265 0.000251239 -0.00678486 0.00474354 0.00140305 -0.000320951 -0.00602635 -0.00271679 0.00244585 -0.00319946 0.00462739 0.00598782 -0.00668497 -0.000538142 -0.00144415
internal_weight=0 755.25 350.461 138.637 38.3179 394.737 404.789 55.6313 349.158 200.741 157.656 43.0851 148.417 95.2978 315.608 211.824 165.838 23.3289 45.9862 142.509 15.5107 79.129 30.8947 13.2997 9.10358 31.1085 42.684 32.8067 9.20637 282.801
internal_count=11097 8106 2791 943 198 2991 5315 1203 4112 2196 1916 280 1916 956 2097 1848 1293 135 555 1158 171 894 310 94 74 138 523 380 90 1717
is_linear=0
shrinkage=0.01


Tree=265
num_leaves=31
num_cat=0
split_feature=2 0 0 1 1 1 1 2 1 1 1 0 1 0 12 3 0 0 1 1 1 3 0 2 4 12 1 0 0 12
split_gain=46.3755 36.5881 24.17 20.2444 10.859 10.207 8.61565 12.0896 10.0309 13.6146 21.0811 13.9471 10.1788 18.455 7.97988 7.18043 9.49209 11.83 9.53545 7.051 5.50606 6.13052 8.97858 5.61764 5.2814 5.25838 4.80113 5.67839 4.74684 12.9749
threshold=57.500000000000007 4296358.0000000009 4299148.5000000009 2384994531138.5005 4092079271560.5005 174026437347.50003 2883033186372.5005 92.500000000000014 2384994529944.5005 2452704926503.5005 2482915538113.0005 4295248.5000000009 1862882907023.5002 4295353.0000000009 1.9802295125484259 27.500000000000004 4301512.5000000009 4300146.5000000009 2482915543568.5005 3475289743715.0005 174026424700.00003 30.500000000000004 4296552.0000000009 30.500000000000004 27.500000000000004 1.9598747362486544 702778650644.50012 4298528.0000000009 4294665.5000000009 3.8142617563909882
decision_type=2 2 2 2 2 2 2 2 2 2 2 2 2 2 2 2 2 2 2 2 2 2 2 2 2 2 2 2 2 2
left_child=5 6 3 24 25 20 8 19 12 11 -11 -10 13 -2 26 -4 17 -17 -18 -8 21 22 -1 -24 -3 -5 27 -7 29 -16
right_child=1 2 15 4 -6 14 7 -9 9 10 -12 -13 -14 -15 28 16 18 -19 -20 -21 -22 -23 23 -25 -26 -27 -28 -29 -30 -31
leaf_value=0.014487216045110747 -0.001945810172267719 0.00039538839471135013 0.0096476472344969918 0.0014540144681500318 -0.0090694149841924962 -0.0075342585535082864 0.0087258610789309084 0.010098678415045897 -0.0056489676260095137 0.0097737097391799258 0.00090360406738263779 0.011578143137668867 0.008427503459418121 0.0069119307308438682 -0.01060353408539005 0.0022107276163395089 0.0051898367524369615 -0.0060959748010760593 -0.00017566908413325341 -0.0053547757012754075 -0.0081166442835489856 -0.0065848760909097952 -0.011506045772152022 0.0042513421598902165 -0.0072907494649486386 0.0099874182561492993 -0.0090571358188633495 0.0082797095890526171 -0.0009332877154801894 0.001362264925895946
leaf_weight=4.2132150381803539 42.552572578191757 9.9251042008399946 9.642236724495886 19.693099558353428 7.1691133230924597 5.128841966390608 5.5368581302463999 39.753765847533941 37.777004688978195 34.254322867840528 123.02266185730696 5.3673013076186171 52.740162540227175 52.593939583748579 18.708261117339134 32.29390762001276 63.165393866598606 36.547495737671852 69.639226872473955 9.9425248354673368 47.927211850881577 17.510082956403494 4.2798143401741964 4.7999060451984406 90.062797702848911 11.402166739106177 23.43143729493022 4.074421152472496 246.32642555609345 17.574760034680367
leaf_count=20 357 46 40 81 60 50 116 1032 217 600 1316 63 960 599 357 189 714 244 661 55 584 216 40 34 699 57 290 40 1269 91
internal_value=0 0.00145858 -0.000909761 -0.00416057 0.00202519 -0.00277572 0.00350999 0.00717928 0.00292813 0.00147039 0.00283548 -0.00350586 0.00490372 0.00295046 -0.00197134 0.00121734 0.000814224 -0.00219925 0.00237631 -0.000318238 -0.00599655 -0.00269784 0.00242234 -0.00317606 -0.0065278 0.00458309 -0.00665331 -0.00053318 -0.00143069 -0.00480754
internal_weight=0 753.082 349.541 138.252 38.2644 393.974 403.541 55.2331 348.308 200.421 157.277 43.1443 147.887 95.1465 315.244 211.288 201.646 68.8414 132.805 15.4794 78.7302 30.803 13.2929 9.07972 99.9879 31.0953 32.6347 9.20326 282.609 36.283
internal_count=11097 8106 2791 943 198 2991 5315 1203 4112 2196 1916 280 1916 956 2097 1848 1808 433 1375 171 894 310 94 74 745 138 380 90 1717 448
is_linear=0
shrinkage=0.01


Tree=266
num_leaves=31
num_cat=0
split_feature=2 0 0 4 1 2 1 1 2 1 1 1 0 1 0 12 1 1 1 1 1 0 1 0 3 1 12 2 4 1
split_gain=45.5555 35.9801 23.663 13.259 14.0039 10.6784 10.0996 8.55304 12.0157 9.95686 13.3595 20.9111 13.7063 10.0641 18.3504 7.88548 7.06724 6.94011 6.27325 16.508 12.3182 9.5406 8.32147 6.34606 5.51733 5.46081 6.09877 7.40202 6.9959 6.18845
threshold=57.500000000000007 4296288.5000000009 4300627.0000000009 28.500000000000004 2384994536335.5005 59.500000000000007 174026437347.50003 2883033186372.5005 92.500000000000014 2384994529944.5005 2452704926503.5005 2482915538113.0005 4295248.5000000009 1862882907023.5002 4295353.0000000009 1.9802295125484259 174026434482.00003 3475289743715.0005 2482915543568.5005 2547630269000.5005 1119808862276.5002 5575758.5000000009 2482915554044.5005 4305469.5000000009 56.500000000000007 174026424700.00003 3.8234209225143849 29.500000000000004 54.500000000000007 174026424340.50003
decision_type=2 2 2 2 2 2 2 2 2 2 2 2 2 2 2 2 2 2 2 2 2 2 2 2 2 2 2 2 2 2
left_child=6 7 3 24 16 -6 25 9 17 13 12 -12 -11 14 -2 -8 -5 -9 20 22 23 -22 -20 -4 -3 26 29 -28 -29 -1
right_child=1 2 18 4 5 -7 15 8 -10 10 11 -13 -14 -15 -16 -17 -18 -19 19 -21 21 -23 -24 -25 -26 -27 27 28 -30 -31
leaf_value=-0.0096947749782019151 -0.0019240999017997064 0.007664840137990331 0.0042673317552813315 -0.010565126706800123 0.012397031399718782 -0.0014033852744927894 -0.0066217230527559814 0.0087070128320033222 0.010090417275883641 -0.0055769463471527182 0.0097598419905076759 0.00089517310541346515 0.011563176881172518 0.0084033717120350869 0.0069374559795443661 -0.0014176290351972098 -0.0046763212866258001 -0.0052947178770898799 0.00070558183294064879 0.004112098830788901 0.010017190755603724 -0.011378889004843899 -0.0097590354171618928 -0.0034695490291552678 -0.0027359104946501791 -0.0080871361993357944 -0.0070549585794323676 -0.0020304878912760747 0.014926576198985858 0.0098848509810858538
leaf_weight=13.048143442720175 42.602125510573387 14.756543666124346 21.911180511116982 25.617673441767693 6.3952358439564696 45.48570391535759 32.463933162391186 5.493572585284709 39.390270128846169 37.881682172417641 33.961433202028275 122.93994273617864 5.3207392394542685 52.364584378898144 51.759456489235163 282.36731484159827 99.669414594769478 9.9546879827976209 12.883733347058298 42.120409287512302 31.659326184540987 2.230901062488555 18.525395110249519 20.539633132517338 7.7943085432052603 47.622595757246017 6.0444749891757956 4.5573380663990966 5.2195129841566077 1.8421628512442119
leaf_count=187 357 72 200 305 32 239 380 116 1032 217 600 1316 63 960 596 1717 637 55 130 463 406 21 86 165 38 584 48 29 26 20
internal_value=0 0.00144756 -0.000898239 -0.00315198 -0.00407123 0.000297758 -0.00275372 0.00348922 0.00715901 0.00290897 0.0014581 0.00281394 -0.003466 0.00488766 0.00293666 -0.00195425 -0.00588042 -0.000315547 0.00210512 2.0452e-05 0.00411301 0.00860875 -0.00546655 0.000523877 0.00407 -0.00596683 -0.00267902 0.00164413 0.00702229 -0.00727247
internal_weight=0 751.258 349.589 199.719 177.168 51.8809 393.165 401.668 54.8385 346.83 200.104 156.901 43.2024 146.726 94.3616 314.831 125.287 15.4483 149.871 73.5295 76.341 33.8902 31.4091 42.4508 22.5509 78.3342 30.7116 15.8213 9.77685 14.8903
internal_count=11097 8106 2794 1323 1213 271 2991 5312 1203 4109 2196 1916 280 1913 953 2097 942 171 1471 679 792 427 216 365 110 894 310 103 55 207
is_linear=0
shrinkage=0.01


Tree=267
num_leaves=31
num_cat=0
split_feature=2 3 2 12 2 3 12 2 5 12 12 12 3 12 2 2 3 12 3 13 3 12 2 5 2 12 2 2 2 2
split_gain=44.7458 8.89439 5.71006 6.12567 6.21202 6.02754 5.98158 4.69644 3.89368 4.82389 5.91702 3.83624 9.22936 7.6235 7.36244 6.55865 6.08379 3.75886 3.75218 3.29044 3.12878 3.08039 2.33331 2.89585 2.07144 4.08524 2.87163 1.10557 2.57704 0.880288
threshold=57.500000000000007 43.500000000000007 29.500000000000004 3.7950158525136106 55.500000000000007 61.500000000000007 1.9855520618694149 23.500000000000004 31.500000000000004 3.8294395188611343 3.8217601082568113 3.8646254547976171 30.500000000000004 3.8581143179354238 26.500000000000004 32.500000000000007 31.500000000000004 3.8326527195039151 52.500000000000007 3.9159539341120246 30.500000000000004 1.9663941833800986 51.500000000000007 57.500000000000007 65.500000000000014 2.9030223127010149 86.500000000000014 33.500000000000007 30.500000000000004 53.500000000000007
decision_type=2 2 2 2 2 2 2 2 2 2 2 2 2 2 2 2 2 2 2 2 2 2 2 2 2 2 2 2 2 2
left_child=1 11 5 21 18 17 7 -7 -2 10 24 13 22 14 16 -16 -1 -3 -5 -19 -12 29 23 -13 25 -10 -26 28 -15 -4
right_child=8 2 3 4 -6 6 -8 -9 9 -11 20 12 -14 27 15 -17 -18 19 -20 -21 -22 -23 -24 -25 26 -27 -28 -29 -30 -31
leaf_value=-0.001246850796316371 -0.012638205532355774 -0.010630038035176608 -0.0020380862288362105 -0.011816794808457416 0.0050490567583853308 -0.0081097680524713032 0.0085909717388847236 -0.00028807622710036917 -0.0020685166679424703 0.0097901868731322898 -0.0082157433113718981 -0.010309585609031519 -0.010615492061111018 0.0044200820443114257 -0.005339133164842802 -0.00043870100928992283 0.010058615466941144 0.0061567953831617797 -0.0027373452112353725 -0.0051895748821880793 0.00059537221264104815 -0.010128561242667812 0.005676460921481598 -0.0010643821875642068 0.0043586254364703803 0.0028169881690687897 0.0015418858273570852 0.0022902855549020587 0.015328349809353726 -0.0064428490993373904
leaf_weight=9.2021021544933337 1.9602811485528935 11.427649807184936 5.4384457208216181 6.1009948253631583 8.1743038892745954 9.4072161391377431 6.3121128045022479 41.727139703929424 42.271571096032858 6.9103014618158332 9.599571496248247 3.7816274762153617 13.956473708152769 5.4037736058235151 41.056338481605053 81.580426715314388 9.8602039963006956 3.0433129891753223 17.922727897763256 15.957691736519335 6.9462404400110236 30.464685369282961 4.4094194322824469 32.548917509615421 38.459488783031702 28.761472657322884 614.39100036025047 3.6837075874209395 3.614325262606144 27.376021280884743
leaf_count=52 12 218 58 33 36 75 33 331 339 31 44 22 88 28 272 418 41 20 93 119 33 470 19 197 400 127 7120 20 22 326
internal_value=0 -0.00273122 -0.00433889 -0.00603191 -0.00248097 -0.00249942 -0.000593313 -0.00172704 0.00143691 0.00147383 0.00139622 -0.0013215 -0.00359724 -0.000515313 -0.00118059 -0.00207927 0.00460104 -0.00609797 -0.00504314 -0.00337227 -0.00451667 -0.00783871 -0.00119297 -0.00202671 0.00153137 -9.03625e-05 0.00170782 0.00690638 0.00879196 -0.00571283
internal_weight=0 392.45 183.352 95.4772 32.198 87.8751 57.4465 51.1344 749.3 747.34 740.429 209.097 54.6964 154.401 141.699 122.637 19.0623 30.4287 24.0237 19.001 16.5458 63.2792 40.74 36.3305 723.884 71.033 652.85 12.7018 9.0181 32.8145
internal_count=11097 2991 1812 1016 162 796 439 406 8106 8094 8063 1179 326 853 783 690 93 357 126 139 77 854 238 219 7986 466 7520 70 50 384
is_linear=0
shrinkage=0.01


Tree=268
num_leaves=31
num_cat=0
split_feature=1 2 12 1 12 13 1 1 1 1 1 1 2 1 1 12 2 12 1 12 12 1 12 2 1 12 1 1 1 12
split_gain=44.4273 24.6952 9.15001 8.60299 12.4248 7.9476 8.70635 9.69189 40.3587 15.5431 7.67755 8.40099 7.45393 6.84809 6.47517 14.1167 6.38785 5.58279 5.55851 17.311 4.17297 3.98309 4.19258 4.18008 3.97623 3.02375 3.53549 2.90726 2.75523 2.12977
threshold=1119808860180.5002 57.500000000000007 1.9802295125484259 702778650022.50012 4.6884573824664786 3.9126533508095291 4363500795869.5005 2547630277329.5005 2482915554044.5005 2547630292676.5005 174026434482.00003 702778647780.50012 62.500000000000007 174026434801.50003 2777491174764.5005 3.8338504663272626 27.500000000000004 2.9355504161835038 4092079271560.5005 3.8142617563909882 3.8001003313675121 702778653479.50012 3.8456735839559215 70.500000000000014 4092079265666.5005 1.9789033726770087 702778650644.50012 1119808861675.0002 702778649786.50012 3.8664709862858495
decision_type=2 2 2 2 2 2 2 2 2 2 2 2 2 2 2 2 2 2 2 2 2 2 2 2 2 2 2 2 2 2
left_child=3 2 -2 4 10 6 7 8 -3 -9 12 13 17 -12 15 16 -4 -1 24 -20 -14 25 23 -23 -16 26 -5 -17 -13 -27
right_child=1 5 14 21 -6 -7 -8 9 -10 -11 11 28 20 -15 18 27 -18 -19 19 -21 -22 22 -24 -25 -26 29 -28 -29 -30 -31
leaf_value=-0.0096611215336584819 -0.0084363151538248485 0.0030118035684945622 0.0057028253824780483 0.0065111058505862331 0.011292690093219227 0.015982693162900491 -0.0074739934149231418 0.010768815049823315 -0.0061577387405181375 0.0030772040013800068 0.010905564541739406 -0.0075203274323151995 -0.0020319465441824146 -0.000426991775026077 -0.0024453108990003707 -0.00068439556870565795 -6.5822880750667691e-05 -0.0040931569115912683 -0.010669098292588256 0.0079893885336257894 0.0098371069368700069 -0.0087430508979262182 0.0048577699562472512 -0.00026590581724549397 -0.0076568429756418508 -0.012729308968787531 -0.0064302175885126277 -0.010790548026100346 0.00023078337266920049 -0.0070084334014533321
leaf_weight=28.787114728242159 18.16503344848752 297.78907445818186 35.084432281553745 2.4789671674370792 6.826127976179122 4.3162303715944281 8.8586369343101961 31.260896030813456 57.223921440541744 164.64486317336559 5.5441221520304671 22.58627708256245 51.660370223224163 139.55480416491628 35.876814562827349 3.858775168657302 42.387283608317375 48.09083779156208 7.7322777621448067 13.931286700069903 3.1423752456903449 12.715529967099432 5.4700649827718726 10.721386291086674 24.732346754521132 13.443113766610624 14.222634442150591 10.850854381918905 5.7543362192809573 12.612977176904677
leaf_count=490 231 3422 153 19 31 19 89 473 430 2013 44 160 557 1165 189 21 245 379 80 65 14 110 31 84 174 113 120 63 41 72
internal_value=0 0.00140951 -0.00168197 -0.0027681 -0.00205031 0.00246515 0.00236092 0.00251907 0.00153378 0.00430456 -0.00234882 -0.000966649 -0.00416932 6.01678e-06 -0.00097867 0.000841415 0.00254661 -0.00617809 -0.00301796 0.0013297 -0.00135138 -0.00589249 -0.00302526 -0.00486512 -0.00457194 -0.00783093 -0.00450938 -0.0081394 -0.00594653 -0.00996
internal_weight=0 756.713 192.619 383.611 311.946 564.094 559.777 550.919 355.013 195.906 305.12 173.44 131.681 145.099 174.454 92.1813 77.4717 76.878 82.2727 21.6636 54.8027 71.6647 28.907 23.4369 60.6092 42.7577 16.7016 14.7096 28.3406 26.0561
internal_count=11097 7667 1221 3430 2881 6446 6427 6338 3852 2486 2850 1410 1440 1209 990 482 398 869 508 145 571 549 225 194 363 324 139 84 201 185
is_linear=0
shrinkage=0.01


Tree=269
num_leaves=31
num_cat=0
split_feature=1 2 0 0 0 0 12 1 12 0 0 1 12 4 1 1 12 2 1 4 3 1 12 2 4 12 0 0 0 1
split_gain=43.6173 24.2433 13.0688 43.4002 10.8677 40.7087 9.04655 8.47938 12.1605 7.85175 22.0073 13.5075 11.2435 8.87732 6.69974 6.35979 13.8731 6.25289 5.46027 17.0173 4.34638 3.93632 4.117 4.13222 3.22743 3.00909 6.37161 5.20515 2.81093 2.6264
threshold=1119808860180.5002 57.500000000000007 4277344.0000000009 4277361.5000000009 4277441.5000000009 4277462.5000000009 1.9802295125484259 702778650022.50012 4.6884573824664786 4277659.5000000009 4296517.5000000009 174026438393.50003 1.9631289435398596 70.500000000000014 174026440289.00003 2777491174764.5005 3.8338504663272626 27.500000000000004 4092079271560.5005 70.500000000000014 24.500000000000004 702778653479.50012 3.8456735839559215 70.500000000000014 51.500000000000007 1.9789033726770087 4296066.5000000009 4299148.5000000009 4277646.5000000009 2482915545108.5005
decision_type=2 2 2 2 2 2 2 2 2 2 2 2 2 2 2 2 2 2 2 2 2 2 2 2 2 2 2 2 2 2
left_child=7 6 -3 -4 29 -6 -2 8 9 13 12 -12 -11 14 -1 16 17 -8 20 -20 -17 25 23 28 -18 26 -9 -28 -23 -5
right_child=1 2 3 4 5 -7 15 21 -10 10 11 -13 -14 -15 -16 18 24 -19 19 -21 -22 22 -24 -25 -26 -27 27 -29 -30 -31
leaf_value=-0.0057827257562620017 -0.0084083255119138407 0.0085989513493996261 -0.024221682485070853 0.004998345826756033 -0.02785003485379332 0.0022128333939608609 0.0056408896990492816 0.0085314058714520916 0.01114911096793194 0.006651626218154242 -0.0057861345654763516 -0.00056941719406798316 -0.0015431349919894362 -0.01154040288693841 0.0075431629089836904 -0.013645161630843625 -0.001985035246186278 -6.5165764723034683e-05 0.0078976975311856566 -0.010640843270507008 -0.0037471340714067352 -0.0001114981388738396 0.0047973487748697741 -0.00026325409546493851 -0.011699016357299655 -0.0099175185569027741 -0.011920233882872819 0.0010749505724613677 -0.011289154881772632 0.0098034893803804531
leaf_weight=12.060984790325167 18.043854612857103 32.510009527206421 6.2063191831111899 27.817696150392294 4.5476087778806678 472.89152227342129 35.114801578223705 3.0738736093044308 6.8448001146316519 39.234883643686771 109.15987755730748 91.019785724580288 29.206151861697435 18.513968747109175 5.4902193248271933 4.8206452280282965 5.4412985593080512 42.386541035026312 13.95199152082205 7.6755658984184256 55.657569851726294 2.927362266927962 5.4835011512041083 10.721083402633667 9.2086632847785932 25.906861308962107 8.8807612657546979 4.7206556871533385 9.7205999642610532 19.243955831974745
leaf_count=94 231 531 26 371 20 5162 153 31 31 433 1162 637 199 300 25 25 26 245 65 80 338 27 31 84 58 185 70 38 83 336
internal_value=0 0.00139765 0.00244436 0.00206734 0.00237841 0.00192648 -0.00166799 -0.00274512 -0.00203258 -0.00232871 -0.0017405 -0.00341414 0.00315464 -0.00670981 -0.00161423 -0.000970048 0.000833229 0.00252017 -0.00299395 0.00131842 -0.00453609 -0.00585253 -0.00300077 -0.00483058 -0.00809104 -0.0077848 -0.0044714 -0.00740998 -0.00870209 0.00696321
internal_weight=0 755.518 563.217 530.707 524.501 477.439 192.301 382.965 311.531 304.686 268.621 200.18 68.441 36.0652 17.5512 174.257 92.1513 77.5013 82.1058 21.6276 60.4782 71.4347 28.8525 23.369 14.65 42.5822 16.6753 13.6014 12.648 47.0617
internal_count=11097 7667 6446 5915 5889 5182 1221 3430 2881 2850 2431 1799 632 419 119 990 482 398 508 145 363 549 225 194 84 324 139 108 110 707
is_linear=0
shrinkage=0.01


Tree=270
num_leaves=31
num_cat=0
split_feature=2 0 0 3 4 0 0 0 0 4 0 0 0 0 0 2 0 4 12 12 12 2 0 0 0 12 12 3 0 4
split_gain=42.3514 34.7519 23.3736 8.816 8.68726 7.87789 45.801 7.08834 13.345 19.3303 9.0634 7.82651 6.66286 5.51447 45.362 5.51273 6.06995 11.6947 7.6737 6.66438 6.02002 6.06236 5.01218 4.3324 3.79925 4.94659 5.22759 4.32911 11.7384 13.9602
threshold=57.500000000000007 4296358.0000000009 4299148.5000000009 43.500000000000007 25.500000000000004 4277344.0000000009 4277361.5000000009 4305780.0000000009 4305469.5000000009 70.500000000000014 5575758.5000000009 4301512.5000000009 4296814.0000000009 4277441.5000000009 4277462.5000000009 29.500000000000004 4296358.0000000009 59.500000000000007 1.9842187211896343 3.8347789979364708 3.7950158525136106 55.500000000000007 4296552.0000000009 4298275.5000000009 4296552.0000000009 2.9375842593472381 2.9407542094424932 32.500000000000007 4297759.5000000009 62.500000000000007
decision_type=2 2 2 2 2 2 2 2 2 2 2 2 2 2 2 2 2 2 2 2 2 2 2 2 2 2 2 2 2 2
left_child=3 5 4 24 -3 -2 -7 8 11 -10 -9 -4 22 -8 -15 16 17 19 -18 -5 -17 23 -6 -22 25 -1 -27 -26 -29 -30
right_child=1 2 7 15 12 6 13 10 9 -11 -12 -13 -14 14 -16 20 18 -19 -20 -21 21 -23 -24 -25 27 26 -28 28 29 -31
leaf_value=0.0094990022006339551 0.0080883358907468932 0.0059266371048737757 -0.00074640434239995875 0.0084641312410705313 -0.0040064292678596517 -0.023894772206959097 0.0066275769129046213 0.0059257008201753459 0.014790915762353574 -0.010669074210509933 -0.011328486388044717 0.0039807448724070785 -0.0060702357246167132 -0.02666739307847486 0.0034638655283116856 -0.0077662018883355227 0.0026713439334978238 -0.010666320753687855 -0.0065936506451395073 -0.003623935718815119 -0.0016553355683606491 0.0049947262603253035 0.0040206417831221567 -0.010430002764501759 -0.0026160341824933079 -0.011863496607593171 0.0014526941661729643 0.014396504479984345 -0.0089101590744253018 0.0060195943495088694
leaf_weight=6.6325666159391394 33.063674610108137 8.0962702929973585 78.203732460737228 6.3754886090755489 19.718776930123568 6.228204831480979 47.594557836651802 42.164149779826403 3.5145887136459377 19.682551853358746 3.2813278660178176 63.433749340474606 96.606104210019112 5.0791127979755393 306.84445114061236 62.256419308483601 32.330496661365032 20.273915439844131 12.356010708957909 16.0239432528615 14.865565635263922 8.1830316036939603 12.846626579761503 9.0539656504988653 141.64290484040976 3.3289460614323643 25.768799908459187 5.7568941414356258 12.515245966613296 12.536917090415951
leaf_count=28 535 39 473 34 137 26 711 523 15 120 32 685 692 22 4021 854 158 392 99 113 78 36 75 48 842 17 125 26 83 58
internal_value=0 0.00139945 -0.000912039 -0.00266706 -0.00412179 0.00341382 0.00299124 0.00118324 0.000219198 -0.00681164 0.00467989 0.0013707 -0.00475161 0.00345701 0.00297323 -0.00427652 -0.00246635 -0.00516376 0.000109533 -0.000183343 -0.00595242 -0.00243496 -0.000839855 -0.0049767 -0.00126219 0.00170567 -7.07531e-05 -0.0018771 0.00152012 -0.00143882
internal_weight=0 746.358 347.548 389.901 137.268 398.81 365.746 210.28 164.835 23.1971 45.4455 141.637 129.172 359.518 311.924 181.719 87.3599 42.6733 44.6865 22.3994 94.359 32.1026 32.5654 23.9195 208.182 35.7303 29.0977 172.452 30.8091 25.0522
internal_count=11097 8106 2791 2991 943 5315 4780 1848 1293 135 555 1158 904 4754 4043 1812 796 539 257 147 1016 162 212 126 1179 170 142 1009 167 141
is_linear=0
shrinkage=0.01


Tree=271
num_leaves=31
num_cat=0
split_feature=2 0 0 3 4 0 0 0 0 4 0 0 0 0 0 2 0 4 12 12 12 2 0 0 12 3 12 2 2 3
split_gain=41.6103 34.1642 22.9595 8.70295 8.53214 7.81115 44.8072 6.98708 13.1342 19.0298 8.9379 7.69515 6.56974 5.46146 44.2826 5.44905 5.98923 11.623 7.53737 6.52185 5.98285 5.95024 5.28988 4.28049 3.73614 9.03768 7.44723 7.00503 6.41333 5.76436
threshold=57.500000000000007 4296358.0000000009 4299148.5000000009 43.500000000000007 25.500000000000004 4277344.0000000009 4277361.5000000009 4305780.0000000009 4305469.5000000009 70.500000000000014 5575758.5000000009 4301512.5000000009 4296749.0000000009 4277441.5000000009 4277462.5000000009 29.500000000000004 4296358.0000000009 59.500000000000007 1.9842187211896343 3.8347789979364708 3.7950158525136106 55.500000000000007 4296552.0000000009 4298275.5000000009 3.8646254547976171 30.500000000000004 3.8581143179354238 26.500000000000004 32.500000000000007 31.500000000000004
decision_type=2 2 2 2 2 2 2 2 2 2 2 2 2 2 2 2 2 2 2 2 2 2 2 2 2 2 2 2 2 2
left_child=3 5 4 24 -3 -2 -7 8 11 -10 -9 -4 22 -8 -15 16 17 19 -18 -5 -17 23 -6 -22 26 -26 27 29 -29 -1
right_child=1 2 7 15 12 6 13 10 9 -11 -12 -13 -14 14 -16 20 18 -19 -20 -21 21 -23 -24 -25 25 -27 -28 28 -30 -31
leaf_value=-0.0011850546781078488 0.0080604095153597958 0.0058742611734213237 -0.00073905984045727292 0.0083530404502857453 -0.0039716387562757664 -0.023579648026862493 0.0065959462430082369 0.00589271148262738 0.014683027328893655 -0.010617353370217233 -0.011313552072495061 0.0039520469942968843 -0.0060075319980715013 -0.026250541951568715 0.0034376708796560484 -0.0077370374163426257 0.0026434213999709361 -0.01065979263221138 -0.0065492041610243044 -0.0035951535336888108 -0.0016399100537413094 0.00493968551402488 0.0044230599910033176 -0.010376141679908508 -0.0011318009306992447 -0.010518720327661098 0.006881693142834211 -0.0052366770906523575 -0.00037311991393300007 0.0098273334932611894
leaf_weight=9.1646961420774478 32.847531020641327 8.0868211686611158 78.191148765385151 6.3955742791295078 19.692724335938692 6.2482229918241492 47.345818448811769 41.977137271314859 3.5050569325685528 19.581157468259335 3.252944901585578 63.256323993206024 97.05884413048625 5.1080218851566306 306.0945256575942 61.868131779134274 32.345211002975702 20.084417376667261 12.315669748932121 15.990872681140898 14.855394139885904 8.1914269924163801 12.13029306381941 9.0101738348603231 40.547615125775337 13.729810997843741 12.694941505789755 40.684168957173824 81.279219783842564 9.8746712356805784
leaf_count=52 535 39 473 34 137 26 711 523 15 120 32 685 695 22 4021 854 158 392 99 113 78 36 72 48 238 88 70 272 418 41
internal_value=0 0.00138918 -0.00090506 -0.00264639 -0.00408954 0.00338968 0.00296912 0.0011743 0.000217395 -0.00677613 0.00465524 0.00135884 -0.00471473 0.00343177 0.00295037 -0.00424941 -0.00244823 -0.00513677 0.000108466 -0.000181679 -0.0059203 -0.00241412 -0.000771749 -0.00493817 -0.00125085 -0.00350628 -0.000454353 -0.00111484 -0.00199549 0.00452646
internal_weight=0 744.377 346.732 389.032 136.969 397.644 364.797 209.764 164.534 23.0862 45.2301 141.447 128.882 358.548 311.203 181.057 87.1317 42.4709 44.6609 22.3864 93.9251 32.057 31.823 23.8656 207.975 54.2774 153.698 141.003 121.963 19.0394
internal_count=11097 8106 2791 2991 943 5315 4780 1848 1293 135 555 1158 904 4754 4043 1812 796 539 257 147 1016 162 209 126 1179 326 853 783 690 93
is_linear=0
shrinkage=0.01


end of trees

feature_importances:
Column_1=3000
Column_0=2230
Column_2=953
Column_12=825
Column_3=538
Column_4=373
Column_13=214
Column_14=18
Column_5=6
Column_15=2
Column_16=1

parameters:
[boosting: gbdt]
[objective: binary]
[metric: l2]
[tree_learner: serial]
[device_type: cpu]
[data_sample_strategy: bagging]
[data: ]
[valid: ]
[num_iterations: 8000]
[learning_rate: 0.01]
[num_leaves: 31]
[num_threads: 0]
[seed: 0]
[deterministic: 0]
[force_col_wise: 0]
[force_row_wise: 0]
[histogram_pool_size: -1]
[max_depth: 6]
[min_data_in_leaf: 20]
[min_sum_hessian_in_leaf: 0.001]
[bagging_fraction: 0.8]
[pos_bagging_fraction: 1]
[neg_bagging_fraction: 1]
[bagging_freq: 0]
[bagging_seed: 3]
[feature_fraction: 0.8]
[feature_fraction_bynode: 1]
[feature_fraction_seed: 2]
[extra_trees: 0]
[extra_seed: 6]
[early_stopping_round: 0]
[early_stopping_min_delta: 0]
[first_metric_only: 0]
[max_delta_step: 0]
[lambda_l1: 0]
[lambda_l2: 0]
[linear_lambda: 0]
[min_gain_to_split: 0]
[drop_rate: 0.1]
[max_drop: 50]
[skip_drop: 0.5]
[xgboost_dart_mode: 0]
[uniform_drop: 0]
[drop_seed: 4]
[top_rate: 0.2]
[other_rate: 0.1]
[min_data_per_group: 100]
[max_cat_threshold: 32]
[cat_l2: 10]
[cat_smooth: 10]
[max_cat_to_onehot: 4]
[top_k: 20]
[monotone_constraints: ]
[monotone_constraints_method: basic]
[monotone_penalty: 0]
[feature_contri: ]
[forcedsplits_filename: ]
[refit_decay_rate: 0.9]
[cegb_tradeoff: 1]
[cegb_penalty_split: 0]
[cegb_penalty_feature_lazy: ]
[cegb_penalty_feature_coupled: ]
[path_smooth: 0]
[interaction_constraints: ]
[verbosity: 1]
[saved_feature_importance_type: 0]
[use_quantized_grad: 0]
[num_grad_quant_bins: 4]
[quant_train_renew_leaf: 0]
[stochastic_rounding: 1]
[linear_tree: 0]
[max_bin: 255]
[max_bin_by_feature: ]
[min_data_in_bin: 3]
[bin_construct_sample_cnt: 200000]
[data_random_seed: 1]
[is_enable_sparse: 1]
[enable_bundle: 1]
[use_missing: 1]
[zero_as_missing: 0]
[feature_pre_filter: 1]
[pre_partition: 0]
[two_round: 0]
[header: 0]
[label_column: ]
[weight_column: ]
[group_column: ]
[ignore_column: ]
[categorical_feature: ]
[forcedbins_filename: ]
[precise_float_parser: 0]
[parser_config_file: ]
[objective_seed: 5]
[num_class: 1]
[is_unbalance: 0]
[scale_pos_weight: 1]
[sigmoid: 1]
[boost_from_average: 1]
[reg_sqrt: 0]
[alpha: 0.9]
[fair_c: 1]
[poisson_max_delta_step: 0.7]
[tweedie_variance_power: 1.5]
[lambdarank_truncation_level: 30]
[lambdarank_norm: 1]
[label_gain: ]
[lambdarank_position_bias_regularization: 0]
[eval_at: ]
[multi_error_top_k: 1]
[auc_mu_weights: ]
[num_machines: 1]
[local_listen_port: 12400]
[time_out: 120]
[machine_list_filename: ]
[machines: ]
[gpu_platform_id: -1]
[gpu_device_id: -1]
[gpu_use_dp: 0]
[num_gpu: 1]

end of parameters

pandas_categorical:null
