tree
version=v4
num_class=1
num_tree_per_iteration=1
label_index=0
max_feature_idx=21
objective=binary sigmoid:1
feature_names=Column_0 Column_1 Column_2 Column_3 Column_4 Column_5 Column_6 Column_7 Column_8 Column_9 Column_10 Column_11 Column_12 Column_13 Column_14 Column_15 Column_16 Column_17 Column_18 Column_19 Column_20 Column_21
feature_infos=[0:4430018] [12046471025:4385160849521] [3:inf] [5:inf] none none none none none none none none [1:3.9274828443525949] [1:3.9634270496807891] [1:3.9816342187354521] [1:3.9907971930024702] [1:3.9953936061349582] [1:3.997695554063712] [1:3.998847464604212] [1:3.9994236541730959] [1:3.9997118075515319] [1:3.9998558988916679]
tree_sizes=3266 3390 3397 3400 3402 3404 3399 3398 3191 3406 3401 3398 3409 3408 3392 3408 3390 3409 3401 3411 3402 3408 3408 3405 3396 3197 3194 3414 3406 3409 3402 3096 3412 3412 3416 3406 3419 3414 3402 3419 3100 3416 3398 3095 3098 3106 3403 3418 3412 3400 3416 3395 3425 3415 3402 3405 3199 3413 3413 3413 3411 3417 3211 3412 3421 3416 3416 3411 3405 3204 3406 3410 3415 3415 3418 3415 3395 3410 3104 3399 3410 3423 3410 3411 3408 2785 3402 3404 2569 3408 3407 3407 3405 2798 3408 3405 3410 3406 2669 3406 3407 2799 3409 3406 3408 3416 3399 3398 3401 2576 3399 3403 2791 2779 3400 3396 2789 3400 3398 3412 3410 2784 3394 3396 3400 3396 3390 3395 3293 3396 2684 2891 3383 3402 3408 3408 3313 2580 3415 3411 2586 3309 3311

Tree=0
num_leaves=31
num_cat=0
split_feature=12 12 12 1 1 1 1 1 1 1 1 1 1 12 12 12 1 1 1 1 1 1 12 12 1 1 1 1 1 1
split_gain=398.946 19.6773 67.0865 22.2307 11.0951 10.6713 13.0532 7.96051 7.79364 7.36738 6.66382 6.55198 6.07072 6.05397 9.04132 5.49351 4.76651 12.1197 6.00148 4.72456 2.90626 2.81947 2.53963 5.52037 2.29748 2.20898 3.04765 1.70667 1.59761 1.04362
threshold=1.9533992703327747 2.9160055349214766 1.9902329949527153 1837832559090.0002 641304924617.00012 207995304615.50003 229009853761.00003 183964076434.00003 3020926383199.5005 976004800465.50012 1144634669322.5002 2384994530278.5005 4334145191470.5005 1.9848851658944422 1.972957910446512 2.9420754722363047 3062739739830.0005 3258691812802.5005 3022918916661.5005 643953709458.00012 446992604946.50006 1758355648512.0002 1.9929177889658176 2.9007212158535043 3094276739890.0005 660434126998.00012 660434151881.00012 174026417975.00003 625282412029.00012 701677502804.00012
decision_type=2 2 2 2 2 2 2 2 2 2 2 2 2 2 2 2 2 2 2 2 2 2 2 2 2 2 2 2 2 2
left_child=4 2 12 21 5 7 -7 27 11 25 -11 15 13 14 -2 19 18 -18 -12 -3 -8 29 -5 -24 -15 -6 -27 -1 -22 -4
right_child=1 8 3 22 9 6 20 -9 -10 10 16 -13 -14 24 -16 -17 17 -19 -20 -21 28 -23 23 -25 -26 26 -28 -29 -30 -31
leaf_value=0.25693726597747829 0.2382318979026779 0.23805689668663227 0.25728803807161765 0.23682633258015254 0.24359443516579102 0.261917834848861 0.24630167620004639 0.24518692989182359 0.22532055818456714 0.25455876135452532 0.24894452801675804 0.24359443516579102 0.22749101866892707 0.23871112064197592 0.23427642619518252 0.24156400439009945 0.25507078302839536 0.24935745425368197 0.24380375792617157 0.22735098896025868 0.25693726597747829 0.26389874292270643 0.25229628134732618 0.23750314283871637 0.24359443516579102 0.25001545556755056 0.24608231477236958 0.25115878511444578 0.25181284544835203 0.2517161582685572
leaf_weight=8.6188606917858142 109.09015104174614 5.4175695776939454 10.588885992765428 5.9100759029388454 19.207746684551239 20.192759335041046 7.3875948786735526 25.117822587490082 14.775189757347105 24.625316262245178 460.73966726660728 5.9100759029388419 7.1413417160511008 38.907999694347382 122.88032814860344 4.9250632524490348 45.310581922531128 205.62139078974724 23.886556774377823 17.237721383571625 8.6188606917858142 5.4175695776939383 5.1713164150714857 4.9250632524490356 12.805164456367491 28.811620026826859 62.302050143480301 12.558911293745039 20.68526566028595 4.9250632524490348
leaf_count=35 443 22 43 24 78 82 30 102 60 100 1871 24 29 158 499 20 184 835 97 70 35 22 21 20 52 117 253 51 84 20
internal_value=0.24608 0.237332 0.238209 0.250904 0.249459 0.252559 0.255461 0.248995 0.23137 0.249091 0.249442 0.234039 0.236597 0.236826 0.236137 0.231992 0.24927 0.250389 0.248691 0.229911 0.251907 0.257688 0.242033 0.24508 0.23992 0.246676 0.247326 0.25351 0.25332 0.255519
internal_weight=0 376.029 327.763 36.938 973.685 103.18 56.8845 46.2956 48.2656 870.505 760.184 33.4904 290.825 283.684 231.97 27.5804 735.558 250.932 484.626 22.6553 36.6917 20.9315 16.0065 10.0964 51.7132 110.321 91.1137 21.1778 29.3041 15.5139
internal_count=5481 1527 1331 150 3954 419 231 188 196 3535 3087 136 1181 1152 942 112 2987 1019 1968 92 149 85 65 41 210 448 370 86 119 63
is_linear=0
shrinkage=1


Tree=1
num_leaves=31
num_cat=0
split_feature=2 2 13 1 3 1 1 1 1 1 1 1 1 13 2 13 1 1 1 1 1 1 1 1 13 1 1 1 1 1
split_gain=393.165 63.8753 15.9625 13.6987 12.1541 10.8402 10.4839 12.8442 7.81136 7.27683 7.24064 6.7731 6.51942 6.1757 7.87492 5.31534 4.67639 4.5942 11.9033 5.92146 2.85316 2.16485 2.98893 2.02557 1.95059 1.67766 1.57056 1.53312 1.02093 0.637592
threshold=70.500000000000014 14.500000000000002 2.9575138337046307 1861025320427.0002 30.500000000000004 641304924617.00012 207995304615.50003 229009853761.00003 183964076434.00003 976004800465.50012 3020926383199.5005 2384994530278.5005 1144634669322.5002 1.9924137935811148 40.500000000000007 1.9964525882004638 2101777078040.5002 3062739739830.0005 3258691812802.5005 3022918916661.5005 446992604946.50006 660434126998.00012 660434151881.00012 679621560489.50012 1.9927497336418349 174026417975.00003 625282412029.00012 1224176380759.0002 835223758002.50012 207995293143.50003
decision_type=2 2 2 2 2 2 2 2 2 2 2 2 2 2 2 2 2 2 2 2 2 2 2 2 2 2 2 2 2 2
left_child=1 3 4 23 -3 6 8 -8 25 21 11 16 -11 14 -6 -5 -4 19 -19 -14 -9 -7 -23 -1 -15 -2 -22 -25 -24 -10
right_child=5 2 10 15 13 9 7 20 29 12 -12 -13 17 24 -16 -17 -18 18 -20 -21 26 22 28 27 -26 -27 -28 -29 -30 -31
leaf_value=0.0066408281670216063 0.010763229330720755 0.003044905881506224 -0.012484053277260682 -0.0091510460926386913 -0.01176623608681911 -0.0024601068286336744 0.015710867454044059 0.00021931935038760621 -0.0019125622866503103 0.0084027380232758811 -0.021154027516518129 -0.0024601068286336744 0.0028526211426950234 -0.0018117382870678372 -0.0081212208341890652 0.0042580312495835307 -0.022560179011543609 0.0089107587657612387 0.0032458510263663814 -0.0022529982088216236 0.010763229330720755 0.0038978568422432646 0.00084096004164399465 0.017746487333894875 -0.0071176227931717111 0.005031026129713667 0.0056794210705796979 0.010299667482474257 -0.0019514114061158123 0.0015839089269846863
leaf_weight=5.4099738597869935 8.6071625351905841 8.1254465132951719 20.71809254586697 5.916650176048277 126.01531328260899 19.213562786579132 20.152401357889175 7.3873941600322715 17.732163190841678 24.599333107471466 14.564360931515692 5.4192100167274466 461.06894305348396 8.1319916546344739 111.90807941555977 5.9081407189369202 5.9227214008569709 45.259836435317993 205.53836219012737 23.893183991312981 8.6071625351905841 28.797632440924644 43.586796596646309 5.6572695970535261 46.824486628174782 12.551025196909903 20.670585751533508 5.4068780839443207 18.715234696865082 7.3884013295173636
leaf_count=22 35 33 84 24 511 78 82 30 72 100 59 22 1873 33 454 24 24 184 835 97 35 117 177 23 190 51 84 22 76 30
internal_value=0 -0.00868647 -0.00986256 0.00576085 -0.0090192 0.0033535 0.00641967 0.00929765 0.00288629 0.00299043 -0.0153072 -0.0126511 0.00333865 -0.0093539 -0.0100518 -0.00245133 -0.0147242 0.00316933 0.00426816 0.00260108 0.00577273 0.000590276 0.00123362 0.0116554 -0.0063325 0.00736289 0.00717397 0.0141073 2.1449e-06 -0.000884188
internal_weight=0 375.929 347.63 28.2989 301.005 973.769 103.096 56.8175 46.2788 870.673 46.6244 32.06 760.36 292.88 237.923 11.8248 26.6408 735.76 250.798 484.962 36.6651 110.313 91.0997 16.4741 54.9565 21.1582 29.2777 11.0641 62.302 25.1206
internal_count=5481 1525 1410 115 1221 3956 419 231 188 3537 189 130 3089 1188 965 48 108 2989 1019 1970 149 448 370 67 223 86 119 45 253 102
is_linear=0
shrinkage=0.01


Tree=2
num_leaves=31
num_cat=0
split_feature=2 0 0 0 0 2 2 0 2 0 2 2 12 2 1 1 1 1 1 1 1 1 12 1 1 1 1 1 1 12
split_gain=385.111 137.046 92.251 88.5202 609.36 39.6452 24.7159 32.2754 27.6711 12.3585 10.8141 9.08766 8.9987 6.48764 6.23847 5.87622 4.36546 7.9441 5.94344 3.74122 7.39311 3.36181 3.16145 3.11797 3.11048 6.99461 6.54395 1.91314 5.78422 3.09434
threshold=70.500000000000014 4216877.0000000009 4216886.5000000009 4231539.5000000009 4216886.5000000009 14.500000000000002 40.500000000000007 4231539.5000000009 51.500000000000007 4231864.0000000009 73.500000000000014 9.5000000000000018 2.9231252750903871 22.500000000000004 1731095585241.0002 4334145194491.0005 835223758002.50012 207995304615.50003 1758355642673.5002 1862882900580.0002 2777491195480.5005 1837832555784.0002 1.9585761340917001 1215926412144.5002 1264132470858.5002 2529907120106.5005 679621580841.00012 2928742283947.0005 2384994530278.5005 2.9283349783950823
decision_type=2 2 2 2 2 2 2 2 2 2 2 2 2 2 2 2 2 2 2 2 2 2 2 2 2 2 2 2 2 2
left_child=2 -2 5 4 16 21 11 8 12 10 -5 -4 -8 19 -10 -12 17 -3 -18 -7 -21 -1 23 -9 26 -26 -15 28 -13 -29
right_child=1 3 6 9 -6 13 7 22 14 -11 15 27 -14 24 -16 -17 18 -19 -20 20 -22 -23 -24 -25 25 -27 -28 29 -30 -31
leaf_value=0.015365188105717447 0.016719588227539543 0.0020298936853567111 -0.0016520257162739038 -0.0040225373119487755 -0.022078435515044865 0.0046904236040819468 -0.0075095958904295617 -0.019062885124645303 0.0086637956948744863 -0.009390030532397689 0.0066671230677429194 -0.015539612674773396 -0.018820114182856534 -0.0062997338003458634 -0.00067850720764565085 -0.0019372023822714077 0.0020927375895991459 0.0096329745062791947 0.0052079763568754047 -0.011267222018409099 0.0026920064147144102 0.0056917655857453139 -0.017624295865843555 -0.010627985388438515 -0.011660872859701805 -0.0033112537960251478 0.005995416542885032 -0.015599638913703858 -0.0088577823951813423 -0.022265023680423775
leaf_weight=13.255561158061029 70.791384071111679 19.686558246612549 5.1627882719039908 10.090259954333304 103.85961246490479 12.086435586214067 43.18589760363102 5.6745497435331371 10.84552910923958 5.1633520126342765 352.88373962044716 67.398696899414062 8.4028805792331678 12.3457008600235 20.964370980858803 8.1197822839021665 78.486114338040352 45.514766171574593 278.75921165943146 6.166175156831744 9.8624572753906232 4.9283503890037528 24.178484857082367 19.245608776807785 17.531038954854012 23.457872971892357 6.6662895381450644 40.487913087010384 16.038434222340584 8.4120332002639753
leaf_count=54 288 80 21 41 422 49 175 23 44 21 1434 273 34 50 85 33 319 185 1133 25 40 20 98 78 71 95 27 164 65 34
internal_value=0 0.00332139 -0.00859111 0.00227052 -0.000377406 -0.000700093 -0.0116979 -0.0086157 -0.00482877 0.00597442 0.0061882 -0.0146679 -0.00935188 -0.00347434 0.00250673 0.00647359 0.00495785 0.00733734 0.00452356 0.000489582 -0.00267807 0.0127434 -0.0150482 -0.0125487 -0.00533175 -0.0068824 -0.00198861 -0.0151757 -0.0142552 -0.0167463
internal_weight=0 973.355 376.297 902.563 526.306 106.3 269.997 132.497 83.3987 376.257 371.094 137.5 51.5888 88.116 31.8099 361.004 422.447 65.2013 357.245 28.1151 16.0286 18.1839 49.0986 24.9202 60.0009 40.9889 19.012 132.337 83.4371 48.8999
internal_count=5481 3956 1525 3668 2139 431 1094 537 338 1529 1508 557 209 357 129 1467 1717 265 1452 114 65 74 199 101 243 166 77 536 338 198
is_linear=0
shrinkage=0.01


Tree=3
num_leaves=31
num_cat=0
split_feature=2 0 0 0 0 2 2 0 2 0 2 2 12 2 1 1 1 1 1 1 1 1 12 1 1 1 1 1 1 12
split_gain=377.246 134.722 90.2051 86.8431 595.981 38.9031 24.1344 31.5321 27.0857 12.1168 10.6105 8.87705 8.78826 6.35274 6.12211 5.7675 4.28796 7.8052 5.83401 3.66784 7.23671 3.31106 3.0832 3.04383 6.83916 6.41216 3.04182 1.86689 5.6461 3.01942
threshold=70.500000000000014 4216877.0000000009 4216886.5000000009 4231539.5000000009 4216886.5000000009 14.500000000000002 40.500000000000007 4231539.5000000009 51.500000000000007 4231864.0000000009 73.500000000000014 9.5000000000000018 2.9231252750903871 22.500000000000004 1731095585241.0002 4334145194491.0005 835223758002.50012 207995304615.50003 1758355642673.5002 1862882900580.0002 2777491195480.5005 1837832555784.0002 1.9585761340917001 1264132470858.5002 2529907120106.5005 679621580841.00012 1215926412144.5002 2928742283947.0005 2384994530278.5005 2.9283349783950823
decision_type=2 2 2 2 2 2 2 2 2 2 2 2 2 2 2 2 2 2 2 2 2 2 2 2 2 2 2 2 2 2
left_child=2 -2 5 4 16 21 11 8 12 10 -5 -4 -8 19 -10 -12 17 -3 -18 -7 -21 -1 26 25 -25 -15 -9 28 -13 -29
right_child=1 3 6 9 -6 13 7 22 14 -11 15 27 -14 23 -16 -17 18 -19 -20 20 -22 -23 -24 24 -26 -27 -28 29 -30 -31
leaf_value=0.015244058787052053 0.016589576257790034 0.0020101098799236343 -0.0016351569420307067 -0.0039803189642852984 -0.021799892989950859 0.0046460748426025182 -0.0074282379739239084 -0.018832578452144266 0.0085861597113936917 -0.0092850730521041348 0.0066060616399559596 -0.015358342528248199 -0.018595974954950998 -0.0062324111499028247 -0.00067166899388924005 -0.0019173629269552664 0.002072360639123705 0.0095485044441320881 0.0051593302138448465 -0.011140281249846508 0.0026659363974939022 0.0056387462381680131 -0.01741402530118424 -0.011529634792049761 -0.0032769398283780276 0.005939499448926383 -0.010509171051786842 -0.015417549553951306 -0.008760476057069335 -0.021994959371835036
leaf_weight=13.227421611547472 70.633499875664711 19.681540071964264 5.1638838797807685 10.095287084579466 104.13337726891041 12.079821094870569 43.222117573022842 5.6864444166421917 10.834214791655542 5.1694698482751837 352.58557632565498 67.511663377285004 8.4190366715192777 12.35422393679619 20.966016009449959 8.121751204133032 78.465358451008797 45.458517253398895 278.57462933659554 6.1740326136350658 9.8593274950981122 4.9249606430530539 24.225488439202309 17.553168624639511 23.466424852609634 6.6617815047502509 19.268446087837219 40.55608694255352 16.054333075881004 8.4300736188888532
leaf_count=54 288 80 21 41 422 49 175 23 44 21 1434 273 34 50 85 33 319 185 1133 25 40 20 98 71 95 27 78 164 65 34
internal_value=0 0.00328971 -0.0084974 0.00224856 -0.000373554 -0.000693039 -0.0115662 -0.00852146 -0.00477799 0.00591919 0.00613115 -0.0144983 -0.00924891 -0.00343829 0.00248244 0.00641415 0.00491139 0.00727084 0.00448092 0.000484742 -0.00265048 0.012638 -0.0148728 -0.00527535 -0.00680845 -0.00196829 -0.0124058 -0.0149994 -0.0140908 -0.0165495
internal_weight=0 972.919 376.639 902.286 526.313 106.301 270.338 132.622 83.4414 375.972 370.803 137.716 51.6412 88.1488 31.8002 360.707 422.18 65.1401 357.04 28.1132 16.0334 18.1524 49.1804 60.0356 41.0196 19.016 24.9549 132.552 83.566 48.9862
internal_count=5481 3956 1525 3668 2139 431 1094 537 338 1529 1508 557 209 357 129 1467 1717 265 1452 114 65 74 199 243 166 77 101 536 338 198
is_linear=0
shrinkage=0.01


Tree=4
num_leaves=31
num_cat=0
split_feature=12 0 0 0 0 12 12 0 12 0 12 12 12 1 12 12 1 1 1 1 1 1 1 1 1 1 12 1 12 1
split_gain=367.197 132.613 87.3841 85.6383 589.129 38.1774 18.1758 36.857 16.2757 11.8802 10.4109 7.68659 26.23 7.01217 6.66196 6.2209 5.6609 4.2122 7.66931 5.72672 3.95487 3.59595 7.08416 3.26194 3.06743 19.4471 2.77258 2.96922 2.56385 2.41558
threshold=1.9533992703327747 4216877.0000000009 4216886.5000000009 4231539.5000000009 4216886.5000000009 1.9902329949527153 1.972957910446512 4231539.5000000009 1.9657402510146069 4231864.0000000009 1.951465162485281 1.9915744832887996 2.9160055349214766 3020926383199.5005 1.9949361603821067 1.9848851658944422 4334145194491.0005 835223758002.50012 207995304615.50003 1758355642673.5002 1997147138803.0002 1862882900580.0002 2777491195480.5005 1837832555784.0002 3022918913159.5005 2777491179720.5005 1.9585761340917001 1215926412144.5002 1.9769175260816239 2595850559623.0005
decision_type=2 2 2 2 2 2 2 2 2 2 2 2 2 2 2 2 2 2 2 2 2 2 2 2 2 2 2 2 2 2
left_child=1 -1 5 4 17 15 7 8 20 10 16 -8 14 -14 -13 24 -5 18 -3 -19 -4 -17 -23 -7 25 -2 27 -9 -26 -10
right_child=2 3 6 9 -6 23 11 26 29 -11 -12 12 13 -15 -16 21 -18 19 -20 -21 -22 22 -24 -25 28 -27 -28 -29 -30 -31
leaf_value=0.016462529744633265 -0.0064796601320951056 0.0019905173022366999 0.0094661289586125894 0.0065456499211826915 -0.021718958383789681 0.015125367412948577 -0.015217080000567229 -0.01860882538181315 -0.0090711865675005259 -0.009181803625218074 -0.0039385952638654491 -0.010412476957419535 -0.012133045936153901 -0.020449554681271832 0.0032287092905471321 0.0046021707034229224 -0.0018977348292968435 0.0020521822419370212 0.009465099876268316 0.0051111739601268158 0.00069626124004609161 -0.011015612079759745 0.0026401203038307038 0.0055862722168403779 -0.014726260459911345 0.012996762271909455 -0.017049197084529729 -0.010392397465664198 -0.0062131946318012355 -0.0038249313167940105
leaf_weight=70.467643529176712 37.828875973820686 19.676533311605453 8.373464375734331 352.28280673921108 103.88560643792152 13.198053836822512 99.291425451636314 5.6972146034240749 21.005920097231865 5.1753054857254019 10.100185140967367 4.9343575239181545 32.933811292052269 14.647553354501722 13.044704809784887 12.0731438100338 8.1236857026815397 78.444644272327423 45.40078641474247 278.38824051618576 13.325206011533735 6.1814305186271694 9.8561936169862729 4.9215274900197974 5.1880751997232464 5.9304008334875098 23.526239201426506 19.289997115731239 11.120952174067495 15.075114369392393
leaf_count=288 153 80 34 1434 420 54 401 23 85 21 41 20 133 59 53 49 33 319 185 1133 54 25 40 20 21 24 95 78 45 61
internal_value=0 0.00325096 -0.00837078 0.00221822 -0.000387079 -0.000686081 -0.0113835 -0.00815912 -0.00276339 0.00586455 0.00607472 -0.0134625 -0.0108051 -0.0146932 -0.000515117 -0.00340271 0.00635533 0.0048654 0.00720511 0.0044387 0.00408053 0.000479957 -0.00262325 0.0125344 -0.00521972 -0.00384015 -0.0145855 -0.0122658 -0.00892129 -0.00687923
internal_weight=0 971.945 377.444 901.478 525.796 106.299 271.145 106.293 57.7797 375.682 370.507 164.852 65.5604 47.5814 17.9791 88.1791 360.406 421.91 65.0773 356.833 21.6987 28.1108 16.0376 18.1196 60.0683 43.7593 48.5135 24.9872 16.309 36.081
internal_count=5481 3954 1527 3666 2137 431 1096 430 234 1529 1508 666 265 192 73 357 1467 1717 265 1452 88 114 65 74 243 177 196 101 66 146
is_linear=0
shrinkage=0.01


Tree=5
num_leaves=31
num_cat=0
split_feature=2 0 0 0 0 2 2 0 2 0 2 2 13 2 3 1 1 1 1 1 1 1 1 1 1 13 1 1 1 13
split_gain=362.09 130.247 86.2953 83.5806 570.452 37.4673 22.9814 30.1188 25.9494 11.6484 10.2152 8.50055 8.46023 6.09183 5.93411 5.55637 4.13812 7.53634 5.62152 3.52551 6.93534 3.21437 3.00146 6.62887 6.27879 2.94619 2.89996 1.79256 5.50883 2.89562
threshold=70.500000000000014 4216877.0000000009 4216886.5000000009 4231539.5000000009 4216886.5000000009 14.500000000000002 40.500000000000007 4231539.5000000009 51.500000000000007 4231864.0000000009 73.500000000000014 9.5000000000000018 2.9611542751033233 22.500000000000004 20.500000000000004 4334145194491.0005 835223758002.50012 207995304615.50003 1758355642673.5002 1862882900580.0002 2777491195480.5005 1837832555784.0002 1264132470858.5002 2529907120106.5005 679621580841.00012 1.979068999938582 1215926412144.5002 2928742283947.0005 2384994530278.5005 2.9638099650179925
decision_type=2 2 2 2 2 2 2 2 2 2 2 2 2 2 2 2 2 2 2 2 2 2 2 2 2 2 2 2 2 2
left_child=2 -2 5 4 16 21 11 8 12 10 -5 -4 -8 19 -10 -12 17 -3 -18 -7 -21 -1 24 -24 -15 26 -9 28 -13 -29
right_child=1 3 6 9 -6 13 7 25 14 -11 15 27 -14 22 -16 -17 18 -19 -20 20 -22 -23 23 -25 -26 -27 -28 29 -30 -31
leaf_value=0.015009032269903888 0.016338346537496183 0.0019711152592505983 -0.001583449272372075 -0.0038973583526066176 -0.021269555001759505 0.004558705231706827 -0.0072648997929244388 -0.018391338905495287 -0.0068465100219213693 -0.009080179857207233 0.0064858775965430148 -0.01501739307101313 -0.018207238126884431 -0.0060970738914855535 0.0044431709898636014 -0.0018783157780427725 0.0020321984216363324 0.0093827356062555108 0.0050635010204101898 -0.010893145550442185 0.0026145555007700745 0.005534336700555669 -0.011328782116306597 -0.0032093520590980576 0.0059445344890132904 -0.017017056676203339 -0.010277603001758331 -0.01506603749232752 -0.008508337905763063 -0.021496493631852791
leaf_weight=13.167501330375673 70.294081956148148 19.671537607908249 5.1671346575021735 10.104956328868864 104.60006892681122 12.066406950354578 43.291082367300987 5.7068914920091656 5.6660221666097668 5.1808660626411429 351.97561517357826 67.705843448638916 8.444005683064459 12.370700150728227 26.112279668450356 8.125586271286009 78.423975065350533 45.341630905866623 278.20011979341507 6.1883807182312038 9.8530575782060605 4.9180527329444876 17.585076808929443 23.48239777982235 6.6621925830841056 24.305761411786079 19.310294553637505 40.675977751612663 16.092931106686592 8.4588061571121198
leaf_count=54 288 80 21 41 422 49 175 23 23 21 1434 273 34 50 106 33 319 185 1133 25 40 20 71 95 27 98 78 164 65 34
internal_value=0 0.00322776 -0.00831528 0.00220561 -0.000365907 -0.000679202 -0.0113111 -0.00834148 -0.00468211 0.00581049 0.00601888 -0.0141674 -0.00905087 -0.00336754 0.00243024 0.00629714 0.00481988 0.00714014 0.0043969 0.000475228 -0.00259637 0.0124326 -0.00516473 -0.00668609 -0.00188208 -0.0145375 -0.0121285 -0.0146566 -0.0137674 -0.0161731
internal_weight=0 971.918 377.231 901.624 526.237 106.294 270.937 132.836 83.5134 375.387 370.206 138.101 51.7351 88.2082 31.7783 360.101 421.637 65.0132 356.624 28.1078 16.0414 18.0856 60.1004 41.0675 19.0329 49.3229 25.0172 132.934 83.7988 49.1348
internal_count=5481 3956 1525 3668 2139 431 1094 537 338 1529 1508 557 209 357 129 1467 1717 265 1452 114 65 74 243 166 77 199 101 536 338 198
is_linear=0
shrinkage=0.01


Tree=6
num_leaves=31
num_cat=0
split_feature=2 0 0 0 0 2 2 0 2 0 2 2 2 1 1 12 1 1 1 1 1 1 1 1 1 1 12 1 2 1
split_gain=354.771 128.093 84.4208 81.9978 558.297 36.7727 22.4702 34.414 19.0504 11.4214 10.0233 7.83384 5.96577 5.92862 5.45386 5.19883 4.38116 4.20189 4.06565 7.40621 5.51838 3.4565 6.79014 3.16827 3.03295 18.996 2.651 2.83382 2.50415 1.7265
threshold=70.500000000000014 4216877.0000000009 4216886.5000000009 4231539.5000000009 4216886.5000000009 14.500000000000002 43.500000000000007 4231539.5000000009 51.500000000000007 4231864.0000000009 73.500000000000014 9.5000000000000018 22.500000000000004 1731095585241.0002 4334145194491.0005 1.972957910446512 1646869333327.5002 2777491184717.5005 835223758002.50012 207995304615.50003 1758355642673.5002 1862882900580.0002 2777491195480.5005 1837832555784.0002 3022918913159.5005 2777491179720.5005 1.9585761340917001 1215926412144.5002 34.500000000000007 2928742283947.0005
decision_type=2 2 2 2 2 2 2 2 2 2 2 2 2 2 2 2 2 2 2 2 2 2 2 2 2 2 2 2 2 2
left_child=2 -2 5 4 18 23 11 8 16 10 -5 -4 21 -10 -12 17 -8 -13 19 -3 -20 -7 -23 -1 25 -14 27 -9 -26 -17
right_child=1 3 6 9 -6 12 7 26 13 -11 14 15 24 -15 -16 29 -18 -19 20 -21 -22 22 -24 -25 28 -27 -28 -29 -30 -31
leaf_value=0.014894976558159561 0.01621692867714802 0.0019519013072577737 -0.0015673025395838863 -0.0038566025830694185 -0.021017710793764976 0.0045156734556767528 -0.0032313568276018533 -0.018179838523586043 0.0084222070720015585 -0.008980157450624953 0.0064267338369356601 -0.012773939939276162 -0.006343684268867009 -0.00069559187927023937 -0.0018591034007449964 -0.013800261472784845 -0.010718418159685496 -0.0010511920025999574 0.0020124081189579995 0.0093013875128260936 0.0050163049078324655 -0.01077281607493724 0.0025892385718241308 0.0054829305370748304 -0.0061128856338098017 0.012912849293212986 -0.016665045511468607 -0.010164734319268532 -0.014519587821895566 -0.01612496971763765
leaf_weight=13.135804355144503 70.113082975149155 19.666553571820259 5.1681587100028983 10.109603703022001 104.79390433430672 12.059613212943079 11.640665411949156 5.7155066132545498 10.809091344475748 5.1861589252948752 351.6641915589571 7.4263554811477643 37.876213565468788 20.959670051932335 8.1274534016847593 87.127569749951363 23.785642802715302 5.1976555734872818 78.403353229165077 45.281102254986763 278.01036082208157 6.1948952823877361 9.849919527769087 4.9145383834838858 11.131936132907869 5.9240129739046088 23.596026226878166 19.329372107982635 5.1977750957012168 50.442929610610008
leaf_count=54 288 80 21 41 422 49 47 23 44 21 1434 30 153 85 33 351 96 21 319 185 1133 25 40 20 45 24 95 78 21 203
internal_value=0 0.00319739 -0.00822655 0.00218452 -0.000362249 -0.000672425 -0.0111871 -0.00785349 -0.00321605 0.00575701 0.00596363 -0.0136725 -0.00333285 0.00240667 0.00623956 -0.0140891 -0.00825826 -0.00794736 0.00477483 0.00707592 0.00435551 0.000470552 -0.00256984 0.0123324 -0.00511054 -0.00373922 -0.0142599 -0.0119939 -0.00878875 -0.0146527
internal_weight=0 971.356 377.483 901.243 526.155 106.285 271.199 115.836 67.1951 375.087 369.901 155.363 88.2344 31.7688 359.792 150.195 35.4263 12.624 421.361 64.9477 356.414 28.1044 16.0448 18.0503 60.1299 43.8002 48.6409 25.0449 16.3297 137.57
internal_count=5481 3956 1525 3668 2139 431 1094 468 272 1529 1508 626 357 129 1467 605 143 51 1717 265 1452 114 65 74 243 177 196 101 66 554
is_linear=0
shrinkage=0.01


Tree=7
num_leaves=31
num_cat=0
split_feature=2 0 0 0 0 2 2 0 2 0 2 2 2 1 1 13 1 1 1 1 1 1 1 1 1 1 13 1 2 1
split_gain=347.62 125.993 82.5984 80.4451 546.513 36.093 21.9664 33.6601 18.6556 11.1991 9.83519 7.66087 5.84241 5.81856 5.35335 5.08329 4.28535 4.10963 3.99476 7.27882 5.41722 3.38888 6.64844 3.12358 2.96722 18.6254 2.59116 2.77062 2.44747 1.68869
threshold=70.500000000000014 4216877.0000000009 4216886.5000000009 4231539.5000000009 4216886.5000000009 14.500000000000002 43.500000000000007 4231539.5000000009 51.500000000000007 4231864.0000000009 73.500000000000014 9.5000000000000018 22.500000000000004 1731095585241.0002 4334145194491.0005 1.9863862745312775 1646869333327.5002 2777491184717.5005 835223758002.50012 207995304615.50003 1758355642673.5002 1862882900580.0002 2777491195480.5005 1837832555784.0002 3022918913159.5005 2777491179720.5005 1.979068999938582 1215926412144.5002 34.500000000000007 2928742283947.0005
decision_type=2 2 2 2 2 2 2 2 2 2 2 2 2 2 2 2 2 2 2 2 2 2 2 2 2 2 2 2 2 2
left_child=2 -2 5 4 18 23 11 8 16 10 -5 -4 21 -10 -12 17 -8 -13 19 -3 -20 -7 -23 -1 25 -14 27 -9 -26 -17
right_child=1 3 6 9 -6 12 7 26 13 -11 14 15 24 -15 -16 29 -18 -19 20 -21 -22 22 -24 -25 28 -27 -28 -29 -30 -31
leaf_value=0.014783124498779741 0.016098182331455504 0.0019328733969777396 -0.0015513255612578042 -0.0038163190935373123 -0.020773914011475211 0.004473069464429465 -0.0031980518534247366 -0.017974071053193843 0.0083474274583528931 -0.008881694660009062 0.0063682075952463399 -0.012630633105923867 -0.0062763718884613941 -0.0006885798942933021 -0.0018400946377298772 -0.013647003881967908 -0.010600841705088999 -0.0010405708415964058 0.0019928093410627058 0.009221031001156654 0.0049695784165941885 -0.010654558274496918 0.0025641674816963434 0.0054320475263108185 -0.0060480052463705051 0.012802933432953743 -0.016477311214542326 -0.010053734605718489 -0.014354243263229633 -0.015944788320288207
leaf_weight=13.103004440665247 69.92490117251873 19.661582574248314 5.1691661626100531 10.114129796624182 104.96262694895267 12.052765667438509 11.644255861639975 5.7230897843837765 10.796925380825998 5.1911907941102973 351.34873327612877 7.4354615807533246 37.89948208630085 20.961368724703789 8.1292885690927488 87.224468514323235 23.808841824531555 5.1981987953186035 78.382781118154526 45.219255551695824 277.81905624270439 6.2009860575199154 9.8467797636985761 4.9109862744808188 11.138805583119394 5.9151672571897498 23.626064717769623 19.347262248396873 5.205033913254737 50.502514362335205
leaf_count=54 288 80 21 41 422 49 47 23 44 21 1434 30 153 85 33 351 96 21 319 185 1133 25 40 20 45 24 95 78 21 203
internal_value=0 0.00316743 -0.00813932 0.00216371 -0.000358653 -0.000665726 -0.0110654 -0.00777008 -0.00318309 0.00570409 0.00590896 -0.0135212 -0.00329857 0.00238341 0.00618258 -0.0139327 -0.00816946 -0.00786183 0.00473023 0.00701242 0.00431454 0.00046593 -0.00254365 0.0122338 -0.005057 -0.00370058 -0.0141011 -0.0118618 -0.0086933 -0.0144896
internal_weight=0 970.754 377.711 900.829 526.045 106.273 271.438 115.908 67.2114 374.783 369.592 155.53 88.259 31.7583 359.478 150.361 35.4531 12.6337 421.083 64.8808 356.202 28.1005 16.0478 18.014 60.1585 43.8146 48.6964 25.0704 16.3438 137.727
internal_count=5481 3956 1525 3668 2139 431 1094 468 272 1529 1508 626 357 129 1467 605 143 51 1717 265 1452 114 65 74 243 177 196 101 66 554
is_linear=0
shrinkage=0.01


Tree=8
num_leaves=29
num_cat=0
split_feature=2 0 0 0 0 2 2 0 12 2 0 2 2 2 12 12 2 2 12 12 0 12 3 2 12 2 0 12
split_gain=340.636 123.943 80.8265 78.9219 535.084 35.4279 21.4793 32.9295 18.31 13.2103 10.9814 9.6507 7.49357 5.72187 4.97194 2.53397 1.96841 3.14772 2.44732 1.59456 1.57127 1.42141 1.02135 0.527828 0.418903 0.599577 0.290856 0.161782
threshold=70.500000000000014 4216877.0000000009 4216886.5000000009 4231539.5000000009 4216886.5000000009 14.500000000000002 43.500000000000007 4231539.5000000009 2.9160055349214766 51.500000000000007 4231864.0000000009 73.500000000000014 9.5000000000000018 22.500000000000004 1.972957910446512 1.9585761340917001 33.500000000000007 25.500000000000004 1.972957910446512 2.9440373418857591 4231767.5000000009 1.9922459088058959 19.500000000000004 67.500000000000014 1.9868872088523377 17.500000000000004 4231767.5000000009 1.994262914445758
decision_type=2 2 2 2 2 2 2 2 2 2 2 2 2 2 2 2 2 2 2 2 2 2 2 2 2 2 2 2
left_child=2 -2 5 4 -3 21 12 8 9 -8 11 -5 -4 24 -14 23 17 -15 -18 -16 -17 -1 -10 -9 -7 -26 -13 -23
right_child=1 3 6 10 -6 13 7 15 22 -11 -12 26 14 16 19 20 18 -19 -20 -21 -22 27 -24 -25 25 -27 -28 -29
leaf_value=0.0086343154998560628 0.015982018259732278 0.0046860758727547613 -0.0015355164971479689 -0.0037765018023975748 -0.020537785121671513 -0.001050848560371607 -0.0060599710868431932 -0.010767093263397906 -0.011166783140962767 0.0037778489053096236 -0.0087847509548035184 0.0055752248144520832 -0.0077776540763347954 -0.008048079129592765 -0.014553826877760696 -0.012095432347128017 -0.0019315688586645945 -0.0017803400244201012 -0.0094551990829701733 -0.0091628129447902506 -0.017876332613309544 0.015482761350616357 -0.016969971420235493 -0.013911666007813812 -1.2624715547620476e-05 0.0038620640255536678 0.0062731778242040908 0.013034551496864551
leaf_weight=7.0454288423061397 69.729790240526199 420.80131441354752 5.1701575070619574 10.118537828326224 105.10696597397327 11.08873772621155 25.033804729580879 17.392035543918613 5.7141399681568146 30.01481106877327 5.1959687918424597 75.634903311729431 12.642617121338843 11.396180495619772 132.14312665164471 6.4735048115253475 5.9442290514707592 26.987306907773018 15.857075721025465 5.724220782518386 17.179084584116936 6.0714874714612943 6.4630226343870145 7.7016327977180472 10.599242970347406 6.4081914573907843 283.52560438215733 4.8596222549676895
leaf_count=29 288 1717 21 41 422 45 101 70 23 122 21 309 51 46 531 26 24 109 64 23 69 25 26 31 43 26 1158 20
internal_value=0 0.00313788 -0.00805363 0.00214317 -0.000355114 -0.000659117 -0.010946 -0.00768807 -0.00315056 -0.00069598 0.00565173 0.00585486 -0.013373 -0.00326475 -0.0137796 -0.0139457 -0.00500421 -0.00364125 -0.00740385 -0.01433 -0.0162942 0.0121369 -0.0142468 -0.0117322 0.00046136 0.00144731 0.0061262 0.0143944
internal_weight=0 970.113 377.91 900.383 525.908 106.258 271.652 115.972 67.2258 55.0486 374.475 369.279 155.68 88.281 150.51 48.7463 60.1848 38.3835 21.8013 137.867 23.6526 17.9765 12.1772 25.0937 28.0962 17.0074 359.161 10.9311
internal_count=5481 3956 1525 3668 2139 431 1094 468 272 223 1529 1508 626 357 605 196 243 155 88 554 95 74 49 101 114 69 1467 45
is_linear=0
shrinkage=0.01


Tree=9
num_leaves=31
num_cat=0
split_feature=12 0 0 0 0 12 12 0 12 0 12 12 12 1 12 12 1 1 1 1 1 1 1 1 1 1 1 12 1 1
split_gain=331.479 122.102 78.3103 77.8678 529.798 34.7743 16.3827 33.2097 14.672 10.7681 9.46972 6.89522 24.052 6.65459 6.19269 5.60389 5.26067 3.9286 7.16023 5.32204 3.75757 3.31759 6.51562 3.09161 2.97555 6.36132 6.13403 2.48244 2.71058 2.34482
threshold=1.9533992703327747 4216877.0000000009 4216886.5000000009 4231539.5000000009 4216886.5000000009 1.9902329949527153 1.972957910446512 4231539.5000000009 1.9657402510146069 4231864.0000000009 1.951465162485281 1.9915744832887996 2.9160055349214766 3020926383199.5005 1.9949361603821067 1.9848851658944422 4334145194491.0005 835223758002.50012 207995304615.50003 1758355642673.5002 1997147138803.0002 1862882900580.0002 2777491195480.5005 1837832555784.0002 1264132470858.5002 2529907120106.5005 679621580841.00012 1.9585761340917001 1215926412144.5002 2595850559623.0005
decision_type=2 2 2 2 2 2 2 2 2 2 2 2 2 2 2 2 2 2 2 2 2 2 2 2 2 2 2 2 2 2
left_child=1 -1 5 4 17 15 7 8 20 10 16 -8 14 -14 -13 24 -5 18 -3 -19 -4 -17 -23 -7 26 -26 -2 28 -9 -10
right_child=2 3 6 9 -6 23 11 27 29 -11 -12 12 13 -15 -16 21 -18 19 -20 -21 -22 22 -24 -25 25 -27 -28 -29 -30 -31
leaf_value=0.015868349756494399 -0.0058464965280949745 0.0018683395444985442 0.0091823554581732542 0.0062546529337808169 -0.020494447651898114 0.014584903067116657 -0.014398702907425389 -0.017644813877317783 -0.0086426956533917874 -0.0086892886457464163 -0.0037371432067133431 -0.0098914902838732974 -0.011450390784516224 -0.019531677858890359 0.00324000211171043 0.0044235692408609523 -0.0018845679613239295 0.0019277563812249339 0.0091014030634215398 0.004879717831659307 0.00062150461283719694 -0.010544227591039937 0.0025391151323289961 0.0052674134785587233 -0.011006060829245686 -0.0030603001245695554 0.0060461066174288848 -0.0161178507920282 -0.0098178609291903161 -0.0034828585972275844
leaf_weight=69.52799591422081 12.398783385753633 19.644462868571281 8.3381695747375506 350.71603739261627 104.72995020449162 13.04052557051182 99.870385020971298 5.7334669977426556 21.08636038005352 5.2004990875720969 10.122830018401144 4.9560353606939342 33.098654955625534 14.721931859850882 13.041715249419211 12.044652730226518 8.1249754726886732 78.313420116901398 45.123383522033691 277.44154666364193 13.313602715730665 6.2063826024532345 9.8436046391725522 4.8989188373088828 17.631063356995583 23.512601912021637 6.6702426075935355 23.675290316343307 19.382314294576645 15.124178051948546
leaf_count=288 50 80 34 1434 420 54 401 23 85 21 41 20 133 59 53 49 33 319 185 1133 54 25 40 20 71 95 27 95 78 61
internal_value=0 0.00310067 -0.00793413 0.00211369 -0.000369704 -0.000652559 -0.0107748 -0.00771784 -0.00259374 0.00559988 0.00580129 -0.0127426 -0.0102297 -0.0139383 -0.000376013 -0.00323112 0.00607036 0.0046423 0.00690757 0.00422989 0.00391832 0.000456774 -0.00252009 0.0120405 -0.00495186 -0.00646525 -0.00168653 -0.0137946 -0.0116046 -0.00648757
internal_weight=0 968.945 378.589 899.417 525.253 106.247 272.342 106.653 57.8623 374.164 368.964 165.689 65.8183 47.8206 17.9978 88.3073 358.841 420.523 64.7678 355.755 21.6518 28.0946 16.05 17.9394 60.2127 41.1437 19.069 48.7911 25.1158 36.2105
internal_count=5481 3954 1527 3666 2137 431 1096 430 234 1529 1508 666 265 192 73 357 1467 1717 265 1452 88 114 65 74 243 166 77 196 101 146
is_linear=0
shrinkage=0.01


Tree=10
num_leaves=31
num_cat=0
split_feature=2 0 0 0 0 2 2 0 13 2 0 2 2 2 1 13 1 1 1 1 1 1 1 1 1 13 1 2 1 2
split_gain=327.158 119.989 77.4385 75.958 513.197 34.1369 20.5398 31.5417 17.5548 12.6838 10.5591 9.2923 7.19647 5.48852 5.16391 4.75064 3.9864 3.86071 7.03813 5.22471 3.25275 6.38048 3.04975 2.93095 18.1844 2.43228 2.65336 2.38115 1.62595 1.56662
threshold=70.500000000000014 4216877.0000000009 4216886.5000000009 4231539.5000000009 4216886.5000000009 14.500000000000002 43.500000000000007 4231539.5000000009 2.9575138337046307 51.500000000000007 4231864.0000000009 73.500000000000014 9.5000000000000018 22.500000000000004 4334145194491.0005 1.9863862745312775 2777491184717.5005 835223758002.50012 207995304615.50003 1758355642673.5002 1862882900580.0002 2777491195480.5005 1837832555784.0002 3022918913159.5005 2777491179720.5005 1.979068999938582 1215926412144.5002 34.500000000000007 2928742283947.0005 53.500000000000007
decision_type=2 2 2 2 2 2 2 2 2 2 2 2 2 2 2 2 2 2 2 2 2 2 2 2 2 2 2 2 2 2
left_child=2 -2 5 4 17 22 12 8 9 -8 11 -5 -4 20 -13 16 -14 18 -3 -19 -7 -22 -1 24 -15 26 -9 -25 -17 -27
right_child=1 3 6 10 -6 13 7 25 -10 -11 -12 14 15 23 -16 28 -18 19 -20 -21 21 -23 -24 27 -26 29 -28 -29 -30 -31
leaf_value=0.014478894476127459 0.015757096277290984 0.0018501201451088126 -0.0014876435927057214 -0.0036982374272489555 -0.020086405106109831 0.0043818763135559007 -0.0059326249431511649 -0.017453122778868509 -0.013940211147134146 0.003706480829473828 -0.0085952701963069467 0.0061979037551105126 -0.012309120852579092 -0.0060937855653582767 -0.0018652894037341147 -0.013194956105973391 -0.00090424686379070827 0.0019089761167898559 0.0090234395005212714 0.0048343422250048613 -0.010429837985613847 0.0025145305924924588 0.0052186947934611365 -0.0059032441287443895 0.012761222715188494 -0.011756541682643559 -0.0097124690587679172 -0.014088773507495352 -0.015446633407601924 -0.017523744223028943
leaf_weight=13.004821836948397 69.319754168391228 19.639556393027306 5.1729437857866278 10.127008870244024 105.32531002163887 12.037698760628702 25.060872286558151 5.7384481877088573 12.200076177716253 29.985166475176811 5.2047883719205847 350.38964529335499 7.4539652466773969 37.956348046660423 8.1268538087606412 87.466293692588806 5.2047895640134811 78.293093577027321 45.058448016643524 277.24615170061588 6.2116799354553249 9.8404645472764951 4.895224303007125 11.153432041406633 5.911641687154769 6.4850051999092129 19.396635979413986 5.2156562507152548 50.635261937975883 17.209815040230751
leaf_count=54 288 80 21 41 422 49 101 23 49 122 21 1434 30 153 33 351 21 319 185 1133 25 40 20 45 24 26 78 21 203 69
internal_value=0 0.00307999 -0.00788666 0.00210294 -0.000348059 -0.000646112 -0.0107143 -0.00752932 -0.0030873 -0.000681926 0.0055486 0.00574829 -0.0130852 -0.00319808 0.00601513 -0.0134831 -0.00761988 0.00459902 0.00684593 0.00419015 0.0004523 -0.00249454 0.0119465 -0.00490033 -0.00355289 -0.0136467 -0.0114797 -0.00851139 -0.0140205 -0.0159453
internal_weight=0 968.731 378.236 899.411 525.563 106.227 272.009 116.076 67.2461 55.046 373.848 368.644 155.933 88.3269 358.516 150.76 12.6588 420.237 64.698 355.539 28.0898 16.0521 17.9 60.2371 43.868 48.8299 25.1351 16.3691 138.102 23.6948
internal_count=5481 3956 1525 3668 2139 431 1094 468 272 223 1529 1508 626 357 1467 605 51 1717 265 1452 114 65 74 243 177 196 101 66 554 95
is_linear=0
shrinkage=0.01


Tree=11
num_leaves=31
num_cat=0
split_feature=2 0 0 0 0 2 2 0 13 2 0 2 2 2 1 13 1 1 1 1 1 1 1 1 1 1 13 1 1 2
split_gain=320.643 118.082 75.8086 74.5201 502.744 33.513 20.098 30.8745 17.1873 12.429 10.3545 9.11829 7.04418 5.37578 5.069 4.65127 3.90095 3.79424 6.91853 5.12924 3.18922 6.24855 3.00909 2.93493 6.17146 6.008 2.38202 2.59854 1.59339 1.53251
threshold=70.500000000000014 4216877.0000000009 4216886.5000000009 4231539.5000000009 4216886.5000000009 14.500000000000002 43.500000000000007 4231539.5000000009 2.9575138337046307 51.500000000000007 4231864.0000000009 73.500000000000014 9.5000000000000018 22.500000000000004 4334145194491.0005 1.9863862745312775 2777491184717.5005 835223758002.50012 207995304615.50003 1758355642673.5002 1862882900580.0002 2777491195480.5005 1837832555784.0002 1264132470858.5002 2529907120106.5005 679621580841.00012 1.979068999938582 1215926412144.5002 2928742283947.0005 53.500000000000007
decision_type=2 2 2 2 2 2 2 2 2 2 2 2 2 2 2 2 2 2 2 2 2 2 2 2 2 2 2 2 2 2
left_child=2 -2 5 4 17 22 12 8 9 -8 11 -5 -4 20 -13 16 -14 18 -3 -19 -7 -22 -1 25 -25 -15 27 -9 -17 -28
right_child=1 3 6 10 -6 13 7 26 -10 -11 -12 14 15 23 -16 28 -18 19 -20 -21 21 -23 -24 24 -26 -27 29 -29 -30 -31
leaf_value=0.014374832538515901 0.015648177416855775 0.0018320776322990964 -0.0014725019693912114 -0.0036597775396996356 -0.019871269131618772 0.0043405939659300567 -0.0058703221851473244 -0.017266331326249829 -0.013789595794754084 0.0036711955546772134 -0.0085026604839333157 0.0061417330721490913 -0.012174682569650652 -0.0057210853933658545 -0.0018462148930180671 -0.013053795773224986 -0.00089513010572622612 0.0018903780794892603 0.0089463911154130434 0.0047894132619157618 -0.010317348283553998 0.0024901836448272415 0.0051704597654221827 -0.010820583049194938 -0.002997978082185293 0.00604655213539536 -0.011632778169906845 -0.0096087405766892148 -0.015282058929918903 -0.017335161090865327
leaf_weight=12.968159839510919 69.105303108692169 19.634665742516518 5.1738713532686225 10.131077229976652 105.4005604237318 12.030700013041498 25.073514819145203 5.7425018250942257 12.209945917129515 29.970705106854439 5.2088428288698188 350.059914752841 7.4608764052391034 12.41166900098324 8.1286991387605649 87.527691870927811 5.2052235454320908 78.272830113768578 44.992368444800377 277.04951769113541 6.2165863066911724 9.8373250961303693 4.8915012776851645 17.654467284679413 23.522660121321678 6.6702770888805381 6.4884427487850216 19.409899339079857 50.668581947684288 17.222994551062584
leaf_count=54 288 80 21 41 422 49 101 23 49 122 21 1434 30 50 33 351 21 319 185 1133 25 40 20 71 95 27 26 78 203 69
internal_value=0 0.00305159 -0.00780525 0.00208317 -0.000344687 -0.000639746 -0.0106015 -0.0074513 -0.00305604 -0.000675117 0.00549784 0.00569584 -0.0129457 -0.00316547 0.00596046 -0.0133392 -0.00753927 0.00455617 0.00678496 0.00415079 0.000447877 -0.0024693 0.0118539 -0.00484953 -0.00635188 -0.00160759 -0.0135008 -0.011357 -0.0138708 -0.0157748
internal_weight=0 967.984 378.358 898.878 525.35 106.203 272.154 116.118 67.2542 55.0442 373.529 368.32 156.036 88.3437 358.189 150.862 12.6661 419.949 64.627 355.322 28.0846 16.0539 17.8597 60.2591 41.1771 19.0819 48.8638 25.1524 138.196 23.7114
internal_count=5481 3956 1525 3668 2139 431 1094 468 272 223 1529 1508 626 357 1467 605 51 1717 265 1452 114 65 74 243 166 77 196 101 554 95
is_linear=0
shrinkage=0.01


Tree=12
num_leaves=31
num_cat=0
split_feature=12 0 0 0 0 12 12 0 12 0 12 12 12 1 12 12 1 1 1 1 1 1 1 1 1 1 12 1 12 1
split_gain=311.987 116.378 73.5468 498.222 73.4496 32.9021 15.3463 31.1937 13.7969 10.1539 8.94764 6.4996 22.7066 6.46477 5.88778 5.26539 4.9759 3.72915 6.80137 5.03559 3.69423 3.12695 6.11972 2.9696 2.89806 17.7687 2.33978 2.54598 2.32861 2.22166
threshold=1.9533992703327747 4216877.0000000009 4231539.5000000009 4216886.5000000009 4216886.5000000009 1.9902329949527153 1.972957910446512 4231539.5000000009 1.9657402510146069 4231864.0000000009 1.951465162485281 1.9915744832887996 2.9160055349214766 3020926383199.5005 1.9949361603821067 1.9848851658944422 4334145194491.0005 835223758002.50012 207995304615.50003 1758355642673.5002 1997147138803.0002 1862882900580.0002 2777491195480.5005 1837832555784.0002 3022918913159.5005 2777491179720.5005 1.9585761340917001 1215926412144.5002 1.9769175260816239 2595850559623.0005
decision_type=2 2 2 2 2 2 2 2 2 2 2 2 2 2 2 2 2 2 2 2 2 2 2 2 2 2 2 2 2 2
left_child=1 -1 3 17 5 15 7 8 20 10 16 -8 14 -14 -13 24 -4 18 -3 -19 -6 -17 -23 -7 25 -2 27 -9 -26 -10
right_child=4 2 9 -5 6 23 11 26 29 -11 -12 12 13 -15 -16 21 -18 19 -20 -21 -22 22 -24 -25 28 -27 -28 -29 -30 -31
leaf_value=0.015541519303429483 -0.0059679178337332705 0.0018142094824067957 0.0060861329535393206 -0.019846461998273043 0.0090381615366095722 0.014272656385728095 -0.013944817155242746 -0.017084237310787093 -0.0083764206306496183 -0.0084114243112330903 -0.0036217565718917643 -0.0095897802651318895 -0.011049041559504704 -0.019007542149207881 0.003206389050191721 0.0042997163169433486 -0.0018273435540809143 0.0018719604994095543 0.008870237283717641 0.0047449236214186221 0.00054206825276295308 -0.010206705187567319 0.0024660723193273711 0.0051227028136431353 -0.013899602650450257 0.01267895635722063 -0.015613673976065744 -0.0095066309114981273 -0.0058095179437933717 -0.0033575455237814999
leaf_weight=68.884866565465927 37.99130243062973 19.629791706800461 349.7270043194294 104.95539569854736 8.3185983002185839 12.930575713515283 100.08479441702366 5.7456549555063274 21.128541871905327 5.2126687020063391 10.135037407279013 4.9659072607755688 33.169088631868362 14.743790879845617 13.032462060451506 12.023659855127336 8.1305120736360532 78.252630636096001 44.925193101167679 276.85173128545284 13.300884723663328 6.2211125493049648 9.8341869711875898 4.8877511471509925 5.2224813401699093 5.9045044332742682 23.724121198058128 19.422131821513176 11.162412419915198 15.139970272779463
leaf_count=288 153 80 1434 420 34 54 401 23 85 21 41 20 133 59 53 49 33 319 185 1133 54 25 40 20 21 24 95 78 45 61
internal_value=0 0.00301529 0.00205422 -0.000359802 -0.00768993 -0.000633459 -0.0104367 -0.00747931 -0.00251209 0.00544761 0.00564392 -0.012339 -0.00990066 -0.013498 -0.000324186 -0.00313324 0.00590634 0.00451375 0.00672465 0.00411182 0.00381114 0.000443502 -0.00244438 0.0117627 -0.00479929 -0.00345969 -0.0133605 -0.0112366 -0.00838813 -0.00628134
internal_weight=0 966.705 897.82 524.615 378.954 106.178 272.776 106.78 57.888 373.205 367.993 165.996 65.9112 47.9129 17.9984 88.3597 357.858 419.659 64.555 355.104 21.6195 28.079 16.0553 17.8183 60.2807 43.8958 48.8919 25.1678 16.3849 36.2685
internal_count=5481 3954 3666 2137 1527 431 1096 430 234 1529 1508 666 265 192 73 357 1467 1717 265 1452 88 114 65 74 243 177 196 101 66 146
is_linear=0
shrinkage=0.01


Tree=13
num_leaves=31
num_cat=0
split_feature=2 0 0 0 0 2 2 0 13 2 0 2 2 2 1 13 1 1 1 1 1 1 1 1 1 13 1 13 0 1
split_gain=308.071 114.398 72.6847 71.7219 482.692 32.304 19.2439 29.6059 16.491 11.9346 9.95748 8.78027 6.77342 5.15757 4.88457 4.4524 3.78912 3.69235 10.3495 3.06594 5.99392 2.93121 2.8951 5.98918 5.88498 2.29208 2.49556 1.55442 1.52989 1.17167
threshold=70.500000000000014 4216877.0000000009 4216886.5000000009 4231539.5000000009 4216886.5000000009 14.500000000000002 43.500000000000007 4231539.5000000009 2.9575138337046307 51.500000000000007 4231864.0000000009 73.500000000000014 9.5000000000000018 22.500000000000004 4334145194491.0005 1.9863862745312775 2777491184717.5005 4148002225286.5005 3704794817060.5005 1862882900580.0002 2777491195480.5005 1837832555784.0002 1264132470858.5002 2529907120106.5005 679621580841.00012 1.979068999938582 1215926412144.5002 2.9717956952893587 4231767.5000000009 871682478090.50012
decision_type=2 2 2 2 2 2 2 2 2 2 2 2 2 2 2 2 2 2 2 2 2 2 2 2 2 2 2 2 2 2
left_child=2 -2 5 4 17 21 12 8 9 -8 11 -5 -4 19 -13 16 -14 18 -3 29 -21 -1 24 -24 -15 26 -9 -17 -27 -7
right_child=1 3 6 10 -6 13 7 25 -10 -11 -12 14 15 22 -16 27 -18 -19 -20 20 -22 -23 23 -25 -26 28 -28 -29 -30 -31
leaf_value=0.014172306809341282 0.015437048633085733 0.004708650280091646 -0.0014266857109579434 -0.0035841688324860861 -0.019459149959319289 0.0015550345338694416 -0.0057478536787143311 -0.01690665475043954 -0.013501271062091338 0.0036017338138581807 -0.0083215282692656305 0.0060310938442695392 -0.011952531199965793 -0.0055988271724896196 -0.0018086712652973327 -0.013800548086768689 -0.00084048081016087979 0.0078799147015396163 -0.0011474569029560767 -0.010097857216055182 0.0024421947728947226 0.0050754158258495682 -0.010640239017285943 -0.0029371595887000461 0.0060458172300177793 -0.011313196883196507 -0.0094060974403925267 -0.0084857821029308191 -0.017007773419171625 0.0078648935451092767
leaf_weight=12.892104372382166 68.658668503165245 356.85249848663807 5.1763607561588278 10.138892039656637 105.48638032376766 6.8666548430919665 25.097045555710793 5.7479337602853802 12.225307255983351 29.94047187268734 5.2162722200155249 349.39107158780098 7.4711734056472761 12.423445001244547 8.1322935372591001 132.60069862008095 5.2076139599084854 29.547995194792747 32.966771498322487 6.2252689003944424 9.8310504853725416 4.8839757293462744 17.674975335597992 23.530971527099609 6.6702202260494223 6.4952849745750454 19.43336284160614 5.7412913888692847 17.239570051431656 5.1499252617359161
leaf_count=54 288 1461 21 41 422 28 101 23 49 122 21 1434 30 50 33 531 21 121 135 25 40 20 71 95 27 26 78 23 69 21
internal_value=0 0.00299596 -0.00764668 0.00204446 -0.000337949 -0.000627252 -0.0103822 -0.00730023 -0.00299532 -0.000661667 0.00539788 0.00559253 -0.0126746 -0.00310143 0.00585277 -0.0130602 -0.00738843 0.00447174 0.0042134 0.000439177 -0.00241977 0.0116729 -0.00474978 -0.00624134 -0.00153086 -0.0132198 -0.0111182 -0.01358 -0.0154494 0.00425924
internal_weight=0 966.391 378.525 897.732 524.854 106.149 272.376 116.179 67.2628 55.0375 372.879 367.662 156.197 88.3725 357.523 151.021 12.6788 419.367 389.819 28.0729 16.0563 17.7761 60.2996 41.2059 19.0937 48.9162 25.1813 138.342 23.7349 12.0166
internal_count=5481 3956 1525 3668 2139 431 1094 468 272 223 1529 1508 626 357 1467 605 51 1717 1596 114 65 74 243 166 77 196 101 554 95 49
is_linear=0
shrinkage=0.01


Tree=14
num_leaves=31
num_cat=0
split_feature=2 0 0 0 0 2 2 0 12 2 0 2 2 2 1 12 1 1 1 1 1 1 1 1 1 2 12 1 2 2
split_gain=301.985 112.62 71.1815 70.3648 473.098 31.7182 18.8414 28.995 16.1519 11.6954 9.765 8.61612 6.63418 5.05192 4.79498 4.36294 3.70934 3.66155 6.69346 4.95969 3.00615 5.87104 2.89389 2.86531 17.3647 2.27805 2.24763 2.44716 1.54981 1.49854
threshold=70.500000000000014 4216877.0000000009 4216886.5000000009 4231539.5000000009 4216886.5000000009 14.500000000000002 43.500000000000007 4231539.5000000009 2.9160055349214766 51.500000000000007 4231864.0000000009 73.500000000000014 9.5000000000000018 22.500000000000004 4334145194491.0005 1.972957910446512 2777491184717.5005 835223758002.50012 207995304615.50003 1758355642673.5002 1862882900580.0002 2777491195480.5005 1837832555784.0002 3022918913159.5005 2777491179720.5005 34.500000000000007 1.9585761340917001 1215926412144.5002 23.500000000000004 53.500000000000007
decision_type=2 2 2 2 2 2 2 2 2 2 2 2 2 2 2 2 2 2 2 2 2 2 2 2 2 2 2 2 2 2
left_child=2 -2 5 4 17 22 12 8 9 -8 11 -5 -4 20 -13 16 -14 18 -3 -19 -7 -22 -1 24 -15 -25 27 -9 -17 -28
right_child=1 3 6 10 -6 13 7 26 -10 -11 -12 14 15 23 -16 28 -18 19 -20 -21 21 -23 -24 25 -26 -27 29 -29 -30 -31
leaf_value=0.014073727973854196 0.01533469673637713 0.0017505803509309218 -0.0014121804903026603 -0.0035470088199331816 -0.019262338916613567 0.004219175710417398 -0.0056878676157926132 -0.016733400798220884 -0.013359429694964587 0.0035674662253337092 -0.0082329398289643224 0.0059766075273750109 -0.011824617969242697 -0.0058452912705414693 -0.001790197937314536 -0.011725451641886429 -0.0008320129688071837 0.001807832113457433 0.0087550870647810711 0.0046605108377208663 -0.0099907546074956208 0.0024185473713807856 0.0050285928299838543 -0.0057177136646653984 0.012597362834207489 -0.013715402509828086 -0.011196976076314822 -0.0093070994965401121 -0.014092482391833123 -0.016832085822125153
leaf_weight=12.852779552340509 68.42692519724369 19.612185701727867 5.1772291660308829 10.142643436789511 105.49845430254936 12.00943559408188 25.108054384589195 5.7493641525507 12.231523886322973 29.925860926508904 5.219659134745597 349.05229051411152 7.4764457345008832 38.022197410464287 8.134044021368025 38.211636930704117 5.208003968000412 78.181284546852112 44.820097982883453 276.46766701340675 6.2290656417608288 9.8279165774583799 4.8801762461662284 11.170816317200662 5.8971155434846869 5.2284726649522772 6.4970465898513821 19.443619281053543 100.18407717347145 17.245298340916634
leaf_count=54 288 80 21 41 422 49 101 23 49 122 21 1434 30 153 33 153 21 319 185 1133 25 40 20 45 24 21 26 78 401 69
internal_value=0 0.00296861 -0.00756916 0.0020254 -0.000334727 -0.000621118 -0.0102753 -0.00722585 -0.00296524 -0.000655083 0.00534866 0.00554166 -0.012543 -0.00306996 0.00579974 -0.0129245 -0.00731125 0.00443006 0.00662302 0.00403165 0.000434902 -0.00239546 0.0115845 -0.00470079 -0.00336897 -0.00826756 -0.0130824 -0.0110019 -0.0134389 -0.01529
internal_weight=0 965.555 378.576 897.128 524.58 106.118 272.458 116.201 67.2654 55.0339 372.549 367.329 156.257 88.385 357.186 151.08 12.6844 419.081 64.4323 354.649 28.0664 16.057 17.733 60.3186 43.9193 16.3993 48.9353 25.193 138.396 23.7423
internal_count=5481 3956 1525 3668 2139 431 1094 468 272 223 1529 1508 626 357 1467 605 51 1717 265 1452 114 65 74 243 177 66 196 101 554 95
is_linear=0
shrinkage=0.01


Tree=15
num_leaves=31
num_cat=0
split_feature=2 0 0 0 0 2 2 0 13 2 0 2 2 2 1 13 1 1 1 1 1 1 1 1 1 13 1 1 0 1
split_gain=296.037 110.881 69.7169 69.033 463.769 31.1447 18.451 28.4015 15.8217 11.4611 9.57639 8.45511 6.49913 4.94877 4.70709 4.27643 3.63172 3.62623 10.1722 2.94755 5.75101 2.85758 2.85603 5.81407 5.76488 2.20498 2.40066 1.54292 1.49421 1.15128
threshold=70.500000000000014 4216877.0000000009 4216886.5000000009 4231539.5000000009 4216886.5000000009 14.500000000000002 43.500000000000007 4231539.5000000009 2.9575138337046307 51.500000000000007 4231864.0000000009 73.500000000000014 9.5000000000000018 22.500000000000004 4334145194491.0005 1.9863862745312775 2777491184717.5005 4148002225286.5005 3704794817060.5005 1862882900580.0002 2777491195480.5005 1837832555784.0002 1264132470858.5002 2529907120106.5005 679621580841.00012 1.979068999938582 1215926412144.5002 2928742283947.0005 4231767.5000000009 871682478090.50012
decision_type=2 2 2 2 2 2 2 2 2 2 2 2 2 2 2 2 2 2 2 2 2 2 2 2 2 2 2 2 2 2
left_child=2 -2 5 4 17 21 12 8 9 -8 11 -5 -4 19 -13 16 -14 18 -3 29 -21 -1 24 -24 -15 26 -9 -17 -27 -7
right_child=1 3 6 10 -6 13 7 25 -10 -11 -12 14 15 22 -16 27 -18 -19 -20 20 -22 -23 23 -25 -26 28 -28 -29 -30 -31
leaf_value=0.013976865532174892 0.015234396447338804 0.0046242908039477552 -0.0013978267384573328 -0.0035102687987464522 -0.019071115142784329 0.0014985215321747201 -0.0056286247257443453 -0.016564306643729498 -0.013220338836920236 0.0035335305532661495 -0.0081456287378543716 0.0059226650531065787 -0.011698987236094225 -0.0054796067083958113 -0.0017719190078989526 -0.012497652045614828 -0.00082363251252154975 0.0077697584856702877 -0.0011832145924730272 -0.0098853485369798499 0.0023951286405949983 0.0049822286158104799 -0.010464792984537282 -0.0028777959093168486 0.006043943966434543 -0.011047618039588852 -0.0092095965828253631 -0.014688607172990484 -0.016673951232942536 0.0077573636578208011
leaf_weight=12.81263452768326 68.189847558736801 356.34656275808811 5.1780836731195441 10.14629343152046 105.49073579907417 6.8611287027597445 25.11854749917984 5.7499709427356747 12.236582949757574 29.91120882332325 5.2228352427482596 348.71079428493977 7.4811409413814527 12.434167146682741 8.135764077305792 87.697559997439384 5.2083881795406342 29.490469187498093 32.949034720659256 6.2325127720832851 9.8247856795787794 4.876354292035102 17.692720293998718 23.537599176168442 6.6700746417045584 6.4986489117145565 19.452929183840752 50.738353326916695 17.248246550559998 5.1411567032337189
leaf_count=54 288 1461 21 41 422 28 101 23 49 122 21 1434 30 50 33 351 21 121 135 25 40 20 71 95 27 26 78 203 69 21
internal_value=0 0.00294162 -0.00749291 0.00200659 -0.000331557 -0.000615063 -0.0101702 -0.00715263 -0.00293553 -0.000648571 0.00529994 0.00549129 -0.0124139 -0.00303893 0.00574724 -0.0127914 -0.00723522 0.00438887 0.00413276 0.000430671 -0.00237144 0.0114973 -0.00465252 -0.00613352 -0.00145626 -0.0129477 -0.0108876 -0.0133007 -0.0151342 0.00417948
internal_weight=0 964.682 378.603 896.492 524.277 106.083 272.52 116.216 67.2663 55.0298 372.216 366.993 156.304 88.3941 356.847 151.125 12.6895 418.786 389.296 28.0596 16.0573 17.689 60.3346 41.2303 19.1042 48.9498 25.2029 138.436 23.7469 12.0023
internal_count=5481 3956 1525 3668 2139 431 1094 468 272 223 1529 1508 626 357 1467 605 51 1717 1596 114 65 74 243 166 77 196 101 554 95 49
is_linear=0
shrinkage=0.01


Tree=16
num_leaves=31
num_cat=0
split_feature=2 0 0 0 0 2 2 0 13 2 0 2 2 2 1 13 1 1 1 1 1 1 1 1 1 2 13 1 2 0
split_gain=290.219 109.182 68.2912 67.7268 454.691 30.5827 18.0725 27.8246 15.5 11.2317 9.39158 8.29718 6.3681 4.84764 4.62086 4.19274 3.5955 6.58789 4.88509 3.5562 2.89013 5.63375 2.83273 16.9719 2.82224 2.22935 2.164 2.35597 1.52011 1.46485
threshold=70.500000000000014 4216877.0000000009 4216886.5000000009 4231539.5000000009 4216886.5000000009 14.500000000000002 43.500000000000007 4231539.5000000009 2.9575138337046307 51.500000000000007 4231864.0000000009 73.500000000000014 9.5000000000000018 22.500000000000004 4334145194491.0005 1.9863862745312775 835223758002.50012 207995304615.50003 1758355642673.5002 2777491184717.5005 1862882900580.0002 2777491195480.5005 3022918913159.5005 2777491179720.5005 1837832555784.0002 34.500000000000007 1.979068999938582 1215926412144.5002 23.500000000000004 4231767.5000000009
decision_type=2 2 2 2 2 2 2 2 2 2 2 2 2 2 2 2 2 2 2 2 2 2 2 2 2 2 2 2 2 2
left_child=2 -2 5 4 16 24 12 8 9 -8 11 -5 -4 20 -13 19 17 -3 -18 -14 -7 -22 23 -15 -1 -24 27 -9 -17 -28
right_child=1 3 6 10 -6 13 7 26 -10 -11 -12 14 15 22 -16 28 18 -19 -20 -21 21 -23 25 -25 -26 -27 29 -29 -30 -31
leaf_value=0.013881667055867269 0.01513608358766 0.0016883736963794649 -0.0013836228873804588 -0.0034739437932618245 -0.018885243989254032 0.0041402161845868497 -0.0055701119571404121 -0.016399212143514686 -0.013083905678062023 0.0034999222647015341 -0.0080595644600294693 0.0058692583003176618 -0.011575566013257385 -0.005725782672087283 -0.0017538330597107763 -0.011468625627069363 0.0017451314566656413 0.0086421266551883896 0.0045777224492513377 -0.00081533629967553162 -0.0097815934924316388 0.002371936442675306 -0.0056277723387462546 0.012516438624483192 0.0049363162249675642 -0.0135359532147279 -0.010935800494076907 -0.0091135505177093942 -0.013812219088554059 -0.016506281495609482
leaf_weight=12.771702095866205 67.947643265128136 19.594599708914757 5.1789246946573249 10.149844899773596 105.46382029354572 11.995018959045412 25.128536745905876 5.7497790157794979 12.240517795085905 29.896519958972931 5.2258061766624442 348.36674727499485 7.4852755665779096 38.049224093556404 8.1374545097351056 38.234226480126381 78.110007986426353 44.712878614664078 276.0796522051096 5.2087666243314743 6.2356199324131039 9.8216580897569639 11.178667560219766 5.8894788026809684 4.8725113719701758 5.2336612343788138 6.4994416832923916 19.461317539215088 100.22868745028973 17.249212190508842
leaf_count=54 288 80 21 41 422 49 101 23 49 122 21 1434 30 153 33 153 319 185 1133 21 25 40 45 24 20 21 26 78 401 69
internal_value=0 0.00291494 -0.00741785 0.00198799 -0.00032843 -0.000609077 -0.010067 -0.00708054 -0.0029062 -0.00064213 0.00525171 0.00544143 -0.0122872 -0.00300821 0.00569526 -0.0126608 0.004348 0.00652331 0.00395305 -0.0071603 0.00042649 -0.00234772 -0.00460472 -0.00328062 0.0114114 -0.00814958 -0.0128156 -0.0107752 -0.0131651 -0.0149818
internal_weight=0 963.788 378.609 895.841 523.961 106.048 272.561 116.225 67.2656 55.0251 371.88 366.654 156.336 88.4033 356.504 151.157 418.497 64.3075 354.19 12.694 28.0523 16.0573 60.351 43.9387 17.6442 16.4123 48.9598 25.2111 138.463 23.7487
internal_count=5481 3956 1525 3668 2139 431 1094 468 272 223 1529 1508 626 357 1467 605 1717 265 1452 51 114 65 243 177 74 66 196 101 554 95
is_linear=0
shrinkage=0.01


Tree=17
num_leaves=31
num_cat=0
split_feature=12 12 12 1 1 1 1 1 1 1 1 1 1 12 1 12 12 1 1 1 1 1 1 1 12 12 1 1 1 1
split_gain=282.29 13.5564 47.5321 17.5109 9.05525 7.75585 10.1752 6.47923 6.33884 5.95675 5.8385 5.81349 6.29456 4.91704 4.47451 4.44103 6.85891 4.38764 10.1142 4.89566 2.78753 2.6573 2.37267 2.2392 1.98831 5.33946 1.84258 1.65397 1.30218 0.892759
threshold=1.9533992703327747 2.9160055349214766 1.9902329949527153 1837832559090.0002 641304924617.00012 207995304615.50003 229009853761.00003 3020926383199.5005 183964076434.00003 2384994530278.5005 4334145191470.5005 976004800465.50012 1144634669322.5002 2.9420754722363047 643953709458.00012 1.9848851658944422 1.972957910446512 3062739739830.0005 3258691812802.5005 3022918916661.5005 446992604946.50006 1758355648512.0002 660434126998.00012 660434151881.00012 1.9929177889658176 2.9007212158535043 3094276739890.0005 174026417975.00003 632859025282.50012 835223758002.50012
decision_type=2 2 2 2 2 2 2 2 2 2 2 2 2 2 2 2 2 2 2 2 2 2 2 2 2 2 2 2 2 2
left_child=4 2 10 21 5 8 -7 9 27 13 15 22 -13 14 -3 16 -2 19 -19 -14 -8 -4 -6 -24 -5 -26 -17 -1 -22 -25
right_child=1 7 3 24 11 6 20 -9 -10 -11 -12 12 17 -15 -16 26 -18 18 -20 -21 28 -23 23 29 25 -27 -28 -29 -30 -31
leaf_value=0.010139057769944065 -0.0064598791896128636 -0.0058211562114874231 0.0082383494850356408 -0.0082022993400823491 -0.0028160007747816103 0.014097122120064436 -0.00043947809023548926 -0.017696188538893844 -0.00072677289787681 -0.00074844878500783475 -0.016795479357814565 0.0078640152928288586 0.0023652708621619044 -0.0027336815695213558 -0.016163718734020446 -0.0061262837149769827 -0.0098867307374493167 0.0080890315800791687 0.002828154852021242 -0.0022935164714918445 0.0050594967036089022 0.01650924103778123 0.0033904356481522079 0.00078990342323811448 0.0062006769431318925 -0.0083512384009578784 -0.0017631132071495735 0.0044099714789509201 0.0096474670413419696 -0.0018285419122144612
leaf_weight=8.4810044914484042 110.09562535583973 5.4972175359726014 15.108026579022409 5.9390276521444347 19.032704085111618 19.265918582677841 7.2651871740818015 14.986902266740797 25.009463265538216 5.9857694357633582 7.2215931862592688 24.330067455768585 455.70361110568047 4.9826723933219901 17.497286289930344 39.199770987033844 124.40551754832268 44.544558942317963 203.46057291328907 23.730772033333778 19.814402937889103 5.2289462089538565 28.458308756351471 43.215219065546989 5.1604172587394697 4.930756613612175 12.852157875895498 12.416782245039938 8.9944941699504835 18.636366382241249
leaf_count=35 443 22 63 24 78 82 30 60 102 24 29 100 1871 20 70 158 499 184 835 97 82 22 117 177 21 20 52 51 37 76
internal_value=0 -0.00730827 -0.00658011 0.00420428 0.00287985 0.00570877 0.0082296 -0.0122193 0.00266997 -0.00980252 -0.00791514 0.00254724 0.00286059 -0.0117397 -0.0136912 -0.00769134 -0.00827786 0.00269325 0.00377307 0.00213467 0.00509596 0.0103649 0.000392788 0.00106904 -0.00361153 -0.00090969 -0.00504897 0.00673502 0.00649192 9.45367e-07
internal_weight=0 379.092 330.142 36.3672 962.359 101.247 55.34 48.9498 45.9073 33.9629 293.775 861.112 751.77 27.9772 22.9945 286.553 234.501 727.44 248.005 479.434 36.0741 20.337 109.343 90.3099 16.0302 10.0912 52.0519 20.8978 28.8089 61.8516
internal_count=5481 1527 1331 150 3954 419 231 196 188 136 1181 3535 3087 112 92 1152 942 2987 1019 1968 149 85 448 370 65 41 210 86 119 253
is_linear=0
shrinkage=0.01


Tree=18
num_leaves=31
num_cat=0
split_feature=2 2 13 1 1 3 1 1 1 1 1 1 1 1 1 13 13 1 1 1 1 1 1 1 1 1 1 1 1 1
split_gain=278.884 45.1457 11.1712 10.1264 8.84152 8.79035 7.62953 10.0457 6.22156 6.10947 6.31845 5.75554 6.15472 5.73433 4.50041 4.47383 4.44814 4.21164 9.93963 4.83959 2.73705 2.32504 2.19613 1.82158 1.627 1.47351 1.28021 0.87489 0.692365 0.90703
threshold=70.500000000000014 14.500000000000002 2.9575138337046307 1861025320427.0002 641304924617.00012 30.500000000000004 207995304615.50003 229009853761.00003 183964076434.00003 3020926383199.5005 2384994530278.5005 976004800465.50012 1144634669322.5002 4334145191470.5005 2101777078040.5002 1.9964525882004638 1.9924137935811148 3062739739830.0005 3258691812802.5005 3022918916661.5005 446992604946.50006 660434126998.00012 660434151881.00012 679621560489.50012 174026417975.00003 1224176380759.0002 632859025282.50012 835223758002.50012 207995293143.50003 207995275001.50003
decision_type=2 2 2 2 2 2 2 2 2 2 2 2 2 2 2 2 2 2 2 2 2 2 2 2 2 2 2 2 2 2
left_child=1 3 5 23 6 -3 8 -8 24 10 14 21 -13 16 -4 -5 -7 19 -19 -14 -9 -6 -23 -1 -2 -25 -22 -24 29 -10
right_child=4 2 9 15 11 13 7 20 28 -11 -12 12 17 -15 -16 -17 -18 18 -20 -21 26 22 27 25 -26 -27 -28 -29 -30 -31
leaf_value=0.0054111307661454692 0.0100548019249403 0.0027523566155957754 -0.010149564094739086 -0.0081156066437965951 -0.0027867677045934468 -0.0081923528189295266 0.014004206906254753 -0.00043505357157118212 0.00075372560652888269 -0.018105271819640268 -0.00056828093509294177 0.0077951497890908139 0.002361388675288718 -0.016616580641794401 -0.019970448201254341 0.0041814204082567469 -0.0050040685768572325 0.0080195423667985873 0.0028010353298439901 -0.0022699475781245903 0.0050132453146718558 0.0033582638635619635 0.00078208163254583506 0.016247497240133607 0.0043689422556502351 0.008803856714183083 0.0095652785221085682 -0.0018098745342576073 0.0018577821802790489 -0.0038105352712828979
leaf_weight=5.2643348872661617 8.4666239619255084 8.0822930932044965 20.995810896158222 5.9424276947975141 19.039994463324547 234.57892717421055 19.200136601924896 7.2656759917736045 7.801482751965529 14.736989438533781 5.4951384365558615 24.299711495637894 456.04370851814747 7.2263247370719901 5.9993516206741324 5.8919929414987564 53.79336604475975 44.481548443436623 203.37658467888832 23.737362876534462 19.79732267558575 28.443699434399605 43.210976392030716 5.4312367588281614 12.408100143074988 5.2109200358390808 8.9811278134584409 18.640277370810509 7.3575329482555381 9.8525012880563718
leaf_count=22 35 33 84 24 78 942 82 30 32 59 22 100 1873 29 24 24 217 184 835 97 82 117 177 23 51 22 37 76 30 40
internal_value=0 -0.00726953 -0.00824038 0.00501125 0.00286113 -0.00753676 0.00565827 0.00816153 0.0026445 -0.0127648 -0.0103425 0.00253269 0.00284441 -0.00781809 -0.0123321 -0.0019933 -0.00759761 0.00267908 0.00373757 0.00213225 0.00504922 0.000388891 0.00105852 0.0102226 0.00667508 0.0126027 0.00643384 9.36887e-07 -0.000719446 -0.00179354
internal_weight=0 378.649 350.908 27.7409 962.404 303.681 101.131 55.2443 45.8862 47.2273 32.4903 861.274 751.939 295.599 26.9952 11.8344 288.372 727.639 247.858 479.781 36.0441 109.335 90.295 15.9065 20.8747 10.6422 28.7785 61.8513 25.0115 17.654
internal_count=5481 1525 1410 115 3956 1221 419 231 188 189 130 3537 3089 1188 108 48 1159 2989 1019 1970 149 448 370 67 86 45 119 253 102 72
is_linear=0
shrinkage=0.01


Tree=19
num_leaves=31
num_cat=0
split_feature=12 12 12 1 1 1 1 1 1 1 1 1 1 12 1 12 12 1 1 1 1 1 1 1 1 12 1 1 1 1
split_gain=271.168 13.0425 45.6152 16.9883 8.74319 7.50543 9.91932 6.24403 6.10648 5.71389 5.59685 5.5938 6.07322 4.7767 4.35962 4.26344 6.72589 4.22763 9.7685 4.70547 2.68753 2.63696 2.27838 2.15389 1.93053 1.82022 1.60062 1.25873 0.881607 0.85738
threshold=1.9533992703327747 2.9160055349214766 1.9902329949527153 1837832559090.0002 641304924617.00012 207995304615.50003 229009853761.00003 3020926383199.5005 183964076434.00003 2384994530278.5005 4334145191470.5005 976004800465.50012 1144634669322.5002 2.9420754722363047 643953709458.00012 1.9848851658944422 1.972957910446512 3062739739830.0005 3258691812802.5005 3022918916661.5005 446992604946.50006 1758355648512.0002 660434126998.00012 660434151881.00012 3022918906097.5005 1.9855520618694149 174026417975.00003 632859025282.50012 701677502804.00012 835223758002.50012
decision_type=2 2 2 2 2 2 2 2 2 2 2 2 2 2 2 2 2 2 2 2 2 2 2 2 2 2 2 2 2 2
left_child=4 2 10 21 5 8 -7 9 26 13 15 22 -13 14 -3 16 -2 19 -19 -14 -8 28 -6 -24 -5 -17 -1 -22 -4 -25
right_child=1 7 3 24 11 6 20 -9 -10 -11 -12 12 17 -15 -16 25 -18 18 -20 -21 27 -23 23 29 -26 -27 -28 -29 -30 -31
leaf_value=0.0099715934221226762 -0.0063083983858602298 -0.0056601471200214476 0.0097568409790755248 -0.0073032447153598898 -0.0027578599163118741 0.013912870240563027 -0.000430674271416047 -0.017358375343925533 -0.00071222370826268255 -0.00073917713382904598 -0.016441979295208922 0.0077270319335495047 0.0023196514268499029 -0.0026279261286878053 -0.015868171870941247 -0.00061755530617399826 -0.0097007351610475349 0.0079508014131433619 0.0027741754321650826 -0.0022466329769043627 0.0049674370650994986 0.016356938668824737 0.0033263995425049948 0.00077433649556953011 -0.00034343611393685357 -0.0057527326068788692 0.0043283062029908295 0.0094840901896000428 0.0045687096095654361 -0.0017914048326880989
leaf_weight=8.4519748389720935 110.18114423751831 5.4984628558158937 10.240296185016634 7.409030586481097 19.04714098572731 19.133256673812866 7.2661592960357657 14.972724705934523 25.012378737330437 5.9857526123523703 7.2300127297639838 24.268941178917885 455.38329130411148 4.9832083582878104 17.497433915734291 8.1906014680862409 124.47161224484444 44.417784810066223 203.29266498982906 23.743828445672989 19.78017441928387 5.2006245106458655 28.429081171751022 43.206764206290245 8.6251390874385816 43.89497172832489 12.399389147758482 8.967498764395712 4.815545365214347 18.644119054079056
leaf_count=35 443 22 43 30 78 82 30 60 102 24 29 100 1871 20 70 33 499 184 835 97 82 22 117 177 35 177 51 37 20 76
internal_value=0 -0.00716059 -0.00644668 0.00413076 0.00282517 0.00560839 0.00809425 -0.0119785 0.00261936 -0.00960682 -0.00775248 0.00249843 0.00280605 -0.0115039 -0.0134274 -0.00753337 -0.00810786 0.00264174 0.00370241 0.00209336 0.00500297 0.010218 0.000385033 0.00104812 -0.00355941 -0.00494521 0.00661578 0.00637635 0.00809744 9.28191e-07
internal_weight=0 379.197 330.259 36.2906 961.444 101.011 55.1471 48.9376 45.8637 33.9649 293.968 860.434 751.107 27.9791 22.9959 286.738 234.653 726.838 247.71 479.127 36.0138 20.2565 109.327 90.28 16.0342 52.0856 20.8514 28.7477 15.0558 61.8509
internal_count=5481 1527 1331 150 3954 419 231 196 188 136 1181 3535 3087 112 92 1152 942 2987 1019 1968 149 85 448 370 65 210 86 119 63 253
is_linear=0
shrinkage=0.01


Tree=20
num_leaves=31
num_cat=0
split_feature=2 2 13 1 1 3 1 1 1 1 1 1 1 1 13 1 13 1 1 1 1 1 1 1 1 1 1 1 1 1
split_gain=267.944 43.3635 10.784 9.75178 8.53675 8.44554 7.38406 9.79586 5.99373 5.90254 6.07658 5.53902 5.93828 5.5003 4.39234 4.37559 4.26704 4.05657 9.6007 4.65232 2.63896 2.23266 2.11246 1.79935 1.57481 1.47866 1.23773 0.840223 0.678513 0.888554
threshold=70.500000000000014 14.500000000000002 2.9575138337046307 1861025320427.0002 641304924617.00012 30.500000000000004 207995304615.50003 229009853761.00003 183964076434.00003 3020926383199.5005 2384994530278.5005 976004800465.50012 1144634669322.5002 4334145191470.5005 1.9964525882004638 2101777078040.5002 1.9924137935811148 3062739739830.0005 3258691812802.5005 3022918916661.5005 446992604946.50006 660434126998.00012 660434151881.00012 679621560489.50012 174026417975.00003 1224176380759.0002 632859025282.50012 835223758002.50012 207995293143.50003 207995275001.50003
decision_type=2 2 2 2 2 2 2 2 2 2 2 2 2 2 2 2 2 2 2 2 2 2 2 2 2 2 2 2 2 2
left_child=1 3 5 23 6 -3 8 -8 24 10 15 21 -13 16 -5 -4 -7 19 -19 -14 -9 -6 -23 -1 -2 -25 -22 -24 29 -10
right_child=4 2 9 14 11 13 7 20 28 -11 -12 12 17 -15 -16 -17 -18 18 -20 -21 26 22 27 25 -26 -27 -28 -29 -30 -31
leaf_value=0.0052754711579366198 0.0098894074250451339 0.0027069857197779402 -0.0099398098314162266 -0.0079992262686353899 -0.002729272281903488 -0.0080247108015464707 0.013823065017544784 -0.00042633943080529007 0.00075331556649376429 -0.01777389318492742 -0.000555185841016655 0.0076596476373452039 0.0023161941595766498 -0.016271507102536446 0.004183031900972114 -0.019624953638797678 -0.0049029680860135979 0.0078827952463100155 0.0027475724906780566 -0.002223569771014101 0.0049220673843517037 0.0032948386136804802 0.00076666783577462004 0.016098846692047922 0.0042880604963677817 0.0086214226393735369 0.0094038800998870551 -0.0017731301682420637 0.0018465557957646152 -0.0037638385923403372
leaf_weight=5.2485740184783962 8.4370676577091235 8.0754585564136487 20.995702072978023 5.946587607264517 19.05414491891861 234.71313042938709 19.065326288342476 7.2666371166706076 7.8014340102672639 14.717880651354788 5.4953400194644919 24.237775698304176 455.72405712306499 7.2326875627040854 5.8922739624977112 5.9971118569374076 53.827237620949745 44.353300526738167 203.20882558822632 23.750171810388565 19.762963026762012 28.414456188678741 43.202579483389854 5.3999973237514478 12.390652045607565 5.1829356402158737 8.9536168724298459 18.647893384099007 7.3566211611032477 9.8563239127397519
leaf_count=22 35 33 84 24 78 942 82 30 32 59 22 100 1873 29 24 24 217 184 835 97 82 117 177 23 51 22 37 76 30 40
internal_value=0 -0.00712361 -0.00807361 0.00492896 0.00280699 -0.00738277 0.00555899 0.00802776 0.00259441 -0.0125202 -0.0101402 0.00248436 0.00279039 -0.00765825 -0.00193604 -0.0120916 -0.00744235 0.00262806 0.0036676 0.00209132 0.00495718 0.000381214 0.00103781 0.0100626 0.0065571 0.0124368 0.00631946 9.19731e-07 -0.000705045 -0.0017681
internal_weight=0 378.725 351.055 27.6704 961.484 303.849 100.891 55.0485 45.8421 47.206 32.4882 860.593 751.274 295.773 11.8389 26.9928 288.54 727.036 247.562 479.474 35.9832 109.319 90.2649 15.8315 20.8277 10.5829 28.7166 61.8505 25.0144 17.6578
internal_count=5481 1525 1410 115 3956 1221 419 231 188 189 130 3537 3089 1188 48 108 1159 2989 1019 1970 149 448 370 67 86 45 119 253 102 72
is_linear=0
shrinkage=0.01


Tree=21
num_leaves=31
num_cat=0
split_feature=12 1 1 1 1 12 12 1 12 1 1 1 1 12 1 1 1 1 12 12 12 1 1 1 1 1 1 1 12 12
split_gain=260.515 12.5604 13.1401 8.45317 8.42024 7.3199 17.736 6.9809 6.9193 6.83444 10.1547 5.88308 5.87453 5.66031 5.54726 8.54572 5.27097 4.6336 4.56091 11.0926 4.44987 4.38354 3.9821 9.43614 4.62632 5.77551 3.92933 3.61677 2.76318 3.59437
threshold=1.9533992703327747 1183610596918.0002 679621560489.50012 643953705598.00012 679621585593.00012 2.9160055349214766 1.9922459088058959 660434126998.00012 1.9795662181961944 207995304615.50003 229009853761.00003 183964076434.00003 3020926383199.5005 2.9359183108863776 2777491179720.5005 3018885398769.5005 1837832564030.5002 1837832559090.0002 1.9875554604720462 2.9250033928822652 2.9007212158535043 976004800465.50012 3062739739830.0005 3258691812802.5005 3022918916661.5005 3018885389680.0005 3188672102742.0005 3022918922337.5005 1.9592252154137344 1.9835527274496287
decision_type=2 2 2 2 2 2 2 2 2 2 2 2 2 2 2 2 2 2 2 2 2 2 2 2 2 2 2 2 2 2
left_child=3 2 18 9 -4 6 14 -5 21 11 -11 -1 13 -7 16 -16 -3 -8 28 -20 -19 -6 24 26 25 -9 -24 -26 -2 -30
right_child=1 5 4 7 8 12 17 22 -10 10 -12 -13 -14 -15 15 -17 -18 20 19 -21 -22 -23 23 -25 27 -27 -28 -29 29 -31
leaf_value=0.0064990378417932636 -0.016020776187769498 -0.0072066116387499201 0.0099334435443461343 -0.004179412563492549 -0.010767632762016871 -0.012761048950459018 0.01051510064942242 0.002090684103743929 0.0031949414812429901 0.013734745088120693 0.0048333505672735321 -0.00069797060356672992 -0.017037143368774973 -0.0023395644800494708 -0.0009179383221266618 -0.0079074921562039512 -0.011561256909963451 0.0041037570743941831 0.0036226424328089668 -0.012093654244548807 -0.0082452832757316206 -0.0003574869720842671 0.0054309279812378708 0.0027212235858144001 -0.0069532310911186957 0.0070733452210255555 0.011536160232397964 0.0010027127978749324 -0.0060461463539275562 -0.01402106364973107
leaf_weight=20.803804278373718 4.9807814359664908 47.949840039014816 7.7295046597719184 15.621153861284254 9.2198277115821892 14.240519911050798 4.9857669025659588 545.22075299918652 14.992737799882887 18.996389389038086 39.392152637243271 25.015123441815376 14.949654668569563 8.2201057970523816 21.385636821389198 96.086682677268982 66.133018612861633 7.1384675502777082 10.681339353322985 7.7488629817962638 4.9353930801153183 7.2066475749015799 26.990087628364563 203.12507811188698 9.5655318200588244 24.299908891320229 17.298045411705971 14.190862387418745 23.183919087052349 7.4733834415674201
leaf_count=86 20 193 32 64 37 57 21 2241 61 82 163 102 60 33 86 386 265 29 44 31 20 29 112 835 39 100 72 58 93 30
internal_value=0 -0.007017 -0.00382915 0.00277156 0.000583149 -0.00805594 -0.00743538 0.0024443 -0.00171714 0.00546076 0.00772937 0.00256979 -0.0121799 -0.00894701 -0.00816035 -0.00663506 -0.00973097 0.0024049 -0.00702392 -0.00298518 -0.00094412 -0.00620048 0.00256737 0.00363312 0.00212293 0.00230328 0.00781551 -0.00220075 -0.00911256 -0.00799021
internal_weight=0 379.242 93.217 960.519 39.1487 286.025 248.615 856.311 31.4192 104.207 58.3885 45.8189 37.4103 22.4606 231.555 117.472 114.083 17.0596 54.0683 18.4302 12.0739 16.4265 840.69 247.413 593.277 569.521 44.2881 23.7564 35.6381 30.6573
internal_count=5481 1527 377 3954 159 1150 1000 3521 127 433 245 188 150 90 930 472 458 70 218 75 49 66 3457 1019 2438 2341 184 97 143 123
is_linear=0
shrinkage=0.01


Tree=22
num_leaves=31
num_cat=0
split_feature=2 0 0 0 0 2 2 0 13 2 0 2 2 1 1 1 1 1 13 1 1 1 1 13 1 13 1 13 2 2
split_gain=257.452 105.693 67.0037 444.105 65.1287 27.3159 17.5699 27.1294 14.3368 10.6819 9.4345 8.135 5.51614 4.71496 12.3558 14.2425 5.71244 4.5733 4.04565 3.58435 9.99462 3.47256 2.52018 2.47385 2.37893 2.16372 2.31414 1.51182 1.46245 1.23952
threshold=70.500000000000014 4216877.0000000009 4231539.5000000009 4216886.5000000009 4216886.5000000009 14.500000000000002 43.500000000000007 4231539.5000000009 2.9575138337046307 51.500000000000007 4231864.0000000009 73.500000000000014 9.5000000000000018 1861025320427.0002 2777491179720.5005 3022918913159.5005 679621575134.00012 4334145194491.0005 1.9863862745312775 4148002225286.5005 3704794817060.5005 2777491184717.5005 1837832555784.0002 1.9934219549570169 643953709458.00012 1.979068999938582 1215926412144.5002 2.9717956952893587 53.500000000000007 21.500000000000004
decision_type=2 2 2 2 2 2 2 2 2 2 2 2 2 2 2 2 2 2 2 2 2 2 2 2 2 2 2 2 2 2
left_child=4 -2 3 19 5 22 12 8 9 -8 11 -4 -6 16 29 -16 24 -13 21 20 -3 -14 -1 -18 -7 26 -9 -20 -27 -15
right_child=1 2 10 -5 6 13 7 25 -10 -11 -12 17 18 14 15 -17 23 -19 27 -21 -22 -23 -24 -25 -26 28 -28 -29 -30 -31
leaf_value=0.013468366756422476 0.014852160521725917 0.0044053907162275134 -0.0035445171647770263 -0.018798726786860148 -0.0015967988431644579 -0.0013767370071823934 -0.0051383011110369362 -0.015831482942494958 -0.012303254928411942 0.0036960594256079029 -0.0082555212773546948 0.0057117496818681014 -0.011070266930943507 -0.0065262397781299733 0.012009593719795247 -0.0042017950789683392 0.0012107033765054369 -0.0018776527993967394 -0.01281931159583204 0.0075406406875972521 -0.0013593577719120226 -0.00044972457351613967 0.0049990075896326055 0.0085553942100496886 -0.0094379104569675999 -0.010415620454631609 -0.0086086285172435918 -0.0075775571911022898 -0.015982708398545709 -0.0123023428856719
leaf_weight=12.575245261192324 67.161247625946999 354.9551173299551 10.142415046691893 105.43800228834152 5.1653710752725592 9.4421713948249799 25.19004362821579 5.7426944226026562 12.235969185829161 29.970820561051369 5.2182352989912024 347.29849916696548 7.4969953894615156 4.9965918362140682 6.8942482769489279 25.33158515393734 14.895812243223192 8.1256508827209455 132.66472321748734 29.363286316394806 32.859117686748505 5.2237289845943451 4.8756348341703406 6.6257652789354315 5.9790257364511481 6.4977176934480694 19.491517469286919 5.7404340356588355 17.235005125403404 14.487182080745695
leaf_count=54 288 1461 41 422 21 38 101 23 49 122 21 1434 30 20 28 102 60 33 531 121 135 21 20 27 24 26 78 23 69 58
internal_value=0 0.00275386 0.00184437 -0.000462354 -0.00698138 -0.000334046 -0.00956818 -0.00662623 -0.00251054 -0.000338285 0.00509567 0.00528625 -0.0117586 -0.00258521 -0.00453448 -0.000733604 0.000143236 0.00553824 -0.0121059 0.004172 0.00391695 -0.00670897 0.0111021 0.00347189 -0.00450217 -0.012291 -0.0102524 -0.0126019 -0.0144585 -0.0108211
internal_weight=0 960.562 893.4 522.616 378.758 106.103 272.655 116.364 67.3968 55.1609 370.785 365.567 156.291 88.6524 51.7096 32.2258 36.9428 355.424 151.126 417.178 387.814 12.7207 17.4509 21.5216 15.4212 48.9669 25.2342 138.405 23.7327 19.4838
internal_count=5481 3956 3668 2139 1525 431 1094 468 272 223 1529 1508 626 357 208 130 149 1467 605 1717 1596 51 74 87 62 196 101 554 95 78
is_linear=0
shrinkage=0.01


Tree=23
num_leaves=31
num_cat=0
split_feature=2 0 0 0 0 2 2 0 13 2 0 2 2 1 1 1 1 1 13 1 1 1 1 1 13 1 13 1 13 2
split_gain=252.452 104.112 65.7361 435.507 63.8315 26.8319 17.2244 26.5966 14.0556 10.4696 9.25217 7.9831 5.41043 4.62045 12.1043 13.9726 5.5991 4.48958 3.9709 3.56677 6.47757 4.78314 3.40243 2.49209 2.4292 2.32978 2.12616 2.27415 1.48293 1.43596
threshold=70.500000000000014 4216877.0000000009 4231539.5000000009 4216886.5000000009 4216886.5000000009 14.500000000000002 43.500000000000007 4231539.5000000009 2.9575138337046307 51.500000000000007 4231864.0000000009 73.500000000000014 9.5000000000000018 1861025320427.0002 2777491179720.5005 3022918913159.5005 679621575134.00012 4334145194491.0005 1.9863862745312775 835223758002.50012 207995304615.50003 1758355642673.5002 2777491184717.5005 1837832555784.0002 1.9934219549570169 643953709458.00012 1.979068999938582 1215926412144.5002 2.9717956952893587 53.500000000000007
decision_type=2 2 2 2 2 2 2 2 2 2 2 2 2 2 2 2 2 2 2 2 2 2 2 2 2 2 2 2 2 2
left_child=4 -2 3 19 5 23 12 8 9 -8 11 -4 -6 16 -15 -16 25 -13 22 20 -3 -21 -14 -1 -18 -7 27 -9 -20 -28
right_child=1 2 10 -5 6 13 7 26 -10 -11 -12 17 18 14 15 -17 24 -19 28 21 -22 -23 -24 -25 -26 -27 29 -29 -30 -31
leaf_value=0.013381542258093723 0.014761250738884582 0.0015052331177770988 -0.0035078053765610125 -0.018620371428144197 -0.001580511663311358 -0.0013628421557248522 -0.0050856808190688401 -0.015683013014112911 -0.012183421936093902 0.0036608751242212935 -0.0081678899354049143 0.0056604124763658991 -0.010957467708351137 -0.010709924606371725 0.011907569146920332 -0.0041585442783660075 0.0011987031782790532 -0.0018584479428710673 -0.012694368466650341 0.0015514414224629359 0.008413199543291193 0.0043588166498366313 -0.00044521358524432649 0.0049529311502707887 0.0084798787775941884 -0.0093390011729296233 -0.010313672960465281 -0.0085212266662373515 -0.0075026313662775223 -0.015830921787130463
leaf_weight=12.530494168400766 66.900430381298065 19.536584362387657 10.146057665348051 105.38371692597866 5.166408196091651 9.4430533200502378 25.196140944957733 5.7391071319580105 12.232771426439284 29.956351235508919 5.221461907029151 346.94563315808773 7.4984222650527936 19.489079222083092 6.8838376551866522 25.339055299758911 14.894490703940393 8.1275169253349286 132.63091868162155 77.87597644329071 44.476905986666679 274.99413821101189 5.2238931655883789 4.8718015551567069 6.617960885167121 5.9819111227989188 6.4963328540325191 19.494510397315025 5.7397869080305091 17.226293861865997
leaf_count=54 288 80 41 422 21 38 101 23 49 122 21 1434 30 78 28 102 60 33 531 319 185 1133 21 20 27 24 26 78 23 69
internal_value=0 0.00272906 0.00182736 -0.000458031 -0.00691349 -0.000330822 -0.00947439 -0.00656123 -0.00248586 -0.000334945 0.00504942 0.00523839 -0.0116434 -0.00255942 -0.00448891 -0.00072631 0.000141838 0.00548831 -0.0119874 0.00413321 0.00630492 0.00373925 -0.00664104 0.0110219 0.00343864 -0.00445605 -0.0121707 -0.0101501 -0.012479 -0.01432
internal_weight=0 959.608 892.708 522.267 378.653 106.052 272.601 116.342 67.3853 55.1525 370.441 365.219 156.259 88.6494 51.712 32.2229 36.9374 355.073 151.093 416.884 64.0135 352.87 12.7223 17.4023 21.5125 15.425 48.9562 25.2336 138.371 23.7226
internal_count=5481 3956 3668 2139 1525 431 1094 468 272 223 1529 1508 626 357 208 130 149 1467 605 1717 265 1452 51 74 87 62 196 101 554 95
is_linear=0
shrinkage=0.01


Tree=24
num_leaves=31
num_cat=0
split_feature=2 2 12 1 1 12 1 1 1 1 1 2 1 1 2 1 1 12 1 1 1 1 1 1 1 1 1 1 1 1
split_gain=247.56 40.2245 10.0776 9.16665 8.11638 7.93067 6.8992 6.53 9.73648 5.72888 5.9532 5.71823 5.65311 5.6322 5.11806 4.7088 4.27178 4.18307 3.80811 9.0886 4.48029 5.61477 3.84774 3.5182 2.47703 2.46491 2.33376 2.25206 1.75447 1.55358
threshold=70.500000000000014 14.500000000000002 2.9160055349214766 1861025320427.0002 643953705598.00012 1.9848851658944422 660434126998.00012 207995304615.50003 229009853761.00003 3020926383199.5005 2384994530278.5005 40.500000000000007 1264132470858.5002 183964076434.00003 21.500000000000004 4092079263835.5005 2101777078040.5002 1.9929177889658176 3062739739830.0005 3258691812802.5005 3022918916661.5005 3018885389680.0005 3188672102742.0005 3022918922337.5005 446992604946.50006 1837832564030.5002 2384994532458.5005 4334145183780.5005 679621560489.50012 174026417975.00003
decision_type=2 2 2 2 2 2 2 2 2 2 2 2 2 2 2 2 2 2 2 2 2 2 2 2 2 2 2 2 2 2
left_child=1 3 5 28 7 11 -6 13 -9 10 16 12 -3 29 25 -13 -4 -5 20 22 21 -8 -20 -22 -10 -7 -16 -21 -1 -2
right_child=4 2 9 17 6 14 18 8 24 -11 -12 15 -14 -15 26 -17 -18 -19 19 27 23 -23 -24 -25 -26 -27 -28 -29 -30 -31
leaf_value=0.0050704897953840859 0.0096916473631336059 -0.0058046228872455649 -0.0095262522969872081 -0.0077642707936554792 -0.0042048811841699247 -0.0030221519030866769 0.0020397800754231804 0.01349524210174083 -0.00054273718951324337 -0.017248935204377827 -0.00023529888212040802 -0.0057807186514240326 -0.010616060290001283 -0.00067895626532205999 -0.0024462464242904756 -0.014568063683814077 -0.019103402398553876 0.0041274073779109513 0.0053011973983022875 0.0030820316681256336 -0.0068746667247587025 0.0069600650860032484 0.011355754506732388 0.00097724248006363914 0.005934228768707024 -0.0077354311267905209 0.0048718207903976638 5.3465367905142336e-05 0.012169347285775161 0.0041150938657884854
leaf_weight=5.2160451710224178 8.3905007690191287 32.922346785664558 20.982218429446224 5.9470085352659208 15.601740375161169 19.284761965274811 544.52492620050907 18.775877118110657 7.2394962459802619 14.666046798229216 5.498612865805625 106.53134509921074 94.55126616358757 24.978840485215187 10.578266859054567 6.4683713912963858 5.986014559864997 5.8855902254581451 26.901111662387848 174.09984184801579 9.5572028458118456 24.224507421255112 17.212463289499283 14.163164317607878 32.021087408065796 26.129780739545822 7.4105903208255759 28.584235519170761 10.469591140747069 12.347573280334471
leaf_count=22 35 132 84 24 64 78 2243 82 30 59 22 428 379 102 43 26 24 24 112 718 39 100 72 58 133 105 30 117 45 51
internal_value=0 -0.00684661 -0.00775935 0.00479588 0.00270458 -0.00709203 0.00238402 0.00534581 0.00757242 -0.0120617 -0.0097185 -0.00792156 -0.00937342 0.00251919 -0.00394585 -0.00628373 -0.011652 -0.00184929 0.00250651 0.00355019 0.00207176 0.00224935 0.0076636 -0.00218638 0.0047399 -0.00573399 0.000568464 0.00265492 0.00980872 0.00637133
internal_weight=0 378.528 351.01 27.5182 958.623 303.877 854.869 103.753 58.0365 47.1329 32.4668 240.473 127.474 45.7169 63.4034 113 26.9682 11.8326 839.267 246.798 592.47 568.749 44.1136 23.7204 39.2606 45.4145 17.9889 202.684 15.6856 20.7381
internal_count=5481 1525 1410 115 3956 1221 3523 433 245 189 130 965 511 188 256 454 108 48 3459 1019 2440 2343 184 97 163 183 73 835 67 86
is_linear=0
shrinkage=0.01


Tree=25
num_leaves=29
num_cat=0
split_feature=2 0 0 0 0 2 2 0 2 0 2 2 2 12 12 12 12 2 2 12 12 0 12 2 12 2 0 2
split_gain=242.686 102.241 64.6328 426.838 62.2574 25.836 16.7902 26.109 13.62 9.10058 7.83359 5.16067 4.27173 3.86248 3.75679 2.42513 2.09625 1.81727 2.93378 2.3688 1.46038 1.43127 1.4105 0.5262 0.393736 0.573369 0.31965 0.178358
threshold=70.500000000000014 4216877.0000000009 4231539.5000000009 4216886.5000000009 4216886.5000000009 14.500000000000002 43.500000000000007 4231539.5000000009 51.500000000000007 4231864.0000000009 73.500000000000014 9.5000000000000018 22.500000000000004 1.972957910446512 2.9007212158535043 2.921123772568341 1.9585761340917001 33.500000000000007 25.500000000000004 1.972957910446512 2.9440373418857591 4231767.5000000009 1.9922459088058959 67.500000000000014 1.9868872088523377 17.500000000000004 4231767.5000000009 9.5000000000000018
decision_type=2 2 2 2 2 2 2 2 2 2 2 2 2 2 2 2 2 2 2 2 2 2 2 2 2 2 2 2
left_child=4 -2 3 -3 5 22 11 8 15 10 -4 -6 24 -13 -10 -8 23 18 -14 -19 -15 -18 -1 -9 -7 -26 -12 -24
right_child=1 2 9 -5 6 12 7 16 14 -11 26 13 17 20 -16 -17 21 19 -20 -21 -22 -23 27 -25 25 -27 -28 -29
leaf_value=0.0073467902623380659 0.014638088536025128 0.0040686069362923421 -0.0034916162952995417 -0.018465719357486345 -0.0016204932877888129 -0.00070217507357760395 -0.0053475511103240978 -0.0090247683682117136 0.0045522129844785117 -0.0081227955945658344 0.0048379089508295567 -0.0065150180782887184 -0.0068879176688726521 -0.012485968714531835 -0.0030653255472482622 -0.011920120486042419 -0.010126507061224539 -0.00088578992584227817 -0.00085603309608178843 -0.0082646588016580032 -0.0073322651085625801 -0.015636505077568075 0.011847324644018368 -0.012155907418526003 0.00029138754252121496 0.0040794746140549142 0.0055744503912993461 0.014453106809391589
leaf_weight=6.8011168986558941 66.522609815001488 416.37095801532269 10.147488325834273 105.31880736351013 5.1637792140245429 11.11238941550255 28.70221908390522 17.486826047301296 22.640628933906559 5.2229264229536048 74.630543127655983 12.725819513201712 11.471796065568922 132.53917622566223 9.0669851154088956 6.9789046794176093 6.4927355200052288 5.9818486720323589 27.14011262357235 15.953824296593664 5.736251398921012 17.211200311779976 5.095353886485098 7.7440343201160422 10.610851526260378 6.4092295169830313 279.94429904222488 5.4217390716075897
leaf_count=29 288 1717 41 422 21 45 115 70 92 21 309 51 46 531 37 28 26 24 109 64 23 69 22 31 43 26 1158 23
internal_value=0 0.00267885 0.0017866 -0.000480626 -0.00677888 -0.000276158 -0.00930844 -0.00643229 -0.00239512 0.00498381 0.0051715 -0.0114508 -0.00245789 -0.011787 0.00237393 -0.00663309 -0.0119919 -0.00395393 -0.00264814 -0.00625244 -0.0122722 -0.0141273 0.0108957 -0.0099858 0.000761942 0.00171786 0.00541942 0.0131906
internal_weight=0 958.158 891.635 521.69 378.487 105.998 272.489 116.324 67.3887 369.945 364.722 156.165 88.6801 151.001 31.7076 35.6811 48.9348 60.5476 38.6119 21.9357 138.275 23.7039 17.3182 25.2309 28.1325 17.0201 354.575 10.5171
internal_count=5481 3956 3668 2139 1525 431 1094 468 272 1529 1508 626 357 605 129 143 196 243 155 88 554 95 74 101 114 69 1467 45
is_linear=0
shrinkage=0.01


Tree=26
num_leaves=29
num_cat=0
split_feature=2 0 0 0 0 2 2 0 12 2 0 2 2 2 12 12 2 2 12 12 2 12 3 2 12 2 0 2
split_gain=237.985 100.734 63.4095 418.687 61.0353 25.3765 16.4699 25.6044 13.441 10.04 8.92482 7.6873 5.06393 4.18575 3.79511 2.06227 1.78034 2.87429 2.32043 1.43342 1.40788 1.39366 0.993195 0.51587 0.385975 0.562329 0.314151 0.175669
threshold=70.500000000000014 4216877.0000000009 4231539.5000000009 4216886.5000000009 4216886.5000000009 14.500000000000002 43.500000000000007 4231539.5000000009 2.9160055349214766 51.500000000000007 4231864.0000000009 73.500000000000014 9.5000000000000018 22.500000000000004 1.972957910446512 1.9585761340917001 33.500000000000007 25.500000000000004 1.972957910446512 2.9440373418857591 53.500000000000007 1.9922459088058959 19.500000000000004 67.500000000000014 1.9868872088523377 17.500000000000004 4231767.5000000009 9.5000000000000018
decision_type=2 2 2 2 2 2 2 2 2 2 2 2 2 2 2 2 2 2 2 2 2 2 2 2 2 2 2 2
left_child=4 -2 3 -3 5 21 12 8 9 -8 11 -4 -6 24 -14 23 17 -15 -18 -16 -17 -1 -10 -9 -7 -26 -13 -23
right_child=1 2 10 -5 6 13 7 15 22 -11 -12 26 14 16 19 20 18 -19 -20 -21 -22 27 -24 -25 25 -27 -28 -29
leaf_value=0.0072863176409978716 0.014551165713226207 0.0040307779166486677 -0.0034555018682899692 -0.018296328598810935 -0.0016039568316368808 -0.00069510388934344305 -0.0049193186127133885 -0.0089352062227263333 -0.0088304223782034851 0.0036447507379819377 -0.0080370608600634323 0.0047938377696044743 -0.0064486291231827253 -0.0068172739767640026 -0.012366852330400165 -0.010026896537735048 -0.00087689798519017387 -0.00084743516562543004 -0.0081796475111381994 -0.0072604013488675638 -0.015493000257989043 0.011766845796958511 -0.014543666086310521 -0.012035607684136432 0.00028848198479461379 0.0040404548081094394 0.0055243527012867021 0.014357170478436357
leaf_weight=6.7890478223562267 66.252144500613213 416.07731825113297 10.150989025831221 105.2313566505909 5.1648409664630881 11.113176673650743 25.213050588965416 17.485490262508396 5.734209805727005 29.949709668755531 5.225840598344802 74.563812464475632 12.728250935673712 11.474749416112898 132.4779237061739 6.490368619561198 5.9820807427167919 27.141307145357132 15.958412677049635 5.735104262828826 17.19782555103302 5.0789837092161161 6.4827345311641675 7.7432272732257834 10.6105372607708 6.4064283668994895 279.65957883000374 5.4034795612096786
leaf_count=29 288 1717 41 422 21 45 101 70 23 122 21 309 51 46 531 26 24 109 64 23 69 22 26 31 43 26 1158 23
internal_value=0 0.00265485 0.00177019 -0.000476171 -0.00671332 -0.00027347 -0.00921827 -0.00636945 -0.00237149 -0.000269599 0.0049386 0.0051247 -0.0113406 -0.00243313 -0.0116738 -0.0118764 -0.00391381 -0.00262137 -0.00618855 -0.012155 -0.0139953 0.010816 -0.0118621 -0.00988679 0.000754387 0.001701 0.00537058 0.0131021
internal_weight=0 957.161 890.909 521.309 378.361 105.958 272.403 116.297 67.3797 55.1628 369.6 364.374 156.106 88.6867 150.941 48.9169 60.5565 38.6161 21.9405 138.213 23.6882 17.2715 12.2169 25.2287 28.1301 17.017 354.223 10.4825
internal_count=5481 3956 3668 2139 1525 431 1094 468 272 223 1529 1508 626 357 605 196 243 155 88 554 95 74 49 101 114 69 1467 45
is_linear=0
shrinkage=0.01


Tree=27
num_leaves=31
num_cat=0
split_feature=14 0 0 0 0 14 14 0 14 0 14 14 14 1 14 1 1 1 1 1 1 1 1 1 1 1 14 1 1 1
split_gain=231.334 99.4158 62.6453 415.985 59.1517 24.9261 12.6904 26.08 11.4642 8.75258 7.54377 5.57667 17.1972 5.75441 5.1528 4.44074 11.8573 13.7344 5.45254 4.39631 3.59063 3.54354 9.84987 2.45223 2.37122 2.26717 2.04994 2.25319 1.99296 1.61476
threshold=1.9881404987570293 4216877.0000000009 4231539.5000000009 4216886.5000000009 4216886.5000000009 1.9975492435037325 1.9931698079731552 4231539.5000000009 1.9913227626408083 4231864.0000000009 1.9876389707031046 1.9978869219556057 2.9786331606373486 3020926383199.5005 1.9989006433072647 1861025320427.0002 2777491179720.5005 3022918913159.5005 679621575134.00012 4334145194491.0005 1997147138803.0002 4148002225286.5005 3704794817060.5005 1837832555784.0002 1060962067794.0001 643953709458.00012 1.9894791523468929 1215926412144.5002 2595850559623.0005 4092079263835.5005
decision_type=2 2 2 2 2 2 2 2 2 2 2 2 2 2 2 2 2 2 2 2 2 2 2 2 2 2 2 2 2 2
left_child=1 -1 3 21 5 15 7 8 20 10 19 29 14 -14 -13 18 -17 -18 25 -4 -6 22 -3 -7 -20 -2 27 -9 -10 -8
right_child=4 2 9 -5 6 23 11 26 28 -11 -12 12 13 -15 -16 16 17 -19 24 -21 -22 -23 -24 -25 -26 -27 -28 -29 -30 -31
leaf_value=0.014465827300045628 -0.0012451038112517253 0.0042253027361201312 0.0054929978666819713 -0.01831446062574308 0.0090570713010861489 0.013099442642354537 -0.012615514130928077 -0.015304260894214912 -0.0072641055577259131 -0.0079525350399133471 -0.0034197939418477985 -0.008307743943237975 -0.009377753844967366 -0.016908704650966579 0.0033381075732338197 -0.01045607590672373 0.011945348612244314 -0.0039783963135671535 0.0075494419920295701 -0.00195176320145981 0.00068440531912152133 0.0073493014995274931 -0.0015045368732155551 0.004709927464282092 0.00077588681291228647 -0.0091105669957043181 -0.01388643339425462 -0.0081696155898356576 -0.0025225777599802465 -0.0072570115458797484
leaf_weight=65.977931991219521 9.4481201320886594 353.75212125480175 345.75214460492134 104.62727186083794 8.3210429996252078 12.374857619404795 94.076171398162842 5.726351365447047 21.233858898282051 5.2285567373037329 10.154394283890722 5.4588435441255596 33.175026431679726 14.616371780633925 12.497057676315306 19.495966836810112 6.8875644356012335 25.360748410224915 8.630547836422922 8.1183275133371335 13.323153570294378 29.249291390180588 32.781894207000732 4.8494084179401389 12.882664009928702 5.9867871254682532 23.669989496469498 19.498982295393944 15.217739999294279 5.9812484979629508
leaf_count=288 38 1461 1434 420 34 54 377 23 85 21 41 22 133 59 51 78 28 102 35 33 54 121 135 20 52 24 95 78 61 24
internal_value=0 0.00262195 0.0017436 -0.000491616 -0.00661339 -0.000270813 -0.00907598 -0.00639099 -0.00186158 0.00489383 0.00507835 -0.0108086 -0.00854613 -0.011681 -0.000202393 -0.00240864 -0.00429945 -0.000577418 0.000239373 0.0053222 0.00390325 0.00399331 0.00373936 0.0107374 0.00349326 -0.00429591 -0.0117727 -0.00978924 -0.00528462 -0.0122952
internal_weight=0 955.642 889.664 520.411 378.713 105.917 272.796 106.991 58.0958 369.253 364.025 165.805 65.7473 47.7914 17.9559 88.6924 51.7443 32.2483 36.9481 353.87 21.6442 415.783 386.534 17.2243 21.5132 15.4349 48.8953 25.2253 36.4516 100.057
internal_count=5481 3954 3666 2137 1527 431 1096 430 234 1529 1508 666 265 192 73 357 208 130 149 1467 88 1717 1596 74 87 62 196 101 146 401
is_linear=0
shrinkage=0.01


Tree=28
num_leaves=31
num_cat=0
split_feature=12 0 0 0 0 12 12 0 12 0 12 12 12 1 12 1 1 1 1 1 1 1 1 1 1 1 1 12 1 1
split_gain=226.884 97.9665 61.4602 408.157 57.9985 24.489 12.4565 25.5833 11.2364 8.58385 7.40306 5.46733 16.8753 5.67017 5.04944 4.35244 11.6192 13.4753 5.34455 4.31587 3.52634 3.50959 6.38441 4.6904 2.42613 2.32726 2.22094 2.01672 2.2163 1.9529
threshold=1.9533992703327747 4216877.0000000009 4231539.5000000009 4216886.5000000009 4216886.5000000009 1.9902329949527153 1.972957910446512 4231539.5000000009 1.9657402510146069 4231864.0000000009 1.951465162485281 1.9915744832887996 2.9160055349214766 3020926383199.5005 1.9956098621939431 1861025320427.0002 2777491179720.5005 3022918913159.5005 679621575134.00012 4334145194491.0005 1997147138803.0002 835223758002.50012 207995304615.50003 1758355642673.5002 1837832555784.0002 1060962067794.0001 643953709458.00012 1.9585761340917001 1215926412144.5002 2595850559623.0005
decision_type=2 2 2 2 2 2 2 2 2 2 2 2 2 2 2 2 2 2 2 2 2 2 2 2 2 2 2 2 2 2
left_child=1 -1 3 21 5 15 7 8 20 10 19 -8 14 -14 -13 18 -17 -18 26 -4 -6 22 -3 -23 -7 -20 -2 28 -9 -10
right_child=4 2 9 -5 6 24 11 27 29 -11 -12 12 13 -15 -16 16 17 -19 25 -21 -22 23 -24 -25 -26 -27 -28 -29 -30 -31
leaf_value=0.0143820268289227 -0.0012325583453197118 0.0013454290904851322 0.0054437654448400187 -0.018152521491398774 0.0089785161327082495 0.013018301547846688 -0.012179016691480624 -0.0151670323983894 -0.007190417955022059 -0.0078691927440995811 -0.0033844863846357481 -0.0082215037493852464 -0.0092873221810489282 -0.016767684838959258 0.0033061774850877668 -0.01035072549766442 0.01184430027984259 -0.0039376780057258833 0.0074804757810475542 -0.001931768251687001 0.00067761441466094208 0.0013959617162316233 0.0082148176233743774 0.0041797426253563728 0.0046666369471941313 0.00076817414658687593 -0.0090165312397520996 -0.013758858342940224 -0.0080881739934189154 -0.0024970786183866546
leaf_weight=65.700138255953789 9.4488417059183103 19.485732361674309 345.39207072556019 104.50564850866795 8.3099629729986209 12.327704980969431 100.00202535092831 5.720410123467448 21.23693323135376 5.2310800701379767 10.157706454396246 5.4609330147504833 33.163133352994919 14.592026725411413 12.491600856184958 19.497446566820145 6.8769149035215369 25.366736650466919 8.6230535507202166 8.1203220039606077 13.32210899889469 77.681682109832764 44.262542083859444 274.05695953965187 4.8454703092575064 12.881898090243338 5.9887223690748206 23.650663539767265 19.498371139168739 15.219399884343146
leaf_count=288 38 80 1434 420 34 54 401 23 85 21 41 22 133 59 51 78 28 102 35 33 54 319 185 1133 20 52 24 95 78 61
internal_value=0 0.00259861 0.00172767 -0.000487098 -0.00655052 -0.000268215 -0.00898947 -0.00632905 -0.00184319 0.00484955 0.0050325 -0.0107066 -0.00846581 -0.011573 -0.000200397 -0.00238477 -0.0042567 -0.000571703 0.000237026 0.00527435 0.00386641 0.00395621 0.00611507 0.00356494 0.0106619 0.00345967 -0.00425221 -0.0116612 -0.00969388 -0.00523109
internal_weight=0 954.594 888.894 519.993 378.524 105.857 272.668 106.958 58.0884 368.901 363.67 165.71 65.7077 47.7552 17.9525 88.6836 51.7411 32.2437 36.9425 353.512 21.6321 415.487 63.7483 351.739 17.1732 21.505 15.4376 48.8694 25.2188 36.4563
internal_count=5481 3954 3666 2137 1527 431 1096 430 234 1529 1508 666 265 192 73 357 208 130 149 1467 88 1717 265 1452 74 87 62 196 101 146
is_linear=0
shrinkage=0.01


Tree=29
num_leaves=31
num_cat=0
split_feature=2 0 0 0 0 2 2 0 12 2 0 2 2 1 1 1 1 1 12 1 1 1 1 12 1 12 1 0 12 2
split_gain=224.534 96.391 59.8706 395.424 57.5469 24.0605 15.5279 24.1667 12.6892 9.44936 8.41848 7.26501 4.8277 4.26607 11.3868 13.2215 5.23877 4.23691 3.58657 3.48128 9.68106 3.29084 2.40061 2.29026 2.17824 1.97172 2.18063 1.41535 1.40854 1.16267
threshold=70.500000000000014 4216877.0000000009 4231539.5000000009 4216886.5000000009 4216886.5000000009 14.500000000000002 43.500000000000007 4231539.5000000009 2.9160055349214766 51.500000000000007 4231864.0000000009 73.500000000000014 9.5000000000000018 1861025320427.0002 2777491179720.5005 3022918913159.5005 679621575134.00012 4334145194491.0005 1.972957910446512 4148002225286.5005 3704794817060.5005 2777491184717.5005 1837832555784.0002 1.9868872088523377 641304924617.00012 1.9585761340917001 1215926412144.5002 4231767.5000000009 2.9440373418857591 21.500000000000004
decision_type=2 2 2 2 2 2 2 2 2 2 2 2 2 2 2 2 2 2 2 2 2 2 2 2 2 2 2 2 2 2
left_child=4 -2 3 19 5 22 12 8 9 -8 11 -4 -6 16 29 -16 24 -13 21 20 -3 -14 -1 -18 -7 26 -9 -27 -20 -15
right_child=1 2 10 -5 6 13 7 25 -10 -11 -12 17 18 14 15 -17 23 -19 28 -21 -22 -23 -24 -25 -26 27 -28 -29 -30 -31
leaf_value=0.012938363973037065 0.014299719968842812 0.004150090960066629 -0.0033495739988574553 -0.017813137352662906 -0.001518163931878345 -0.00068036493368897014 -0.0047708580598884148 -0.015032629673168381 -0.011536156694304056 0.0035394579890370608 -0.0077870065698106864 0.0053950016358001052 -0.010514262369643122 -0.0060887589256864794 0.011744769668315181 -0.0038974159090571303 0.0012534318864905576 -0.001911986422778485 -0.012025084512569813 0.0072495512825788066 -0.0015319787510190122 -0.00018099490190966034 0.0046237592795891165 0.0083293666929452042 -0.0082070954511719949 -0.0096380247978019827 -0.0080078065015175819 -0.015124563697747716 -0.0069594601946960238 -0.011681031648179453
leaf_weight=12.280069708824159 65.418924286961555 353.22812233865261 10.160927653312681 104.86795230209827 5.1696410775184622 8.2014169096946699 25.224969446659088 5.7138716429471996 12.193882957100866 29.902068361639977 5.2334159314632407 345.03063535690308 7.499543756246565 4.9998607635498074 6.8658964186906806 25.372469261288643 14.895010828971865 8.12228114902973 132.23529452085495 29.18708498775959 32.766987830400467 5.2321936935186386 4.8415201455354682 6.6015211045742026 7.2385263293981543 6.477523639798167 19.497124850749969 17.151756778359413 5.726843684911727 14.498001351952551
leaf_count=54 288 1461 41 422 21 33 101 23 49 122 21 1434 30 20 28 102 60 33 531 121 135 21 20 27 29 26 78 69 23 58
internal_value=0 0.00258475 0.00172229 -0.000462847 -0.00652374 -0.000265648 -0.0089576 -0.00619006 -0.00230505 -0.000263167 0.00480569 0.00498708 -0.0110202 -0.0023612 -0.00421452 -0.000566055 0.000234704 0.00522695 -0.0113462 0.00391954 0.00366774 -0.00626774 0.0105872 0.00342643 -0.00420903 -0.0115451 -0.00959993 -0.0136205 -0.0118148 -0.010247
internal_weight=0 954.016 888.597 520.05 377.819 105.794 272.025 116.161 67.3209 55.127 368.547 363.314 155.864 88.6727 51.7362 32.2384 36.9365 353.153 150.694 415.182 385.995 12.7317 17.1216 21.4965 15.4399 48.8403 25.211 23.6293 137.962 19.4979
internal_count=5481 3956 3668 2139 1525 431 1094 468 272 223 1529 1508 626 357 208 130 149 1467 605 1717 1596 51 74 87 62 196 101 95 554 78
is_linear=0
shrinkage=0.01


Tree=30
num_leaves=31
num_cat=0
split_feature=2 2 12 1 1 12 1 1 1 1 1 2 1 1 2 1 1 12 1 1 1 1 1 1 1 1 1 1 1 1
split_gain=220.23 35.7942 9.10334 8.39347 7.70027 7.33654 6.82487 6.06023 8.90127 5.52606 5.84998 5.22948 5.39545 5.20027 4.76601 4.70276 4.21694 3.94249 3.66774 8.5228 4.18722 5.4764 3.73605 3.39286 2.46929 2.27441 2.24559 2.03686 1.7 1.53346
threshold=70.500000000000014 14.500000000000002 2.9160055349214766 1861025320427.0002 643953705598.00012 1.9848851658944422 660434126998.00012 207995304615.50003 229009853761.00003 3020926383199.5005 2384994530278.5005 40.500000000000007 1264132470858.5002 183964076434.00003 21.500000000000004 4092079263835.5005 2101777078040.5002 1.9929177889658176 3062739739830.0005 3258691812802.5005 3022918916661.5005 3018885389680.0005 3188672102742.0005 3022918922337.5005 446992604946.50006 2384994532458.5005 1837832564030.5002 4334145183780.5005 679621560489.50012 174026417975.00003
decision_type=2 2 2 2 2 2 2 2 2 2 2 2 2 2 2 2 2 2 2 2 2 2 2 2 2 2 2 2 2 2
left_child=1 3 5 28 7 11 -6 13 -9 10 16 12 -3 29 26 -13 -4 -5 20 22 21 -8 -20 -22 -10 -16 -7 -21 -1 -2
right_child=4 2 9 17 6 14 18 8 24 -11 -12 15 -14 -15 25 -17 -18 -19 19 27 23 -23 -24 -25 -26 -27 -28 -29 -30 -31
leaf_value=0.0047496371384314513 0.0094530278759804489 -0.0053872157233490437 -0.0089284182250729243 -0.0075175410724794287 -0.0043173025776539579 -0.002794566154312202 0.0019085931601658863 0.013063023158031293 -0.00068572706298181574 -0.016539040182669284 0.00027944149807177871 -0.0054152764936581509 -0.010090928648962185 -0.00065710203563277159 -0.0022783419279011254 -0.014202069303842275 -0.018464278993059219 0.0040428809359215005 0.0050644975487406088 0.0029380038220141978 -0.0067947230768875743 0.0067835600061541389 0.011055586575069649 0.00093362350298673404 0.0058059576549384026 0.0049498540167008959 -0.007296045690071409 5.1263140960133865e-05 0.011786719318781039 0.0038920343684346317
leaf_weight=5.1548119783401516 8.3160394132137316 32.885867148637772 20.929164499044422 5.9309218078851682 15.538053080439566 19.252738401293755 541.57921597361565 18.306615456938744 7.1830093413591376 14.547192648053167 5.4979785531759253 106.40058974921703 94.353909283876419 24.863097086548805 10.567043885588648 6.460909128189086 5.9574764966964713 5.8694406747817993 26.715082406997681 173.15660443902016 9.5185768902301806 24.067761272192001 17.053071022033691 14.08838678896427 31.799608141183853 7.4029118865728369 26.112904086709023 28.459886789321899 10.277126178145407 12.282511800527571
leaf_count=22 35 132 84 24 64 78 2243 82 30 59 22 428 379 102 43 26 24 24 112 718 39 100 72 58 133 30 105 117 45 51
internal_value=0 -0.00646224 -0.0073206 0.00458135 0.00256185 -0.00668668 0.00224934 0.00514759 0.007311 -0.0114192 -0.00911941 -0.00748529 -0.00887523 0.00242134 -0.00365917 -0.00591829 -0.0110414 -0.00176745 0.00237159 0.00339884 0.00194381 0.00211602 0.00739876 -0.00218253 0.00460979 0.000699389 -0.00538566 0.00253052 0.00943609 0.00613712
internal_weight=0 377.601 350.369 27.2323 952.928 303.437 850.177 102.751 57.2892 46.9318 32.3846 240.101 127.24 45.4616 63.3356 112.861 26.8866 11.8004 834.639 245.385 589.254 565.647 43.7682 23.607 38.9826 17.97 45.3656 201.616 15.4319 20.5986
internal_count=5481 1525 1410 115 3956 1221 3523 433 245 189 130 965 511 188 256 454 108 48 3459 1019 2440 2343 184 97 163 73 183 835 67 86
is_linear=0
shrinkage=0.01


Tree=31
num_leaves=28
num_cat=0
split_feature=2 0 0 0 0 2 2 0 12 2 0 2 2 2 12 12 2 12 2 12 12 2 2 2 2 0 2
split_gain=215.923 94.7212 58.8701 387.774 56.1739 23.178 15.1578 23.744 12.3027 9.23357 8.28115 7.12925 4.61068 4.02796 3.49529 2.51277 3.30868 1.94782 1.39323 1.38959 1.38873 1.30764 1.57261 0.50976 0.336251 0.315249 0.183807
threshold=70.500000000000014 4216877.0000000009 4231539.5000000009 4216886.5000000009 4216886.5000000009 14.500000000000002 43.500000000000007 4231539.5000000009 2.9160055349214766 51.500000000000007 4231864.0000000009 73.500000000000014 9.5000000000000018 30.500000000000004 1.972957910446512 1.9808932560376222 22.500000000000004 1.9585761340917001 53.500000000000007 1.9922459088058959 2.9440373418857591 40.500000000000007 34.500000000000007 67.500000000000014 47.500000000000007 4231767.5000000009 9.5000000000000018
decision_type=2 2 2 2 2 2 2 2 2 2 2 2 2 2 2 2 2 2 2 2 2 2 2 2 2 2 2
left_child=4 -2 3 -3 5 19 12 8 9 -8 11 -4 -6 15 -14 -7 -17 23 -19 -1 -16 22 -15 -9 -10 -13 -21
right_child=1 2 10 -5 6 13 7 17 24 -11 -12 25 14 21 20 16 -18 18 -20 26 -22 -23 -24 -25 -26 -27 -28
leaf_value=0.0069244192152332611 0.014188529341607657 0.0038581931036231129 -0.0033338946863778734 -0.017677078136364491 -0.001556866653837901 0.005277825429191395 -0.0046667437612992278 -0.0085024690279563095 -0.012760750936779384 0.0035473994004085753 -0.0077445802400405378 0.0045827302161380026 -0.006150800336508745 -0.0038308897250878353 -0.011836068924358081 0.00083898098654575136 -0.0045061860357110172 -0.0094944099748760207 -0.014941027823419356 0.011392503377861272 -0.0068034548583377867 -0.00069447297377967909 -0.0085951836157450289 -0.011586457282858471 -0.0094031317932414 0.0053161618213309119 0.014061916017718619
leaf_weight=6.7036702334880856 65.014846637845039 414.67231006920338 10.162164300680159 104.73161765933037 5.167162060737609 6.4719189703464499 25.231812566518784 17.464243814349178 6.9464473575353605 29.904175370931625 5.2344165891408911 74.229929208755493 12.731965214014052 16.442877277731899 132.05224303901196 28.130003839731216 19.684334754943848 6.4713892787694958 17.123019561171532 4.9951599538326246 5.7206915766000739 5.9825548976659766 11.973216831684111 7.7328811734914771 5.2269701659679413 278.41503514349461 5.3338334560394287
leaf_count=29 288 1717 41 422 21 26 101 70 28 122 21 309 51 66 531 114 79 26 69 22 23 24 48 31 21 1158 23
internal_value=0 0.00253749 0.00168393 -0.000484138 -0.0063995 -0.000214442 -0.00880544 -0.00607078 -0.00222049 -0.000211629 0.00474364 0.00492382 -0.010845 -0.00226646 -0.0111638 -0.000569998 -0.00136153 -0.0113824 -0.0134471 0.0104699 -0.0116271 -0.00494373 -0.00583834 -0.00944893 -0.0113191 0.00516178 0.012771
internal_weight=0 952.46 887.445 519.404 377.491 105.718 271.773 116.101 67.3094 55.136 368.042 362.807 155.672 88.6849 150.505 54.2863 47.8143 48.7915 23.5944 17.0327 137.773 34.3986 28.4161 25.1971 12.1734 352.645 10.329
internal_count=5481 3956 3668 2139 1525 431 1094 468 272 223 1529 1508 626 357 605 219 193 196 95 74 554 138 114 101 49 1467 45
is_linear=0
shrinkage=0.01


Tree=32
num_leaves=31
num_cat=0
split_feature=2 0 0 0 0 2 2 0 12 2 0 2 2 1 1 1 1 1 1 1 1 12 1 1 1 1 12 1 0 12
split_gain=211.785 93.3662 57.7559 380.61 55.0989 22.7701 14.8773 23.2969 12.0699 9.05103 8.12168 6.99624 4.52786 4.14436 4.11724 11.1546 12.9901 5.13442 3.44981 6.2875 4.59575 3.43834 3.22812 2.35003 2.25702 2.12846 1.9192 2.15954 1.3911 1.36464
threshold=70.500000000000014 4216877.0000000009 4231539.5000000009 4216886.5000000009 4216886.5000000009 14.500000000000002 43.500000000000007 4231539.5000000009 2.9160055349214766 51.500000000000007 4231864.0000000009 73.500000000000014 9.5000000000000018 4334145194491.0005 1861025320427.0002 2777491179720.5005 3022918913159.5005 679621575134.00012 835223758002.50012 207995304615.50003 1758355642673.5002 1.972957910446512 2777491184717.5005 1837832555784.0002 1060962067794.0001 643953709458.00012 1.9585761340917001 1215926412144.5002 4231767.5000000009 2.9440373418857591
decision_type=2 2 2 2 2 2 2 2 2 2 2 2 2 2 2 2 2 2 2 2 2 2 2 2 2 2 2 2 2 2
left_child=4 -2 3 18 5 23 12 8 9 -8 11 -4 -6 -13 17 -16 -17 25 19 -3 -20 22 -14 -1 -19 -7 27 -9 -28 -23
right_child=1 2 10 -5 6 14 7 26 -10 -11 -12 13 21 -15 15 16 -18 24 20 -21 -22 29 -24 -25 -26 -27 28 -29 -30 -31
leaf_value=0.012739657778917312 0.014109616339413565 0.0012301140682835048 -0.0032995467672284513 -0.017528009688181582 -0.0015409995423078576 -0.0011361144379405639 -0.0046195547729477168 -0.014772367249319693 -0.011215418549375867 0.0035136569662614476 -0.0076641036865788548 0.0052819660205565703 -0.010296481129650268 -0.0019464657133599398 -0.010036100920717805 0.0117484212975459 -0.0037551527000077019 0.0074285472587803086 0.0012853139065840996 0.0080561381593075351 0.0040436838570013416 -0.011727665718292663 -6.3445849118710091e-05 0.0044929718582510667 0.00081643652531962312 -0.0087542561340164231 -0.0093765522925768618 -0.0077742685787836746 -0.014821693670938958 -0.0067379200520581994
leaf_weight=12.155562669038774 64.726126909255981 19.447121828794479 10.165256649255751 104.56690803170204 5.1681578308343878 9.4526917636394483 25.234648153185844 5.6990790069103268 12.163117930293081 29.88951188325882 5.23647616803646 344.16820797324181 7.4973629266023618 8.1188564598560315 19.494295731186867 6.8661545366048804 25.385864794254303 8.6154275387525576 77.538056015968323 44.081571981310844 273.31082856655121 131.94067774713039 5.2354950159788132 4.8280028849840155 12.880641624331473 5.9924431741237631 6.465610250830653 19.489491865038872 17.102059036493301 5.7185799330472937
leaf_count=54 288 80 41 422 21 38 101 23 49 122 21 1434 30 33 78 28 102 35 319 185 1133 531 21 20 52 24 26 78 69 23
internal_value=0 0.00251505 0.00166862 -0.000479737 -0.00633914 -0.000212363 -0.00872285 -0.00601307 -0.00219902 -0.000209551 0.00470074 0.00487938 -0.0107443 0.00511538 -0.00224373 -0.00406421 -0.000454586 0.000306368 0.00382234 0.00596659 0.00343408 -0.0110605 -0.00608886 0.0103953 0.00346651 -0.00409182 -0.0112768 -0.00935763 -0.0133279 -0.0115204
internal_weight=0 951.359 886.633 518.944 377.275 105.671 271.604 116.044 67.2873 55.1242 367.689 362.452 155.56 352.287 88.6875 51.7463 32.252 36.9412 414.378 63.5287 350.849 150.392 12.7329 16.9836 21.4961 15.4451 48.7562 25.1886 23.5677 137.659
internal_count=5481 3956 3668 2139 1525 431 1094 468 272 223 1529 1508 626 1467 357 208 130 149 1717 265 1452 605 51 74 87 62 196 101 95 554
is_linear=0
shrinkage=0.01


Tree=33
num_leaves=31
num_cat=0
split_feature=2 0 0 0 0 2 2 0 12 2 0 2 2 1 1 1 1 1 1 1 12 1 1 1 1 12 1 2 12 2
split_gain=207.743 92.0371 56.6632 373.624 54.0413 22.3748 14.6039 22.8625 11.8419 8.87218 7.96544 6.86584 4.44724 4.09455 4.03602 10.9338 12.7465 5.03301 3.43905 9.53409 3.38102 3.165 2.32624 2.21534 2.08909 1.89064 2.12622 1.37077 1.34126 1.11613
threshold=70.500000000000014 4216877.0000000009 4231539.5000000009 4216886.5000000009 4216886.5000000009 14.500000000000002 43.500000000000007 4231539.5000000009 2.9160055349214766 51.500000000000007 4231864.0000000009 73.500000000000014 9.5000000000000018 229009853761.00003 1861025320427.0002 2777491179720.5005 3022918913159.5005 679621575134.00012 4148002225286.5005 3704794817060.5005 1.972957910446512 2777491184717.5005 1837832555784.0002 1060962067794.0001 641304924617.00012 1.9585761340917001 1215926412144.5002 53.500000000000007 2.9440373418857591 21.500000000000004
decision_type=2 2 2 2 2 2 2 2 2 2 2 2 2 2 2 2 2 2 2 2 2 2 2 2 2 2 2 2 2 2
left_child=4 -2 3 18 5 22 12 8 9 -8 11 -4 -6 -13 17 29 -17 24 19 -3 21 -14 -1 -19 -7 26 -9 -27 -22 -16
right_child=1 2 10 -5 6 14 7 25 -10 -11 -12 13 20 -15 15 16 -18 23 -20 -21 28 -23 -24 -25 -26 27 -28 -29 -30 -31
leaf_value=0.012663734330468988 0.014032058290398748 0.0040159786199263792 -0.0032655803951690057 -0.017382636738043793 -0.0015252989990197322 -0.00059533305610067399 -0.0045728975745027494 -0.014645863710848736 -0.011113086885363289 0.0034802402700868009 -0.007584718680216606 0.0099304333050689794 -0.010195759107249581 0.0048301265836572108 -0.0058630989167567892 0.011650311219329633 -0.0037169209221537916 0.0073609405898678697 0.0071021792606523991 -0.0016276014972942271 -0.011620966137176635 -6.2811460205754966e-05 0.0044517358144493761 0.00080832156514201801 -0.0079647820180374276 -0.0092873246959797873 -0.0076979510616577186 -0.014694965886469818 -0.0066731443531591215 -0.011342647991778145
leaf_weight=12.10640160739422 64.434505507349968 352.26602911949158 10.168262451887129 104.38788960874081 5.1691375672817221 8.2045272737741453 25.237184435129166 5.6908627003431347 12.152420595288275 29.874813586473465 5.2383612692356101 16.515387922525406 7.4957216978073102 335.40851508080959 4.9997234344482449 6.8547931015491477 25.39048857986927 8.6076497882604617 29.091664373874664 32.714290469884872 131.82118326425552 5.2355119436979294 4.8240171968936911 12.879857301712034 7.2421643733978263 6.4609885215759304 19.485902532935143 17.078108608722687 5.716360241174697 14.491898640990255
leaf_count=54 288 1461 41 422 21 33 101 23 49 122 21 69 30 1398 20 28 102 35 121 135 531 21 20 52 29 26 78 69 23 58
internal_value=0 0.00249289 0.0016535 -0.000475399 -0.00628001 -0.000210338 -0.00864156 -0.00595621 -0.00217777 -0.000207496 0.00465829 0.00483541 -0.0106452 0.00506948 -0.00222169 -0.00402429 -0.000450111 0.000303371 0.00378693 0.00353641 -0.010959 -0.00602875 0.0103239 0.00343323 -0.00405049 -0.0111733 -0.00926843 -0.0132107 -0.0114153 -0.00993711
internal_weight=0 950.225 885.79 518.46 377.02 105.602 271.418 115.98 67.2644 55.112 367.331 362.092 155.438 351.924 88.6711 51.7369 32.2453 36.9342 414.072 384.98 150.269 12.7312 16.9304 21.4875 15.4467 48.7159 25.1768 23.5391 137.538 19.4916
internal_count=5481 3956 3668 2139 1525 431 1094 468 272 223 1529 1508 626 1467 357 208 130 149 1717 1596 605 51 74 87 62 196 101 95 554 78
is_linear=0
shrinkage=0.01


Tree=34
num_leaves=31
num_cat=0
split_feature=2 0 0 0 0 2 2 0 12 2 0 2 2 1 1 1 1 1 1 1 1 12 1 1 1 12 12 1 0 1
split_gain=203.785 90.7341 55.5907 366.808 53.0073 21.9872 14.3371 22.4386 11.619 8.69692 7.81224 6.73781 4.36858 4.07073 3.95658 10.7183 12.508 4.93616 3.38841 6.19033 4.52694 3.32514 3.10337 2.35212 2.30295 2.24799 1.86298 2.09393 1.36916 1.32249
threshold=70.500000000000014 4216877.0000000009 4231539.5000000009 4216886.5000000009 4216886.5000000009 14.500000000000002 43.500000000000007 4231539.5000000009 2.9160055349214766 51.500000000000007 4231864.0000000009 73.500000000000014 9.5000000000000018 4334145194491.0005 1861025320427.0002 2777491179720.5005 3022918913159.5005 679621564551.50012 835223758002.50012 207995304615.50003 1758355642673.5002 1.972957910446512 2777491184717.5005 643953709458.00012 1837832555784.0002 1.9868872088523377 1.9585761340917001 1215926412144.5002 4231767.5000000009 2928742283947.0005
decision_type=2 2 2 2 2 2 2 2 2 2 2 2 2 2 2 2 2 2 2 2 2 2 2 2 2 2 2 2 2 2
left_child=4 -2 3 18 5 24 12 8 9 -8 11 -4 -6 -13 17 -16 -17 23 19 -3 -20 22 -14 -7 -1 -19 27 -9 -28 -23
right_child=1 2 10 -5 6 14 7 26 -10 -11 -12 13 21 -15 15 16 -18 25 20 -21 -22 29 -24 -25 -26 -27 28 -29 -30 -31
leaf_value=0.012588870227899202 0.013955816321255577 0.0011787043511090106 -0.0032319911694135397 -0.017240823999399149 -0.0015097629668704726 -0.0011089251514718873 -0.0045267633513965521 -0.014521819317855227 -0.011012279326208456 0.0034471459585482828 -0.0075064012922918246 0.0051893650032248332 -0.010096530228749526 -0.0019760195230663176 -0.0098397154411365723 0.011553634854666107 -0.0036791106603331907 0.0012234403661350894 0.0012334199733509306 0.0079565698505627228 0.0039724535206022088 -0.010567555958664928 -6.2183112974287027e-05 -0.0093363726510732221 0.0044108871213379948 0.0082043503772222942 -0.0091727325624460128 -0.0076225958893880296 -0.014580222356434913 -0.012604939867559206
leaf_weight=12.05686128139496 64.140128314495087 19.430158540606499 10.171184480190275 104.19501699507236 5.1701015681028357 9.4538608193397504 25.239430323243141 5.6821225434541729 12.141085103154181 29.860083892941475 5.2400761246681204 343.44787760078907 7.4937056601047498 8.1158883869647962 19.487725958228111 6.8430885076522818 25.394890993833542 15.391703486442568 77.469184711575508 43.965257167816162 272.90949727594852 87.208740592002869 5.2355285584926605 5.4941997379064551 4.8200250416994086 6.5869629085063925 6.4544230103492763 19.481769844889641 17.054282501339912 50.199318900704384
leaf_count=54 288 80 41 422 21 38 101 23 49 122 21 1434 30 33 78 28 102 62 319 185 1133 351 21 22 20 27 26 78 69 203
internal_value=0 0.00247095 0.00163853 -0.00047111 -0.00622168 -0.000208339 -0.00856142 -0.00590009 -0.00215676 -0.000205462 0.0046162 0.00479181 -0.0105477 0.00502395 -0.00219992 -0.0039849 -0.000445688 0.000300407 0.00375178 0.00587921 0.00336685 -0.0108589 -0.00596941 -0.00413295 0.0102532 0.00331561 -0.0110715 -0.00918047 -0.0130956 -0.0113119
internal_weight=0 949.084 884.944 517.969 376.75 105.529 271.221 115.913 67.2406 55.0995 366.975 361.735 155.307 351.564 88.6524 51.7257 32.238 36.9267 413.774 63.3954 350.379 150.137 12.7292 14.9481 16.8769 21.9787 48.6726 25.1639 23.5087 137.408
internal_count=5481 3956 3668 2139 1525 431 1094 468 272 223 1529 1508 626 1467 357 208 130 149 1717 265 1452 605 51 60 74 89 196 101 95 554
is_linear=0
shrinkage=0.01


Tree=35
num_leaves=31
num_cat=0
split_feature=2 0 0 0 0 2 2 0 12 2 0 2 2 1 2 1 1 12 1 1 1 1 1 12 1 1 1 1 2 12
split_gain=199.909 89.4557 54.5389 360.158 51.9963 21.607 14.0771 22.0247 11.401 8.52518 7.66213 6.61227 4.29189 4.03219 3.89196 3.38234 8.28704 3.27072 3.04317 3.01286 6.33774 5.96567 2.28013 1.83616 2.06263 1.43873 4.73902 1.95857 1.34986 1.32076
threshold=70.500000000000014 4216877.0000000009 4231539.5000000009 4216886.5000000009 4216886.5000000009 14.500000000000002 43.500000000000007 4231539.5000000009 2.9160055349214766 51.500000000000007 4231864.0000000009 73.500000000000014 9.5000000000000018 229009853761.00003 30.500000000000004 4223680115167.5005 3704794817060.5005 1.972957910446512 2777491184717.5005 1862882900580.0002 2777491179720.5005 1731095585241.0002 1837832555784.0002 1.9585761340917001 1215926412144.5002 1818756059608.0002 2269127725316.0005 679621564551.50012 53.500000000000007 2.9440373418857591
decision_type=2 2 2 2 2 2 2 2 2 2 2 2 2 2 2 2 2 2 2 2 2 2 2 2 2 2 2 2 2 2
left_child=4 -2 3 15 5 22 12 8 9 -8 11 -4 -6 -13 19 16 -3 18 -14 21 -21 -7 -1 24 -9 27 -27 -16 -25 -19
right_child=1 2 10 -5 6 14 7 23 -10 -11 -12 13 17 -15 25 -17 -18 29 -20 20 -22 -23 -24 28 -26 26 -28 -29 -30 -31
leaf_value=0.012515036416090187 0.013880854225973771 0.0039446456747224421 -0.0031987735977872024 -0.017102441319736136 -0.0014943899775444183 -0.00065555392554827194 -0.004481145501531527 -0.014400150684419249 -0.010912953752154994 0.003414370352856902 -0.0074291287475826678 0.0098104686525502319 -0.0099987552671972433 0.0047412755480910063 -0.0059688043233384041 0.0071809347843111923 -0.0011353544672174332 -0.011414412595295765 -6.1561087489103096e-05 -0.008655558095150867 0.00081298875703373177 0.011128215484992916 0.0043704211272187097 -0.0090861942129143048 -0.0075481842083466189 -0.012800767447868447 -0.0030256250425471178 0.0020425403153350526 -0.014458171468623618 -0.0065015408529361862
leaf_weight=12.006962671875955 63.843135058879852 351.73952054977417 10.174024045467375 103.98874720931053 5.1710501164197913 17.791419401764873 25.24139429628849 5.6728761792182949 12.129132524132727 29.845328018069267 5.2416257858276358 16.463208362460136 7.4913263469934446 334.7357961088419 6.2462239712476713 26.390025734901428 35.338619321584702 131.56051900982857 5.2355452328920364 10.99334602057934 19.803806021809578 5.6640056520700446 4.8160274475812903 6.4492480903863934 19.477110266685486 7.4914342164993313 14.6745228767395 5.9665782749652863 17.02735248208046 5.7095752358436576
leaf_count=54 288 1461 41 422 21 72 101 23 49 122 21 69 30 1398 25 110 146 531 21 44 80 23 20 26 78 30 59 24 69 23
internal_value=0 0.00244928 0.00162375 -0.00046688 -0.00616415 -0.000206362 -0.00848242 -0.00584469 -0.00213598 -0.000203449 0.00457456 0.00474867 -0.0104516 0.0049789 -0.00217843 0.00371702 0.00348086 -0.0107604 -0.00591082 -0.000510321 -0.0025669 0.00218999 0.0101834 -0.0109712 -0.00909373 -0.00481085 -0.00632933 -0.00205485 -0.0129824 -0.0112101
internal_weight=0 947.915 884.072 517.457 376.465 105.454 271.01 115.842 67.2159 55.0867 366.615 361.373 155.168 351.199 88.6313 413.468 387.078 149.997 12.7269 54.2526 30.7972 23.4554 16.823 48.6266 25.15 34.3788 22.166 12.2128 23.4766 137.27
internal_count=5481 3956 3668 2139 1525 431 1094 468 272 223 1529 1508 626 1467 357 1717 1607 605 51 219 124 95 74 196 101 138 89 49 95 554
is_linear=0
shrinkage=0.01


Tree=36
num_leaves=31
num_cat=0
split_feature=13 0 0 0 0 13 13 0 13 0 13 13 13 13 1 1 13 1 1 1 1 1 1 1 1 1 13 1 1 1
split_gain=194.154 88.3588 53.9337 358.622 50.363 21.2334 10.9069 22.561 9.79452 7.51493 6.489 4.94615 4.78492 15.3655 5.59384 3.9984 3.81443 3.46223 3.33226 9.21105 2.95341 6.2131 5.85487 2.25778 1.87826 2.49498 1.83754 2.03227 1.78483 1.45873
threshold=1.9764216522742935 4216877.0000000009 4231539.5000000009 4216886.5000000009 4216886.5000000009 1.9951045003391281 1.9863862745312775 4231539.5000000009 1.9827208267654053 4231864.0000000009 1.9754307434348963 1.992077967200329 2.9575138337046307 1.9974648524584169 3020926383199.5005 4334145194491.0005 1.9897303623432658 1997147138803.0002 4148002225286.5005 3704794817060.5005 1862882900580.0002 2777491179720.5005 1731095585241.0002 1837832555784.0002 4006191229963.0005 1183610596918.0002 1.979068999938582 1215926412144.5002 2595850559623.0005 2777491181604.5005
decision_type=2 2 2 2 2 2 2 2 2 2 2 2 2 2 2 2 2 2 2 2 2 2 2 2 2 2 2 2 2 2
left_child=1 -1 3 18 5 16 7 8 17 10 15 24 13 -13 -14 -4 -2 -6 19 -3 22 -22 -18 -7 25 -8 27 -9 -10 -28
right_child=4 2 9 -5 6 23 11 26 28 -11 -12 12 14 -15 -16 -17 20 -19 -20 -21 21 -23 -24 -25 -26 -27 29 -29 -30 -31
leaf_value=0.013807136402803987 -0.0047629919236447859 0.0039081745667679446 0.0050984741298860606 -0.017151577431117632 0.0087672251551889988 0.012442204651466282 -0.0089504668197034239 -0.014280780210719185 -0.0066834439980656551 -0.0073528791067268484 -0.0031659229225105738 -0.0096641486763792469 -0.0085058629280149699 0.003026194556548522 -0.0159751530747879 -0.002004377404525865 -0.00064896105598403759 0.0005296793634640409 0.0069517674723233759 -0.0016400430371860562 -0.0085708052806153824 0.00080491465449230204 0.011030013852760576 0.0043303335068427895 -0.0076746249257420738 -0.013793219130369228 -0.011247234637160895 -0.0074746962671933901 -0.0021977504485332479 -0.016664281264821629
leaf_weight=63.543661296367645 34.377014890313148 351.47308579087257 342.72441232204437 103.27122227847576 8.278395280241968 11.956726506352426 13.881424263119696 5.6631404012441662 21.236821666359901 5.2430149614810935 10.176783338189123 36.253412410616875 32.981840386986732 12.949064910411833 14.406001672148703 8.1130124628543836 17.792436033487323 13.298489883542059 28.990067422389984 32.707348242402077 10.991044834256174 19.802445530891418 5.6573220640420905 4.8120255172252646 8.6508061438798887 45.539681598544121 16.290449708700184 19.471940547227859 15.232766434550284 7.1541843414306632
leaf_count=288 138 1461 1434 420 34 54 56 23 85 21 41 146 133 53 59 33 72 54 121 135 44 80 23 20 35 184 66 78 61 29
internal_value=0 0.00241792 0.00159804 -0.000483608 -0.00607103 -0.000204393 -0.00835007 -0.00585835 -0.00165024 0.00453326 0.00470588 -0.00996358 -0.00850861 -0.00632432 -0.0107765 0.00493422 -0.00215692 0.00369018 0.00368252 0.00343582 -0.000505299 -0.00254154 0.00216863 0.0101144 -0.0120281 -0.0126619 -0.0108865 -0.00900816 -0.00480984 -0.0129003
internal_weight=0 946.243 882.699 516.442 376.677 105.389 271.288 106.626 58.0465 366.257 361.014 164.662 96.5903 49.2025 47.3878 350.837 88.6203 21.5769 413.171 384.18 54.2432 30.7935 23.4498 16.7688 68.0719 59.4211 48.5797 25.1351 36.4696 23.4446
internal_count=5481 3954 3666 2137 1527 431 1096 430 234 1529 1508 666 391 199 192 1467 357 88 1717 1596 219 124 95 74 275 240 196 101 146 95
is_linear=0
shrinkage=0.01


Tree=37
num_leaves=31
num_cat=0
split_feature=12 0 0 0 0 12 12 0 12 0 12 12 12 12 1 1 12 1 1 1 1 1 1 1 12 1 1 1 1 12
split_gain=190.469 87.1256 52.9134 352.207 49.4157 20.8667 10.7183 22.1499 9.6011 7.37068 6.36813 4.86154 4.70579 15.0711 5.52168 3.97133 3.75182 3.40063 3.32499 6.10179 4.47387 2.55176 14.2279 2.23587 2.15332 2.0907 4.81758 1.84663 2.45524 1.81136
threshold=1.9533992703327747 4216877.0000000009 4231539.5000000009 4216886.5000000009 4216886.5000000009 1.9902329949527153 1.972957910446512 4231539.5000000009 1.9657402510146069 4231864.0000000009 1.951465162485281 1.9842187211896343 2.9160055349214766 1.9949361603821067 3020926383199.5005 229009853761.00003 1.9848851658944422 1997147138803.0002 835223758002.50012 207995304615.50003 1758355642673.5002 3022918913159.5005 2777491179720.5005 1837832555784.0002 1.9769175260816239 1862882900580.0002 2777491195480.5005 4006191229963.0005 1183610596918.0002 1.9585761340917001
decision_type=2 2 2 2 2 2 2 2 2 2 2 2 2 2 2 2 2 2 2 2 2 2 2 2 2 2 2 2 2 2
left_child=1 -1 3 18 5 16 7 8 17 10 15 27 13 -13 -14 -4 21 -6 19 -3 -20 22 -2 -7 -23 -18 -27 28 -8 -9
right_child=4 2 9 -5 6 23 11 29 -10 -11 -12 12 14 -15 -16 -17 25 -19 20 -21 -22 24 -24 -25 -26 26 -28 -29 -30 -31
leaf_value=0.013734629972699147 -0.0045083738114568726 0.001090128951058597 0.0096928475841640514 -0.017018787773797846 0.0086920602704918092 0.012370348004072603 -0.0088684734926335971 -0.008923753476271756 -0.0047617885612884197 -0.00727762996329177 -0.0031334342093557212 -0.0095740538481334219 -0.0084268426733259977 0.0029971648511444159 -0.015855040590349489 0.0046540774411953003 0.0040497005245452768 0.00052441677946251319 0.0011444060880697585 0.0078266065043500442 0.0038696448203205196 -0.012181522854984786 0.012228085577807819 0.0042906194375208154 -0.0044239518293331809 -0.0083400800462434307 0.0028798601011014351 -0.0076042239865124909 -0.013674846434344017 -0.012790081969263027
leaf_weight=63.241839721798897 38.162288188934326 19.400382995605469 16.410165354609489 103.03739759325981 8.2665429562330264 11.906172350049021 13.869725301861761 25.119208708405495 36.46924139559269 5.2442477792501441 10.179464146494864 36.228745803236961 32.95832434296608 12.943767249584196 14.370164781808851 334.06127990782261 11.973258271813394 13.297629341483114 77.348829790949821 43.808810174465179 272.31409613788128 5.2482384294271496 5.8592713475227347 4.8080199658870688 11.24417334794998 6.2465769648551968 9.8794858753681165 8.6436239480972272 45.474869444966316 23.410303741693497
leaf_count=288 153 80 69 420 34 54 56 101 146 21 41 146 133 53 59 1398 49 54 319 185 1133 21 24 20 45 25 40 35 184 95
internal_value=0 0.00239679 0.00158366 -0.000479292 -0.0060151 -0.000202434 -0.00827383 -0.00580323 -0.00163409 0.0044924 0.00466354 -0.00987438 -0.00843137 -0.00626491 -0.0106822 0.00489001 -0.00213551 0.00365545 0.00364835 0.00575902 0.0032668 -0.00353765 -0.00228075 0.0100461 -0.00689258 0.000884103 -0.00146629 -0.0119226 -0.0125515 -0.0107888
internal_weight=0 945.047 881.805 515.91 376.38 105.327 271.052 106.563 58.0334 365.895 360.651 164.489 96.501 49.1725 47.3285 350.471 88.6133 21.5642 412.872 63.2092 349.663 60.514 44.0216 16.7142 16.4924 28.0993 16.1261 67.9882 59.3446 48.5295
internal_count=5481 3954 3666 2137 1527 431 1096 430 234 1529 1508 666 391 199 192 1467 357 88 1717 265 1452 243 177 74 66 114 65 275 240 196
is_linear=0
shrinkage=0.01


Tree=38
num_leaves=31
num_cat=0
split_feature=2 0 0 0 0 2 2 0 2 1 0 2 2 1 1 1 1 1 1 1 12 1 12 1 1 12 12 1 0 12
split_gain=188.774 85.7614 51.4928 341.096 49.1163 20.5075 13.3166 20.8425 10.8331 7.94051 7.22922 6.24945 4.09997 3.92736 3.73645 10.0789 12.0629 4.7034 3.27436 9.05315 3.10472 2.97307 2.88278 2.29797 2.21439 2.11143 1.76682 2.009 1.35889 1.3026
threshold=70.500000000000014 4216877.0000000009 4231539.5000000009 4216886.5000000009 4216886.5000000009 14.500000000000002 43.500000000000007 4231539.5000000009 55.500000000000007 1646869333327.5002 4231864.0000000009 73.500000000000014 9.5000000000000018 4334145194491.0005 1861025320427.0002 2777491179720.5005 3022918913159.5005 679621564551.50012 4148002225286.5005 3704794817060.5005 1.972957910446512 2777491184717.5005 2.9007212158535043 643953709458.00012 1837832555784.0002 1.9868872088523377 1.9585761340917001 1215926412144.5002 4231767.5000000009 2.9440373418857591
decision_type=2 2 2 2 2 2 2 2 2 2 2 2 2 2 2 2 2 2 2 2 2 2 2 2 2 2 2 2 2 2
left_child=4 -2 3 18 5 24 12 8 9 -8 11 -4 -6 -13 17 -16 -17 23 19 -3 21 -14 -10 -7 -1 -19 27 -9 -28 -22
right_child=1 2 10 -5 6 14 7 26 22 -11 -12 13 20 -15 15 16 -18 25 -20 -21 29 -23 -24 -25 -26 -27 28 -29 -30 -31
leaf_value=0.012299440179047518 0.01366329960183291 0.003838808159582732 -0.0031013023439805608 -0.01670561059564302 -0.0014201376545203799 -0.0010219244089869866 0.0013574064335855019 -0.014091041558830815 0.0059975362101369542 -0.0076716790913446973 -0.0072033614685323042 0.0050092490255682701 -0.0097926565633684147 -0.0020315669490665088 -0.0095304105652401043 0.011388935260733646 -0.0035886146424087923 0.0012364886430860555 0.0068589965969136522 -0.001662988392863961 -0.011116937320383675 3.013439123633155e-05 -0.002116297434290051 -0.0091537780694264624 0.0042512753931144799 0.008010440090512768 -0.0087442661137525531 -0.0073156996467864397 -0.014144851790192861 -0.0062317986744749899
leaf_weight=11.855319932103159 62.937801137566566 350.94660241901875 10.182068228721617 103.28970466554165 5.1745654642581931 9.4556135833263379 14.152429655194281 5.6462744325399425 15.657762855291368 31.240515321493149 5.2453287690877906 341.99856312572956 7.4850115031003934 8.1102288663387281 19.469763115048409 6.8218846023082724 25.395191833376884 15.391519069671633 28.92530557513237 32.694493755698204 131.1108391135931 5.2373435199260712 6.0788400024175635 5.4943202286958686 4.8040118068456641 6.5636990666389456 6.4256457835435894 19.458806768059731 16.947056576609612 5.6954097598791114
leaf_count=54 288 1461 41 422 21 38 57 23 64 126 21 1434 30 33 78 28 102 62 121 135 531 21 25 22 20 27 26 78 69 23
internal_value=0 0.0023858 0.00158051 -0.000454144 -0.005996 -0.000200516 -0.0082526 -0.00568503 -0.00207678 -0.00485663 0.00445187 0.00462155 -0.0101713 0.00484615 -0.00211466 -0.00385 -0.000417156 0.000315751 0.00361456 0.00336994 -0.0104741 -0.00574896 0.00372843 -0.0040105 0.00997861 0.00326162 -0.0106815 -0.00883951 -0.0126601 -0.0109136
internal_weight=0 944.33 881.392 515.856 375.562 105.251 270.311 115.607 67.1295 45.3929 365.536 360.291 154.703 350.109 88.592 51.6868 32.2171 36.9052 412.566 383.641 149.529 12.7224 21.7366 14.9499 16.6593 21.9552 48.4778 25.1051 23.3727 136.806
internal_count=5481 3956 3668 2139 1525 431 1094 468 272 183 1529 1508 626 1467 357 208 130 149 1717 1596 605 51 89 60 74 89 196 101 95 554
is_linear=0
shrinkage=0.01


Tree=39
num_leaves=31
num_cat=0
split_feature=12 0 0 0 0 12 12 0 12 0 12 12 12 12 1 1 1 1 1 1 1 1 1 1 1 1 12 1 1 12
split_gain=183.292 84.7307 50.9369 339.881 47.5565 20.1551 10.3639 21.3877 9.24784 7.09059 6.13307 4.73133 4.63501 14.6292 5.45925 3.91188 3.66333 9.8826 11.8385 4.61079 3.32162 3.26608 6.00799 4.40676 2.2523 2.19331 2.07397 1.81802 2.42146 1.7655
threshold=1.9533992703327747 4216877.0000000009 4231539.5000000009 4216886.5000000009 4216886.5000000009 1.9902329949527153 1.972957910446512 4231539.5000000009 1.9657402510146069 4231864.0000000009 1.951465162485281 1.9842187211896343 2.9160055349214766 1.9949361603821067 3020926383199.5005 229009853761.00003 1861025320427.0002 2777491179720.5005 3022918913159.5005 679621564551.50012 1997147138803.0002 835223758002.50012 207995304615.50003 1758355642673.5002 643953709458.00012 1837832555784.0002 1.9868872088523377 4006191229963.0005 1183610596918.0002 1.9585761340917001
decision_type=2 2 2 2 2 2 2 2 2 2 2 2 2 2 2 2 2 2 2 2 2 2 2 2 2 2 2 2 2 2
left_child=1 -1 3 21 5 16 7 8 20 10 15 27 13 -13 -14 -4 19 -18 -19 24 -6 22 -3 -23 -2 -7 -21 28 -8 -9
right_child=4 2 9 -5 6 25 11 29 -10 -11 -12 12 14 -15 -16 -17 17 18 -20 26 -22 23 -24 -25 -26 -27 -28 -29 -30 -31
leaf_value=0.013593115619412026 -0.001011652947830736 0.0010417494029936981 0.0095774849212812551 -0.016763917114713908 0.0085829182222933818 0.012229455992456726 -0.0086863970181075851 -0.0087573116830828319 -0.0046656748874459057 -0.0071300514406586911 -0.0030695230684696017 -0.0093882259850012768 -0.0082692118289813335 0.0030010111990579507 -0.015668023598024324 0.0045684918275309024 -0.0094386678994698003 0.011295983237774292 -0.0035522119408439661 0.0012242265498032436 0.0005049151128321053 0.0010955474409925703 0.0077310030822714069 0.0038016278272209859 -0.0090622149545419878 0.0042122962364428626 0.0079410707001383481 -0.0074331595304509722 -0.013464865261086582 -0.012578666470520678
leaf_weight=62.631671369075775 9.4560995399951917 19.383828654885292 16.356333076953888 102.53604911267757 8.2486167699098605 11.80418834090233 13.841657325625418 25.087437778711319 36.467001482844353 5.246262624859809 10.184597462415693 36.168467238545418 32.905490681529045 12.940945535898207 14.309323191642759 333.38560277223587 19.462452918291092 6.8093033730983725 25.398866102099419 15.390232577919962 13.294297084212301 77.281585812568665 43.690413638949394 271.9122946113348 5.4943353086709967 4.8000019341707221 6.5548703521490088 8.6250771731138212 45.347893193364143 23.33648844063282
leaf_count=288 38 80 69 420 34 54 56 101 146 21 41 146 133 53 59 1398 78 28 102 62 54 319 185 1133 22 20 27 35 184 95
internal_value=0 0.002355 0.00155514 -0.000471183 -0.00590493 -0.000198625 -0.00812294 -0.00569249 -0.00159686 0.00441176 0.00457999 -0.00969894 -0.00827438 -0.00612351 -0.0105116 0.00480275 -0.00209411 -0.00381269 -0.000413075 0.000312685 0.00359792 0.00358102 0.00567528 0.00320273 -0.00397026 0.00991183 0.00323051 -0.0117224 -0.0123474 -0.0105989
internal_weight=0 942.609 879.977 514.804 375.743 105.17 270.573 106.434 58.0099 365.173 359.927 164.139 96.3242 49.1094 47.2148 349.742 88.5662 51.6706 32.2082 36.8955 21.5429 412.268 63.0742 349.194 14.9504 16.6042 21.9451 67.8146 59.1896 48.4239
internal_count=5481 3954 3666 2137 1527 431 1096 430 234 1529 1508 666 391 199 192 1467 357 208 130 149 88 1717 265 1452 60 74 89 275 240 196
is_linear=0
shrinkage=0.01


Tree=40
num_leaves=28
num_cat=0
split_feature=2 0 0 0 0 2 2 0 13 2 0 2 2 2 13 13 2 13 13 2 2 2 13 3 13 0 2
split_gain=181.718 83.4117 49.5581 329.13 47.2848 19.8093 12.8483 20.1002 10.5162 7.7469 6.95463 6.01879 3.97408 3.63816 3.0015 2.49026 3.14198 1.72291 1.4257 1.34717 1.32248 1.51447 1.28367 0.989463 0.503827 0.317825 0.199944
threshold=70.500000000000014 4216877.0000000009 4231539.5000000009 4216886.5000000009 4216886.5000000009 14.500000000000002 43.500000000000007 4231539.5000000009 2.9575138337046307 51.500000000000007 4231864.0000000009 73.500000000000014 9.5000000000000018 30.500000000000004 1.9863862745312775 1.9904005391494681 22.500000000000004 1.979068999938582 1.9961153951178154 53.500000000000007 40.500000000000007 33.500000000000007 2.9717956952893587 19.500000000000004 1.9774135677462312 4231767.5000000009 9.5000000000000018
decision_type=2 2 2 2 2 2 2 2 2 2 2 2 2 2 2 2 2 2 2 2 2 2 2 2 2 2 2
left_child=4 -2 3 -3 5 18 12 8 9 -8 11 -4 -6 15 -14 -7 -17 24 -1 -19 21 -15 -16 -10 -9 -13 -20
right_child=1 2 10 -5 6 13 7 17 23 -11 -12 25 14 20 22 16 -18 19 26 -21 -22 -23 -24 -25 -26 -27 -28
leaf_value=0.0062058559329034651 0.013524045472115099 0.0035478522510485984 -0.0030380913317597626 -0.016456354561804706 -0.0013772156000521941 0.005368052624047469 -0.0042584410535948854 -0.010806012154251062 -0.007449750178687764 0.0032718349315812257 -0.0070576822729228874 0.0041755497996356422 -0.0056435825845217984 -0.0029073028040911266 -0.010925142976320253 0.00089879360160116043 -0.0043145173711352817 -0.0085495308712826776 0.01074758366222555 -0.013934159041134207 -0.00034514805892692859 -0.0075627737681540656 -0.0060715510180191917 -0.013187799838045317 -0.0077321191214882257 0.0049154216846495156 0.013573582717125464
leaf_weight=6.5207831561565426 62.323572739958763 411.96263158321381 10.187053292989729 102.76467107236385 5.1764829307794562 6.4584016352891913 25.246212378144264 7.6922143101692226 5.6671445220708847 29.77324615418911 5.2470529526472083 73.538334205746651 12.718182966113089 12.450530037283899 130.77906157076359 28.069464772939682 19.655753687024117 6.4102040231227901 4.8293394744396192 16.885502353310585 5.9787050187587729 15.925835669040678 5.6860339343547812 6.3978463709354383 17.379459008574486 275.84020894765854 5.1986642926931381
leaf_count=29 288 1717 41 422 21 26 101 31 23 122 21 309 51 50 531 114 79 26 22 69 24 64 23 26 70 1158 23
internal_value=0 0.00234458 0.00155241 -0.000445963 -0.00588736 -0.000196756 -0.00810376 -0.00558051 -0.00203756 -0.000183505 0.00437198 0.00453877 -0.009991 -0.0020738 -0.0102899 -0.000459685 -0.00124832 -0.0104945 0.00984575 -0.0124525 -0.00461954 -0.00552012 -0.0107229 -0.0104925 -0.00867522 0.00475969 0.0122126
internal_weight=0 941.864 879.54 514.727 374.899 105.087 269.812 115.452 67.0844 55.0195 364.813 359.566 154.36 88.5387 149.183 54.1836 47.7252 48.3674 16.5488 23.2957 34.3551 28.3764 136.465 12.065 25.0717 349.379 10.028
internal_count=5481 3956 3668 2139 1525 431 1094 468 272 223 1529 1508 626 357 605 219 193 196 74 95 138 114 554 49 101 1467 45
is_linear=0
shrinkage=0.01


Tree=41
num_leaves=31
num_cat=0
split_feature=2 0 0 0 0 2 2 0 12 2 0 2 2 1 1 1 1 1 1 1 12 1 1 1 12 12 1 0 1 2
split_gain=178.278 82.2701 48.6196 323.362 46.4073 19.4646 12.6226 19.7375 10.3222 7.59423 6.82131 5.90662 3.90643 3.86294 3.58806 9.68885 11.6268 4.51365 3.22041 8.90447 2.95693 2.92378 2.20139 2.19044 2.01496 1.7012 1.99304 1.34651 1.28134 1.10186
threshold=70.500000000000014 4216877.0000000009 4231539.5000000009 4216886.5000000009 4216886.5000000009 14.500000000000002 43.500000000000007 4231539.5000000009 2.9160055349214766 51.500000000000007 4231864.0000000009 73.500000000000014 9.5000000000000018 4334145194491.0005 1861025320427.0002 2777491179720.5005 3022918913159.5005 679621564551.50012 4148002225286.5005 3704794817060.5005 1.972957910446512 2777491184717.5005 643953709458.00012 1837832555784.0002 1.9868872088523377 1.9585761340917001 1215926412144.5002 4231767.5000000009 2928742283947.0005 21.500000000000004
decision_type=2 2 2 2 2 2 2 2 2 2 2 2 2 2 2 2 2 2 2 2 2 2 2 2 2 2 2 2 2 2
left_child=4 -2 3 18 5 23 12 8 9 -8 11 -4 -6 -13 17 29 -17 22 19 -3 21 -14 -7 -1 -19 26 -9 -27 -22 -16
right_child=1 2 10 -5 6 14 7 25 -10 -11 -12 13 20 -15 15 16 -18 24 -20 -21 28 -23 -24 -25 -26 27 -28 -29 -30 -31
leaf_value=0.012106979628690473 0.013456060565116537 0.0037379084907772199 -0.0030070034861501018 -0.016336192725099799 -0.0013632260699620511 -0.00098338725704881025 -0.0042157867301844988 -0.013838431026289864 -0.010400722106947603 0.0032407392562386235 -0.006986233512591894 0.0048791994688258383 -0.0096013202805687696 -0.0021072041334551038 -0.0052767855956623397 0.011226237485349365 -0.0034969799311818234 0.0012405926198589207 0.0067374509397095592 -0.0017215684213951895 -0.0098949478660524826 0.00014044053861893554 -0.0089426927917513298 0.0040773248140392208 0.0078646959141324899 -0.0084453781094950397 -0.0070773590013821497 -0.013832872814573143 -0.011909403239433935 -0.010725438440193127
leaf_weight=11.711990639567377 62.01362581551075 350.17063884437084 10.18943779170513 102.48674599826336 5.1773031055927268 9.4564915597438794 25.24663157761097 5.6210416406393078 12.049861490726469 29.758410900831223 5.2477041929960242 340.91381314396858 7.4775382429361326 8.1023513376712781 4.9932922720909145 6.7993000298738471 25.401072934269905 15.390689954161646 28.838041067123413 32.661375850439072 86.590413600206375 5.2396373152732849 5.4936596006155005 4.785455495119094 6.5449046939611426 6.4010874480009106 19.434018611907959 16.85345433652401 49.697859406471252 14.458187356591223
leaf_count=54 288 1461 41 422 21 38 101 23 49 122 21 1434 30 33 20 28 102 62 121 135 351 21 22 20 27 26 78 69 203 58
internal_value=0 0.0023242 0.0015385 -0.000442027 -0.00583344 -0.000194858 -0.00803064 -0.00552892 -0.00201808 -0.000181714 0.00433255 0.00449791 -0.00990251 0.00471701 -0.00205309 -0.00375428 -0.000388085 0.000329118 0.00351488 0.00327213 -0.0101992 -0.00558759 -0.00390815 0.0097778 0.00321702 -0.0104021 -0.00859419 -0.0123499 -0.0106295 -0.00932674
internal_weight=0 940.624 878.61 514.157 374.582 105.035 269.547 115.365 67.0549 55.005 364.453 359.206 154.183 349.016 88.5376 51.6519 32.2004 36.8857 411.67 382.832 149.005 12.7172 14.9502 16.4974 21.9356 48.3096 25.0551 23.2545 136.288 19.4515
internal_count=5481 3956 3668 2139 1525 431 1094 468 272 223 1529 1508 626 1467 357 208 130 149 1717 1596 605 51 60 74 89 196 101 95 554 78
is_linear=0
shrinkage=0.01


Tree=42
num_leaves=31
num_cat=0
split_feature=2 2 12 1 1 1 12 1 1 1 1 1 2 1 1 1 2 12 1 1 1 1 1 1 1 1 1 1 1 1
split_gain=174.921 28.5396 7.48884 6.93276 6.8725 6.85344 6.24738 5.35668 5.80906 5.3409 7.54122 4.66364 4.48439 4.94499 4.76531 4.20223 4.19606 3.55174 3.4287 7.58005 3.71771 5.30604 3.57875 3.23137 2.50665 2.20615 1.80256 1.7667 1.62434 1.452
threshold=70.500000000000014 14.500000000000002 2.9160055349214766 1861025320427.0002 643953705598.00012 660434126998.00012 1.9848851658944422 3020926383199.5005 2384994530278.5005 207995304615.50003 229009853761.00003 174026417975.00003 40.500000000000007 1264132470858.5002 4092079263835.5005 2101777078040.5002 21.500000000000004 1.9929177889658176 3062739739830.0005 3258691812802.5005 3022918916661.5005 3018885389680.0005 3188672102742.0005 3022918922337.5005 446992604946.50006 2384994532458.5005 1837832564030.5002 4334145194491.0005 679621560489.50012 1224176380759.0002
decision_type=2 2 2 2 2 2 2 2 2 2 2 2 2 2 2 2 2 2 2 2 2 2 2 2 2 2 2 2 2 2
left_child=1 3 6 28 9 -6 12 8 15 11 -11 -2 13 -3 -14 -4 26 -5 20 22 21 -7 -20 -22 -12 -18 -8 -21 -1 -30
right_child=4 2 7 17 5 18 16 -9 -10 10 24 -13 14 -15 -16 -17 25 -19 19 27 23 -23 -24 -25 -26 -27 -28 -29 29 -31
leaf_value=0.0041062733742137942 0.009048229743518434 -0.0046566517577792798 -0.0078402417729110784 -0.0070329187290317386 -0.0046089203323134631 0.0016732951605610866 -0.0024632218397559751 -0.015400057528041198 0.001357198290691882 0.012330090642471481 -0.0010211348908483783 0.0006849371051669222 -0.0047468674531143187 -0.009173788399069625 -0.013617748004637133 -0.017426447856251744 -0.0020117909698301722 0.0039785676496186155 0.004636830088290779 0.0026084050677439101 -0.0067274438836104023 0.0065065837404547789 0.010551243202592733 0.00086455620889176103 0.0055863892191350449 0.0051219792757784335 -0.006508961493594834 -0.00065284959428948768 0.014878251186106875 0.0071982080969292782
leaf_weight=5.0073530226945904 8.1512096226215345 32.718112453818321 20.720422551035885 5.8761109560728055 15.365259423851965 534.50649693608284 19.116848886013031 14.212560296058653 5.4731889069080344 17.28674978017807 7.0329063832759848 36.63330665230751 105.77551780641079 93.467568814754486 6.4233384728431693 5.867825210094451 10.513414740562441 5.8408064991235733 26.314465761184692 180.76274561882019 9.3988642096519488 23.721580773591995 16.738468706607819 13.893512994050978 31.264150679111481 7.3768271207809439 25.977676048874855 18.291773900389671 5.0056951791048032 4.843871146440506
leaf_count=22 35 132 84 24 64 2243 78 59 22 82 30 153 428 379 26 24 43 24 112 759 39 100 72 58 133 30 105 76 23 22
internal_value=0 -0.00578077 -0.0065443 0.00420777 0.00230407 0.00200822 -0.00596917 -0.0102899 -0.0080246 0.00477705 0.00684767 0.00220714 -0.00670925 -0.00800256 -0.00525472 -0.00995584 -0.00316812 -0.00154376 0.00213167 0.00313162 0.00171536 0.00187868 0.00693628 -0.00219894 0.00437298 0.000929734 -0.00479386 0.00230872 0.00874372 0.0111013
internal_weight=0 374.217 347.643 26.5738 939.361 838.993 301.369 46.274 32.0614 100.368 55.5838 44.7845 238.385 126.186 112.199 26.5882 62.9848 11.7169 823.628 242.107 581.52 558.228 43.0529 23.2924 38.2971 17.8902 45.0945 199.055 14.8569 9.84957
internal_count=5481 1525 1410 115 3956 3523 1221 189 130 433 245 188 965 511 454 108 256 48 3459 1019 2440 2343 184 97 163 73 183 835 67 45
is_linear=0
shrinkage=0.01


Tree=43
num_leaves=28
num_cat=0
split_feature=2 0 0 0 0 2 2 0 2 0 2 12 2 2 12 12 12 2 12 12 2 2 2 12 2 0 2
split_gain=171.536 80.9336 47.8253 317.461 45.3592 18.7632 12.3476 19.4194 10.0381 6.7098 5.79696 3.84532 3.73616 3.50831 2.88931 2.82074 2.46192 3.00742 1.68601 1.41333 1.32961 1.29179 1.47874 1.27023 0.498507 0.317059 0.202774
threshold=70.500000000000014 4216877.0000000009 4231539.5000000009 4216886.5000000009 4216886.5000000009 14.500000000000002 43.500000000000007 4231539.5000000009 55.500000000000007 4231864.0000000009 73.500000000000014 2.9160055349214766 9.5000000000000018 30.500000000000004 1.972957910446512 2.9007212158535043 1.9808932560376222 22.500000000000004 1.9585761340917001 1.9922459088058959 53.500000000000007 40.500000000000007 33.500000000000007 2.9440373418857591 67.500000000000014 4231767.5000000009 9.5000000000000018
decision_type=2 2 2 2 2 2 2 2 2 2 2 2 2 2 2 2 2 2 2 2 2 2 2 2 2 2 2
left_child=4 -2 3 -3 5 19 12 8 11 10 -4 -8 -6 16 -14 -10 -7 -18 24 -1 -20 22 -15 -16 -9 -12 -21
right_child=1 2 9 -5 6 13 7 18 15 -11 25 -13 14 21 23 -17 17 -19 20 26 -22 -23 -24 -25 -26 -27 -28
leaf_value=0.0060390329727248717 0.013364583595308562 0.0034596040722445444 -0.002992837719311791 -0.016231792198333331 -0.0014022123029608755 0.0054109437363908134 -0.0029457719366036972 -0.0075264248156317907 0.005895848237256569 -0.0069482597973332654 0.0040748293363067345 -0.0096840373421006615 -0.00548656566973766 -0.0027785285702040066 -0.010673636162019188 -0.0021367860740352054 0.0009322272157951645 -0.0041685236523069207 -0.0083253197490638711 0.010560816290803125 -0.013684363041010885 -0.00024511255958505236 -0.007379379938498065 -0.0058386874578516381 -0.010587127755836765 0.0048147295179578635 0.013420935601607288
leaf_weight=6.4722759574651745 61.574419721961021 411.15922617912292 10.190297126770018 102.22882848978043 5.1749737858772269 6.4564901739358893 34.048785701394081 17.34764547646046 15.629957035183908 5.2478372156620017 73.355828866362572 11.273057594895361 12.71187764406204 12.449636474251749 130.28381879627705 6.0692028701305381 28.065530836582184 19.653830036520958 6.3902657628059414 4.7771642059087736 16.803702086210251 5.977758675813674 15.917384907603262 5.6702182590961447 7.6760942786931983 275.14777702093124 5.1522832810878754
leaf_count=29 288 1717 41 422 21 26 137 70 64 21 309 46 51 50 531 25 114 79 26 22 69 24 64 23 31 1158 23
internal_value=0 0.00228215 0.00150434 -0.000461462 -0.00572627 -0.000149254 -0.00790092 -0.00542585 -0.00194395 0.00427737 0.00444161 -0.0046218 -0.00975495 -0.00196955 -0.0100457 0.00364914 -0.000384457 -0.00116858 -0.0102656 0.00967493 -0.0122079 -0.00446989 -0.00536017 -0.010472 -0.0084653 0.00465899 0.0120449
internal_weight=0 938.904 877.33 513.388 374.002 104.922 269.08 115.239 67.021 363.942 358.694 45.3218 153.841 88.5206 148.666 21.6992 54.1759 47.7194 48.2177 16.4017 23.194 34.3448 28.367 135.954 25.0237 348.504 9.92945
internal_count=5481 3956 3668 2139 1525 431 1094 468 272 1529 1508 183 626 357 605 89 219 193 196 74 95 138 114 554 101 1467 45
is_linear=0
shrinkage=0.01


Tree=44
num_leaves=28
num_cat=0
split_feature=2 0 0 0 0 2 2 0 12 2 0 2 2 2 12 12 2 12 12 0 2 2 12 3 2 0 2
split_gain=168.296 79.8366 46.9195 311.955 44.521 18.4381 12.1362 19.0743 9.85849 7.32676 6.58123 5.68891 3.6736 3.43849 2.84736 2.41334 2.94735 1.66544 1.39847 1.32934 1.26614 1.44974 1.25033 0.973472 0.489876 0.311667 0.200145
threshold=70.500000000000014 4216877.0000000009 4231539.5000000009 4216886.5000000009 4216886.5000000009 14.500000000000002 43.500000000000007 4231539.5000000009 2.9160055349214766 51.500000000000007 4231864.0000000009 73.500000000000014 9.5000000000000018 30.500000000000004 1.972957910446512 1.9808932560376222 22.500000000000004 1.9585761340917001 1.9922459088058959 4231767.5000000009 40.500000000000007 33.500000000000007 2.9440373418857591 19.500000000000004 67.500000000000014 4231767.5000000009 9.5000000000000018
decision_type=2 2 2 2 2 2 2 2 2 2 2 2 2 2 2 2 2 2 2 2 2 2 2 2 2 2 2
left_child=4 -2 3 -3 5 18 12 8 9 -8 11 -4 -6 15 -14 -7 -17 24 -1 -19 21 -15 -16 -10 -9 -13 -20
right_child=1 2 10 -5 6 13 7 17 23 -11 -12 25 14 20 22 16 -18 19 26 -21 -22 -23 -24 -25 -26 -27 -28
leaf_value=0.0059900394262542159 0.013299062461318628 0.0034274472369915177 -0.0029622419462003568 -0.016116607806356514 -0.0013879627724186967 0.0053579867594783226 -0.0040956020797237799 -0.0074559867162828225 -0.0071129893601210165 0.0032288705700676541 -0.006878191711295562 0.0040377978335064211 -0.005432356647403277 -0.0027506100749302635 -0.010582312892525527 0.0009229861535060927 -0.0041265605538262926 -0.0082242192401319088 0.010495263404499919 -0.013587217710809917 -0.00024266087122548231 -0.007306134162201639 -0.0057838332477987576 -0.012819614186687884 -0.010491389139532794 0.0047717284035126801 0.01334243780924479
leaf_weight=6.4600233137607601 61.260577455163002 410.86805687844753 10.192579820752142 101.9313421100378 5.1758173257112494 6.4551087617874137 25.246048644185066 17.336472466588024 5.6405556052923203 29.751500606536865 5.2482819110155097 73.288642659783363 12.71034877002239 12.450235158205034 130.09500803053379 28.063074946403503 19.655146077275276 6.3804553449153927 4.7590231597423536 16.769146323204041 5.9777759164571753 15.91619688272476 5.6667723655700675 6.3595946133136732 7.6687176227569571 274.8525192886591 5.1308772414922714
leaf_count=29 288 1717 41 422 21 26 101 70 23 122 21 309 51 50 531 114 79 26 22 69 24 64 23 26 31 1158 23
internal_value=0 0.00226238 0.0014909 -0.000457409 -0.00567411 -0.000147812 -0.00783009 -0.00537565 -0.00192518 -0.000133352 0.00423881 0.00440163 -0.00966959 -0.00194992 -0.00995829 -0.000380629 -0.00115692 -0.0101763 0.00960869 -0.0121091 -0.00442526 -0.00530668 -0.010382 -0.0101373 -0.0083869 0.00461723 0.0119724
internal_weight=0 937.642 876.381 512.799 373.668 104.867 268.8 115.152 66.9977 54.9975 363.582 358.334 153.648 88.5175 148.472 54.1733 47.7182 48.1548 16.3499 23.1496 34.3442 28.3664 135.762 12.0002 25.0052 348.141 9.8899
internal_count=5481 3956 3668 2139 1525 431 1094 468 272 223 1529 1508 626 357 605 219 193 196 74 95 138 114 554 49 101 1467 45
is_linear=0
shrinkage=0.01


Tree=45
num_leaves=28
num_cat=0
split_feature=2 0 0 0 0 2 2 0 12 2 0 2 2 2 12 2 2 12 12 2 2 2 12 3 2 0 2
split_gain=165.124 78.7589 46.0308 306.572 43.7028 18.119 11.9267 18.7346 9.67847 7.18255 6.45517 5.58288 3.6124 3.37013 2.80635 2.36575 2.88851 1.64541 1.38393 1.31306 1.24104 1.42139 1.23373 0.958584 0.481477 0.306373 0.197608
threshold=70.500000000000014 4216877.0000000009 4231539.5000000009 4216886.5000000009 4216886.5000000009 14.500000000000002 43.500000000000007 4231539.5000000009 2.9160055349214766 51.500000000000007 4231864.0000000009 73.500000000000014 9.5000000000000018 30.500000000000004 1.972957910446512 28.500000000000004 22.500000000000004 1.9585761340917001 1.9922459088058959 53.500000000000007 40.500000000000007 33.500000000000007 1.9808932560376222 19.500000000000004 67.500000000000014 4231767.5000000009 9.5000000000000018
decision_type=2 2 2 2 2 2 2 2 2 2 2 2 2 2 2 2 2 2 2 2 2 2 2 2 2 2 2
left_child=4 -2 3 -3 5 18 12 8 9 -8 11 -4 -6 15 -14 16 -7 24 -1 -19 21 -15 -16 -10 -9 -13 -20
right_child=1 2 10 -5 6 13 7 17 23 -11 -12 25 14 20 22 -17 -18 19 26 -21 -22 -23 -24 -25 -26 -27 -28
leaf_value=0.0059414458438752475 0.013234531404681116 0.0033955862951096133 -0.0029319794444382574 -0.016003933178098621 -0.0013738615796764922 0.00091383622625273292 -0.0040547160086692206 -0.0073863680948052261 -0.0070484335687990719 0.0031981851206014478 -0.006808997585528739 0.0040011008496167047 -0.0053787560131218501 -0.002722983977517197 -0.011646795799445579 0.0053056119380230542 -0.0040850573767893745 -0.0081491258840830326 0.010430368978802555 -0.013483105536334384 -0.00024023359050335275 -0.0072338016081358401 -0.0096208950638655855 -0.012715120882562506 -0.010396994992569762 0.0047291171638201698 0.013265123735403846
leaf_weight=6.4477911442518261 60.945269450545311 410.57749438285828 10.194795027375219 101.6240302324295 5.1766474246978751 28.060632362961769 25.245614320039749 17.324932813644413 5.6353211253881454 29.736660987138748 5.2485976666212073 73.221558064222336 12.708648070693014 12.450781017541887 44.991487637162209 6.4536497443914405 19.656283304095268 6.3730591088533428 4.7408373057842237 16.730947226285934 5.9777927994728079 15.914600670337675 90.572714641690254 6.3477983176708204 7.6609967947006217 274.55722849071026 5.1092824190855026
leaf_count=29 288 1717 41 422 21 114 101 70 23 122 21 309 51 50 184 26 79 26 22 69 24 64 370 26 31 1158 23
internal_value=0 0.00224281 0.00147759 -0.000453401 -0.00562269 -0.000146386 -0.00776038 -0.00532642 -0.00190686 -0.000132051 0.0042006 0.00436202 -0.00958534 -0.0019305 -0.00987203 -0.00037684 -0.00114538 -0.0100882 0.00954313 -0.0120118 -0.00438114 -0.00525381 -0.0102933 -0.0100502 -0.00830946 0.00457584 0.0119008
internal_weight=0 936.369 875.424 512.202 373.316 104.812 268.505 115.055 66.9654 54.9823 363.222 357.974 153.449 88.5137 148.273 54.1706 47.7169 48.0899 16.2979 23.104 34.3432 28.3654 135.564 11.9831 24.9859 347.779 9.85012
internal_count=5481 3956 3668 2139 1525 431 1094 468 272 223 1529 1508 626 357 605 219 193 196 74 95 138 114 554 49 101 1467 45
is_linear=0
shrinkage=0.01


Tree=46
num_leaves=31
num_cat=0
split_feature=12 1 1 1 1 1 1 12 1 1 1 1 1 1 12 1 12 1 1 1 1 1 1 12 12 1 1 1 1 1
split_gain=160.176 9.58994 10.7562 6.71278 6.72086 6.64392 6.37008 5.48146 5.12323 7.14155 4.80859 4.5105 4.01688 16.0945 8.82024 3.87891 3.78007 3.38859 7.29076 3.52072 5.24109 3.50153 3.1449 2.81464 6.23 2.48482 1.73083 1.56019 1.26056 0.986489
threshold=1.9533992703327747 1183610596918.0002 679621560489.50012 643953705598.00012 660434126998.00012 679621585593.00012 4334145191470.5005 1.9795662181961944 207995304615.50003 229009853761.00003 4223680127722.5005 174026417975.00003 1731095585241.0002 1818756059608.0002 1.973616730110737 976004800465.50012 1.9592252154137344 3062739739830.0005 3258691812802.5005 3022918916661.5005 3018885389680.0005 3188672102742.0005 3022918922337.5005 2.9328707277558479 1.9875554604720462 446992604946.50006 4334145194491.0005 4334145198256.5005 183964076434.00003 632859025282.50012
decision_type=2 2 2 2 2 2 2 2 2 2 2 2 2 2 2 2 2 2 2 2 2 2 2 2 2 2 2 2 2 2
left_child=3 2 16 8 -5 -4 10 15 11 -10 12 -1 14 -14 -3 -7 -2 19 21 20 -6 -19 -21 24 -18 -11 -20 -8 -13 -27
right_child=1 6 5 4 17 7 27 -9 9 25 -12 28 13 -15 -16 -17 23 18 26 22 -22 -23 -24 -25 -26 29 -28 -29 -30 -31
leaf_value=0.0089007738484196859 -0.014046572057880537 -0.0030680904449807041 0.0098330889594459778 -0.0046410868161807055 0.0015825952897800006 -0.0090549655891948577 -0.018382576439027031 0.0037142746632760093 0.012109840839532076 -0.0010808206343220644 0.0014230684130214449 0.003291508477799506 0.0042320417413042374 -0.0065997362051546018 -0.013233971998831296 0.00079015591685363724 -0.0064191875666595281 0.0045032486132864777 0.0025281796307768624 -0.0066638541265677574 0.0063985440850249462 0.010372044093323965 0.00084052531742451479 -0.011774403857030611 0.0018905895279790364 0.0041014714932604808 -0.00070573486217441733 -0.010390384336286506 -0.00065842964690833656 0.0077580584513326032
leaf_weight=8.0930694937705976 4.8500749319791785 13.551372766494749 7.3955320566892615 15.32541812956333 531.82181034982204 9.0896428823471123 4.8791134059429151 14.660170093178747 16.939103588461876 6.992490902543067 8.1061492115259153 12.076257452368734 14.662918478250502 212.76952333748341 23.054806143045425 7.1497504711151114 30.413500219583511 26.1847825050354 180.00258357822895 9.3651955127716082 23.600134268403053 16.618253871798515 13.832848772406576 5.1504865735769263 12.82737113535404 19.065255731344227 18.225709706544876 4.8911772072315216 24.412187412381172 12.035698145627974
leaf_count=35 20 55 32 64 2241 37 20 61 82 30 33 51 62 866 94 29 123 112 759 39 100 72 58 21 54 82 76 20 102 51
internal_value=0 -0.00553502 -0.00272278 0.00221285 0.00192012 0.00131912 -0.00644814 -0.000718621 0.00466652 0.00670769 -0.00616332 0.00214685 -0.00639623 -0.00590139 -0.00947063 -0.00472043 -0.00563 0.0020428 0.00303902 0.00162781 0.00178723 0.00678181 -0.00218904 -0.00478645 -0.0039541 0.00430551 0.00223084 -0.0143815 0.000648846 0.00551653
internal_weight=0 373.452 91.5365 934.591 834.977 38.2951 281.915 30.8996 99.6141 55.0325 272.145 44.5815 264.039 227.432 36.6062 16.2394 53.2414 819.651 241.031 578.62 555.422 42.803 23.198 48.3914 43.2409 38.0934 198.228 9.77029 36.4884 31.101
internal_count=5481 1527 377 3954 3521 159 1150 127 433 245 1110 188 1077 928 149 66 218 3457 1019 2438 2341 184 97 198 177 163 835 40 153 133
is_linear=0
shrinkage=0.01


Tree=47
num_leaves=31
num_cat=0
split_feature=2 0 0 0 0 2 2 0 12 2 0 2 1 2 1 1 1 1 1 1 1 12 1 1 1 1 12 1 0 1
split_gain=158.888 77.5041 45.2648 301.043 42.7411 17.6102 11.7062 18.332 9.51156 7.03151 6.35198 5.48014 3.8691 3.5375 3.39642 9.51537 11.4302 4.37399 3.21947 5.9407 4.30225 2.76593 2.88668 2.14522 2.14191 1.8901 1.64118 1.98672 1.31288 1.2546
threshold=70.500000000000014 4216877.0000000009 4231539.5000000009 4216886.5000000009 4216886.5000000009 14.500000000000002 43.500000000000007 4231539.5000000009 2.9160055349214766 51.500000000000007 4231864.0000000009 73.500000000000014 229009853761.00003 9.5000000000000018 1861025320427.0002 2777491179720.5005 3022918913159.5005 679621575134.00012 835223758002.50012 207995304615.50003 1758355642673.5002 1.972957910446512 2777491184717.5005 1060962067794.0001 1837832555784.0002 641304924617.00012 1.9585761340917001 1795796981960.0002 4231767.5000000009 2928742283947.0005
decision_type=2 2 2 2 2 2 2 2 2 2 2 2 2 2 2 2 2 2 2 2 2 2 2 2 2 2 2 2 2 2
left_child=4 -2 3 18 5 24 13 8 9 -8 11 -4 -13 -6 17 -16 -17 25 19 -3 -20 22 -15 -19 -1 -7 27 -9 -28 -23
right_child=1 2 10 -5 6 14 7 26 -10 -11 -12 12 -14 21 15 16 -18 23 20 -21 -22 29 -24 -25 -26 -27 28 -29 -30 -31
leaf_value=0.011811034199425226 0.013148228971754992 0.00081344191525917285 -0.0029189267349548952 -0.015905358016464251 -0.0013230936371415581 -0.00031253819085366524 -0.0039661506644538798 -0.012345143638915106 -0.0099258472687992951 0.0032100181651020356 -0.0067743026444125115 0.0092892289044178029 0.0042858241514434235 -0.0092664335093996103 -0.0090440372730696932 0.011322021314381927 -0.003265688077664107 0.0072536186856016821 0.00088026540017523017 0.0074827327859142249 0.0035598128091355735 -0.0094212472803249566 0.00041522998987093606 0.00079708416839355592 0.0038298488117227253 -0.0073221414777724474 -0.0079996544209406367 -0.0062592947994472856 -0.013340509408346982 -0.011423048221653399
leaf_weight=11.475427210330965 60.501283407211304 19.300323814153671 10.195473566651343 101.33874362707138 5.1792928278446189 8.2093067169189435 25.243879616260529 7.8082394301891354 11.956643208861349 29.740196362137794 5.2485316544771186 16.212196245789528 331.05719302594662 7.4605782926082593 19.415294408798218 6.8114298582077017 25.405008137226105 8.5839586853981036 76.975516498088837 43.365567341446877 270.43639519810677 85.990719750523567 5.2445019036531448 12.848833873867987 4.7561778277158728 7.2387958019971839 6.3573516458272961 17.136260241270065 16.674908936023712 49.234812676906586
leaf_count=54 288 80 41 422 21 33 101 32 49 122 21 69 1398 30 78 28 102 35 319 185 1133 351 21 52 20 29 26 69 69 203
internal_value=0 0.00220242 0.00144482 -0.000471581 -0.00551921 -0.000102622 -0.007636 -0.00522373 -0.00184244 -8.4651e-05 0.0041469 0.00430725 0.00451941 -0.00944654 -0.00185851 -0.00351409 -0.00018145 0.000459239 0.00334243 0.00542867 0.00296611 -0.00973096 -0.00526996 0.00338296 0.00947239 -0.00359715 -0.00994155 -0.00816431 -0.0118663 -0.0101501
internal_weight=0 934.631 874.13 511.417 372.772 104.744 268.027 114.917 66.9407 54.9841 362.713 357.465 347.269 153.11 88.5126 51.6317 32.2164 36.8809 410.078 62.6659 347.412 147.931 12.7051 21.4328 16.2316 15.4481 47.9768 24.9445 23.0323 135.226
internal_count=5481 3956 3668 2139 1525 431 1094 468 272 223 1529 1508 1467 626 357 208 130 149 1717 265 1452 605 51 87 74 62 196 101 95 554
is_linear=0
shrinkage=0.01


Tree=48
num_leaves=31
num_cat=0
split_feature=2 0 0 0 0 2 2 0 2 1 0 2 1 2 1 1 1 1 1 1 12 12 1 1 1 1 12 1 2 1
split_gain=155.913 76.4668 44.4073 295.901 41.9531 17.3114 11.5069 18.01 9.34028 7.68555 6.23037 5.378 3.80966 3.47945 3.33046 9.33257 11.2188 4.28804 3.19987 7.77756 2.76633 2.72485 2.83219 2.12233 2.10577 1.85283 1.62129 1.95705 1.30063 1.23979
threshold=70.500000000000014 4216877.0000000009 4231539.5000000009 4216886.5000000009 4216886.5000000009 14.500000000000002 43.500000000000007 4231539.5000000009 55.500000000000007 1646869333327.5002 4231864.0000000009 73.500000000000014 229009853761.00003 9.5000000000000018 1861025320427.0002 2777491179720.5005 3022918913159.5005 679621575134.00012 4223680115167.5005 3704794817060.5005 2.9007212158535043 1.972957910446512 2777491184717.5005 1837832555784.0002 1060962067794.0001 641304924617.00012 1.9585761340917001 1795796981960.0002 53.500000000000007 2928742283947.0005
decision_type=2 2 2 2 2 2 2 2 2 2 2 2 2 2 2 2 2 2 2 2 2 2 2 2 2 2 2 2 2 2
left_child=4 -2 3 18 5 23 13 8 9 -8 11 -4 -13 -6 17 -16 -17 25 19 -3 -10 22 -15 -1 -19 -7 27 -9 -28 -23
right_child=1 2 10 -5 6 14 7 26 20 -11 -12 12 -14 21 15 16 -18 24 -20 -21 -22 29 -24 -25 -26 -27 28 -29 -30 -31
leaf_value=0.011747064069416951 0.013085941762267895 0.0035333486826954782 -0.0028891333437611509 -0.015797215357401508 -0.0013096672143275206 -0.00030940832328769913 0.0017073814587256495 -0.012244453494184054 0.0058011645350128649 -0.0071872871264411151 -0.006706395320603604 0.0092175380167272367 0.0042471707674071844 -0.0091801574908227917 -0.008958869982498438 0.011230007011793592 -0.0032327722697247942 0.0071879504771027803 0.0067014070837341901 -0.0014009185446183139 -0.0021593108391300894 -0.0093395552108442425 0.00041108227438947035 0.0037947354357915171 0.00078916080362397402 -0.0072497538868055945 -0.0079220490320372882 -0.0061998968212555053 -0.013242243396249328 -0.01133122899330659
leaf_weight=11.422803148627283 60.18296580016613 348.53487847745419 10.197594583034514 101.01377747952938 5.1800632029771796 8.2094231694936735 14.123434677720068 7.793796822428706 15.604671746492388 31.117912709712982 5.2486595958471289 16.175092920660973 330.73108758032322 7.4554125070571882 19.403923004865646 6.798631787300109 25.407033517956734 8.5757977962493914 26.073158919811249 35.167929545044899 6.060996636748313 85.876017615199089 5.2444431483745575 4.7522058188915244 12.848063945770262 7.2379675507545462 6.3489589840173748 17.127474263310432 16.634762227535248 49.137920409440994
leaf_count=54 288 1461 41 422 21 33 57 32 64 126 21 69 1398 30 78 28 102 35 110 146 25 351 21 20 52 29 26 69 69 203
internal_value=0 0.00218345 0.00143198 -0.000467476 -0.00547007 -0.000101646 -0.00756878 -0.00517628 -0.00182494 -0.00441055 0.00410955 0.00426852 0.00447892 -0.00936537 -0.00184058 -0.00348043 -0.000179672 0.000454773 0.00331146 0.0030811 0.00357421 -0.00964787 -0.00521943 0.00941068 0.00335054 -0.00356135 -0.00985696 -0.00809025 -0.0117726 -0.0100644
internal_weight=0 933.325 873.142 510.79 372.362 104.656 267.706 114.812 66.907 45.2413 362.352 357.104 346.906 152.894 88.4808 51.6096 32.2057 36.8713 409.776 383.703 21.6657 147.714 12.6999 16.175 21.4239 15.4474 47.905 24.9213 22.9837 135.014
internal_count=5481 3956 3668 2139 1525 431 1094 468 272 183 1529 1508 1467 626 357 208 130 149 1717 1607 89 605 51 74 87 62 196 101 95 554
is_linear=0
shrinkage=0.01


Tree=49
num_leaves=31
num_cat=0
split_feature=2 2 1 13 1 1 1 13 1 1 2 1 1 1 2 13 1 1 1 1 1 1 1 1 1 1 1 1 1 1
split_gain=152.991 25.275 7.22159 6.43887 6.38488 6.64206 6.29651 5.95206 4.98156 6.8968 4.72501 4.58147 5.7655 4.39936 4.00749 3.3426 3.20316 7.0497 3.43797 3.42487 5.09468 3.06791 2.4546 1.71147 1.57555 1.42736 1.17548 1.00288 0.771075 0.527683
threshold=70.500000000000014 14.500000000000002 4334145191470.5005 2.9575138337046307 643953705598.00012 660434126998.00012 1861025320427.0002 1.9924137935811148 207995304615.50003 229009853761.00003 40.500000000000007 3020926383199.5005 2384994530278.5005 174026417975.00003 21.500000000000004 1.9964525882004638 3062739739830.0005 3258691812802.5005 3188672102742.0005 3022918916661.5005 3018885389680.0005 3022918922337.5005 446992604946.50006 4334145194491.0005 679621560489.50012 1224176380759.0002 183964076434.00003 632859025282.50012 207995293143.50003 3133201344233.0005
decision_type=2 2 2 2 2 2 2 2 2 2 2 2 2 2 2 2 2 2 2 2 2 2 2 2 2 2 2 2 2 2
left_child=1 6 3 7 8 -6 24 10 13 -10 -3 12 -5 -2 -9 -8 19 18 -18 20 -7 -21 -11 -19 -1 -26 -15 -24 -28 -13
right_child=4 2 -4 11 5 16 15 14 9 22 -12 29 -14 26 -16 -17 17 23 -20 21 -22 -23 27 -25 25 -27 28 -29 -30 -31
leaf_value=0.003838307406863212 0.0087703036333367321 -0.0074441787878721999 -0.014856456202554592 -0.0094129649164356559 -0.0046484541690341372 0.0015533405117292792 -0.0067773865109993087 -0.0042172542623125512 0.011947907972576055 -0.0011332677227317998 -0.004582198462866594 -0.012103067764677195 0.0018859775575163636 0.0031549148897455121 0.0014379573622912468 0.0039309753198870246 0.0044005706251779141 0.0024725880193306017 0.010230540440171781 -0.0065959512643034499 0.0063106159540790106 0.00082545843285502661 0.0040078674453868056 -0.00074756239094401382 0.014585541248510574 0.0068816256999454581 -0.0018131891821949312 0.0077027416172679806 0.0020973754167672061 -0.016379355464023717
leaf_weight=4.9391286671161678 8.0434816628694517 122.46131139993668 9.2489104270935041 26.356406167149547 15.301051303744314 530.81009045243263 5.8392993658781034 43.442939698696136 16.676417008042336 6.9626235365867606 109.0580061674118 4.7438328266143781 5.4498989284038535 12.02749118208885 17.610141202807426 5.8207104653120041 26.08677613735199 179.47264578938484 16.52108895778656 9.3440597653388995 23.508237734436989 13.791749298572539 18.979341596364979 18.176599785685539 4.8766648918390256 4.7450138479471207 17.19773589074612 11.984668225049971 7.1336877942085257 7.3667242676019669
leaf_count=22 35 499 38 108 64 2243 24 177 82 30 443 20 22 51 72 24 112 759 72 39 100 58 82 76 23 22 72 51 30 31
internal_value=0 -0.00542126 -0.00613914 -0.00589953 0.00216466 0.00187932 0.00404434 -0.00536358 0.00456549 0.00658826 -0.00609603 -0.00946995 -0.00747693 0.00207801 -0.00258607 -0.00143174 0.00200147 0.00297178 0.00666113 0.00159776 0.00175509 -0.00217189 0.00423162 0.00217645 0.00842948 0.0107863 0.000597515 0.00543797 -0.000666658 -0.0147043
internal_weight=0 371.959 345.738 336.489 932.018 833.012 26.2208 292.572 99.0054 54.6031 231.519 43.9169 31.8063 44.4024 61.0531 11.66 817.711 240.257 42.6079 577.454 554.318 23.1358 37.9266 197.649 14.5608 9.62168 36.3589 30.964 24.3314 12.1106
internal_count=5481 1525 1410 1372 3956 3523 115 1191 433 245 942 181 130 188 249 48 3459 1019 184 2440 2343 97 163 835 67 45 153 133 102 51
is_linear=0
shrinkage=0.01


Tree=50
num_leaves=31
num_cat=0
split_feature=2 0 0 0 0 2 2 0 12 2 0 2 1 2 1 1 1 1 1 1 1 12 1 1 1 1 12 1 0 12
split_gain=150.041 75.2645 43.6648 290.622 41.0636 16.6841 11.2634 17.7152 9.18129 6.76613 6.13055 5.27846 3.74049 3.33018 3.26084 9.17927 11.005 4.19912 3.16614 5.84351 4.21187 2.66775 2.78061 2.07032 2.06888 1.87478 1.6088 1.9413 1.29896 1.24966
threshold=70.500000000000014 4216877.0000000009 4231539.5000000009 4216886.5000000009 4216886.5000000009 14.500000000000002 43.500000000000007 4231539.5000000009 2.9160055349214766 51.500000000000007 4231864.0000000009 73.500000000000014 229009853761.00003 9.5000000000000018 1861025320427.0002 2777491179720.5005 3022918913159.5005 679621564551.50012 835223758002.50012 207995304615.50003 1758355642673.5002 1.972957910446512 2777491184717.5005 643953709458.00012 1837832555784.0002 1060962067794.0001 1.9585761340917001 1215926412144.5002 4231767.5000000009 2.9440373418857591
decision_type=2 2 2 2 2 2 2 2 2 2 2 2 2 2 2 2 2 2 2 2 2 2 2 2 2 2 2 2 2 2
left_child=4 -2 3 18 5 24 13 8 9 -8 11 -4 -13 -6 17 -16 -17 23 19 -3 -20 22 -15 -7 -1 -19 27 -9 -28 -23
right_child=1 2 10 -5 6 14 7 26 -10 -11 -12 12 -14 21 15 16 -18 25 20 -21 -22 29 -24 -25 -26 -27 28 -29 -30 -31
leaf_value=0.011636271850338324 0.013002958474123957 0.0007529849609048733 -0.0028758974073217723 -0.015702721711481817 -0.0013477664879207444 -0.00074222920338184691 -0.0038425968726478483 -0.013189492170183278 -0.0097197609998242746 0.0031976647018547104 -0.0066720986682201498 0.0091263361664938765 0.0041939716107934058 -0.009052629182900028 -0.0088206254706189088 0.011194903775457701 -0.0031335267515960768 0.0067773015845480206 0.00082154998817611741 0.0073738378490625931 0.0034745515422039486 -0.010121712084488897 0.00045274667484106266 -0.0084636894051199271 0.00377315883391723 0.00084007460256448096 -0.0077910417567624828 -0.0064758095236422406 -0.013114819692444829 -0.0053088232453327279
leaf_weight=11.328850090503694 59.736202776432037 19.276393339037895 10.198218628764151 100.71325126290321 5.1777915954589835 9.4602529406547529 25.23919290304184 5.5406925827264812 11.908777311444281 29.731779083609581 5.2484881281852713 16.12580518424511 330.26846173405647 7.4471601992845518 19.383040219545364 6.7935634553432456 25.408826664090157 9.0734299868345278 76.889318138360977 43.216804176568985 269.89132754504681 128.9976916462183 5.2450129240751266 5.486247017979621 4.7487754374742499 12.851198524236677 6.3340108841657665 19.342518299818039 16.579260379076004 5.6303497999906531
leaf_count=54 288 80 41 422 21 38 101 23 49 122 21 69 1398 30 78 28 102 37 319 185 1133 531 21 22 20 52 26 78 69 23
internal_value=0 0.00214407 0.00140004 -0.000485039 -0.00537069 -5.70077e-05 -0.00744971 -0.00508198 -0.00175931 -3.47781e-05 0.00405692 0.00421483 0.00442359 -0.00923021 -0.00176022 -0.00338345 -0.000110736 0.0005108 0.0032597 0.0053316 0.00288632 -0.00950725 -0.00512455 -0.00357646 0.00931378 0.00329717 -0.00973126 -0.00797073 -0.0116431 -0.00992043
internal_weight=0 931.564 871.828 509.987 371.708 104.534 267.174 114.676 66.8797 54.971 361.841 356.592 346.394 152.498 88.4566 51.5854 32.2024 36.8711 409.274 62.4932 346.781 147.32 12.6922 14.9465 16.0776 21.9246 47.7965 24.8832 22.9133 134.628
internal_count=5481 3956 3668 2139 1525 431 1094 468 272 223 1529 1508 1467 626 357 208 130 149 1717 265 1452 605 51 60 74 89 196 101 95 554
is_linear=0
shrinkage=0.01


Tree=51
num_leaves=31
num_cat=0
split_feature=2 2 1 12 1 1 1 12 1 1 2 1 1 1 2 12 1 1 1 1 1 1 1 1 1 1 1 1 1 1
split_gain=147.239 24.3342 7.10264 6.24697 6.19703 6.532 6.08972 5.80694 4.84969 6.7601 4.60577 4.54897 5.66992 4.3084 3.88872 3.25299 3.11189 6.88133 3.38365 3.33103 4.99576 2.99906 2.41645 1.67667 1.55396 1.4174 1.12268 1.00458 0.753963 0.523305
threshold=70.500000000000014 14.500000000000002 4334145191470.5005 2.9160055349214766 643953705598.00012 660434126998.00012 1861025320427.0002 1.9848851658944422 207995304615.50003 229009853761.00003 40.500000000000007 3020926383199.5005 2384994530278.5005 174026417975.00003 21.500000000000004 1.9929177889658176 3062739739830.0005 3258691812802.5005 3188672102742.0005 3022918916661.5005 3018885389680.0005 3022918922337.5005 446992604946.50006 4334145194491.0005 679621560489.50012 1224176380759.0002 183964076434.00003 632859025282.50012 207995293143.50003 3133201344233.0005
decision_type=2 2 2 2 2 2 2 2 2 2 2 2 2 2 2 2 2 2 2 2 2 2 2 2 2 2 2 2 2 2
left_child=1 6 3 7 8 -6 24 10 13 -10 -3 12 -5 -2 -9 -8 19 18 -18 20 -7 -21 -11 -19 -1 -26 -15 -24 -28 -13
right_child=4 2 -4 11 5 16 15 14 9 22 -12 29 -14 26 -16 -17 17 23 -20 21 -22 -23 27 -25 25 -27 28 -29 -30 -31
leaf_value=0.0037528878273902365 0.0086779463322837064 -0.0073186821449452311 -0.014686011274248914 -0.0092511078030727365 -0.0046304401280567418 0.0015231860515291123 -0.0066739162717850114 -0.0041251739759046568 0.011838692798145469 -0.0011605775563558881 -0.0044910155542289476 -0.011948736345418629 0.0019600070259742841 0.0030777878441710306 0.0014477200444748082 0.0038954498266142779 0.004330631283528931 0.0024307545888969939 0.01012487797414924 -0.0065277927861487495 0.0062401077122354529 0.00081412994120148136 0.0039336308127974331 -0.00075847579277589657 0.01447980457870959 0.0067720527593798062 -0.001794814083853166 0.0076371994993118678 0.0020759298890594023 -0.016218552604197311
leaf_weight=4.919612109661105 8.0108375251293165 122.2295281291008 9.2205752283334714 26.277861908078197 15.293332427740095 529.98639692366123 5.8322416394948942 43.402784153819084 16.50267519056797 6.9470562040805808 108.94622649252415 4.7203780710697156 5.445963814854621 11.999823138117788 17.597980365157127 5.8156226724386215 26.02408766746521 179.15609826147556 16.448404341936111 9.3357485085725802 23.446855053305626 13.770167842507361 18.921590149402622 18.155020266771317 4.8288044631481153 4.7157973349094391 17.176593959331516 11.949008628726004 7.1174353361129752 7.3238235712051392
leaf_count=22 35 499 38 108 64 2243 24 177 82 30 443 20 22 51 72 24 112 759 72 39 100 58 82 76 23 22 72 51 30 31
internal_value=0 -0.00532319 -0.00602734 -0.00578969 0.00212566 0.00184458 0.00398471 -0.00526191 0.00449574 0.0064984 -0.00598609 -0.00931295 -0.00732652 0.00204035 -0.00251746 -0.00139677 0.00196589 0.00292327 0.00657458 0.00156771 0.00172302 -0.00215231 0.00416802 0.00213731 0.00831836 0.0106716 0.000575288 0.00536716 -0.0006608 -0.0145451
internal_weight=0 371.277 345.165 335.945 930.241 831.616 26.1121 292.177 98.625 54.3203 231.176 43.768 31.7238 44.3047 61.0008 11.6479 816.323 239.784 42.4725 576.539 553.433 23.1059 37.8177 197.311 14.4642 9.5446 36.2939 30.8706 24.294 12.0442
internal_count=5481 1525 1410 1372 3956 3523 115 1191 433 245 942 181 130 188 249 48 3459 1019 184 2440 2343 97 163 835 67 45 153 133 102 51
is_linear=0
shrinkage=0.01


Tree=52
num_leaves=31
num_cat=0
split_feature=12 0 0 0 0 12 12 0 12 0 12 12 12 12 12 12 12 12 12 0 12 12 12 3 12 12 12 0 12 12
split_gain=142.637 74.2417 43.3479 290.086 39.6158 16.0815 8.79377 18.3253 7.88922 6.03222 5.18076 4.20062 3.9057 12.4331 3.19807 2.37068 2.7261 1.62741 1.38836 1.30761 1.20668 1.37947 1.04332 0.967698 0.481728 0.314945 1.00655 0.312224 0.168321 0.0523595
threshold=1.9533992703327747 4216877.0000000009 4231539.5000000009 4216886.5000000009 4216886.5000000009 1.9902329949527153 1.972957910446512 4231539.5000000009 1.9631289435398596 4231864.0000000009 1.951465162485281 1.9842187211896343 2.9160055349214766 1.9949361603821067 1.9795662181961944 1.9808932560376222 1.9848851658944422 1.9585761340917001 1.9922459088058959 4231767.5000000009 1.972957910446512 1.9775790269231281 1.9657402510146069 29.500000000000004 1.955337309772631 1.9828871843692708 1.9808932560376222 4231767.5000000009 1.994262914445758 1.9605246968940675
decision_type=2 2 2 2 2 2 2 2 2 2 2 2 2 2 2 2 2 2 2 2 2 2 2 2 2 2 2 2 2 2
left_child=1 -1 3 -3 5 14 7 8 29 10 27 25 13 -13 20 -16 -17 24 -7 -19 -2 -22 -10 -14 -9 26 -8 -4 -20 -6
right_child=4 2 9 -5 6 18 11 17 22 -11 -12 12 23 -15 15 16 -18 19 28 -21 21 -23 -24 -25 -26 -27 -28 -29 -30 -31
leaf_value=0.012921871620476174 1.3557158190403635e-05 0.0032088442670690736 0.0037872291400105401 -0.015799192435437301 0.0045847301530297872 0.0055809157845441906 -0.01112592394464447 -0.009948514341881742 0.00017348773779449184 -0.0066376559835825012 -0.0028625045032327693 -0.008455038725302351 -0.010762917385994764 0.0029985964128168997 0.0055220804569734066 -0.0037960741947805172 0.0010621260225164111 -0.0076835918714994803 0.012794981619627548 -0.01303126009689317 -0.0068865228034429848 -0.002439395556171058 -0.0040758981222851869 -0.007852647481721254 -0.006928143833180354 -0.012442676438865003 -0.0079926050164772552 0.0045242077068652284 0.010138216112828944 0.0057979231665830225
leaf_weight=59.288274317979813 5.9719138741493216 408.76512406766415 72.813559994101524 99.91292068362236 8.5539785474538785 6.3332699388265601 44.521922320127487 7.614394590258601 6.8672719448804846 5.248273253440856 10.198809683322905 35.708394438028336 25.78601536154747 12.901831090450285 6.4490917921066275 19.632444694638252 28.056718394160271 6.3214401006698635 5.3331780433654767 16.526238903403282 15.877640426158907 12.440153300762175 36.420500442385674 20.515670046210289 17.228602901101112 8.723961800336836 13.319624543190001 273.06968739628792 4.3134080618619919 6.0902163833379737
leaf_count=288 24 1717 309 420 35 29 184 31 28 21 41 146 107 53 26 79 114 26 25 69 64 50 146 85 70 36 55 1158 20 25
internal_value=0 0.00209448 0.00135663 -0.000524654 -0.00523649 -1.34822e-05 -0.00727813 -0.00503462 -0.00125538 0.00400508 0.00416194 -0.00874561 -0.00739489 -0.00541508 -0.00168184 -0.000168348 -0.000937874 -0.00962543 0.00921871 -0.0115517 -0.0040714 -0.00493288 -0.00340177 -0.00947341 -0.00785389 -0.0106715 -0.0104044 0.00436906 0.011607 0.00508927
internal_weight=0 929.297 870.008 508.678 371.508 104.408 267.1 105.623 57.932 361.33 356.082 161.477 94.9119 48.6102 88.428 54.1383 47.6892 47.6907 15.9799 22.8477 34.2897 28.3178 43.2878 46.3017 24.843 66.5655 57.8415 345.883 9.64659 14.6442
internal_count=5481 3954 3666 2137 1527 431 1096 430 234 1529 1508 666 391 199 357 219 193 196 74 95 138 114 174 192 101 275 239 1467 45 60
is_linear=0
shrinkage=0.01


Tree=53
num_leaves=31
num_cat=0
split_feature=2 0 0 0 0 2 2 0 12 1 0 2 1 1 1 1 1 1 1 2 12 1 1 1 1 12 1 2 12 2
split_gain=141.713 73.1082 42.1175 280.632 39.4794 15.8064 10.8384 17.1284 8.74602 6.73945 5.91674 5.08412 3.71907 3.18988 9.0284 10.8036 4.10318 3.17493 8.68121 3.14516 2.57061 2.73675 2.03193 2.02189 1.83236 1.58084 1.92916 1.29251 1.23987 1.00813
threshold=70.500000000000014 4216877.0000000009 4231539.5000000009 4216886.5000000009 4216886.5000000009 14.500000000000002 43.500000000000007 4231539.5000000009 2.9160055349214766 1731095585241.0002 4231864.0000000009 73.500000000000014 4334145194491.0005 1861025320427.0002 2777491179720.5005 3022918913159.5005 679621564551.50012 4148002225286.5005 3704794817060.5005 9.5000000000000018 1.972957910446512 2777491184717.5005 1837832555784.0002 643953709458.00012 1060962067794.0001 1.9585761340917001 1215926412144.5002 53.500000000000007 2.9440373418857591 21.500000000000004
decision_type=2 2 2 2 2 2 2 2 2 2 2 2 2 2 2 2 2 2 2 2 2 2 2 2 2 2 2 2 2 2
left_child=4 -2 3 17 5 22 19 8 9 -8 11 -4 -13 16 29 -16 23 18 -3 -6 21 -21 -1 -7 -18 26 -9 -27 -22 -15
right_child=1 2 10 -5 6 13 7 25 -10 -11 -12 12 -14 14 15 -17 24 -19 -20 20 28 -23 -24 -25 -26 27 -28 -29 -30 -31
leaf_value=0.011480220735518978 0.01286283909543186 0.0033995078263359089 -0.0028333207844840288 -0.01550745749709781 -0.0013604484984230858 -0.00066007897530248984 0.004703619699482524 -0.013000116051880685 -0.0094716057093040436 -0.0026070792732592009 -0.0065714198125606891 0.0044903706121661776 -0.0023778481084507962 -0.0047917767103470531 0.011177961032881057 -0.00302139661508475 0.0067761700976083448 0.0063935143656518338 -0.0020055331591360809 -0.0088903833138501958 -0.0099000268797246899 0.00054233703793074475 0.0036655175939574549 -0.0082924859698039581 0.00090631885837785895 -0.0075813238105555819 -0.0062929697509690507 -0.012903957398890428 -0.0050975925736196246 -0.010012126688346248
leaf_weight=11.192091494798659 58.96638211607933 347.40893571078777 10.200809821486471 100.05340272188187 5.1763327419757834 9.460860535502432 19.60453437268734 5.5128908902406719 11.847894355654715 35.341911673545837 5.2481615394353858 337.45034563541412 8.0725915729999524 4.9811622202396419 6.7905264198780051 25.406025961041451 9.0715136677026766 28.57609423995018 32.494881078600883 7.4355880320072156 128.39056247472763 5.2458270192146301 4.73481561243534 5.4819894433021537 12.853169694542883 6.308646589517596 19.306583613157272 16.480632796883583 5.6108774840831748 14.374872192740439
leaf_count=54 288 1461 41 422 21 38 80 23 49 143 21 1434 33 20 28 102 37 121 135 30 531 21 20 22 52 26 78 69 23 58
internal_value=0 0.00208746 0.00135671 -0.000497553 -0.00522698 -1.33297e-05 -0.00727019 -0.00494569 -0.00167897 1.33054e-06 0.00396898 0.00412449 0.00432991 -0.00166517 -0.0032714 -2.66315e-05 0.000580862 0.00317898 0.00293719 -0.00902135 -0.00929169 -0.00498842 0.00915703 -0.00346013 0.00333502 -0.00952886 -0.00778276 -0.0114305 -0.00969894 -0.0086687
internal_weight=0 928.472 869.505 508.533 370.609 104.347 266.262 114.403 66.7943 54.9464 360.972 355.724 345.523 88.4201 51.5526 32.1966 36.8675 408.48 379.904 151.859 146.683 12.6814 15.9269 14.9428 21.9247 47.6088 24.8195 22.7893 134.001 19.356
internal_count=5481 3956 3668 2139 1525 431 1094 468 272 223 1529 1508 1467 357 208 130 149 1717 1596 626 605 51 74 60 89 196 101 95 554 78
is_linear=0
shrinkage=0.01


Tree=54
num_leaves=31
num_cat=0
split_feature=2 2 1 1 1 14 1 14 1 1 1 1 2 1 2 14 1 1 1 1 1 1 1 1 1 1 1 1 1 1
split_gain=139.069 23.0038 6.99449 6.02891 6.42364 5.96236 5.8349 5.55719 4.69666 6.51093 4.53506 5.58708 4.40582 4.19115 3.75525 3.14745 3.04491 6.6474 3.32239 3.21032 4.90161 2.92663 2.38872 1.62866 1.53108 1.41175 1.06106 1.01434 0.752428 0.519923
threshold=70.500000000000014 14.500000000000002 4334145191470.5005 643953705598.00012 660434126998.00012 2.9786331606373486 1861025320427.0002 1.9961996719915736 207995304615.50003 229009853761.00003 3020926383199.5005 2384994530278.5005 40.500000000000007 174026417975.00003 21.500000000000004 1.9982247147143541 3062739739830.0005 3258691812802.5005 3188672102742.0005 3022918916661.5005 3018885389680.0005 3022918922337.5005 446992604946.50006 4334145194491.0005 679621560489.50012 1224176380759.0002 183964076434.00003 632859025282.50012 207995293143.50003 3133201344233.0005
decision_type=2 2 2 2 2 2 2 2 2 2 2 2 2 2 2 2 2 2 2 2 2 2 2 2 2 2 2 2 2 2
left_child=1 6 5 8 -5 7 24 12 13 -10 11 -7 -3 -2 -9 -8 19 18 -18 20 -6 -21 -11 -19 -1 -26 -15 -24 -28 -12
right_child=3 2 -4 4 16 10 15 14 9 22 29 -13 -14 26 -16 -17 17 23 -20 21 -22 -23 27 -25 25 -27 28 -29 -30 -31
leaf_value=0.0036290790023416654 0.0085635223412279891 -0.0071292252966440248 -0.014477387603408751 -0.0046337939138781795 0.0014729537357264422 -0.0090137209408533998 -0.0065644026274498599 -0.00400882816907189 0.011688129249542123 -0.0011955590432938124 -0.011732096527094282 0.002127499035206835 -0.0043602608773552947 0.0029869649569073081 0.0014708380200000499 0.0038440404452626028 0.0042328120438270053 0.0023780517865635599 0.0099891744295647154 -0.0064660773715872009 0.006154570842618487 0.00079670812506739983 0.0038644486422011182 -0.00076896062018224926 0.014354173432775837 0.0066173501573663675 -0.0017869972001560595 0.0075935112661830988 0.0020862279307913702 -0.016004815513138874
leaf_weight=4.888960778713229 7.964433640241622 121.84748134016991 9.1789744049310666 15.269411265850065 528.41573017835617 26.154086560010914 5.8166486918926221 43.333117455244064 16.238716512918472 6.9190782308578482 4.6854341328144056 5.436769187450408 108.75019954144955 11.965554013848303 17.580137550830841 5.8044820576906204 25.926476657390594 178.61785762012005 16.349477142095566 9.3123771846294421 23.352183744311333 13.726681768894194 18.846718981862072 18.112572774291039 4.7644974738359434 4.6703439950942993 17.128737851977352 11.900080129504202 7.0922896414995185 7.2619684934616089
leaf_count=22 35 499 38 64 2243 108 24 177 82 30 20 22 443 51 72 24 112 759 72 39 100 58 82 76 23 22 72 51 30 31
internal_value=0 -0.00518085 -0.00586523 0.00206956 0.00179224 -0.00562929 0.00389934 -0.00511375 0.00441438 0.00639507 -0.0090811 -0.00709632 -0.00582338 0.00199614 -0.00242735 -0.00136563 0.00191281 0.00286141 0.00645898 0.00151838 0.00167109 -0.00213891 0.0041131 0.00208831 0.00817089 0.0105244 0.000550696 0.00530773 -0.000652857 -0.0143292
internal_weight=0 370.173 344.228 927.138 829.083 335.049 25.9449 291.511 98.0556 53.9046 43.5383 31.5909 230.598 44.151 60.9133 11.6211 813.813 239.006 42.276 574.807 551.768 23.0391 37.6659 196.73 14.3238 9.43484 36.1866 30.7468 24.221 11.9474
internal_count=5481 1525 1410 3956 3523 1372 115 1191 433 245 181 130 942 188 249 48 3459 1019 184 2440 2343 97 163 835 67 45 153 133 102 51
is_linear=0
shrinkage=0.01


Tree=55
num_leaves=31
num_cat=0
split_feature=2 0 0 0 0 2 2 0 2 1 0 2 1 1 1 1 1 1 1 1 2 12 12 1 1 1 1 12 1 2
split_gain=136.394 71.9777 41.4143 275.69 38.6568 15.2377 10.6134 16.8515 8.63649 7.43276 5.82187 4.99008 3.67072 3.1743 15.1507 3.62411 3.12355 8.88215 10.5984 4.01665 3.01096 2.74401 2.51832 2.68742 1.98219 1.97949 1.748 1.56912 1.92262 1.27823
threshold=70.500000000000014 4216877.0000000009 4231539.5000000009 4216886.5000000009 4216886.5000000009 14.500000000000002 43.500000000000007 4231539.5000000009 55.500000000000007 1646869333327.5002 4231864.0000000009 73.500000000000014 229009853761.00003 1392992072007.0002 1731095585241.0002 207995304615.50003 1861025320427.0002 2777491179720.5005 3022918913159.5005 679621575134.00012 9.5000000000000018 2.9007212158535043 1.972957910446512 2777491184717.5005 1837832555784.0002 1060962067794.0001 641304924617.00012 1.9585761340917001 2384994535578.5005 53.500000000000007
decision_type=2 2 2 2 2 2 2 2 2 2 2 2 2 2 2 2 2 2 2 2 2 2 2 2 2 2 2 2 2 2
left_child=4 -2 3 13 5 24 20 8 9 -8 11 -4 -13 15 -15 -3 19 -18 -19 26 -6 -10 23 -22 -1 -21 -7 28 -9 -29
right_child=1 2 10 -5 6 16 7 27 21 -11 -12 12 -14 14 -16 -17 17 18 -20 25 22 -23 -24 -25 -26 -27 -28 29 -30 -31
leaf_value=0.011375094579128744 0.012784695199680151 0.00064611405304262502 -0.0028199282241028558 -0.015418126504436136 -0.0013966545051142887 -9.8955621594005818e-05 0.0019106778420909963 -0.0096643583376482788 0.0057918860820753001 -0.0068459083371118978 -0.0065373464845823112 0.0089499559594496819 0.0040490441187432938 -0.0043515898889403123 0.003325832283202896 0.0054278086627767745 -0.008537556322081823 0.011141029501102276 -0.0029273487558584771 0.0071580908412020366 -0.0087690976591169589 -0.0021432715436376748 -0.0095629966303244929 0.00058047449621649854 0.0036448314800594296 0.00095344067262634032 -0.0068421247894953074 -0.0074774917898552456 -0.003779572141380218 -0.012777378556520525
leaf_weight=11.097493097186087 58.516732603311539 19.232577547430992 10.20133927464485 99.730966553092003 5.1741026341915122 8.2127342075109464 14.101278126239775 16.378298193216327 15.59934711456299 31.011281505227089 5.2478438913822165 16.027125313878059 328.98342227935791 28.406131505966187 270.21412819623947 90.129158958792686 19.331028580665588 6.7850705385208121 25.404759973287582 8.5693029463291186 7.426144137978552 6.0472412556409827 133.58565133810043 5.2462190687656403 4.7312971949577323 12.855557337403296 7.2272560000419608 6.2956023812294033 8.3987208008766157 16.418398708105087
leaf_count=54 288 80 41 422 21 33 57 67 64 126 21 69 1398 118 1138 381 78 28 102 35 30 25 554 21 20 52 29 26 34 69
internal_value=0 0.00204987 0.00132632 -0.00051399 -0.00513289 2.87726e-05 -0.00715756 -0.00485651 -0.00161729 -0.00410878 0.00391843 0.0040729 0.00427671 0.00312932 0.00259552 0.00458689 -0.00158941 -0.0031796 3.80269e-05 0.000632971 -0.00889363 0.0035751 -0.00915884 -0.00489848 0.00906448 0.00343512 -0.00325534 -0.00940996 -0.00766958 -0.0113084
internal_weight=0 926.689 868.173 507.713 369.897 104.214 265.682 114.25 66.7591 45.1126 360.46 355.212 345.011 407.982 298.62 109.362 88.3857 51.5209 32.1898 36.8649 151.432 21.6466 146.258 12.6724 15.8288 21.4249 15.44 47.491 24.777 22.714
internal_count=5481 3956 3668 2139 1525 431 1094 468 272 183 1529 1508 1467 1717 1256 461 357 208 130 149 626 89 605 51 74 87 62 196 101 95
is_linear=0
shrinkage=0.01


Tree=56
num_leaves=29
num_cat=0
split_feature=2 0 0 0 0 2 2 0 2 0 2 12 2 2 12 12 12 12 2 12 2 0 12 2 2 0 2 2
split_gain=133.851 71.0334 40.6297 271.089 37.9481 14.9822 10.4416 16.5634 8.46719 5.71047 4.897 3.18448 3.09345 2.96327 2.69244 2.4821 2.01732 1.5516 1.42881 1.38561 1.34291 1.27589 1.23333 0.500949 0.476554 0.311509 0.218432 0.114453
threshold=70.500000000000014 4216877.0000000009 4231539.5000000009 4216886.5000000009 4216886.5000000009 14.500000000000002 43.500000000000007 4231539.5000000009 55.500000000000007 4231864.0000000009 73.500000000000014 2.9160055349214766 33.500000000000007 9.5000000000000018 2.9007212158535043 1.972957910446512 1.972957910446512 1.9585761340917001 19.500000000000004 1.9922459088058959 27.500000000000004 4231767.5000000009 2.9440373418857591 17.500000000000004 67.500000000000014 4231767.5000000009 9.5000000000000018 35.500000000000007
decision_type=2 2 2 2 2 2 2 2 2 2 2 2 2 2 2 2 2 2 2 2 2 2 2 2 2 2 2 2
left_child=4 -2 3 -3 5 19 13 8 11 10 -4 -8 18 -6 -10 -15 -14 24 23 -1 -20 -19 -17 -7 -9 -12 -21 -18
right_child=1 2 9 -5 6 12 7 17 14 -11 25 -13 16 15 -16 22 27 21 20 26 -22 -23 -24 -25 -26 -27 -28 -29
leaf_value=0.0053539419902784869 0.012727564764429966 0.003100261662090219 -0.0027912036627466782 -0.015320070769670919 -0.001382462878122733 0.0006701172360599907 -0.002553846996555989 -0.0066786241631738756 0.0057391848650677185 -0.0064723219110026054 0.003656207236706083 -0.0087298455321727867 0.00011414877878059709 -0.0048520638285922887 -0.0021211866297877174 -0.0096855521381945288 -0.0056807619868257291 -0.007392015715256009 -0.0027758090077196346 0.0098304035679009708 0.00055254226082825965 -0.012692459149684619 -0.0048867471291878543 0.0042203384652527501 -0.0096886277990946255 0.0043936484570654081 0.0128642946619113 -0.0074108821552331975
leaf_weight=6.261983484029769 58.193227365612984 407.68984262645245 10.203250408172606 99.367418423295021 5.1749402731657019 10.5750729739666 34.041678220033646 17.16806182265282 15.58523626625538 5.2475620657205573 72.556494697928429 11.061696469783781 5.966679364442828 12.665707930922506 6.0490901917219153 127.75717289745808 6.4417026638984671 6.2842260152101543 28.483505964279175 4.5526649802923185 21.104182779788971 16.375153571367264 5.5900049060583106 6.3677283376455298 7.5832328498363486 272.09322991967201 4.9569203853607178 9.4078044295310956
leaf_count=29 288 1717 41 422 21 43 137 70 64 21 309 46 24 51 25 531 26 26 115 22 85 69 23 26 31 1158 23 38
internal_value=0 0.00203232 0.00131458 -0.000509549 -0.00508768 2.85443e-05 -0.00709529 -0.00481227 -0.00160163 0.00388314 0.00403628 -0.00406852 -0.00157421 -0.008819 0.00354138 -0.00908256 -0.00484195 -0.00933174 -0.000502676 0.00900659 -0.00135929 -0.0112225 -0.00948438 0.00200442 -0.00760082 0.0042384 0.0114118 -0.00670771
internal_weight=0 925.351 867.158 507.057 369.454 104.118 265.336 114.148 66.7377 360.101 354.853 45.1034 88.3467 151.188 21.6343 146.013 21.8162 47.4107 66.5305 15.7716 49.5877 22.6594 133.347 16.9428 24.7513 344.65 9.50959 15.8495
internal_count=5481 3956 3668 2139 1525 431 1094 468 272 1529 1508 183 357 626 89 605 88 196 269 74 200 95 554 69 101 1467 45 64
is_linear=0
shrinkage=0.01


Tree=57
num_leaves=31
num_cat=0
split_feature=2 0 0 0 0 2 2 0 12 1 0 2 1 1 1 2 2 1 1 12 1 1 12 1 2 1 1 1 12 3
split_gain=131.349 70.1049 39.8597 266.584 37.2642 14.7266 10.2708 16.2789 8.31366 6.50954 5.6012 4.80561 3.63317 3.13349 8.54653 3.05399 2.9164 2.45895 3.74233 2.44869 2.63943 1.98221 1.53475 1.91188 1.2653 1.22246 4.22252 1.66654 1.21515 0.958991
threshold=70.500000000000014 4216877.0000000009 4231539.5000000009 4216886.5000000009 4216886.5000000009 14.500000000000002 43.500000000000007 4231539.5000000009 2.9160055349214766 1731095585241.0002 4231864.0000000009 73.500000000000014 4334145194491.0005 4148002225286.5005 3704794817060.5005 30.500000000000004 9.5000000000000018 3707401113965.5005 3094276739890.0005 1.972957910446512 2777491184717.5005 1837832555784.0002 1.9585761340917001 1215926412144.5002 53.500000000000007 1818756059608.0002 2269127725316.0005 679621564551.50012 2.9440373418857591 19.500000000000004
decision_type=2 2 2 2 2 2 2 2 2 2 2 2 2 2 2 2 2 2 2 2 2 2 2 2 2 2 2 2 2 2
left_child=4 -2 3 13 5 21 16 8 9 -8 11 -4 -13 14 -3 17 -6 18 -7 20 -18 -1 23 -9 -24 27 -27 -17 -21 -10
right_child=1 2 10 -5 6 15 7 22 29 -11 -12 12 -14 -15 -16 25 19 -19 -20 28 -22 -23 24 -25 -26 26 -28 -29 -30 -31
leaf_value=0.011271425483491837 0.012671209004965671 0.0032905914552224537 -0.0027627874755529231 -0.015223980150966104 -0.0013684192949103885 -0.00029521483864392104 0.0046719412369377522 -0.012748164513727945 -0.006186201376161206 -0.0025146804887306259 -0.0064080765897336339 0.0043595167685938829 -0.0024317645690373779 0.0062705081070794097 -0.0020762174352136733 -0.0049736459187244833 -0.0086450492834892461 -0.0055112655126807221 0.0083414826538264503 -0.0096067346661011643 0.00062314579804578307 0.0035225469662949933 -0.0073209270682129263 -0.0060500204126846006 -0.012604274469624879 -0.011449813194017529 -0.0021844068033224514 0.0024164240659404939 -0.0048415295861243051 -0.011903122018789016
leaf_weight=11.002791732549666 57.869148999452591 346.47880771756172 10.205102622509001 98.996518507599831 5.175764560699462 41.164525851607323 19.590120986104012 5.4726943224668529 5.5461385548114777 35.341664984822273 5.2471725642681113 336.22511996328831 8.0663755238056165 28.477312386035919 32.451944276690483 6.2369088828563672 7.4157765060663206 7.221413627266883 5.7133591026067725 127.5184880644083 5.2466123998165131 4.7162318378686896 6.2747313529253033 19.253330647945404 16.329187408089638 7.4134691804647472 14.615689128637312 5.9748553484678268 5.585811734199523 6.230438217520712
leaf_count=54 288 1461 41 422 21 167 80 23 23 143 21 1434 33 121 135 25 30 29 23 531 21 20 26 78 69 30 59 24 23 26
internal_value=0 0.0020149 0.00130293 -0.000505151 -0.0050425 2.82996e-05 -0.00703382 -0.00476879 -0.00158631 4.8258e-05 0.00384814 0.00399995 0.0042004 0.00307139 0.00283097 -0.00155858 -0.00874508 -7.93656e-05 0.000757404 -0.009007 -0.00480481 0.0089465 -0.00925427 -0.00753254 -0.0111376 -0.00389568 -0.00530249 -0.0013579 -0.00940676 -0.00921076
internal_weight=0 924.018 866.148 506.405 369.04 104.059 264.981 114.038 66.7084 54.9318 359.744 354.497 344.291 407.408 378.931 88.3402 150.942 54.0993 46.8779 145.767 12.6624 15.719 47.3299 24.726 22.6039 34.2409 22.0292 12.2118 133.104 11.7766
internal_count=5481 3956 3668 2139 1525 431 1094 468 272 223 1529 1508 1467 1717 1596 357 626 219 190 605 51 74 196 101 95 138 89 49 554 49
is_linear=0
shrinkage=0.01


Tree=58
num_leaves=31
num_cat=0
split_feature=2 0 0 0 0 2 2 0 2 1 0 2 1 1 1 1 1 1 1 1 12 2 12 1 1 1 1 1 12 1
split_gain=128.898 69.1913 39.1048 262.175 36.5917 14.4795 10.1048 16.003 8.25409 7.18345 5.49411 4.71601 3.62314 3.11407 14.888 3.56701 3.03888 8.65227 10.4163 3.90963 2.64101 2.42288 2.44292 2.59043 1.96507 1.92762 1.71473 1.70326 1.51741 1.89026
threshold=70.500000000000014 4216877.0000000009 4231539.5000000009 4216886.5000000009 4216886.5000000009 14.500000000000002 43.500000000000007 4231539.5000000009 55.500000000000007 1646869333327.5002 4231864.0000000009 73.500000000000014 229009853761.00003 1392992072007.0002 1731095585241.0002 207995304615.50003 1861025320427.0002 2777491179720.5005 3022918913159.5005 679621575134.00012 2.9007212158535043 11.500000000000002 1.972957910446512 2777491184717.5005 1837832555784.0002 1060962067794.0001 641304924617.00012 2928742283947.0005 1.9585761340917001 1795796981960.0002
decision_type=2 2 2 2 2 2 2 2 2 2 2 2 2 2 2 2 2 2 2 2 2 2 2 2 2 2 2 2 2 2
left_child=4 -2 3 13 5 24 21 8 9 -8 11 -4 -13 15 -15 -3 19 -18 -19 26 -10 -6 23 -23 -1 -21 -7 -24 29 -9
right_child=1 2 10 -5 6 16 7 28 20 -11 -12 12 -14 14 -16 -17 17 18 -20 25 -22 22 27 -25 -26 -27 -28 -29 -30 -31
leaf_value=0.011213374644234385 0.012615607976365533 0.00057658454985759478 -0.0027346759477586921 -0.015129793616296549 -0.0029834929093326985 -6.1574271936522959e-05 0.0019108565501448965 -0.011584858956495319 0.0056871860542276617 -0.0067010092021269809 -0.0063445957836232728 0.0088167983728481523 0.0039364562687771399 -0.0043736994345264166 0.0032390096347647123 0.005324288023330047 -0.008405692657273629 0.011079285826532743 -0.002875767304753704 0.0070910820650128027 -0.0020988128350829236 -0.0085666389342094439 -0.0085033666579620425 0.00061692004206133832 0.0034902080549192084 0.00096612488313189157 -0.0067412642781434478 -0.010878590624013232 -0.011053939394395198 -0.0056077529465460201
leaf_weight=10.949422508478163 57.544582411646843 19.206164389848709 10.206897184252737 98.618563488125801 7.1325744539499274 8.2125281542539579 14.093235611915587 7.6779600381851223 15.569511368870737 30.972008600831032 5.2466789036989203 15.951806128025053 327.97671149671078 28.394950240850449 269.63595430552959 89.883603438735008 19.302277788519859 6.7754429131746283 25.400549799203873 8.5601544231176394 6.04915527999401 7.4088514000177366 83.666997268795967 5.2465581148862839 4.7123512625694266 12.853750526905058 7.2233248054981223 47.235133558511734 22.547633320093155 17.019409120082855
leaf_count=54 288 80 41 422 29 33 57 32 64 126 21 69 1398 118 1138 381 78 28 102 35 25 30 347 21 20 52 29 199 95 69
internal_value=0 0.00199768 0.00129142 -0.000500803 -0.00499795 2.80615e-05 -0.00697307 -0.00472568 -0.00157104 -0.00400782 0.00381352 0.00396401 0.00416281 0.00304284 0.00251371 0.00448842 -0.00154321 -0.00311254 6.28107e-05 0.000649097 0.00350857 -0.0086722 -0.00895484 -0.00475941 0.00888961 0.00341456 -0.00318739 -0.00936045 -0.0091783 -0.00746593
internal_weight=0 922.666 865.121 505.739 368.609 103.99 264.619 113.929 66.6839 45.0652 359.382 354.135 343.929 407.121 298.031 109.09 88.328 51.4783 32.176 36.8498 21.6187 150.69 143.558 12.6554 15.6618 21.4139 15.4359 130.902 47.245 24.6974
internal_count=5481 3956 3668 2139 1525 431 1094 468 272 183 1529 1508 1467 1717 1256 461 357 208 130 149 89 626 597 51 74 87 62 546 196 101
is_linear=0
shrinkage=0.01


Tree=59
num_leaves=31
num_cat=0
split_feature=2 0 0 0 0 2 2 0 13 1 0 2 1 1 1 1 2 1 1 2 13 1 1 13 1 0 13 1 1 1
split_gain=126.5 68.2924 38.3636 257.858 35.9247 14.2373 9.94281 15.7317 8.11211 6.29064 5.38906 4.62802 3.56836 3.08291 5.62456 4.03253 2.9864 2.39552 3.68689 2.39172 2.36298 2.54243 1.94817 1.50021 1.87029 1.26871 1.22099 1.18358 4.09871 1.60563
threshold=70.500000000000014 4216877.0000000009 4231539.5000000009 4216886.5000000009 4216886.5000000009 14.500000000000002 43.500000000000007 4231539.5000000009 2.9575138337046307 1731095585241.0002 4231864.0000000009 73.500000000000014 229009853761.00003 835223758002.50012 207995304615.50003 1758355642673.5002 30.500000000000004 3707401113965.5005 3094276739890.0005 10.500000000000002 1.9863862745312775 2777491184717.5005 1837832555784.0002 1.979068999938582 2384994535578.5005 4231767.5000000009 1.9904005391494681 1818756059608.0002 2269127725316.0005 679621564551.50012
decision_type=2 2 2 2 2 2 2 2 2 2 2 2 2 2 2 2 2 2 2 2 2 2 2 2 2 2 2 2 2 2
left_child=4 -2 3 13 5 22 19 8 9 -8 11 -4 -13 14 -3 -15 17 18 -7 -6 21 -21 -1 24 -9 -25 -22 29 -29 -18
right_child=1 2 10 -5 6 16 7 23 -10 -11 -12 12 -14 15 -16 -17 27 -19 -20 20 26 -23 -24 25 -26 -27 -28 28 -30 -31
leaf_value=0.011155915558193497 0.012560743569136725 0.00057088422204896138 -0.0027068657441159873 -0.015037452575479449 -0.0020812170558050804 -0.00028435053555514391 0.0046049201324198175 -0.0093742667985994791 -0.009099306993266526 -0.0024615532055195766 -0.0062818648340778509 0.0087499465710090627 0.0039009191024415362 0.00062156461069499697 0.0070845738010521346 0.0032232562157509638 -0.0048931005373690339 -0.005425979842560694 0.0082897811886106058 -0.0084891773485323181 -0.010600915305206909 0.00061075769421921789 0.0034581592786503625 -0.00714200836146119 -0.0035599387060231153 -0.012444031506777536 -0.0085614808081586075 -0.011290185516225779 -0.0021545290652178525 0.0023620876892074096
leaf_weight=10.89602819085121 57.219605177640915 19.20398160815239 10.208635792136191 98.233838707208633 5.4251197874546042 41.140561774373055 19.575521111488342 16.291889876127247 11.744293063879011 35.341091766953468 5.2460842281579962 15.913139849901198 327.65658019483089 76.58464989066124 42.806090876460075 268.23586894571781 6.234631881117819 7.2232826650142661 5.71132868528366 7.4017262160778028 43.946997612714767 5.246503084897995 4.7084825783967963 6.2497415691614178 8.377006456255911 16.24193486571312 88.414569064974785 7.3984019458293941 14.606778770685194 5.9723663181066513
leaf_count=54 288 80 41 422 22 167 80 67 49 143 21 69 1398 319 185 1133 25 29 23 30 184 21 20 26 34 69 369 30 59 24
internal_value=0 0.00198063 0.00128002 -0.000496502 -0.0049542 2.78396e-05 -0.00691287 -0.00468288 -0.00155586 5.73548e-05 0.00377916 0.00392836 0.00412551 0.00301458 0.00506734 0.00264542 -0.00152848 -6.55765e-05 0.000760851 -0.00860013 -0.00884401 -0.00471451 0.00883321 -0.00910288 -0.00739985 -0.0109708 -0.00923862 -0.00384072 -0.00522604 -0.00134344
internal_weight=0 921.308 864.089 505.064 368.148 103.892 264.256 113.821 66.6609 54.9166 359.024 353.778 343.57 406.831 62.0101 344.821 88.2874 54.0752 46.8519 150.435 145.01 12.6482 15.6045 47.1606 24.6689 22.4917 132.362 34.2122 22.0052 12.207
internal_count=5481 3956 3668 2139 1525 431 1094 468 272 223 1529 1508 1467 1717 265 1452 357 219 190 626 604 51 74 196 101 95 553 138 89 49
is_linear=0
shrinkage=0.01


Tree=60
num_leaves=31
num_cat=0
split_feature=2 0 0 0 0 2 2 0 2 1 0 2 1 1 1 1 1 1 1 12 2 12 1 1 1 12 1 12 1 2
split_gain=124.143 67.4079 37.6364 253.63 35.2776 13.9988 9.78329 15.4653 8.04889 6.94555 5.28604 4.54166 3.56958 3.08128 7.44341 2.96681 8.42599 10.2326 3.81319 2.58812 2.35784 2.37486 2.49543 1.9315 1.92381 1.80657 1.68947 1.48414 1.86472 1.2586
threshold=70.500000000000014 4216877.0000000009 4231539.5000000009 4216886.5000000009 4216886.5000000009 14.500000000000002 43.500000000000007 4231539.5000000009 55.500000000000007 1646869333327.5002 4231864.0000000009 73.500000000000014 4334145194491.0005 4223680115167.5005 3704794817060.5005 1861025320427.0002 2777491179720.5005 3022918913159.5005 679621564551.50012 2.9007212158535043 11.500000000000002 1.972957910446512 2777491184717.5005 1837832555784.0002 643953709458.00012 1.9802295125484259 2928742283947.0005 1.9585761340917001 1215926412144.5002 53.500000000000007
decision_type=2 2 2 2 2 2 2 2 2 2 2 2 2 2 2 2 2 2 2 2 2 2 2 2 2 2 2 2 2 2
left_child=4 -2 3 13 5 23 20 8 9 -8 11 -4 -13 14 -3 18 -17 -18 24 -10 -6 22 -22 -1 -7 -20 -23 28 -9 -29
right_child=1 2 10 -5 6 15 7 27 19 -11 -12 12 -14 -15 -16 16 17 -19 25 -21 21 26 -24 -25 -26 -27 -28 29 -30 -31
leaf_value=0.011099032356880771 0.012506597732819457 0.0032049101637634863 -0.0026793528816027091 -0.014946902954735136 -0.0029173888590715521 -0.00051415875849692859 0.0018724707831556187 -0.012507863545461319 0.005635648540778259 -0.0065978052478960336 -0.006219871759922546 0.0042466909322891556 -0.0024878220292512609 0.006330868629400405 -0.00163383111258173 -0.0082926285152481842 0.010999397048422463 -0.002842159330202201 -0.00068291593698387946 -0.0020732552208599219 -0.0084126453043570897 -0.0083550390699685378 0.00060465665052709852 0.0034263983837279788 -0.0079635768521786575 0.0053753163097563549 -0.010725533374871898 -0.0070734180130188383 -0.0058714358645351747 -0.012359461498192259
leaf_weight=10.842620268464087 56.894290283322334 345.72465263307095 10.210319727659224 97.842620059847832 7.1324343830347052 9.4609884917736036 14.088023349642752 5.430909842252734 15.553603798151018 30.945444494485855 5.2453914880752555 335.15179547667503 8.0598155409097654 25.801877364516258 35.010621160268784 19.276678666472435 6.7631743997335425 25.397748947143555 7.4692717790603664 6.0488328784704199 7.3944077193737012 83.384974300861359 5.246447816491127 4.7046259343624106 5.4716180711984626 14.4345835596323 47.019248470664024 6.2398744523525265 19.210427790880203 16.194027319550514
leaf_count=54 288 1461 41 422 29 38 57 23 64 126 21 1434 33 110 146 78 28 102 30 25 30 347 21 20 22 59 199 26 78 69
internal_value=0 0.00196374 0.00126873 -0.00049225 -0.00491054 2.76055e-05 -0.00685335 -0.00464059 -0.00154089 -0.00394801 0.00374512 0.00389302 0.00408854 0.0029866 0.00275996 -0.00151343 -0.00306484 6.86047e-05 0.000652926 0.0034771 -0.0085288 -0.00880859 -0.00467011 0.00877728 -0.00324378 0.00330944 -0.00920976 -0.00902828 -0.00733409 -0.0108892
internal_weight=0 919.941 863.047 504.38 367.71 103.821 263.889 113.711 66.6359 45.0335 358.667 353.422 343.212 406.537 380.735 88.2741 51.4376 32.1609 36.8365 21.6024 150.178 143.045 12.6409 15.5472 14.9326 21.9039 130.404 47.0752 24.6413 22.4339
internal_count=5481 3956 3668 2139 1525 431 1094 468 272 183 1529 1508 1467 1717 1607 357 208 130 149 89 626 597 51 74 60 89 546 196 101 95
is_linear=0
shrinkage=0.01


Tree=61
num_leaves=31
num_cat=0
split_feature=2 0 0 0 0 2 2 0 12 2 0 2 1 1 1 1 1 1 1 1 2 12 1 1 1 12 12 1 0 12
split_gain=121.838 66.5377 36.9233 249.489 34.6369 13.7651 9.62689 15.2056 7.91579 6.10572 5.18504 4.45696 3.51725 3.05085 14.5277 3.46804 2.90966 8.26693 10.0455 3.73858 2.32709 2.29725 2.44939 1.91505 1.88691 1.77238 1.46786 1.84141 1.25672 1.20519
threshold=70.500000000000014 4216877.0000000009 4231539.5000000009 4216886.5000000009 4216886.5000000009 14.500000000000002 43.500000000000007 4231539.5000000009 2.9160055349214766 51.500000000000007 4231864.0000000009 73.500000000000014 229009853761.00003 1392992072007.0002 1731095585241.0002 207995304615.50003 1861025320427.0002 2777491179720.5005 3022918913159.5005 679621564551.50012 10.500000000000002 1.972957910446512 2777491184717.5005 1837832555784.0002 643953709458.00012 1.9802295125484259 1.9585761340917001 1215926412144.5002 4231767.5000000009 1.9808932560376222
decision_type=2 2 2 2 2 2 2 2 2 2 2 2 2 2 2 2 2 2 2 2 2 2 2 2 2 2 2 2 2 2
left_child=4 -2 3 13 5 23 20 8 9 -8 11 -4 -13 15 -15 -3 19 -18 -19 24 -6 22 -22 -1 -7 -21 27 -9 -28 -23
right_child=1 2 10 -5 6 16 7 26 -10 -11 -12 12 -14 14 -16 -17 17 18 -20 25 21 29 -24 -25 -26 -27 28 -29 -30 -31
leaf_value=0.011042711715927802 0.012453151780474134 0.00053353923136474201 -0.0026521340042351782 -0.014858090349504322 -0.002030190840558695 -0.00050901052717941488 -0.0035522059286335517 -0.012419935866134114 -0.0089895997668392267 0.0031397889559576738 -0.006158602248598489 0.0086516735539130113 0.0038289047757585075 -0.0043677652996330068 0.0031526863554080038 0.0052178151995809002 -0.0082168760053444572 0.010911748186315589 -0.0028137098270014909 -0.00067607109593286244 -0.0083370222946996132 -0.01044663579802186 0.00059861665016683796 0.0033949221732918846 -0.0078877493827477028 0.0053252174214939441 -0.00699248007627392 -0.0058169230167383059 -0.012280400586678267 -0.0084163022947803673
leaf_weight=10.789209514856337 56.568715795874596 19.189617574214935 10.211950093507765 97.445181846618652 5.4278655946254721 9.4611107259988767 25.215549185872078 5.4147458076477077 11.711777895689009 29.68451589345932 5.244603917002677 15.85527880489826 326.99571032822132 28.397956997156143 269.05169415473938 89.613907650113106 19.259932994842529 6.7493938356637946 25.398000046610832 7.469443395733836 7.3869035542011243 43.757722228765488 5.2463921159505844 4.7007818967103949 5.4689894616603842 14.424727976322172 6.2277280539274242 19.196622624993324 16.147676289081573 88.097205027937889
leaf_count=54 288 80 41 422 22 38 101 23 49 122 21 69 1398 118 1138 381 78 28 102 30 30 184 21 20 22 59 26 78 69 369
internal_value=0 0.001947 0.00125754 -0.000488034 -0.00486774 2.73871e-05 -0.00679451 -0.00459878 -0.00152603 6.61619e-05 0.00371141 0.00385803 0.00405194 0.00295881 0.0024347 0.00439165 -0.00149901 -0.00303598 6.79708e-05 0.000646615 -0.00845832 -0.00869979 -0.0046262 0.00872182 -0.00321189 0.00327781 -0.00895493 -0.00726965 -0.0108086 -0.00909009
internal_weight=0 918.575 862.006 503.698 367.236 103.722 263.515 113.599 66.6118 54.9001 358.308 353.063 342.851 406.253 297.45 108.804 88.2316 51.4073 32.1474 36.8243 149.916 144.488 12.6333 15.49 14.9301 21.8942 46.9868 24.6114 22.3754 131.855
internal_count=5481 3956 3668 2139 1525 431 1094 468 272 223 1529 1508 1467 1717 1256 461 357 208 130 149 626 604 51 74 60 89 196 101 95 553
is_linear=0
shrinkage=0.01


Tree=62
num_leaves=29
num_cat=0
split_feature=2 0 0 0 0 2 2 0 12 2 0 2 2 2 12 12 12 12 2 2 2 12 2 2 2 0 2 2
split_gain=119.58 65.6813 36.2231 245.433 34.0116 13.5355 9.46952 14.9481 7.77454 5.98601 5.08596 4.37378 2.88312 2.29499 2.30914 1.98565 1.45189 1.40764 1.38018 1.36526 1.24699 1.22223 0.476678 0.472439 0.329629 0.31106 0.227626 0.108635
threshold=70.500000000000014 4216877.0000000009 4231539.5000000009 4216886.5000000009 4216886.5000000009 14.500000000000002 43.500000000000007 4231539.5000000009 2.9160055349214766 51.500000000000007 4231864.0000000009 73.500000000000014 33.500000000000007 11.500000000000002 1.972957910446512 1.972957910446512 1.9585761340917001 1.9922459088058959 19.500000000000004 27.500000000000004 53.500000000000007 2.9440373418857591 17.500000000000004 67.500000000000014 47.500000000000007 4231767.5000000009 9.5000000000000018 35.500000000000007
decision_type=2 2 2 2 2 2 2 2 2 2 2 2 2 2 2 2 2 2 2 2 2 2 2 2 2 2 2 2
left_child=4 -2 3 -3 5 17 13 8 9 -8 11 -4 18 -6 -15 -14 23 -1 22 -20 -18 -16 -7 -9 -10 -13 -19 -17
right_child=1 2 10 -5 6 12 7 16 24 -11 -12 25 15 14 21 27 20 26 19 -21 -22 -23 -24 -25 -26 -27 -28 -29
leaf_value=0.0049504429425836285 0.012400388845734179 0.0029313195468960536 -0.0026252049522299272 -0.01477096360030127 -0.0028527779543704146 0.00071415346040686382 -0.0035170783406448447 -0.0062849558894564339 -0.010380752792034683 0.0031099505293158726 -0.0060980438831722506 0.0034320279739302882 0.00027576849749278565 -0.0045827747365379569 -0.0092673106643911783 -0.0054972717029265926 -0.0069253980270323401 0.0094834165339995353 -0.0027215501162504408 0.00063693672579296138 -0.012198119974101553 -0.0044701948256027878 0.0041805027258857578 -0.0092928432029336892 -0.0069909466704252254 0.0041712410655790032 0.012616513260399266 -0.0071854018808354472
leaf_weight=6.1381650716066352 56.242952808737755 405.96512942016125 10.213527917861937 97.041783824563026 7.1321164965629569 10.562492802739145 25.212735623121262 17.054795473814014 6.6392774730920774 29.66970531642437 5.2437246292829505 72.105678871273994 5.9571856856346157 12.625556528568266 124.34689189493656 6.4233724474906913 6.217668458819392 4.4362061321735364 28.445426926016808 21.069166451692581 16.09856952726841 5.548198550939559 6.3534550517797461 7.5261890441179267 5.0510496944189072 270.38883705437183 4.8583863079547882 9.3769557327032071
leaf_count=29 288 1717 41 422 29 43 101 70 28 122 21 309 24 51 523 26 26 22 115 85 69 23 26 31 21 1158 23 38
internal_value=0 0.00193042 0.00124646 -0.000483864 -0.00482558 2.71707e-05 -0.00673665 -0.004558 -0.00151167 6.55246e-05 0.00367797 0.00382331 -0.00148475 -0.00838855 -0.00866557 -0.00464416 -0.00888241 0.00866682 -0.000449975 -0.00129247 -0.0107291 -0.00906241 0.00201608 -0.00720591 -0.00891612 0.00401561 0.0111211 -0.00649912
internal_weight=0 917.202 860.959 503.007 366.744 103.621 263.123 113.47 66.5728 54.8824 357.952 352.708 88.1881 149.653 142.521 21.7575 46.8972 15.4328 66.4305 49.5146 22.3162 129.895 16.9159 24.581 11.6903 342.495 9.29459 15.8003
internal_count=5481 3956 3668 2139 1525 431 1094 468 272 223 1529 1508 357 626 597 88 196 74 269 200 95 546 69 101 49 1467 45 64
is_linear=0
shrinkage=0.01


Tree=63
num_leaves=31
num_cat=0
split_feature=2 0 0 0 0 2 2 0 13 1 0 2 1 1 1 2 2 2 2 13 1 1 13 1 0 13 2 1 3 1
split_gain=117.355 64.8386 35.5361 241.457 33.4063 13.3053 9.31471 14.6936 7.63628 6.08827 4.98876 4.29211 3.50994 3.03778 8.28523 2.84537 2.33466 2.55753 2.26436 2.23576 2.40641 1.91561 1.4371 1.82507 1.24531 1.18942 1.15559 1.82677 0.952971 0.808368
threshold=70.500000000000014 4216877.0000000009 4231539.5000000009 4216886.5000000009 4216886.5000000009 14.500000000000002 43.500000000000007 4231539.5000000009 2.9575138337046307 1731095585241.0002 4231864.0000000009 73.500000000000014 4334145194491.0005 4148002225286.5005 3704794817060.5005 30.500000000000004 28.500000000000004 22.500000000000004 10.500000000000002 1.9863862745312775 2777491184717.5005 1837832555784.0002 1.979068999938582 1215926412144.5002 4231767.5000000009 1.9904005391494681 40.500000000000007 2777491179720.5005 19.500000000000004 4334145198256.5005
decision_type=2 2 2 2 2 2 2 2 2 2 2 2 2 2 2 2 2 2 2 2 2 2 2 2 2 2 2 2 2 2
left_child=4 -2 3 13 5 21 18 8 9 -8 11 -4 -13 14 -3 16 17 -7 -6 20 -20 -1 23 -9 -24 -21 27 -17 -10 -15
right_child=1 2 10 -5 6 15 7 22 28 -11 -12 12 -14 29 -16 26 -18 -19 19 25 -22 -23 24 -25 -26 -27 -28 -29 -30 -31
leaf_value=0.010945447996013389 0.012348292511856601 0.0031210432587105335 -0.0025985621091493163 -0.014685473940528606 -0.0019803933762136917 0.0011324940521962425 0.0045426690851924113 -0.012283482935872576 -0.0058180678227622677 -0.0024133183978812564 -0.0060381841096819886 0.0041368354775719665 -0.002544138528950315 0.0068620075738344182 -0.0021682973507941112 -0.0064432582084965771 0.0056129355994579515 -0.0035785241725942939 -0.0082212953074285965 -0.010295526133721745 0.00063841644503967194 0.0032777111138838 -0.0068460842991748547 -0.0056962318161780309 -0.012121219133953422 -0.0082742989354524822 0.00027300931632352933 -0.0011087797619983354 -0.011543029448090925 0.0024865178140699279
leaf_weight=10.694837838411329 55.917069837450981 344.98917029798031 10.215055048465727 96.632683157920837 5.4304849654436103 28.007008895277977 19.546665072441101 5.3886388987302807 5.501625195145607 35.318032026290894 5.2427562028169623 334.08821183443069 8.0531222522258741 23.140647783875469 32.395149171352386 18.321929752826694 6.432432383298873 19.580016449093819 7.374893367290495 43.5639318972826 5.2467415630817413 4.68564149737358 6.2052768766880062 19.164743214845657 16.05113659799099 87.77514511346817 5.9572089016437522 9.8817636519670469 6.1666819006204587 5.1647528111934653
leaf_count=54 288 1461 41 422 22 114 80 23 23 143 21 1434 33 99 135 74 26 79 30 184 21 20 26 78 69 369 24 40 26 22
internal_value=0 0.00191396 0.00123546 -0.000479731 -0.00478322 2.69383e-05 -0.00667922 -0.00451753 -0.00149746 6.48937e-05 0.0036448 0.00378888 0.00397958 0.00290399 0.002667 -0.00147003 -4.15584e-05 -0.000805888 -0.00831928 -0.0085584 -0.00453836 0.00860948 -0.00881011 -0.00714191 -0.0106505 -0.00894472 -0.00372892 -0.00457421 -0.0088437 0.00606363
internal_weight=0 915.839 859.922 502.322 366.295 103.561 262.734 113.343 66.533 54.8647 357.599 352.356 342.141 405.69 377.384 88.1804 54.0195 47.587 149.391 143.961 12.6216 15.3805 46.8098 24.5534 22.2564 131.339 34.1609 28.2037 11.6683 28.3054
internal_count=5481 3956 3668 2139 1525 431 1094 468 272 223 1529 1508 1467 1717 1596 357 219 193 626 604 51 74 196 101 95 553 138 114 49 121
is_linear=0
shrinkage=0.01


Tree=64
num_leaves=31
num_cat=0
split_feature=12 0 0 0 0 12 12 0 12 0 12 12 12 12 1 1 1 1 1 1 1 1 1 1 1 1 1 1 1 1
split_gain=113.503 64.1597 35.2639 241.996 32.2607 13.083 7.27986 15.2639 6.76744 4.8935 4.21204 3.79064 3.56783 10.8976 5.40432 3.47238 3.00955 5.48411 3.94559 2.97963 2.86021 8.08238 9.86926 3.65362 1.91704 2.39441 1.89932 1.84772 1.72882 1.70342
threshold=1.9533992703327747 4216877.0000000009 4231539.5000000009 4216886.5000000009 4216886.5000000009 1.9902329949527153 1.972957910446512 4231539.5000000009 1.9657402510146069 4231864.0000000009 1.951465162485281 1.9842187211896343 2.9160055349214766 1.9956098621939431 3020926383199.5005 229009853761.00003 835223758002.50012 207995304615.50003 1758355642673.5002 1997147138803.0002 1861025320427.0002 2777491179720.5005 3022918913159.5005 679621564551.50012 4006191229963.0005 1183610596918.0002 1837832555784.0002 643953709458.00012 2595850559623.0005 1060962067794.0001
decision_type=2 2 2 2 2 2 2 2 2 2 2 2 2 2 2 2 2 2 2 2 2 2 2 2 2 2 2 2 2 2
left_child=1 -1 3 16 5 20 7 8 19 10 15 24 13 -13 -14 -4 17 -3 -18 -6 23 -22 -23 27 25 -8 -7 -2 -10 -25
right_child=4 2 9 -5 6 26 11 -9 28 -11 -12 12 14 -15 -16 -17 18 -19 -20 -21 21 22 -24 29 -26 -27 -28 -29 -30 -31
leaf_value=0.012296846079050129 -0.00046888762363861641 0.00046834210150575525 0.0085254287171083881 -0.014799659777042926 0.0081301719952452181 0.010890602056546704 -0.0067215956037558087 -0.0087653058185501835 -0.0055616421543396681 -0.0059790106875522451 -0.002572202748846781 -0.0075352634640831577 -0.0063936259726715726 0.0033551524275490714 -0.013952713618406259 0.0037221813210919401 0.00050784236521689372 0.0069107464286387475 0.0030847061244528092 0.00045331179612102888 -0.0081077986397991731 0.010847436617805644 -0.0027661865220340253 0.0065992246311345282 -0.0052682246052763457 -0.011564045502206483 0.0032475654727802637 -0.0077730934316482371 -0.0011401593350120211 0.00093297810047339588
leaf_weight=55.591135635972023 9.4596917629241926 19.164275974035263 15.779182955622671 95.737065643072128 8.1640096455812472 10.641478568315504 13.35104590654373 46.733238950371742 21.099289417266846 5.2417016476392737 10.216532349586485 35.606818050146103 31.861768454313278 12.384271383285521 13.450921908020971 326.00429110229015 76.404693841934204 42.551319092512131 267.28752063214779 13.279958486557005 19.230875685811043 6.7382537722587577 25.393991500139236 9.0409978330135363 8.2571665346622449 43.415614292025566 4.6818640381097785 5.4635815918445578 15.224144011735914 12.841202184557913
leaf_count=288 38 80 69 420 34 54 56 196 85 21 41 148 133 51 59 1398 319 185 1133 54 78 28 102 37 35 184 20 22 61 52
internal_value=0 0.00188562 0.00121136 -0.000499924 -0.0047025 2.67136e-05 -0.00656469 -0.00451615 -0.00107863 0.00361199 0.00375481 -0.00791679 -0.00662508 -0.00472495 -0.00863752 0.00394393 0.00287696 0.00491021 0.00251185 0.003376 -0.00145553 -0.00298019 8.86419e-05 0.000672174 -0.00977028 -0.0104251 0.00855536 -0.00314304 -0.00370848 0.00327408
internal_weight=0 913.978 858.387 501.145 366.32 103.492 262.828 104.501 57.7674 357.242 352 158.328 93.3038 47.9911 45.3127 341.783 405.408 61.7156 343.692 21.444 88.1686 51.3631 32.1322 36.8055 65.0238 56.7667 15.3233 14.9233 36.3234 21.8822
internal_count=5481 3954 3666 2137 1527 431 1096 430 234 1529 1508 666 391 199 192 1467 1717 265 1452 88 357 208 130 149 275 240 74 60 146 89
is_linear=0
shrinkage=0.01


Tree=65
num_leaves=31
num_cat=0
split_feature=12 0 0 0 0 12 12 0 12 0 12 12 12 12 1 1 1 1 1 1 1 1 1 1 1 1 1 1 1 1
split_gain=111.405 63.3399 34.5949 238.125 31.6813 12.8651 7.16929 15.0028 6.66599 4.80003 4.1334 3.736 3.51472 10.6965 5.34999 3.44651 3.1833 2.99107 14.1845 3.37467 2.80523 7.9304 9.68945 3.58263 1.89023 2.36433 1.88324 1.84097 1.66533 8.54269
threshold=1.9533992703327747 4216877.0000000009 4231539.5000000009 4216886.5000000009 4216886.5000000009 1.9902329949527153 1.972957910446512 4231539.5000000009 1.9631289435398596 4231864.0000000009 1.951465162485281 1.9842187211896343 2.9160055349214766 1.9956098621939431 3020926383199.5005 4334145194491.0005 1646869333327.5002 1392992072007.0002 1731095585241.0002 207995304615.50003 1861025320427.0002 2777491179720.5005 3022918913159.5005 679621575134.00012 4006191229963.0005 1183610596918.0002 1837832555784.0002 1060962067794.0001 2777491192362.0005 2384994535578.5005
decision_type=2 2 2 2 2 2 2 2 2 2 2 2 2 2 2 2 2 2 2 2 2 2 2 2 2 2 2 2 2 2
left_child=1 -1 3 17 5 20 7 8 -6 10 15 24 13 -13 -14 -4 -10 19 -19 -3 23 -22 -23 -2 25 -8 -7 -25 29 -9
right_child=4 2 9 -5 6 26 11 28 16 -11 -12 12 14 -15 -16 -17 -18 18 -20 -21 21 22 -24 27 -26 -27 -28 -29 -30 -31
leaf_value=0.012246033486602598 -0.0030080150318766291 0.0004637026111820347 0.0040646995762544805 -0.014717184330017069 0.0047835702297489595 0.010836268448317339 -0.0066641327756621115 -0.009642828001077847 0.00052803843942998208 -0.0059205122281540444 -0.0025461230371438214 -0.0074700305731544413 -0.0063377521795712202 0.0033230731968181986 -0.013871205691816798 -0.0025563839030552931 -0.0051062380715042903 -0.0043915500553071635 0.0030419739207235407 0.0050887012958489878 -0.0080342310967702751 0.010761771365696711 -0.0027385267027053117 0.0069164127689372457 -0.0052221280939196528 -0.011480327201005263 0.0032176888103639962 0.00092370762580886172 -0.012106634500146006 0.004342046155664657
leaf_weight=55.265217617154121 15.420377910137175 19.162460178136826 333.37820357084274 95.312968865036964 14.558493316173552 10.588154867291449 13.33160464465618 30.61334003508091 15.830546140670775 5.2405637949705115 10.217960759997366 35.558822050690651 31.821439370512962 12.378812775015829 13.394941464066504 8.0516542792320234 27.356182664632797 28.385891288518906 268.28936515748501 89.28159511089325 19.212987780570984 6.7240435779094687 25.393972188234329 8.5328055620193499 8.2468052506446821 43.295495048165321 4.678101271390914 12.840383172035216 10.941238850355147 5.0948969274759284
leaf_count=288 62 80 1434 420 60 54 56 129 64 21 41 148 133 51 59 33 110 118 1138 381 78 28 102 35 35 184 20 52 46 21
internal_value=0 0.00186961 0.00120072 -0.00049568 -0.00466197 2.6503e-05 -0.00650916 -0.00447556 -0.00106825 0.00357943 0.003721 -0.00785257 -0.00656944 -0.00468296 -0.00856947 0.00390856 -0.00304094 0.00285023 0.00233073 0.00427145 -0.00144169 -0.00295223 8.78183e-05 0.000665672 -0.00969505 -0.0103465 0.00850168 0.00331617 -0.00869331 -0.00764745
internal_weight=0 912.586 857.321 500.432 365.813 103.391 262.423 104.395 57.7452 356.888 351.648 158.028 93.154 47.9376 45.2164 341.43 43.1867 405.119 296.675 108.444 88.1246 51.331 32.118 36.7936 64.8739 56.6271 15.2663 21.3732 46.6495 35.7082
internal_count=5481 3954 3666 2137 1527 431 1096 430 234 1529 1508 666 391 199 192 1467 174 1717 1256 461 357 208 130 149 275 240 74 87 196 150
is_linear=0
shrinkage=0.01


Tree=66
num_leaves=31
num_cat=0
split_feature=12 0 0 0 0 12 12 0 12 0 12 12 12 12 1 1 1 1 1 12 1 12 1 1 1 1 1 1 1 1
split_gain=109.345 62.5328 33.939 234.332 31.1125 12.651 7.06178 14.7499 6.54133 4.7084 4.05627 3.68245 3.46259 10.4993 5.29698 3.42293 2.98447 8.15351 2.91682 2.78314 2.20254 2.03491 1.86735 1.86402 2.33499 1.81084 6.68811 4.08392 1.72479 1.64119
threshold=1.9533992703327747 4216877.0000000009 4231539.5000000009 4216886.5000000009 4216886.5000000009 1.9902329949527153 1.972957910446512 4231539.5000000009 1.9657402510146069 4231864.0000000009 1.951465162485281 1.9842187211896343 2.9160055349214766 1.9956098621939431 3020926383199.5005 229009853761.00003 4148002225286.5005 3704794817060.5005 1997147138803.0002 1.9775790269231281 3022918913159.5005 1.974275995881978 1837832555784.0002 4006191229963.0005 1183610596918.0002 1862882900580.0002 2777491179720.5005 1731095585241.0002 2595850559623.0005 2777491192362.0005
decision_type=2 2 2 2 2 2 2 2 2 2 2 2 2 2 2 2 2 2 2 2 2 2 2 2 2 2 2 2 2 2
left_child=1 -1 3 16 5 19 7 8 18 10 15 23 13 -13 -14 -4 17 -3 -6 20 21 -2 -7 24 -8 27 -27 -21 -10 -9
right_child=4 2 9 -5 6 22 11 29 28 -11 -12 12 14 -15 -16 -17 -18 -19 -20 25 -22 -23 -24 -25 -26 26 -28 -29 -30 -31
leaf_value=0.012195839455139247 0.0021273012245908661 0.0030398954328383692 0.0084308890090822337 -0.01463625408587294 0.0080357484870555093 0.010782434592353 -0.0066072190831653497 -0.0075839203621904973 -0.005494883906736814 -0.0058626773297686206 -0.002520319482983775 -0.0074054735669413967 -0.0062824178537612754 0.0032913039167773383 -0.013791049321687031 0.0036533240071808105 0.0059605537813778621 -0.0022096258783924705 0.00043429822598751755 -0.00062002573842079918 -0.0094280338835907203 -0.0053685795409590389 0.003188079043798774 -0.0051764450311943882 -0.011397698361171974 -0.0075472548223765893 0.0013057972007549498 0.008188237131786796 -0.0010778798407176705 -0.012015797939041048
leaf_weight=54.939378276467323 5.9146016687154797 344.24847160279751 15.720920637249945 94.883746787905693 8.1451351791620272 10.534876301884649 13.312074661254881 35.64769546687603 21.088721320033073 5.2393451929092398 10.219341799616812 35.510360553860664 31.780903100967407 12.373343691229818 13.338351428508757 325.35308124125004 28.216926634311676 32.369345650076866 13.275443494319914 22.447354063391689 6.462606653571128 9.341556176543234 4.6743533164262763 8.23644110560417 43.173886775970459 13.332241699099539 23.706926211714745 6.8762022256851187 15.221616655588148 10.913849517703055
leaf_count=288 24 1461 69 420 34 54 56 150 85 21 41 148 133 51 59 1398 121 135 54 91 26 38 20 35 184 54 96 28 61 46
internal_value=0 0.00185375 0.00119018 -0.000491475 -0.00462177 2.62952e-05 -0.0064541 -0.00443519 -0.00105783 0.00354719 0.00368753 -0.00778906 -0.00651439 -0.00464138 -0.00850215 0.00387353 0.00282373 0.00258871 0.00332474 -0.00142797 -0.00453518 -0.00246253 0.00844841 -0.00962069 -0.0102687 -0.000411064 -0.00188086 0.00144546 -0.00364324 -0.00862274
internal_weight=0 911.191 856.251 499.718 365.309 103.291 262.018 104.292 57.7309 356.533 351.293 157.725 93.003 47.8837 45.1193 341.074 404.835 376.618 21.4206 88.0815 21.7188 15.2562 15.2092 64.7224 56.486 66.3627 37.0392 29.3236 36.3103 46.5615
internal_count=5481 3954 3666 2137 1527 431 1096 430 234 1529 1508 666 391 199 192 1467 1717 1596 88 357 88 62 74 275 240 269 150 119 146 196
is_linear=0
shrinkage=0.01


Tree=67
num_leaves=31
num_cat=0
split_feature=2 0 0 0 0 2 2 0 2 1 0 2 1 1 1 1 2 14 1 1 2 14 1 1 1 14 1 2 2 1
split_gain=108.94 61.5915 32.9057 226.282 31.0913 12.4403 8.7092 13.7134 7.17832 6.67053 4.6185 3.98052 3.38412 2.93807 5.3359 3.88291 2.74073 2.48967 2.29743 3.67317 2.16719 2.14193 2.35363 1.85165 1.65724 1.44368 1.82205 1.24992 1.13488 1.75247
threshold=70.500000000000014 4216877.0000000009 4231539.5000000009 4216886.5000000009 4216886.5000000009 14.500000000000002 43.500000000000007 4231539.5000000009 55.500000000000007 1646869333327.5002 4231864.0000000009 73.500000000000014 4334145194491.0005 835223758002.50012 207995304615.50003 871682471403.00012 30.500000000000004 2.9746959001650697 3707401113965.5005 3094276739890.0005 11.500000000000002 1.9931698079731552 2777491184717.5005 1837832555784.0002 2928742283947.0005 1.9894791523468929 1215926412144.5002 53.500000000000007 40.500000000000007 2777491179720.5005
decision_type=2 2 2 2 2 2 2 2 2 2 2 2 2 2 2 2 2 2 2 2 2 2 2 2 2 2 2 2 2 2
left_child=4 -2 3 13 5 23 20 8 9 -8 11 -4 -13 14 -3 -15 18 -10 19 -7 -6 22 -22 -1 -23 26 -9 -27 29 -18
right_child=1 2 10 -5 6 16 7 25 17 -11 -12 12 -14 15 -16 -17 28 -19 -20 -21 21 24 -24 -25 -26 27 -28 -29 -30 -31
leaf_value=0.010729087983200871 0.012146249340888043 0.00042898495206586173 -0.0024947883322073618 -0.014357650063363822 -0.00267000436131608 -0.00024620414010762139 0.0019851595813023194 -0.012021365590421924 0.0054242105165866064 -0.0063286334222257025 -0.0058054940337591513 0.0039938078236616235 -0.0025677898624814704 -0.0060737615704780732 0.00678974448786979 0.0025695489059153805 -0.0063040919920916349 -0.0021507698971444558 -0.0052591422402722887 0.0083134599569932299 -0.0080375634426209895 -0.0078567638139706748 0.00072959585466304323 0.003158733490371551 -0.010222796278195523 -0.0065615126537774881 -0.0054108784317993767 -0.011868091464060005 0.00033489905136470204 -0.001074955710796293
leaf_weight=10.481651991605757 54.613681092858315 19.148816645145416 10.220676615834234 94.931626290082932 7.1270973384380332 41.01456643640995 14.053181827068327 5.3354014605283764 15.486837953329088 30.806775137782097 5.2380487322807303 332.67217589914799 8.0502823889255506 5.2787597179412833 42.36913238465786 337.75943467020988 18.288520708680156 6.0276330262422553 7.2252632826566687 5.7114712595939627 7.3544756025075895 82.333466395735741 5.2465538382530212 4.670620694756507 46.22362507879734 6.1598260700702694 19.082205444574356 15.885458946228026 5.9506026953458777 9.8666621595621091
leaf_count=54 288 80 41 422 29 167 57 23 64 126 21 1434 33 22 185 1430 74 25 29 23 30 347 21 20 199 26 78 69 24 40
internal_value=0 0.00185011 0.00119295 -0.000463029 -0.0046205 2.60768e-05 -0.00645708 -0.0043635 -0.00144675 -0.00372419 0.0035152 0.00365432 0.00383878 0.00279743 0.00480982 0.00243654 -0.00141409 0.00330196 -1.13909e-05 0.000800071 -0.00805018 -0.00832183 -0.00438728 0.00839556 -0.00870749 -0.00853021 -0.00685531 -0.0103853 -0.00363299 -0.0044716
internal_weight=0 910.283 855.669 499.488 364.332 103.209 261.123 112.837 66.3744 44.86 356.181 350.943 340.722 404.556 61.5179 343.038 88.0571 21.5145 53.9513 46.726 148.285 141.158 12.601 15.1523 128.557 46.4629 24.4176 22.0453 34.1058 28.1552
internal_count=5481 3956 3668 2139 1525 431 1094 468 272 183 1529 1508 1467 1717 265 1452 357 89 219 190 626 597 51 74 546 196 101 95 138 114
is_linear=0
shrinkage=0.01


Tree=68
num_leaves=31
num_cat=0
split_feature=2 2 1 1 1 13 13 1 1 1 1 1 1 2 2 1 1 1 1 1 1 1 1 1 1 1 1 1 1 1
split_gain=106.918 17.8209 6.86445 5.35741 6.50144 4.93714 4.84299 4.75316 4.45442 5.64448 4.10691 5.51172 3.90807 3.76131 3.42931 2.87579 10.8211 5.36429 3.80291 2.4482 1.54951 1.20753 1.06719 2.07033 0.770681 0.769995 0.562403 0.539106 0.0723838 0.127266
threshold=70.500000000000014 14.500000000000002 4334145191470.5005 643953705598.00012 660434126998.00012 2.9575138337046307 1.9924137935811148 2161540178070.0002 3020926383199.5005 2384994530278.5005 207995304615.50003 229009853761.00003 174026417975.00003 40.500000000000007 21.500000000000004 2943938743131.0005 2801556722008.0005 3022918903682.5005 3022918922337.5005 446992604946.50006 2777491178450.5005 632859025282.50012 679621560489.50012 1224176380759.0002 183964076434.00003 207995293143.50003 643953711164.00012 3133201344233.0005 229009852461.50003 229009853137.50003
decision_type=2 2 2 2 2 2 2 2 2 2 2 2 2 2 2 2 2 2 2 2 2 2 2 2 2 2 2 2 2 2
left_child=1 7 5 10 26 6 13 22 9 -7 12 28 -2 -3 -8 16 20 -17 -19 -13 -6 -21 -1 -24 -14 -26 -5 -10 -12 -30
right_child=3 2 -4 4 15 8 14 -9 27 -11 11 19 24 -15 -16 17 -18 18 -20 21 -22 -23 23 -25 25 -27 -28 -29 29 -31
leaf_value=0.0029925992375824475 0.0082373882890464621 -0.0063660827339725714 -0.013809530090621648 -0.0068646983604053729 0.0012670141933201723 -0.0081156798916941636 -0.0034818370373842218 -0.0019897039221363605 -0.010757848894276022 0.0031650921011856254 0.010368520753697553 -0.0015617173243141339 0.0024943004074812411 -0.00378824797726606 0.0017745579738933192 0.0082884693265131253 -0.0092654702106805681 -0.0019960046003189686 0.0025164850923528538 0.003524902133459296 0.0031268600979100507 0.0076417777179976255 0.013905578842300786 0.0050226897899795387 -0.0017944902456812149 0.0021724998518537386 -0.0029968717112839726 -0.015198515502173061 0.013033686067151844 0.010488372864640041
leaf_weight=4.7038622945547131 7.7551605105400077 119.65218695998192 8.9788996577262861 7.5622341185808164 456.21404728293419 25.583356663584713 42.830940112471581 9.5764708518981916 4.4989763200283033 5.3658463507890692 7.1112067848443967 6.7076287716627112 11.74921604990959 107.41393676400185 17.475943028926849 15.173492133617399 9.6038347184658033 20.196255415678024 248.10117226839066 18.3795769661665 49.673785820603371 11.634630411863325 4.4757262021303159 6.3412120491266251 16.786026537418369 6.9058541506528845 7.4756913185119629 6.9681846499443054 3.9287895262241364 3.9287895262241364
leaf_count=22 35 499 38 32 1972 108 177 40 20 22 38 30 51 443 72 67 42 87 1077 82 214 51 23 30 72 30 32 31 22 22
internal_value=0 -0.0045802 -0.00518256 0.00183442 0.00157229 -0.00494768 -0.00447761 0.00355058 -0.00813243 -0.00615987 0.00408312 0.00598495 0.00180731 -0.00514663 -0.00195862 0.0016949 0.00125001 0.00250395 0.0021768 0.00390013 0.00144963 0.00512076 0.00696899 0.00869816 0.000400289 -0.000638168 -0.00494191 -0.0134563 0.0110995 0.011761
internal_weight=0 363.866 338.768 908.887 814.001 329.789 287.373 25.0973 42.4164 30.9492 94.8869 51.6906 43.1963 227.066 60.3069 798.963 515.492 283.471 268.297 36.7218 505.888 30.0142 15.5208 10.8169 35.4411 23.6919 15.0379 11.4672 14.9688 7.85758
internal_count=5481 1525 1410 3956 3523 1372 1191 115 181 130 433 245 188 942 249 3459 2228 1231 1164 163 2186 133 75 53 153 102 64 51 82 44
is_linear=0
shrinkage=0.01


Tree=69
num_leaves=29
num_cat=0
split_feature=2 0 0 0 0 2 2 0 2 0 2 2 12 2 3 12 12 12 12 2 2 0 12 2 2 0 2 2
split_gain=104.869 60.696 32.3412 222.559 30.4772 11.9973 8.53485 13.4997 7.00243 4.53603 3.90829 2.68941 2.58586 2.50533 2.46311 2.07764 1.87068 1.43459 1.43359 1.30361 1.3727 1.24738 1.21099 0.466656 0.458369 0.312397 0.240692 0.105524
threshold=70.500000000000014 4216877.0000000009 4231539.5000000009 4216886.5000000009 4216886.5000000009 14.500000000000002 43.500000000000007 4231539.5000000009 55.500000000000007 4231864.0000000009 73.500000000000014 33.500000000000007 2.9160055349214766 9.5000000000000018 23.500000000000004 1.972957910446512 1.972957910446512 1.9585761340917001 1.9922459088058959 19.500000000000004 27.500000000000004 4231767.5000000009 2.9440373418857591 67.500000000000014 17.500000000000004 4231767.5000000009 9.5000000000000018 35.500000000000007
decision_type=2 2 2 2 2 2 2 2 2 2 2 2 2 2 2 2 2 2 2 2 2 2 2 2 2 2 2 2
left_child=4 -2 3 -3 5 18 13 8 12 10 -4 19 -8 -6 -10 -15 -13 23 -1 24 -21 -19 -17 -9 -7 -12 -20 -18
right_child=1 2 9 -5 6 11 7 17 14 -11 25 16 -14 15 -16 22 27 21 26 20 -22 -23 -24 -25 -26 -27 -28 -29
leaf_value=0.0045213740053504326 0.012081711084488994 0.0027543410318598823 -0.0024850732952963923 -0.014288921181484509 -0.0011141797682898389 0.00077361284096626713 -0.0022897385726670279 -0.0058394570150336975 -0.0021270817775519389 -0.0057682583203441332 0.0032040393360388748 0.00037363908602899127 -0.00790320553546448 -0.0043097461098696157 0.0054081811344260612 -0.0087669009301323281 -0.0052194438787963758 -0.0064579529907938448 0.0091115708933565895 -0.0026006299656291454 0.00076925111081630609 -0.011767820893261543 -0.0039657401941667883 -0.0088426948894606821 0.0041752173188621747 0.0039473050381582109 0.012375956644019054 -0.0068858635685572003
leaf_weight=5.9994465857744208 54.169824108481407 404.08880285918713 10.220929324626921 94.546489968895912 5.1877329945564261 10.552211970090868 34.005167245864868 16.911987617611889 6.0266713500022897 5.2369505167007437 71.62823973596096 5.949986323714259 10.816492155194281 12.588844195008276 15.481544643640518 124.53489536046982 6.4052073508501044 6.1422869265079507 4.3055222928524 28.411550506949425 21.038740992546082 15.816364362835884 5.4848553687334052 7.4544301182031623 6.342363938689231 268.59736819565296 4.7512302547693253 9.3427486121654493
leaf_count=29 288 1717 41 422 21 43 137 70 25 21 309 24 46 51 64 531 26 26 22 115 85 69 23 31 26 1158 23 38
internal_value=0 0.00181689 0.00116603 -0.000477241 -0.00453836 6.35863e-05 -0.00636002 -0.00428658 -0.00139364 0.00346974 0.00360778 -0.00134708 -0.0036444 -0.00794046 0.00329678 -0.00818879 -0.00440325 -0.0084288 0.00831264 -0.000347574 -0.00116691 -0.0102825 -0.00856436 -0.00675824 0.0020506 0.00379082 0.0108241 -0.00620808
internal_weight=0 908.489 854.319 498.635 363.55 103.099 260.451 112.655 66.3299 355.683 350.447 88.0428 44.8217 147.796 21.5082 142.609 21.6979 46.3251 15.0562 66.3449 49.4503 21.9587 130.02 24.3664 16.8946 340.226 9.05675 15.748
internal_count=5481 3956 3668 2139 1525 431 1094 468 272 1529 1508 357 183 626 89 605 88 196 74 269 200 95 554 101 69 1467 45 64
is_linear=0
shrinkage=0.01


Tree=70
num_leaves=31
num_cat=0
split_feature=2 2 1 1 1 12 12 1 1 1 1 1 1 2 2 1 1 1 1 1 1 1 1 1 1 1 1 1 1 1
split_gain=102.922 17.1671 6.76624 5.24583 6.38063 4.80728 4.72339 4.63715 4.43006 5.55462 4.01343 5.39424 3.82498 3.64737 3.36427 2.81659 10.6516 5.25923 3.70232 2.41141 1.52541 1.19992 1.05174 2.0564 0.741353 0.760953 0.55348 0.537012 0.0710302 0.127981
threshold=70.500000000000014 14.500000000000002 4334145191470.5005 643953705598.00012 660434126998.00012 2.9160055349214766 1.9848851658944422 2161540178070.0002 3020926383199.5005 2384994530278.5005 207995304615.50003 229009853761.00003 174026417975.00003 40.500000000000007 21.500000000000004 2943938743131.0005 2801556722008.0005 3022918903682.5005 3022918922337.5005 446992604946.50006 2177228745504.5002 632859025282.50012 679621560489.50012 1224176380759.0002 183964076434.00003 207995293143.50003 643953711164.00012 3133201344233.0005 229009852461.50003 229009853137.50003
decision_type=2 2 2 2 2 2 2 2 2 2 2 2 2 2 2 2 2 2 2 2 2 2 2 2 2 2 2 2 2 2
left_child=1 7 5 10 26 6 13 22 9 -7 12 28 -2 -3 -8 16 20 -17 -19 -13 -6 -21 -1 -24 -14 -26 -5 -10 -12 -30
right_child=3 2 -4 4 15 8 14 -9 27 -11 11 19 24 -15 -16 17 -18 18 -20 21 -22 -23 23 -25 25 -27 -28 -29 29 -31
leaf_value=0.0029363164305221631 0.0081565216528904326 -0.0062572183039972182 -0.013673127541644819 -0.0068185323001254449 0.0017462413782018168 -0.0079850005186148237 -0.0034144792941280828 -0.0019739602444113135 -0.010635972970476538 0.0032126691948410196 0.010285796530199839 -0.0015667947958073862 0.0024443030847571936 -0.0037164941000788405 0.0017933976576481082 0.0082039553499690873 -0.0092032546060116845 -0.0019786067976984298 0.0024768885639039413 0.0034797367945735812 0.00049113853867814279 0.0075893071400903898 0.013833642817634557 0.0049472475682099332 -0.0017806555265523049 0.0021667757145546833 -0.0029809229391158927 -0.015082455850044864 0.012958442778576201 0.010389544031933163
leaf_weight=4.6888312101364162 7.7228327095508567 119.37872536480427 8.9416346698999387 7.565584257245062 374.41109155118465 25.487986281514171 42.783747717738152 9.5626421421766263 4.4722089469432813 5.3618712127208701 7.0398762971162778 6.6942323297262183 11.728962957859038 107.27610902488232 17.468960016965866 15.116348192095755 9.6152062565088254 20.169230625033379 247.62065586447716 18.333784282207493 130.61555802822113 11.60049958527088 4.4320965558290464 6.3137800842523575 16.761853441596035 6.8911746591329566 7.4678590446710587 6.9171884953975677 3.8759679794311523 3.8813282549381256
leaf_count=22 35 499 38 32 1619 108 177 40 20 22 38 30 51 443 72 67 42 87 1077 82 567 51 23 30 72 30 32 31 22 22
internal_value=0 -0.00449876 -0.00509002 0.00180145 0.00154207 -0.00485685 -0.00439314 0.00349795 -0.00800654 -0.00603879 0.00403103 0.00591748 0.00178043 -0.00505469 -0.00190457 0.00166373 0.00122312 0.00246525 0.00214131 0.00385896 0.00142163 0.00507233 0.0068881 0.00861241 0.00038872 -0.000630594 -0.0049122 -0.0133365 0.0110131 0.0116731
internal_weight=0 363.086 338.088 907.112 812.582 329.147 286.908 24.9973 42.2393 30.8499 94.5305 51.4257 43.1048 226.655 60.2527 797.548 514.642 282.906 267.79 36.6285 505.027 29.9343 15.4347 10.7459 35.382 23.653 15.0334 11.3894 14.7972 7.7573
internal_count=5481 1525 1410 3956 3523 1372 1191 115 181 130 433 245 188 942 249 3459 2228 1231 1164 163 2186 133 75 53 153 102 64 51 82 44
is_linear=0
shrinkage=0.01


Tree=71
num_leaves=31
num_cat=0
split_feature=2 0 0 0 0 2 2 0 12 1 0 1 1 1 1 1 1 1 1 1 2 12 1 1 1 1 12 1 2 12
split_gain=100.951 59.8163 31.8005 218.908 29.8787 11.5674 8.36331 13.2867 6.86537 6.28066 4.45569 3.86646 5.11762 2.92548 7.13253 2.8426 2.69842 7.70703 9.494 3.45562 2.42011 2.04071 2.31622 1.81449 1.8064 1.65154 1.42642 1.83118 1.24259 1.20129
threshold=70.500000000000014 4216877.0000000009 4231539.5000000009 4216886.5000000009 4216886.5000000009 14.500000000000002 43.500000000000007 4231539.5000000009 1.9657402510146069 1646869333327.5002 4231864.0000000009 4334145194491.0005 3062739739830.0005 4223680115167.5005 3704794817060.5005 1997147138803.0002 1861025320427.0002 2777491179720.5005 3022918913159.5005 679621564551.50012 9.5000000000000018 1.972957910446512 2777491184717.5005 643953709458.00012 1837832555784.0002 1060962067794.0001 1.9585761340917001 2384994535578.5005 53.500000000000007 2.9440373418857591
decision_type=2 2 2 2 2 2 2 2 2 2 2 2 2 2 2 2 2 2 2 2 2 2 2 2 2 2 2 2 2 2
left_child=4 -2 3 13 5 24 20 8 15 -10 11 12 -4 14 -3 -8 19 -18 -19 23 -6 22 -22 -7 -1 -21 27 -9 -28 -23
right_child=1 2 10 -5 6 16 7 26 9 -11 -12 -13 -14 -15 -16 -17 17 18 -20 25 21 29 -24 -25 -26 -27 28 -29 -30 -31
leaf_value=0.010562914860497898 0.01201833675954409 0.0029281167039097626 0.0032137838115992817 -0.014221409271808445 -0.0011232801799152354 -0.00027922834986122578 0.0079734740910444961 -0.0086354346290627524 0.001718649435301845 -0.0062143745703744837 -0.0057313561069265327 -0.003184857075215495 0.0066496291849049314 0.0059877003074349138 -0.0018180915430170755 0.00046571282437943794 -0.0077870106194419166 0.010790984567665141 -0.0025706266628011676 0.0065907789480263573 -0.00786178292273834 -0.0086531161039624226 0.00084037222286102958 -0.0075227735378120631 0.0030584862496592785 0.0010101703021635035 -0.006360040009813067 -0.0028462155271208604 -0.011668256642006908 -0.0038647076250162907
leaf_weight=10.309207260608671 53.726856246590614 343.22181437909603 290.7237760424614 94.158590391278267 5.1869274526834479 9.4586340039968473 8.1316240429878253 16.028311938047413 14.983674496412275 29.884812965989113 5.2358126491308203 8.2918026149272901 50.948297366499901 25.531519666314125 34.880680710077286 13.277538508176802 19.143208831548691 6.7278489917516699 25.373033434152603 9.035464748740198 7.3334651887416822 124.0684979557991 5.247043564915657 5.4512781649827948 4.6563771963119498 12.837749898433684 6.1254524141550091 8.2895050942897779 15.745867013931273 5.4701965749263755
leaf_count=54 288 1461 1253 422 21 38 34 67 61 123 21 34 221 110 146 54 78 28 102 37 30 531 21 22 20 52 26 34 69 23
internal_value=0 0.00178422 0.00113961 -0.0004914 -0.00445773 0.000100134 -0.00626479 -0.00421131 -0.00134197 -0.00356517 0.00342538 0.00356237 0.00372612 0.0027115 0.00249027 0.00331731 -0.00128169 -0.00276506 0.000229761 0.000784849 -0.00783261 -0.00807748 -0.00423231 -0.00292757 0.00822799 0.00331543 -0.00832858 -0.00666199 -0.0101816 -0.00845091
internal_weight=0 906.719 852.992 497.793 362.766 102.993 259.773 112.467 66.2777 44.8685 355.2 349.964 341.672 403.634 378.102 21.4092 88.0272 51.2441 32.1009 36.7831 147.306 142.119 12.5805 14.9099 14.9656 21.8732 46.1891 24.3178 21.8713 129.539
internal_count=5481 3956 3668 2139 1525 431 1094 468 272 184 1529 1508 1474 1717 1607 88 357 208 130 149 626 605 51 60 74 89 196 101 95 554
is_linear=0
shrinkage=0.01


Tree=72
num_leaves=31
num_cat=0
split_feature=2 0 0 0 0 2 2 0 12 1 0 2 1 1 1 1 1 1 1 1 2 12 1 1 1 12 1 0 12 3
split_gain=99.0865 59.0628 31.1962 215.458 29.3425 11.3761 8.23286 13.0662 6.77656 5.67981 4.37052 3.8396 3.37157 2.91735 13.9476 3.27515 2.64664 7.5629 9.3217 3.43805 2.38331 2.01291 2.27389 1.79139 1.64343 1.41191 1.81447 1.23866 1.18428 0.9571
threshold=70.500000000000014 4216877.0000000009 4231539.5000000009 4216886.5000000009 4216886.5000000009 14.500000000000002 43.500000000000007 4231539.5000000009 2.9160055349214766 1731095585241.0002 4231864.0000000009 73.500000000000014 229009853761.00003 1392992072007.0002 1731095585241.0002 207995304615.50003 1861025320427.0002 2777491179720.5005 3022918913159.5005 1731095585241.0002 9.5000000000000018 1.972957910446512 2777491184717.5005 1837832555784.0002 976004810206.50012 1.9585761340917001 1215926412144.5002 4231767.5000000009 2.9440373418857591 19.500000000000004
decision_type=2 2 2 2 2 2 2 2 2 2 2 2 2 2 2 2 2 2 2 2 2 2 2 2 2 2 2 2 2 2
left_child=4 -2 3 13 5 23 20 8 9 -8 11 -4 -13 15 -15 -3 19 -18 -19 24 -6 22 -22 -1 -7 26 -9 -27 -23 -10
right_child=1 2 10 -5 6 16 7 25 29 -11 -12 12 -14 14 -16 -17 17 18 -20 -21 21 28 -24 -25 -26 27 -28 -29 -30 -31
leaf_value=0.01051147486550808 0.011970823483627048 0.00033799555021993624 -0.002509152809978476 -0.014145846714648398 -0.0011119185067857851 0.00027939639495174243 0.0044690735682966888 -0.011787253054578554 -0.0052615067232789246 -0.0022577376501743953 -0.0056756413655167292 0.0082520581125063476 0.0034932169723074949 -0.0044993564814909733 0.0028798427502011149 0.0049018454384555507 -0.007717118237000508 0.010706047474003546 -0.0025449859032685134 0.0065218351231912317 -0.0077924500496903658 -0.0085855367654539706 0.00083197220713099394 0.0030302943966587404 -0.0059273529204996039 -0.0062906094634530164 -0.0051625442310092688 -0.011596705986805331 -0.0038291207134873669 -0.011044978209455021
leaf_weight=10.256326496601103 53.402330324053764 19.108385294675827 10.219375759363173 93.717153161764145 5.1875250339508048 23.437211394310001 19.482814162969589 5.2841148972511318 5.4207634627819061 35.284749716520309 5.2343450635671607 15.605294838547705 323.80145779252052 28.330588072538376 267.13731420040131 88.784964174032211 19.12351781129837 6.7134845554828635 25.372381895780563 8.11816857755184 7.3247710317373258 123.79599970579147 5.2470177710056305 4.6527186930179587 5.2153063565492621 6.1131028085947046 19.002480238676071 15.694663420319557 5.4658468812704077 6.0605315864086133
leaf_count=54 288 80 41 422 21 95 80 23 23 143 21 69 1398 118 1138 381 78 28 102 33 30 531 21 20 21 26 78 69 23 26
internal_value=0 0.00176907 0.00112959 -0.000487238 -0.00441943 9.9262e-05 -0.00621198 -0.00417383 -0.00132913 0.000135234 0.00339439 0.00353018 0.00371202 0.00268621 0.0021723 0.00409357 -0.00126955 -0.00273926 0.000227593 0.000777268 -0.00776939 -0.00801289 -0.00419292 0.0081768 -0.000850351 -0.00826235 -0.0066039 -0.0101093 -0.00838441 -0.00831438
internal_weight=0 905.341 851.939 497.078 362.253 102.889 259.364 112.343 66.2489 54.7676 354.86 349.626 339.407 403.361 295.468 107.893 87.9801 51.2094 32.0859 36.7707 147.021 141.834 12.5718 14.909 28.6525 46.0944 24.2866 21.8078 129.262 11.4813
internal_count=5481 3956 3668 2139 1525 431 1094 468 272 223 1529 1508 1467 1717 1256 461 357 208 130 149 626 605 51 74 116 196 101 95 554 49
is_linear=0
shrinkage=0.01


Tree=73
num_leaves=31
num_cat=0
split_feature=2 0 0 0 0 2 2 0 2 1 0 1 1 1 1 2 12 2 1 12 1 12 1 1 1 1 12 1 2 12
split_gain=97.2561 58.3202 30.6039 212.075 28.8187 11.1878 8.10419 12.8508 6.71692 6.34035 4.28707 3.79505 5.04549 2.88242 7.92835 2.61286 2.40279 2.34713 2.16461 1.98554 2.2324 1.96041 1.77653 1.7039 6.36215 3.92341 1.39713 1.79349 1.23249 1.16757
threshold=70.500000000000014 4216877.0000000009 4231539.5000000009 4216886.5000000009 4216886.5000000009 14.500000000000002 43.500000000000007 4231539.5000000009 55.500000000000007 1646869333327.5002 4231864.0000000009 4334145194491.0005 3062739739830.0005 4148002225286.5005 3704794817060.5005 33.500000000000007 2.9007212158535043 9.5000000000000018 3022918913159.5005 1.972957910446512 2777491184717.5005 1.974275995881978 1837832555784.0002 1862882900580.0002 2777491179720.5005 1731095585241.0002 1.9585761340917001 2384994535578.5005 53.500000000000007 2.9440373418857591
decision_type=2 2 2 2 2 2 2 2 2 2 2 2 2 2 2 2 2 2 2 2 2 2 2 2 2 2 2 2 2 2
left_child=4 -2 3 13 5 22 17 8 9 -8 11 12 -4 14 -3 23 -10 -6 21 20 -19 -17 -1 25 -25 -7 27 -9 -28 -21
right_child=1 2 10 -5 6 15 7 26 16 -11 -12 -13 -14 -15 -16 18 -18 19 -20 29 -22 -23 -24 24 -26 -27 28 -29 -30 -31
leaf_value=0.010460463753897493 0.011923848683200695 0.0028763961322910707 0.0031519133494656215 -0.014071592234605473 -0.0011006738566662127 -0.00049539989651124685 0.0020437418727818346 -0.0085046857855516685 0.0053656704525392044 -0.0060697960448854726 -0.0056205441349907884 -0.0031862617205819384 0.0065680321309271976 0.005754168529740933 -0.0023055519448439057 0.0022931153547498238 -0.0020787033745629361 -0.0077238785346729561 -0.0091301808580021016 -0.0085186325843226458 0.00082365766866717555 -0.0050739083524992765 0.0030023532803983865 -0.0072411162475628519 0.0014057141311359985 0.0081415232973603355 -0.0062258190635935745 -0.0027696597679701513 -0.01152476060120756 -0.0037938599591192451
leaf_weight=10.203543737530707 53.07821199297905 342.74015891551971 290.18536812067032 93.271807760000229 5.1881135106086722 22.447187304496769 14.03553795814514 15.973980844020845 15.464467644691469 30.694950863718987 5.2328077852725974 8.2914726287126523 50.804679751396179 28.034741342067719 32.308718338608742 5.9026099294424084 6.024860516190528 7.315945625305174 6.4447649121284476 123.52197071909904 5.2469903975725174 9.3084715604782087 4.6490769088268271 13.278205767273901 23.692070469260216 6.8689606487750998 6.1015380918979671 8.2790849059820157 15.642260089516638 5.4615027755498877
leaf_count=54 288 1461 1253 422 21 91 57 67 64 126 21 34 221 121 135 24 25 30 26 531 21 38 20 54 96 28 26 34 69 23
internal_value=0 0.00175408 0.00111967 -0.00048312 -0.00438141 9.83887e-05 -0.00615974 -0.0041368 -0.00131643 -0.00352393 0.00336375 0.00349834 0.00366089 0.00266119 0.00243 -0.00125739 0.00327853 -0.00770681 -0.00427306 -0.00794894 -0.00415395 -0.00221516 0.00812597 -0.000272172 -0.00169987 0.00152829 -0.00819717 -0.00654696 -0.0100378 -0.00831857
internal_weight=0 903.948 850.87 496.355 361.746 102.795 258.951 112.217 66.2198 44.7305 354.514 349.282 340.99 403.084 375.049 87.9423 21.4893 146.735 21.6558 141.546 12.5629 15.2111 14.8526 66.2864 36.9703 29.3161 45.9969 24.2531 21.7438 128.983
internal_count=5481 3956 3668 2139 1525 431 1094 468 272 183 1529 1508 1474 1717 1596 357 89 626 88 605 51 62 74 269 150 119 196 101 95 554
is_linear=0
shrinkage=0.01


Tree=74
num_leaves=31
num_cat=0
split_feature=2 0 0 0 0 2 2 0 12 1 0 2 1 1 1 1 2 12 2 2 12 1 1 12 1 0 12 2 1 3
split_gain=95.4571 57.5889 30.0221 208.756 28.3063 11.0027 7.97845 12.6385 6.61491 5.48914 4.20514 3.76984 3.32955 2.86719 5.19228 3.83834 2.57211 2.31518 2.4156 2.31158 1.95858 2.19172 1.76183 1.3831 1.78818 1.22874 1.15117 1.08065 1.70188 0.946448
threshold=70.500000000000014 4216877.0000000009 4231539.5000000009 4216886.5000000009 4216886.5000000009 14.500000000000002 43.500000000000007 4231539.5000000009 2.9160055349214766 1731095585241.0002 4231864.0000000009 73.500000000000014 229009853761.00003 835223758002.50012 207995304615.50003 871682471403.00012 30.500000000000004 1.9808932560376222 22.500000000000004 9.5000000000000018 1.972957910446512 2777491184717.5005 1837832555784.0002 1.9585761340917001 1215926412144.5002 4231767.5000000009 2.9440373418857591 40.500000000000007 2777491179720.5005 19.500000000000004
decision_type=2 2 2 2 2 2 2 2 2 2 2 2 2 2 2 2 2 2 2 2 2 2 2 2 2 2 2 2 2 2
left_child=4 -2 3 13 5 22 19 8 9 -8 11 -4 -13 14 -3 -15 17 -7 -19 -6 21 -21 -1 24 -9 -25 -22 28 -18 -10
right_child=1 2 10 -5 6 16 7 23 29 -11 -12 12 -14 15 -16 -17 27 18 -20 20 26 -23 -24 25 -26 -27 -28 -29 -30 -31
leaf_value=0.010409871849615011 0.011877399206371056 0.00030606788125839518 -0.0025174815061260892 -0.0139986096396435 -0.0010895447364126123 0.0057517762324290379 0.0044042716910477854 -0.011653078625820348 -0.0051797041220492078 -0.0022105587340651351 -0.0055660541473270654 0.0081670493898194866 0.0034297670364562779 -0.0061907140754197711 0.0065938352483029339 0.0024120625363566943 -0.0060271445180963305 0.0012369591587923499 -0.0033472243759528572 -0.007656053594295326 -0.0084523903063521717 0.00081542464619626959 0.0029746606148157093 -0.0061576910944935708 -0.0050601288200230075 -0.011454934849454401 -0.0037589218790496886 0.00047595612428061421 -0.0008679714022157448 -0.010939664357797838
leaf_weight=10.150866091251372 52.754551842808723 19.095541581511497 10.218895077705382 92.822755590081215 5.1886929571628562 6.4163923263549796 19.467250987887383 5.2532101273536709 5.4086039811372757 35.279101878404617 5.2312031239271155 15.55020749568939 323.17694900929928 5.2676234841346732 42.059834510087967 336.3892837613821 18.232383236289028 27.9531479626894 19.522935673594475 7.3069949448108655 123.24650935828686 5.246961310505867 4.6454520970582953 6.0890688747167596 18.968145310878754 15.590365439653397 5.4571649730205527 5.9430664032697669 9.8473293483257276 6.036713629961012
leaf_count=54 288 80 41 422 21 26 80 23 23 143 21 69 1398 22 185 1430 74 114 79 30 531 21 20 26 78 69 23 24 40 26
internal_value=0 0.00173919 0.00110983 -0.000479037 -0.00434359 9.7506e-05 -0.00610794 -0.00410001 -0.00130382 0.000141608 0.0033333 0.00346671 0.00364725 0.00263637 0.0046305 0.00227943 -0.00124521 0.000113836 -0.000648131 -0.00764484 -0.00788563 -0.00411538 0.00807551 -0.00813229 -0.00649003 -0.00996711 -0.00825338 -0.00339795 -0.00421786 -0.00821774
internal_weight=0 902.567 849.812 495.635 361.25 102.712 258.539 112.092 66.1917 54.7464 354.177 348.946 338.727 402.812 61.1554 341.657 87.9153 53.8925 47.4761 146.446 141.258 12.554 14.7963 45.9008 24.2214 21.6794 128.704 34.0228 28.0797 11.4453
internal_count=5481 3956 3668 2139 1525 431 1094 468 272 223 1529 1508 1467 1717 265 1452 357 219 193 626 605 51 74 196 101 95 554 138 114 49
is_linear=0
shrinkage=0.01


Tree=75
num_leaves=31
num_cat=0
split_feature=2 0 0 0 0 2 2 0 12 1 0 1 1 1 1 1 1 1 1 1 2 12 1 1 1 12 1 2 1 1
split_gain=93.6906 56.8681 29.452 205.501 27.8065 10.8204 7.85414 12.4307 6.55665 5.88837 4.12486 3.72484 4.97445 2.8396 7.77382 2.69885 2.56058 7.11657 9.1372 3.58145 2.27663 1.93203 2.15183 1.74728 1.60642 1.3688 1.76717 1.22277 1.14976 0.862801
threshold=70.500000000000014 4216877.0000000009 4231539.5000000009 4216886.5000000009 4216886.5000000009 14.500000000000002 43.500000000000007 4231539.5000000009 1.9657402510146069 1646869333327.5002 4231864.0000000009 4334145194491.0005 3062739739830.0005 4148002225286.5005 3704794817060.5005 1997147138803.0002 1837832564030.5002 2777491179720.5005 3022918913159.5005 1731095585241.0002 9.5000000000000018 1.972957910446512 2777491184717.5005 1837832555784.0002 976004810206.50012 1.9585761340917001 1795796981960.0002 53.500000000000007 2928742283947.0005 2177228751825.5002
decision_type=2 2 2 2 2 2 2 2 2 2 2 2 2 2 2 2 2 2 2 2 2 2 2 2 2 2 2 2 2 2
left_child=4 -2 3 13 5 23 20 8 15 -10 11 12 -4 14 -3 -8 19 29 -19 24 -6 22 -22 -1 -7 26 -9 -27 -23 -18
right_child=1 2 10 -5 6 16 7 25 9 -11 -12 -13 -14 -15 -16 -17 17 18 -20 -21 21 28 -24 -25 -26 27 -28 -29 -30 -31
leaf_value=0.010359689149434461 0.011831463356557818 0.0028248953252537068 0.0030911467448941515 -0.013926864597268116 -0.0010785298991970863 0.00030068004875911518 0.0078152515108194272 -0.01049799384233531 0.0016506030870274524 -0.0060358599114233458 -0.0055121614745575406 -0.0031870030006516978 0.0064876813055775705 0.0056852305451943483 -0.0023066680568818282 0.00049047760842264724 -0.0055117589837382274 0.010625071027474439 -0.0025061424461809219 0.006898737796925257 -0.007588961191873308 -0.0074782238559213607 0.00080727559957336165 0.0029472146135045012 -0.0058349500587193594 -0.0060941430535868682 -0.0046363419948351912 -0.01138468816173741 -0.0094487391485141795 -0.0097311864082081298
leaf_weight=10.09830082952976 52.431400164961815 342.25745466351509 289.65149720013142 92.370198920369148 5.1892636567354193 23.432727336883548 8.0976038575172442 7.4186946749687221 14.971321761608122 29.813447654247284 5.2295337319374076 8.2912215888500196 50.661217257380486 27.972443386912346 32.308006212115288 13.279638856649397 10.744377449154856 6.6986017376184455 25.364078804850578 7.6158442795276633 7.2979243099689466 82.111085385084152 5.2469310909509659 4.6418444216251364 5.2172523885965338 6.077407822012904 16.76869410276413 15.537296399474142 46.311462670564651 8.8281268477439863
leaf_count=54 288 1461 1253 422 21 95 34 32 61 123 21 34 221 121 135 54 44 28 102 31 30 351 21 20 21 26 69 69 203 36
internal_value=0 0.00172446 0.0011001 -0.000474997 -0.00430602 9.66219e-05 -0.00605672 -0.00406372 -0.00129137 -0.00346631 0.00330319 0.00343543 0.00359678 0.0026118 0.00238227 0.00326507 -0.00123296 -0.00266333 0.000237258 0.000803596 -0.00758347 -0.00782293 -0.0040772 0.00802541 -0.000816638 -0.00806842 -0.00643421 -0.00989715 -0.00818883 -0.00741492
internal_weight=0 901.173 848.742 494.908 360.762 102.641 258.121 111.964 66.162 44.7848 353.833 348.604 340.313 402.538 374.565 21.3772 87.901 51.6352 32.0627 36.2658 146.157 140.967 12.5449 14.7401 28.65 45.8021 24.1874 21.6147 128.423 19.5725
internal_count=5481 3956 3668 2139 1525 431 1094 468 272 184 1529 1508 1474 1717 1596 88 357 210 130 147 626 605 51 74 116 196 101 95 554 80
is_linear=0
shrinkage=0.01


Tree=76
num_leaves=31
num_cat=0
split_feature=2 2 1 1 1 13 13 1 1 1 1 1 1 2 2 1 1 1 1 1 1 1 1 1 1 1 1 1 1 1
split_gain=91.9615 15.3996 6.68006 4.98431 6.30415 4.48415 4.56735 4.45159 5.51967 4.226 3.79297 5.04341 3.69086 3.42788 3.28446 2.70421 10.7498 5.09137 3.48878 2.43593 1.54413 1.22731 1.04306 2.0168 0.648921 0.764614 0.565387 0.542594 0.0614192 0.132324
threshold=70.500000000000014 14.500000000000002 4334145191470.5005 643953705598.00012 660434126998.00012 2.9575138337046307 1.9924137935811148 3020926383199.5005 2384994530278.5005 2161540178070.0002 207995304615.50003 229009853761.00003 174026417975.00003 40.500000000000007 21.500000000000004 2943938743131.0005 2801556722008.0005 3022918903682.5005 3022918922337.5005 632859025282.50012 2177228745504.5002 446992604946.50006 679621560489.50012 1224176380759.0002 183964076434.00003 207995293143.50003 643953711164.00012 3133201344233.0005 229009852461.50003 229009853137.50003
decision_type=2 2 2 2 2 2 2 2 2 2 2 2 2 2 2 2 2 2 2 2 2 2 2 2 2 2 2 2 2 2
left_child=1 9 5 10 26 6 13 8 -7 22 12 28 -2 -3 -8 16 20 -17 -19 21 -6 -13 -1 -24 -14 -26 -5 -9 -12 -30
right_child=3 2 -4 4 15 7 14 27 -10 -11 11 19 24 -15 -16 17 -18 18 -20 -21 -22 -23 23 -25 25 -27 -28 -29 29 -31
leaf_value=0.0026830362563334022 0.0080083198527305093 -0.0059738296759227465 -0.01340336428801085 -0.0069027923372923074 0.001673400346041202 -0.0076364197911717169 -0.0031947892466879942 -0.010317080442556966 0.0035625552633392617 -0.0018579086974057225 0.01010363197368448 -0.0016821006312967089 0.0022641810572864951 -0.003502138965561744 0.0019588789984009681 0.0080427102376653351 -0.0093505451694271841 -0.0019669327006154812 0.0023744471283767927 0.0075771818476935331 0.00040606592271188297 0.00334972488444295 0.013651346412553592 0.00474132402959959 -0.0017801688675605119 0.002196699206685142 -0.0030143309580870038 -0.014825169171766767 0.012751324717576163 0.010086970045722359
leaf_weight=4.6111629456281689 7.6313636004924765 118.38679856061935 8.8471489697694761 7.5410219281911832 371.69449846446514 25.211961716413501 42.543247863650322 4.3982552438974363 5.3317776322364798 9.5182577073574048 6.8110439628362638 6.6138769835233715 11.646356567740439 106.66274526715279 17.433394730091095 14.962173044681547 9.5754718631505948 20.018908515572548 245.66090850532055 11.48829725384712 129.68229784071445 18.148539274930954 4.3005590885877591 6.20702163875103 16.625617578625683 6.8168896585702887 7.4171981513500214 6.7940552234649658 3.7226649522781372 3.7334868013858795
leaf_count=22 35 499 38 32 1619 108 177 20 22 40 38 30 51 443 72 67 42 87 1077 51 567 82 23 30 72 30 32 31 22 22
internal_value=0 -0.0042691 -0.00482928 0.00170984 0.00145679 -0.00459714 -0.00414887 -0.00765848 -0.0056815 0.00336185 0.00389887 0.00575362 0.00170556 -0.00480237 -0.00169677 0.00157832 0.00114515 0.00236696 0.00204733 0.00377141 0.0013456 0.00200576 0.00664803 0.00838803 0.000334799 -0.000623728 -0.00497466 -0.0130536 0.0107901 0.0114172
internal_weight=0 360.246 335.609 899.791 806.552 326.762 285.026 41.736 30.5437 24.637 93.2381 50.5179 42.7202 225.05 59.9766 791.594 510.952 280.642 265.68 36.2507 501.377 24.7624 15.1187 10.5076 35.0889 23.4425 14.9582 11.1923 14.2672 7.45615
internal_count=5481 1525 1410 3956 3523 1372 1191 181 130 115 433 245 188 942 249 3459 2228 1231 1164 163 2186 112 75 53 153 102 64 51 82 44
is_linear=0
shrinkage=0.01


Tree=77
num_leaves=31
num_cat=0
split_feature=2 0 0 0 0 2 2 0 2 1 0 2 1 1 1 1 2 12 2 1 12 12 1 1 1 1 1 12 1 0
split_gain=90.2026 56.0546 28.9602 202.187 27.2622 10.4379 7.69867 12.2373 6.44308 6.02863 4.05185 3.70341 3.27977 2.83258 13.7256 3.17529 2.52046 2.34258 2.19997 2.13311 1.90833 1.89627 2.11447 1.71183 1.64137 6.14179 3.78083 1.36085 1.75768 1.22084
threshold=70.500000000000014 4216877.0000000009 4231539.5000000009 4216886.5000000009 4216886.5000000009 14.500000000000002 43.500000000000007 4231539.5000000009 55.500000000000007 1646869333327.5002 4231864.0000000009 73.500000000000014 229009853761.00003 1392992072007.0002 1731095585241.0002 207995304615.50003 33.500000000000007 2.9007212158535043 9.5000000000000018 3022918913159.5005 1.974275995881978 1.972957910446512 2777491184717.5005 1837832555784.0002 1862882900580.0002 2777491179720.5005 1731095585241.0002 1.9585761340917001 1215926412144.5002 4231767.5000000009
decision_type=2 2 2 2 2 2 2 2 2 2 2 2 2 2 2 2 2 2 2 2 2 2 2 2 2 2 2 2 2 2
left_child=4 -2 3 13 5 23 18 8 9 -8 11 -4 -13 15 -15 -3 24 -10 -6 20 -18 22 -20 -1 26 -26 -7 28 -9 -29
right_child=1 2 10 -5 6 16 7 27 17 -11 -12 12 -14 14 -16 -17 19 -19 21 -21 -22 -23 -24 -25 25 -27 -28 29 -30 -31
leaf_value=0.010274717950757855 0.011772077494881721 0.00026055003368860981 -0.0025392718905891194 -0.01386468639768026 -0.0010873517011452283 -0.00042248200231625511 0.0020218534988388796 -0.011485445155468565 0.005321321692672693 -0.0058950523329550433 -0.0054770782878159723 0.0080673393060737581 0.0033556640807479486 -0.0045570270795914124 0.0027678051066512797 0.0047592909680967462 0.0023569742213782013 -0.0020312880231960228 -0.0074919997218207083 -0.0089623269563435803 -0.00491639379927916 -0.0080818181902588462 0.00083420959956576383 0.0029255560382932993 -0.0070605948310557588 0.0014432725773056382 0.008060122730201626 -0.0059976766855876027 -0.0049274932131976477 -0.011293133157889082
leaf_weight=10.006867215037344 51.993552878499031 19.07484844326973 10.217374160885809 91.96526600420475 5.1884387582540503 22.449548944830898 14.024211198091505 5.2129963189363506 15.446307107806208 30.617520481348038 5.228174000978469 15.483239635825155 322.43571944534779 28.300589084625244 266.31524041295052 88.394545450806618 5.8974914401769665 6.0228383839130393 7.2844354659318906 6.4334408342838278 9.289241209626196 127.92741747200489 5.2470246702432632 4.6386411488056174 13.242133393883703 23.681425079703331 6.8601176440715781 6.0593660324811944 18.921425044536591 15.465610474348068
leaf_count=54 288 80 41 422 21 91 57 23 64 126 21 69 1398 118 1138 381 24 25 30 26 38 554 21 20 54 96 28 26 78 69
internal_value=0 0.00169347 0.0010751 -0.000488335 -0.00423031 0.000131228 -0.00596699 -0.00399285 -0.00124301 -0.00340795 0.00326098 0.00339221 0.00357155 0.00257112 0.00206419 0.00396081 -0.0011717 0.00325866 -0.00748195 -0.00413632 -0.00209191 -0.00771816 -0.00400575 0.00794703 -0.000203972 -0.00160652 0.00156293 -0.0079744 -0.006344 -0.00980244
internal_weight=0 899.409 847.415 494.05 359.916 102.499 257.418 111.77 66.1109 44.6417 353.365 348.136 337.919 402.085 294.616 107.469 87.8534 21.4691 145.647 21.6202 15.1867 140.459 12.5315 14.6455 66.2332 36.9236 29.3097 45.6594 24.1344 21.525
internal_count=5481 3956 3668 2139 1525 431 1094 468 272 183 1529 1508 1467 1717 1256 461 357 89 626 88 62 605 51 74 269 150 119 196 101 95
is_linear=0
shrinkage=0.01


Tree=78
num_leaves=28
num_cat=0
split_feature=2 0 0 0 0 12 2 0 12 2 0 2 2 2 12 2 2 2 12 2 12 3 2 0 2 2 12
split_gain=88.5367 55.3557 28.4101 199.056 26.7789 10.2801 7.57902 12.0368 6.34857 5.04243 3.97449 3.63397 3.55439 2.16686 1.87056 1.44434 1.76922 1.36208 1.3469 1.21507 1.14954 0.940427 0.467833 0.328403 0.259985 0.226881 0.368592
threshold=70.500000000000014 4216877.0000000009 4231539.5000000009 4216886.5000000009 4216886.5000000009 1.9922459088058959 43.500000000000007 4231539.5000000009 2.9160055349214766 51.500000000000007 4231864.0000000009 73.500000000000014 19.500000000000004 9.5000000000000018 1.972957910446512 33.500000000000007 40.500000000000007 27.500000000000004 1.9585761340917001 53.500000000000007 2.9440373418857591 19.500000000000004 67.500000000000014 4231767.5000000009 9.5000000000000018 17.500000000000004 1.9902329949527153
decision_type=2 2 2 2 2 2 2 2 2 2 2 2 2 2 2 2 2 2 2 2 2 2 2 2 2 2 2
left_child=4 -2 3 -3 5 12 13 8 9 -8 11 -4 25 -6 -15 17 -17 -14 22 -20 -16 -10 -9 -13 -7 26 -1
right_child=1 2 10 -5 6 24 7 18 21 -11 -12 23 15 14 20 16 -18 -19 19 -21 -22 -23 -24 -25 -26 -27 -28
leaf_value=0.00086827458059721336 0.0117272802473476 0.002547143485892054 -0.0025135408330045502 -0.013795179596296853 -0.0010763596690614504 0.0086672028359229287 -0.0031095024942508348 -0.0053650916544782387 -0.0049948953166188016 0.0029820607036805391 -0.0054241555130120399 0.0029352728598473115 -0.0024260313964799655 -0.0039686857232493992 -0.0082187045504419146 -0.0058579271192533942 0.00055129092099088096 0.00093420077682309559 -0.0059355609995176703 -0.011224780218731282 -0.0035135254481236332 -0.010755091841661448 -0.0083893305884643731 0.0037004431401843167 0.012116936970979778 0.0042144493901185324 0.0040030444332602331
leaf_weight=10.534024178981786 51.671855986118317 401.81291089951992 10.218742296099661 91.506643712520599 5.1890074461698523 4.1428455710411054 25.149644821882248 16.732605174183849 5.3788208961486816 29.561515793204308 5.2264016717672339 71.040645837783813 28.358578786253929 12.522089704871176 122.22186695039272 15.672465324401857 5.9391000717878333 20.993631035089493 6.0476033538579967 15.411871597170828 5.422830492258071 5.9915205091238004 7.3673555105924597 266.53796887397766 4.621827632188797 6.3271070420742026 5.8250451982021323
leaf_count=43 288 1717 41 422 21 22 101 70 23 122 21 309 115 51 531 64 24 85 26 69 23 26 31 1158 23 26 29
internal_value=0 0.00167914 0.00106567 -0.000484221 -0.00419393 0.000130044 -0.00591706 -0.00395755 -0.00123113 0.000181889 0.00323151 0.00336158 -0.000839199 -0.00742206 -0.00765698 -0.00194072 -0.0040966 -0.000996643 -0.00791208 -0.0097342 -0.00801881 -0.00803019 -0.0062896 0.00353942 0.0104863 0.00260642 0.00198449
internal_weight=0 898.015 846.343 493.32 359.411 102.415 256.997 111.641 66.0815 54.7112 353.024 347.797 93.65 145.356 140.167 70.9638 21.6116 49.3522 45.5594 21.4595 127.645 11.3703 24.1 337.579 8.76467 22.6862 16.3591
internal_count=5481 3956 3668 2139 1525 431 1094 468 272 223 1529 1508 386 626 605 288 88 200 196 95 554 49 101 1467 45 98 72
is_linear=0
shrinkage=0.01


Tree=79
num_leaves=31
num_cat=0
split_feature=2 2 1 1 1 13 1 1 13 1 1 1 1 2 2 1 1 1 1 1 1 1 1 1 1 1 1 1 1 1
split_gain=86.8987 14.576 6.59532 4.83621 6.20262 4.31527 4.44047 5.44895 4.41621 4.06387 3.67967 4.88577 3.60438 3.30444 3.20018 2.63498 10.6452 4.9774 3.36992 2.43824 1.53817 1.20583 1.02933 1.99913 0.605342 0.753723 0.560842 0.543098 0.0583983 0.134155
threshold=70.500000000000014 14.500000000000002 4334145191470.5005 643953705598.00012 660434126998.00012 2.9575138337046307 3020926383199.5005 2384994530278.5005 1.9924137935811148 2161540178070.0002 207995304615.50003 229009853761.00003 174026417975.00003 40.500000000000007 21.500000000000004 2943938743131.0005 2801556722008.0005 3022918903682.5005 3022918922337.5005 632859025282.50012 2177228745504.5002 446992604946.50006 679621560489.50012 1224176380759.0002 183964076434.00003 207995293143.50003 643953711164.00012 3133201344233.0005 229009852461.50003 229009853137.50003
decision_type=2 2 2 2 2 2 2 2 2 2 2 2 2 2 2 2 2 2 2 2 2 2 2 2 2 2 2 2 2 2
left_child=1 9 5 10 26 8 7 -7 13 22 12 28 -2 -3 -10 16 20 -17 -19 21 -6 -13 -1 -24 -14 -26 -5 -8 -12 -30
right_child=3 2 -4 4 15 6 27 -9 14 -11 11 19 24 -15 -16 17 -18 18 -20 -21 -22 -23 23 -25 25 -27 -28 -29 29 -31
leaf_value=0.0025870908428543395 0.0079154782687564183 -0.0058291012500620853 -0.013249153479786072 -0.0068884617551871405 0.001636039170642509 -0.0074604781661519346 -0.010154911937113044 0.0036814131446552133 -0.0031000737782658299 -0.0018265075573418107 0.010002993249322269 -0.001715092681683694 0.0021770375266373975 -0.0033985056549804393 0.0019909506563806413 0.007943907362402549 -0.0093363061011666627 -0.0019509947993774904 0.0023221893009767293 0.007536133808559599 0.00036923243399043798 0.0032839746138811979 0.013563347358108539 0.0046397080474461453 -0.0017664496536655922 0.002190485087729076 -0.0030126741906886072 -0.014686740551518617 0.012653373744937533 0.0099436420430402839
leaf_weight=4.5821645259857204 7.583756446838378 117.93315213918686 8.7924521267414075 7.5372320115566236 370.52420461177826 25.066145598888401 4.359006002545355 5.3210659325122824 42.444364055991173 9.495011627674101 6.7017281353473646 6.5833663195371654 11.606601864099501 106.39430847764015 17.412359207868576 14.880410104990004 9.5748883038759214 19.959627345204353 244.83029939234257 11.43304495513439 129.29423913359642 18.066448152065277 4.2369842231273633 6.1609124839305878 16.572829335927967 6.7845541983842841 7.3982082307338715 6.7229618728160858 3.6459308266639709 3.662397176027298
leaf_count=22 35 499 38 32 1619 108 20 22 177 40 38 30 51 443 72 67 42 87 1077 51 567 82 23 30 72 30 32 31 22 22
internal_value=0 -0.00415771 -0.00470286 0.00166489 0.0014156 -0.00447212 -0.00748556 -0.00550944 -0.00403238 0.00329169 0.00382846 0.00566523 0.00166597 -0.00467632 -0.00161909 0.00153644 0.00110825 0.00231633 0.00200008 0.00371921 0.00130834 0.00194885 0.00653582 0.00827595 0.000310445 -0.00061709 -0.00496861 -0.0129042 0.0106772 0.0112955
internal_weight=0 358.921 334.446 896.64 803.999 325.653 41.4692 30.3872 284.184 24.4751 92.6407 50.0929 42.5477 224.327 59.8567 789.064 509.393 279.67 264.79 36.0829 499.818 24.6498 14.9801 10.3979 34.964 23.3574 14.9354 11.082 14.0101 7.30833
internal_count=5481 1525 1410 3956 3523 1372 181 130 1191 115 433 245 188 942 249 3459 2228 1231 1164 163 2186 112 75 53 153 102 64 51 82 44
is_linear=0
shrinkage=0.01


Tree=80
num_leaves=31
num_cat=0
split_feature=2 0 0 0 0 12 2 0 12 1 1 1 1 2 0 1 1 1 1 1 1 2 12 1 1 1 1 12 1 0
split_gain=85.2374 54.5682 27.9365 195.866 26.2641 9.98165 7.4265 11.8466 6.21659 5.6675 5.19311 8.17708 9.11861 5.82904 3.90419 3.68576 4.8533 2.7969 5.04382 3.79386 2.63283 2.09395 1.83794 2.07979 1.71808 1.63397 1.45592 1.33978 1.75949 1.21328
threshold=70.500000000000014 4216877.0000000009 4231539.5000000009 4216886.5000000009 4216886.5000000009 1.9922459088058959 43.500000000000007 4231539.5000000009 1.9657402510146069 1646869333327.5002 1837832564030.5002 2777491179720.5005 3022918913159.5005 19.500000000000004 4231864.0000000009 4334145194491.0005 3062739739830.0005 835223758002.50012 207995304615.50003 871682471403.00012 1997147138803.0002 9.5000000000000018 1.972957910446512 2777491184717.5005 679621564551.50012 871682478090.50012 2352494749207.5005 1.9585761340917001 2384994535578.5005 4231767.5000000009
decision_type=2 2 2 2 2 2 2 2 2 2 2 2 2 2 2 2 2 2 2 2 2 2 2 2 2 2 2 2 2 2
left_child=4 -2 3 17 5 10 21 8 20 -10 13 26 -13 25 15 16 -4 18 -3 -19 -8 -6 23 -23 -15 -1 -12 28 -9 -29
right_child=1 2 14 -5 6 -7 7 27 9 -11 11 12 -14 24 -16 -17 -18 19 -20 -21 -22 22 -24 -25 -26 -27 -28 29 -30 -31
leaf_value=0.0044925734289702583 0.01166957385919104 0.00021855529837713596 0.0029804425452166941 -0.013734842481170705 -0.0010848297893904168 0.010408559178349508 0.0077513838072832669 -0.0081523712846006697 0.0017135017211575641 -0.0058352887698377058 -0.0062830365418823989 0.010642178372994528 -0.0024256236390604422 -0.0032358133731428462 -0.0053895671395106396 -0.0032723722096469625 0.0063436518779563566 -0.0062725806044472646 0.0064265932913358829 0.0022867455843415454 0.00051295025447546433 -0.0073625102686266635 -0.0079146095663781436 0.00089951505320899291 0.0017228464037294289 0.011848923618117284 -0.012448894158275131 -0.005841479735678559 -0.0024516451367914719 -0.01113599912003597
leaf_weight=7.0426299422979337 51.237113997340202 19.055361151695251 288.6509210318327 91.095843970775604 5.1881536692380896 8.7010048776864988 8.0833824425935763 15.817367985844614 14.953435465693472 29.698878258466721 15.090276956558229 6.700368031859397 26.296359315514565 13.161642923951151 5.2249585837125769 8.2802926003932935 50.398759439587593 5.2597133815288535 41.786619588732719 335.27301044762135 13.280961036682127 7.2657229602336866 127.14651601016521 5.2471731305122375 14.894965946674345 5.2853982150554657 5.131950616836547 6.0294712781906137 8.2317523062229139 15.339611411094666
leaf_count=32 288 80 1253 422 21 45 34 67 61 123 62 28 106 53 21 34 221 22 185 1430 54 30 554 21 60 24 21 26 34 69
internal_value=0 0.00164895 0.00104136 -0.000497055 -0.00411999 0.000163487 -0.00582989 -0.00388911 -0.00118468 -0.0033073 -0.000788853 -0.00284069 0.000227945 0.00191506 0.00319032 0.00331939 0.00348037 0.00250739 0.00448227 0.00215454 0.00325167 -0.00732299 -0.00755473 -0.0038979 -0.000603312 0.00764646 -0.00784779 -0.00782007 -0.00620107 -0.0096421
internal_weight=0 896.263 845.025 492.471 358.587 102.305 256.282 111.435 66.0167 44.6523 93.6036 53.219 32.9967 40.3846 352.555 347.33 339.05 401.375 60.842 340.533 21.3643 144.848 139.659 12.5129 28.0566 12.328 20.2222 45.4182 24.0491 21.3691
internal_count=5481 3956 3668 2139 1525 431 1094 468 272 184 386 217 134 169 1529 1508 1474 1717 265 1452 88 626 605 51 113 56 83 196 101 95
is_linear=0
shrinkage=0.01


Tree=81
num_leaves=31
num_cat=0
split_feature=2 0 0 0 0 12 2 0 12 1 1 1 1 2 0 1 1 1 1 2 12 1 1 1 1 12 1 2 12 3
split_gain=83.6678 53.8905 27.4051 192.854 25.7952 9.82758 7.31147 11.6517 6.13218 5.16595 5.09342 8.02423 8.95376 5.72787 3.82957 3.61601 4.77537 2.78128 7.68983 2.06262 1.8131 2.04208 1.68412 1.61312 1.43034 1.32661 1.74483 1.20769 1.14438 0.932502
threshold=70.500000000000014 4216877.0000000009 4231539.5000000009 4216886.5000000009 4216886.5000000009 1.9922459088058959 43.500000000000007 4231539.5000000009 2.9160055349214766 4006191229963.0005 1837832564030.5002 2777491179720.5005 3022918913159.5005 19.500000000000004 4231864.0000000009 4334145194491.0005 3062739739830.0005 4148002225286.5005 3704794817060.5005 9.5000000000000018 1.972957910446512 2777491184717.5005 679621564551.50012 871682478090.50012 2352494749207.5005 1.9585761340917001 1215926412144.5002 53.500000000000007 2.9440373418857591 19.500000000000004
decision_type=2 2 2 2 2 2 2 2 2 2 2 2 2 2 2 2 2 2 2 2 2 2 2 2 2 2 2 2 2 2
left_child=4 -2 3 17 5 10 19 8 9 -8 13 24 -13 23 15 16 -4 18 -3 -6 21 -21 -15 -1 -12 26 -9 -27 -22 -10
right_child=1 2 14 -5 6 -7 7 25 29 -11 11 12 -14 22 -16 -17 -18 -19 -20 20 28 -23 -24 -25 -26 27 -28 -29 -30 -31
leaf_value=0.0044533302481153496 0.011625850943163141 0.0026979151080951964 0.0029530854775399375 -0.013667465219666089 -0.0010738637778179498 0.010353544405167028 0.0012588046015157373 -0.011296619904021039 -0.0048492023204607685 -0.0088203294207421547 -0.0062259800401696487 0.01055912601728185 -0.0024014404163144407 -0.0032039495160370648 -0.0053375907872948748 -0.0032379606931533813 0.0062920508982560429 0.0055334836944256581 -0.002411513952855499 -0.0072985179134862077 -0.0080533812999488037 0.00089052251747116589 0.0017057589183036373 0.011771920062484063 -0.012341237684094506 -0.0057807358521444387 -0.0047365361846716959 -0.011069429336001437 -0.0033478925826975273 -0.010600775293397041
leaf_weight=7.0336883217096311 50.917116090655327 341.03377123177052 288.41287784278393 90.631804302334785 5.1887202113866797 8.6599724739789945 49.004100367426872 5.1654744297266033 5.3545577526092529 5.6739316135644904 15.076352596282961 6.6856128424406043 26.295563250780106 13.159622877836229 5.2230893522500983 8.284588158130644 50.304432332515717 27.832714438438416 32.240581512451172 7.2561814934015256 121.46336117386818 5.2471593767404556 14.893741548061369 5.2668648213148117 5.1249858587980262 6.017629653215411 18.850888192653656 15.285305127501486 5.3981318324804297 5.9525927454233152
leaf_count=32 288 1461 1253 422 21 45 200 23 23 23 62 28 106 53 21 34 221 121 135 30 531 21 60 24 21 26 78 69 23 26
internal_value=0 0.00163498 0.00103222 -0.000492871 -0.00408489 0.000162055 -0.00578123 -0.00385477 -0.0011734 0.000212894 -0.000781513 -0.00281421 0.000225795 0.00189738 0.00316139 0.00328932 0.00344897 0.00248398 0.0022566 -0.00726459 -0.00749507 -0.0038619 -0.000597348 0.00758701 -0.00777739 -0.00775886 -0.00614749 -0.00957549 -0.00785316 -0.00787709
internal_weight=0 894.881 843.964 491.739 358.054 102.196 255.858 111.304 65.9852 54.678 93.5364 53.1825 32.9812 40.3539 352.225 347.002 338.717 401.107 373.274 144.554 139.365 12.5033 28.0534 12.3006 20.2013 45.3193 24.0164 21.3029 126.861 11.3072
internal_count=5481 3956 3668 2139 1525 431 1094 468 272 223 386 217 134 169 1529 1508 1474 1717 1596 626 605 51 113 56 83 196 101 95 554 49
is_linear=0
shrinkage=0.01


Tree=82
num_leaves=31
num_cat=0
split_feature=2 2 1 1 1 12 1 1 12 1 1 1 1 2 2 1 1 1 1 1 1 1 1 1 1 1 1 1 1 1
split_gain=82.1273 13.8057 6.49144 4.7096 6.09985 4.14823 4.42942 5.37892 4.28687 3.88216 3.53064 4.74438 3.51442 3.19695 3.15516 2.55321 10.5348 4.87194 3.25019 2.44276 1.52392 1.18276 1.11772 1.61468 0.570309 0.749924 0.558316 0.543704 0.0556395 0.136088
threshold=70.500000000000014 14.500000000000002 4334145191470.5005 643953705598.00012 660434126998.00012 2.9160055349214766 3020926383199.5005 2384994530278.5005 1.9848851658944422 2161540178070.0002 207995304615.50003 229009853761.00003 174026417975.00003 40.500000000000007 21.500000000000004 2943938743131.0005 2801556722008.0005 3022918903682.5005 3022918922337.5005 632859025282.50012 2177228745504.5002 446992604946.50006 660434136180.50012 1224176380759.0002 183964076434.00003 207995293143.50003 643953711164.00012 3133201344233.0005 229009852461.50003 229009853137.50003
decision_type=2 2 2 2 2 2 2 2 2 2 2 2 2 2 2 2 2 2 2 2 2 2 2 2 2 2 2 2 2 2
left_child=1 9 5 10 26 8 7 -7 13 22 12 28 -2 -3 -10 16 20 -17 -19 21 -6 -13 -1 -24 -14 -26 -5 -8 -12 -30
right_child=3 2 -4 4 15 6 27 -9 14 -11 11 19 24 -15 -16 17 -18 18 -20 -21 -22 -23 23 -25 25 -27 -28 -29 29 -31
leaf_value=0.0016000826286842983 0.0078342336492734296 -0.0056932123139533291 -0.013086022838626667 -0.0068755458271151449 0.0015995280916548549 -0.00728870388286514 -0.0099970820906967479 0.0037962007378565059 -0.0030141771328939444 -0.0017756110241931564 0.0099038185785085241 -0.0017539597245070481 0.0021186155890735811 -0.0032984567496155645 0.002044691864664687 0.0078474631349862226 -0.0093165157205752375 -0.0019344338776171666 0.0022682342879676086 0.0074898361642324572 0.00033675504231742154 0.0032090599226944592 0.012138754875824949 0.0045141064447697735 -0.0017447593130670458 0.0022094121946424675 -0.0030056490755056508 -0.014553574453782152 0.012559682858293895 0.0098027424513852449
leaf_weight=3.634765416383746 7.5402380526065818 117.43480522930622 8.7385128587484342 7.5336977392435056 369.37396042048931 24.918533846735958 4.3196326196193677 5.310457617044448 42.319676786661148 9.4742550551891309 6.5926361083984357 6.5517089813947704 11.579221233725546 106.12187328934669 17.39665624499321 14.799675986170767 9.5753438621759397 19.903023362159729 243.95161531865597 11.376045331358908 128.92441494762897 17.978344514966011 5.0946625471115095 6.1065845191478729 16.524494782090191 6.7577660977840415 7.3800648003816605 6.6509611457586288 3.5698618590831757 3.5920471251010895
leaf_count=18 35 499 38 32 1619 108 20 22 177 40 38 30 51 443 72 67 42 87 1077 51 567 82 27 30 72 30 32 31 22 22
internal_value=0 -0.00405011 -0.00458089 0.00162112 0.00137506 -0.00435183 -0.00731666 -0.00534137 -0.00392063 0.00322506 0.00376322 0.00557277 0.00164388 -0.00455643 -0.00154042 0.00149519 0.00107316 0.00226438 0.00195122 0.00365974 0.00127281 0.00188349 0.00641847 0.00798202 0.00030496 -0.000597046 -0.00496053 -0.0127595 0.0105667 0.0111769
internal_weight=0 357.521 333.211 893.504 801.442 324.473 41.1996 30.229 283.273 24.3103 92.0624 49.6606 42.4017 223.557 59.7163 786.528 507.874 278.654 263.855 35.9061 498.298 24.5301 14.836 11.2012 34.8615 23.2823 14.9138 10.9706 13.7545 7.16191
internal_count=5481 1525 1410 3956 3523 1372 181 130 1191 115 433 245 188 942 249 3459 2228 1231 1164 163 2186 112 75 57 153 102 64 51 82 44
is_linear=0
shrinkage=0.01


Tree=83
num_leaves=31
num_cat=0
split_feature=0 0 2 2 0 2 2 13 2 1 1 2 13 1 0 1 13 2 1 1 1 1 1 2 1 1 1 1 1 1
split_gain=81.2992 156.881 55.7282 51.3273 38.1672 28.1726 9.49922 5.96129 7.34933 6.00237 7.96653 6.06821 5.56021 5.02197 3.91734 3.23566 2.94656 3.81315 2.86485 5.07935 3.78664 2.86284 2.15933 2.04743 1.73479 1.60952 1.32456 1.28682 1.03284 0.465353
threshold=4216886.5000000009 4231539.5000000009 96.500000000000014 73.500000000000014 4216877.0000000009 51.500000000000007 64.500000000000014 1.9961153951178154 44.500000000000007 1837832564030.5002 2777491179720.5005 19.500000000000004 1.9863862745312775 1731095585241.0002 4231864.0000000009 229009853761.00003 1.996789895425686 62.500000000000007 835223758002.50012 207995304615.50003 1758355642673.5002 4334145194491.0005 1795796981960.0002 46.500000000000007 2595850559623.0005 2777491181604.5005 1410594599213.0002 229009853761.00003 174026422758.50003 1795796960235.0002
decision_type=2 2 2 2 2 2 2 2 2 2 2 2 2 2 2 2 2 2 2 2 2 2 2 2 2 2 2 2 2 2
left_child=4 2 5 16 26 12 13 8 9 11 -11 -6 24 -7 15 28 17 25 19 -10 -20 -17 -19 -14 -2 -3 27 -1 -5 -9
right_child=1 3 -4 14 7 6 -8 29 18 10 -12 -13 23 -15 -16 21 -18 22 20 -21 -22 -23 -24 -25 -26 -27 -28 -29 -30 -31
leaf_value=0.010793476990304902 -0.0049995462861049233 -0.0084512454253939003 -0.014487790529509938 0.005159533828852543 0.0081835429910809571 0.0073701161971994212 0.01568416837756156 0.0076108751718236946 0.00017564110379234647 -0.0079294635124075238 0.00014568282686832387 -0.00034236299210992641 -0.0078058307952996037 -0.0017891696190748011 -0.0053034825770409801 0.0033617277239700732 0.00030933668396686492 -0.0087841839218693856 0.00013309126701852844 0.0064054752948976895 0.0026675568791886119 -0.0026830442281562477 -0.0033421231429784995 -0.0014994858857706598 -0.00055945470833707674 -0.014027088607116668 0.01242444746146671 0.0054108865476454535 0.010352421826226397 0.012307713485307252
leaf_weight=14.583747297525408 20.944078654050827 16.185247495770458 88.462057173252106 7.239710882306098 12.024214640259741 8.773904889822008 5.3460437804460517 3.7131122946739179 19.035284072160721 19.674234539270401 32.232580795884132 27.304157137870789 128.89014130830765 18.840658873319626 5.2215667217969886 312.92073774337769 5.8086759448051444 10.544338196516035 75.779060497879982 41.884850934147835 265.43655504286289 8.0361899435520154 23.631640017032623 5.3623566031455985 15.175631418824194 7.6116173714399329 30.252366304397583 6.38666708767414 8.1327648758888227 4.884260281920433
leaf_count=88 85 72 414 33 55 37 23 21 80 81 131 110 565 77 21 1365 24 45 319 186 1138 33 97 23 61 34 168 35 36 24
internal_value=0 -0.00227113 -0.00786221 0.00175384 0.00286292 -0.00497968 0.00348306 0.00202384 0.00187999 -0.000682386 -0.00291504 0.00226434 -0.0066169 0.00112099 0.0032916 0.00342504 -0.00648089 -0.00716124 0.00246133 0.00445888 0.00210469 0.00321038 -0.00502117 -0.00755394 -0.00313405 -0.0102347 0.0110856 0.00915418 0.00790682 0.0102792
internal_weight=0 697.127 291.795 405.332 553.191 203.333 32.9606 501.968 493.371 91.2352 51.9068 39.3284 170.372 27.6146 341.551 336.329 63.7815 57.9728 402.136 60.9201 341.216 320.957 34.176 134.252 36.1197 23.7969 51.2228 20.9704 15.3725 8.59737
internal_count=5481 3045 1285 1760 2436 871 137 2145 2100 377 212 165 734 114 1488 1467 272 248 1723 266 1457 1398 142 588 146 106 291 123 69 45
is_linear=0
shrinkage=0.01


Tree=84
num_leaves=31
num_cat=0
split_feature=0 0 2 2 0 2 2 14 2 1 1 2 14 1 0 1 1 0 14 2 1 1 1 1 1 1 1 1 1 1
split_gain=79.8017 154.205 55.2247 50.372 37.7419 27.6674 9.31368 5.88073 7.20822 5.88619 7.82032 5.9653 5.48459 4.92941 3.84272 3.19155 8.03919 4.59872 2.89733 3.77103 2.82586 13.4496 3.09221 2.12379 2.03697 1.70172 1.59369 1.31889 1.28064 0.459911
threshold=4216886.5000000009 4231539.5000000009 96.500000000000014 73.500000000000014 4216877.0000000009 51.500000000000007 64.500000000000014 1.9980558040442025 44.500000000000007 1837832564030.5002 2777491179720.5005 19.500000000000004 1.9931698079731552 1731095585241.0002 4231864.0000000009 1862882903156.5002 1862882910947.5002 4231767.5000000009 1.9983936539708977 62.500000000000007 1392992072007.0002 1731095585241.0002 207995304615.50003 1795796981960.0002 207995281506.00003 2595850559623.0005 2777491181604.5005 1410594599213.0002 229009853761.00003 1795796960235.0002
decision_type=2 2 2 2 2 2 2 2 2 2 2 2 2 2 2 2 2 2 2 2 2 2 2 2 2 2 2 2 2 2
left_child=4 2 5 18 27 12 13 8 9 11 -11 -6 25 -7 15 17 -17 -5 19 26 22 -22 -10 -21 -14 -2 -3 28 -1 -9
right_child=1 3 -4 14 7 6 -8 29 20 10 -12 -13 24 -15 -16 16 -18 -19 -20 23 21 -23 -24 -25 -26 -27 -28 -29 -30 -31
leaf_value=0.010751666463351458 -0.0049519116222013519 -0.0083891549492539196 -0.014423277410578974 0.0014257019420789111 0.0081214843061703287 0.0073082814032285424 0.015533228160315913 0.0075659892228619446 0.00017389165363091008 -0.0078593827874685208 0.00014422665255412796 -0.0003389394565578535 -0.013707127029971138 -0.0017709564510363831 -0.0052524299439914721 -0.0041511323337732019 0.0031849396806552938 0.0056343325406757903 0.00030624226148636731 -0.0087103737752173768 -0.0046263792972967227 0.0026284886744551857 0.0046184437439227045 -0.0033099756361200526 -0.007250087373450593 -0.00055387670932891637 -0.013948143145487564 0.012381989710484187 0.0053717930326310191 0.012245774992053166
leaf_weight=14.49450343847275 20.934143409132957 16.14220550656319 87.97161453962326 34.780014753341675 11.995080709457396 8.7597302198410052 5.3440224379301062 3.6978658288717252 19.034561783075333 19.651284739375114 32.232442229986191 27.304143890738487 5.0780869722366324 18.844063743948936 5.2196061462163916 16.269196838140488 182.52552695572376 102.41576939821243 5.8086938560008994 10.527437120676039 28.264140516519547 266.44061328470707 88.127130851149559 23.622591346502304 128.8811282068491 15.175171971321104 7.5783184617757788 30.053537338972092 6.3689045011997214 4.8599966466426849
leaf_count=88 85 72 414 152 55 37 23 21 80 81 131 110 22 77 21 71 796 448 24 45 118 1143 382 97 566 61 34 168 35 24
internal_value=0 -0.00225252 -0.00780533 0.0017382 0.00283776 -0.00493762 0.00344959 0.00200506 0.00186241 -0.000675946 -0.00288719 0.00224339 -0.0065625 0.00111023 0.00326195 0.00339423 0.00258456 0.00456742 -0.00642646 -0.00710225 0.00243836 0.0019327 0.00382898 -0.00497476 -0.00749486 -0.00310361 -0.0101652 0.011041 0.00910937 0.0102236
internal_weight=0 695.877 290.988 404.889 552.524 203.016 32.9478 501.607 493.049 91.183 51.8837 39.2992 170.069 27.6038 341.21 335.991 198.795 137.196 63.6792 57.8706 401.866 294.705 107.162 34.15 133.959 36.1093 23.7205 50.9169 20.8634 8.55786
internal_count=5481 3045 1285 1760 2436 871 137 2145 2100 377 212 165 734 114 1488 1467 867 600 272 248 1723 1261 462 142 588 146 106 291 123 45
is_linear=0
shrinkage=0.01


Tree=85
num_leaves=25
num_cat=0
split_feature=0 0 2 2 0 2 2 12 2 12 2 0 12 2 2 2 12 0 2 2 0 2 12 2
split_gain=78.3314 151.576 54.7325 49.4341 37.3219 27.1711 9.13288 5.80137 7.06974 5.40974 4.09696 3.76947 2.84899 3.72955 2.02112 1.82489 1.73011 1.43809 0.877119 0.77899 0.327284 1.09012 0.294857 0.261939
threshold=4216886.5000000009 4231539.5000000009 96.500000000000014 73.500000000000014 4216877.0000000009 51.500000000000007 64.500000000000014 1.9922459088058959 44.500000000000007 1.972957910446512 33.500000000000007 4231864.0000000009 1.993590124076418 62.500000000000007 46.500000000000007 19.500000000000004 2.9007212158535043 4231767.5000000009 70.500000000000014 47.500000000000007 4231767.5000000009 78.500000000000014 1.973616730110737 9.5000000000000018
decision_type=2 2 2 2 2 2 2 2 2 2 2 2 2 2 2 2 2 2 2 2 2 2 2 2
left_child=4 2 5 12 -1 9 16 8 10 19 15 20 13 17 -11 -6 -7 -3 -15 -2 -5 -22 -12 -9
right_child=1 3 -4 11 7 6 -8 23 -10 14 22 -13 -14 18 -16 -17 -18 -19 -20 -21 21 -23 -24 -25
leaf_value=0.010996835918423858 -0.0022613757586886006 -0.0059630329992769321 -0.014359972909491692 0.0027587938031306599 0.0028274986296315235 0.0027571741889323327 0.015385175730895609 0.0083124817515857589 0.0024155913259003474 -0.0076872913210956177 -0.0029841947353349899 -0.0052019215154075265 0.00030317871725624862 -0.0059771124588304369 -0.0014149426316014285 -0.00062622750998020534 -0.0026831013013899519 -0.01156787940279793 -0.002476843078261503 -0.0057307054608748366 -0.00040282735975213756 0.0036295515701719669 -0.0055367975423048004 0.011825268103630332
leaf_weight=50.61191138625145 27.648759439587593 6.2075994312763241 87.478306919336319 70.640947818756104 22.290845975279808 19.185635522007946 5.3415061235427848 4.0174878090620023 401.60029356181622 128.31626114249229 6.8936274796724346 5.2175933569669715 5.8087113052606574 23.904066771268845 5.3515025973319998 48.773979559540749 8.4072476178407651 17.436188489198685 10.219794243574141 8.4500118643045408 6.8830683976411811 258.13660782575607 13.171868875622748 4.5008942633867264
leaf_count=291 112 27 414 309 97 79 23 22 1723 565 28 21 24 101 23 198 35 79 41 34 30 1128 54 23
internal_value=0 -0.00223405 -0.00774897 0.00172268 0.0028128 -0.00489591 0.00341651 0.00198645 0.00184499 -0.0065085 -0.00066957 0.0032325 -0.00637257 -0.00704384 -0.00743617 0.0004571 0.00109958 -0.0100963 -0.00492881 -0.00307348 0.00336361 0.00352482 -0.00465983 0.0101685
internal_weight=0 694.634 290.179 404.455 551.861 202.701 32.9344 501.249 492.731 169.767 91.1303 340.878 63.5764 57.7676 133.668 71.0648 27.5929 23.6438 34.1239 36.0988 335.661 265.02 20.0655 8.51838
internal_count=5481 3045 1285 1760 2436 871 137 2145 2100 734 377 1488 272 248 588 295 114 106 142 146 1467 1158 82 45
is_linear=0
shrinkage=0.01


Tree=86
num_leaves=31
num_cat=0
split_feature=0 0 2 2 0 2 2 12 2 1 1 2 12 1 0 1 1 12 2 1 1 1 1 1 1 1 1 1 1 1
split_gain=76.8845 148.994 54.2521 48.5158 36.9083 26.6845 8.95718 5.72418 6.93445 5.75794 7.67955 5.80794 5.33694 4.84382 3.69759 3.18245 2.81349 2.802 3.68843 2.80165 4.94136 3.73979 2.0931 2.01472 1.66743 1.58196 1.31958 1.28471 1.02304 0.453078
threshold=4216886.5000000009 4231539.5000000009 96.500000000000014 73.500000000000014 4216877.0000000009 51.500000000000007 64.500000000000014 1.9922459088058959 44.500000000000007 1837832564030.5002 2777491179720.5005 19.500000000000004 1.972957910446512 1731095585241.0002 4231864.0000000009 229009853761.00003 4334145194491.0005 1.993590124076418 62.500000000000007 835223758002.50012 207995304615.50003 871682471403.00012 1795796981960.0002 207995281506.00003 2595850559623.0005 2777491181604.5005 1410594599213.0002 229009853761.00003 174026422758.50003 1795796960235.0002
decision_type=2 2 2 2 2 2 2 2 2 2 2 2 2 2 2 2 2 2 2 2 2 2 2 2 2 2 2 2 2 2
left_child=4 2 5 17 26 12 13 8 9 11 -11 -6 24 -7 15 28 -17 18 25 20 -10 -21 -20 -14 -2 -3 27 -1 -5 -9
right_child=1 3 -4 14 7 6 -8 29 19 10 -12 -13 23 -15 -16 16 -18 -19 22 21 -22 -23 -24 -25 -26 -27 -28 -29 -30 -31
leaf_value=0.010667854986011898 -0.0048740581392502811 -0.0082552416860263728 -0.014297846275974803 0.0050497850389713056 0.0080385732357556167 0.0072403281236438823 0.01523991138738412 0.007464538303185087 0.00014808716884511224 -0.0077825330658435037 0.00015243153146199254 -0.00031913781797657991 -0.013575194875741952 -0.0017655035110168932 -0.0051519498182437473 0.0032707151586383616 -0.0027237895817851005 0.00030014625241190962 -0.0085985886291276275 -0.0063313803263408729 0.0062980645098436776 0.0021712893801945801 -0.003231190055472225 -0.007134379982838627 -0.00051959328709624234 -0.013813850909863099 0.012303188793013089 0.0052532064599542403 0.010231250008913532 0.012131214015984333
leaf_weight=14.314712986350061 20.918123587965965 16.046262562274936 86.982318863272667 7.2058963030576697 11.955687969923018 8.7434566915035266 5.3385109007358542 3.6633251905441266 19.023882985115051 19.622691676020622 32.229617983102798 27.302607446908951 5.0476473420858374 18.843414425849915 5.2155303359031668 312.00903590023518 8.0311076641082746 5.8087283521890631 10.497914731502531 5.2539744675159445 41.707281976938248 335.3660265058279 23.595610350370407 128.32582837343216 15.172020912170408 7.5190584659576407 29.678504690527916 6.3150645792484275 8.0870702564716321 4.8148869574069977
leaf_count=88 85 72 414 33 55 37 23 21 80 81 131 110 22 77 21 1365 33 24 45 22 186 1435 97 566 61 34 168 35 36 24
internal_value=0 -0.00221575 -0.00769306 0.0017073 0.00278781 -0.00485447 0.00338328 0.0019678 0.00182755 -0.000663019 -0.00285043 0.00222611 -0.006455 0.00108883 0.00320329 0.00333324 0.00312029 -0.00631974 -0.00698665 0.00239293 0.0043716 0.00204014 -0.00488389 -0.00737814 -0.00304347 -0.0100288 0.0109529 0.00901036 0.00778979 0.0101148
internal_weight=0 693.388 289.371 404.016 551.248 202.389 32.9254 500.94 492.462 91.1106 51.8523 39.2583 169.464 27.5869 340.549 335.333 320.04 63.4676 57.6588 401.351 60.7312 340.62 34.0935 133.373 36.0901 23.5653 50.3083 20.6298 15.293 8.47821
internal_count=5481 3045 1285 1760 2436 871 137 2145 2100 377 212 165 734 114 1488 1467 1398 272 248 1723 266 1457 142 588 146 106 291 123 69 45
is_linear=0
shrinkage=0.01


Tree=87
num_leaves=31
num_cat=0
split_feature=0 0 12 12 0 12 12 12 1 1 12 12 0 12 1 1 1 1 1 1 12 12 12 1 1 1 1 1 1 1
split_gain=75.4685 146.46 53.7799 47.6133 36.4985 23.2737 5.64711 6.80113 5.64655 7.53899 5.70962 4.07587 3.62716 3.46317 4.70923 3.13446 2.76041 2.7583 13.1973 2.99891 2.75537 3.64818 2.65834 2.05883 1.63568 1.56715 1.31447 1.27855 1.00971 0.447997
threshold=4216886.5000000009 4231539.5000000009 1.941216423569734 1.951465162485281 4216877.0000000009 1.9657402510146069 1.9922459088058959 1.9703270868254663 1837832564030.5002 2777491179720.5005 1.9868872088523377 1.972957910446512 4231864.0000000009 1.957927491985145 1997147138803.0002 229009853761.00003 4334145194491.0005 1392992072007.0002 1731095585241.0002 207995304615.50003 1.993590124076418 1.9585761340917001 1.9842187211896343 1795796981960.0002 2595850559623.0005 2777491181604.5005 1410594599213.0002 229009853761.00003 174026422758.50003 1795796960235.0002
decision_type=2 2 2 2 2 2 2 2 2 2 2 2 2 2 2 2 2 2 2 2 2 2 2 2 2 2 2 2 2 2
left_child=4 2 -2 12 26 13 7 17 10 -10 -9 24 15 -4 -15 28 -17 19 -19 -6 21 23 -13 -5 -7 -23 27 -1 -3 -8
right_child=1 3 5 20 6 11 29 8 9 -11 -12 22 -14 14 -16 16 -18 18 -20 -21 -22 25 -24 -25 -26 -27 -28 -29 -30 -31
leaf_value=0.010626948386214988 -0.014236867705371361 0.0050083278826591818 0.012197637089590648 -0.0085267682706329541 0.00014661104987806942 -0.0048277125160070891 0.0074204073233850708 -0.00031594671353118742 -0.0077140630571371355 0.00015090800311710187 0.0079777828219337339 -0.0083479790434768924 -0.0051025063657617418 0.0097653231658578112 -0.0010646796089012675 0.003241125979063304 -0.002695354378268473 -0.0046259474894597462 0.0025611899596682608 0.004525849242150745 0.00029714389352320642 -0.0081948883413587737 -0.0055961061576332554 -0.0032001255969182872 -0.00051441263730313963 -0.01373837755754892 0.01226227919003975 0.0052150417516303241 0.010162344894892171 0.012071350532455522
leaf_weight=14.226559653878214 86.483826473355293 7.1929534077644339 4.8896240144968059 10.4805621355772 19.023270979523659 20.907798618078232 3.6483360081911069 27.3025853484869 19.599013239145279 32.229474693536758 11.926468670368193 61.382551237940788 5.213418796658515 6.1470519304275539 11.576483324170111 311.71037456393242 8.0346572399139387 28.26436910033226 265.94251900911331 87.85889495909214 5.8087449520826331 16.003012284636501 81.99634113907814 23.58645935356617 15.171578839421271 7.4849329590797415 29.480734810233116 6.2977539449930182 8.0606178492307645 4.7904994040727615
leaf_count=88 414 33 21 45 80 85 21 110 81 131 55 273 21 26 47 1365 33 118 1143 382 24 72 358 97 61 34 168 35 36 24
internal_value=0 -0.00219764 -0.00763783 0.00169208 0.00276327 -0.00481353 0.00194952 0.00181044 -0.000656768 -0.00282324 0.00220552 -0.00601823 0.00317442 0.004747 0.00269149 0.00330323 0.00309195 0.00237056 0.00187072 0.00374642 -0.00626688 -0.00692935 -0.00677422 -0.00483884 -0.00301395 -0.00996144 0.0109095 0.00896634 0.00773192 0.0100606
internal_weight=0 692.131 288.555 403.576 550.59 202.071 500.585 492.147 91.0575 51.8285 39.2291 179.458 340.212 22.6132 17.7235 334.999 319.745 401.089 294.207 106.882 63.3637 57.555 143.379 34.067 36.0794 23.4879 50.005 20.5243 15.2536 8.43884
internal_count=5481 3045 1285 1760 2436 871 2145 2100 377 212 165 777 1488 94 73 1467 1398 1723 1261 462 272 248 631 142 146 106 291 123 69 45
is_linear=0
shrinkage=0.01


Tree=88
num_leaves=23
num_cat=0
split_feature=2 2 12 12 2 2 2 2 12 12 2 12 12 12 12 2 2 12 12 2 12 2
split_gain=73.7505 12.4293 4.17126 3.85992 3.01243 2.5365 2.34647 1.81846 1.51248 0.919824 0.714127 2.41752 0.906012 0.804133 0.649654 1.39158 0.491132 0.335377 0.263925 0.250549 0.0835885 0.0666432
threshold=70.500000000000014 14.500000000000002 2.9160055349214766 1.9848851658944422 21.500000000000004 40.500000000000007 41.500000000000007 34.500000000000007 1.9949361603821067 2.9007212158535043 39.500000000000007 2.9312379261665069 2.9231252750903871 2.9440373418857591 1.467908024219488 78.500000000000014 43.500000000000007 1.9922459088058959 1.9501779375322634 19.500000000000004 1.952109428750183 10.500000000000002
decision_type=2 2 2 2 2 2 2 2 2 2 2 2 2 2 2 2 2 2 2 2 2 2
left_child=1 8 3 5 19 7 -7 -3 17 -6 11 -4 -12 -13 -2 18 -14 -1 -16 -5 -20 -19
right_child=14 2 10 4 9 6 -8 -9 -10 -11 12 13 16 -15 15 -17 -18 21 20 -21 -22 -23
leaf_value=7.738975385587051e-05 0.0014923292995079186 -0.0047767942530309512 0.00033343656773593178 -0.0026342953850800464 0.0040607898365150859 0.0031803286104158364 -0.0037458714244915431 -0.0075505779487176055 0.0071358070351839331 -0.00051233178176119558 -0.0062656105711273377 -0.0087809736519717744 -0.013139545953324077 -0.0042171200308527505 -0.00027821386352719336 0.0062444484640437337 -0.0085607960182936624 0.0020958556420986761 0.0030598598501959326 -0.0043249582521743199 0.0015420531078508407 0.0038238344507543817
leaf_weight=8.2381328791379982 856.79841528832912 86.809354618191719 4.5939558744430569 31.26483616232872 8.8822553008794802 5.135563686490058 102.83681742846966 32.477625355124474 6.694142520427703 8.7123642116785032 7.354715213179591 15.922779127955438 4.9047774821519834 5.0963707268238059 5.7113872468471589 9.1353471279144269 4.4845549017190933 4.9980682879686338 6.8703369647264463 12.1805222928524 7.6892648786306381 4.0327991545200348
leaf_count=40 3831 370 21 132 37 21 433 141 31 36 32 72 22 22 25 40 20 24 29 51 31 20
internal_value=0 -0.00385373 -0.00435772 -0.00392721 -0.00169456 -0.00452688 -0.00341644 -0.005532 0.00310066 0.00179631 -0.00728796 -0.00623812 -0.00889389 -0.00767441 0.00154249 0.00300397 -0.0109526 0.00153648 0.00154361 -0.0031083 0.00225827 0.0028675
internal_weight=0 354.62 330.656 288.299 61.04 227.259 107.972 119.287 23.9631 17.5946 42.3572 25.6131 16.744 21.0191 886.205 29.4063 9.38933 17.269 20.271 43.4454 14.5596 9.03087
internal_count=5481 1525 1410 1221 256 965 454 511 115 73 189 115 74 94 3956 125 42 84 85 183 60 44
is_linear=0
shrinkage=0.01


Tree=89
num_leaves=31
num_cat=0
split_feature=0 0 2 2 0 2 2 12 2 1 1 2 12 1 0 1 1 0 1 1 1 12 2 1 2 1 1 1 1 1
split_gain=73.7733 142.919 53.8392 46.3862 36.0623 25.7769 8.65787 5.53287 6.43775 5.53454 7.41275 5.57038 5.17322 4.69082 3.55835 3.11015 7.92006 4.52912 2.73898 4.80592 3.68849 2.67517 3.598 2.02838 2.00209 1.60581 1.55657 1.30905 1.27418 0.442845
threshold=4216886.5000000009 4231539.5000000009 96.500000000000014 73.500000000000014 4216877.0000000009 51.500000000000007 64.500000000000014 1.9922459088058959 44.500000000000007 1837832564030.5002 2777491179720.5005 19.500000000000004 1.972957910446512 1731095585241.0002 4231864.0000000009 1862882903156.5002 1862882910947.5002 4231767.5000000009 835223758002.50012 207995304615.50003 871682471403.00012 1.993590124076418 62.500000000000007 1795796981960.0002 46.500000000000007 2595850559623.0005 2777491181604.5005 1410594599213.0002 229009853761.00003 1795796960235.0002
decision_type=2 2 2 2 2 2 2 2 2 2 2 2 2 2 2 2 2 2 2 2 2 2 2 2 2 2 2 2 2 2
left_child=4 2 5 21 27 12 13 8 9 11 -11 -6 25 -7 15 17 -17 -5 19 -10 -20 22 26 -24 -14 -2 -3 28 -1 -9
right_child=1 3 -4 14 7 6 -8 29 18 10 -12 -13 24 -15 -16 16 -18 -19 20 -21 -22 -23 23 -25 -26 -27 -28 -29 -30 -31
leaf_value=0.010582648787869216 -0.0047534884662002999 -0.008109552361628268 -0.01418324347820912 0.001296845537516568 0.00793203729527555 0.0071672251601973781 0.015018546240956806 0.0073496848078068002 0.00013027119682999089 -0.007614071624224188 0.00018963705774563888 -0.00026610056168646981 -0.0074785695086753978 -0.0017012806561724329 -0.0050678871262968593 -0.004233827540598277 0.0030560948477971655 0.0054825563324848951 -0.0063278287520540091 0.006199959754728937 0.0021161486327184774 0.00027198825173196267 -0.0084429741207300429 -0.0031505601530759171 -0.0012196769492778671 -0.00047878100849917305 -0.013648572546029185 0.01221699152402453 0.0051676190812038952 0.011989484977570122
leaf_weight=14.126599758863451 20.892343759536743 15.940674036741258 86.035705462098122 34.642358511686325 11.901263147592543 8.7243818640708941 5.3377096205949774 3.6243646591901761 19.016481995582581 19.559653922915459 32.229728445410728 27.299789175391197 127.25754128396511 18.851014271378517 5.2118989974260321 16.234385505318642 181.767193749547 101.86410203576088 5.2543226182460776 41.542432188987732 334.85765984654427 5.8029896169900885 10.454519495368002 23.564554676413536 5.3246414065361014 15.167812660336493 7.4420421868562689 29.259353265166283 6.2758475244045249 4.7570640444755554
leaf_count=88 85 72 414 152 55 37 23 21 80 81 131 110 565 77 21 71 796 448 22 186 1435 24 45 97 23 61 34 168 35 24
internal_value=0 -0.00217582 -0.00756078 0.00166775 0.0027338 -0.00473393 0.00336107 0.00192662 0.00178928 -0.000611931 -0.00275764 0.00222282 -0.00631379 0.00110456 0.00313126 0.00325901 0.00245839 0.00442031 0.00233458 0.00429398 0.0019857 -0.00619851 -0.00685264 -0.00477699 -0.00722721 -0.00295544 -0.00987246 0.0108613 0.00891697 0.00998311
internal_weight=0 690.516 287.591 402.925 549.705 201.555 32.9131 500.043 491.661 90.9904 51.7894 39.2011 168.642 27.5754 339.72 334.508 198.002 136.506 400.671 60.5589 340.112 63.2048 57.4018 34.0191 132.582 36.0602 23.3827 49.6618 20.4024 8.38143
internal_count=5481 3045 1285 1760 2436 871 137 2145 2100 377 212 165 734 114 1488 1467 867 600 1723 266 1457 272 248 142 588 146 106 291 123 45
is_linear=0
shrinkage=0.01


Tree=90
num_leaves=31
num_cat=0
split_feature=0 0 2 2 0 2 2 12 2 1 1 2 12 1 0 1 1 1 1 12 2 1 1 1 1 1 1 1 1 1
split_gain=72.4146 140.497 53.3765 45.5233 35.6627 25.3153 8.49311 5.45858 6.31389 5.42871 7.51446 5.50554 5.10299 4.60458 3.49049 3.0819 2.71163 2.7114 6.32129 2.63081 3.55905 2.00137 1.99532 1.57528 1.54259 1.30439 1.26811 0.999452 0.912256 0.438046
threshold=4216886.5000000009 4231539.5000000009 96.500000000000014 73.500000000000014 4216877.0000000009 51.500000000000007 64.500000000000014 1.9922459088058959 44.500000000000007 1861025320427.0002 2777491179720.5005 19.500000000000004 1.972957910446512 1731095585241.0002 4231864.0000000009 229009853761.00003 4334145194491.0005 4223680115167.5005 3704794817060.5005 1.993590124076418 62.500000000000007 207995281506.00003 1795796981960.0002 2595850559623.0005 2777491181604.5005 1410594599213.0002 229009853761.00003 174026422758.50003 4334145198256.5005 1795796960235.0002
decision_type=2 2 2 2 2 2 2 2 2 2 2 2 2 2 2 2 2 2 2 2 2 2 2 2 2 2 2 2 2 2
left_child=4 2 5 19 25 12 13 8 9 11 -11 -6 23 -7 15 27 -17 18 -10 20 24 -14 -22 -2 -3 26 -1 -5 -19 -9
right_child=1 3 -4 14 7 6 -8 29 17 10 -12 -13 21 -15 -16 16 -18 28 -20 -21 22 -23 -24 -25 -26 -27 -28 -29 -30 -31
leaf_value=0.010542333518005407 -0.0047083697530022027 -0.0080504552036991597 -0.014124362850284468 0.0049169672330232157 0.0078721589599705741 0.0071073575747275363 0.014879831593439002 0.0073061316530573985 0.002515497354975397 -0.0077351183926098405 0.00018774161685869125 -0.00026328131327412949 -0.013377665369457035 -0.0016839888395412499 -0.0050193275560032127 0.0031682320411693223 -0.0027166966979775267 0.0064502432145848729 -0.0019527099765461946 0.00026926733858011144 -0.0083727874622473285 -0.0069272348361887753 -0.003120279910045284 -0.0004740067547235358 -0.013575720774504807 0.012177155453662332 0.0051299565565942826 0.010056390306460956 0.001695356043845075 0.011931230399703176
leaf_weight=14.039253100752832 20.881676241755486 15.897332742810251 85.532943159341812 7.1644012480974189 11.872017547488211 8.7099642008543032 5.3336150646209708 3.6095847785472852 340.39040809869766 19.045025020837784 32.229560971260071 27.789929330348969 4.9989547878503791 18.854123547673225 5.2097091823816291 310.96899808943272 8.0319938808679563 20.061739921569828 34.909198015928268 5.8030023872852317 10.436824202537535 127.28792725503445 23.555348917841911 15.167391017079352 7.4073329865932456 29.062508076429367 6.2587894052267066 8.0190801322460157 5.0507757365703574 4.7326103001832962
leaf_count=88 85 72 414 33 55 37 23 21 1466 79 131 112 22 77 21 1365 33 88 147 24 45 566 97 61 34 168 35 36 22 24
internal_value=0 -0.00215805 -0.00750686 0.00165284 0.00270972 -0.00469413 0.00332905 0.00190871 0.00177252 -0.000606168 -0.00275506 0.0021719 -0.0062621 0.00109398 0.00310295 0.00322957 0.00302006 0.00231274 0.00209988 -0.00614681 -0.00679663 -0.00717099 -0.00473299 -0.00292679 -0.00980665 0.0108186 0.00887346 0.00763133 0.00549391 0.00993
internal_weight=0 689.261 286.767 402.494 549.051 201.234 32.8977 499.691 491.349 90.9365 51.2746 39.6619 168.336 27.5641 339.394 334.184 319.001 400.412 375.3 63.0998 57.2968 132.287 33.9922 36.0491 23.3047 49.3606 20.298 15.1835 25.1125 8.3422
internal_count=5481 3045 1285 1760 2436 871 137 2145 2100 377 210 167 734 114 1488 1467 1398 1723 1613 272 248 588 142 146 106 291 123 69 110 45
is_linear=0
shrinkage=0.01


Tree=91
num_leaves=31
num_cat=0
split_feature=0 0 2 2 0 2 2 12 2 1 1 2 12 1 0 1 1 0 2 12 0 1 1 1 1 1 1 1 1 1
split_gain=71.081 138.117 52.9235 44.677 35.268 24.8616 8.33237 5.38539 6.19223 5.32384 7.37803 5.41257 5.03345 4.51997 3.42399 3.04015 7.77794 4.46214 2.73323 3.09354 3.38667 2.68976 4.73161 3.62273 1.97792 1.96287 1.56178 1.29993 1.26209 0.433367
threshold=4216886.5000000009 4231539.5000000009 96.500000000000014 73.500000000000014 4216877.0000000009 51.500000000000007 64.500000000000014 1.9922459088058959 44.500000000000007 1861025320427.0002 2777491179720.5005 19.500000000000004 1.972957910446512 1731095585241.0002 4231864.0000000009 1862882903156.5002 1862882910947.5002 4231767.5000000009 10.500000000000002 1.9585761340917001 4231767.5000000009 835223758002.50012 207995304615.50003 1758355642673.5002 207995281506.00003 1795796981960.0002 1646869333327.5002 1410594599213.0002 229009853761.00003 1795796960235.0002
decision_type=2 2 2 2 2 2 2 2 2 2 2 2 2 2 2 2 2 2 2 2 2 2 2 2 2 2 2 2 2 2
left_child=4 2 5 18 27 12 13 8 9 11 -11 -6 26 -7 15 17 -17 -5 -3 25 -21 22 -10 -23 -14 -20 -2 28 -1 -9
right_child=1 3 -4 14 7 6 -8 29 21 10 -12 -13 24 -15 -16 16 -18 -19 19 20 -22 23 -24 -25 -26 -27 -28 -29 -30 -31
leaf_value=0.010502288140851076 -0.00025399110439967224 0.0017158147507887053 -0.014066550074061825 0.0012480389869989773 0.0078127895365121894 0.0070480596995087744 0.014743597388304835 0.0072627941063827519 0.00010388148386837194 -0.0076680444263929858 0.00018586519013404385 -0.00026064876840469126 -0.013298114693113797 -0.0016668776861167587 -0.0049712760235524414 -0.0042218559492505515 0.003001860266168901 0.0054065114738254373 -0.008303323628195039 -0.0031758877458568048 -0.011546359391613784 1.4518644572151004e-05 0.0061303516036005784 0.0024975809776449733 -0.0068727683952608159 -0.0030902928991081934 -0.0045372333598735198 0.012137807455912799 0.0050925150941552423 0.011873622160013291
leaf_weight=13.952294051647188 13.788367778062819 4.1819932609796515 85.028163969516754 34.589499533176422 11.842758044600485 8.6954846680164355 5.3290923386812201 3.5948860198259336 19.00547681748867 19.01962748169899 32.229394465684891 27.789893090724945 4.9786721467971793 18.857176050543785 5.207476094365119 16.239436626434326 181.4431561678648 101.58302494883537 10.418985009193419 6.5717650353908565 18.27560955286026 75.564746379852295 41.424365267157555 264.16602505743504 127.01508551836014 23.546126544475555 22.249493226408958 28.866139590740204 6.2418430745601645 4.7081390172243118
leaf_count=88 56 17 414 152 55 37 23 21 80 79 131 112 22 77 21 71 796 448 45 29 84 319 186 1138 566 97 90 168 35 24
internal_value=0 -0.00214045 -0.00745339 0.0016381 0.00268583 -0.00465465 0.00329738 0.00189094 0.0017559 -0.000600467 -0.00272889 0.0021518 -0.00621077 0.00108351 0.00307494 0.00320045 0.00240844 0.00435021 -0.0060956 -0.00665105 -0.00933249 0.00229106 0.004235 0.00194528 -0.00711513 -0.00468942 -0.00289843 0.0107763 0.00883017 0.00987731
internal_weight=0 687.999 285.942 402.057 548.406 200.913 32.8818 499.345 491.042 90.8817 51.249 39.6327 168.032 27.5527 339.063 333.855 197.683 136.173 62.9945 58.8125 24.8474 400.161 60.4298 339.731 131.994 33.9651 36.0379 49.0603 20.1941 8.30303
internal_count=5481 3045 1285 1760 2436 871 137 2145 2100 377 210 167 734 114 1488 1467 867 600 272 255 113 1723 266 1457 588 142 146 291 123 45
is_linear=0
shrinkage=0.01


Tree=92
num_leaves=31
num_cat=0
split_feature=0 0 2 2 0 2 2 12 2 1 1 2 12 1 0 1 2 12 0 1 1 1 1 2 1 1 1 1 1 1
split_gain=69.7724 135.779 52.48 43.8473 34.8777 24.4158 8.17552 5.3132 6.07309 5.22103 7.24423 5.32121 4.96552 4.43696 3.3587 3.0276 2.6862 3.06041 3.34866 2.68428 12.8814 2.87768 2.66158 1.9807 1.93102 1.56661 1.29566 1.25613 0.9893 0.428804
threshold=4216886.5000000009 4231539.5000000009 96.500000000000014 73.500000000000014 4216877.0000000009 51.500000000000007 64.500000000000014 1.9922459088058959 44.500000000000007 1861025320427.0002 2777491179720.5005 19.500000000000004 1.972957910446512 1731095585241.0002 4231864.0000000009 229009853761.00003 10.500000000000002 1.9585761340917001 4231767.5000000009 1392992072007.0002 1731095585241.0002 207995304615.50003 4334145194491.0005 46.500000000000007 1795796981960.0002 2595850559623.0005 1410594599213.0002 229009853761.00003 174026422758.50003 1795796960235.0002
decision_type=2 2 2 2 2 2 2 2 2 2 2 2 2 2 2 2 2 2 2 2 2 2 2 2 2 2 2 2 2 2
left_child=4 2 5 16 26 12 13 8 9 11 -11 -6 25 -7 15 28 -3 24 -19 21 -21 -10 -17 -14 -18 -2 27 -1 -5 -9
right_child=1 3 -4 14 7 6 -8 29 19 10 -12 -13 23 -15 -16 22 17 18 -20 20 -22 -23 -24 -25 -26 -27 -28 -29 -30 -31
leaf_value=0.010462504958258271 -0.0046477581888675094 0.0016989285043780878 -0.014009779332256436 0.0048391302154360419 0.0077539205725893059 0.0069893224034563205 0.014609763003731086 0.0072196697622059405 0.00010284441861753187 -0.0076016778123744666 0.00018400744403809501 -0.00025804254029218035 -0.0073109838682880639 -0.0016499452780007892 -0.0049237249779668871 0.0031109589517173985 -0.0082345684560296215 -0.0031471855781438304 -0.011478015445783467 -0.004642509639494607 0.0024600554101369809 0.0043960545912589471 -0.0027196744854133905 -0.0010737163182568921 -0.0030605968282698933 -0.00042402787364951877 0.01209893698667472 0.0050552928671283989 0.0099626838345152659 0.011816644135645031
leaf_weight=13.86572787165642 20.865856871008873 4.1813274174928656 84.521530866622925 7.1398976594209653 11.813490658998488 8.680947959423067 5.3241555392742148 3.5802688449621183 19.005043640732765 18.993950352072716 32.229229122400284 27.789856150746346 126.3954848498106 18.860172510147095 5.2052012085914603 310.38107311725616 10.401009604334829 6.5654141902923611 18.200959458947182 28.255605548620224 265.1726156026125 87.467811048030853 8.0316214114427549 5.3050017207860938 23.536889135837555 15.16287326812744 28.67027236521244 6.2250085324048987 7.9815378338098526 4.6836553514003754
leaf_count=88 85 17 414 33 55 37 23 21 80 79 131 112 565 77 21 1365 45 29 84 118 1143 382 33 23 97 61 168 35 36 24
internal_value=0 -0.00212299 -0.00740038 0.00162347 0.00266218 -0.00461548 0.00326607 0.00187337 0.00173947 -0.000594821 -0.00270298 0.00213189 -0.00615981 0.00107315 0.00304712 0.00317151 -0.00604517 -0.00659676 -0.00926956 0.00226964 0.00177612 0.00362973 0.00296389 -0.00705974 -0.00464627 -0.00287018 0.0107344 0.00878711 0.00754349 0.00982505
internal_weight=0 686.741 285.116 401.625 547.753 200.594 32.8653 498.992 490.728 90.8265 51.2232 39.6033 167.729 27.5411 338.739 333.534 62.8856 58.7043 24.7664 399.901 293.428 106.473 318.413 131.7 33.9379 36.0287 48.761 20.0907 15.1214 8.26392
internal_count=5481 3045 1285 1760 2436 871 137 2145 2100 377 210 167 734 114 1488 1467 272 255 113 1723 1261 462 1398 588 142 146 291 123 69 45
is_linear=0
shrinkage=0.01


Tree=93
num_leaves=25
num_cat=0
split_feature=0 0 12 12 0 12 12 12 12 12 0 12 12 12 12 12 0 12 12 12 0 12 12 12
split_gain=68.4885 133.485 52.0433 43.0335 34.492 21.4553 5.24203 5.95619 3.815 3.80144 3.2947 3.08083 2.54149 2.52752 3.45633 1.53119 1.39995 0.860445 0.748036 0.556443 0.306233 1.06783 0.282308 0.195426
threshold=4216886.5000000009 4231539.5000000009 1.941216423569734 1.951465162485281 4216877.0000000009 1.9657402510146069 1.9922459088058959 1.9703270868254663 1.9775790269231281 1.972957910446512 4231864.0000000009 1.957927491985145 1.9842187211896343 1.993590124076418 1.9585761340917001 1.9868872088523377 4231767.5000000009 1.9533992703327747 1.9683586384621594 1.9631289435398596 4231767.5000000009 1.9482503646226943 1.973616730110737 1.994262914445758
decision_type=2 2 2 2 2 2 2 2 2 2 2 2 2 2 2 2 2 2 2 2 2 2 2 2
left_child=4 2 -2 10 -1 11 7 -6 22 18 20 -4 -11 14 17 -10 -16 -5 -7 -13 -3 -22 -9 -8
right_child=1 3 5 13 6 9 23 8 15 12 -12 19 -14 -15 16 -17 -18 -19 -20 -21 21 -23 -24 -25
leaf_value=0.010692781732589106 -0.013954025189714742 0.0025559695860309919 0.011643235646676671 -0.0021803228695251513 0.0022483982424690518 -0.0054491160715334124 0.011168134699216349 -0.0028056244163635435 -0.00049033145128472757 -0.0080316421450958748 -0.0048766673988338335 0.0040779867762677346 -0.0053241235127136919 0.00029766113721319985 -0.0055165629180846257 0.0026840850279020488 -0.011099204197359634 -0.0056506629235885831 -0.0020456456639174293 0.00043789291640644032 0.0034036198093670353 -0.00059875488089359869 -0.0053072766720060503 0.0080698770773931401
leaf_weight=48.462774053215981 84.013196557760239 70.175604149699211 4.8781477659940746 10.231927588582037 399.64409652352333 8.4314727187156659 4.5217559039592725 6.8760535866022137 48.692467197775841 60.523778587579727 5.2028862982988349 10.835630744695665 81.158684730529785 5.793518900871276 6.1099880784750011 22.087824538350105 16.962275549769402 23.678617626428604 27.585926353931427 6.8569950908422461 256.18817865848541 6.8440745472908011 13.114766851067541 3.7031424790620804
leaf_count=291 414 309 21 41 1723 34 25 28 198 273 21 45 358 24 27 97 79 101 112 28 1128 30 54 20
internal_value=0 -0.00210572 -0.00734799 0.00160899 0.00263873 -0.00457677 0.00185596 0.00172318 -0.000589231 -0.00574328 0.00301959 0.00460718 -0.00648072 -0.00599522 -0.00663503 0.000500283 -0.00962081 -0.00460355 -0.00284238 0.00266722 0.00314289 0.00329948 -0.00444681 0.00977319
internal_weight=0 685.471 284.284 401.187 547.103 200.271 498.64 490.415 90.7711 177.7 338.411 22.5708 141.682 62.7763 56.9828 70.7803 23.0723 33.9105 36.0174 17.6926 333.208 263.032 19.9908 8.2249
internal_count=5481 3045 1285 1760 2436 871 2145 2100 377 777 1488 94 631 272 248 295 106 142 146 73 1467 1158 82 45
is_linear=0
shrinkage=0.01


Tree=94
num_leaves=31
num_cat=0
split_feature=0 0 2 2 0 2 2 13 2 1 1 2 13 1 0 1 1 1 1 2 13 0 1 1 1 1 1 1 1 1
split_gain=67.2228 131.218 51.6244 42.2349 34.1114 23.6532 7.94557 5.1732 5.84205 5.1089 7.11624 5.18183 4.84049 4.35976 3.23185 2.9858 2.66916 7.03538 2.62018 2.60659 2.9978 3.29193 1.96183 1.90379 1.55254 1.29863 1.26042 0.977844 0.808145 0.423996
threshold=4216886.5000000009 4231539.5000000009 96.500000000000014 73.500000000000014 4216877.0000000009 51.500000000000007 64.500000000000014 1.9961153951178154 44.500000000000007 1861025320427.0002 2777491179720.5005 19.500000000000004 1.9863862745312775 1731095585241.0002 4231864.0000000009 229009853761.00003 4148002225286.5005 3704794817060.5005 2777491201876.0005 10.500000000000002 1.979068999938582 4231767.5000000009 207995281506.00003 1795796981960.0002 1646869333327.5002 1410594599213.0002 229009853761.00003 174026422758.50003 4334145198256.5005 1795796960235.0002
decision_type=2 2 2 2 2 2 2 2 2 2 2 2 2 2 2 2 2 2 2 2 2 2 2 2 2 2 2 2 2 2
left_child=4 2 5 19 25 12 13 8 9 11 -11 -6 24 -7 15 27 17 -10 -17 -3 23 -22 -14 -21 -2 26 -1 -5 -18 -9
right_child=1 3 -4 14 7 6 -8 29 16 10 -12 -13 22 -15 -16 18 28 -19 -20 20 21 -23 -24 -25 -26 -27 -28 -29 -30 -31
leaf_value=0.010382687210167663 -0.00017726946501414191 0.0016827110244075449 -0.013899263349888008 0.0047727176148883981 0.0076753470732291995 0.0069304791421344056 0.014412347291068734 0.0071202244249152537 0.002429292123676922 -0.0075299443987607 0.0001907701162087974 -0.00024035554780197453 -0.01313844941055194 -0.0016387392347549613 -0.0048300963960172735 0.0023444510625770278 0.0060414161558440217 -0.0024517811638582704 0.0043705011270693105 -0.0081309257819307326 -0.003074371633894193 -0.011350644500860292 -0.0067121072965101733 -0.0029873316403068156 -0.0044494802353345839 0.012026873033780748 0.0049398388862918431 0.0098758447248484035 0.0016105768518327849 0.011713318698521784
leaf_weight=13.691575169563295 13.778868868947027 4.1802425533533087 83.503315269947052 7.1187691837549192 11.774038225412367 8.6651467978954333 5.3167663514614096 3.5465075820684415 339.52013447880745 18.962829902768135 32.226246848702431 27.787962794303894 4.9362543672323218 18.858976572751999 5.2005330771207801 229.38617458939552 22.505556136369709 32.342511042952538 88.44122289121151 10.370086416602133 6.5491278469562557 18.056308269500732 126.19054462015629 23.509339600801468 22.229323551058769 28.302228450775146 6.1728787571191779 7.9462289810180664 5.0378515422344199 4.6382866948843002
leaf_count=88 56 17 414 33 55 37 23 21 1466 79 131 112 22 77 21 1009 99 136 389 45 29 84 566 97 90 168 35 36 22 24
internal_value=0 -0.00208849 -0.00729531 0.0015946 0.00261523 -0.00453772 0.00322086 0.00183851 0.00170685 -0.000583469 -0.00266934 0.00211543 -0.00606223 0.00105902 0.00299222 0.00311443 0.00222725 0.00200476 0.00290824 -0.00594589 -0.00649115 -0.00914778 -0.00695403 -0.00456172 -0.00281468 0.0106513 0.00869132 0.00746443 0.00523099 0.00972311
internal_weight=0 684.237 283.479 400.758 546.509 199.976 32.8409 498.342 490.157 90.7511 51.1891 39.562 167.135 27.5241 338.093 332.892 399.406 371.863 317.827 62.6651 58.4849 24.6054 131.127 33.8794 36.0082 48.1667 19.8645 15.065 27.5434 8.18479
internal_count=5481 3045 1285 1760 2436 871 137 2145 2100 377 210 167 734 114 1488 1467 1723 1602 1398 272 255 113 588 142 146 291 123 69 121 45
is_linear=0
shrinkage=0.01


Tree=95
num_leaves=31
num_cat=0
split_feature=2 2 1 1 1 12 1 1 12 1 1 1 1 1 1 1 1 1 1 1 1 1 1 1 1 1 1 1 1 1
split_gain=65.0917 10.9758 6.50297 4.35864 6.20391 3.53979 4.56977 5.41641 3.71785 3.37611 3.22171 4.19691 3.39747 3.16898 2.6375 2.39885 11.0331 4.63405 2.93073 1.6237 1.13444 1.12422 1.66532 0.59231 0.566705 0.436625 0.730345 0.0413111 0.143384 0.0046169
threshold=70.500000000000014 14.500000000000002 4334145191470.5005 643953705598.00012 660434126998.00012 2.9160055349214766 3020926383199.5005 2384994530278.5005 2.9056287513513244 2161540178070.0002 207995304615.50003 229009853761.00003 174026417975.00003 2777491179720.5005 632859025282.50012 2943938743131.0005 2801556722008.0005 3022918903682.5005 3022918922337.5005 2177228745504.5002 446992604946.50006 660434136180.50012 1224176380759.0002 643953711164.00012 3133201344233.0005 183964076434.00003 207995293143.50003 229009853137.50003 229009852461.50003 3018885398769.5005
decision_type=2 2 2 2 2 2 2 2 2 2 2 2 2 2 2 2 2 2 2 2 2 2 2 2 2 2 2 2 2 2
left_child=1 9 5 10 23 8 7 -7 13 21 12 27 -2 -3 20 16 19 29 -19 -6 -13 -1 -23 -5 -8 -14 -27 28 -12 -17
right_child=3 2 -4 4 15 6 24 -9 -10 -11 11 14 25 -15 -16 17 -18 18 -20 -21 -22 22 -24 -25 -26 26 -28 -29 -30 -31
leaf_value=0.0011044784528783098 0.0076637203016136366 -0.0045007382517063352 -0.012719602859123656 -0.0071959339041936998 0.0014749720267810036 -0.0066258412155541721 -0.0094268838737554123 0.0045903855218558491 0.0039815827091720067 -0.0017289564544449446 0.00966065078695625 -0.0019436667947410058 0.0017780914044122637 -0.0022757364515340679 0.0075570963083068099 0.0074074217721767565 -0.0097693174798942038 -0.0019392199249267381 0.0020889543261348041 0.00016055678160888928 0.0029752338473842095 0.011925937781475843 0.0040183773273211329 -0.0031810700852614006 -0.014162651063968166 -0.0017600389178159457 0.0021963868864648957 0.0092648913726284619 0.012245277130600338 0.0077651035107609481
leaf_weight=3.5164328813552883 7.3782392144203177 169.60185943543911 8.5489627420902234 7.4535098075866681 363.425079241395 24.304656237363819 4.1690890043973905 5.232326701283454 6.5175292193889609 9.3161532729864103 6.1598188430070859 6.3930761218071011 11.397301048040388 102.81739035248756 11.113814055919645 6.8064923882484418 9.4578680694103223 19.532173782587051 239.91517925262451 126.76147556304932 17.585859283804893 4.8897804319858533 5.8488671481609344 7.2476879209280014 6.4146859496831894 16.191257610917095 6.5545479953289023 3.3219021558761588 3.2942415475845337 7.6813445687294006
leaf_count=18 35 726 38 32 1619 108 20 22 27 40 38 30 51 438 51 32 42 87 1077 567 82 27 30 32 31 72 30 22 22 35
internal_value=0 -0.00363828 -0.00411249 0.00145599 0.00121869 -0.00388187 -0.00665917 -0.00463894 -0.0034824 0.00295253 0.00354869 0.00531679 0.00151029 -0.00366097 0.00353019 0.00134098 0.000928655 0.00209305 0.0017857 0.00113507 0.0016638 0.00601203 0.00761904 -0.00521661 -0.0122972 0.00018055 -0.000619935 0.0102242 0.0105613 0.00759706
internal_weight=0 351.178 327.606 877.671 788.281 319.058 40.1208 29.537 278.937 23.5712 89.3901 47.8687 41.5213 272.419 35.0927 773.58 499.644 273.935 259.447 490.187 23.9789 14.2551 10.7386 14.7012 10.5838 34.1431 22.7458 12.776 9.45406 14.4878
internal_count=5481 1525 1410 3956 3523 1372 181 130 1191 115 433 245 188 1164 163 3459 2228 1231 1164 2186 112 75 57 64 51 153 102 82 60 67
is_linear=0
shrinkage=0.01


Tree=96
num_leaves=31
num_cat=0
split_feature=0 0 2 2 0 2 2 12 2 1 1 2 12 1 0 1 1 0 1 1 1 2 12 0 2 1 1 1 1 1
split_gain=65.5839 128.247 51.6506 41.1007 33.6177 23.162 7.78014 5.07433 5.52644 5.00734 6.97377 5.05147 4.7777 4.27637 3.17495 2.98463 7.64575 4.39873 2.63059 12.6559 2.82828 2.53219 2.95812 3.26422 1.96214 1.8776 1.54283 1.30998 1.241 0.425871
threshold=4216886.5000000009 4231539.5000000009 96.500000000000014 73.500000000000014 4216877.0000000009 51.500000000000007 64.500000000000014 1.9922459088058959 44.500000000000007 1861025320427.0002 2777491179720.5005 19.500000000000004 1.972957910446512 1731095585241.0002 4231864.0000000009 1862882903156.5002 1862882910947.5002 4231767.5000000009 1392992072007.0002 1731095585241.0002 207995304615.50003 10.500000000000002 1.9585761340917001 4231767.5000000009 46.500000000000007 1795796981960.0002 2595850559623.0005 1410594599213.0002 229009853761.00003 1795796960235.0002
decision_type=2 2 2 2 2 2 2 2 2 2 2 2 2 2 2 2 2 2 2 2 2 2 2 2 2 2 2 2 2 2
left_child=4 2 5 21 27 12 13 8 9 11 -11 -6 26 -7 15 17 -17 -5 20 -20 -10 -3 25 -24 -14 -23 -2 28 -1 -9
right_child=1 3 -4 14 7 6 -8 29 18 10 -12 -13 24 -15 -16 16 -18 -19 19 -21 -22 22 23 -25 -26 -27 -28 -29 -30 -31
leaf_value=0.010313856535074233 -0.0045175938376153567 0.0016466676649707838 -0.013851147872574814 0.0011331797300706077 0.007630733383714095 0.0068918430924699335 0.014287909951041856 0.0070325799107537378 4.2396638196936316e-05 -0.0074274618320228471 0.0002210457638388609 -0.00019295181211091564 -0.007118290059129867 -0.0015981045784248195 -0.0047995462410777637 -0.0042886585081612048 0.0028803171926622766 0.0052703523886722357 -0.0046590563849901196 0.0023828387678087827 0.0043023509294486976 -0.0080465997995730794 -0.0030077841581643405 -0.011262303767962199 -0.00089351095312755326 -0.0029326747721349316 -0.00032381194153733922 0.01198503264066597 0.0048970235205798678 0.011653294060304367
leaf_weight=13.529192581772806 20.832442060112953 4.1780197918415061 83.04155932366848 34.462523519992828 11.739184975624083 8.6550478488206881 5.3148789256811133 3.5161467194557172 18.977177515625954 18.920389667153358 32.224598050117493 27.787018209695816 125.34825877845287 18.863356590270996 5.1986838579177848 16.211184963583946 180.71641375124454 101.06482926011086 28.246827930212021 264.5690181106329 87.195405632257462 10.340938717126845 6.5343212187290218 17.952916413545609 5.2770440429449073 23.483960434794426 15.152657493948935 28.083899781107903 6.1528944522142401 4.6094244867563248
leaf_count=88 85 17 414 152 55 37 23 21 80 79 131 112 565 77 21 71 796 448 118 1143 382 45 29 84 23 97 61 168 35 24
internal_value=0 -0.00206566 -0.00722437 0.00157618 0.00258505 -0.00446521 0.00321144 0.00181609 0.00168603 -0.000542513 -0.00260842 0.00213066 -0.00597801 0.00107214 0.00295493 0.00307619 0.00229016 0.00421833 0.00219247 0.00170353 0.00354093 -0.00587365 -0.00641248 -0.00905962 -0.00686682 -0.0044961 -0.00275167 0.0105987 0.00862048 0.00965379
internal_weight=0 682.629 282.485 400.144 545.551 199.444 32.8333 497.785 489.66 90.6712 51.145 39.5262 166.61 27.5184 337.654 332.455 196.928 135.527 398.988 292.816 106.173 62.4902 58.3121 24.4872 130.625 33.8249 35.9851 47.766 19.6821 8.12557
internal_count=5481 3045 1285 1760 2436 871 137 2145 2100 377 210 167 734 114 1488 1467 867 600 1723 1261 462 272 255 113 588 142 146 291 123 45
is_linear=0
shrinkage=0.01


Tree=97
num_leaves=31
num_cat=0
split_feature=0 0 2 2 0 2 2 12 2 1 1 2 12 1 0 1 1 0 1 1 2 12 0 1 1 1 1 1 1 1
split_gain=64.3768 126.087 51.2305 40.3378 33.2466 22.7474 7.63617 5.00647 5.41997 4.91072 6.8477 4.96647 4.71273 4.19796 3.11439 2.9342 7.49564 4.32565 2.61522 6.14121 2.48877 2.92677 3.22842 1.943 1.84729 1.55376 1.30616 1.23517 0.887839 0.421607
threshold=4216886.5000000009 4231539.5000000009 96.500000000000014 73.500000000000014 4216877.0000000009 51.500000000000007 64.500000000000014 1.9922459088058959 44.500000000000007 1861025320427.0002 2777491179720.5005 19.500000000000004 1.972957910446512 1731095585241.0002 4231864.0000000009 1862882903156.5002 1862882910947.5002 4231767.5000000009 4223680115167.5005 3704794817060.5005 10.500000000000002 1.9585761340917001 4231767.5000000009 207995281506.00003 1795796981960.0002 1646869333327.5002 1410594599213.0002 229009853761.00003 4334145198256.5005 1795796960235.0002
decision_type=2 2 2 2 2 2 2 2 2 2 2 2 2 2 2 2 2 2 2 2 2 2 2 2 2 2 2 2 2 2
left_child=4 2 5 20 26 12 13 8 9 11 -11 -6 25 -7 15 17 -17 -5 19 -10 -3 24 -23 -14 -22 -2 27 -1 -20 -9
right_child=1 3 -4 14 7 6 -8 29 18 10 -12 -13 23 -15 -16 16 -18 -19 28 -21 21 22 -24 -25 -26 -27 -28 -29 -30 -31
leaf_value=0.010275254664430484 -8.5432741960518881e-05 0.0016304607900587567 -0.013798203734896842 0.0011222357035871417 0.0075733559616052637 0.0068345658112801723 0.014161715084823581 0.0069905534454793193 0.002373707388087583 -0.0073635886828356794 0.00021883670730533683 -0.00019102268790282433 -0.012993746359163569 -0.0015818894880090628 -0.0047537681730434669 -0.0042404049202237806 0.002854003478129849 0.005226279091251518 0.0062549598426314273 -0.0020348747120001783 -0.0079804194865378073 -0.0029805227945015325 -0.011197125671415967 -0.0065723914499436417 -0.0029045007936353362 -0.0043613329483266731 0.011947968423411177 0.0048609460595105767 0.0015525550340341158 0.011598645689507034
leaf_weight=13.44464246928692 13.766312420368193 4.1773577332496634 82.529159843921661 34.450669050216675 11.709989175200461 8.6403798311948794 5.3086484223604193 3.5019837617874128 338.94529902935028 18.893797114491463 32.224413439631462 27.786973312497139 4.8960965275764456 18.86613504588604 5.1962704360485068 16.231599375605583 180.55957494676113 100.89877608418465 19.915692076087002 34.846270591020584 10.322520136833189 6.5281767398118999 17.877225831151009 125.43415603041649 23.474686473608017 22.207222759723663 27.890280053019524 6.1366568803787223 5.0289343595504752 4.5849537402391434
leaf_count=88 56 17 414 152 55 37 23 21 1466 79 131 112 22 77 21 71 796 448 88 147 45 29 84 566 97 90 168 35 22 24
internal_value=0 -0.00204886 -0.00717355 0.00156209 0.00256226 -0.00442781 0.00318111 0.0017992 0.00167023 -0.000537419 -0.0025837 0.00211095 -0.00592921 0.0010619 0.00292815 0.00304834 0.00226885 0.00418167 0.00217193 0.00196272 -0.00582527 -0.00636039 -0.00899927 -0.00681362 -0.00445481 -0.00272504 0.0105581 0.00857844 0.00530694 0.00960315
internal_weight=0 681.365 281.648 399.717 544.91 199.119 32.8152 497.438 489.351 90.6152 51.1182 39.497 166.304 27.5065 337.337 332.141 196.791 135.349 398.736 373.792 62.38 58.2026 24.4054 130.33 33.7972 35.9735 47.4716 19.5813 24.9446 8.08694
internal_count=5481 3045 1285 1760 2436 871 137 2145 2100 377 210 167 734 114 1488 1467 867 600 1723 1613 272 255 113 588 142 146 291 123 110 45
is_linear=0
shrinkage=0.01


Tree=98
num_leaves=24
num_cat=0
split_feature=2 2 12 12 2 2 2 2 12 3 3 12 3 3 3 12 2 12 12 12 2 2 2
split_gain=61.6517 10.3875 3.6811 3.44894 2.84918 2.28616 2.33676 1.7127 1.38589 1.24553 1.10266 1.08158 1.4036 0.92974 2.18827 0.656452 1.21021 0.461797 0.324539 0.287545 0.218971 0.0769466 0.048626
threshold=70.500000000000014 14.500000000000002 2.9160055349214766 1.9848851658944422 21.500000000000004 40.500000000000007 41.500000000000007 34.500000000000007 1.9949361603821067 23.500000000000004 29.500000000000004 2.9315738698764044 35.500000000000007 20.500000000000004 16.500000000000004 1.467908024219488 78.500000000000014 2.9328419455244714 1.9501779375322634 1.9922459088058959 19.500000000000004 10.500000000000002 72.500000000000014
decision_type=2 2 2 2 2 2 2 2 2 2 2 2 2 2 2 2 2 2 2 2 2 2 2
left_child=1 8 3 5 20 7 -7 -3 19 -6 13 -12 -13 14 -4 -2 18 -15 -17 -1 -5 -21 -20
right_child=15 2 10 4 9 6 -8 -9 -10 -11 11 12 -14 17 -16 16 -18 -19 22 21 -22 -23 -24
leaf_value=6.0528949238531634e-06 0.001368171563152547 -0.0044007960838669319 -0.010856174862904515 -0.0024225615796978771 -0.0016707100237443764 0.0034792874784080143 -0.0034480430828771774 -0.0071142747400718279 0.006788635046057168 0.0039047049333637159 -0.0018356267375755464 -0.010139360564364683 -0.0029725325190121461 -0.011746285725308147 -0.0011963088671135421 -0.00049782716356423502 0.005927322873685084 -0.0081215448358307359 0.0017749338450951382 0.0017837991053653917 -0.0040108835491773093 0.0036669462067996754 0.0029310782736953621
leaf_weight=8.0672244876623207 845.26590652763844 85.72673062980175 4.4666452556848526 30.869885057210922 6.2214685231447246 5.1142807453870764 101.73331178724766 31.922872290015221 6.5535978972911826 11.25616182386875 6.9386920183897045 6.0010804831981668 5.0174391418695423 6.6992154419422132 4.9372588247060794 5.6739944964647355 9.0640011578798276 7.3941342532634735 7.7091010957956296 4.8823050111532194 12.074947759509085 3.905498281121254 6.8884319067001343
leaf_count=40 3831 370 20 132 26 21 433 141 31 47 32 27 23 31 22 25 40 34 31 24 51 20 29
internal_value=0 -0.00354817 -0.00400968 -0.00360459 -0.00148385 -0.00417538 -0.00311647 -0.00513707 0.00288651 0.00192004 -0.00679392 -0.0049283 -0.00687584 -0.00821968 -0.00578453 0.00141921 0.00288982 -0.00984455 0.00153166 0.00136927 -0.00286916 0.00262071 0.00232051
internal_weight=0 349.783 326.374 284.92 60.4225 224.497 106.848 117.65 23.4086 17.4776 41.4545 17.9572 11.0185 23.4973 9.4039 874.601 29.3355 14.0933 20.2715 16.855 42.9448 8.7878 14.5975
internal_count=5481 1525 1410 1221 256 965 454 511 115 73 189 82 50 107 42 3956 125 65 85 84 183 44 60
is_linear=0
shrinkage=0.01


Tree=99
num_leaves=31
num_cat=0
split_feature=0 0 2 2 0 2 2 12 2 1 1 2 12 1 0 2 12 1 1 1 1 1 1 2 1 1 1 1 1 1
split_gain=62.9388 123.073 51.2652 39.3072 32.8534 22.2792 7.46287 4.9065 5.12401 4.81322 6.73396 4.84699 4.62343 4.11721 3.05515 2.97229 2.99339 3.26933 2.92052 2.64452 2.60654 4.55582 3.65985 1.94302 1.82044 1.53572 1.30221 1.231 0.979889 0.417447
threshold=4216886.5000000009 4231539.5000000009 96.500000000000014 73.500000000000014 4216877.0000000009 51.500000000000007 64.500000000000014 1.9922459088058959 44.500000000000007 1861025320427.0002 2777491179720.5005 19.500000000000004 1.972957910446512 1731095585241.0002 4231864.0000000009 9.5000000000000018 1.9585761340917001 701677509007.50012 229009853761.00003 4334145194491.0005 835223758002.50012 207995304615.50003 871682471403.00012 46.500000000000007 1795796981960.0002 2595850559623.0005 1410594599213.0002 229009853761.00003 174026422758.50003 1795796960235.0002
decision_type=2 2 2 2 2 2 2 2 2 2 2 2 2 2 2 2 2 2 2 2 2 2 2 2 2 2 2 2 2 2
left_child=4 2 5 15 26 12 13 8 9 11 -11 -6 25 -7 18 -3 24 -18 28 -20 21 -10 -22 -14 -17 -2 27 -1 -5 -9
right_child=1 3 -4 14 7 6 -8 29 20 10 -12 -13 23 -15 -16 16 17 -19 19 -21 22 -23 -24 -25 -26 -27 -28 -29 -30 -31
leaf_value=0.010233662189689534 -0.0044351818716007706 0.0026476034632440643 -0.013751311497324963 0.0046208224325481728 0.007529876727281502 0.0068002438983096134 0.014031929792831644 0.0069233044428877637 4.5734657655058131e-06 -0.007270736224565688 0.00025382145976558308 -0.0001464532164392067 -0.0069757060130655512 -0.0015377539860984186 -0.0047214968556556517 -0.007904356094193132 -0.0011540991343737634 -0.010690378090336634 0.0029506617734094244 -0.0028683430806747518 -0.006496165669279446 0.0059306602641721875 0.0019284856604220185 -0.00076934007995070445 -0.0028601927244623166 -0.00024949678904648796 0.011907156654409643 0.0048162675781117234 0.0097468647080161484 0.011524282605433677
leaf_weight=13.349552646279337 20.810911118984222 3.935792699456214 82.066679388284683 7.0697841346263868 11.685064405202864 8.6305875480175036 5.3061293214559546 3.4793889671564084 18.961156830191612 18.851224079728127 32.224033087491989 27.783149719238281 124.56178997457027 18.871322914958 5.1945332288742057 10.295714169740675 4.3754291385412243 20.155620038509369 308.70327697694302 8.0126772224903089 5.2376444935798636 41.075308322906494 333.07290862500668 5.257206365466117 23.452879518270493 15.144337594509123 27.675171419978142 6.1162041127681723 7.8921070247888565 4.5516610443592072
leaf_count=88 85 16 414 33 55 37 23 21 80 79 131 112 565 77 21 45 20 94 1365 33 22 186 1435 23 97 61 168 35 36 24
internal_value=0 -0.00202877 -0.00710292 0.00153951 0.00253496 -0.00435539 0.00317379 0.00177809 0.00165073 -0.000496612 -0.0025234 0.00212622 -0.00584548 0.00107886 0.00288822 -0.00576322 -0.00633123 -0.00898946 0.0030074 0.00280345 0.00213882 0.00405904 0.00179806 -0.00672437 -0.00439902 -0.00267217 0.0105133 0.0085315 0.00732471 0.00953095
internal_weight=0 679.737 280.649 399.088 544.062 198.582 32.808 496.922 488.89 90.5435 51.0753 39.4682 165.774 27.5019 336.872 62.2154 58.2796 24.531 331.678 316.716 398.347 60.0365 338.311 129.819 33.7486 35.9552 47.1409 19.4658 14.9619 8.03105
internal_count=5481 3045 1285 1760 2436 871 137 2145 2100 377 210 167 734 114 1488 272 256 114 1467 1398 1723 266 1457 588 142 146 291 123 69 45
is_linear=0
shrinkage=0.01


Tree=100
num_leaves=31
num_cat=0
split_feature=2 2 1 1 1 12 1 1 12 1 1 1 1 1 1 1 1 1 1 1 1 1 1 1 1 1 1 1 1 1
split_gain=59.4225 10.0082 6.44721 4.22705 6.17075 3.30625 4.5862 5.36642 3.4804 3.20715 3.1041 3.09893 4.04793 3.32587 2.64739 2.34318 10.9768 4.51884 2.81039 1.62429 1.11695 1.67355 1.10395 0.590098 0.570716 0.396181 0.717373 0.0447896 0.139763 0.00431922
threshold=70.500000000000014 14.500000000000002 4334145191470.5005 643953705598.00012 660434126998.00012 2.9160055349214766 3020926383199.5005 2384994530278.5005 2.9056287513513244 2161540178070.0002 2777491179720.5005 207995304615.50003 229009853761.00003 174026417975.00003 632859025282.50012 2943938743131.0005 2801556722008.0005 3022918903682.5005 3022918922337.5005 2177228745504.5002 660434136180.50012 1224176380759.0002 446992604946.50006 643953711164.00012 3133201344233.0005 183964076434.00003 207995293143.50003 229009853137.50003 229009852461.50003 3018885398769.5005
decision_type=2 2 2 2 2 2 2 2 2 2 2 2 2 2 2 2 2 2 2 2 2 2 2 2 2 2 2 2 2 2
left_child=1 9 5 11 23 8 7 -7 10 20 -3 13 27 -2 22 16 19 29 -19 -6 -1 -22 -14 -5 -8 -15 -27 28 -13 -17
right_child=3 2 -4 4 15 6 24 -9 -10 -11 -12 12 14 25 -16 17 -18 18 -20 -21 21 -23 -24 -25 -26 26 -28 -29 -30 -31
leaf_value=0.00093676984397774181 0.0075756796132335638 -0.0043325947436508114 -0.012551202035202332 -0.007246034946773095 0.0014219610284641044 -0.0063755079426013744 -0.0092098206850862625 0.0048208088580796987 0.00390697705795963 -0.0017269565254383152 -0.0021250366940765357 0.0095619489562839399 -0.0019817403093906733 0.0016694009774705133 0.0075151619847990351 0.0073005289281259734 -0.0098035780672159067 -0.0019325233862778027 0.0020219781229277077 0.00010409324396754164 0.011821940999992904 0.0038337721108414671 0.0028862733219155042 -0.0032310953173387072 -0.013999512587772482 -0.0017527956324259895 0.0021830675865247345 0.0090921363593624779 0.012147690222190593 0.0076478554829707635
leaf_weight=3.4806801974773434 7.3209485709667197 168.59413856267929 8.4706678390502912 7.4359967708587629 361.64235723018646 24.055714845657352 4.1084053963422758 5.2076253592967978 6.4984225034713736 9.268428221344946 102.3728836774826 6.0215283930301648 6.353043898940089 11.340807184576986 11.02233964204788 6.7466413378715497 9.4443126469850522 19.434633791446686 238.70286245644093 126.14568176865578 4.81127220392227 5.7655190229415894 17.464931651949883 7.2103387266397476 6.3064510077238083 16.104545921087269 6.4999757856130591 3.2355279922485343 3.2018934190273285 7.6290382891893387
leaf_count=18 35 726 38 32 1619 108 20 22 27 40 438 38 30 51 51 32 42 87 1077 567 27 30 82 32 31 72 30 22 22 35
internal_value=0 -0.00348792 -0.0039412 0.00139434 0.00116052 -0.00371123 -0.00641126 -0.00438304 -0.00332512 0.00283962 -0.00349857 0.00346523 0.00521243 0.00146258 0.00346303 0.00128286 0.000874409 0.00202814 0.00172425 0.00108115 0.00585047 0.00746751 0.00158781 -0.00526949 -0.0121101 0.000144181 -0.00062103 0.0101045 0.0104596 0.00748485
internal_weight=0 348.94 325.614 872.957 784.392 317.144 39.6782 29.2633 277.465 23.3259 270.967 88.5655 47.2993 41.2663 34.8403 769.746 497.232 272.513 258.137 487.788 14.0575 10.5768 23.818 14.6463 10.4149 33.9453 22.6045 12.4589 9.22342 14.3757
internal_count=5481 1525 1410 3956 3523 1372 181 130 1191 115 1164 433 245 188 163 3459 2228 1231 1164 2186 75 57 112 64 51 153 102 82 60 67
is_linear=0
shrinkage=0.01


Tree=101
num_leaves=25
num_cat=0
split_feature=0 0 12 12 0 12 12 12 12 12 0 12 12 12 12 0 12 12 12 12 0 12 12 12
split_gain=61.409 120.307 51.2731 38.2563 32.3799 19.7713 4.81319 4.84282 3.59002 3.55828 3.00141 2.72283 2.45681 2.29939 3.27027 1.3309 1.31348 0.787991 0.72384 0.541125 0.288251 1.04364 0.27343 0.20094
threshold=4216886.5000000009 4231539.5000000009 1.941216423569734 1.951465162485281 4216877.0000000009 1.9657402510146069 1.9922459088058959 1.9703270868254663 1.9775790269231281 1.972957910446512 4231864.0000000009 1.957927491985145 1.9842187211896343 1.993590124076418 1.9585761340917001 4231767.5000000009 1.9868872088523377 1.9533992703327747 1.9683586384621594 1.9631289435398596 4231767.5000000009 1.9482503646226943 1.973616730110737 1.994262914445758
decision_type=2 2 2 2 2 2 2 2 2 2 2 2 2 2 2 2 2 2 2 2 2 2 2 2
left_child=4 2 -2 10 -1 11 7 -6 22 18 20 -4 -11 14 17 -16 -10 -5 -7 -13 -3 -22 -9 -8
right_child=1 3 5 13 6 9 23 8 16 12 -12 19 -14 -15 15 -17 -18 -19 -20 -21 21 -23 -24 -25
leaf_value=0.010462175116107586 -0.013705404930413679 0.0023997655492901315 0.011150159085609566 -0.0020206973866118867 0.0021054158423649584 -0.0051800123152318956 0.010902302906652436 -0.0025907390102813273 -0.00031605803755951954 -0.0076798879915833057 -0.0046914492234396456 0.004096564932857474 -0.004997153736031437 0.00032425048875319199 -0.0052385529380814021 -0.010721226205771428 0.0026318179785590522 -0.0053460329596818649 -0.0018277218961381622 0.0005062061440212843 0.0032264500299352648 -0.00073873148699385319 -0.0050569880616332975 0.0077118055785099331
leaf_weight=46.747038379311562 81.600688442587852 69.806552037596703 4.8684324175119427 10.235245585441588 397.93419077992439 8.4092753678560239 4.3776326179504386 6.8564777374267605 48.615799933671951 59.518002793192863 5.1926030963659278 10.828466951847078 80.046367704868317 5.7598137855529776 6.0458094924688366 16.540904238820076 21.934363797307014 23.458642557263374 27.520135328173637 6.8553835153579703 254.62175299227238 6.8154719769954673 13.054882273077963 3.5951975733041763
leaf_count=291 414 309 21 41 1723 34 25 28 198 273 21 45 358 24 27 79 97 101 112 28 1128 30 54 20
internal_value=0 -0.00200671 -0.00703463 0.00152183 0.00250577 -0.00428608 0.00175645 0.00163064 -0.000457873 -0.00541874 0.00285239 0.00452786 -0.00614122 -0.00569363 -0.00630951 -0.00925367 0.00060045 -0.00433589 -0.00261233 0.00270471 0.00297065 0.00312308 -0.00420774 0.00946361
internal_weight=0 678.124 279.647 398.477 543.116 198.046 496.369 488.396 90.4615 175.494 336.436 22.5523 139.564 62.0404 56.2806 22.5867 70.5502 33.6939 35.9294 17.6839 331.244 261.437 19.9114 7.97283
internal_count=5481 3045 1285 1760 2436 871 2145 2100 377 777 1488 94 631 272 248 106 295 142 146 73 1467 1158 82 45
is_linear=0
shrinkage=0.01


Tree=102
num_leaves=31
num_cat=0
split_feature=0 0 2 2 0 2 2 12 2 1 1 2 12 1 1 1 1 0 1 2 12 1 1 1 1 1 1 1 1 1
split_gain=60.2738 118.272 50.8708 37.5465 32.0229 21.5176 7.24185 4.7501 4.74995 4.70819 6.602 4.68262 4.50822 4.04296 3.03268 7.66377 4.26837 6.19727 3.45474 2.85503 2.92558 3.24308 2.57781 6.83484 1.93475 1.79943 1.55687 1.32119 1.22237 0.787445
threshold=4216886.5000000009 4231539.5000000009 96.500000000000014 73.500000000000014 4216877.0000000009 51.500000000000007 64.500000000000014 1.9922459088058959 44.500000000000007 1861025320427.0002 2777491179720.5005 17.500000000000004 1.972957910446512 1731095585241.0002 1862882903156.5002 1862882910947.5002 1410594623225.5002 4231767.5000000009 2777491201876.0005 9.5000000000000018 1.9585761340917001 701677509007.50012 4148002225286.5005 3704794817060.5005 207995281506.00003 1795796981960.0002 1646869333327.5002 1410594599213.0002 229009853761.00003 4334145198256.5005
decision_type=2 2 2 2 2 2 2 2 2 2 2 2 2 2 2 2 2 2 2 2 2 2 2 2 2 2 2 2 2 2
left_child=4 2 5 19 27 12 13 8 9 11 -11 -6 26 -7 16 -16 17 -5 -17 -3 25 -22 23 -10 -14 -21 -2 28 -1 -24
right_child=1 3 -4 14 7 6 -8 -9 22 10 -12 -13 24 -15 15 18 -18 -19 -20 20 21 -23 29 -25 -26 -27 -28 -29 -30 -31
leaf_value=0.010127583227207235 5.7104681293753083e-05 0.0025982717548800661 -0.01365499851129294 -0.0012091764696543429 0.0087946842756047149 0.0067602350404065469 0.013851820885191197 0.0094155710728812507 0.0022865827478411776 -0.0071676801741464248 0.00028908575866080731 0.00035668696989079826 -0.012796664352015518 -0.0015061505375516062 -0.0044951614385837311 0.001268452244143833 0.0076062968617082952 0.004416099294964425 0.0040134043710139834 -0.0077899663128998698 -0.0010283530577703552 -0.0105522795249458 0.0058512697673603264 -0.0025289407156900358 -0.0063507779981742101 -0.0027663904731429628 -0.0042261828121019996 0.011835535482129584 0.0046969508875909843 0.0014667821868973626
leaf_weight=13.105128809809687 13.747138351202009 3.9328571408987036 81.085474729537964 25.48450368642807 8.3420935571193677 8.6187954246997851 5.3002590537071219 7.9335747808217993 338.05604080855846 18.80258309841156 32.218754276633263 31.077807292342186 4.8378669470548621 18.870691820979118 16.455940917134285 92.524007976055145 26.177982658147812 84.593415319919586 90.893140003085136 10.253491848707197 4.3547623306512859 19.978192433714867 22.345408335328106 32.289372876286507 124.2042108476162 23.409046649932861 22.172702252864838 27.291005179286003 6.0620414763689032 5.0156479179859152
leaf_count=88 56 16 414 113 41 37 23 45 1466 79 131 126 22 77 72 409 116 377 401 45 20 94 99 136 566 97 90 168 35 22
internal_value=0 -0.00199032 -0.00698466 0.0015082 0.00248339 -0.00424958 0.00314919 0.00173991 0.00161516 -0.000453397 -0.00245891 0.00214235 -0.00572025 0.00108561 0.00282646 0.0020422 0.00397689 0.00311377 0.00262872 -0.00564698 -0.00620611 -0.00884782 0.00208556 0.00186673 -0.00659244 -0.00429655 -0.0025869 0.0104223 0.00841003 0.00504753
internal_weight=0 676.894 278.837 398.057 542.539 197.752 32.7897 496.081 488.148 90.4412 51.0213 39.4199 164.962 27.4895 336.129 199.873 136.256 110.078 183.417 61.9284 57.9955 24.333 397.706 370.345 129.042 33.6625 35.9198 46.4582 19.1672 27.3611
internal_count=5481 3045 1285 1760 2436 871 137 2145 2100 377 210 167 734 114 1488 882 606 490 810 272 256 114 1723 1602 588 142 146 291 123 121
is_linear=0
shrinkage=0.01


Tree=103
num_leaves=31
num_cat=0
split_feature=0 0 2 2 0 2 2 12 2 1 1 2 12 1 1 1 1 0 1 2 12 1 1 1 1 2 1 1 1 1
split_gain=59.1627 116.285 50.4674 36.8488 31.6699 21.1316 7.10994 4.68757 4.6582 4.61737 6.4829 4.62115 4.44695 3.96898 2.9809 7.51173 4.20286 6.08604 3.39381 2.8051 2.89394 3.20352 2.55867 4.48435 3.59229 1.92453 1.77047 1.52695 1.31779 1.2166
threshold=4216886.5000000009 4231539.5000000009 96.500000000000014 73.500000000000014 4216877.0000000009 51.500000000000007 64.500000000000014 1.9922459088058959 44.500000000000007 1861025320427.0002 2777491179720.5005 19.500000000000004 1.972957910446512 1731095585241.0002 1862882903156.5002 1862882910947.5002 1410594623225.5002 4231767.5000000009 2777491201876.0005 9.5000000000000018 1.9585761340917001 701677509007.50012 835223758002.50012 207995304615.50003 871682471403.00012 46.500000000000007 1795796981960.0002 1646869333327.5002 1410594599213.0002 229009853761.00003
decision_type=2 2 2 2 2 2 2 2 2 2 2 2 2 2 2 2 2 2 2 2 2 2 2 2 2 2 2 2 2 2
left_child=4 2 5 19 28 12 13 8 9 11 -11 -6 27 -7 16 -16 17 -5 -17 -3 26 -22 23 -10 -24 -14 -21 -2 29 -1
right_child=1 3 -4 14 7 6 -8 -9 22 10 -12 -13 25 -15 15 18 -18 -19 -20 20 21 -23 24 -25 -26 -27 -28 -29 -30 -31
leaf_value=0.010090045491014308 5.6533221954048798e-05 0.0025731122704996685 -0.013605459587742631 -0.0011966335664663809 0.0074198885471103157 0.0067041692782332605 0.013732503543881659 0.0093677357483894462 -5.1742476515970353e-05 -0.0071064193462437178 0.00028619687036029339 -9.2038415389070853e-05 -0.0067929103006606666 -0.0014908904177725363 -0.004444437364390201 0.001256259539926734 0.007548304989753658 0.0043780236176038179 0.003977967712121935 -0.007726276383126173 -0.0010184407556765506 -0.010488915020725719 -0.0064883771967440499 0.0058344336543100141 0.0018576710249146881 -0.00059958898746767682 -0.0027398141615043543 -0.004185753044076976 0.011800165912931954 0.0046620457364830179
leaf_weight=13.022757813334467 13.747223377227781 3.931605637073516 80.569496318697929 25.494062349200249 11.612657159566877 8.6040385812520999 5.2928850352764121 7.8945418596267691 18.934587329626083 18.775161877274513 32.218542382121086 27.779687941074371 123.52129612863064 18.873191058635712 16.477209255099297 92.48798294365406 26.115624710917473 84.47641658782959 90.786348611116409 10.234728306531904 4.3531813025474575 19.898295074701309 5.2384243905544272 40.901968732476234 332.39434492588043 5.2298290580511084 23.39980261027813 22.163046836853027 27.100036889314651 6.0464328676462165
leaf_count=88 56 16 414 113 55 37 23 45 80 79 131 112 565 77 72 409 116 377 401 45 20 94 22 186 1435 23 97 90 168 35
internal_value=0 -0.00197409 -0.00693577 0.00149463 0.00246141 -0.00421395 0.0031196 0.00172367 0.00159997 -0.000449135 -0.00243566 0.00212244 -0.00567344 0.00107526 0.00280065 0.00202302 0.00394207 0.00308567 0.00260448 -0.0056006 -0.00615576 -0.00878895 0.00206595 0.00397182 0.00172818 -0.00654134 -0.00425716 -0.00256171 0.010383 0.00836894
internal_weight=0 675.656 278.001 397.655 541.919 197.432 32.7701 495.75 487.855 90.386 50.9937 39.3923 164.661 27.4772 335.838 199.752 136.086 109.97 183.274 61.8176 57.886 24.2515 397.469 59.8366 337.633 128.751 33.6345 35.9103 46.1692 19.0692
internal_count=5481 3045 1285 1760 2436 871 137 2145 2100 377 210 167 734 114 1488 882 606 490 810 272 256 114 1723 266 1457 588 142 146 291 123
is_linear=0
shrinkage=0.01


Tree=104
num_leaves=31
num_cat=0
split_feature=0 0 2 2 0 2 14 2 14 2 1 1 2 0 1 1 1 1 1 2 14 2 1 1 1 1 1 1 1 1
split_gain=58.0727 114.334 50.0701 36.1641 31.3207 20.7557 6.19581 5.39964 4.62583 4.56825 4.52836 6.36604 4.55197 2.95759 2.87882 2.80764 2.63384 2.53882 6.69906 2.41015 2.1961 3.17072 2.03405 1.74201 1.56904 1.31455 1.21087 0.983261 0.775299 0.420009
threshold=4216886.5000000009 4231539.5000000009 96.500000000000014 73.500000000000014 4216877.0000000009 55.500000000000007 1.9931698079731552 64.500000000000014 1.9980558040442025 44.500000000000007 1861025320427.0002 2777491179720.5005 17.500000000000004 4231864.0000000009 229009853761.00003 1646869333327.5002 4334145194491.0005 4148002225286.5005 3704794817060.5005 47.500000000000007 1.9983936539708977 62.500000000000007 3258691825909.5005 1795796981960.0002 2777491181604.5005 1410594599213.0002 229009853761.00003 174026422758.50003 4334145198256.5005 1795796960235.0002
decision_type=2 2 2 2 2 2 2 2 2 2 2 2 2 2 2 2 2 2 2 2 2 2 2 2 2 2 2 2 2 2
left_child=4 2 5 20 25 6 15 22 9 10 12 -12 -6 14 27 -2 -16 18 -11 -8 21 24 -7 -23 -3 26 -1 -5 -19 -10
right_child=1 3 -4 13 8 7 19 -9 29 17 11 -13 -14 -15 16 -17 -18 28 -20 -21 -22 23 -24 -25 -26 -27 -28 -29 -30 -31
leaf_value=0.010052708363571795 0.0013249791665018119 -0.0072751227605359859 -0.013556767735552285 0.0044759130433682922 0.0086857807130450194 0.0042585823911429803 -0.0067510214957867574 0.013615067198443355 0.0066686272383911097 0.0022455369732297743 -0.0070457619691777496 0.0002833368116457837 0.00034614196767909723 -0.0047125908440676925 0.0028375306342289068 -0.0039969559337567412 -0.0029749573989782466 0.005788237434789038 -0.002521849422477092 -0.00062070012555788415 0.00033041412197993154 -0.0076631896392246046 -0.0032101702553632289 -0.0027134921092626971 -0.01297154305376985 0.0117651855143402 0.0046273450450286489 0.0096278051792909949 0.0014349731859428861 0.011336581145214068
leaf_weight=12.940826267004015 15.620435848832129 15.275304704904558 80.052878111600876 7.022590219974516 8.2914301306009275 12.617763638496404 124.56607787311077 5.2851917743682852 3.3933578431606284 337.63227468729019 18.747568860650063 32.218331769108772 31.071858659386635 5.1936275362968436 307.49140726029873 27.129861757159233 7.9986885190010062 22.29150049388409 32.294201716780663 6.7613437473773947 5.7500212341547003 10.215890347957609 5.1284951567649832 23.390568301081657 7.0749168246984473 26.909758642315865 6.0309353768825522 7.8406293094158173 5.0106895565986624 4.4622998386621475
leaf_count=88 64 72 414 33 41 53 571 23 21 1466 79 131 126 21 1365 110 33 99 136 29 24 45 21 97 34 168 35 36 22 24
internal_value=0 -0.001958 -0.00688736 0.00148119 0.00243964 -0.00417868 -0.00535902 0.00474259 0.0017076 0.00158495 -0.000444922 -0.00241264 0.00210279 0.00277507 0.00289278 -0.00205239 0.00269017 0.00204654 0.00182935 -0.0064354 -0.00555465 -0.00615938 0.00210019 -0.00421813 -0.00907831 0.0103439 0.00832804 0.00719363 0.0049893 0.0093202
internal_weight=0 674.416 277.162 397.254 541.295 197.109 174.078 23.0315 495.414 487.558 90.3292 50.9659 39.3633 335.547 330.353 42.7503 315.49 397.229 369.926 131.327 61.7067 55.9567 17.7463 33.6065 22.3502 45.8815 18.9718 14.8632 27.3022 7.85566
internal_count=5481 3045 1285 1760 2436 871 774 97 2145 2100 377 210 167 1488 1467 174 1398 1723 1602 600 272 248 74 142 106 291 123 69 121 45
is_linear=0
shrinkage=0.01


Tree=105
num_leaves=31
num_cat=0
split_feature=0 0 2 2 0 2 2 14 2 1 1 2 14 1 1 1 1 0 1 1 1 1 14 2 1 1 1 1 1 1
split_gain=57.0028 112.414 49.6803 35.4923 30.9756 20.4005 6.85087 4.56409 4.47997 4.44103 6.25137 4.48494 4.31373 3.86203 2.91142 7.37485 4.1499 5.9921 3.35385 2.53142 12.4851 2.71037 2.15993 3.13695 1.921 1.71405 1.55939 1.55643 1.31144 1.20516
threshold=4216886.5000000009 4231539.5000000009 96.500000000000014 73.500000000000014 4216877.0000000009 51.500000000000007 64.500000000000014 1.9980558040442025 44.500000000000007 1861025320427.0002 2777491179720.5005 19.500000000000004 1.9931698079731552 1731095585241.0002 1862882903156.5002 1862882910947.5002 1410594623225.5002 4231767.5000000009 2777491201876.0005 1392992072007.0002 1731095585241.0002 207995304615.50003 1.9983936539708977 62.500000000000007 207995281506.00003 1795796981960.0002 2595850559623.0005 2777491181604.5005 1410594599213.0002 229009853761.00003
decision_type=2 2 2 2 2 2 2 2 2 2 2 2 2 2 2 2 2 2 2 2 2 2 2 2 2 2 2 2 2 2
left_child=4 2 5 22 28 12 13 8 9 11 -11 -6 26 -7 16 -16 17 -5 -17 21 -21 -10 23 27 -14 -25 -2 -3 29 -1
right_child=1 3 -4 14 7 6 -8 -9 19 10 -12 -13 24 -15 15 18 -18 -19 -20 20 -22 -23 -24 25 -26 -27 -28 -29 -30 -31
leaf_value=0.01001556574786942 -0.0042964312107852528 -0.0072226775563409952 -0.013508904238819537 -0.0012219839212154278 0.0073185903333808288 0.0066208266009528949 0.01349945586746357 0.0092717638404434827 -7.3711956577064954e-05 -0.0069856981131888943 0.00028050522068222619 -9.4579219947481076e-05 -0.012651124931589442 -0.0014701164198668056 -0.0044252659372411842 0.0012172902451684836 0.0074692137250842077 0.0043127598178326265 0.003925104088376671 -0.0047791054564634032 0.0022239458181655181 0.0041038200375153348 0.0003271088374281108 -0.0076006953214202231 -0.0061986645594573299 -0.0026874222874757802 -7.5193375529905291e-05 -0.012908710622169636 0.011730586802212926 0.0045928492672110402
leaf_weight=12.859337940812113 20.768817141652107 15.232574850320818 79.535742446780205 25.473937064409256 11.556005015969275 8.5817844420671481 5.2771904319524756 7.8179220259189597 18.925152972340584 18.719814732670784 32.218121603131294 27.779781103134155 4.7932565957307807 18.875307887792587 16.484548360109329 92.370896741747856 26.029624253511429 84.266254752874374 90.609975174069405 28.182471036911011 263.30048005282879 86.586053341627121 5.7500373870134345 10.196983590722082 123.36994212865829 23.38134554028511 15.124271139502524 7.0384430885314933 26.720187127590179 6.0155478715896598
leaf_count=88 85 72 414 113 55 37 23 45 80 79 131 112 22 77 72 409 116 377 401 118 1143 382 24 45 566 97 61 34 168 35
internal_value=0 -0.0019421 -0.00683927 0.00146792 0.00241803 -0.00414364 0.00306433 0.00169166 0.00157004 -0.000440741 -0.00238984 0.00208325 -0.00558185 0.00105873 0.00274989 0.00198103 0.00387945 0.00302798 0.00255817 0.00202728 0.00154685 0.00335451 -0.00550876 -0.0061096 -0.00643998 -0.00417947 -0.00251773 -0.00901967 0.0103052 0.00828731
internal_weight=0 673.161 276.326 396.835 540.681 196.791 32.7343 495.086 487.268 90.2737 50.9379 39.3358 164.056 27.4571 335.235 199.465 135.77 109.74 182.981 396.994 291.483 105.511 61.5994 55.8493 128.163 33.5783 35.8931 22.271 45.5951 18.8749
internal_count=5481 3045 1285 1760 2436 871 137 2145 2100 377 210 167 734 114 1488 882 606 490 810 1723 1261 462 272 248 588 142 146 106 291 123
is_linear=0
shrinkage=0.01


Tree=106
num_leaves=31
num_cat=0
split_feature=0 0 12 12 0 12 12 1 1 12 12 0 1 1 12 1 12 12 12 1 1 1 1 1 1 1 1 1 1 1
split_gain=55.9525 110.53 49.2959 34.8319 30.6339 18.2711 4.50396 4.41587 5.46987 4.84394 3.32466 2.90774 2.83851 2.59855 2.43442 4.02252 2.36894 2.12438 3.10357 1.68657 1.54411 1.52975 1.30848 1.19947 0.973849 0.416511 0.332861 0.211049 0.12055 0.155579
threshold=4216886.5000000009 4231539.5000000009 1.941216423569734 1.951465162485281 4216877.0000000009 1.9657402510146069 1.9922459088058959 174026417975.00003 183964086007.50003 1.9703270868254663 1.972957910446512 4231864.0000000009 229009853761.00003 4334145186629.0005 1.957927491985145 1997147138803.0002 1.9842187211896343 1.993590124076418 1.9585761340917001 1795796981960.0002 2777491181604.5005 2595850559623.0005 1410594599213.0002 229009853761.00003 174026422758.50003 1795796960235.0002 229009851598.00003 229009853137.50003 1955683340129.5002 3655794233097.5005
decision_type=2 2 2 2 2 2 2 2 2 2 2 2 2 2 2 2 2 2 2 2 2 2 2 2 2 2 2 2 2 2
left_child=4 2 -2 11 22 14 7 -6 -9 -10 21 12 24 -14 -4 -16 -12 18 19 -5 -20 -7 23 26 -3 -8 -1 -28 -24 -30
right_child=1 3 5 17 6 10 25 8 9 -11 16 -13 13 -15 15 -17 -18 -19 20 -21 -22 -23 28 -25 -26 -27 27 -29 29 -31
leaf_value=0.0073421532902100883 -0.013461850380576065 0.0044126825158684402 0.010655639141749886 -0.0075387833591345514 0.011555120005203832 -0.0042558696138625587 0.0065720263953468741 -0.0075389964722689645 0.0020759090648956764 -0.00050622841499873888 -0.0074314599288645578 -0.0046999966388959159 0.0028049967460440795 -0.0023752026346175572 0.0092687746226188823 -0.00079376181099449501 -0.0047825304682442647 0.00032383697323485673 -0.0071706235971053071 -0.0026616017207311787 -0.012846741086513142 -7.4442185326017068e-05 0.010165075722502311 0.004558555960817127 0.0095491456314863894 0.011243093154544189 0.012035674357085453 0.0088426966788175358 0.012438632170624353 0.010421921752965557
leaf_weight=3.4833318442106274 79.018206313252449 7.002011224627493 4.840486183762553 10.17801398038864 4.3763408660888663 20.75715097784996 3.3613190650939933 6.6544671058654776 386.46958819031715 89.46975339949131 58.778159588575363 5.1928561776876441 304.94457998871803 10.001238003373144 6.0398052930831936 11.607497125864027 79.321420922875404 5.7500531226396552 15.189935967326166 23.372134864330292 7.0018542408943167 15.124182567000387 4.3065914064645794 6.0002706199884406 7.8063239306211472 4.4180169999599457 6.1829333901405317 3.1120305359363556 17.314679399132732 4.910069376230239
leaf_count=22 414 33 21 45 19 85 21 28 1679 374 273 21 1356 42 26 47 358 24 72 97 34 61 27 35 36 24 44 22 110 31
internal_value=0 -0.00192627 -0.00679167 0.0014547 0.00239664 -0.00410897 0.00167589 0.0015553 0.00146462 0.0015905 -0.00520534 0.00272476 0.00284168 0.0026405 0.00437333 0.00265015 -0.00590997 -0.00546327 -0.00606024 -0.00414118 -0.00896153 -0.00249337 0.0102667 0.00824676 0.00712041 0.0092248 0.00997861 0.0109666 0.0116964 0.0119931
internal_weight=0 671.926 275.487 396.439 540.059 196.469 494.749 486.97 482.594 475.939 173.981 334.947 329.754 314.946 22.4878 17.6473 138.1 61.492 55.7419 33.5501 22.1918 35.8813 45.3099 18.7786 14.8083 7.77934 12.7783 9.29496 26.5313 22.2247
internal_count=5481 3045 1285 1760 2436 871 2145 2100 2081 2053 777 1488 1467 1398 94 73 631 272 248 142 106 146 291 123 69 45 88 66 168 141
is_linear=0
shrinkage=0.01


Tree=107
num_leaves=31
num_cat=0
split_feature=0 0 12 12 0 12 12 1 1 12 12 0 1 1 12 1 12 12 12 1 1 1 1 1 1 1 1 1 1 1
split_gain=54.9174 108.67 48.9236 34.1848 30.2993 17.9365 4.4441 4.34427 5.35607 4.75145 3.27686 2.85221 2.79569 2.55271 2.39035 3.95401 2.34199 2.08943 3.07058 1.65956 1.53209 1.50207 1.30531 1.19411 0.961667 0.412693 0.333648 0.211322 0.120715 0.155828
threshold=4216886.5000000009 4231539.5000000009 1.941216423569734 1.951465162485281 4216877.0000000009 1.9657402510146069 1.9922459088058959 174026417975.00003 183964086007.50003 1.9703270868254663 1.972957910446512 4231864.0000000009 229009853761.00003 4334145194491.0005 1.957927491985145 1997147138803.0002 1.9842187211896343 1.993590124076418 1.9585761340917001 1795796981960.0002 2777491181604.5005 1646869333327.5002 1410594599213.0002 229009853761.00003 174026422758.50003 1795796960235.0002 229009851598.00003 229009853137.50003 1955683340129.5002 3655794233097.5005
decision_type=2 2 2 2 2 2 2 2 2 2 2 2 2 2 2 2 2 2 2 2 2 2 2 2 2 2 2 2 2 2
left_child=4 2 -2 11 22 14 7 -6 -9 -10 21 12 24 -14 -4 -16 -12 18 19 -5 -20 -7 23 26 -3 -8 -1 -28 -24 -30
right_child=1 3 5 17 6 10 25 8 9 -11 16 -13 13 -15 15 -17 -18 -19 20 -21 -22 -23 28 -25 -26 -27 27 -29 29 -31
leaf_value=0.0072987571570229705 -0.013415587522182134 0.0043761004463938784 0.010563253477857932 -0.0074774442970987577 0.011473724603394291 0.00012831428045243938 0.0065320877501846009 -0.0074515693724724556 0.0020563387246900411 -0.00050116509043690279 -0.0073777115706969735 -0.004655236400266125 0.0027617874886213547 -0.002959969529096408 0.0091985762808606594 -0.00078575993088527546 -0.00474104588649258 0.00032059780529290104 -0.0071189553894912905 -0.0026360282418558191 -0.012785614235075191 -0.0040813817696714908 0.01012563953692861 0.0045244647480259812 0.0094868634508403354 0.011192433330174206 0.012011321164335875 0.0088057822245677687 0.012408505993440604 0.01038350818831209
leaf_weight=3.4690737128257778 78.500384166836739 6.9899989217519742 4.8340250998735455 10.158986911177633 4.3633783608674994 13.736380025744436 3.3481186479330054 6.6651625782251349 386.24726545810699 89.469935715198517 58.615128710865974 5.1903702169656745 306.67928367853165 8.000673979520796 6.0251125246286419 11.60844214260578 79.215867787599564 5.7500683963298789 15.147394075989725 23.362938776612282 6.9651605933904639 22.133133709430695 4.2802628427743938 5.9851034432649604 7.7791341990232468 4.3937558680772781 6.1337611973285657 3.0939165353775024 17.183806002140049 4.879107177257537
leaf_count=22 414 33 21 45 19 56 21 28 1679 374 273 21 1365 33 26 47 358 24 72 97 34 90 27 35 36 24 44 22 110 31
internal_value=0 -0.00191058 -0.00674394 0.00144167 0.00237512 -0.00407415 0.00166002 0.00154046 0.00145061 0.00157534 -0.00516166 0.0027 0.00281588 0.00261631 0.00433353 0.00262573 -0.00586234 -0.00541818 -0.00601131 -0.00410324 -0.00890388 -0.00246926 0.0102287 0.0082068 0.00706802 0.00917698 0.00994261 0.0109365 0.0116625 0.0119607
internal_weight=0 670.692 274.668 396.024 539.513 196.168 494.488 486.746 482.382 475.717 173.701 334.639 329.449 314.68 22.4676 17.6336 137.831 61.3845 55.6345 33.5219 22.1126 35.8695 45.025 18.6819 14.7691 7.74187 12.6968 9.22768 26.3432 22.0629
internal_count=5481 3045 1285 1760 2436 871 2145 2100 2081 2053 777 1488 1467 1398 94 73 631 272 248 142 106 146 291 123 69 45 88 66 168 141
is_linear=0
shrinkage=0.01


Tree=108
num_leaves=31
num_cat=0
split_feature=0 0 2 2 0 2 12 2 12 1 1 2 1 1 1 0 1 1 2 12 2 1 1 1 1 1 1 1 1 1
split_gain=53.9013 106.841 48.5577 33.5497 29.9683 19.547 5.84239 5.10298 4.38503 4.27405 5.24479 4.66071 2.82469 7.25268 4.10887 5.91449 3.33521 2.73991 2.35977 2.05507 3.03798 1.94174 1.63301 1.52034 1.30227 1.18878 0.703438 0.408954 0.334436 0.305409
threshold=4216886.5000000009 4231539.5000000009 96.500000000000014 73.500000000000014 4216877.0000000009 55.500000000000007 1.972957910446512 64.500000000000014 1.9922459088058959 174026417975.00003 183964086007.50003 44.500000000000007 1862882903156.5002 1862882910947.5002 1410594623225.5002 4231767.5000000009 2777491201876.0005 1646869333327.5002 47.500000000000007 1.993590124076418 62.500000000000007 3258691825909.5005 1795796981960.0002 2777491181604.5005 1410594599213.0002 229009853761.00003 1862882904942.5002 1795796960235.0002 229009851598.00003 1861025320427.0002
decision_type=2 2 2 2 2 2 2 2 2 2 2 2 2 2 2 2 2 2 2 2 2 2 2 2 2 2 2 2 2 2
left_child=4 2 5 19 24 6 17 21 9 -6 -11 -12 14 26 15 -5 -15 -2 -8 20 23 -7 -22 -3 25 28 -14 -10 -1 -16
right_child=1 3 -4 12 8 7 18 -9 27 10 11 -13 13 16 29 -17 -18 -19 -20 -21 22 -23 -24 -25 -26 -27 -28 -29 -30 -31
leaf_value=0.0072555550152266649 0.0013579042953409319 -0.0070676677551791377 -0.013370098842350232 -0.0012836155940560247 0.011393337782399062 0.0041721847546578759 -0.0065586206327487477 0.013273484702306951 0.0064923250025851363 -0.0073654883547269881 -0.00049615262909346138 0.0020369461124890224 -0.0072713550460635915 0.0011527539353901775 0.0079815297054083509 0.0042215142435007682 0.0038562708820407622 -0.0039029841582534216 -0.00048425910310226003 0.00031739102076227003 -0.0074166686835096416 -0.0031260618970413655 -0.0026106990796258014 -0.012725306328743148 0.011629054543695887 0.0044905746135730472 -0.002930462468562274 0.011142234288220206 0.010906692392469327 0.0054430862038191453
leaf_weight=3.454903885722163 15.596985220909117 15.104954451322557 77.982385352253914 25.425099700689316 4.350288823246955 12.582803353667265 123.4505021572113 5.2614958733320227 3.335004284977912 6.6755745857954016 89.470106288790703 386.02640932798386 5.7153671234846142 92.175504237413406 19.676728412508968 83.964664369821548 90.368387341499329 27.100799709558487 6.7448142021894446 5.7500832229852668 10.139907881617544 5.132444515824317 23.353758051991463 6.9283727705478659 26.155759528279305 5.9700457751750937 10.76332452893257 4.3695370256900787 9.1607491970062238 6.2435763031244269
leaf_count=22 64 72 414 113 19 53 571 23 21 28 374 1679 25 409 88 377 401 110 29 24 45 21 97 34 168 35 47 24 66 28
internal_value=0 -0.00189501 -0.00669655 0.00142875 0.00235378 -0.00403959 -0.00519122 0.00462606 0.0016443 0.00152577 0.00143674 0.00156031 0.00267547 0.00191757 0.00379023 0.00294198 0.00249113 -0.00198125 -0.00624394 -0.00537348 -0.0059628 0.00205774 -0.00406566 -0.00884671 0.0101909 0.00816701 -0.00443603 0.00912946 0.0099068 0.00737008
internal_weight=0 669.462 273.852 395.61 538.968 195.87 172.893 22.9767 494.227 486.522 482.172 475.497 334.333 199.023 135.31 109.39 182.544 42.6978 130.195 61.2771 55.527 17.7152 33.4937 22.0333 44.7415 18.5857 16.4787 7.70454 12.6157 25.9203
internal_count=5481 3045 1285 1760 2436 871 774 97 2145 2100 2081 2053 1488 882 606 490 810 174 600 272 248 74 142 106 291 123 72 45 88 116
is_linear=0
shrinkage=0.01


Tree=109
num_leaves=23
num_cat=0
split_feature=2 2 12 12 2 2 2 2 3 12 3 12 3 3 3 12 2 12 12 12 2 2
split_gain=50.6729 8.60911 3.2653 3.14331 2.71176 2.04294 2.32026 1.60682 1.37404 1.24562 1.14553 1.09259 1.41775 0.902573 2.19525 0.681161 1.05338 0.474818 0.394159 0.231119 0.204614 0.0225304
threshold=70.500000000000014 14.500000000000002 2.9160055349214766 1.9848851658944422 21.500000000000004 40.500000000000007 41.500000000000007 34.500000000000007 23.500000000000004 1.9949361603821067 29.500000000000004 2.9315738698764044 35.500000000000007 20.500000000000004 16.500000000000004 1.467908024219488 78.500000000000014 2.9328419455244714 1.9501779375322634 1.9922459088058959 19.500000000000004 72.500000000000014
decision_type=2 2 2 2 2 2 2 2 2 2 2 2 2 2 2 2 2 2 2 2 2 2
left_child=1 9 3 5 20 7 -7 -3 -6 19 13 -12 -13 14 -4 -2 18 -15 -17 -1 -5 -20
right_child=15 2 10 4 8 6 -8 -9 -10 -11 11 12 -14 17 -16 16 -18 -19 21 -21 -22 -23
leaf_value=5.0423958601220769e-06 0.0012430592051160855 -0.0040293465196380978 -0.010502083245835035 -0.0021734686206223331 -0.0016949965679404855 0.0037616058668335202 -0.0031567525382613648 -0.0066810270022910649 0.0041739180657581467 0.0064341380426742303 -0.0012469961472217571 -0.0096910739693231423 -0.0024042824272992947 -0.011364525475748975 -0.00074013191775033362 -0.00071558877255360255 0.0056435519781343072 -0.0076418145063389302 0.0020260875229623468 0.0023777435388073159 -0.0037165453357996354 0.0028124320944858177
leaf_weight=7.9236806482076707 832.75611737370491 84.54552435874939 4.3803171217441559 30.497833475470543 6.2010463029146221 5.0933497399091712 100.48576322197914 31.316790878772736 11.183826610445974 6.4001920223236075 6.7791886776685741 5.8620145320892343 4.9037062227725956 6.5267281681299192 4.8589751571416873 5.6360170245170655 8.9941524416208249 7.2121282815933228 7.7206619530916196 8.5192755460739118 11.964516520500181 6.9002107232809067
leaf_count=40 3831 370 20 132 26 21 433 141 47 31 32 27 23 31 22 25 40 34 31 44 51 29
internal_value=0 -0.00324088 -0.00366196 -0.00327964 -0.00124623 -0.00382919 -0.002823 -0.00474608 0.00208052 0.00269124 -0.00631587 -0.00439174 -0.00637199 -0.00778503 -0.00536824 0.00129574 0.00279563 -0.00941031 0.00153114 0.00123436 -0.00260826 0.0023972
internal_weight=0 344.655 321.812 281.289 59.8472 221.441 105.579 115.862 17.3849 22.8431 40.5231 17.5449 10.7657 22.9781 9.23929 862.007 29.251 13.7389 20.2569 16.443 42.4623 14.6209
internal_count=5481 1525 1410 1221 256 965 454 511 73 115 189 82 50 107 42 3956 125 65 85 84 183 60
is_linear=0
shrinkage=0.01


Tree=110
num_leaves=31
num_cat=0
split_feature=0 0 2 2 0 2 12 2 12 1 1 1 0 1 1 1 2 12 2 1 1 1 1 1 1 1 1 1 1 1
split_gain=52.6978 104.301 48.5747 32.6993 29.6186 19.149 5.73602 4.98645 4.29865 4.20466 5.14518 4.46705 2.80477 2.75897 2.68848 2.5223 2.31477 1.99691 2.99601 1.90615 1.60955 1.51281 1.29921 1.18497 0.952814 0.405482 0.334507 0.213417 0.121983 0.157431
threshold=4216886.5000000009 4231539.5000000009 96.500000000000014 73.500000000000014 4216877.0000000009 55.500000000000007 1.972957910446512 64.500000000000014 1.9922459088058959 174026417975.00003 183964086007.50003 1264132470858.5002 4231864.0000000009 229009853761.00003 1646869333327.5002 4334145186629.0005 47.500000000000007 1.993590124076418 62.500000000000007 3258691825909.5005 1795796981960.0002 2777491181604.5005 1410594599213.0002 229009853761.00003 174026422758.50003 1795796960235.0002 229009851598.00003 229009853137.50003 1955683340129.5002 3655794233097.5005
decision_type=2 2 2 2 2 2 2 2 2 2 2 2 2 2 2 2 2 2 2 2 2 2 2 2 2 2 2 2 2 2
left_child=4 2 5 17 22 6 14 19 9 -6 -11 -12 13 24 -2 -15 -8 18 21 -7 -20 -3 23 26 -5 -10 -1 -28 -24 -30
right_child=1 3 -4 12 8 7 16 -9 25 10 11 -13 -14 15 -16 -17 -18 -19 20 -21 -22 -23 28 -25 -26 -27 27 -29 29 -31
leaf_value=0.0072118309966597615 0.0013706069688753813 -0.0069952984115344728 -0.013329500622119753 0.0043039839962557818 0.011311710312144651 0.0041611707476202501 -0.0064757155008488112 0.013156437204671047 0.0064286129325316034 -0.0072931219959519109 0.003295383651570262 0.0010058611731560904 -0.0046550257916185825 0.0027181592046243877 -0.0038411604557721632 -0.0023865957634724346 -0.00045467280271872318 0.00029526835162121311 -0.0073480112216988067 -0.0030692807190950185 -0.0025715895592427146 -0.012655072523641113 0.010036741236582308 0.0044487342761464375 0.0094016264071592227 0.01107453708121215 0.011963309030059065 0.0087182091996820081 0.012348418416169165 0.010298189178523131
leaf_weight=3.4387133866548565 15.596840873360632 15.044406577944757 77.512560188770294 6.9663315713405591 4.3354882448911658 12.578150779008871 122.95196029543877 5.2565056830644599 3.3141020983457556 6.6839368343353263 111.2819280475378 363.84471906721592 5.1902791112661353 304.01377907395363 27.087338745594025 9.9976640790700895 6.7347917407751074 5.7438359707593909 10.112904235720633 5.1344100087881079 23.332436069846153 6.8835018277168265 4.2207801640033749 5.9511652141809455 7.7410715222358704 4.3369076997041702 6.035493850708006 3.0511421859264374 16.918341428041462 4.8101279735565177
leaf_count=22 64 72 414 33 19 53 571 23 21 28 487 1566 21 1356 110 42 29 24 45 21 97 34 27 35 36 24 44 22 110 31
internal_value=0 -0.00187649 -0.00663142 0.00140783 0.00232843 -0.00397356 -0.00511649 0.00460349 0.0016248 0.00150775 0.00141954 0.0015421 0.00263874 0.0027539 -0.00193678 0.00255563 -0.00616304 -0.00531711 -0.00589928 0.00206525 -0.00401584 -0.00877199 0.0101494 0.00812272 0.00698707 0.00906211 0.00986834 0.0108737 0.0115924 0.0118946
internal_weight=0 667.879 272.853 395.026 538.223 195.34 172.371 22.9691 493.797 486.146 481.811 475.127 333.909 328.719 42.6842 314.011 129.687 61.1171 55.3732 17.7126 33.4453 21.9279 44.4258 18.4765 14.7074 7.65101 12.5253 9.08664 25.9492 21.7285
internal_count=5481 3045 1285 1760 2436 871 774 97 2145 2100 2081 2053 1488 1467 174 1398 600 272 248 74 142 106 291 123 69 45 88 66 168 141
is_linear=0
shrinkage=0.01


Tree=111
num_leaves=31
num_cat=0
split_feature=0 0 2 2 0 2 12 2 12 1 1 2 1 1 1 0 1 1 2 12 2 1 1 1 1 1 1 1 1 1
split_gain=51.7208 102.555 48.2086 32.0918 29.296 18.7997 5.65433 4.89944 4.2417 4.13719 5.03838 4.42155 2.76143 7.12182 4.05931 5.82436 3.30216 2.63594 2.27992 1.96413 2.96423 1.86946 1.58384 1.50155 1.29644 1.17966 0.690377 0.401904 0.335299 0.302213
threshold=4216886.5000000009 4231539.5000000009 96.500000000000014 73.500000000000014 4216877.0000000009 55.500000000000007 1.972957910446512 64.500000000000014 1.9922459088058959 174026417975.00003 183964086007.50003 44.500000000000007 1862882903156.5002 1862882910947.5002 1410594623225.5002 4231767.5000000009 2777491201876.0005 1646869333327.5002 47.500000000000007 1.993590124076418 62.500000000000007 3258691825909.5005 1795796981960.0002 2777491181604.5005 1410594599213.0002 229009853761.00003 1862882906218.5002 1795796960235.0002 229009851598.00003 1861025320427.0002
decision_type=2 2 2 2 2 2 2 2 2 2 2 2 2 2 2 2 2 2 2 2 2 2 2 2 2 2 2 2 2 2
left_child=4 2 5 19 24 6 17 21 9 -6 -11 -12 14 26 15 -5 -15 -2 -8 20 23 -7 -22 -3 25 28 -14 -10 -1 -16
right_child=1 3 -4 12 8 7 18 -9 27 10 11 -13 13 16 29 -17 -18 -19 -20 -21 22 -23 -24 -25 -26 -27 -28 -29 -30 -31
leaf_value=0.0071690099238042185 0.0013567752748271846 -0.0069449092998516105 -0.013285440839609614 -0.0013198911307875114 0.011233304695214023 0.0041229573183731629 -0.0064262574600884104 0.013047586976334052 0.0063893020423953428 -0.0072094558178290779 -0.00047580754303626945 0.0019919997760966509 -0.0063672833019065454 0.001101713211154876 0.0078934835193188099 0.0041473372884896498 0.0037944662838287247 -0.0038039725925402617 -0.00045015538237508682 0.00029231506190530848 -0.0072884123507123248 -0.0030376156932488941 -0.0025468754673322997 -0.012596487806615387 0.011559623998957847 0.0044152913906691975 -0.0022676464506857165 0.01102538622521197 0.010844281340976729 0.0053641150167106754
leaf_weight=3.4247309863567379 15.598276808857916 15.002238646149637 76.994524404406548 25.396372199058533 4.3221582025289527 12.567835882306104 122.66071057319641 5.2474004775285712 3.3012122660875312 6.6938389837741843 89.448368176817894 385.50664003193378 8.6935968399047869 92.020965129137039 19.600195810198787 83.722451344132423 90.163099512457848 27.07866857945919 6.734357848763465 5.743847280740737 10.093739986419676 5.1360454261302939 23.323304980993271 6.8465461879968634 25.763465613126755 5.9363540112972251 7.7869606167078009 4.3128001391887665 9.0204772353172284 6.2237387746572486
leaf_count=22 64 72 414 113 19 53 571 23 21 28 374 1679 38 409 88 377 401 110 29 24 45 21 97 34 168 35 34 24 66 28
internal_value=0 -0.00186126 -0.00658541 0.0013952 0.0023073 -0.00394026 -0.00507418 0.00456102 0.00160926 0.00149322 0.00140582 0.00152724 0.00261473 0.0018649 0.00371864 0.00287489 0.00243436 -0.00191774 -0.00611523 -0.00527329 -0.00585173 0.00204561 -0.00397907 -0.00871589 0.0101121 0.00808328 -0.00443023 0.00901532 0.0098329 0.00728389
internal_weight=0 666.635 272.018 394.617 537.73 195.023 172.072 22.9513 493.585 485.971 481.649 474.955 333.607 198.665 134.943 109.119 182.184 42.6769 129.395 61.0097 55.2658 17.7039 33.417 21.8488 44.145 18.3816 16.4806 7.61401 12.4452 25.8239
internal_count=5481 3045 1285 1760 2436 871 774 97 2145 2100 2081 2053 1488 882 606 490 810 174 600 272 248 74 142 106 291 123 72 45 88 116
is_linear=0
shrinkage=0.01


Tree=112
num_leaves=25
num_cat=0
split_feature=0 0 2 2 0 2 2 13 13 2 2 3 0 13 2 2 0 2 2 2 13 2 0 2
split_gain=50.7635 100.84 47.8479 31.4946 28.9755 18.4581 6.22307 4.18533 3.92529 3.92506 3.41318 2.76175 2.75826 1.93189 2.9328 1.82329 1.37074 1.16625 0.780346 0.699326 0.264911 0.256411 0.254043 1.01173
threshold=4216886.5000000009 4231539.5000000009 96.500000000000014 73.500000000000014 4216877.0000000009 51.500000000000007 64.500000000000014 1.9961153951178154 1.9863862745312775 44.500000000000007 33.500000000000007 20.500000000000004 4231864.0000000009 1.996789895425686 62.500000000000007 46.500000000000007 4231767.5000000009 22.500000000000004 70.500000000000014 47.500000000000007 1.9867201742282614 9.5000000000000018 4231767.5000000009 78.500000000000014
decision_type=2 2 2 2 2 2 2 2 2 2 2 2 2 2 2 2 2 2 2 2 2 2 2 2
left_child=4 2 5 13 -1 8 11 9 19 10 17 -7 22 14 16 -10 -3 -6 -16 -2 -12 -9 -5 -24
right_child=1 3 -4 12 7 6 -8 21 15 -11 20 -13 -14 -15 18 -17 -18 -19 -20 -21 -22 -23 23 -25
leaf_value=0.010075063907500919 -0.0015958862710661968 -0.0045318012613259065 -0.013242106383649413 0.0021671827294655029 0.00201590466259735 -0.0056784006159669624 0.012940316407657098 0.0070144386028764428 -0.0063668323609529787 0.0019082103081958445 -0.0024724984452585285 0.002543420522977412 -0.0046427021188594556 0.00028939127432820225 -0.0049593273703764269 -0.00031023456617331537 -0.010185404502339972 -0.00056627159460160756 -0.0016438364765228631 -0.0048965902752282119 -0.0049031990634292137 0.01070031112674793 -0.00096620661045482476 0.0029515098439125598
leaf_weight=43.865758240222931 27.449402704834938 5.8727657049894342 76.476618066430092 69.248550057411194 32.586370691657066 4.9965305328369167 5.2380373626947394 3.5595032572746268 121.05384857952595 395.55513224005699 6.8417766690254238 22.407574325799942 5.1895044595003119 5.7438582032918921 23.150236159563065 5.1833058148622504 15.896952331066132 37.758943527936935 10.23849844932556 8.3782156705856305 13.009173586964605 4.017651379108429 6.7686980515718451 252.12043438851833
leaf_count=291 112 27 414 309 141 21 23 22 565 1723 28 93 21 24 101 23 79 154 41 34 54 23 30 1128
internal_value=0 -0.00184609 -0.00653977 0.00138262 0.00228654 -0.00390724 0.00295328 0.001594 -0.00528905 0.00147896 -0.000403494 0.00104435 0.00259078 -0.00522983 -0.00580457 -0.00611815 -0.00866025 0.000629881 -0.00394265 -0.00236775 -0.00406544 0.00896881 0.00270518 0.00284908
internal_weight=0 665.413 271.184 394.229 537.194 194.707 32.6421 493.329 162.065 485.751 90.1963 27.4041 333.327 60.9023 55.1585 126.237 21.7697 70.3453 33.3887 35.8276 19.851 7.57715 328.138 258.889
internal_count=5481 3045 1285 1760 2436 871 137 2145 734 2100 377 114 1488 272 248 588 106 295 142 146 82 45 1467 1158
is_linear=0
shrinkage=0.01


Tree=113
num_leaves=25
num_cat=0
split_feature=0 0 2 2 0 2 12 2 12 2 2 0 2 12 2 3 0 2 2 2 12 2 2 2
split_gain=49.8249 99.1536 47.4928 30.9101 28.655 18.1586 5.48602 4.72177 4.12998 3.8496 3.34689 2.70546 2.21453 1.90045 2.90165 1.66427 1.35847 1.14988 0.767651 0.474944 0.260104 0.254397 0.250483 1.00174
threshold=4216886.5000000009 4231539.5000000009 96.500000000000014 73.500000000000014 4216877.0000000009 55.500000000000007 1.972957910446512 64.500000000000014 1.9922459088058959 44.500000000000007 33.500000000000007 4231864.0000000009 47.500000000000007 1.993590124076418 62.500000000000007 23.500000000000004 4231767.5000000009 19.500000000000004 70.500000000000014 51.500000000000007 1.973616730110737 9.5000000000000018 76.500000000000014 79.500000000000014
decision_type=2 2 2 2 2 2 2 2 2 2 2 2 2 2 2 2 2 2 2 2 2 2 2 2
left_child=4 2 5 13 -1 6 19 15 9 10 17 22 -8 14 16 -7 -3 -6 -16 -2 -12 -10 -5 -24
right_child=1 3 -4 11 8 7 12 -9 21 -11 20 -13 -14 -15 18 -17 -18 -19 -20 -21 -22 -23 23 -25
leaf_value=0.0100375371007374 -0.0023447134855421889 -0.0044938083121866916 -0.013199482194285374 0.0047652228229107304 0.0025323185234282491 -0.0027004000301935234 -0.0063290510445169167 0.012834581456587458 0.0069730788899591738 0.0018901474996565531 -0.0024483332563573737 -0.004598524051167994 -0.00043751594072355567 0.00028649677464213995 -0.0049164571512157283 0.0040117803245597692 -0.010128779674032487 -0.00023287757543823546 -0.001627375144386695 0.00053098318996062748 -0.0048573252953524977 0.010653315244316399 -0.0016395395412737187 0.0027164182488424189
leaf_weight=43.590838924050331 35.817879438400269 5.863240748643876 75.95893882215023 5.6637485772371283 21.787148877978325 5.2550193667411849 122.08368511497974 5.2284260690212241 3.5448832511901847 395.34285432100296 6.8402205258607891 5.1869792342185965 6.7318595647811881 5.7438688576221457 23.118738695979118 12.435402482748032 15.826320603489876 48.548272341489792 10.238642230629919 6.8399892747402182 13.000757142901419 3.9951341301202774 5.368888407945632 316.81832621991634
leaf_count=291 146 27 414 25 97 22 571 23 22 1723 28 21 29 24 101 52 79 198 41 28 54 23 24 1418
internal_value=0 -0.00183108 -0.00649447 0.00137018 0.002266 -0.00387447 -0.00499185 0.00448548 0.00157893 0.00146488 -0.000399549 0.00256711 -0.00602116 -0.00518711 -0.00575825 0.0020179 -0.0086055 0.000623671 -0.00390691 -0.00188361 -0.00402682 0.00892308 0.00268048 0.00264383
internal_weight=0 664.18 270.351 393.829 536.65 194.392 171.473 22.9188 493.059 485.519 90.1764 333.038 128.816 60.7908 55.0469 17.6904 21.6896 70.3354 33.3574 42.6579 19.841 7.54002 327.851 322.187
internal_count=5481 3045 1285 1760 2436 871 774 97 2145 2100 377 1488 600 272 248 74 106 295 142 174 82 45 1467 1442
is_linear=0
shrinkage=0.01


Tree=114
num_leaves=31
num_cat=0
split_feature=0 0 2 2 0 2 12 2 12 1 1 1 1 1 1 0 1 1 2 12 2 1 1 1 1 1 1 1 1 1
split_gain=48.9036 97.4971 47.142 30.3363 28.3379 17.8276 5.40713 4.64068 4.07535 4.0773 4.9461 4.40987 2.71721 6.99298 4.0008 5.71836 3.25852 2.59012 2.18117 1.86953 2.87084 1.83355 1.56558 1.50105 1.311 1.19429 0.676848 0.397668 0.344065 0.299043
threshold=4216886.5000000009 4231539.5000000009 96.500000000000014 73.500000000000014 4216877.0000000009 55.500000000000007 1.972957910446512 64.500000000000014 1.9922459088058959 174026417975.00003 183964086007.50003 1264132470858.5002 1862882903156.5002 1862882910947.5002 1410594623225.5002 4231767.5000000009 2777491201876.0005 1646869333327.5002 47.500000000000007 1.993590124076418 62.500000000000007 3258691825909.5005 1795796981960.0002 2777491181604.5005 1410594599213.0002 229009853761.00003 1862882904942.5002 1795796960235.0002 229009851598.00003 1861025320427.0002
decision_type=2 2 2 2 2 2 2 2 2 2 2 2 2 2 2 2 2 2 2 2 2 2 2 2 2 2 2 2 2 2
left_child=4 2 5 19 24 6 17 21 9 -6 -11 -12 14 26 15 -5 -15 -2 -8 20 23 -7 -22 -3 25 28 -14 -10 -1 -16
right_child=1 3 -4 12 8 7 18 -9 27 10 11 -13 13 16 29 -17 -18 -19 -20 -21 22 -23 -24 -25 -26 -27 -28 -29 -30 -31
leaf_value=0.0070063962216243116 0.0013811693311701185 -0.0067737301137884946 -0.013157552624233744 -0.0013554159474283797 0.011140873599202019 0.0040584772733550422 -0.0062806992803339321 0.012730340193131498 0.0062474501343830636 -0.0071687977812871645 0.0032288465133560908 0.00095162798881145484 -0.0072174785042382755 0.0010397791286563692 0.007795845378634674 0.0040660986239455252 0.0037179721627828566 -0.0037360088630361576 -0.00043316794133033728 0.00028363125023069528 -0.0071702862984401126 -0.0030352602877554229 -0.002447408802960291 -0.012459168934368093 0.011471280777767585 0.0042299150362100565 -0.0029604980614141257 0.010892731672837011 0.010761260305665543 0.0052749610766679601
leaf_weight=3.3718929290771511 15.591509267687796 14.853664338588716 75.441583856940269 25.369109183549881 4.3038826435804358 12.548020184040075 121.79476100206375 5.2185756713151923 3.2548115700483313 6.6983444988727561 111.03122714161873 363.2547365874052 5.7227633744478252 91.831332832574844 19.514007136225704 83.45343579351902 89.906533107161522 27.056107729673386 6.7314400374889365 5.743879258632659 10.048832625150679 5.1347051113843909 23.277240216732025 6.7558415532112113 25.257536098361015 5.8546534180641165 10.752850353717802 4.2482274174690247 8.8332731127738935 6.201120287179946
leaf_count=22 64 72 414 113 19 53 571 23 21 28 487 1566 25 409 88 377 401 110 29 24 45 21 97 34 168 35 47 24 66 28
internal_value=0 -0.00181621 -0.00644959 0.00135785 0.00224564 -0.00384204 -0.00495064 0.00444407 0.001564 0.00145092 0.00136422 0.00148473 0.00254364 0.00179915 0.00364049 0.00280222 0.00236469 -0.00186522 -0.00597444 -0.00514473 -0.00571231 0.0019986 -0.0038715 -0.00855119 0.0100002 0.00794286 -0.00443915 0.00887761 0.00972391 0.00718794
internal_weight=0 662.947 269.517 393.431 536.109 194.075 171.174 22.9013 492.791 485.288 480.984 474.286 332.751 198.213 134.538 108.823 181.738 42.6476 128.526 60.6795 54.9356 17.6827 33.3261 21.6095 43.3174 18.0598 16.4756 7.50304 12.2052 25.7151
internal_count=5481 3045 1285 1760 2436 871 774 97 2145 2100 2081 2053 1488 882 606 490 810 174 600 272 248 74 142 106 291 123 72 45 88 116
is_linear=0
shrinkage=0.01


Tree=115
num_leaves=31
num_cat=0
split_feature=0 0 2 2 0 2 12 2 12 1 1 1 1 1 1 0 1 1 2 12 2 1 1 1 1 1 1 1 1 1
split_gain=47.9959 95.8687 46.7967 29.7717 28.0286 17.5025 5.32989 4.56116 4.02129 4.01219 4.84358 4.32837 2.67055 6.85347 3.93948 5.61484 3.20069 2.53952 2.14831 1.83885 2.84038 1.79824 1.54056 1.49025 1.31069 0.664041 0.549358 1.20342 0.394288 0.344799
threshold=4216886.5000000009 4231539.5000000009 96.500000000000014 73.500000000000014 4216877.0000000009 55.500000000000007 1.972957910446512 64.500000000000014 1.9922459088058959 174026417975.00003 183964086007.50003 1264132470858.5002 1862882903156.5002 1862882910947.5002 1410594623225.5002 4231767.5000000009 2777491201876.0005 1646869333327.5002 47.500000000000007 1.993590124076418 62.500000000000007 3258691825909.5005 1795796981960.0002 2777491181604.5005 1955683340129.5002 1862882906218.5002 229009853761.00003 1144634658660.0002 1795796960235.0002 229009851598.00003
decision_type=2 2 2 2 2 2 2 2 2 2 2 2 2 2 2 2 2 2 2 2 2 2 2 2 2 2 2 2 2 2
left_child=4 2 5 19 24 6 17 21 9 -6 -11 -12 14 25 15 -5 -15 -2 -8 20 23 -7 -22 -3 26 -14 29 -28 -10 -1
right_child=1 3 -4 12 8 7 18 -9 28 10 11 -13 13 16 -16 -17 -18 -19 -20 -21 22 -23 -24 -25 -26 -27 27 -29 -30 -31
leaf_value=0.0069644660586531551 0.0013672289775135474 -0.0067249120849632504 -0.013116302817079548 -0.001341283675254355 0.011064506236000381 0.0040212104595754496 -0.006232708778815944 0.012627550598785323 0.0062089192442999 -0.0070870004254277976 0.0031991436997193729 0.00094231474152981843 -0.0062859209819788354 0.001029723031419431 0.007133459433861805 0.0040308905813374899 0.0036850270095574733 -0.0036998798184910524 -0.00042886295827528439 0.00028079449665854741 -0.0071122726815186221 -0.0030039707631501823 -0.0024238776606351304 -0.012403077196781112 0.011752360606886432 -0.0022669502610769133 0.0019920522656437308 0.0091965846909482802 0.010845124312740284 0.01073264336925956
leaf_weight=3.358339965343478 15.592968061566351 14.812085330486299 74.924645632505417 25.379988193511963 4.2903202772140494 12.537718519568449 121.50668168067932 5.2084953635931006 3.2423226684331885 6.7078514844179145 110.94193652272224 363.17693953216076 8.7109051942825335 91.801008403301239 25.652735829353333 83.341113328933716 89.803741306066513 27.047152623534203 6.731024131178855 5.7438893318176261 10.029587641358374 5.1362987011671057 23.268229678273201 6.7187165021896353 20.991075322031975 7.7856633961200705 3.6918729543685895 6.23249351978302 4.224327340722084 8.7685819864273054
leaf_count=22 64 72 414 113 19 53 571 23 21 28 487 1566 38 409 116 377 401 110 29 24 45 21 97 34 141 34 22 40 24 66
internal_value=0 -0.00180141 -0.00640501 0.00134559 0.00222522 -0.00380984 -0.00490967 0.00440328 0.00154902 0.00143693 0.00135102 0.0014704 0.00252032 0.00178218 0.00360851 0.0027768 0.00234277 -0.0018469 -0.00592807 -0.00510235 -0.0056663 0.0019796 -0.00383606 -0.00849679 0.00996381 -0.00438914 0.00826125 0.00651649 0.0088319 0.00968911
internal_weight=0 661.733 268.685 393.048 535.626 193.76 170.878 22.8825 492.584 485.117 480.827 474.119 332.475 198.101 134.374 108.721 181.605 42.6401 128.238 60.5725 54.8286 17.674 33.2978 21.5308 43.0424 16.4966 22.0513 9.92437 7.46665 12.1269
internal_count=5481 3045 1285 1760 2436 871 774 97 2145 2100 2081 2053 1488 882 606 490 810 174 600 272 248 74 142 106 291 72 150 62 45 88
is_linear=0
shrinkage=0.01


Tree=116
num_leaves=25
num_cat=0
split_feature=0 0 2 2 0 2 2 12 2 12 2 0 12 2 2 12 0 2 2 2 12 2 2 2
split_gain=47.105 94.2681 46.4561 29.2177 27.7225 17.1856 5.7955 3.96793 3.79876 3.69037 3.28283 2.66714 1.80869 2.81024 1.74026 1.55926 1.3578 1.12927 0.760935 0.685434 0.254868 0.251671 0.247023 0.970477
threshold=4216886.5000000009 4231539.5000000009 96.500000000000014 73.500000000000014 4216877.0000000009 51.500000000000007 64.500000000000014 1.9922459088058959 44.500000000000007 1.972957910446512 33.500000000000007 4231864.0000000009 1.993590124076418 62.500000000000007 46.500000000000007 2.9007212158535043 4231767.5000000009 22.500000000000004 70.500000000000014 47.500000000000007 1.973616730110737 9.5000000000000018 76.500000000000014 79.500000000000014
decision_type=2 2 2 2 2 2 2 2 2 2 2 2 2 2 2 2 2 2 2 2 2 2 2 2
left_child=4 2 5 12 -1 9 15 8 10 19 17 22 13 16 -11 -7 -3 -6 -15 -2 -12 -9 -5 -24
right_child=1 3 -4 11 7 6 -8 21 -10 14 20 -13 -14 18 -16 -17 -18 -19 -20 -21 -22 -23 23 -25
leaf_value=0.0099276306638621144 -0.0015233374888761354 -0.004318917398953943 -0.013075718851672625 0.0046834304250598733 0.0019496239042053071 0.002589126575415246 0.012526173624042479 0.0068343773672820676 0.0018459829323504557 -0.0061741715115850547 -0.0024593171123870098 -0.0046167625520913145 0.00027798641023942981 -0.004809272729847637 -0.00025024723018725201 -0.0025952133027580056 -0.0099776249570721585 -0.00059206898546205122 -0.0015326487437013381 -0.0047932411219017632 -0.0048440779941696021 0.010521545456079232 -0.0016426713591785043 0.0026452513081225561
leaf_weight=42.768711909651756 27.426209226250648 5.8184758126735696 74.408211454749107 5.6470211893320075 32.546308621764183 19.024119585752491 5.1981939375400534 3.4965874552726737 394.80103558301926 119.91183571517467 6.8399743884801891 5.1878453940153113 5.7438990622758856 23.031453207135201 5.1729556173086158 8.3467376977205259 15.633728891611099 37.762008190155029 10.238113284111021 8.3660186082124692 12.997249275445936 3.9338239729404449 5.367931440472602 315.99722042679787
leaf_count=291 112 27 414 25 141 79 23 22 1723 565 28 21 24 101 23 35 79 154 41 34 54 23 24 1418
internal_value=0 -0.00178673 -0.00636079 0.00133344 0.00220499 -0.00377791 0.0028465 0.00153418 0.00142306 -0.00511901 -0.000429151 0.0024972 -0.00506033 -0.00562067 -0.00592918 0.00100816 -0.00844282 0.000584502 -0.00380095 -0.00228764 -0.0040218 0.00878645 0.00261006 0.00257363
internal_weight=0 660.52 267.854 392.666 535.146 193.446 32.5691 492.377 484.947 160.877 90.1455 332.2 60.4657 54.7218 125.085 27.3709 21.4522 70.3083 33.2696 35.7922 19.8372 7.43041 327.012 321.365
internal_count=5481 3045 1285 1760 2436 871 137 2145 2100 734 377 1488 272 248 588 114 106 295 142 146 82 45 1467 1442
is_linear=0
shrinkage=0.01


Tree=117
num_leaves=31
num_cat=0
split_feature=0 0 2 2 0 2 12 2 12 1 1 1 1 1 1 0 1 1 2 12 2 1 1 1 1 1 1 1 1 1
split_gain=46.2334 92.6929 46.1213 28.6751 27.4151 16.9013 5.16965 4.3996 3.91537 3.95151 4.74896 4.25663 2.62574 6.72152 3.88036 5.51799 3.15034 2.49305 2.09058 1.77927 2.78037 1.76506 1.51936 1.48504 1.31809 0.648903 0.553327 1.2006 0.390722 0.349549
threshold=4216886.5000000009 4231539.5000000009 96.500000000000014 73.500000000000014 4216877.0000000009 55.500000000000007 1.972957910446512 64.500000000000014 1.9922459088058959 174026417975.00003 183964086007.50003 1264132470858.5002 1862882903156.5002 1862882910947.5002 1410594623225.5002 4231767.5000000009 2777491201876.0005 1646869333327.5002 47.500000000000007 1.993590124076418 62.500000000000007 3258691825909.5005 1795796981960.0002 2777491181604.5005 1955683340129.5002 1862882904942.5002 229009853761.00003 1144634658660.0002 1795796960235.0002 229009851598.00003
decision_type=2 2 2 2 2 2 2 2 2 2 2 2 2 2 2 2 2 2 2 2 2 2 2 2 2 2 2 2 2 2
left_child=4 2 5 19 24 6 17 21 9 -6 -11 -12 14 25 15 -5 -15 -2 -8 20 23 -7 -22 -3 26 -14 29 -28 -10 -1
right_child=1 3 -4 12 8 7 18 -9 28 10 11 -13 13 16 -16 -17 -18 -19 -20 -21 22 -23 -24 -25 -26 -27 27 -29 -30 -31
leaf_value=0.006863073856373564 0.0013704071229751764 -0.0066171841712639647 -0.013035786336292399 -0.0013532878194789804 0.010982054404627337 0.0039760304414353182 -0.0061383778302103445 0.0124261719949457 0.0061198096455701012 -0.0070265231841258637 0.0031582866352664507 0.00091895295371086235 -0.0070824117943254329 0.00099503167053965999 0.0070594079515000343 0.0039744866549521838 0.0036314430133870309 -0.0036509739598931984 -0.00041212187008779792 0.00027520605282354833 -0.0070262731802746793 -0.0029848890535256888 -0.0023642251197420975 -0.012309759984967257 0.011697940801553317 -0.0029193509043928794 0.0018859305588159634 0.0091130951210237239 0.010757184159875574 0.010678035994338355
leaf_weight=3.3256975561380413 15.590157523751257 14.717756241559984 73.892370134592056 25.370801597833633 4.2742602229118338 12.524397403001791 120.93641702830791 5.1876798272132865 3.2134876400232306 6.7146633714437476 110.7985967695713 362.93209600448608 5.7412385195493725 91.694537341594696 25.567151218652725 83.1548962444067 89.626035928726196 27.030595541000366 6.7305005788803092 5.7439085245132437 9.9975715130567533 5.1367445886135092 23.240802988409996 6.6548360139131537 20.702373549342155 10.763784646987913 3.6670608818531019 6.1595664918422699 4.1804397702217102 8.6449635624885541
leaf_count=22 64 72 414 113 19 53 571 23 21 28 487 1566 25 409 116 377 401 110 29 24 45 21 97 34 141 47 22 40 24 66
internal_value=0 -0.00177219 -0.0063168 0.00132142 0.00218514 -0.00374617 -0.00482977 0.00432967 0.00151966 0.0014095 0.00132433 0.0014427 0.00247434 0.00174207 0.00355465 0.00272898 0.0022982 -0.00181421 -0.00583649 -0.005019 -0.00557583 0.00195145 -0.00376649 -0.0083897 0.00989089 -0.00436746 0.00817461 0.00641609 0.00874173 0.00961816
internal_weight=0 659.302 267.029 392.273 534.613 193.136 170.288 22.8488 492.114 484.72 480.445 473.731 331.918 197.826 134.093 108.526 181.321 42.6208 127.667 60.3549 54.611 17.6611 33.2384 21.3726 42.4997 16.505 21.7973 9.82663 7.39393 11.9707
internal_count=5481 3045 1285 1760 2436 871 774 97 2145 2100 2081 2053 1488 882 606 490 810 174 600 272 248 74 142 106 291 72 150 62 45 88
is_linear=0
shrinkage=0.01


Tree=118
num_leaves=31
num_cat=0
split_feature=0 0 12 12 0 12 12 1 1 1 12 1 1 1 1 12 1 12 12 1 1 1 1 1 1 1 1 1 1 1
split_gain=45.3751 91.1464 45.7898 28.1414 27.1153 15.2528 3.86337 3.88871 4.65072 4.17789 2.79398 2.62328 4.3798 4.07555 2.22505 1.89248 3.75749 1.75009 2.75084 1.6793 1.67258 1.49507 1.47465 1.31661 0.552108 1.18969 0.387491 0.350251 0.2252 0.166163
threshold=4216886.5000000009 4231539.5000000009 1.941216423569734 1.951465162485281 4216877.0000000009 1.9657402510146069 1.9922459088058959 174026417975.00003 183964086007.50003 1264132470858.5002 1.972957910446512 4334145186629.0005 3376693923061.5005 1862882903156.5002 207995281506.00003 1.957927491985145 1997147138803.0002 1.993590124076418 1.9585761340917001 3967619897797.0005 2595850559623.0005 1795796981960.0002 2777491181604.5005 1955683340129.5002 229009853761.00003 1144634658660.0002 1795796960235.0002 229009851598.00003 229009853137.50003 3655794233097.5005
decision_type=2 2 2 2 2 2 2 2 2 2 2 2 2 2 2 2 2 2 2 2 2 2 2 2 2 2 2 2 2 2
left_child=4 2 -2 11 23 15 7 -6 -9 -10 20 12 13 -3 -12 -4 -17 18 21 -14 -7 -5 -20 24 27 -26 -8 -1 -29 -25
right_child=1 3 5 17 6 10 26 8 9 -11 14 -13 19 -15 -16 16 -18 -19 22 -21 -22 -23 -24 29 25 -27 -28 28 -30 -31
leaf_value=0.0068217536809550214 -0.01299649160054034 0.0035234015578632402 0.0096446123187394067 -0.0069695212946285249 0.010907514498093563 -0.0040939939776349944 0.0060818225377273728 -0.0069468363448937044 0.0031292106728502164 0.00090995376758953406 -0.012196230389153769 -0.0026043556198585248 0.0081881822139893753 0.0011539992609653489 -0.0051497790068478167 0.0089833856596735276 -0.0007787377768505928 0.00027245332223478386 -0.0065694511771742514 0.0032599950931183333 0.00028494729683025181 -0.002341485226443717 -0.012255496323229609 0.012148836535580541 0.0018690823781872495 0.009073326783416916 0.010710669660678225 0.011803291371656609 0.008374548642010874 0.0099838056860573638
leaf_weight=3.3124499917030361 73.377208486199379 133.93049855530262 4.765192165970805 9.9782882928848249 4.2605041265487662 20.698690265417099 3.2012849748134604 6.7237245291471472 110.710275426507 362.85654300451279 4.6411362439393988 9.9540000855922681 18.027329593896869 158.51757247745991 130.06969904899597 5.9730934053659466 11.599978804588316 5.7439176738262168 14.676654025912287 11.216438591480253 15.075747415423391 23.231892466545105 6.6176452785730353 15.992624014616014 3.6631345897912961 6.1248724907636642 4.1567277312278748 5.6948949098587018 2.8864855766296387 4.5544460117816916
leaf_count=22 414 606 21 45 19 85 21 28 487 1566 22 42 82 707 609 26 47 24 72 51 61 97 34 110 22 40 24 44 22 31
internal_value=0 -0.00175775 -0.00627324 0.00130948 0.00216525 -0.00371477 0.0015051 0.00139589 0.00131152 0.00142877 -0.00473284 0.00245163 0.00260808 0.0022391 -0.00539255 0.00405509 0.00253941 -0.00497766 -0.00553094 0.00629798 -0.00224866 -0.00373202 -0.00833651 0.00985511 0.00813621 0.00637716 0.00869678 0.00958381 0.01065 0.0116689
internal_weight=0 658.095 266.201 391.894 534.138 192.824 491.909 484.551 480.291 473.567 170.485 331.646 321.692 292.448 134.711 22.3383 17.5731 60.2484 54.5045 29.2438 35.7744 33.2102 21.2943 42.2289 21.6818 9.78801 7.35801 11.8938 8.58138 20.5471
internal_count=5481 3045 1285 1760 2436 871 2145 2100 2081 2053 777 1488 1446 1313 631 94 73 272 248 133 146 142 106 291 150 62 45 88 66 141
is_linear=0
shrinkage=0.01


Tree=119
num_leaves=31
num_cat=0
split_feature=13 1 1 1 1 1 1 1 1 13 1 13 13 1 1 1 1 1 1 1 1 1 1 1 1 1 1 1 1 1
split_gain=42.2133 6.57917 4.09226 7.85964 4.8153 4.37741 4.25766 4.03706 6.34412 3.885 3.56636 3.25295 3.04379 2.75552 3.29899 2.87817 2.74782 2.16961 11.707 4.28782 2.4811 2.0611 1.61618 1.53213 1.05432 0.637296 0.35746 0.670694 0.0708134 0.109294
threshold=1.9764216522742935 4334145191470.5005 1183610596918.0002 679621560489.50012 4223680127722.5005 679621585593.00012 1410594612837.5002 643953705598.00012 660434126998.00012 1.9897303623432658 1264132469320.5002 1.9794004226791928 1.9807272359141355 207995304615.50003 229009853761.00003 632859025282.50012 174026417975.00003 2943938743131.0005 2801556722008.0005 3022918903682.5005 3022918922337.5005 462158283426.50006 4334145198256.5005 2177228745504.5002 446992604946.50006 643953711164.00012 207995293143.50003 183964076434.00003 229009853137.50003 229009852461.50003
decision_type=2 2 2 2 2 2 2 2 2 2 2 2 2 2 2 2 2 2 2 2 2 2 2 2 2 2 2 2 2 2
left_child=7 2 3 11 6 -5 10 13 25 -7 -4 -2 -8 16 28 24 -1 18 23 -19 -21 -13 -3 -10 -16 -9 27 -18 29 -15
right_child=1 22 4 5 -6 9 12 8 17 -11 -12 21 -14 14 15 -17 26 19 -20 20 -22 -23 -24 -25 -26 -27 -28 -29 -30 -31
leaf_value=0.0070421019042788118 -0.011941463317372414 -0.015914356438513876 -0.0030628709999591421 0.010348578587026399 0.00448833986138923 -0.002348492863136013 -5.4009560235313704e-05 -0.0076890801754422172 0.001242631646778672 0.0050831727516601468 -0.011579277366003449 -0.0049220848871658739 -0.0036687635356979858 0.0093344537852346164 -0.0021238573461707989 0.007707495281483465 0.0015172578980265441 0.0072112960690681686 -0.010438055081176798 -0.0019732178772769778 0.0017978301925059669 -0.00060831947736825014 -0.0072544338406249588 -5.2642775890853806e-05 0.0027104888509648355 -0.0034720431861144136 0.0023069314565450183 -0.0016898337515217155 0.0083391237100448011 0.011765575246207791
leaf_weight=7.006349951028823 4.1044481694698325 4.3253825753927213 8.4319068342447299 6.3065737634897223 7.519098535180091 15.01068799197674 26.461223512887955 7.3260874748229963 352.45320451259613 13.237657248973845 11.796197354793547 20.910513043403625 194.66292583942413 5.4232625067234022 6.1432509422302273 10.656645640730856 11.180409982800485 13.948253765702246 9.2729032486677152 18.859837368130684 232.89647489786148 23.550547361373901 4.2950116544961929 123.25797769427299 16.981491640210152 7.0152766853570938 6.2231938838958731 15.646291658282278 2.8698438405990592 2.8059686720371246
leaf_count=35 20 20 37 32 33 66 116 32 1617 61 53 95 871 38 30 51 51 67 42 87 1077 103 20 567 82 32 30 72 22 22
internal_value=0 -0.00297472 -0.00275077 -0.000829661 -0.0033924 0.00281583 -0.00363791 0.00119179 0.000962159 0.00113411 -0.00802929 -0.00342347 -0.0032362 0.00326014 0.00496175 0.0034077 0.00135359 0.00108803 0.000690105 0.00181434 0.00151533 -0.00263713 -0.0115997 0.000907023 0.00142621 -0.00562626 0.000147668 -0.000353233 0.00969171 0.0101634
internal_weight=0 340.612 331.992 83.1204 248.871 34.5549 241.352 849.967 765.03 28.2483 20.2281 48.5655 221.124 84.9367 44.8805 33.7814 40.0562 750.689 484.984 265.705 251.756 44.4611 8.62039 475.711 23.1247 14.3414 33.0499 26.8267 11.0991 8.22923
internal_count=5481 1527 1487 377 1110 159 1077 3954 3521 127 90 218 987 433 245 163 188 3457 2226 1231 1164 198 40 2184 112 64 153 123 82 60
is_linear=0
shrinkage=0.01


Tree=120
num_leaves=31
num_cat=0
split_feature=2 2 1 1 1 1 1 1 1 1 1 12 1 1 1 1 12 1 1 1 1 1 1 1 1 1 1 1 1 1
split_gain=42.3492 7.4076 6.34401 3.91914 6.23922 2.74843 2.71212 3.27533 2.82849 2.70153 2.59793 2.58107 4.78646 5.47644 3.48029 6.14534 2.30816 2.04632 11.4888 4.21754 2.43261 1.57272 1.42599 1.19972 1.03401 0.621956 0.608298 0.350452 0.657367 0.0700469
threshold=70.500000000000014 14.500000000000002 4334145191470.5005 643953705598.00012 660434126998.00012 1861025320427.0002 207995304615.50003 229009853761.00003 632859025282.50012 174026417975.00003 3376693918121.0005 2.9160055349214766 3020926383199.5005 2384994530278.5005 462158283426.50006 1264132469320.5002 1.9835527274496287 2943938743131.0005 2801556722008.0005 3022918903682.5005 3022918922337.5005 2177228745504.5002 660434136180.50012 1224176380759.0002 446992604946.50006 643953711164.00012 3133201344233.0005 207995293143.50003 183964076434.00003 229009853137.50003
decision_type=2 2 2 2 2 2 2 2 2 2 2 2 2 2 2 2 2 2 2 2 2 2 2 2 2 2 2 2 2 2
left_child=1 5 11 6 25 22 9 29 24 -2 -7 14 13 -13 16 -16 -3 18 21 -19 -21 -6 -1 -24 -9 -5 -14 28 -11 -8
right_child=3 2 -4 4 17 10 7 8 -10 27 -12 12 26 -15 15 -17 -18 19 -20 20 -22 -23 23 -25 -26 -27 -28 -29 -30 -31
leaf_value=0.00045960926767760072 0.0069895863513011634 -0.0047731518659024155 -0.012070833647752856 -0.0075985862509882762 0.0012600074419175425 -0.005323063595888803 0.010123497674475275 -0.0021015628041868265 0.0076436051113575702 0.0015027733786488564 0.004593064588199928 -0.0055485533889565895 -0.0084981735367308919 0.005914879903593631 0.00039948410916165067 -0.0033435468982238748 -0.012928345959419675 0.0071563092453274437 -0.01030118693207867 -0.0019528939810702362 0.0017806600023834629 -5.2115642128607074e-05 0.011625846111370247 0.0039479712188371617 0.0026856369994124958 -0.0034351060029768521 -0.013574517047974495 0.0022845983468543995 -0.0016725749660060185 0.0083037947720089843
leaf_weight=3.3498486876487759 6.9884911477565756 11.26295091211796 8.1746324747800809 7.3391361087560636 352.84754836559296 6.1392767280340177 8.1793145239353162 6.1463215947151211 10.638355955481527 11.175317555665972 4.6380927264690399 23.164776816964153 3.8983820676803571 5.0816403329372397 56.294080197811127 198.63530424237251 5.0162178874015799 13.915040910243986 9.3020002841949445 18.865527421236038 232.79132094979286 123.25953708589077 4.5586444139480573 3.6764950007200241 16.967319220304489 7.0197806656360626 5.9839959889650345 6.2211979478597632 15.649646818637846 2.8533161878585807
leaf_count=18 35 50 38 32 1619 27 60 30 51 51 21 108 20 22 246 873 22 67 42 87 1077 567 27 22 82 32 31 30 72 22
internal_value=0 -0.00298375 -0.00337555 0.00119256 0.000966531 0.00257914 0.00323207 0.00492274 0.00337659 0.0013408 -0.00105561 -0.00314576 -0.00558194 -0.00348624 -0.00280326 -0.002517 -0.00728607 0.00109138 0.000705271 0.0017971 0.00150077 0.000920311 0.00596051 0.00819814 0.00141264 -0.00556315 -0.011572 0.000146211 -0.00034972 0.00965288
internal_weight=0 339.874 317.512 850.159 765.34 22.3624 84.8193 44.7846 33.752 40.0347 10.7774 309.337 38.1288 28.2464 271.209 254.929 16.2792 750.981 485.409 265.572 251.657 476.107 11.585 8.23514 23.1136 14.3589 9.88238 33.0462 26.825 11.0326
internal_count=5481 1525 1410 3956 3523 115 433 245 163 188 48 1372 181 130 1191 1119 72 3459 2228 1231 1164 2186 67 49 112 64 51 153 123 82
is_linear=0
shrinkage=0.01


Tree=121
num_leaves=25
num_cat=0
split_feature=0 0 2 2 0 2 12 2 12 2 2 0 2 12 2 3 0 2 2 2 2 12 2 2
split_gain=43.982 88.5417 46.1383 27.1924 26.6488 16.3443 5.02442 4.26086 3.80114 3.49765 3.20407 2.62713 2.08401 1.72295 2.70979 1.57629 1.36248 1.09828 0.72091 0.439365 0.25117 0.249326 0.248504 0.948451
threshold=4216886.5000000009 4231539.5000000009 96.500000000000014 73.500000000000014 4216877.0000000009 55.500000000000007 1.972957910446512 64.500000000000014 1.9922459088058959 44.500000000000007 33.500000000000007 4231864.0000000009 47.500000000000007 1.993590124076418 62.500000000000007 23.500000000000004 4231767.5000000009 22.500000000000004 70.500000000000014 51.500000000000007 9.5000000000000018 1.973616730110737 76.500000000000014 79.500000000000014
decision_type=2 2 2 2 2 2 2 2 2 2 2 2 2 2 2 2 2 2 2 2 2 2 2 2
left_child=4 2 5 13 -1 6 19 15 9 10 17 22 -8 14 16 -7 -3 -6 -16 -2 -10 -12 -5 -24
right_child=1 3 -4 11 8 7 12 -9 20 -11 21 -13 -14 -15 18 -17 -18 -19 -20 -21 -22 -23 23 -25
leaf_value=0.0098005611321558238 -0.0021675242881113435 -0.0040993983647987092 -0.012965493246560282 0.0046078999356714209 0.0019446180028147111 -0.002614023168671323 -0.0059970613066676068 0.012291774125930917 0.0066747052687582001 0.0017798470762298356 -0.0024099119112280282 -0.0046465780487556299 -0.0002712675741265337 0.00030897177195706615 -0.0046533057844356102 0.0039217875181689786 -0.0097998248653600357 -0.00056299170249464654 -0.0014610034037662938 0.0005995052052223071 0.010389512604453918 -0.0047697878167037465 -0.001682306187803978 0.002559710176999816
leaf_weight=41.77978178858757 35.734735518693924 5.761545106768609 72.953978359699249 5.6307619661092749 32.50561186671257 5.2529560476541564 120.04287488758564 5.1799720078706732 3.4387875497341147 393.96078799664974 6.8340885192155865 5.1888483315706244 6.7120688259601584 5.739248886704444 22.899773120880127 12.402930602431297 15.400515973567963 37.749962329864502 10.236285895109175 6.836302086710929 3.8666848838329315 12.980749890208243 5.3604201823472968 314.98340150713921
leaf_count=291 146 27 414 25 141 22 571 23 22 1723 28 21 29 24 101 52 79 154 41 28 23 54 24 1418
internal_value=0 -0.00173329 -0.00619497 0.00129039 0.00213341 -0.00362456 -0.00469557 0.00431695 0.00148145 0.00137339 -0.000404427 0.00241296 -0.00569386 -0.00490166 -0.00545242 0.00197726 -0.00824784 0.000597221 -0.00366715 -0.00172318 0.0086409 -0.00395587 0.00252533 0.00248873
internal_weight=0 656.317 265.116 391.201 533.116 192.162 169.326 22.8359 491.337 484.031 90.0704 331.163 126.755 60.0374 54.2981 17.6559 21.1621 70.2556 33.1361 42.571 7.30547 19.8148 325.975 320.344
internal_count=5481 3045 1285 1760 2436 871 774 97 2145 2100 377 1488 600 272 248 74 106 295 142 174 45 82 1467 1442
is_linear=0
shrinkage=0.01


Tree=122
num_leaves=31
num_cat=0
split_feature=0 0 2 2 0 2 13 2 13 1 1 1 1 1 1 1 2 1 13 2 1 1 1 1 1 1 1 1 1 1
split_gain=43.1678 87.0652 45.8054 26.6872 26.3523 16.046 4.9515 4.1893 3.75065 3.76809 4.55419 4.0712 2.59764 4.27551 3.97909 2.43977 2.05234 1.70701 1.69487 2.68087 1.65982 1.46782 1.46778 1.34799 1.17484 0.395097 0.348428 0.228871 0.128141 0.168819
threshold=4216886.5000000009 4231539.5000000009 96.500000000000014 73.500000000000014 4216877.0000000009 55.500000000000007 1.9863862745312775 64.500000000000014 1.9961153951178154 174026417975.00003 183964086007.50003 1264132470858.5002 4334145186629.0005 3376693923061.5005 1862882903156.5002 1646869333327.5002 47.500000000000007 3258691825909.5005 1.996789895425686 62.500000000000007 3967619897797.0005 1795796981960.0002 2777491181604.5005 1410594599213.0002 229009853761.00003 1795796960235.0002 229009851598.00003 229009853137.50003 1955683340129.5002 3655794233097.5005
decision_type=2 2 2 2 2 2 2 2 2 2 2 2 2 2 2 2 2 2 2 2 2 2 2 2 2 2 2 2 2 2
left_child=4 2 5 18 23 6 15 17 9 -6 -11 -12 13 14 -5 -2 -8 -7 19 22 -15 -21 -3 24 26 -10 -1 -28 -25 -30
right_child=1 3 -4 12 8 7 16 -9 25 10 11 -13 -14 20 -16 -17 -18 -19 -20 21 -22 -23 -24 28 -26 -27 27 -29 29 -31
leaf_value=0.0066910221848256292 0.0014460479626467902 -0.0064286318863236974 -0.012927317804804977 0.0034534201613017584 0.010761708619164732 0.003951503337269127 -0.0059511527279075636 0.012194794427065827 0.0059322626022693106 -0.0068915547240752341 0.0030742161735072254 0.00088135735600138997 -0.0026422289106988496 0.0080857676403057153 0.001109599830824757 -0.0035247870338661652 -0.0002685657181180267 -0.0028945369643524821 0.00030588137713927622 -0.0068525006111640344 0.0031765642876961735 -0.0022563343441373397 -0.01213500321824003 0.0096437555099961846 0.0039271358488140919 0.010636546864517742 0.011728692783820082 0.0082269049403102829 0.012099018899699545 0.0099001140410650799
leaf_weight=3.259180590510371 15.569584682583807 14.55295689404011 72.4402986317873 133.55104847252369 4.2259414494037619 12.510076552629476 119.76064294576645 5.1690094321966162 3.1518838554620734 6.7287976443767539 110.4751066416502 362.38004939258099 9.9462717771530134 17.937052309513096 158.2743356525898 26.991247609257698 6.7117970734834662 5.1380218714475623 5.7392615228891364 9.9222168028354627 11.179723888635634 23.182943448424339 6.5301852822303763 3.956974312663081 5.7220557034015647 4.1177281141281128 5.5288766771554929 2.8175861537456512 15.745391979813578 4.4862738549709311
leaf_count=22 64 72 414 606 19 53 571 23 21 28 487 1566 42 82 707 110 29 21 24 45 51 97 34 27 35 24 44 22 110 31
internal_value=0 -0.00171919 -0.00615233 0.00127874 0.00211417 -0.00359418 -0.00465672 0.00427734 0.00146741 0.00136028 0.00127744 0.00139368 0.00239083 0.0025468 0.00218223 -0.00170636 -0.00564958 0.00195836 -0.00486161 -0.00540891 0.00620082 -0.00363389 -0.00819609 0.00976443 0.00763547 0.00859691 0.00946382 0.0105466 0.0112895 0.0116114
internal_weight=0 655.107 264.291 390.816 532.596 191.85 169.033 22.8171 491.08 483.81 479.584 472.855 330.888 320.942 291.825 42.5608 126.472 17.6481 59.9276 54.1883 29.1168 33.1052 21.0831 41.5163 17.3277 7.26961 11.6056 8.34646 24.1886 20.2317
internal_count=5481 3045 1285 1760 2436 871 774 97 2145 2100 2081 2053 1488 1446 1313 174 600 74 272 248 133 142 106 291 123 45 88 66 168 141
is_linear=0
shrinkage=0.01


Tree=123
num_leaves=31
num_cat=0
split_feature=0 0 13 13 0 13 13 1 1 1 1 1 1 13 13 13 1 13 1 1 1 1 1 1 1 1 1 1 1 1
split_gain=42.3661 85.6134 45.4772 26.2109 26.0633 14.4452 3.70068 3.7086 4.46012 3.9958 3.01082 4.40907 4.14002 2.67383 2.20509 2.19364 2.10884 1.76403 3.66416 1.68369 6.73357 1.67892 1.34565 1.16912 0.845726 0.391883 0.349144 0.229299 0.128427 0.169231
threshold=4216886.5000000009 4231539.5000000009 1.9701629661996727 1.9764216522742935 4216877.0000000009 1.9827208267654053 1.9961153951178154 174026417975.00003 183964086007.50003 1264132470858.5002 4334145194491.0005 3376693923061.5005 1862882903156.5002 1.9863862745312775 1.996789895425686 1.992077967200329 3967619897797.0005 1.9787376893492736 1997147138803.0002 2777491192362.0005 2384994536823.5005 2595850559623.0005 1410594599213.0002 229009853761.00003 3376693907041.0005 1795796960235.0002 229009851598.00003 229009853137.50003 1955683340129.5002 3655794233097.5005
decision_type=2 2 2 2 2 2 2 2 2 2 2 2 2 2 2 2 2 2 2 2 2 2 2 2 2 2 2 2 2 2
left_child=4 2 -2 10 22 17 7 -6 -9 -10 11 12 -3 21 19 -15 -13 -4 -19 20 -5 -7 23 26 -21 -8 -1 -28 -24 -30
right_child=1 3 5 14 6 13 25 8 9 -11 -12 16 -14 15 -16 -17 -18 18 -20 24 -22 -23 28 -25 -26 -27 27 -29 29 -31
leaf_value=0.0066503834575867794 -0.012889743548508968 0.0033126914512727813 0.0094075397502582231 -0.0070063427987793851 0.01068966307763455 -0.0039816698429656601 0.0058950567279879382 -0.0068138462791438245 0.003045885234166813 0.00087272001688258442 -0.0037246428863016881 0.0081834658881731765 0.00095814549860511594 -0.0067076354144354061 0.000302821858644312 -0.0041132738201607212 0.0029525041953127181 0.0089135725293562704 -0.00073550651944711144 -0.012669076317104948 0.0059262164325746512 0.0004088607422025597 0.0096071595663877549 0.0038968158877981623 -0.0069553036597555578 0.010590957327862542 0.011708536782954058 0.0081918729614576542 0.012073794455558211 0.0098647413905547793
leaf_weight=3.2463700920343426 71.927521750330925 137.13467617332935 4.7487040013074902 28.80485837161541 4.2119491398334494 20.659833446145058 3.1401180475950232 6.7374370098114005 110.38809059560299 362.307153403759 8.2163357436656934 18.135276362299923 163.96524330973625 56.501472130417824 5.7392738163471213 77.016441479325294 13.402630910277365 5.9559149891138103 11.601558357477186 5.179673567414282 4.6801702678203574 15.057178750634192 3.9324498027563122 5.7089774906635276 5.1823344379663467 4.0942166894674301 5.4832395911216718 2.8014204204082489 15.621127218008043 4.4574815332889548
leaf_count=22 414 621 21 136 19 85 21 28 487 1566 34 83 730 273 24 358 61 26 47 25 21 61 27 35 25 24 44 22 110 31
internal_value=0 -0.00170517 -0.00610996 0.00126717 0.00209489 -0.00356402 0.00145333 0.00134714 0.00126507 0.00138022 0.00225541 0.00240312 0.00203051 -0.00456103 -0.00552591 -0.00521114 0.00596047 0.0040002 0.00253769 -0.00628885 -0.00519877 -0.00213076 0.0097293 0.00759779 -0.00981146 0.00855267 0.00943014 0.0105194 0.0112597 0.0115834
internal_weight=0 653.909 263.469 390.44 532.13 191.541 490.879 483.645 479.433 472.695 340.854 332.638 301.1 169.235 49.5863 133.518 31.5379 22.3062 17.5575 43.847 33.485 35.717 41.2511 17.24 10.362 7.23433 11.531 8.28466 24.0111 20.0786
internal_count=5481 3045 1285 1760 2436 871 2145 2100 2081 2053 1529 1495 1351 777 231 631 144 94 73 207 157 146 291 123 50 45 88 66 168 141
is_linear=0
shrinkage=0.01


Tree=124
num_leaves=31
num_cat=0
split_feature=0 0 12 0 12 12 12 1 1 1 12 0 1 1 1 12 1 1 12 12 1 1 1 1 1 1 1 1 1 1
split_gain=41.5783 84.1797 45.1577 25.7772 25.7512 14.1801 3.65134 3.65017 4.36811 3.92177 2.63485 2.57009 2.70245 2.4215 2.19208 1.73336 3.6022 1.64688 1.64334 2.63122 1.4568 1.44696 1.34348 0.975964 0.53794 1.18079 0.388723 0.349854 0.229742 0.169663
threshold=4216886.5000000009 4231539.5000000009 1.941216423569734 4216877.0000000009 1.951465162485281 1.9657402510146069 1.9922459088058959 174026417975.00003 183964086007.50003 1264132470858.5002 1.972957910446512 4231864.0000000009 229009853761.00003 4334145186629.0005 207995281506.00003 1.957927491985145 1997147138803.0002 2595850559623.0005 1.993590124076418 1.9585761340917001 2777491181604.5005 1795796981960.0002 1955683340129.5002 174026422758.50003 229009853761.00003 1144634658660.0002 1795796960235.0002 229009851598.00003 229009853137.50003 3655794233097.5005
decision_type=2 2 2 2 2 2 2 2 2 2 2 2 2 2 2 2 2 2 2 2 2 2 2 2 2 2 2 2 2 2
left_child=3 2 -2 22 11 15 7 -5 -9 -10 17 12 23 -14 -12 -4 -17 -7 19 21 -21 -6 24 -3 27 -26 -8 -1 -29 -24
right_child=1 4 5 6 18 10 26 8 9 -11 14 -13 13 -15 -16 16 -18 -19 -20 20 -22 -23 29 -25 25 -27 -28 28 -30 -31
leaf_value=0.0066099124274004266 -0.012852758887037238 0.0039435512503955324 0.0093293976942193362 0.010618387434418489 -0.0067735593998461061 -0.0039441692413293228 0.0058580075093554243 -0.0067372632721839493 0.0030178055900022512 0.00086416627249253633 -0.011980081437396269 -0.0046346728595996088 0.0024233760800209483 -0.0025894578894839261 -0.0049274752309787341 0.0088469521379135677 -0.00072809779358021156 0.00040475540240153665 0.00029979301035322107 -0.0063384932101264732 -0.012047256613832651 -0.0022031685745640081 0.012048924137791803 0.0091455566767907424 0.0016786617617386426 0.008914389735010797 0.010545709109600607 0.011688649577634219 0.0081569292527653679 0.0098295453841954449
leaf_weight=3.2336482703685787 71.415719866752625 6.8456970453262311 4.7406343668699291 4.1978901177644721 9.8845977485179883 20.647762313485146 3.1284369379281989 6.7458394020795813 110.30149731040001 362.23485641181469 4.5634179264307013 5.1882749348878852 300.7480833530426 9.9554518908262235 128.6988420933485 5.9408330470323589 11.602407127618788 15.057804733514784 5.7392857223749152 14.473680779337885 6.4675610512495032 23.151436120271683 15.497456997632982 7.6221858412027359 3.6190859228372556 5.9849803894758224 4.0707834661006927 5.4378703385591489 2.7853677868843079 4.4288513660430899
leaf_count=22 414 33 21 19 45 85 21 28 487 1566 22 21 1356 42 609 26 47 61 24 72 34 97 110 36 22 40 24 44 22 31
internal_value=0 -0.00169119 -0.00606746 0.00207579 0.00125567 -0.00353375 0.0014394 0.00133413 0.00125281 0.00136688 -0.0045226 0.00234806 0.00245948 0.00226276 -0.00516898 0.0039642 0.00251439 -0.00211013 -0.00478758 -0.0053285 -0.00810161 -0.00357066 0.00969434 0.00668415 0.00793332 0.00618776 0.00850866 0.00939658 0.0104924 0.0115556
internal_weight=0 652.744 262.667 531.667 390.076 191.252 490.679 483.48 479.282 472.536 168.968 330.36 325.171 310.704 133.262 22.2839 17.5432 35.7056 59.7166 53.9773 20.9412 33.036 40.9873 14.4679 21.061 9.60407 7.19922 11.4569 8.22324 19.9263
internal_count=5481 3045 1285 2436 1760 871 2145 2100 2081 2053 777 1488 1467 1398 631 94 73 146 272 248 106 142 291 69 150 62 45 88 66 141
is_linear=0
shrinkage=0.01


Tree=125
num_leaves=31
num_cat=0
split_feature=0 0 2 0 2 2 12 2 12 1 1 1 1 1 1 1 12 1 2 1 1 1 1 1 1 1 1 1 1 1
split_gain=40.8055 82.7676 44.8439 25.4941 25.291 15.3819 4.73424 4.04597 3.60264 3.59277 4.27811 3.8491 2.90665 4.34641 4.05553 2.4259 2.14009 2.07627 2.02488 1.65704 6.62486 1.64578 1.34222 0.838424 0.536719 1.16985 0.385615 0.350557 0.2302 0.170114
threshold=4216886.5000000009 4231539.5000000009 96.500000000000014 4216877.0000000009 70.500000000000014 55.500000000000007 1.972957910446512 64.500000000000014 1.9922459088058959 174026417975.00003 183964086007.50003 1264132470858.5002 4334145194491.0005 3376693923061.5005 1862882903156.5002 1646869333327.5002 1.993590124076418 3967619897797.0005 47.500000000000007 2777491192362.0005 2384994536823.5005 3258691825909.5005 1955683340129.5002 3376693907041.0005 229009853761.00003 1144634658660.0002 1795796960235.0002 229009851598.00003 229009853137.50003 3655794233097.5005
decision_type=2 2 2 2 2 2 2 2 2 2 2 2 2 2 2 2 2 2 2 2 2 2 2 2 2 2 2 2 2 2
left_child=3 2 5 22 16 6 15 21 9 -5 -11 -12 13 14 -6 -2 19 -15 -8 20 -3 -7 24 -21 27 -26 -10 -1 -29 -24
right_child=1 4 -4 8 12 7 18 -9 26 10 11 -13 -14 17 -16 -17 -18 -19 -20 23 -22 -23 29 -25 25 -27 -28 28 -30 -31
leaf_value=0.0065696099030533184 0.0014822905584007176 -0.0069172807759632091 -0.012816350937133774 0.010547864210406398 0.0032608186815045875 0.0038923950305040163 -0.0058249872339778521 0.01200892049846208 0.0058211139104132137 -0.0066617805168476618 0.0029899749291723726 0.00085569464219998085 -0.0036574632407264038 0.0081086863131663769 0.00092853957164074812 -0.0034771356786289188 0.00029679440911229598 0.0029117374968515713 -0.00017578530187159277 -0.012566959136627493 0.0059147376703621701 -0.0028307543335580753 0.012024402627033104 -0.0068574327550140791 0.0016634896251108552 0.0088754777889734782 0.010500794250099497 0.011669027034022788 0.0081220728507938808 0.0097945203584498125
leaf_weight=3.2210145294666317 15.5491586625576 28.668959721922874 70.904967606067657 4.1837687194347373 136.84795543551445 12.483872205019003 118.97577829658985 5.1477494686841956 3.1168402880430213 6.7540100514888755 110.21533530950546 362.16316945850849 8.2255913615226728 18.067167297005657 163.79345196485519 26.971044942736626 5.7392973750829688 13.381176263093947 6.7023533731698981 5.1350684463977796 4.6801380962133399 5.1402548998594275 15.374387592077257 5.1527863889932632 3.615591034293173 5.9512768983840942 4.0474306643009186 5.3927705585956556 2.7694282531738281 4.4003848284482947
leaf_count=22 64 136 414 19 621 53 571 23 21 28 487 1566 34 83 730 110 24 61 29 25 21 21 110 25 22 40 24 44 22 31
internal_value=0 -0.00167737 -0.00602511 0.00205685 0.00124434 -0.0035036 -0.00454787 0.00420959 0.00142559 0.00132124 0.00124068 0.00135366 0.00221472 0.00236017 0.00199016 -0.00166353 -0.00544377 0.0058974 -0.00552372 -0.0061988 -0.00511646 0.00193152 0.00965958 -0.00970728 0.0078958 0.00614986 0.00846488 0.00936315 0.0104655 0.0115282
internal_weight=0 651.567 261.875 531.205 389.692 190.97 168.198 22.7719 490.481 483.316 479.133 472.379 340.315 332.09 300.641 42.5202 49.3763 31.4483 125.678 43.637 33.3491 17.6241 40.7249 10.2879 20.9501 9.56687 7.16427 11.3832 8.1622 19.7748
internal_count=5481 3045 1285 2436 1760 871 774 97 2145 2100 2081 2053 1529 1495 1351 174 231 144 600 207 157 74 291 50 150 62 45 88 66 141
is_linear=0
shrinkage=0.01


Tree=126
num_leaves=31
num_cat=0
split_feature=0 0 2 0 2 2 12 2 12 1 1 2 0 1 1 1 2 0 2 12 1 1 1 1 1 1 1 1 1 1
split_gain=40.0471 81.3882 44.5276 25.2139 24.8486 15.1009 4.66569 3.97861 3.55455 3.53637 4.19005 3.84972 2.51742 2.65323 2.39251 2.37851 1.99394 1.63777 1.97511 4.14464 1.61412 1.35646 1.34105 0.964982 0.535482 1.159 0.382559 0.351254 0.230673 0.170584
threshold=4216886.5000000009 4231539.5000000009 96.500000000000014 4216877.0000000009 73.500000000000014 55.500000000000007 1.972957910446512 64.500000000000014 1.9922459088058959 174026417975.00003 183964086007.50003 44.500000000000007 4231864.0000000009 229009853761.00003 2777491201876.0005 1646869333327.5002 47.500000000000007 4231767.5000000009 11.500000000000002 1.961825938807811 3258691825909.5005 2384994536823.5005 1955683340129.5002 174026422758.50003 229009853761.00003 1144634658660.0002 1795796960235.0002 229009851598.00003 229009853137.50003 3655794233097.5005
decision_type=2 2 2 2 2 2 2 2 2 2 2 2 2 2 2 2 2 2 2 2 2 2 2 2 2 2 2 2 2 2
left_child=3 2 5 22 17 6 15 20 9 -5 -11 -12 13 23 -15 -2 -8 21 -19 -20 -7 -3 24 -6 27 -26 -10 -1 -29 -24
right_child=1 4 -4 8 12 7 16 -9 26 10 11 -13 -14 14 -16 -17 -18 18 19 -21 -22 -23 29 -25 25 -27 -28 28 -30 -31
leaf_value=0.0065294735169709453 0.0014673085645480963 -0.0039475506138830409 -0.012780508751597808 0.010478074851028942 0.0038831593806594061 0.0038566471702076574 -0.0057803178562644535 0.011915540116303986 0.005784375686436736 -0.0065873750015651615 -0.00052936067303181375 0.0017765459950891108 -0.0046056856105531254 0.0016776144158814202 0.0036391346159932577 -0.0034435856987865975 -0.00017403200300018315 0.00077386927517596811 -0.0045063811198381588 -0.011887490362974153 -0.0028017060463370758 0.0026502893956925084 0.01200022331724318 0.0090658416355149755 0.0016484416554480477 0.0088367252759581159 0.010456204936892689 0.011649664513004348 0.008087300745939642 0.009759663445403171
leaf_weight=3.2084688991308239 15.550837218761442 9.1890164166688901 70.395332932472229 4.169589787721633 6.8253450542688352 12.473642930388456 118.69765251874924 5.1362683176994315 3.1053278446197501 6.7619544565677634 89.281199276447296 382.94047650694847 5.186663255095481 224.17525696754456 86.051741510629654 26.96152763068676 6.7021728456020346 4.3552464693784705 31.185026153922081 10.062161087989805 5.1416064649820319 4.7148640006780616 15.251925781369211 7.5851524025201797 3.6121278256177884 5.9177698642015457 4.0241603851318359 5.3479409068822843 2.7536018192768097 4.372082218527793
leaf_count=22 64 41 414 19 33 53 571 23 21 28 374 1679 21 1009 389 110 29 18 141 51 21 21 110 36 22 40 24 44 22 31
internal_value=0 -0.00166366 -0.00598366 0.00203807 0.00123304 -0.00347418 -0.00451011 0.00417126 0.00141191 0.00130848 0.00122866 0.00134058 0.00230612 0.00241655 0.00222171 -0.0016472 -0.00548068 -0.00471468 -0.00563073 -0.00630699 0.00191318 -0.0017102 0.009625 0.00661113 0.00785841 0.00611214 0.00842134 0.00932983 0.0104389 0.011501
internal_weight=0 650.39 261.059 530.747 389.33 190.664 167.912 22.7515 490.283 483.153 478.984 472.222 329.824 324.637 310.227 42.5124 125.4 59.5063 45.6024 41.2472 17.6152 13.9039 40.4639 14.4105 20.8399 9.5299 7.12949 11.31 8.10154 19.624
internal_count=5481 3045 1285 2436 1760 871 774 97 2145 2100 2081 2053 1488 1467 1398 174 600 272 210 192 74 62 291 69 150 62 45 88 66 141
is_linear=0
shrinkage=0.01


Tree=127
num_leaves=31
num_cat=0
split_feature=0 0 2 0 2 2 13 2 13 1 1 1 1 1 1 1 13 1 2 1 1 1 1 1 1 1 1 1 1 1
split_gain=39.3047 80.0319 44.2152 24.9357 24.4004 14.8249 4.59805 3.91259 3.50696 3.48088 4.10403 3.78573 2.86677 4.24824 3.98482 2.33205 2.0935 2.04931 1.96344 1.64299 6.5068 1.58308 1.33996 0.834173 0.534227 1.14824 0.379552 0.351943 0.231159 0.171072
threshold=4216886.5000000009 4231539.5000000009 96.500000000000014 4216877.0000000009 70.500000000000014 55.500000000000007 1.9863862745312775 64.500000000000014 1.9961153951178154 174026417975.00003 183964086007.50003 1264132470858.5002 4334145194491.0005 3376693923061.5005 1862882903156.5002 1646869333327.5002 1.996789895425686 3967619897797.0005 47.500000000000007 2777491192362.0005 2384994536823.5005 3258691825909.5005 1955683340129.5002 3376693907041.0005 229009853761.00003 1144634658660.0002 1795796960235.0002 229009851598.00003 229009853137.50003 3655794233097.5005
decision_type=2 2 2 2 2 2 2 2 2 2 2 2 2 2 2 2 2 2 2 2 2 2 2 2 2 2 2 2 2 2
left_child=3 2 5 22 16 6 15 21 9 -5 -11 -12 13 14 -6 -2 19 -15 -8 20 -3 -7 24 -21 27 -26 -10 -1 -29 -24
right_child=1 4 -4 8 12 7 18 -9 26 10 11 -13 -14 17 -16 -17 -18 -19 -20 23 -22 -23 29 -25 25 -27 -28 28 -30 -31
leaf_value=0.0064895025837338506 0.0014524810113995966 -0.0068256975021868706 -0.012745221200282446 0.010409001135413699 0.0032145722413350003 0.0038212247957665996 -0.0057359672966528124 0.011823328880615361 0.0057477913668892546 -0.0065140238121514735 0.0029515891732921858 0.00083383331299432151 -0.0036569679370887275 0.008025437264291788 0.0009010060826814256 -0.0034103674452255913 0.00031697243759140327 0.0028543151141560757 -0.00017229644246308774 -0.01248073198489762 0.0058937496555507311 -0.0027729743875353897 0.011976380083239287 -0.0067684891364655003 0.0016335168697975309 0.0087981295206953757 0.010411932990357173 0.011630558901948288 0.0080526126370659545 0.0097249678568707715
leaf_weight=3.1960112154483822 15.55248339474201 28.530286908149719 69.886883556842804 4.1553579717874518 136.5926911085844 12.46343050897122 118.42066343128681 5.1246218532323828 3.0938994735479346 6.769677370786666 110.08427448570728 361.93936629593372 8.2256175726652128 17.990972593426708 163.62862281501293 26.95195047557354 5.7340836971998206 13.350744828581808 6.7019940018653861 5.0988623946905118 4.6819033026695243 5.1429250836372367 15.130077928304674 5.1271497756242752 3.6086960285902006 5.8844599723815918 4.0009748786687851 5.3033823668956739 2.73788782954216 4.3439447730779639
leaf_count=22 64 136 414 19 621 53 571 23 21 28 487 1566 34 83 730 110 24 61 29 25 21 21 110 25 22 40 24 44 22 31
internal_value=0 -0.00165009 -0.00594251 0.00201962 0.00122187 -0.003445 -0.00447266 0.00413332 0.00139848 0.00129595 0.00121686 0.00132773 0.00217467 0.00231935 0.00195362 -0.00163104 -0.00536213 0.00582268 -0.00543796 -0.0061118 -0.00503264 0.00189502 0.00959059 -0.00961671 0.00782116 0.0060746 0.00837802 0.00929664 0.0104123 0.0114742
internal_weight=0 649.206 260.245 530.248 388.961 190.358 167.627 22.731 490.044 482.949 478.793 472.024 339.789 331.563 300.221 42.5044 49.1723 31.3417 125.123 43.4382 33.2122 17.6064 40.2045 10.226 20.7304 9.49316 7.09487 11.2373 8.04127 19.474
internal_count=5481 3045 1285 2436 1760 871 774 97 2145 2100 2081 2053 1529 1495 1351 174 231 144 600 207 157 74 291 50 150 62 45 88 66 141
is_linear=0
shrinkage=0.01


Tree=128
num_leaves=30
num_cat=0
split_feature=2 2 1 1 1 1 1 1 1 1 1 1 1 1 1 1 1 1 1 1 1 1 1 1 1 1 1 1 1
split_gain=37.3788 6.5943 6.26782 3.70904 6.27229 2.60098 2.57311 3.0169 2.89378 2.56987 2.48569 2.52184 6.85333 4.43975 2.38652 1.98121 8.57751 5.36647 2.25239 1.54154 1.41178 1.22121 1.00624 0.963657 0.628602 0.33956 0.641214 0.27528 0.23166
threshold=70.500000000000014 14.500000000000002 4334145191470.5005 643953705598.00012 660434126998.00012 1861025320427.0002 207995304615.50003 229009853761.00003 632859025282.50012 3376693918121.0005 4223680127722.5005 1264132469320.5002 1410594612837.5002 462158283426.50006 174026417975.00003 3018885389680.0005 2801556722008.0005 3022918903682.5005 3022918922337.5005 2777491178450.5005 660434136180.50012 1224176380759.0002 446992604946.50006 2928742283947.0005 643953711164.00012 207995293143.50003 183964076434.00003 229009851598.00003 229009853137.50003
decision_type=2 2 2 2 2 2 2 2 2 2 2 2 2 2 2 2 2 2 2 2 2 2 2 2 2 2 2 2 2
left_child=1 5 10 6 24 20 14 27 22 -7 11 13 -13 -3 -2 16 19 -17 -19 -6 -1 -22 -9 -18 -5 26 -16 -8 -29
right_child=3 2 -4 4 15 9 7 8 -10 -11 -12 12 -14 -15 25 17 23 18 -20 -21 21 -23 -24 -25 -26 -27 -28 28 -30
leaf_value=0.00030404728142723178 0.0066602746666619 -0.0057052647621585149 -0.011893605660674744 -0.0077129709522082337 0.00067750926504405687 -0.0053384039023483655 0.0065786777743182144 -0.0021600585464300031 0.0076771053225522688 0.0045900132030910132 0.0031239709578261836 -0.011213025897705228 -0.0032402080328880478 -0.00029374124133865759 0.0014989699764968154 0.0086260667839811282 -0.01038259124830878 -0.0019041530086378238 0.0017069174487578562 0.0025877490783799933 0.011554955537271372 0.0037143444011464351 0.0025927810858976429 -0.0047540762202305338 -0.0035112780762919494 0.0022839230269845667 -0.0016493525670057871 0.011611704524405868 0.0080180053100026485
leaf_weight=3.3047659993171719 6.8181515634059897 20.008349120616913 8.0580949336290342 7.3064069896936399 424.72905883193016 6.0716681331396085 2.4920223802328092 6.066076502203944 10.480525285005568 4.5688453316688538 6.5736642032861701 11.37741808593273 205.8332062214613 62.574983686208725 11.122710734605791 10.832956254482268 6.2291176319122297 18.672071278095245 230.55485351383686 46.911373168230057 4.4660288989543897 3.5780224651098251 16.766224399209023 5.9448372274637222 6.9452781528234482 6.1000822931528083 15.462005868554114 5.2590955942869186 2.7222864478826523
leaf_count=18 35 90 38 32 1972 27 16 30 51 21 29 52 923 278 51 52 29 87 1077 214 27 22 82 28 32 30 72 44 22
internal_value=0 -0.00281764 -0.00318789 0.00112612 0.000906056 0.00247655 0.00312922 0.00479869 0.00332689 -0.00107532 -0.00295891 -0.0030923 -0.00365782 -0.00160485 0.00127872 0.00103196 0.00065359 0.00173587 0.00143638 0.00086751 0.00580674 0.00806742 0.00133005 -0.00763405 -0.00566536 0.00015611 -0.000332134 0.00948007 0.010386
internal_weight=0 336.415 314.426 841.415 758.126 21.9893 83.2892 43.7862 33.3128 10.6405 306.368 299.794 217.211 82.5833 39.503 743.874 483.814 260.06 249.227 471.64 11.3488 8.04405 22.8323 12.174 14.2517 32.6848 26.5847 10.4734 7.98138
internal_count=5481 1525 1410 3956 3523 115 433 245 163 48 1372 1343 975 368 188 3459 2243 1216 1164 2186 67 49 112 57 64 153 123 82 66
is_linear=0
shrinkage=0.01


Tree=129
num_leaves=31
num_cat=0
split_feature=0 0 2 0 2 2 13 2 13 1 1 1 0 1 1 1 2 0 2 13 1 1 1 1 1 1 1 1 1 1
split_gain=38.3332 78.2122 44.2061 24.5854 23.7643 14.5546 4.5386 3.83162 3.43815 3.40013 4.01732 3.71397 2.46881 2.59754 2.34193 2.28033 1.94193 1.61197 1.91509 4.11359 1.5532 1.35164 1.33031 1.1332 0.961494 0.381887 0.348876 0.232173 0.12896 0.17217
threshold=4216886.5000000009 4231539.5000000009 96.500000000000014 4216877.0000000009 73.500000000000014 55.500000000000007 1.9863862745312775 64.500000000000014 1.9961153951178154 174026417975.00003 183964086007.50003 1264132470858.5002 4231864.0000000009 229009853761.00003 2777491201876.0005 1646869333327.5002 47.500000000000007 4231767.5000000009 11.500000000000002 1.9807272359141355 3258691825909.5005 1410594599213.0002 2384994536823.5005 229009853761.00003 174026422758.50003 1795796960235.0002 229009851598.00003 229009853137.50003 1955683340129.5002 3655794233097.5005
decision_type=2 2 2 2 2 2 2 2 2 2 2 2 2 2 2 2 2 2 2 2 2 2 2 2 2 2 2 2 2 2
left_child=3 2 5 21 17 6 15 20 9 -5 -11 -12 13 24 -15 -2 -8 22 -19 -20 -7 23 -3 26 -6 -10 -1 -28 -23 -30
right_child=1 4 -4 8 12 7 16 -9 25 10 11 -13 -14 14 -16 -17 -18 18 19 -21 -22 28 -24 -25 -26 -27 27 -29 29 -31
leaf_value=0.0064367666091489474 0.0014628330199278311 -0.0038599780676816867 -0.012713518406725549 0.01031192425678538 0.0037983002764389886 0.0038153930268945836 -0.005668173843552891 0.011737432764969509 0.0056671195733473166 -0.0064434277807894026 0.0029206658367695597 0.00082205420017440636 -0.0045888982624157221 0.0016349255077470291 0.0035777789283515009 -0.0033466364832021867 -0.00013239584490994845 0.00077286113697915514 -0.0044101929629547848 -0.01179346577424624 -0.002715527218930341 0.0094340847667460752 0.0026812977641084736 0.0037310527776244886 0.0089837212689537673 0.010363521062761767 0.011593098948941005 0.0079834785542956289 0.011951839628589414 0.0096843731562553364
leaf_weight=3.1757073700428027 15.550179108977316 9.1557243168354017 69.419162660837173 4.1318776756525031 6.796353727579115 12.461582839488988 117.98522333800793 5.1172893643379203 3.0680782794952384 6.7764265388250342 109.96247805655003 361.74593102931976 5.1853946000337592 223.82904668152332 85.835952654480934 26.932993769645691 6.6965421438217154 4.3517970740795127 31.062397241592407 9.9675577431917173 5.1449356526136389 3.8168656378984478 4.7076451480388632 5.63624183833599 7.5462323427200317 3.9742316156625748 5.2150810807943344 2.706797182559967 15.000941455364229 4.3110699504613867
leaf_count=22 64 41 414 19 33 53 571 23 21 28 487 1566 21 1009 389 110 29 18 141 51 21 27 21 35 36 24 44 22 110 31
internal_value=0 -0.00163181 -0.00588473 0.00199547 0.0012073 -0.00338828 -0.00440903 0.00412072 0.00138067 0.00127945 0.00120145 0.00131127 0.0022566 0.00236616 0.00217346 -0.00158622 -0.00537085 -0.00462313 -0.00553482 -0.00620384 0.00190694 0.00954743 -0.00163873 0.00738259 0.00652657 0.00831747 0.00923713 0.0103597 0.0111137 0.0114457
internal_weight=0 647.746 259.308 529.522 388.438 189.889 167.165 22.7238 489.659 482.617 478.485 471.708 329.193 324.008 309.665 42.4832 124.682 59.2451 45.3818 41.03 17.6065 39.8627 13.8634 16.7338 14.3426 7.04231 11.0976 7.92188 23.1289 19.312
internal_count=5481 3045 1285 2436 1760 871 774 97 2145 2100 2081 2053 1488 1467 1398 174 600 272 210 192 74 291 62 123 69 45 88 66 168 141
is_linear=0
shrinkage=0.01


Tree=130
num_leaves=24
num_cat=0
split_feature=2 2 12 2 12 12 2 3 3 12 12 12 2 2 2 2 2 2 2 12 2 2 12
split_gain=36.1586 6.40057 2.31031 2.27012 2.14057 2.15137 2.13849 2.05665 1.54381 1.39838 1.12594 1.04893 1.04461 1.00943 0.347682 0.465939 0.31018 1.00539 0.454489 1.26837 0.220316 0.212647 0.0619614
threshold=70.500000000000014 22.500000000000004 1.972957910446512 41.500000000000007 1.9922459088058959 1.9855520618694149 47.500000000000007 29.500000000000004 21.500000000000004 1.9769175260816239 1.9527541312675476 2.9318938705895889 42.500000000000007 47.500000000000007 19.500000000000004 20.500000000000004 73.500000000000014 76.500000000000014 79.500000000000014 1.467908024219488 9.5000000000000018 14.500000000000002 1.9929177889658176
decision_type=2 2 2 2 2 2 2 2 2 2 2 2 2 2 2 2 2 2 2 2 2 2 2
left_child=1 4 3 -3 5 -1 7 11 -8 -9 16 -4 -5 -14 21 -16 -2 -18 -19 -20 -6 -7 -22
right_child=10 2 6 12 20 14 8 9 -10 -11 -12 -13 13 -15 15 -17 17 18 19 -21 22 -23 -24
leaf_value=0.0038393726256767927 -0.00094542786502848047 0.004192732960475197 -0.010963920026228809 -0.0066216342239210791 0.0018837171967023883 9.7800245027095082e-05 -0.0032654523050768868 -0.0060735685951734389 0.0035067542585192919 -0.0036176591768827399 0.0062502644107800707 -0.0058269904557668025 -0.00059816332342196941 -0.0030145176124730662 -0.0054153082631430713 -0.00142893702960792 0.0052339187806353426 -0.0018383432408153825 0.0010557967696378182 0.005593683107818782 0.0032027270811069986 -0.0017636329831950028 0.0049750019798588067
leaf_weight=7.6803452521562567 7.4760919362306586 5.0579023212194434 6.7981455475091961 6.2840619683265677 8.4721444100141543 7.7246618568897238 8.3204119205474836 30.341635555028915 5.6532574743032447 98.290756151080132 4.2372040599584571 9.5719666779041273 23.089847758412361 68.80718894302845 5.6657549291849119 6.0768989622592926 5.8434540629386893 5.3336627930402747 810.83984589576721 6.206535577774047 3.5164885818958265 29.861666813492775 4.4934344440698624
leaf_count=33 30 21 34 26 43 40 36 141 24 447 17 47 95 312 25 26 26 24 3831 28 20 132 23
internal_value=0 -0.00277435 -0.00350535 -0.00234055 -0.000166153 -0.00108381 -0.00426177 -0.00462181 -0.000525655 -0.00419696 0.00110841 -0.00796024 -0.00267712 -0.00240739 -0.00185033 -0.00335234 0.00108234 0.00110064 0.00107127 0.00109027 0.00300789 -0.00138108 0.00419694
internal_weight=0 335.707 262.215 103.239 73.4914 57.0093 158.976 145.003 13.9737 128.632 839.937 16.3701 98.1811 91.897 49.329 11.7427 835.7 828.223 822.38 817.046 16.4821 37.5863 8.00992
internal_count=5481 1525 1183 454 342 256 729 669 60 588 3956 81 433 407 223 51 3939 3909 3883 3859 86 172 43
is_linear=0
shrinkage=0.01


Tree=131
num_leaves=26
num_cat=0
split_feature=0 0 2 0 2 2 2 12 2 2 12 3 0 12 0 2 12 2 12 2 2 0 2 2 12
split_gain=37.4851 76.3806 44.1801 24.2975 23.1401 14.2694 4.84281 3.37381 3.18906 3.11332 3.09985 2.52433 2.42119 1.70562 1.58735 1.86429 4.08085 1.05154 0.673151 1.07087 0.653974 0.269606 0.996487 0.247214 0.239984
threshold=4216886.5000000009 4231539.5000000009 96.500000000000014 4216877.0000000009 73.500000000000014 51.500000000000007 64.500000000000014 1.9922459088058959 44.500000000000007 33.500000000000007 1.972957910446512 20.500000000000004 4231864.0000000009 2.9440373418857591 4231767.5000000009 11.500000000000002 1.961825938807811 22.500000000000004 1.961825938807811 68.500000000000014 47.500000000000007 4231767.5000000009 78.500000000000014 9.5000000000000018 1.973616730110737
decision_type=2 2 2 2 2 2 2 2 2 2 2 2 2 2 2 2 2 2 2 2 2 2 2 2 2
left_child=3 2 5 -1 14 10 11 8 9 17 20 -7 21 -12 18 -16 -17 -5 19 -3 -2 -6 -23 -9 -11
right_child=1 4 -4 7 12 6 -8 23 -10 24 13 -13 -14 -15 15 16 -18 -19 -20 -21 -22 22 -24 -25 -26
leaf_value=0.0095101473172038917 -0.001240058725194464 -0.0064532617877654961 -0.012682089855328491 0.0018749082968073799 0.0017755036028660213 -0.0053971117091725588 0.011644182191711747 0.006269552925462313 0.0016537197397666059 -0.0024187002508823051 -0.0055753254796077961 0.0024732183995474105 -0.0045553011275932696 0.00068392351083536957 0.00074511885697200173 -0.0043546560914214261 -0.011728475456523932 -0.0005803176668283805 0.001677238035868387 0.00024505745989273795 -0.004442082628418823 -0.0013248585425326437 0.0025854412358789118 0.010035242899099149 -0.0047346986663623462
leaf_weight=39.579756617546082 27.319298818707466 4.7509052753448469 68.955208897590637 32.432865023612976 68.271927490830421 4.9860053509473827 5.1084783524274817 3.2998676002025595 392.34238508343697 6.8306299746036556 116.8230744600296 22.311833947896957 5.1834281384944907 4.5220112055540076 4.3510825484991065 30.998600050806999 9.9028978496789914 37.744451031088829 4.2989685386419287 4.796293631196022 8.3211851269006711 6.6924645304679862 248.6516000777483 3.6959535032510757 12.968644276261328
leaf_count=291 112 22 414 141 309 21 23 22 1723 28 567 93 21 21 18 141 51 154 20 20 34 30 1128 23 54
internal_value=0 -0.00161605 -0.00582865 0.00197392 0.00118961 -0.0033334 0.00270799 0.00136432 0.00126432 -0.000433657 -0.00458052 0.00103569 0.0022251 -0.00534207 -0.00457142 -0.00547797 -0.00613997 0.00055438 -0.00160861 -0.00308818 -0.00198765 0.00233371 0.00248295 0.008259 -0.00393569
internal_weight=0 646.245 258.347 528.895 387.898 189.392 32.4063 489.315 482.319 89.9766 156.986 27.2978 328.799 121.345 59.0987 45.2526 40.9015 70.1773 13.8462 9.5472 35.6405 323.616 255.344 6.99582 19.7993
internal_count=5481 3045 1285 2436 1760 871 137 2145 2100 377 734 114 1488 588 272 210 192 295 62 42 146 1467 1158 45 82
is_linear=0
shrinkage=0.01


Tree=132
num_leaves=31
num_cat=0
split_feature=0 0 2 0 2 2 12 2 12 1 1 1 1 1 1 1 1 1 0 2 12 1 1 1 1 1 1 1 1 1
split_gain=36.7897 75.1068 43.871 24.0246 22.7082 14.0296 4.37095 3.68217 3.32871 3.35005 3.94627 3.66359 2.4122 3.98013 3.47971 2.28679 2.24133 1.94232 1.56256 1.83406 4.0457 1.5223 1.35925 1.3062 1.13855 0.378516 0.352759 0.234664 0.130432 0.174067
threshold=4216886.5000000009 4231539.5000000009 96.500000000000014 4216877.0000000009 73.500000000000014 55.500000000000007 1.972957910446512 64.500000000000014 1.9922459088058959 174026417975.00003 183964086007.50003 1264132470858.5002 4334145186629.0005 3439863410439.0005 1862882903156.5002 3967619897797.0005 1646869333327.5002 207995281506.00003 4231767.5000000009 11.500000000000002 1.961825938807811 3258691825909.5005 1410594599213.0002 2384994536823.5005 229009853761.00003 1795796960235.0002 229009851598.00003 229009853137.50003 1955683340129.5002 3655794233097.5005
decision_type=2 2 2 2 2 2 2 2 2 2 2 2 2 2 2 2 2 2 2 2 2 2 2 2 2 2 2 2 2 2
left_child=3 2 5 22 18 6 16 21 9 -5 -11 -12 13 14 -6 -15 -2 -8 23 -20 -21 -7 24 -3 26 -10 -1 -28 -24 -30
right_child=1 4 -4 8 12 7 17 -9 25 10 11 -13 -14 15 -16 -17 -18 -19 19 20 -22 -23 28 -25 -26 -27 27 -29 29 -31
leaf_value=0.0063394844874243685 0.0014808111043112403 -0.0037983049970154621 -0.012648312675919997 0.010237824528139362 0.00323999075994315 0.003793087073580437 -0.011732630223448613 0.011555234645943786 0.0055659644484762792 -0.006399728148346058 0.0028836243422995533 0.00079788270332974479 -0.00264635414657519 0.0091345303968329052 0.0010552252774448797 0.0029401768989137708 -0.00328840227221835 -0.005017741617299433 0.00073771241605655484 -0.0043163917658293775 -0.011674558941927931 -0.0026728676782753194 0.0093584931949549175 0.0026876258500269259 0.0036202265027365337 0.010267938224999534 0.011558186826902359 0.0079033221944154169 0.011908412805108404 0.009612565722051214
leaf_weight=3.1439229175448435 15.546199083328245 9.1340036392211896 68.450489416718483 4.1137298941612235 132.40651723742485 12.453664317727094 4.4688076376914969 5.0963839739561072 3.0367943942546836 6.7804831564426413 109.79888361692429 361.41595144569874 9.9406393468379957 12.90464222431183 162.21326817572117 11.074395358562468 26.912607118487358 119.47156186401844 4.3508198112249366 30.960854351520538 9.849414646625517 5.1455408334732047 3.7666623294353512 4.7041585296392432 5.5889087021350852 3.9247885346412659 5.1316524296998978 2.6711387783288956 14.77413757145405 4.2530666738748542
leaf_count=22 64 41 414 19 606 53 22 23 21 28 487 1566 42 60 729 51 110 578 18 141 51 21 27 21 35 24 44 22 110 31
internal_value=0 -0.00160284 -0.00578848 0.00195603 0.0011788 -0.00330529 -0.00431124 0.00407015 0.00135136 0.00125222 0.00117489 0.00128389 0.0022046 0.00235596 0.00203709 0.00627375 -0.00154217 -0.00525985 -0.00453341 -0.00543426 -0.00609226 0.00190261 0.00947526 -0.00159347 0.00729258 0.00821683 0.00916753 0.010307 0.0110587 0.0113952
internal_weight=0 645.084 257.545 528.4 387.539 189.095 166.399 22.6956 489.071 482.109 477.995 471.215 328.539 318.599 294.62 23.979 42.4588 123.94 58.9993 45.1611 40.8103 17.5992 39.3295 13.8382 16.5356 6.96158 10.9467 7.80279 22.7939 19.0272
internal_count=5481 3045 1285 2436 1760 871 774 97 2145 2100 2081 2053 1488 1446 1335 111 174 600 272 210 192 74 291 62 123 45 88 66 168 141
is_linear=0
shrinkage=0.01


Tree=133
num_leaves=31
num_cat=0
split_feature=0 0 2 0 2 2 2 12 1 1 1 1 12 1 1 1 1 12 1 1 1 1 1 1 1 1 1 1 1 1
split_gain=36.1051 73.8533 43.5663 23.7589 22.3098 13.7906 4.67387 3.28408 3.29785 3.86533 3.59555 3.18422 3.00499 2.79922 4.08843 3.8659 1.99897 1.98824 1.90002 1.73847 1.63213 6.42426 1.35785 0.841709 0.527278 1.1393 0.375617 0.353416 0.235206 0.174613
threshold=4216886.5000000009 4231539.5000000009 96.500000000000014 4216877.0000000009 70.500000000000014 51.500000000000007 64.500000000000014 1.9922459088058959 174026417975.00003 183964086007.50003 1264132470858.5002 1731095585241.0002 1.972957910446512 4334145194491.0005 3376693923061.5005 1862882903156.5002 3967619897797.0005 1.993590124076418 207995281506.00003 2595850559623.0005 2777491192362.0005 2384994536823.5005 1955683340129.5002 3376693907041.0005 229009853761.00003 1144634658660.0002 1795796960235.0002 229009851598.00003 229009853137.50003 3655794233097.5005
decision_type=2 2 2 2 2 2 2 2 2 2 2 2 2 2 2 2 2 2 2 2 2 2 2 2 2 2 2 2 2 2
left_child=3 2 5 22 17 12 11 8 -5 -10 -11 -7 19 14 15 -6 -16 20 -14 -2 21 -3 24 -22 27 -26 -9 -1 -29 -24
right_child=1 4 -4 7 13 6 -8 26 9 10 -12 -13 18 -15 16 -17 -18 -19 -20 -21 23 -23 29 -25 25 -27 -28 28 -30 -31
leaf_value=0.0063002713882266952 -0.0038404882157469628 -0.0066171531598925226 -0.012615049087370107 0.010171180295102311 0.0031080456004224611 0.0061338119528342077 0.011467348702366945 0.0055302919686497634 -0.006329003768348565 0.0028569823497539741 0.00079005078319504824 -0.0012602907902938252 -0.011674943737148122 -0.003685421086878235 0.0078585835542880345 0.00082511112831169439 0.0027348871796333061 0.00037876126610231214 -0.0050140616655902541 0.00063301151798474207 -0.012317599594035658 0.0060570348850922185 0.011885838276501633 -0.0065396062992988729 0.0014536186061175167 0.008646821374066917 0.010224947202922909 0.011540281116008815 0.0078690482494752443 0.0095785177695963692
leaf_weight=3.1319163143634814 20.602343887090683 28.207886606454849 67.947195082902908 4.0993495583534232 135.99537326395512 8.4278065115213412 5.0841498970985404 3.0258739888668051 6.7876538187265387 109.71497759222984 361.34904512763023 18.852278888225555 4.4460933357477179 8.2217098474502546 17.835631445050243 163.17835333943367 13.286984920501707 5.7143519669771186 116.36934413015842 15.020558565855024 5.025846987962721 4.6599791049957267 14.654773965477945 5.0590824484825134 3.5672113448381406 5.7529247552156448 3.9019919335842133 5.088435024023056 2.6560214310884476 4.2256401479244223
leaf_count=22 85 136 414 19 621 37 23 21 28 487 1566 77 22 34 83 730 61 24 566 61 25 21 110 25 22 40 24 44 22 31
internal_value=0 -0.0015897 -0.0057485 0.00193813 0.00116808 -0.00327733 0.00266458 0.00133838 0.00124011 0.0011635 0.00127146 0.00102402 -0.00450661 0.00207824 0.00222171 0.00186286 0.00567116 -0.00516276 -0.00525919 -0.00195422 -0.00589999 -0.00482022 0.00944147 -0.00941908 0.00763915 0.00589368 0.00817447 0.00913487 0.0102812 0.0113694
internal_weight=0 643.935 256.75 527.956 387.185 188.803 32.3642 488.879 481.951 477.852 471.064 27.2801 156.438 338.518 330.296 299.174 31.1226 48.6671 120.815 35.6229 42.9528 32.8679 39.0769 10.0849 20.1965 9.32014 6.92787 10.8764 7.74446 18.8804
internal_count=5481 3045 1285 2436 1760 871 137 2145 2100 2081 2053 114 734 1529 1495 1351 144 231 588 146 207 157 291 50 150 62 45 88 66 141
is_linear=0
shrinkage=0.01


Tree=134
num_leaves=31
num_cat=0
split_feature=0 2 0 0 0 2 1 1 2 0 1 1 1 1 1 1 1 1 1 1 1 1 1 1 1 1 1 1 1 1
split_gain=35.5458 25.4399 11.7228 102.515 11.6293 4.90995 6.15185 4.28633 4.07067 5.59777 4.19961 2.74455 4.022 3.79659 2.61661 6.99839 1.97138 1.86008 8.00816 7.30866 1.35698 1.10959 0.773761 0.676131 0.683996 0.52594 1.1285 0.354064 0.23576 0.175176
threshold=4216877.0000000009 70.500000000000014 4231539.5000000009 4216886.5000000009 4216886.5000000009 19.500000000000004 2384994536823.5005 4334145186629.0005 43.500000000000007 4231767.5000000009 4006191259469.0005 4334145194491.0005 3376693923061.5005 1862882903156.5002 4148002225286.5005 3704794817060.5005 3967619897797.0005 2777491179720.5005 3022918913159.5005 1862882922347.0002 1955683340129.5002 1758355642673.5002 4334145198256.5005 3376693935310.0005 4265488936826.0005 229009853761.00003 1144634658660.0002 229009851598.00003 229009853137.50003 3655794233097.5005
decision_type=2 2 2 2 2 2 2 2 2 2 2 2 2 2 2 2 2 2 2 2 2 2 2 2 2 2 2 2 2 2
left_child=20 4 3 14 5 6 21 8 10 -10 -6 12 13 -4 15 -3 -14 19 -19 -7 25 -2 -16 -5 -25 27 -27 -1 -29 -22
right_child=1 2 11 23 7 17 -8 -9 9 -11 -12 -13 16 -15 22 -17 -18 18 -20 -21 29 -23 -24 24 -26 26 -28 28 -30 -31
leaf_value=0.0062612182681639509 0.0046553556924443735 0.001804255991671526 0.0030802348902849979 -0.011999817035644834 -0.0052664248666965596 -7.467011328742427e-05 -0.003176683441049068 -0.012463270244953696 -0.00064522659906312706 -0.0057916585078713126 0.0027542182018933554 -0.0036461735825787517 0.0078030226183718725 0.0008170711203685805 0.0054115454419790456 -0.0031092541231256105 0.0027101893064156802 0.010562278502003052 -0.0021713854073809017 -0.0096036207137285539 0.01186357296826516 0.0094200810632294237 0.0010337396960364102 -0.0072286078321828285 -0.012596686398371254 0.0014403097228382928 0.0086089424388789068 0.011522608594857804 0.0078348474176244201 0.0095446114373542532
leaf_weight=3.1199963465333003 10.570117309689527 331.71107585728168 135.85173676908016 59.233149111270905 120.45429296791553 31.744450107216835 8.8622696548700315 5.6401859521865836 72.210432022809982 29.880691587924957 6.902229815721511 8.2270796298980695 17.783265814185146 163.13642448186874 21.959918633103374 31.763511076569557 13.274053171277044 6.4789943397045162 20.776461124420166 10.783324524760245 14.53605003654957 9.0911991298198682 4.9467937350273123 6.4268741458654386 3.7636970728635788 3.5641873031854612 5.7206172943115234 5.0454921722412109 2.641014888882637 4.1983816325664511
leaf_count=22 58 1461 621 362 576 129 38 29 311 145 33 34 83 730 99 135 61 27 84 46 110 46 22 37 23 22 40 44 22 31
internal_value=0 -0.000323204 0.000645949 -0.000393586 -0.00264316 0.000244996 0.00374058 -0.0038509 -0.00363919 -0.00215152 -0.00483174 0.00205896 0.00220117 0.00184539 0.00159762 0.00137487 0.00562632 -0.00118381 0.000855581 -0.00249083 0.00940787 0.00685852 0.00460669 -0.0115905 -0.00921121 0.0076026 0.0058571 0.00910231 0.0102555 0.0113439
internal_weight=0 1131.47 798.078 459.805 333.395 98.3068 28.5236 235.088 229.448 102.091 127.357 338.273 330.045 298.988 390.381 363.475 31.0573 69.7832 27.2555 42.5278 38.8257 19.6613 26.9067 69.4237 10.1906 20.0913 9.2848 10.8065 7.68651 18.7344
internal_count=5481 5190 3668 2139 1522 428 142 1094 1065 456 609 1529 1495 1351 1717 1596 144 286 111 175 291 104 121 422 60 150 62 88 66 141
is_linear=0
shrinkage=0.01


Tree=135
num_leaves=31
num_cat=0
split_feature=0 12 0 0 0 12 1 1 12 0 1 1 1 1 1 1 1 1 1 1 1 1 1 1 1 1 1 1 1 1
split_gain=35.0605 24.2509 11.7146 104.154 11.1297 4.81845 6.04397 4.29044 3.15674 5.59228 3.40465 2.69095 3.95665 3.7285 2.5713 6.07861 1.9442 1.82423 7.86383 7.18495 1.35678 2.82368 1.09121 0.850071 0.819829 0.683188 0.3547 0.237239 0.236326 0.175756
threshold=4216877.0000000009 1.9533992703327747 4231539.5000000009 4216886.5000000009 4216886.5000000009 1.9868872088523377 2384994536823.5005 4334145186629.0005 1.972957910446512 4231767.5000000009 4075905305119.0005 4334145194491.0005 3376693923061.5005 1862882903156.5002 4223680115167.5005 3704794817060.5005 3967619897797.0005 2777491179720.5005 3022918913159.5005 1862882922347.0002 976004800465.50012 229009853761.00003 1758355642673.5002 4334145198256.5005 3376693935310.0005 4265488936826.0005 229009851598.00003 1955683340129.5002 229009853137.50003 3655794233097.5005
decision_type=2 2 2 2 2 2 2 2 2 2 2 2 2 2 2 2 2 2 2 2 2 2 2 2 2 2 2 2 2 2
left_child=20 2 3 14 5 17 22 8 9 -6 -10 12 13 -4 15 -2 -14 19 -19 -3 21 26 -7 -16 -5 -26 -1 -22 -28 -29
right_child=1 4 11 24 7 6 -8 -9 10 -11 -12 -13 16 -15 23 -17 -18 18 -20 -21 27 -23 -24 -25 25 -27 28 29 -30 -31
leaf_value=0.0062223246157204516 0.0017871799053345121 -7.3923645779943643e-05 0.0030526567082839119 -0.012246628248806946 -0.00051150496834722963 0.0046183953180616369 -0.0031436187948891353 -0.01240519260054168 -0.0048425351649844101 -0.0057424147125898165 0.0037321017460510177 -0.0036073921779020326 0.0077478961949603515 0.00080910749868999435 0.0056670431859877799 -0.0026375110857102795 0.0026856996123136392 0.010478740295758168 -0.002149949409388713 -0.009530241962427223 0.0091149934932454688 -0.0025049835658220785 0.0093488528941892378 0.0010237400043935964 -0.0071830086141744329 -0.012564182646055008 0.011505164973699149 0.011841611327816665 0.007800716940301931 0.0095108433636550502
leaf_weight=3.1081630662083608 331.5326325148344 31.744370505213737 135.70897933840752 58.321201831102371 65.01517753303051 10.548271775245672 8.8659094274044019 5.6100768297910681 130.01914912462234 29.808123365044594 4.8016547709703437 8.2323426753282529 17.730959936976436 163.09486837685108 19.450854957103733 34.25647859275341 13.261208564043043 6.4654076546430614 20.773790940642357 10.757816076278685 6.627373710274699 2.6223275363445273 9.0689714550971967 4.9451709985733023 6.4031158834695798 3.7358390837907791 5.0028242021799088 14.417970769107344 2.6261191517114639 4.1712912768125525
leaf_count=22 1461 129 621 360 275 58 38 29 624 145 23 34 83 730 88 146 61 27 84 46 46 16 46 22 37 23 44 110 22 31
internal_value=0 -0.000320371 0.000627369 -0.000413656 -0.0025845 0.00024276 0.00370849 -0.00376496 -0.00355388 -0.00215586 -0.00453715 0.00203986 0.00218083 0.00182807 0.00158245 0.0013728 0.00558184 -0.00117268 0.000847555 -0.00246743 0.00937441 0.00679782 0.00680527 0.00472583 -0.0117904 -0.00916578 0.00906985 0.0107395 0.01023 0.0113186
internal_weight=0 1130.15 796.674 458.645 333.479 98.2245 28.4832 235.254 229.644 94.8233 134.821 338.028 329.796 298.804 390.185 365.789 30.9922 69.7414 27.2392 42.5022 38.5761 13.3594 19.6172 24.396 68.4602 10.139 10.7371 25.2166 7.62894 18.5893
internal_count=5481 5190 3666 2137 1524 428 142 1096 1067 420 647 1529 1495 1351 1717 1607 144 286 111 175 291 104 104 110 420 60 88 187 66 141
is_linear=0
shrinkage=0.01


Tree=136
num_leaves=30
num_cat=0
split_feature=2 1 2 1 1 1 1 1 1 1 1 1 1 1 2 1 1 1 1 1 1 1 1 1 1 1 1 1 1
split_gain=32.6759 6.15578 5.55479 5.22612 3.54296 6.27899 2.78381 5.6849 2.6326 5.99535 6.05005 5.57933 4.1806 4.3438 3.68128 2.56594 1.91804 11.5958 4.0172 2.09733 1.69548 1.61925 1.54325 1.23498 2.35043 2.76655 0.630791 0.610617 0.00165331
threshold=70.500000000000014 4334145191470.5005 22.500000000000004 207995281506.00003 643953705598.00012 660434126998.00012 1183610618133.5002 1707115180123.5002 1264132469320.5002 2384994530278.5005 3018885398769.5005 2177228741623.0002 679621560489.50012 701677509007.50012 61.500000000000007 632859025282.50012 2943938743131.0005 2801556722008.0005 3022918903682.5005 3022918922337.5005 625282412029.00012 4334145198256.5005 2777491178450.5005 174026417975.00003 207995293143.50003 229009853761.00003 643953711164.00012 183964076434.00003 3018885398769.5005
decision_type=2 2 2 2 2 2 2 2 2 2 2 2 2 2 2 2 2 2 2 2 2 2 2 2 2 2 2 2 2
left_child=1 2 3 -1 15 26 20 -8 12 11 -11 -10 14 -14 -4 23 17 22 28 -20 -5 -3 -7 -2 27 -26 -6 -25 -18
right_child=4 21 8 6 5 16 7 -9 9 10 -12 -13 13 -15 -16 -17 18 -19 19 -21 -22 -23 -24 24 25 -27 -28 -29 -30
leaf_value=-0.015366976168209832 0.006448630629125836 -0.015536315024004101 -0.0026369522161687454 -0.0017836340885489894 -0.0078048718330673648 0.00061971458081063369 -0.010897230006733883 0.00042868817238932182 -0.0047045584924770333 0.0012643145348860834 -0.0038280072113758179 -0.012001481990451869 0.0095817386893031382 -0.00043290888027071707 -0.012590724469948321 0.0076869411842308702 0.0068327829256594908 -0.010509325836769874 -0.0018702074032624666 0.0016295110990138986 0.0057355123527477693 -0.0067114025198133295 0.0025373883953871339 0.0014261067722864296 0.0066911839977465718 0.0012569689719559264 -0.0035825201008015586 -0.0016576688896108344 0.0070539259809778631
leaf_weight=2.1364627927541724 6.6944134235382071 4.1757285296916944 33.204572394490242 3.8842396736145046 7.2808889299631101 421.17104935646057 4.8909140527248374 47.207080960273743 61.399115920066833 33.638818368315697 76.135630145668983 12.634898647665976 5.1459534317255011 27.351698204874992 4.1837087869644156 10.344138592481611 6.3096314966678602 9.2274667024612409 18.510378152132034 228.60128057003021 13.15625089406967 4.1411514133214951 46.609017506241798 11.062591165304186 16.001636676490307 22.599733725190163 6.8829054832458496 15.303624421358107 7.2829111143946648
leaf_count=10 35 20 148 20 32 1972 22 216 280 150 347 59 23 123 21 51 32 42 87 1077 66 20 214 51 112 112 32 72 35
internal_value=0 -0.002647 -0.00242959 3.70187e-05 0.00105741 0.000842144 0.000513021 -0.000634579 -0.00312257 -0.0037507 -0.00226754 -0.00594988 -0.00147052 0.0011529 -0.00375077 0.00303111 0.000968769 0.000591807 0.00165849 0.00136736 0.00402158 -0.0111422 0.000810789 0.00235906 0.00193766 0.00350964 -0.00575302 -0.000363795 0.00695127
internal_weight=0 333.286 324.969 71.2749 833.882 751.876 69.1385 52.098 253.694 183.808 109.774 74.034 69.8859 32.4977 37.3883 82.0061 737.712 477.008 260.704 247.112 17.0405 8.31688 467.78 71.662 64.9676 38.6014 14.1638 26.3662 13.5925
internal_count=5481 1525 1485 334 3956 3523 324 238 1151 836 497 339 315 146 169 433 3459 2228 1231 1164 86 40 2186 382 347 224 64 123 67
is_linear=0
shrinkage=0.01


Tree=137
num_leaves=23
num_cat=0
split_feature=0 2 0 0 0 2 2 0 13 0 13 13 2 2 13 2 2 2 13 0 2 2
split_gain=34.4711 23.9759 11.2969 99.6484 11.154 4.65619 3.57047 5.85114 3.022 2.28945 1.83474 1.75797 1.2938 1.26913 1.41218 1.15303 1.09888 2.58729 1.19395 0.290447 0.2525 0.232537
threshold=4216877.0000000009 70.500000000000014 4231539.5000000009 4216886.5000000009 4216886.5000000009 19.500000000000004 43.500000000000007 4231767.5000000009 2.9575138337046307 4231864.0000000009 1.9807272359141355 1.9961153951178154 73.500000000000014 33.500000000000007 1.9863862745312775 27.500000000000004 22.500000000000004 21.500000000000004 1.9863862745312775 4231767.5000000009 9.5000000000000018 16.500000000000004
decision_type=2 2 2 2 2 2 2 2 2 2 2 2 2 2 2 2 2 2 2 2 2 2
left_child=-1 4 3 -3 5 11 16 8 -8 12 -9 21 -4 15 -15 -7 17 -6 -18 -14 -13 -2
right_child=1 2 9 -5 6 13 7 10 -10 -11 -12 20 19 14 -16 -17 18 -19 -20 -21 -22 -23
leaf_value=0.0093341862834149768 0.0013639062098514893 0.0015572482213527881 -0.0013847484770816412 -0.011518312909618909 -0.0043735082536076582 -0.0015793681741182949 -1.8135560175326242e-05 -0.004704314349988757 -0.0058545674385498004 -0.0045810968895170926 -0.010511692181496597 0.0060490706875891854 0.0016459535134716718 0.00098774294285218891 -0.0047726493649417048 0.0015371563050021694 -0.0024857101066946587 0.0039310321179019565 -0.0058285412667217805 0.0023819670744732171 0.0098962650327101467 0.0034598394223657124
leaf_weight=38.263343460857868 12.274660766124731 389.85235916078091 10.234283074736593 68.529342785477638 28.977877780795097 27.636087402701378 62.97280241549015 23.982645943760875 10.326328158378599 5.1847271621227256 7.0362829416990271 3.2261384874582282 67.939058929681778 5.891653627157214 15.328283250331877 20.810682773590088 12.233942076563833 4.3095071017742148 84.368712663650513 254.31934836506844 3.6204669028520584 9.3070842921733838
leaf_count=291 58 1717 41 422 134 113 267 114 49 21 38 22 309 24 64 85 51 20 421 1158 23 39
internal_value=0 -0.000316926 0.000624873 -0.000397585 -0.00257308 0.000257825 -0.00375877 -0.00238102 -0.000840368 0.00201281 -0.00602165 0.00366841 0.00211563 -0.0011339 -0.00317329 -0.000240641 -0.00486527 -0.00329837 -0.0054052 0.0022268 0.00808346 0.00226777
internal_weight=0 1128.36 796.059 458.382 332.303 98.0951 234.208 104.318 73.2991 337.677 31.0189 28.4284 332.493 69.6667 21.2199 48.4468 129.89 33.2874 96.6027 322.258 6.84661 21.5817
internal_count=5481 5190 3668 2139 1522 428 1094 468 316 1529 152 142 1508 286 88 198 626 154 472 1467 45 97
is_linear=0
shrinkage=0.01


Tree=138
num_leaves=31
num_cat=0
split_feature=0 2 0 0 0 2 1 1 2 0 1 1 1 1 1 1 1 1 1 1 1 1 1 1 1 1 1 1 1 1
split_gain=33.9966 23.5275 11.0802 98.2766 10.9554 4.56916 5.93039 4.1554 3.95509 5.35745 4.09592 2.64966 3.88058 3.67327 2.52849 6.75993 1.92042 1.79416 7.66889 7.03373 1.37255 2.8096 1.15236 0.751654 0.683278 0.688094 0.356904 0.240599 0.240037 0.178129
threshold=4216877.0000000009 70.500000000000014 4231539.5000000009 4216886.5000000009 4216886.5000000009 19.500000000000004 2384994536823.5005 4334145186629.0005 43.500000000000007 4231767.5000000009 4006191259469.0005 4334145194491.0005 3376693923061.5005 1862882903156.5002 4148002225286.5005 3704794817060.5005 3967619897797.0005 2777491179720.5005 3022918913159.5005 1862882922347.0002 976004800465.50012 229009853761.00003 632859015069.00012 4334145198256.5005 3376693935310.0005 4265488936826.0005 229009851598.00003 1955683340129.5002 229009853137.50003 3655794233097.5005
decision_type=2 2 2 2 2 2 2 2 2 2 2 2 2 2 2 2 2 2 2 2 2 2 2 2 2 2 2 2 2 2
left_child=20 4 3 14 5 6 22 8 10 -10 -6 12 13 -4 15 -3 -14 19 -19 -7 21 26 -2 -16 -5 -26 -1 -22 -28 -29
right_child=1 2 11 24 7 17 -8 -9 9 -11 -12 -13 16 -15 23 -17 -18 18 -20 -21 27 -23 -24 -25 25 -27 28 29 -30 -31
leaf_value=0.0061162818673593401 0.0011492026600846605 0.0017463681463594193 0.0030019394848065407 -0.011897135593679475 -0.0051314740697906867 -4.2330424984716313e-05 -0.0031477545241949986 -0.012282990330097615 -0.00058133074098826946 -0.0056317499706415733 0.0027965754033084243 -0.0036096247875126233 0.0076673944152486472 0.00077314680777246518 0.0053025340558631997 -0.0030817359891078117 0.0026282166008972426 0.010403820270100164 -0.0020780211016933748 -0.0094133546307353707 0.0090370752356512297 -0.0026010066777127938 0.0077762651159720931 0.00098298072372030401 -0.0070751256490282416 -0.012507252455514647 0.011464293275247187 0.011801715670780054 0.0076964306632768325 0.0094384490257294253
leaf_weight=3.0716125816106779 3.1235581785440507 331.08916811645031 135.42451174557209 58.036292269825935 119.640904545784 31.731727063655853 8.8613203316926938 5.541756182909011 72.14604914188385 29.630460128188133 6.8919525295495978 8.2318816632032377 17.653554216027263 162.88651464879513 21.860625311732296 31.7831951379776 13.230656772851942 6.4523863047361401 20.758785739541054 10.71400575339794 6.5455371141433742 2.6099620461463919 16.40235210955143 4.9385423660278311 6.3469268232583982 3.6862236857414246 4.9017375558614731 14.198058985173704 2.5811031311750412 4.1134274303913108
leaf_count=22 17 1461 621 362 576 129 38 29 311 145 33 34 83 730 99 135 61 27 84 46 46 16 87 22 37 23 44 110 22 31
internal_value=0 -0.000314146 0.000619289 -0.000394214 -0.00255051 0.000255392 0.00363704 -0.00372691 -0.00351923 -0.00205167 -0.00469965 0.00199417 0.0021343 0.00178495 0.00154239 0.00132349 0.00550863 -0.00112273 0.000881707 -0.00240773 0.00929993 0.00668914 0.00671613 0.00450653 -0.0114806 -0.00907091 0.00898645 0.0106826 0.0101646 0.0112708
internal_weight=0 1127.06 795.168 457.741 331.895 98.0441 28.3872 233.851 228.309 101.777 126.533 337.427 329.195 298.311 389.672 362.872 30.8842 69.6569 27.2112 42.4457 38.0214 13.1644 19.5259 26.7992 68.0694 10.0332 10.5545 24.857 7.48284 18.3115
internal_count=5481 5190 3668 2139 1522 428 142 1094 1065 456 609 1529 1495 1351 1717 1596 144 286 111 175 291 104 104 121 422 60 88 187 66 141
is_linear=0
shrinkage=0.01


Tree=139
num_leaves=31
num_cat=0
split_feature=0 2 0 0 0 2 1 1 2 0 1 1 1 1 1 1 1 1 1 1 1 1 1 1 1 1 1 1 1 1
split_gain=33.5331 23.0877 10.8673 96.929 10.756 4.48433 5.82695 4.10929 3.89261 5.26885 4.02528 2.59786 3.82984 3.39121 2.70455 2.48456 6.62581 1.75959 7.53125 6.91509 1.37121 1.13544 0.739462 0.684307 0.687339 0.521715 1.10002 0.357497 0.240629 0.178747
threshold=4216877.0000000009 70.500000000000014 4231539.5000000009 4216886.5000000009 4216886.5000000009 19.500000000000004 2384994536823.5005 4334145186629.0005 43.500000000000007 4231767.5000000009 4006191259469.0005 4334145194491.0005 3439863410439.0005 1862882903156.5002 3967619897797.0005 4148002225286.5005 3704794817060.5005 2777491179720.5005 3022918913159.5005 1862882922347.0002 1955683340129.5002 632859015069.00012 4334145198256.5005 3376693935310.0005 4265488936826.0005 229009853761.00003 1144634658660.0002 229009851598.00003 229009853137.50003 3655794233097.5005
decision_type=2 2 2 2 2 2 2 2 2 2 2 2 2 2 2 2 2 2 2 2 2 2 2 2 2 2 2 2 2 2
left_child=20 4 3 15 5 6 21 8 10 -10 -6 12 13 -4 -14 16 -3 19 -19 -7 25 -2 -17 -5 -25 27 -27 -1 -29 -22
right_child=1 2 11 23 7 17 -8 -9 9 -11 -12 -13 14 -15 -16 22 -18 18 -20 -21 29 -23 -24 24 -26 26 -28 28 -30 -31
leaf_value=0.0060779586900426754 0.0011383121834136465 0.0017298180386488319 0.0029750153736931946 -0.011862241475903217 -0.005090208385371703 -4.1907144257661118e-05 -0.0031150180866003491 -0.01222696569970322 -0.00057553955005306366 -0.0055880446437219814 0.0027656437405335038 -0.0035712764116169263 0.0090359510911802114 0.00084635195950630228 0.0026044177863766274 0.0052591047802464184 -0.0030486451400374946 0.010322239875410493 -0.0020575150230511259 -0.0093420123113951547 0.01178059433912786 0.0077194165850446653 0.0009734586775844269 -0.0070303305311535617 -0.012476089114599033 0.0013201566283833142 0.0084477450138340394 0.011447602347997608 0.0076625776440913829 0.0094050896432054925
leaf_weight=3.0601277723908442 3.1219155043363633 330.9152027964592 135.28431256115437 57.626995429396629 119.40589259564877 31.73168009519577 8.8648832440376264 5.5116285681724539 72.143299236893654 29.563919693231583 6.8993061035871497 8.2370456308126432 12.938154160976412 167.51028533279896 13.218105375766752 21.820936083793644 31.806777790188789 6.4384181052446392 20.756035313010216 10.687998056411741 14.081861689686777 16.35813570022583 4.9369904398918143 6.3236109316349012 3.658615306019783 3.5366282314062101 5.5841221660375595 4.8600047081708908 2.5666540563106537 4.0868705064058295
leaf_count=22 17 1461 621 362 576 129 38 29 311 145 33 34 61 752 61 99 135 27 84 46 110 87 22 37 23 22 40 44 22 31
internal_value=0 -0.00031139 0.00061376 -0.000390881 -0.00252817 0.000253071 0.0036061 -0.00369485 -0.00348861 -0.00203256 -0.00466109 0.00197564 0.00211454 0.00179741 0.00578577 0.00152773 0.0013108 -0.00111219 0.000873452 -0.00238515 0.00926704 0.00666471 0.00446838 -0.0114435 -0.00902627 0.00743306 0.00568398 0.00895431 0.0101395 0.0112462
internal_weight=0 1125.76 794.277 457.089 331.483 97.9591 28.3449 233.524 228.012 101.707 126.305 337.188 328.951 302.795 26.1563 389.48 362.722 69.6141 27.1945 42.4197 37.7763 19.4801 26.7579 67.6092 9.98223 19.6075 9.12075 10.4868 7.42666 18.1687
internal_count=5481 5190 3668 2139 1522 428 142 1094 1065 456 609 1529 1495 1373 122 1717 1596 286 111 175 291 104 121 422 60 150 62 88 66 141
is_linear=0
shrinkage=0.01


Tree=140
num_leaves=23
num_cat=0
split_feature=2 2 12 12 2 2 2 2 12 12 12 2 12 12 12 2 2 2 2 12 2 12
split_gain=30.3367 5.61886 2.18993 2.44707 2.52646 1.8543 2.2426 1.33637 1.32379 1.12438 1.05912 0.947314 2.67671 0.877593 0.755468 0.521997 0.276196 0.981088 0.470323 1.22512 0.181891 0.126569
threshold=70.500000000000014 14.500000000000002 2.9160055349214766 1.9848851658944422 21.500000000000004 40.500000000000007 41.500000000000007 30.500000000000004 2.9007212158535043 1.9527541312675476 1.9949361603821067 39.500000000000007 2.9312379261665069 2.9440373418857591 2.9231252750903871 43.500000000000007 73.500000000000014 76.500000000000014 79.500000000000014 1.467908024219488 15.500000000000002 1.9922459088058959
decision_type=2 2 2 2 2 2 2 2 2 2 2 2 2 2 2 2 2 2 2 2 2 2
left_child=1 10 3 5 20 7 -7 -3 -6 16 21 12 -4 -14 -13 -16 -2 -18 -19 -20 -5 -1
right_child=9 2 11 4 8 6 -8 -9 -10 -11 -12 14 13 -15 15 -17 17 18 19 -21 -22 -23
leaf_value=7.4335978007414636e-05 -0.00091894506421811369 -0.0028010896615238072 0.0034880337855130662 -0.003814100481179044 0.0052480506638221394 0.0043972865649176632 -0.0024455721563796154 -0.0049961747648689728 -0.00030895897882682891 0.0061595133562601682 0.0059218851613174351 -0.0046218057116344255 -0.0066958706241492328 -0.0016903866977259973 -0.011508098869958461 -0.0065049381553188802 0.0051057166871020451 -0.0019840271028683555 0.0009681854700115042 0.0054430753254961738 -0.0018530469036801246 0.0018824752046818945
leaf_weight=7.6190227419137972 7.4742401242256156 51.946147099137306 4.0750010311603573 5.450541451573371 8.5298659056425112 5.0372852087020865 97.306073635816574 59.505288287997246 8.6178673505783063 4.2365956306457511 6.0675681233406058 6.868255376815795 14.109873473644258 4.659331113100051 4.3305375874042493 4.0222439914941788 5.8130586147308341 5.30825451016426 801.22120977938175 6.1651635468006125 35.762404263019562 7.8704856336116791
leaf_count=40 30 236 21 24 37 21 433 275 36 17 31 32 72 22 22 20 26 24 3831 28 159 44
internal_value=0 -0.00255638 -0.00289943 -0.00258521 -0.000770308 -0.00308063 -0.00210877 -0.00397307 0.00245529 0.00102101 0.00238037 -0.00514602 -0.00385832 -0.00545329 -0.00707865 -0.00909885 0.000994656 0.00101213 0.000982849 0.00100236 -0.0021124 0.000993083
internal_weight=0 331.778 310.221 272.155 58.3607 213.795 102.343 111.451 17.1477 830.219 21.5571 38.0652 22.8442 18.7692 15.221 8.35278 825.982 818.508 812.695 807.386 41.2129 15.4895
internal_count=5481 1525 1410 1221 256 965 454 511 73 3956 115 189 115 94 74 42 3939 3909 3883 3859 183 84
is_linear=0
shrinkage=0.01


Tree=141
num_leaves=30
num_cat=0
split_feature=2 1 2 1 1 1 1 1 1 1 1 1 1 1 1 2 1 1 1 1 1 1 1 1 1 1 1 1 1
split_gain=29.7526 5.96226 5.13028 5.13607 3.44894 6.21491 2.64768 5.54449 2.58151 2.57997 5.84345 5.96927 5.50228 4.11737 4.24086 3.64726 1.87998 8.59204 5.14926 2.0077 1.65614 1.61895 1.52755 1.21887 2.28758 2.67799 0.948501 0.622564 0.57896
threshold=70.500000000000014 4334145191470.5005 22.500000000000004 207995281506.00003 643953705598.00012 660434126998.00012 1183610618133.5002 1707115180123.5002 632859025282.50012 1264132469320.5002 2384994530278.5005 3018885398769.5005 2177228741623.0002 679621560489.50012 701677509007.50012 61.500000000000007 3018885389680.0005 2801556722008.0005 3022918903682.5005 3022918922337.5005 625282412029.00012 4334145198256.5005 2777491179720.5005 174026417975.00003 207995293143.50003 229009853761.00003 2928742283947.0005 643953711164.00012 183964076434.00003
decision_type=2 2 2 2 2 2 2 2 2 2 2 2 2 2 2 2 2 2 2 2 2 2 2 2 2 2 2 2 2
left_child=1 2 3 -1 8 27 20 -8 23 13 12 -12 -11 15 -15 -4 17 22 -18 -20 -5 -3 -7 -2 28 -26 -19 -6 -25
right_child=4 21 9 6 5 16 7 -9 -10 10 11 -13 -14 14 -16 -17 18 26 19 -21 -22 -23 -24 24 25 -27 -28 -29 -30
leaf_value=-0.015258387118820039 0.0063682395970875083 -0.015378853689068876 -0.0025087052704418598 -0.0017823347167408448 -0.007807994752932459 0.00058773975870311411 -0.010761893794551135 0.00045877961004464119 0.0076531708781861288 -0.0045525190173989196 0.0013723128807113963 -0.0036981175375938613 -0.011835124648233313 0.0095951684371025931 -0.0003121617413920706 -0.012457781071285852 0.0084212282917345872 -0.010507858277839646 -0.0018535151068584397 0.0015775837241960838 0.0056643318566022187 -0.0064965107375256617 0.0025695401958167195 0.0013421729599630105 0.0065983474815708787 0.0012177880954422121 -0.0048989127615676857 -0.0036080444041906362 -0.0016666799200770828
leaf_weight=2.1243416815996161 6.6419705897569647 4.1150016337633115 33.049218118190765 3.8716418892145184 7.2755126059055311 422.94174826145172 4.8585224002599707 47.048579767346382 10.268984377384184 61.032665744423866 33.480014964938164 75.752845287322998 12.499209597706793 5.1350617408752433 27.239604145288467 4.1470486223697653 10.654851667582987 6.1912325322628003 18.435834243893623 227.56955173611641 13.06444166600704 4.093067541718483 42.832075834274292 11.023678258061411 15.713243067264555 22.489812552928925 5.8766337037086487 6.854469820857048 15.230876982212065
leaf_count=10 35 20 148 20 32 1988 22 216 51 280 150 347 59 23 123 21 52 29 87 1077 66 20 198 51 112 112 28 32 72
internal_value=0 -0.00253287 -0.00231919 5.61492e-05 0.00101107 0.00079855 0.00052872 -0.000591479 0.00296635 -0.00298723 -0.00361109 -0.00214402 -0.00579044 -0.00134834 0.00125928 -0.00361794 0.000924924 0.000554143 0.00161523 0.00132045 0.003962 -0.0109496 0.000769984 0.00228943 0.00186913 0.00343086 -0.0077765 -0.00577059 -0.000403332
internal_weight=0 331.511 323.303 70.9675 830 748.632 68.8432 51.9071 81.3686 252.336 182.765 109.233 73.5319 69.5709 32.3747 37.1963 734.502 477.842 256.66 246.005 16.9361 8.20807 465.774 71.0996 64.4576 38.2031 12.0679 14.13 26.2546
internal_count=5481 1525 1485 334 3956 3523 324 238 433 1151 836 497 339 315 146 169 3459 2243 1216 1164 86 40 2186 382 347 224 57 64 123
is_linear=0
shrinkage=0.01


Tree=142
num_leaves=30
num_cat=0
split_feature=2 1 2 1 1 1 1 1 1 1 1 1 1 1 1 2 1 1 1 1 1 1 1 1 1 1 1 1 1
split_gain=29.1809 5.8742 5.03411 5.04487 3.38695 6.08564 2.59711 5.44843 2.53698 2.53389 5.74807 5.85667 5.43842 4.03926 4.15201 3.59564 1.84437 8.4046 5.06864 1.96835 1.62581 1.60482 1.517 1.19958 2.24667 2.63899 0.922301 0.607494 0.567423
threshold=70.500000000000014 4334145191470.5005 22.500000000000004 207995281506.00003 643953705598.00012 660434126998.00012 1183610618133.5002 1707115180123.5002 632859025282.50012 1264132469320.5002 2384994530278.5005 3018885398769.5005 2177228741623.0002 679621560489.50012 701677509007.50012 61.500000000000007 3018885389680.0005 2801556722008.0005 3022918903682.5005 3022918922337.5005 625282412029.00012 4334145198256.5005 2177228745504.5002 174026417975.00003 207995293143.50003 229009853761.00003 2928742283947.0005 643953711164.00012 183964076434.00003
decision_type=2 2 2 2 2 2 2 2 2 2 2 2 2 2 2 2 2 2 2 2 2 2 2 2 2 2 2 2 2
left_child=1 2 3 -1 8 27 20 -8 23 13 12 -12 -11 15 -15 -4 17 22 -18 -20 -5 -3 -7 -2 28 -26 -19 -6 -25
right_child=4 21 9 6 5 16 7 -9 -10 10 11 -13 -14 14 -16 -17 18 26 19 -21 -22 -23 -24 24 25 -27 -28 -29 -30
leaf_value=-0.015139753778542642 0.0063208933774079983 -0.015303933107325474 -0.0024850071943557572 -0.0017638287490076268 -0.0077155141269500743 0.0011000471963557258 -0.010681799814189397 0.00045417664998667758 0.0075909486053595569 -0.0045124980695296765 0.0013581803645041563 -0.0036643503721347894 -0.011766020351059388 0.0094899974356792358 -0.0003090565352718326 -0.01238045240373223 0.0083633615977146102 -0.010368324553318511 -0.0018344254206039215 0.0015624651267711232 0.0056142232909967742 -0.0064446082248836621 -0.00020244462534883934 0.0013293011583987741 0.0065525459582974023 0.0012060643286582304 -0.0048436528393059324 -0.0035693524468765605 -0.0016496336944042957
leaf_weight=2.119601681828498 6.6248908787965766 4.0939010530710203 33.03083772957325 3.8731333166360882 7.2890236377716047 344.9755415469408 4.8460654765367499 47.050143420696259 10.249723881483076 60.958592638373375 33.490055993199348 75.686735853552818 12.447155281901358 5.1400251090526572 27.238157957792282 4.1313010007143012 10.621455803513525 6.2117031812667829 18.441376373171806 227.47430628538132 13.049311101436613 4.0848129987716675 120.70838963985443 11.019142508506777 15.665088832378386 22.48138915002346 5.8842037171125412 6.8594598323106766 15.234361782670019
leaf_count=10 35 20 148 20 32 1619 22 216 51 280 150 347 59 23 123 21 52 29 87 1077 66 20 567 51 112 112 28 32 72
internal_value=0 -0.00250963 -0.00229774 5.56023e-05 0.00100128 0.000790747 0.000523616 -0.0005857 0.00294012 -0.00295989 -0.00357858 -0.00212369 -0.00574245 -0.00133546 0.00124654 -0.00358508 0.000915911 0.000548677 0.00159986 0.00130773 0.00392557 -0.0108792 0.000762433 0.00226895 0.00185213 0.00340163 -0.00768078 -0.00570537 -0.000399313
internal_weight=0 331.24 323.061 70.9383 829.74 748.465 68.8187 51.8962 81.2746 252.123 182.583 109.177 73.4057 69.5403 32.3782 37.1621 734.317 477.78 256.537 245.916 16.9224 8.17871 465.684 71.0249 64.4 38.1465 12.0959 14.1485 26.2535
internal_count=5481 1525 1485 334 3956 3523 324 238 433 1151 836 497 339 315 146 169 3459 2243 1216 1164 86 40 2186 382 347 224 57 64 123
is_linear=0
shrinkage=0.01


end of trees

feature_importances:
Column_1=1952
Column_2=844
Column_0=634
Column_12=565
Column_13=111
Column_3=33
Column_14=24

parameters:
[boosting: gbdt]
[objective: binary]
[metric: l2]
[tree_learner: serial]
[device_type: cpu]
[data_sample_strategy: bagging]
[data: ]
[valid: ]
[num_iterations: 8000]
[learning_rate: 0.01]
[num_leaves: 31]
[num_threads: 0]
[seed: 0]
[deterministic: 0]
[force_col_wise: 0]
[force_row_wise: 0]
[histogram_pool_size: -1]
[max_depth: 6]
[min_data_in_leaf: 20]
[min_sum_hessian_in_leaf: 0.001]
[bagging_fraction: 0.8]
[pos_bagging_fraction: 1]
[neg_bagging_fraction: 1]
[bagging_freq: 0]
[bagging_seed: 3]
[feature_fraction: 0.8]
[feature_fraction_bynode: 1]
[feature_fraction_seed: 2]
[extra_trees: 0]
[extra_seed: 6]
[early_stopping_round: 0]
[early_stopping_min_delta: 0]
[first_metric_only: 0]
[max_delta_step: 0]
[lambda_l1: 0]
[lambda_l2: 0]
[linear_lambda: 0]
[min_gain_to_split: 0]
[drop_rate: 0.1]
[max_drop: 50]
[skip_drop: 0.5]
[xgboost_dart_mode: 0]
[uniform_drop: 0]
[drop_seed: 4]
[top_rate: 0.2]
[other_rate: 0.1]
[min_data_per_group: 100]
[max_cat_threshold: 32]
[cat_l2: 10]
[cat_smooth: 10]
[max_cat_to_onehot: 4]
[top_k: 20]
[monotone_constraints: ]
[monotone_constraints_method: basic]
[monotone_penalty: 0]
[feature_contri: ]
[forcedsplits_filename: ]
[refit_decay_rate: 0.9]
[cegb_tradeoff: 1]
[cegb_penalty_split: 0]
[cegb_penalty_feature_lazy: ]
[cegb_penalty_feature_coupled: ]
[path_smooth: 0]
[interaction_constraints: ]
[verbosity: 1]
[saved_feature_importance_type: 0]
[use_quantized_grad: 0]
[num_grad_quant_bins: 4]
[quant_train_renew_leaf: 0]
[stochastic_rounding: 1]
[linear_tree: 0]
[max_bin: 255]
[max_bin_by_feature: ]
[min_data_in_bin: 3]
[bin_construct_sample_cnt: 200000]
[data_random_seed: 1]
[is_enable_sparse: 1]
[enable_bundle: 1]
[use_missing: 1]
[zero_as_missing: 0]
[feature_pre_filter: 1]
[pre_partition: 0]
[two_round: 0]
[header: 0]
[label_column: ]
[weight_column: ]
[group_column: ]
[ignore_column: ]
[categorical_feature: ]
[forcedbins_filename: ]
[precise_float_parser: 0]
[parser_config_file: ]
[objective_seed: 5]
[num_class: 1]
[is_unbalance: 0]
[scale_pos_weight: 1]
[sigmoid: 1]
[boost_from_average: 1]
[reg_sqrt: 0]
[alpha: 0.9]
[fair_c: 1]
[poisson_max_delta_step: 0.7]
[tweedie_variance_power: 1.5]
[lambdarank_truncation_level: 30]
[lambdarank_norm: 1]
[label_gain: ]
[lambdarank_position_bias_regularization: 0]
[eval_at: ]
[multi_error_top_k: 1]
[auc_mu_weights: ]
[num_machines: 1]
[local_listen_port: 12400]
[time_out: 120]
[machine_list_filename: ]
[machines: ]
[gpu_platform_id: -1]
[gpu_device_id: -1]
[gpu_use_dp: 0]
[num_gpu: 1]

end of parameters

pandas_categorical:null
