tree
version=v4
num_class=1
num_tree_per_iteration=1
label_index=0
max_feature_idx=21
objective=binary sigmoid:1
feature_names=Column_0 Column_1 Column_2 Column_3 Column_4 Column_5 Column_6 Column_7 Column_8 Column_9 Column_10 Column_11 Column_12 Column_13 Column_14 Column_15 Column_16 Column_17 Column_18 Column_19 Column_20 Column_21
feature_infos=[4200193:4201101] [12046470724:4334145178528] [46:inf] [47:inf] none none none none none none none none [1:2.9051147138012974] [1:2.9519165083627352] [1:2.9757956940416976] [1:2.9878569095324155] [1:2.9939181829624251] [1:2.9969565188355918] [1:2.9984776156685702] [1:2.9992386468234402] [1:2.9996192831498121] [1:2.9998096315082794]
tree_sizes=3200 3382 3378 3381 3381 3380 3375 3365 2351 3388 3379 3378 3376 3383 3383 3386 3377 3388 3390 3380 3380 3385 3385 3382 3395 2354 2353 3393 3387 3394 3383 2350 3388 3383 3386 3386 3379 3393 3390 3378 2352 3395 3387 2348 2353 2354 3395 3385 3387 3387 3389 3285 2464 3395 3395 3395 2360 3389 3396 3386 3383 3394 2363 3399 3392 3392 3395 3393 3390 2358 3392 3394 3397 3394 3395 3383 3394 3388 2365 3394 3398 3401 3401 3403 3389 2368 3398 3405 1191 3394 3398 3404 3400 2462 3405 3397 3406 3395 1188 3400 3408 2472 3406 3393 3403 3393 3397 3411 3408 1196 3406 3412 2361 2367 3411 3403 2367 3407 3410 3404 3410 2363

Tree=0
num_leaves=31
num_cat=0
split_feature=1 12 1 1 1 1 1 1 1 1 1 12 12 1 1 1 1 1 1 1 1 1 1 1 1 12 1 1 1 1
split_gain=2180.24 1258.46 328.921 133.928 106.17 1953.02 70.1534 62.7257 78.021 71.9863 57.4082 47.961 45.4503 49.2312 32.3474 26.2777 16.7272 14.8809 14.8587 13.4999 13.2315 10.9479 9.90907 35.328 8.80613 3.68443 3.13899 1.61585 0.410455 0.337008
threshold=3985955691713.0005 1.4814014859090314 3985955706084.5005 3985955694497.5005 1818756050482.5002 1861025330344.5002 1514623709106.0002 507703113266.50006 251391422769.50003 330364825549.00006 1861025328962.5002 1.9683586384621594 1.9663941833800986 2438310493448.0005 2627809327444.0005 1514623739995.5002 3985955690461.5005 4179354223176.5005 643953703719.50012 1514623741114.5002 1861025320697.5002 1861025332985.5002 701677501646.00012 1119808860881.5002 3985955697097.0005 2.8993418835252593 1514623739995.5002 3985955695784.5005 3985955700886.0005 1818756047612.5002
decision_type=2 2 2 2 2 2 2 2 2 2 2 2 2 2 2 2 2 2 2 2 2 2 2 2 2 2 2 2 2 2
left_child=1 4 3 -2 7 10 18 8 -1 -10 20 12 13 -8 -14 -13 21 -4 -3 26 -6 -7 -20 -24 27 -17 -9 -5 -26 -21
right_child=2 6 17 24 5 16 11 19 9 -11 -12 15 14 -15 -16 25 -18 -19 22 29 -22 -23 23 -25 28 -27 -28 -29 -30 -31
leaf_value=1.9183567875625931 1.874930692917669 1.8652706920866444 1.8924984153592066 1.8466532359395789 1.8521707885206695 1.9041934271423824 1.8892869403065455 1.9156376451632999 1.8522189576305044 1.9055421622177602 1.872910874562091 1.9125303884599645 1.8365818129062865 1.840749151515582 1.8793742932999402 1.8823366935547878 1.8960906947380085 1.917299905864907 1.8304946890949558 1.9192876291179217 1.8339393405540809 1.9151840247289191 1.8768626930838739 1.8304946890949558 1.8331877802357264 1.8668514194953574 1.9066706956481783 1.8385739625172675 1.8309939700367841 1.9173917632371502
leaf_weight=9.9018808007240313 9.9018808007240278 2.5879915729165104 4.8384190276265127 4.950940400362013 4.6133762821555129 9.2267525643110258 7.3138892278075271 447.83506348729134 5.0634617730975133 5.0634617730975151 4.9509404003620139 2.925555691123007 8.2140602096915227 2.9255556911230087 2.2504274547100058 4.0507694184780121 4.7258976548910132 4.8384190276265144 6.7512823641300184 126.47402295470238 29.030514165759087 511.63468182832003 2.5879915729165077 4.5008549094200134 14.852821201086043 2.4754702001810074 3.9382480457425109 4.9509404003620148 20.02880434691906 10.126923546195028
leaf_count=88 88 23 43 44 41 82 65 3980 45 45 44 26 73 26 20 36 42 43 60 1124 258 4547 23 40 132 22 35 44 178 90
internal_value=1.90788 1.91088 1.85116 1.84165 1.9129 1.90978 1.8599 1.9158 1.8984 1.87888 1.84112 1.86896 1.86044 1.87542 1.84578 1.88763 1.91482 1.9049 1.84328 1.91639 1.83644 1.91499 1.83917 1.84742 1.83429 1.87646 1.91556 1.84261 1.83193 1.91915
internal_weight=0 1219.17 64.3622 54.6854 1172.59 564.182 46.5838 608.403 20.0288 10.1269 38.5948 30.1557 20.7039 10.2394 10.4645 9.4518 525.587 9.67684 16.4281 588.374 33.6439 520.861 13.8401 7.08885 44.7835 6.52624 451.773 9.90188 34.8816 136.601
internal_count=11407 10835 572 486 10421 5014 414 5407 178 90 343 268 184 91 93 84 4671 86 146 5229 299 4629 123 63 398 58 4015 88 310 1214
is_linear=0
shrinkage=1


Tree=1
num_leaves=31
num_cat=0
split_feature=1 2 1 1 1 1 1 1 1 1 1 13 2 1 2 1 1 1 1 1 1 1 1 1 1 1 1 1 1 2
split_gain=2053.03 1200.93 293.672 115.432 105.122 1833.96 61.7775 74.8792 66.136 60.3977 49.4635 44.6705 38.7536 52.5745 26.468 24.7075 16.4238 14.6398 14.4885 13.5052 11.1633 10.8181 7.35373 3.39731 5.70257 3.10934 1.36845 0.348035 0.338332 0.25197
threshold=3985955691713.0005 56.500000000000007 3985955706084.5005 3985955694497.5005 1818756050482.5002 1861025330344.5002 507703113266.50006 251391422769.50003 330364825549.00006 1514623709106.0002 1861025328962.5002 2.9484554422879965 50.500000000000007 1861025347675.5002 49.500000000000007 2883033186659.0005 3985955690461.5005 1514623739995.5002 4179354223176.5005 1514623741114.5002 1861025320697.5002 1861025332985.5002 3985955697097.0005 1119808859462.5002 660434133297.50012 1514623739995.5002 3985955695784.5005 3985955698312.5005 1818756047612.5002 53.500000000000007
decision_type=2 2 2 2 2 2 2 2 2 2 2 2 2 2 2 2 2 2 2 2 2 2 2 2 2 2 2 2 2 2
left_child=1 9 3 -2 6 10 7 -3 -9 14 20 12 15 -14 -1 -11 21 -13 -4 25 -6 -7 26 24 -16 -8 -5 -24 -21 -29
right_child=2 4 18 22 5 16 19 8 -10 11 -12 17 13 -15 23 -17 -18 -19 -20 28 -22 -23 27 -25 -26 -27 -28 29 -30 -31
leaf_value=-0.031337443954109687 -0.031835006942270108 0.010450684421136423 -0.015057257806794471 -0.057937820397248964 -0.052930216585788496 -0.00364240842633074 0.0077218954418908645 -0.052886322151151209 -0.0023131481078761027 -0.064283324853878734 -0.033736056616763765 0.0070181095263729797 -0.013554595332774221 -0.053372087306629144 -0.067190829271493044 -0.027637040170763974 -0.011572166541987871 -0.025180428852641181 0.0093887381646469356 0.011387374499253991 -0.069322030334718218 0.0072687014839622225 -0.068713500551895484 -0.072630651502728211 -0.049477770588263317 -0.0011988539591604463 -0.065196921725510212 -0.068450436046368496 0.0094809693480195009 -0.071759465727738822
leaf_weight=2.5644106864929226 10.145574510097502 9.8251486420631426 4.8938032090663892 5.1787037551403028 4.8062628284096709 9.2520164698362333 445.26409178972244 5.2749811112880689 5.0722550600767136 9.2260610386729258 5.0803115069866172 2.2426792979240409 7.1813692301511765 6.1610554605722427 6.9814229533076269 2.2980480939149865 4.7673300951719275 3.8127745240926743 4.8047005236148834 125.40705907344818 30.647606804966927 508.9836316332221 5.2295701503753653 5.2239414453506461 2.4572571218013763 3.941788785159587 5.2091905474662781 2.4983873218297985 10.055662617087362 29.150371178984642
leaf_count=22 88 88 43 44 41 82 3980 45 45 78 44 20 63 53 59 20 42 33 43 1124 258 4548 44 44 21 35 44 21 90 245
internal_value=0 0.0029723 -0.0538427 -0.0624405 0.00498928 0.00188176 0.00788459 -0.00932104 -0.0280952 -0.0459714 -0.0629183 -0.0376117 -0.0435429 -0.0319409 -0.0609767 -0.0569756 0.00690394 -0.0132555 -0.00294656 0.00847822 -0.0670999 0.00707391 -0.0690099 -0.0661604 -0.0625794 0.00764362 -0.061578 -0.0711034 0.0112459 -0.0714982
internal_weight=0 1216.53 67.1103 57.4118 1168.38 563.537 604.841 20.1724 10.3472 48.149 40.5342 30.922 24.8665 13.3424 17.227 11.5241 523.003 6.05545 9.6985 584.669 35.4539 518.236 47.2662 14.6626 9.43868 449.206 10.3879 36.8783 135.463 31.6488
internal_count=11407 10835 572 486 10422 5015 5407 178 90 413 343 267 214 116 146 98 4672 53 86 5229 299 4630 398 124 80 4015 88 310 1214 266
is_linear=0
shrinkage=0.01


Tree=2
num_leaves=31
num_cat=0
split_feature=1 2 1 0 1 1 1 1 1 1 1 1 1 1 0 0 0 0 0 1 0 2 1 1 1 0 1 1 1 0
split_gain=1939.05 1144.82 264.035 121.997 124.56 104.132 1728.47 100.571 60.8515 71.9468 60.9966 43.0796 32.9138 45.5215 27.09 751.295 20.4898 251.061 15.5562 14.1106 12.1378 11.2058 17.0479 9.55121 8.32667 8.05772 14.331 5.74354 3.44521 2.55114
threshold=3985955691713.0005 56.500000000000007 3985955706084.5005 4201048.0000000009 1514623709106.0002 1818756050482.5002 1861025330344.5002 3985955694497.5005 507703113266.50006 251391422769.50003 330364825549.00006 1861025328962.5002 1514623739995.5002 1861025332985.5002 4200993.0000000009 4200985.0000000009 4200970.0000000009 4200977.5000000009 4200993.0000000009 4179354223176.5005 4200962.0000000009 49.500000000000007 858533846337.00012 1861025320697.5002 2384994529348.5005 4201032.5000000009 3985955698312.5005 3399813435297.5005 3985955695784.5005 4200993.0000000009
decision_type=2 2 2 2 2 2 2 2 2 2 2 2 2 2 2 2 2 2 2 2 2 2 2 2 2 2 2 2 2 2
left_child=1 3 7 21 -5 8 11 20 9 -3 -11 23 -6 -14 15 -10 27 -18 -13 -4 -2 22 -1 -7 -24 28 -27 -8 -9 -22
right_child=2 5 19 4 12 6 16 25 14 10 -12 18 13 -15 -16 -17 17 -19 -20 -21 29 -23 24 -25 -26 26 -28 -29 -30 -31
leaf_value=-0.026080308989491988 -0.013133696846212189 0.010427461327670987 -0.014741490400380277 -0.062796053059776855 0.0095396960079012633 -0.050424992367270799 0.0099953650198321541 -0.059095343981468249 0.010138648133307473 -0.050384730666414683 -0.002286075583608764 -0.049867191210859654 -0.05776923739942972 -0.0095922819010499389 0.010905553127268678 -0.057284716470593314 -0.078073337434349258 0.0062232488945299404 -0.015297810647821888 0.0093603971022667119 -0.044912648415045324 -0.062588110875415784 -0.066734165723670441 -0.065288494725866703 -0.043389405554313872 -0.038712126158290248 -0.064411577725908331 0.0051623433825530056 -0.068261102732472975 -0.032907266711263913
leaf_weight=2.3879011422395724 2.8320631384849531 9.7489416599273699 4.9483656287193281 6.711534813046458 5.1017951220273963 4.9936181604862204 177.14637307822704 4.6631843000650397 310.54278693348169 5.480439327657221 5.0809537991881371 2.6034600138664237 2.5953935459256163 8.0272796601057035 252.99149448424578 17.455814525485039 3.5737213343381873 311.05125463753939 2.6034600138664246 4.7712232619524002 2.8320631384849548 18.584960132837296 3.8255553394556046 32.207366421818733 2.5439011082053185 2.9756935536861411 8.0124938637018186 28.552322834730148 34.009544178843498 4.7201052308082581
leaf_count=20 24 88 43 54 45 41 1591 38 2795 45 45 22 22 68 2277 157 32 2793 22 43 24 152 31 258 21 24 64 256 272 40
internal_value=0 0.00295032 -0.0512637 -0.0440125 -0.0267303 0.00495863 0.00186687 -0.0590907 0.00785207 -0.00916229 -0.0272451 -0.0595226 -0.0113367 -0.0213632 0.00844686 0.00655043 0.00687029 0.00526575 -0.0325825 -0.00291018 -0.0307887 -0.0581936 -0.0488676 -0.0632933 -0.0574105 -0.0650088 -0.057452 0.00932451 -0.0671559 -0.0374093
internal_weight=0 1213.81 69.7647 49.7783 22.436 1164.03 562.732 60.0451 601.3 20.3103 10.5614 42.4079 15.7245 10.6227 580.99 327.999 520.324 314.625 5.20692 9.71959 10.3842 27.3423 8.75736 37.201 6.36946 49.6609 10.9882 205.699 38.6727 7.55217
internal_count=11407 10835 572 413 189 10422 5015 486 5407 178 90 343 135 90 5229 2952 4672 2825 44 86 88 224 72 299 52 398 88 1847 310 64
is_linear=0
shrinkage=0.01


Tree=3
num_leaves=31
num_cat=0
split_feature=1 2 1 0 1 1 1 1 1 1 1 1 1 1 0 0 0 0 0 1 0 1 1 1 0 1 1 1 1 0
split_gain=1836.3 1093.36 238.857 109.046 113.664 103.15 1634.34 88.4761 59.9487 69.2033 56.4546 37.8896 31.7159 41.8198 27.0649 714.535 20.4056 234.246 14.1985 13.7465 11.2107 9.89988 8.99234 8.27426 6.90255 12.5431 5.73356 5.45158 2.95881 2.29846
threshold=3985955691713.0005 56.500000000000007 3985955706084.5005 4201048.0000000009 1514623709106.0002 1818756050482.5002 1861025330344.5002 3985955694497.5005 507703113266.50006 251391422769.50003 330364825549.00006 1861025328962.5002 1514623739995.5002 1861025332985.5002 4200993.0000000009 4200985.0000000009 4200970.0000000009 4200977.5000000009 4200993.0000000009 4179354223176.5005 4200962.0000000009 643953705110.00012 2946978529348.5005 1861025320697.5002 4201032.5000000009 3985955698312.5005 3399813435297.5005 858533846337.00012 3985955695784.5005 4200993.0000000009
decision_type=2 2 2 2 2 2 2 2 2 2 2 2 2 2 2 2 2 2 2 2 2 2 2 2 2 2 2 2 2 2
left_child=1 3 7 21 -5 8 11 20 9 -3 -11 23 -6 -14 15 -10 26 -18 -13 -4 -2 -1 27 -7 28 -26 -8 -23 -9 -22
right_child=2 5 19 4 12 6 16 24 14 10 -12 18 13 -15 -16 -17 17 -19 -20 -21 29 22 -24 -25 25 -27 -28 -29 -30 -31
leaf_value=-0.036271062498472159 -0.012878506526225296 0.010404361442099266 -0.014436450940199148 -0.059476888963578965 0.0095115669443867554 -0.048156519360082715 0.0099698314988368852 -0.056101084604652726 0.01011390092118002 -0.048119381292792252 -0.002259369815044268 -0.047619295259376852 -0.054851133553943165 -0.0094301980975867779 0.010885205020829423 -0.054350296916280912 -0.072960932702427636 0.0061898053656012711 -0.014977204559903137 0.0093321275457373797 -0.043039104621754989 -0.05080545775130333 -0.041841838200787553 -0.061736437391812324 -0.037287833003915097 -0.060948459453153837 0.0051305065814696779 -0.06218323178272827 -0.064416855364658493 -0.031808682810466338
leaf_weight=2.5005317628383663 2.8591614961624128 9.6732605099678057 5.0021200627088529 7.0136283412575748 5.0658942013978949 5.1756102889776221 175.8306675106287 4.8619068264961234 308.20134522765875 5.680019482970236 5.0895596668124199 2.6985976099967948 2.705556981265544 8.0833138450980169 250.94005292654037 18.210327081382275 3.7847694233059874 309.6117902174592 2.6324506103992462 4.7379869222640991 2.9253078103065491 5.5940639898181024 3.3613315224647513 33.711913257837296 3.0580369532108298 8.381148695945738 28.442756146192551 17.035787373781204 35.669998019933701 4.8337072134017944
leaf_count=20 24 88 43 54 45 41 1591 38 2795 45 45 22 22 68 2277 157 32 2793 22 43 24 44 27 258 24 64 256 133 272 40
internal_value=0 0.00292893 -0.0489404 -0.0422212 -0.025957 0.00492854 0.00185232 -0.0561092 0.00781998 -0.00900922 -0.0264466 -0.0565017 -0.0111289 -0.0208205 0.00841587 0.00651748 0.00683684 0.00523393 -0.0315008 -0.00287444 -0.0298053 -0.0552754 -0.0571037 -0.0599291 -0.0614833 -0.0546233 0.00929601 -0.0593707 -0.0634194 -0.0360428
internal_weight=0 1211.04 72.3294 51.3601 22.8684 1159.68 561.889 62.5893 597.795 20.4428 10.7696 44.2186 15.8548 10.7889 577.352 326.412 517.67 313.397 5.33105 9.74011 10.6182 28.4917 25.9912 38.8875 51.9711 11.4392 204.273 22.6299 40.5319 7.75902
internal_count=11407 10835 572 413 189 10422 5015 486 5407 178 90 343 135 90 5229 2952 4672 2825 44 86 88 224 204 299 398 88 1847 177 310 64
is_linear=0
shrinkage=0.01


Tree=4
num_leaves=31
num_cat=0
split_feature=1 12 1 1 1 0 1 1 1 1 1 1 1 1 0 0 0 0 1 0 0 1 1 1 0 1 1 1 1 0
split_gain=1743.19 1043.1 217.286 102.23 1549.73 99.5739 105.159 78.5063 59.0674 66.6311 52.4191 33.6056 30.0184 39.2211 27.0358 681.385 20.3405 219.607 13.3953 13.0113 10.3834 8.75351 7.90807 7.24842 5.9835 11.0789 5.72362 4.74288 2.57463 2.0812
threshold=3985955691713.0005 1.4814014859090314 3985955706084.5005 1818756050482.5002 1861025330344.5002 4201048.0000000009 1514623709106.0002 3985955694497.5005 507703113266.50006 251391422769.50003 330364825549.00006 1861025328962.5002 1514623739995.5002 1861025332985.5002 4200993.0000000009 4200985.0000000009 4200970.0000000009 4200977.5000000009 4179354223176.5005 4200993.0000000009 4200962.0000000009 643953705110.00012 2946978529348.5005 1861025320697.5002 4201032.5000000009 3985955698312.5005 3399813435297.5005 858533846337.00012 3985955695784.5005 4200993.0000000009
decision_type=2 2 2 2 2 2 2 2 2 2 2 2 2 2 2 2 2 2 2 2 2 2 2 2 2 2 2 2 2 2
left_child=1 3 7 8 11 21 -7 20 9 -1 -11 23 -8 -14 15 -10 26 -18 -4 -13 -2 -3 27 -5 28 -26 -6 -23 -9 -22
right_child=2 5 18 4 16 6 12 24 14 10 -12 19 13 -15 -16 -17 17 -19 -20 -21 29 22 -24 -25 25 -27 -28 -29 -30 -31
leaf_value=0.010381381260499978 -0.012631127612111668 -0.03500085011078042 -0.014141598704510381 -0.046092344118720353 0.0099443930886228323 -0.056518704448746043 0.0094835170436700419 -0.053416205447397946 0.010089255915904745 -0.046057913718186481 -0.0022330209665879196 -0.045572808458966788 -0.052230331733031037 -0.0089877585064819937 0.010865015161868337 -0.051715217518105136 -0.068530943991439996 0.0061544826362167531 0.0093039253451882228 -0.014667538030244637 -0.041318928858370289 -0.048545880752482944 -0.040216708863728051 -0.0585838424719409 -0.03596526372762144 -0.057870050824196079 0.0050987750102944682 -0.058963079987388076 -0.061022027682073342 -0.030779015528849287
leaf_weight=9.5981032252311724 2.8858698606491071 2.5650320798158672 5.0550802871584875 5.3523971438407889 174.52420710027218 7.3053835034370449 5.030247978866103 5.0542129576206198 305.87630097568035 5.8738942444324476 5.0980729982256889 2.7911008000373831 2.8123437687754622 8.2516202181577665 248.90251626074314 18.942990966141224 3.9880536645650855 308.07100993394852 4.7049911841750145 2.6610019207000732 3.0161504745483398 5.7948484867811265 3.4616683945059767 35.163181096315384 3.1383711695671073 8.736848056316374 28.334114924073219 17.782575950026512 37.269460245966911 4.9448844790458679
leaf_count=88 24 20 43 41 1591 54 45 38 2795 45 45 22 22 69 2277 157 32 2792 43 22 24 44 27 258 24 64 256 133 272 40
internal_value=0 0.00290784 -0.0468372 0.00489818 0.00183601 -0.0404701 -0.0250534 -0.053439 0.00778821 -0.00886151 -0.0256949 -0.0537971 -0.0107709 -0.0199796 0.00838517 0.00648491 0.00680249 0.00520002 -0.00283933 -0.0304889 -0.0288815 -0.0526557 -0.0543305 -0.0569336 -0.0583538 -0.0520811 0.00926758 -0.0564027 -0.0601138 -0.0347722
internal_weight=0 1208.18 74.8059 1155.18 560.885 53.0037 23.3996 65.0458 594.292 20.5701 10.972 45.9677 16.0942 11.064 573.722 324.819 514.917 312.059 9.76007 5.4521 10.8469 29.6041 27.0391 40.5156 54.1989 11.8752 202.858 23.5774 42.3237 7.96103
internal_count=11407 10835 572 10421 5014 414 190 486 5407 178 90 343 136 91 5229 2952 4671 2824 86 44 88 224 204 299 398 88 1847 177 310 64
is_linear=0
shrinkage=0.01


Tree=5
num_leaves=31
num_cat=0
split_feature=1 2 1 1 1 0 1 1 1 1 1 1 1 1 0 0 0 0 1 0 0 2 1 1 1 1 0 1 1 0
split_gain=1658.41 1002.6 198.655 101.203 1473.43 88.5749 95.9241 70.2015 58.2066 64.2147 48.8157 30.0326 29.525 35.6919 27.0029 651.314 20.2344 206.769 13.0566 11.9677 9.64226 9.09015 13.2234 6.41395 6.34093 5.71372 5.2423 9.86694 2.26682 1.89326
threshold=3985955691713.0005 56.500000000000007 3985955706084.5005 1818756050482.5002 1861025330344.5002 4201048.0000000009 1514623709106.0002 3985955694497.5005 507703113266.50006 251391422769.50003 330364825549.00006 1861025328962.5002 1514623739995.5002 1861025332985.5002 4200993.0000000009 4200985.0000000009 4200970.0000000009 4200977.5000000009 4179354223176.5005 4200993.0000000009 4200962.0000000009 49.500000000000007 858533846337.00012 1861025320697.5002 2384994529348.5005 3399813435297.5005 4201032.5000000009 3985955698312.5005 3985955695784.5005 4200993.0000000009
decision_type=2 2 2 2 2 2 2 2 2 2 2 2 2 2 2 2 2 2 2 2 2 2 2 2 2 2 2 2 2 2
left_child=1 5 7 8 11 21 -7 20 9 -3 -11 23 -8 -14 15 -10 25 -18 -4 -13 -2 22 -1 -5 -24 -6 28 -28 -9 -22
right_child=2 3 18 4 16 6 12 26 14 10 -12 19 13 -15 -16 -17 17 -19 -20 -21 29 -23 24 -25 -26 -27 27 -29 -30 -31
leaf_value=-0.022953331084774774 -0.012391209708996705 0.010358517755118042 -0.013856423527286625 -0.044205718991272007 0.0099190450198258211 -0.053865171909554956 0.0094555433308979326 -0.050994662827440279 0.01006471074985602 -0.044173647380178295 -0.002207026205027612 -0.043701472692048389 -0.049863116380977034 -0.0091226907846737541 0.01084497857859695 -0.049335375230901715 -0.064654234560311052 0.0061231947590532198 0.0092757877636551953 -0.014368253397872108 -0.039733750615934954 -0.054011030202425189 -0.056886524989661277 -0.055766436041454572 -0.037647356887070181 0.0050671497698769816 -0.034733710362515442 -0.055115150031285066 -0.058001670800102531 -0.029811856696022612
leaf_weight=2.5892951488494891 2.9121946692466727 9.52346980571747 5.1072600781917554 5.5241265743970862 173.2270030528307 7.5871377289295223 4.9948560819029835 5.2403039932250968 303.56762883812189 6.0622262209653837 5.1064954698085785 2.8810443282127371 2.9158585071563712 8.1914991661906225 246.87889394164085 19.654479146003723 4.1838743388652793 306.76963184773922 4.6722350865602493 2.6891216486692429 3.1046558618545514 20.913348644971848 4.3528262227773666 36.562948018312454 2.8248237371444702 28.226393312215805 3.2167470157146445 9.0800217241048795 38.810030922293663 5.0536930561065674
leaf_count=20 24 88 43 41 1591 54 45 38 2795 45 45 22 22 68 2277 157 32 2793 43 22 24 152 31 258 21 256 24 64 272 40
internal_value=0 0.00288707 -0.0449238 0.0048695 0.00182381 -0.0390756 -0.0245501 -0.0510335 0.00775676 -0.00871883 -0.0249859 -0.0513611 -0.0107372 -0.0198177 0.00835476 0.00645271 0.00677036 0.00517089 -0.00280482 -0.0295402 -0.0280117 -0.0502912 -0.0423262 -0.054249 -0.0493148 0.00923923 -0.0555565 -0.0497835 -0.0571681 -0.0335876
internal_weight=0 1205.23 77.1971 1150.86 560.064 54.3696 23.6894 67.4176 590.793 20.6922 11.1687 47.6572 16.1022 11.1074 570.101 323.222 512.407 310.954 9.7795 5.57017 11.0705 30.6803 9.76695 42.0871 7.17765 201.453 56.3471 12.2968 44.0503 8.15835
internal_count=11407 10835 572 10422 5015 413 189 486 5407 178 90 343 135 90 5229 2952 4672 2825 86 44 88 224 72 299 52 1847 398 88 310 64
is_linear=0
shrinkage=0.01


Tree=6
num_leaves=31
num_cat=0
split_feature=1 2 1 1 1 0 1 1 1 1 1 1 1 1 0 0 0 0 1 0 0 2 1 1 1 1 0 1 1 0
split_gain=1580.86 962.303 182.444 100.239 1404.03 80.4351 88.6531 63.2181 57.3654 61.9402 45.5837 28.5124 33.146 27.0247 26.9664 623.892 20.1478 195.378 12.7297 11.0457 8.97605 8.07906 12.0251 5.72752 5.70387 5.66774 4.63725 8.85412 2.01704 1.72976
threshold=3985955691713.0005 56.500000000000007 3985955706084.5005 1818756050482.5002 1861025330344.5002 4201048.0000000009 1514623709106.0002 3985955694497.5005 507703113266.50006 251391422769.50003 330364825549.00006 1514623739995.5002 1861025332985.5002 1861025328962.5002 4200993.0000000009 4200985.0000000009 4200970.0000000009 4200977.5000000009 4179354223176.5005 4200993.0000000009 4200962.0000000009 49.500000000000007 858533846337.00012 1861025320697.5002 3399813435297.5005 2384994529348.5005 4201032.5000000009 3985955698312.5005 3985955695784.5005 4200993.0000000009
decision_type=2 2 2 2 2 2 2 2 2 2 2 2 2 2 2 2 2 2 2 2 2 2 2 2 2 2 2 2 2 2
left_child=1 5 7 8 13 21 -7 20 9 -3 -11 -8 -13 23 15 -10 24 -18 -4 -15 -2 22 -1 -5 -6 -24 28 -28 -9 -22
right_child=2 3 18 4 16 6 11 26 14 10 -12 12 -14 19 -16 -17 17 -19 -20 -21 29 -23 25 -25 -26 -27 27 -29 -30 -31
leaf_value=-0.022364309310164376 -0.012158414227300449 0.010335767140501214 -0.013580455190186897 -0.042474390497887295 0.0098937864751349937 -0.051471167633071413 0.0094276428449941944 -0.048799168810267635 0.010040261082813289 -0.042444375512064217 -0.0021813786456896128 -0.047713980712395729 -0.0089721585390656142 -0.041983419845423649 0.010825093059573203 -0.047174961668776237 -0.061232515211332182 0.0060899853812082724 0.0092477128179204397 -0.01407883381241206 -0.038268044373755646 -0.051581614289587664 -0.054250983909863618 -0.053233103229977152 0.0050356282555817531 -0.036332593860339595 -0.033583926789364324 -0.052634956122208428 -0.055296712883942362 -0.028901571501374894
leaf_weight=2.6307037770748156 2.9381423592567435 9.4493602514266986 5.1586722508072835 5.6909403204917899 171.93900881707668 7.8592058569192913 4.9597178399562862 5.4203679263591757 301.27529216557741 6.2451716512441617 5.1148280873894691 3.016199678182601 8.245371073484419 2.9684993326663962 244.86915599554777 20.345422357320786 4.3725028783082953 305.36510424315929 4.639718309044838 2.7168170064687729 3.1908849477767927 21.675371095538139 4.5177826285362244 37.91287100315094 28.119585588574409 2.8973993360996246 3.2932122945785514 9.4110697209835035 40.29365548491478 5.1601874828338623
leaf_count=20 24 88 43 41 1591 54 45 38 2795 45 45 22 68 22 2277 157 32 2793 43 22 24 152 31 258 256 21 24 64 272 40
internal_value=0 0.0028666 -0.0431752 0.00484052 0.00180981 -0.0376853 -0.0239056 -0.0488546 0.00772563 -0.00858092 -0.024316 -0.01055 -0.0193484 -0.0491552 0.00832463 0.00642088 0.00673731 0.00513961 -0.0027709 -0.0286488 -0.0271914 -0.0481459 -0.0407329 -0.0518289 0.00921094 -0.0472496 -0.053041 -0.0476965 -0.0545263 -0.0324804
internal_weight=0 1202.19 79.5059 1146.38 559.085 55.8018 24.0805 69.7075 587.299 20.8094 11.36 16.2213 11.2616 49.2891 566.49 321.621 509.796 309.738 9.79839 5.68532 11.2892 31.7213 10.0459 43.6038 200.059 7.41518 58.4183 12.7043 45.714 8.35107
internal_count=11407 10835 572 10422 5015 413 189 486 5407 178 90 135 90 343 5229 2952 4672 2825 86 44 88 224 72 299 1847 52 398 88 310 64
is_linear=0
shrinkage=0.01


Tree=7
num_leaves=31
num_cat=0
split_feature=1 2 1 1 1 0 1 1 1 1 1 1 1 0 0 1 0 0 1 0 0 2 1 1 1 1 0 1 1 1
split_gain=1509.64 924.9 168.247 99.2807 1340.68 73.3679 82.2213 57.2957 56.5428 59.7956 42.6726 27.5524 30.875 26.9263 598.768 24.4712 20.0605 185.204 12.4139 10.2274 8.37517 7.23054 10.99 5.69404 5.15721 5.10342 4.13799 8.00032 1.81209 1.63882
threshold=3985955691713.0005 56.500000000000007 3985955706084.5005 1818756050482.5002 1861025330344.5002 4201048.0000000009 1514623709106.0002 3985955694497.5005 507703113266.50006 251391422769.50003 330364825549.00006 1514623739995.5002 1861025332985.5002 4200993.0000000009 4200985.0000000009 1861025328962.5002 4200970.0000000009 4200977.5000000009 4179354223176.5005 4200993.0000000009 4200962.0000000009 49.500000000000007 858533846337.00012 3399813435297.5005 1861025320697.5002 2384994529348.5005 4201032.5000000009 3985955698312.5005 3985955695784.5005 2135720103013.0002
decision_type=2 2 2 2 2 2 2 2 2 2 2 2 2 2 2 2 2 2 2 2 2 2 2 2 2 2 2 2 2 2
left_child=1 5 7 8 15 21 -7 20 9 -3 -11 -8 -13 14 -10 24 23 -18 -4 -17 -2 22 -1 -6 -5 -24 28 -28 -9 -23
right_child=2 3 18 4 16 6 11 26 13 10 -12 12 -14 -15 -16 19 17 -19 -20 -21 -22 29 25 -25 -26 -27 27 -29 -30 -31
leaf_value=-0.021802244121808978 -0.011932430106571912 0.010313126848183878 -0.013313249475224982 -0.040879673093192882 0.0098686137960039607 -0.04930010955812103 0.0093998138668289506 -0.046799168569096203 0.010015904432173506 -0.040851482265955412 -0.0021560731841034622 -0.04575378974168362 -0.0088252438028372116 0.010805355888361805 -0.04520459726970702 -0.040400294114007175 -0.058189634322351483 0.0060568543376728155 0.0092196986237942369 -0.013798790783616535 -0.03144313726563204 -0.051351369134701071 -0.051873023115258848 0.0050042128273812391 -0.050942665971255713 -0.03510807310732518 -0.032507881304075385 -0.050390059563066796 -0.052859961730631316 -0.045670901351613356
leaf_weight=2.6713303923606855 2.9637188315391532 9.3757719397544879 5.2093296200036985 5.8529740124940863 170.66022396087646 8.1218841820955294 4.9248327314853695 5.5945848226547232 298.99926513433456 6.4228767156600934 5.1230711862444878 3.1134599149227133 8.2985361218452436 242.87328565120697 21.016417548060417 3.0535336732864371 4.5541868954896918 303.97210524976254 4.6074398905038834 2.7440956979990005 8.5393164157867414 14.632935106754305 4.6768074482679367 28.013686165213585 39.214507073163986 2.9681068360805511 3.36781421303749 9.7303675413131696 41.722148507833481 7.7786798775196067
leaf_count=20 24 88 43 41 1591 54 45 38 2795 45 45 22 68 2277 157 22 32 2793 43 22 64 99 31 256 258 21 24 64 272 53
internal_value=0 0.00284644 -0.0415709 0.0048119 0.001796 -0.036399 -0.0232967 -0.0468717 0.0076948 -0.0084475 -0.0236819 -0.010369 -0.0189002 0.00829478 0.0063894 -0.047148 0.0067044 0.00510851 -0.00273755 -0.0278094 -0.0264163 -0.0461908 -0.0392629 0.00918272 -0.0496358 -0.0453641 -0.0507664 -0.0457922 -0.0521434 -0.0493798
internal_weight=0 1199.06 81.7347 1141.88 558.065 57.1866 24.4587 71.918 583.811 20.9217 11.5459 16.3368 11.412 562.889 320.016 50.8651 507.2 308.526 9.81677 5.79763 11.503 32.7279 10.3162 198.674 45.0675 7.64491 60.4149 13.0982 47.3167 22.4116
internal_count=11407 10835 572 10422 5015 413 189 486 5407 178 90 135 90 5229 2952 343 4672 2825 86 44 88 224 72 1847 299 52 398 88 310 152
is_linear=0
shrinkage=0.01


Tree=8
num_leaves=21
num_cat=0
split_feature=2 0 12 0 0 0 0 3 12 2 12 2 2 12 12 0 0 0 0 0
split_gain=880.029 63.9844 50.5939 40.2901 363.577 142.473 936.52 11.8068 10.0676 6.5794 6.33822 1.18393 1.00142 0.642704 0.565877 0.537731 2.66203 0.347743 0.0996806 0.28096
threshold=56.500000000000007 4201048.0000000009 1.9690143438181578 4200970.0000000009 4200977.5000000009 4200993.0000000009 4200985.0000000009 50.500000000000007 2.8983726292905869 49.500000000000007 2.8996580756647572 51.500000000000007 50.500000000000007 2.8980566511096142 1.9657402510146069 4201048.0000000009 4201072.0000000009 4201032.5000000009 4200962.0000000009 4200939.5000000009
decision_type=2 2 2 2 2 2 2 2 2 2 2 2 2 2 2 2 2 2 2 2
left_child=1 9 11 18 -5 6 -6 8 -4 -1 -10 -3 -11 -9 -14 17 -17 -7 19 -2
right_child=3 2 7 4 5 15 -8 13 10 12 -12 -13 14 -15 -16 16 -18 -19 -20 -21
leaf_value=-0.038453899219181562 0.0039652781129479349 3.1710512998853276e-05 -0.041708040141066174 -0.062125588494048166 0.0047138582301884981 0.0038178689324324293 -0.050674765371635434 -0.040356654640566009 -0.0093851243015810517 -0.045366822145600491 -0.027802815152976279 -0.0075527094814389862 -0.04701978288767051 -0.046315847358971762 -0.051032980386584555 -0.0020561217595951174 0.0041401581012850078 0.0043789716973465865 0.0039581878602501829 0.0045567342175535991
leaf_weight=11.052917674183844 159.51770225167274 3.4265302568674088 3.5363926365971592 9.1719173118472082 156.51237959414721 319.60274595022202 37.9229741320014 3.2324031442403784 2.8226282447576505 10.571629166603087 5.5277964323759079 5.1539269313216227 5.9016887545585641 4.112307958304882 8.6826010793447495 8.7998546883463842 32.690946027636528 168.78118313103914 160.9657539576292 161.75947965681553
leaf_count=75 1446 28 26 68 1416 2896 298 22 22 69 41 40 39 30 57 77 296 1526 1465 1470
internal_value=0 -0.0361231 -0.0247162 0.00191617 0.000440052 0.00123232 -0.00608923 -0.0337253 -0.0275663 -0.0448847 -0.0215772 -0.00452394 -0.0477103 -0.0436932 -0.049409 0.00391893 0.00282598 0.00401178 0.0041613 0.00426307
internal_weight=0 64.0208 27.812 1215.72 733.482 724.31 194.435 19.2315 11.8868 36.2088 8.35042 8.58046 25.1559 7.34471 14.5843 529.875 41.4908 488.384 482.243 321.277
internal_count=11407 449 209 10958 6577 6509 1714 141 89 240 63 68 165 52 96 4795 373 4422 4381 2916
is_linear=0
shrinkage=0.01


Tree=9
num_leaves=31
num_cat=0
split_feature=1 12 1 1 1 0 1 1 1 1 1 0 0 1 1 1 0 0 1 0 0 1 1 1 1 0 1 1 1 0
split_gain=1442.7 854.971 154.512 98.6355 1284.27 63.2032 74.7244 55.9245 57.9287 51.8232 40.0593 26.7185 551.437 25.7485 28.9138 22.2821 19.8618 166.966 12.1471 9.45717 7.72834 7.11028 6.11929 5.70285 4.70847 3.73583 7.33405 3.02964 1.56062 1.47234
threshold=3985955691713.0005 1.4814014859090314 3985955706084.5005 1818756050482.5002 1861025330344.5002 4201048.0000000009 1514623709106.0002 507703113266.50006 251391422769.50003 3985955694497.5005 330364825549.00006 4200993.0000000009 4200985.0000000009 1514623739995.5002 1861025332985.5002 1861025328962.5002 4200970.0000000009 4200977.5000000009 4179354223176.5005 4200993.0000000009 4200962.0000000009 643953703719.50012 2946978529348.5005 3399813435297.5005 1861025320697.5002 4201032.5000000009 3985955698312.5005 858533846337.00012 3985955695784.5005 4200993.0000000009
decision_type=2 2 2 2 2 2 2 2 2 2 2 2 2 2 2 2 2 2 2 2 2 2 2 2 2 2 2 2 2 2
left_child=1 3 9 7 15 21 -7 8 -1 20 -10 12 -9 -8 -15 24 23 -18 -4 -17 -2 -3 27 -6 -5 28 -27 -23 -11 -22
right_child=2 5 18 4 16 6 13 11 10 25 -12 -13 -14 14 -16 19 17 -19 -20 -21 29 22 -24 -25 -26 26 -28 -29 -30 -31
leaf_value=0.010284407184461067 -0.011789259243747581 -0.027399789847855103 -0.013137102551269467 -0.039457879504012729 0.0098329429386514716 -0.046028141561769112 0.0094249953791772541 0.0099826544760074215 -0.039483345705652602 -0.045015464270996619 -0.0021790359945671883 0.010778649025910858 -0.041469354730069893 -0.043102845170449017 -0.0080989294172306488 -0.038976968553856017 -0.052727076672659072 0.0060123109762957247 0.0091789814713422613 -0.013600476431004076 -0.035635497279603759 -0.039984159796095625 -0.032544008656906438 0.0049466812503051088 -0.048948095494213931 -0.031381093260980687 -0.048281268395016924 -0.047631183451698464 -0.050557678558145192 -0.027193550996429346
leaf_weight=9.2823655456304568 2.9801234006881705 2.7791534215211859 5.2432053759694082 6.004628673195838 168.85665883868933 8.5489878654479998 4.9567368477582958 295.89988341927528 6.5829829573631269 5.7587343901395789 5.1155901998281479 240.17138098180294 22.407490268349648 3.2545171678066245 8.5834992825984937 3.1338506340980521 4.9179480671882621 302.07683178782463 4.5608319640159607 2.7637040317058563 3.3572410643100721 6.8805508315563264 4.0199453830718985 27.821169935166836 40.415545597672462 3.4492045044898978 10.048604398965834 20.973457843065262 43.158060342073441 5.3713903427124023
leaf_count=88 24 19 43 41 1591 54 45 2795 45 38 45 2277 157 22 69 22 32 2792 43 22 24 45 27 256 258 24 64 133 272 40
internal_value=0 0.00282742 -0.0400639 0.0047714 0.00176248 -0.0339626 -0.021961 0.00765845 -0.00836958 -0.0449985 -0.0231708 0.00826059 0.00636065 -0.00971011 -0.0177222 -0.0453944 0.00666078 0.00507133 -0.00275567 -0.0270851 -0.0256934 -0.0427401 -0.0440776 0.00914175 -0.0477205 -0.0486201 -0.0439626 -0.0457422 -0.0499052 -0.0304405
internal_weight=0 1195.45 83.9274 1135.45 555.99 59.9968 25.3437 579.46 20.9809 74.1234 11.6986 558.479 318.307 16.7948 11.838 52.3177 503.673 306.995 9.80404 5.89755 11.7088 34.6531 31.874 196.678 46.4202 62.4146 13.4978 27.854 48.9168 8.72863
internal_count=11407 10835 572 10421 5014 414 190 5407 178 486 90 5229 2952 136 91 343 4671 2824 86 44 88 224 205 1847 299 398 88 178 310 64
is_linear=0
shrinkage=0.01


Tree=10
num_leaves=31
num_cat=0
split_feature=1 2 1 1 1 0 1 1 1 1 1 0 0 1 1 1 0 0 1 0 0 1 1 1 1 0 1 1 1 0
split_gain=1382.1 826.852 143.531 97.6326 1230.68 57.319 69.1733 55.1333 56.0008 47.5124 37.6621 26.669 531.878 25.381 26.6134 20.3965 19.7524 159.533 11.8499 8.80614 7.24172 6.52219 5.69292 5.59453 4.30037 3.38559 6.70877 2.75764 1.42788 1.36061
threshold=3985955691713.0005 56.500000000000007 3985955706084.5005 1818756050482.5002 1861025330344.5002 4201048.0000000009 1514623709106.0002 507703113266.50006 251391422769.50003 3985955694497.5005 330364825549.00006 4200993.0000000009 4200985.0000000009 1514623739995.5002 1861025332985.5002 1861025328962.5002 4200970.0000000009 4200977.5000000009 4179354223176.5005 4200993.0000000009 4200962.0000000009 643953703719.50012 3399813435297.5005 2946978529348.5005 1861025320697.5002 4201032.5000000009 3985955698312.5005 858533846337.00012 3985955695784.5005 4200993.0000000009
decision_type=2 2 2 2 2 2 2 2 2 2 2 2 2 2 2 2 2 2 2 2 2 2 2 2 2 2 2 2 2 2
left_child=1 5 9 7 15 21 -7 8 -3 20 -10 12 -9 -8 -15 24 22 -18 -4 -17 -2 -1 -6 27 -5 28 -27 -23 -11 -22
right_child=2 3 18 4 16 6 13 11 10 25 -12 -13 -14 14 -16 19 17 -19 -20 -21 29 23 -24 -25 -26 26 -28 -29 -30 -31
leaf_value=-0.026653147310354078 -0.011573867505215977 0.010262005926465052 -0.012883677361685648 -0.038087735096598942 0.0098079671303297009 -0.044324386242820715 0.0093971738262459033 0.0099585067331650831 -0.038110884465157001 -0.043331300107425266 -0.0021537609907150558 0.010759247757595843 -0.039958824798523425 -0.041518763872033508 -0.0082302722846755889 -0.037616628300678398 -0.05053264118285563 0.0059814334941151806 0.0091511056750293637 -0.013335587954647486 -0.034456765601211761 -0.03861749253793522 0.0049155670963349227 -0.031561166301450026 -0.047041437363868441 -0.030439343635962277 -0.046421844573150468 -0.045820459148642446 -0.048558362085415356 -0.026428295764038108
leaf_weight=2.8281847387552252 3.0051010847091666 9.2099650800228137 5.2926255390048009 6.1576374173164359 167.6000848710537 8.7875823676586169 4.9218725711107281 293.6624413728714 6.7509817034006101 5.921887755393981 5.1238254606723785 238.20826099812984 23.018828421831131 3.3444349318742743 8.5197387337684614 3.2142929732799521 5.0793588161468497 300.82403638958931 4.5291368514299393 2.7902787327766418 3.4369564205408079 7.0519253164529827 27.717817313969135 4.1032495796680442 41.626811310648918 3.519994229078292 10.345048680901526 21.581103846430779 44.478805348277092 5.4711417704820633
leaf_count=19 24 88 43 41 1591 54 45 2795 45 38 45 2277 157 22 68 22 32 2793 43 22 24 45 256 27 258 24 64 133 272 40
internal_value=0 0.00280792 -0.0387014 0.00474426 0.00175116 -0.0330121 -0.0215937 0.00762841 -0.00824333 -0.0433401 -0.0225959 0.0082315 0.00633013 -0.00969406 -0.0176141 -0.0437048 0.00662931 0.00504305 -0.00272272 -0.0263334 -0.0249975 -0.0412228 0.00911368 -0.0424815 -0.0458876 -0.0467404 -0.0423643 -0.0440465 -0.0479442 -0.0295259
internal_weight=0 1192.12 86.0007 1130.98 555.01 61.1381 25.5736 575.974 21.0848 76.1789 11.8748 554.89 316.681 16.786 11.8642 53.789 501.221 305.903 9.82176 6.00457 11.9132 35.5645 195.318 32.7363 47.7844 64.2657 13.865 28.633 50.4007 8.9081
internal_count=11407 10835 572 10422 5015 413 189 5407 178 486 90 5229 2952 135 90 343 4672 2825 86 44 88 224 1847 205 299 398 88 178 310 64
is_linear=0
shrinkage=0.01


Tree=11
num_leaves=31
num_cat=0
split_feature=1 2 1 1 1 1 1 0 1 1 1 0 0 1 1 0 0 1 1 0 0 1 1 1 1 0 1 1 13 1
split_gain=1325.89 798.301 133.753 96.6923 1181.09 54.3588 54.1747 53.0552 64.8662 43.7777 35.4804 26.6165 513.673 24.5861 25.0195 19.6629 152.722 18.7623 11.5626 8.22145 6.79892 6.01059 5.683 5.14172 3.95298 3.08874 6.16996 2.52563 1.31604 1.31596
threshold=3985955691713.0005 56.500000000000007 3985955706084.5005 1818756050482.5002 1861025330344.5002 507703113266.50006 251391422769.50003 4201048.0000000009 1514623709106.0002 3985955694497.5005 330364825549.00006 4200993.0000000009 4200985.0000000009 1514623739995.5002 1861025332985.5002 4200970.0000000009 4200977.5000000009 1861025328962.5002 4179354223176.5005 4200993.0000000009 4200962.0000000009 643953703719.50012 3399813435297.5005 2946978529348.5005 1861025320697.5002 4201032.5000000009 3985955698312.5005 858533846337.00012 2.948630281276889 3985955695784.5005
decision_type=2 2 2 2 2 2 2 2 2 2 2 2 2 2 2 2 2 2 2 2 2 2 2 2 2 2 2 2 2 2
left_child=1 7 9 5 17 6 -3 21 28 20 -8 12 -7 -10 -15 22 -17 24 -4 -19 -2 -1 -6 27 -5 29 -27 -23 -9 -11
right_child=2 3 18 4 15 11 10 8 13 25 -12 -13 -14 14 -16 16 -18 19 -20 -21 -22 23 -24 -25 -26 26 -28 -29 -30 -31
leaf_value=-0.025944868101252721 -0.011364537275284263 0.010239705024867277 -0.012637962877360395 -0.036813877448920791 0.0097830674815773695 0.0099344423849357898 -0.036834951420237703 -0.039330122813539543 0.0093694210571364407 -0.041779024806354523 -0.002128820969764494 0.010739984046478227 -0.038559760993335711 -0.040054676239998789 -0.0081005912259931798 -0.048535383534562299 0.0059485585948609665 -0.036351429698893392 0.009123282341487373 -0.013078907339865404 -0.028663595380098196 -0.037346934058924156 0.0048845593188044838 -0.030636536974345051 -0.045294498080755287 -0.029552149162962879 -0.044716214729484317 -0.044157520604158389 -0.047016033629308708 -0.046730962948983844
leaf_weight=2.8760926425456992 3.0297237634658805 9.1380835473537463 5.3413243740797025 6.3062328547239295 166.3526454269886 291.44118943065405 6.9141388833522779 4.9989061206579226 4.8872608318924931 6.0796751827001563 5.1319726407527924 236.25894030183554 23.612407445907593 3.4315635263919821 8.5693170800805074 5.2346851974725714 299.4684948399663 3.2924994230270377 4.4976777210831642 2.8164557665586472 9.0834003537893278 7.2180580496788052 27.615351423621178 4.18439957499504 42.793912008404732 3.5890569984912863 10.630765274167059 22.166854560375214 4.018853560090065 45.749352127313614
leaf_count=19 24 88 43 41 1591 2795 45 30 45 38 45 2277 157 22 68 32 2793 22 43 22 64 45 256 27 258 24 64 133 24 272
internal_value=0 0.0027887 -0.0374383 0.00471677 0.00173802 0.00759864 -0.00812095 -0.0320419 -0.0211008 -0.0418124 -0.0220492 0.00820267 0.00629993 -0.00953781 -0.0172376 0.00659686 0.00501255 -0.042149 -0.0026903 -0.0256219 -0.0243368 -0.039819 0.00908566 -0.0410077 -0.0442053 -0.0450174 -0.0408888 -0.0424846 -0.0427554 -0.0461501
internal_weight=0 1188.73 88.001 1126.38 553.88 572.497 21.1842 62.3513 25.9059 78.162 12.0461 551.313 315.054 16.8881 12.0009 498.671 304.703 55.2091 9.839 6.10896 12.1131 36.4454 193.968 33.5693 49.1001 66.0488 14.2198 29.3849 9.01776 51.829
internal_count=11407 10835 572 10422 5015 5407 178 413 189 486 90 5229 2952 135 90 4672 2825 343 86 44 88 224 1847 205 299 398 88 178 54 310
is_linear=0
shrinkage=0.01


Tree=12
num_leaves=31
num_cat=0
split_feature=1 12 1 1 1 1 1 0 1 1 1 0 0 1 1 0 0 1 1 1 0 0 1 1 1 0 1 1 0 1
split_gain=1273.58 769.473 125.004 95.8131 1135.04 53.6001 52.4426 50.136 61.6409 40.5269 33.4885 26.561 496.676 23.42 24.046 19.6263 596.393 17.3377 11.2846 10.1181 7.69451 6.39417 5.56314 4.74869 3.65526 2.83531 5.70285 2.51716 1.24426 1.22092
threshold=3985955691713.0005 1.4814014859090314 3985955706084.5005 1818756050482.5002 1861025330344.5002 507703113266.50006 251391422769.50003 4201048.0000000009 1514623709106.0002 3985955694497.5005 330364825549.00006 4200993.0000000009 4200985.0000000009 1514623739995.5002 1861025332985.5002 4200993.0000000009 4200985.0000000009 1861025328962.5002 4179354223176.5005 1861025332985.5002 4200993.0000000009 4200962.0000000009 643953703719.50012 2946978529348.5005 1861025320697.5002 4201032.5000000009 3985955698312.5005 701677501646.00012 4200993.0000000009 3985955695784.5005
decision_type=2 2 2 2 2 2 2 2 2 2 2 2 2 2 2 2 2 2 2 2 2 2 2 2 2 2 2 2 2 2
left_child=1 3 9 5 17 6 -1 22 -9 21 -8 12 -7 -10 -15 16 -6 24 -4 -17 -19 -2 -3 27 -5 29 -27 -24 -23 -11
right_child=2 7 18 4 15 11 10 8 13 25 -12 -13 -14 14 -16 19 -18 20 -20 -21 -22 28 23 -25 -26 26 -28 -29 -30 -31
leaf_value=0.01021750139960524 -0.011161019767529914 -0.025271992996843035 -0.012399611353675209 -0.035626341599339029 0.0080585468338865585 0.009910458693625725 -0.035645546003329483 -0.041305947976784489 0.009341733566483176 -0.040343575373919797 -0.0021042113938107873 0.01072085397726745 -0.037260081170810734 -0.038697272505607137 -0.0077241011058781376 -0.0057728128426508471 -0.061062508919460225 -0.035171566689938864 0.0090955095593512475 0.0091288369333913898 -0.012830054866473905 -0.032464984614964505 -0.047270898272925632 -0.029764985717881772 -0.043687911205633916 -0.028714801417207957 -0.043145949659882533 -0.039699255333232507 -0.024936148268146 -0.045054167978956353
leaf_weight=9.0667200088500994 3.0539965629577628 2.9229026883840552 5.3893138468265516 6.4505296498537055 264.9969531968236 289.23608665168285 7.072580158710478 9.2397042363882083 4.8529009073972729 6.2322441190481177 5.1400329694151878 234.32340836524963 24.18869936466217 3.5159781426191321 8.7303403839468938 4.655942238867282 13.099865615367888 3.3685273230075827 4.46645388007164 213.27152983099222 2.8422417193651199 3.5796119272708875 5.3364516198635128 4.2634475529193869 43.918118014931679 3.6564333885908118 10.90606042742729 24.773966878652573 5.675401970744133 46.97116157412529
leaf_count=88 24 19 43 41 2508 2795 45 54 45 38 45 2277 157 22 69 43 118 22 43 2002 22 24 32 27 258 24 64 146 40 272
internal_value=0 0.00276974 -0.036264 0.00468892 0.00172308 0.00756915 -0.00800225 -0.0310572 -0.0204949 -0.0404002 -0.0215287 0.00817408 0.00627005 -0.00924944 -0.0166167 0.00656343 0.00480257 -0.0407117 -0.00265842 0.00881047 -0.0249474 -0.0237079 -0.0385164 -0.0396426 -0.0426555 -0.0434322 -0.0395225 -0.0410412 -0.0278481 -0.0445024
internal_weight=0 1185.27 89.9307 1121.63 552.604 569.028 21.2793 63.6357 26.3389 80.0749 12.2126 547.748 313.425 17.0992 12.2463 496.024 278.097 56.5794 9.85577 217.927 6.21077 12.309 37.2968 34.3739 50.3686 67.7659 14.5625 30.1104 9.25501 53.2034
internal_count=11407 10835 572 10421 5014 5407 178 414 190 486 90 5229 2952 136 91 4671 2626 343 86 2045 44 88 224 205 299 398 88 178 64 310
is_linear=0
shrinkage=0.01


Tree=13
num_leaves=31
num_cat=0
split_feature=1 2 1 1 1 1 1 0 1 1 1 0 0 1 1 0 0 1 1 0 0 1 2 1 1 1 0 1 1 1
split_gain=1224.79 746.169 117.145 94.8288 1092.37 52.8567 50.7975 45.8371 57.4363 37.6753 31.6648 26.5028 480.764 23.1105 22.2459 19.5577 147.274 16.089 11.0156 7.21803 6.02466 5.70945 5.48654 8.46196 3.90767 3.39854 2.61754 5.29565 1.20963 2.25114
threshold=3985955691713.0005 56.500000000000007 3985955706084.5005 1818756050482.5002 1861025330344.5002 507703113266.50006 251391422769.50003 4201048.0000000009 1514623709106.0002 3985955694497.5005 330364825549.00006 4200993.0000000009 4200985.0000000009 1514623739995.5002 1861025332985.5002 4200970.0000000009 4200977.5000000009 1861025328962.5002 4179354223176.5005 4200993.0000000009 4200962.0000000009 3399813435297.5005 49.500000000000007 858533846337.00012 2384994529348.5005 1861025320697.5002 4201032.5000000009 3985955698312.5005 2135720103013.0002 835223754049.00012
decision_type=2 2 2 2 2 2 2 2 2 2 2 2 2 2 2 2 2 2 2 2 2 2 2 2 2 2 2 2 2 2
left_child=1 7 9 5 17 6 -3 22 -9 20 -8 12 -7 -10 -15 21 -17 25 -4 -19 -2 -6 23 -1 -25 -5 -11 -28 29 -24
right_child=2 3 18 4 15 11 10 8 13 26 -12 -13 -14 14 -16 16 -18 19 -20 -21 -22 -23 28 24 -26 -27 27 -29 -30 -31
leaf_value=-0.017285332367292031 -0.010963073391937075 0.01019539248143916 -0.012168292907747012 -0.034516492781096392 0.0097377981970042365 0.0098865527443674391 -0.034534011530759259 -0.039962378832319755 0.0093141089471689906 -0.042983776605293358 -0.0020799258601703406 0.010701855871023395 -0.036049398994706591 -0.037435146657449785 -0.0078537327794102989 -0.047006799343525543 0.0058857787435400381 -0.034068535935636385 0.009067784849612022 -0.012588675075528877 -0.027077599159491511 0.0048024830092160235 -0.036976323921216199 -0.041850939057801365 -0.028234893699464858 -0.04220534164331851 -0.027923112400239366 -0.041695472387899217 -0.036908262328955617 -0.044380414016945514
leaf_weight=3.0413111150264731 3.0779256820678702 8.995872877538206 5.4366056621074659 6.59063896536827 164.09875204414129 287.04708710312843 7.2264270633459073 9.4537407606840151 4.8187922835350063 54.525370210409164 5.1480072736740112 232.40162586420774 24.748152449727058 3.5977516323328009 8.6650383993983251 5.3592970818281165 296.86968392878771 3.4424323737621298 4.435464508831501 2.8676430583000183 9.4223176985979062 27.346676357090473 6.8300292342901292 5.4722836017608625 3.4281315505504608 45.000640287995338 3.7221634685993186 11.171226799488066 9.0514111220836622 10.297429800033568
leaf_count=20 24 88 43 41 1591 2795 45 54 45 310 45 2277 157 22 68 32 2793 22 43 22 64 256 40 31 21 258 24 64 53 59
internal_value=0 0.00275108 -0.0351695 0.00466268 0.00171245 0.00753992 -0.00788704 -0.030278 -0.0201862 -0.0390911 -0.0210325 0.00814573 0.00624047 -0.00924109 -0.0165326 0.00653199 0.00494786 -0.0393796 -0.00262704 -0.0243069 -0.0231097 0.00903282 -0.0373029 -0.0316858 -0.0366065 -0.0412231 -0.0419689 -0.0382535 -0.0398652 -0.0414278
internal_weight=0 1181.8 91.7911 1117.14 551.576 565.567 21.3703 64.6559 26.5353 81.919 12.3744 544.197 311.795 17.0816 12.2628 493.674 302.229 57.9014 9.87207 6.31008 12.5002 191.445 38.1206 11.9417 8.90042 51.5913 69.4188 14.8934 26.1789 17.1275
internal_count=11407 10835 572 10422 5015 5407 178 413 189 486 90 5229 2952 135 90 4672 2825 343 86 44 88 1847 224 72 52 299 398 88 152 99
is_linear=0
shrinkage=0.01


Tree=14
num_leaves=31
num_cat=0
split_feature=1 2 1 1 1 1 1 0 1 1 1 0 0 1 1 0 0 1 1 1 0 0 2 1 1 1 0 1 12 0
split_gain=1179.15 722.293 110.052 93.9076 1052.49 52.1279 49.2331 42.7907 54.2262 35.1661 29.9903 26.4418 465.828 22.4187 21.041 19.6848 566.364 14.9889 10.7551 10.0559 6.78586 5.68514 5.07569 7.93491 3.63893 3.17594 2.42856 4.93886 1.15328 1.14611
threshold=3985955691713.0005 56.500000000000007 3985955706084.5005 1818756050482.5002 1861025330344.5002 507703113266.50006 251391422769.50003 4201048.0000000009 1514623709106.0002 3985955694497.5005 330364825549.00006 4200993.0000000009 4200985.0000000009 1514623739995.5002 1861025332985.5002 4200993.0000000009 4200985.0000000009 1861025328962.5002 4179354223176.5005 1861025332985.5002 4200993.0000000009 4200962.0000000009 49.500000000000007 858533846337.00012 2384994529348.5005 1861025320697.5002 4201032.5000000009 3985955698312.5005 2.8987327582771583 4200993.0000000009
decision_type=2 2 2 2 2 2 2 2 2 2 2 2 2 2 2 2 2 2 2 2 2 2 2 2 2 2 2 2 2 2
left_child=1 7 9 5 17 6 -3 22 28 21 -8 12 -7 -10 -15 16 -6 25 -4 -17 -19 -2 23 -1 -25 -5 -11 -28 -9 -23
right_child=2 3 18 4 15 11 10 8 13 26 -12 -13 -14 14 -16 19 -18 20 -20 -21 -22 29 -24 24 -26 -27 27 -29 -30 -31
leaf_value=-0.016928386499762804 -0.010770472707771097 0.01017337569395314 -0.01194370005677659 -0.033476816607392983 0.0080013396716108118 0.0098627225828432346 -0.033492809842142257 -0.035609702013486448 0.009286545194276739 -0.041578999312070028 -0.002055960126629462 0.010682985684714178 -0.034918726334342044 -0.036258471186353718 -0.0077324170972885757 -0.0057744332204675364 -0.058080740242941103 -0.033034934735285695 0.0090401055647031103 0.009083753841644818 -0.012354431979406433 -0.030692632247025464 -0.038607450287773314 -0.040511234679761261 -0.027494176400558262 -0.040832897908263666 -0.027173360025994544 -0.040351507633376651 -0.042559938980022659 -0.023595527305330894
leaf_weight=3.0742166936397544 3.1015164852142325 8.9255406633019465 5.4832114875316602 6.726667344570159 261.90776742249727 284.87414667755365 7.3757967948913556 5.345999017357828 4.7849340587854412 55.797294244170189 5.1558966189622879 230.49357882887125 25.291204109787941 3.6769534647464743 8.7127347216010076 4.6555463448166838 13.645360857248304 3.5142681151628485 4.4047089666128159 210.966657795012 2.8926667273044586 3.7155574113130552 26.758378461003304 5.5960793793201429 3.4849916249513626 46.042644321918488 3.7862853854894629 11.426547706127165 4.3140416145324707 5.870604082942009
leaf_count=20 24 88 43 41 2508 2795 45 30 45 310 45 2277 157 22 68 43 118 22 43 2003 22 24 152 31 21 258 24 64 24 40
internal_value=0 0.00273265 -0.0341462 0.00463611 0.00169981 0.00751095 -0.00777517 -0.029474 -0.0197592 -0.0378735 -0.0205588 0.00811761 0.0062112 -0.00909806 -0.0161982 0.00649985 0.00472896 -0.0381415 -0.00259618 0.00876295 -0.0236979 -0.0225388 -0.0361733 -0.0308148 -0.0355158 -0.0398952 -0.0406134 -0.0370716 -0.0387136 -0.0263463
internal_weight=0 1178.22 93.5857 1112.47 550.352 562.116 21.4572 65.7483 26.8347 83.6978 12.5317 540.659 310.165 17.1746 12.3897 491.175 275.553 59.1762 9.88792 215.622 6.40693 12.6877 38.9137 12.1553 9.08107 52.7693 71.0101 15.2128 9.66004 9.58616
internal_count=11407 10835 572 10422 5015 5407 178 413 189 486 90 5229 2952 135 90 4672 2626 343 86 2046 44 88 224 72 52 299 398 88 54 64
is_linear=0
shrinkage=0.01


Tree=15
num_leaves=31
num_cat=0
split_feature=1 2 1 1 1 1 1 0 1 1 1 0 0 1 1 0 0 1 1 1 0 0 1 1 1 1 0 1 1 0
split_gain=1136.38 699.705 103.632 92.9911 1015.2 51.4134 47.7435 40.0423 51.2978 32.9428 28.4491 26.3783 451.774 21.7572 19.9368 19.5808 537.043 14.0153 10.5029 9.9473 6.39273 5.37386 4.73214 4.19367 2.98192 2.35181 2.26425 4.62476 1.14676 1.07344
threshold=3985955691713.0005 56.500000000000007 3985955706084.5005 1818756050482.5002 1861025330344.5002 507703113266.50006 251391422769.50003 4201048.0000000009 1514623709106.0002 3985955694497.5005 330364825549.00006 4200993.0000000009 4200985.0000000009 1514623739995.5002 1861025332985.5002 4200993.0000000009 4200985.0000000009 1861025328962.5002 4179354223176.5005 1861025332985.5002 4200993.0000000009 4200962.0000000009 643953703719.50012 2946978529348.5005 1861025320697.5002 701677501646.00012 4201032.5000000009 3985955698312.5005 3985955695784.5005 4200993.0000000009
decision_type=2 2 2 2 2 2 2 2 2 2 2 2 2 2 2 2 2 2 2 2 2 2 2 2 2 2 2 2 2 2
left_child=1 7 9 5 17 6 -3 22 -9 21 -8 12 -7 -10 -15 16 -6 24 -4 -17 -19 -2 -1 25 -5 -24 28 -28 -11 -23
right_child=2 3 18 4 15 11 10 8 13 26 -12 -13 -14 14 -16 19 -18 20 -20 -21 -22 29 23 -25 -26 -27 27 -29 -30 -31
leaf_value=-0.023200492408404084 -0.010583003659283717 0.010151447543170385 -0.01172554228377292 -0.03250074015685242 0.0079700003810558081 0.0098389647314356087 -0.032515345338527089 -0.037550174574016548 0.0092590398853416127 -0.036385900604390002 -0.0020323082524853686 0.010664240614997192 -0.033860248574261641 -0.035158725025429702 -0.0076137418903325007 -0.0056917832459276521 -0.055112883371405762 -0.032064278614785578 0.0090124708369401195 0.0090556687813318146 -0.012127012158417223 -0.029817303007341027 -0.043219571563432757 -0.027100455120891587 -0.03955870031008437 -0.036130893911039449 -0.02646221004787885 -0.039102681833887751 -0.040793180897154571 -0.023008185856992953
leaf_weight=3.0745134353637686 3.1247743368148795 8.8557227179408091 5.5291426628828031 6.8587186336517325 260.31624817103148 282.71722409129143 7.5208031237125379 9.8587090224027651 4.7513255923986462 6.688345491886138 5.1637018173933029 228.59924622625113 25.818276673555374 3.7536514252424231 8.7598154321312887 4.6758148595690718 14.233283400535582 3.5840865373611441 4.3741860613226891 209.51204124093056 2.9173187911510468 3.7860240787267667 5.6890205293893805 4.5210392028093329 47.045255899429321 26.395332247018814 3.8488371968269339 11.672294124960898 50.331444829702377 5.9598040580749512
leaf_count=19 24 88 43 41 2508 2795 45 54 45 38 45 2277 157 22 68 43 118 22 43 2003 22 24 32 27 258 146 24 64 272 40
internal_value=0 0.00271451 -0.0331879 0.00460979 0.0016875 0.00748222 -0.00766646 -0.0287154 -0.0193512 -0.0367385 -0.0201061 0.00808972 0.00618221 -0.00895903 -0.0158764 0.00646757 0.00469964 -0.0369878 -0.0025658 0.00873373 -0.023118 -0.0219945 -0.0351164 -0.0361173 -0.0386606 -0.0373878 -0.0393544 -0.0359682 -0.0402762 -0.0256534
internal_weight=0 1174.62 95.3149 1107.82 549.143 558.675 21.5402 66.8034 27.1235 85.4115 12.6845 537.135 308.536 17.2648 12.5135 488.737 274.55 60.4054 9.90333 214.188 6.50141 12.8706 39.6799 36.6054 53.904 32.0844 72.5409 15.5211 57.0198 9.74583
internal_count=11407 10835 572 10422 5015 5407 178 413 189 486 90 5229 2952 135 90 4672 2626 343 86 2046 44 88 224 205 299 178 398 88 310 64
is_linear=0
shrinkage=0.01


Tree=16
num_leaves=31
num_cat=0
split_feature=1 2 1 1 1 1 1 0 1 1 1 0 0 1 0 0 1 1 1 1 0 0 2 1 1 1 1 2 13 1
split_gain=1096.22 678.283 97.8024 92.0797 980.248 50.7125 46.3236 37.5464 48.6169 30.9692 27.027 26.3122 438.521 21.124 19.4748 510.631 18.9225 13.1499 10.2584 9.84022 6.03412 5.08723 4.62959 7.3484 3.32541 2.81204 2.1471 1.49752 1.04884 1.03366
threshold=3985955691713.0005 56.500000000000007 3985955706084.5005 1818756050482.5002 1861025330344.5002 507703113266.50006 251391422769.50003 4201048.0000000009 1514623709106.0002 3985955694497.5005 330364825549.00006 4200993.0000000009 4200985.0000000009 1514623739995.5002 4200993.0000000009 4200985.0000000009 1861025332985.5002 1861025328962.5002 4179354223176.5005 1861025332985.5002 4200993.0000000009 4200962.0000000009 49.500000000000007 858533846337.00012 2384994529348.5005 1861025320697.5002 3985955695784.5005 52.500000000000007 2.948630281276889 2135720103013.0002
decision_type=2 2 2 2 2 2 2 2 2 2 2 2 2 2 2 2 2 2 2 2 2 2 2 2 2 2 2 2 2 2
left_child=1 7 9 5 17 6 -3 22 28 21 -8 12 -7 -10 15 -6 -15 25 -4 -16 -19 -2 23 -1 -25 -5 -11 -28 -9 -24
right_child=2 3 18 4 14 11 10 8 13 26 -12 -13 -14 16 19 -17 -18 20 -20 -21 -22 -23 29 24 -26 -27 27 -29 -30 -31
leaf_value=-0.015922194556072879 -0.010400464834900274 0.010129606197996063 -0.011513544805976349 -0.031582488805920357 0.0079386988928565275 0.0098152767071405973 -0.031595829399768655 -0.03355650494130924 0.0092315907684450728 -0.033216539283143096 -0.0020089656864029242 0.010645617999520469 -0.032867141787507576 -0.034128489337972072 -0.0056107064224451084 -0.052449746025135316 -0.0074976245265845187 -0.031150873975266658 0.0089848782495323444 0.0090276317896047318 -0.011906118566971173 -0.024994773961813006 -0.037799214605473315 -0.03819764429444527 -0.025976830423225947 -0.038372522456246241 -0.032759848892524576 -0.039143270200873909 -0.040053615492541744 -0.03374474818257607
leaf_weight=3.1698653995990744 3.1477044820785514 8.7864168509840983 5.5744100809097272 6.9868929833173743 258.73715226352215 280.57626868784428 7.6615559756755811 5.5542720556259173 4.7179660797119167 7.789721965789794 5.1714239493012428 226.71857441216707 26.329777076840401 3.8279105871915808 4.6958464831113806 14.803433656692503 8.8062896281480771 3.6519380807876578 4.3438951671123505 208.06834314018488 2.9416055828332901 9.9017863273620588 18.22589018940926 5.8204872459173185 3.6061288714408875 48.009553730487823 3.9053863435983649 62.316746905446053 4.4958820790052414 9.599981948733328
leaf_count=20 24 88 43 41 2508 2795 45 30 45 44 45 2277 157 22 43 118 68 22 43 2003 22 64 99 31 21 258 21 333 24 53
internal_value=0 0.00269663 -0.0322887 0.0045838 0.00167536 0.00745375 -0.00756078 -0.0279975 -0.0189608 -0.0356783 -0.0196729 0.00806205 0.00615351 -0.00882384 0.00643551 0.0046706 -0.0155662 -0.03591 -0.0025359 0.00870455 -0.0225651 -0.0214744 -0.0341234 -0.0290935 -0.0335226 -0.0375099 -0.0381826 -0.0387668 -0.036463 -0.0364004
internal_weight=0 1170.96 96.9797 1103.14 547.895 555.244 21.6194 67.8247 27.4023 87.0613 12.833 533.625 306.906 17.3522 486.305 273.541 12.6342 61.59 9.91831 212.764 6.59354 13.0495 40.4224 12.5965 9.42662 54.9964 74.0119 66.2221 10.0502 27.8259
internal_count=11407 10835 572 10422 5015 5407 178 413 189 486 90 5229 2952 135 4672 2626 90 343 86 2046 44 88 224 72 52 299 398 354 54 152
is_linear=0
shrinkage=0.01


Tree=17
num_leaves=31
num_cat=0
split_feature=1 12 1 1 1 1 1 1 1 1 1 12 1 1 12 1 1 1 1 1 1 12 1 1 1 1 12 1 1 12
split_gain=1058.38 656.38 92.4795 91.2265 947.329 50.0248 44.9687 29.2051 25.7118 16.3546 15.1198 15.4547 14.4668 12.3775 11.4918 10.3874 10.0215 8.2395 6.57242 16.1371 5.57137 3.96708 2.74917 2.66264 2.51254 2.02649 1.08131 0.388707 0.261413 0.14152
threshold=3985955691713.0005 1.4814014859090314 3985955706084.5005 1818756050482.5002 1861025330344.5002 507703113266.50006 251391422769.50003 3985955694497.5005 330364825549.00006 3985955690461.5005 1514623709106.0002 2.8983726292905869 1514623741114.5002 1861025328962.5002 1.9657402510146069 1861025332985.5002 4179354223176.5005 641304923107.00012 701677501646.00012 1119808860881.5002 1861025347675.5002 2.8999958158907506 1514623739995.5002 1861025320697.5002 1514623725378.5002 3985955695784.5005 1.9650867611471623 1818756047612.5002 3985955700886.0005 1.9690143438181578
decision_type=2 2 2 2 2 2 2 2 2 2 2 2 2 2 2 2 2 2 2 2 2 2 2 2 2 2 2 2 2 2
left_child=1 3 7 5 13 6 -1 -2 -8 15 17 14 22 23 20 -6 -4 -3 29 -20 -12 -13 -7 -5 -16 -9 28 -14 -27 -19
right_child=2 10 16 4 9 12 8 25 -10 -11 11 21 27 -15 24 -17 -18 18 19 -21 -22 -23 -24 -25 -26 26 -28 -29 -30 -31
leaf_value=0.010107847965214741 -0.020976138338021439 -0.018122929162228206 -0.011307450145048074 -0.030716966057597116 -0.0040527356426598342 0.0072128902181309816 -0.030729149725539338 -0.03230432676000506 -0.0019859275186680232 -0.012326962885133224 -0.0065967985991119875 -0.0013078419567664099 0.011219049738111329 -0.022037366350435579 -0.020951064058823445 0.0067868513548233955 0.0089573251014573689 -0.041490779385034537 -0.013810923360671813 -0.038376457951441831 -0.023779775875256117 -0.016590903325521884 -0.0012396640187171068 -0.037265513699190338 -0.030294788364326291 -0.037345945923910523 -0.033142118882662885 0.0090578940299514948 -0.038638938686245267 -0.039311065490066785
leaf_weight=8.717622175812723 13.22492855787277 3.2319155186414745 5.6190246790647489 7.1112877726554862 9.0100296884775144 404.46460574865341 7.7981622368097288 7.9288761913776389 5.1790638789534569 4.6176658123731604 3.7429007813334456 3.0574588477611533 112.79396869987249 6.6834044158458701 3.2649877741932896 470.14025166630745 4.3138353154063225 5.8492748290300387 4.0948392152786237 7.7069816440343857 3.8055039495229721 3.8210811167955399 3.8848746269941321 48.936586976051331 24.272696755826473 30.72307325899601 4.9352921694517127 8.9854049459099752 31.842283457517624 6.0694076418876648
leaf_count=88 88 19 43 41 82 3980 45 44 45 42 28 25 1124 44 22 4547 43 32 23 40 22 28 35 258 143 162 26 90 166 32
internal_value=0 0.002679 -0.0314416 0.00455744 0.00166142 0.00742551 -0.00745798 -0.0346835 -0.0192581 0.00640252 -0.0272574 -0.0235036 0.0080346 -0.0349008 -0.0261906 0.00658302 -0.00250647 -0.033102 -0.0351428 -0.029853 -0.0152595 -0.0097977 0.00713248 -0.0364346 -0.029187 -0.0370868 -0.0376485 0.0110596 -0.038004 -0.0403808
internal_weight=0 1167.24 98.5873 1098.32 546.499 551.824 21.6948 88.6545 12.9772 483.768 68.917 41.9646 530.129 62.7313 35.0861 479.15 9.93286 26.9524 23.7205 11.8018 7.5484 6.87854 408.349 56.0479 27.5377 75.4295 67.5006 121.779 62.5654 11.9187
internal_count=11407 10835 572 10421 5014 5407 178 486 90 4671 414 268 5229 343 215 4629 86 146 127 63 50 53 4015 299 165 398 354 1214 328 64
is_linear=0
shrinkage=0.01


Tree=18
num_leaves=31
num_cat=0
split_feature=1 2 1 1 1 1 1 1 1 1 1 1 13 1 13 1 1 2 1 13 1 1 1 1 13 1 2 1 1 13
split_gain=1022.63 638.351 90.2066 916.41 87.6085 49.3271 43.6744 27.6451 24.4929 16.0408 14.472 14.0232 14.8978 11.7093 11.0949 10.2559 9.79179 8.82201 5.33281 3.81917 2.72167 2.54041 2.53075 1.92038 1.31789 1.81555 1.31073 0.390225 0.241409 0.129136
threshold=3985955691713.0005 56.500000000000007 1818756050482.5002 1861025330344.5002 3985955706084.5005 507703113266.50006 251391422769.50003 3985955694497.5005 330364825549.00006 3985955690461.5005 1514623741114.5002 1514623709106.0002 2.9484554422879965 1861025328962.5002 1.9827208267654053 1861025332985.5002 4179354223176.5005 49.500000000000007 1861025347675.5002 2.9492841029617014 1514623739995.5002 1955683337422.0002 1861025320697.5002 3985955695784.5005 1.9843852477908592 1119808859462.5002 52.500000000000007 1818756047612.5002 3985955700886.0005 2.9484554422879965
decision_type=2 2 2 2 2 2 2 2 2 2 2 2 2 2 2 2 2 2 2 2 2 2 2 2 2 2 2 2 2 2
left_child=1 11 5 13 7 6 -3 -2 -8 15 20 17 14 22 18 -5 -6 -1 -13 -14 -7 -16 -4 -9 25 -19 -25 -12 -28 -26
right_child=4 2 3 9 16 10 8 23 -10 -11 27 12 19 -15 21 -17 -18 24 -20 -21 -22 -23 -24 26 29 -27 28 -29 -30 -31
leaf_value=-0.017702023411715725 -0.020494808182376683 0.010086171108818532 -0.029899661655730249 -0.0040000951185692572 -0.011107013466748514 0.0071805019716869867 -0.029910783914457829 -0.031444571691329921 -0.0019631885693531825 -0.012092262126115069 0.011203821411530186 -0.0065024603117237257 -0.0012935704524661895 -0.021522077264189376 -0.025790902907921898 0.0067552691058674766 0.0089298105126651584 -0.029634213784199656 -0.023242262735850779 -0.016249751861431842 -0.0012261600849513261 -0.031845580919804502 -0.036229977451021106 -0.03107217499114941 -0.038347142507751814 -0.037254547698292811 -0.036327909005799491 0.009030715410122939 -0.037549763880315647 -0.036098643869438674
leaf_weight=3.6237655580043819 13.399275094270704 8.6493366286158579 7.2319971024990073 9.0371763631701452 5.6629973500967008 402.23727463185787 7.930725231766699 8.0635178685188276 5.1866226196289062 4.6600023955106726 111.82267497479916 3.7591487094759932 3.0602642744779578 6.7745202332735053 14.94503264129162 467.81837198138237 4.28400569409132 8.6099990755319613 3.8543271422386169 3.8620797097682953 3.8883652985095969 12.921253651380537 49.827364772558212 4.0333144664764395 4.8191484659910184 4.9091705083847037 31.869959652423859 8.9226377233862859 32.824777022004128 5.4347499907016754
leaf_count=22 88 88 41 82 43 3980 45 44 45 42 1124 28 25 44 90 4548 43 46 22 28 35 74 258 21 25 25 165 90 168 28
internal_value=0 0.0026606 0.00453133 0.00165116 -0.0306424 0.00739424 -0.00735793 -0.0337487 -0.0188603 0.00637101 0.0080037 -0.0266601 -0.0230572 -0.0339519 -0.0256754 0.00655144 -0.00247749 -0.0322364 -0.014977 -0.00963785 0.00710001 -0.0285984 -0.0354276 -0.0360614 -0.0344519 -0.0324014 -0.036603 0.0110432 -0.0369479 -0.0371554
internal_weight=0 1163.79 1093.99 545.349 100.138 548.638 21.7667 90.1908 13.1173 481.516 526.871 69.7989 42.4021 63.8339 35.4798 476.856 9.947 27.3968 7.61348 6.92234 406.126 27.8663 57.0594 76.7916 23.7731 13.5192 68.7281 120.745 64.6947 10.2539
internal_count=11407 10835 10422 5015 572 5407 178 486 90 4672 5229 413 267 343 214 4630 86 146 50 53 4015 164 299 398 124 71 354 1214 333 53
is_linear=0
shrinkage=0.01


Tree=19
num_leaves=31
num_cat=0
split_feature=1 12 1 1 1 1 1 1 1 1 1 1 12 1 12 1 1 1 1 1 1 12 1 1 1 1 12 1 1 12
split_gain=988.864 618.095 89.3 887.08 83.1433 48.641 42.4367 26.2446 23.3609 15.7313 14.4775 13.5946 13.9782 11.1099 10.2487 10.1217 9.56894 7.56969 6.04115 14.7761 5.10914 3.67847 2.6944 2.46521 2.30758 1.82667 0.938986 0.391774 0.23404 0.159835
threshold=3985955691713.0005 1.4814014859090314 1818756050482.5002 1861025330344.5002 3985955706084.5005 507703113266.50006 251391422769.50003 3985955694497.5005 330364825549.00006 3985955690461.5005 1514623741114.5002 1514623709106.0002 2.8983726292905869 1861025328962.5002 1.9657402510146069 1861025332985.5002 4179354223176.5005 641304923107.00012 701677501646.00012 1119808860881.5002 1861025347675.5002 2.8999958158907506 1514623739995.5002 1861025326215.5002 1514623725378.5002 3985955695784.5005 1.9650867611471623 1818756047612.5002 3985955700886.0005 1.9690143438181578
decision_type=2 2 2 2 2 2 2 2 2 2 2 2 2 2 2 2 2 2 2 2 2 2 2 2 2 2 2 2 2 2
left_child=1 2 5 13 7 6 -1 -2 -8 15 22 17 14 23 20 -5 -6 -3 29 -20 -13 -14 -7 -4 -16 -9 28 -12 -27 -19
right_child=4 11 3 9 16 10 8 25 -10 -11 27 12 21 -15 24 -17 -18 18 19 -21 -22 -23 -24 -25 -26 26 -28 -29 -30 -31
leaf_value=0.010064572155014662 -0.020033182270873123 -0.017232813592496853 -0.035792609636151308 -0.003948307649548761 -0.010912004536870591 0.0071481567662196868 -0.029136711469753468 -0.030632794098343172 -0.0019407443402493364 -0.011864494231808041 0.01118876376713396 -0.006409945184675702 -0.0012794683783410653 -0.021028585930770508 -0.019935642645823141 0.0067214586547700165 0.0089023320820492535 -0.039425670928739616 -0.013112775156567058 -0.036315103759363927 -0.022727861945649346 -0.015920320975239887 -0.0012128158074981576 -0.031239924728641372 -0.028768395500552872 -0.035336294233643477 -0.031487910847726536 0.0090035749116788265 -0.036538305409353329 -0.037149719372214521
leaf_weight=8.5815593302249926 13.570081502199171 3.3129604458808926 41.33303439617157 9.0640183910727483 5.7063386142253858 400.02791464328766 8.0593453049659711 8.193762004375456 5.1941009461879721 4.7017553597688666 110.85826501250267 3.7751895040273658 3.0630404204130164 6.8637111335992804 3.353697910904887 465.29094613343477 4.2544053196907043 6.0523341000080126 4.1832772791385633 7.9815271943807602 3.9019031971693039 3.9023701399564743 3.8918197005987158 16.698945105075836 25.05377385020256 31.818339958786964 5.0905387550592414 8.8603513911366445 32.996875390410423 6.2950322926044464
leaf_count=88 88 19 214 82 43 3980 45 44 45 42 1124 28 25 44 22 4547 43 32 23 40 22 28 35 85 143 162 26 90 166 32
internal_value=0 0.0026424 0.00450401 0.00163698 -0.029888 0.00736306 -0.00726052 -0.0328695 -0.0184785 0.00633717 0.00797284 -0.0259726 -0.0224516 -0.0330596 -0.0249551 0.00651758 -0.00244896 -0.0314202 -0.0333377 -0.0283362 -0.0147036 -0.009482 0.0070676 -0.0344826 -0.0277256 -0.0350998 -0.0356234 0.011027 -0.0359482 -0.0382653
internal_weight=0 1160.3 1089.43 543.952 101.63 545.473 21.835 91.6696 13.2534 479.057 523.638 70.8751 43.05 64.8957 36.0846 474.355 9.96074 27.8251 24.5122 12.1648 7.67709 6.96541 403.92 58.032 28.4075 78.0995 69.9058 119.719 64.8152 12.3474
internal_count=11407 10835 10421 5014 572 5407 178 486 90 4671 5229 414 268 343 215 4629 86 146 127 63 50 53 4015 299 165 398 354 1214 328 64
is_linear=0
shrinkage=0.01


Tree=20
num_leaves=31
num_cat=0
split_feature=1 2 1 1 1 1 1 1 1 1 1 1 13 1 1 13 1 2 1 13 1 1 1 1 2 13 1 1 1 1
split_gain=956.916 601.797 88.2886 859.47 79.039 47.9661 41.2522 24.983 22.3077 15.434 14.4831 12.6646 13.5142 10.5673 9.99365 9.93285 9.3527 8.11006 4.89916 3.54455 2.66733 2.46672 2.3131 1.7436 1.16418 1.15691 1.63561 0.393353 0.217422 0.122868
threshold=3985955691713.0005 56.500000000000007 1818756050482.5002 1861025330344.5002 3985955706084.5005 507703113266.50006 251391422769.50003 3985955694497.5005 330364825549.00006 3985955690461.5005 1514623741114.5002 1514623709106.0002 2.9484554422879965 1861025328962.5002 1861025332985.5002 1.9827208267654053 4179354223176.5005 49.500000000000007 1861025347675.5002 2.9492841029617014 1514623739995.5002 1861025320697.5002 1955683337422.0002 3985955695784.5005 52.500000000000007 1.9843852477908592 1119808859462.5002 1818756047612.5002 3985955700886.0005 87670330574.000015
decision_type=2 2 2 2 2 2 2 2 2 2 2 2 2 2 2 2 2 2 2 2 2 2 2 2 2 2 2 2 2 2
left_child=1 11 5 13 7 6 29 -2 -8 14 20 17 15 21 -5 18 -6 -1 -13 -14 -7 -4 -17 -9 -25 26 -19 -12 -26 -3
right_child=4 2 3 9 16 10 8 23 -10 -11 27 12 19 -15 -16 22 -18 25 -20 -21 -22 -23 -24 24 28 -27 -28 -29 -30 -31
leaf_value=-0.01687306718639079 -0.019590039526997644 0.011217426336173642 -0.028229256375813926 -0.0038973547140338334 -0.01072220584006788 0.0071158535799579281 -0.028403343192212868 -0.029865007842679613 -0.0019185897567135651 -0.011643355193972615 0.011173873699428148 -0.006319202104227417 -0.0012655327610038526 -0.020555492626135013 0.0066900355757002006 -0.02455929280821818 0.0088748877071865191 -0.028246200967322277 -0.022235061844864946 -0.015602002926844589 -0.0011996285220443946 -0.034371808726117246 -0.030250498607528958 -0.029565631800377249 -0.034443795095107123 -0.035223839535512717 -0.035369114783420599 0.0089764704953267261 -0.035584234695805753 0.0088142417156429047
leaf_weight=3.7112422883510616 13.737422302365301 4.3535665422678012 7.4886479973793021 9.0905595496296865 5.7490583658218366 397.8364619165659 8.1841208189725858 8.319721043109892 5.2014999017119399 4.7429340779781333 109.90073217451572 3.7910263910889617 3.0657874494791022 6.9510188251733771 463.01053861528635 15.369812756776811 4.225033201277256 8.8541975468397158 3.9482609629631042 3.9419660717248917 3.8952382430434218 51.481673300266266 13.339475870132445 4.1522288471460334 32.939678758382797 10.601730197668074 5.0695999264717093 8.7985444962978345 33.943318009376526 4.1607212275266647
leaf_count=22 88 45 41 82 43 3980 45 44 45 42 1124 28 25 44 4548 90 43 46 22 28 35 258 74 21 165 53 25 90 168 43
internal_value=0 0.00262439 0.00447836 0.00162705 -0.0291745 0.00733195 -0.00716562 -0.0320409 -0.0181117 0.00630584 0.00794201 -0.025436 -0.022048 -0.0322172 0.00648617 -0.0244932 -0.00242086 -0.03065 -0.0144388 -0.00933001 0.00703523 -0.0335918 -0.0272037 -0.0341963 -0.0347036 -0.0327348 -0.0308396 0.011011 -0.0350226 0.010043
internal_weight=0 1156.79 1085.1 542.765 103.066 542.331 21.8999 93.0924 13.3856 476.844 520.431 71.6931 43.4563 65.9213 472.101 36.4486 9.97409 28.2368 7.73929 7.00775 401.732 58.9703 28.7093 79.3549 71.0352 24.5255 13.9238 118.699 66.883 8.51429
internal_count=11407 10835 10422 5015 572 5407 178 486 90 4672 5229 413 267 343 4630 214 86 146 50 53 4015 299 164 398 354 124 71 1214 333 88
is_linear=0
shrinkage=0.01


Tree=21
num_leaves=31
num_cat=0
split_feature=1 12 1 1 1 1 1 1 1 1 1 1 12 1 1 12 1 1 1 1 1 12 1 1 12 1 1 1 12 1
split_gain=926.642 583.295 87.392 833.2 75.2572 47.302 40.1174 23.8432 21.3258 15.1401 14.489 12.3407 12.71 10.0804 9.86271 9.20121 9.1428 7.01055 5.5979 13.6327 4.70177 3.41697 2.64048 2.36399 2.27436 1.67681 0.394963 0.342702 0.173529 0.123311
threshold=3985955691713.0005 1.4814014859090314 1818756050482.5002 1861025330344.5002 3985955706084.5005 507703113266.50006 251391422769.50003 3985955694497.5005 330364825549.00006 3985955690461.5005 1514623741114.5002 1514623709106.0002 2.8983726292905869 1861025328962.5002 1861025332985.5002 1.9657402510146069 4179354223176.5005 641304923107.00012 701677501646.00012 1119808860881.5002 1861025347675.5002 2.8999958158907506 1514623739995.5002 1861025320697.5002 1.9683586384621594 3985955697097.0005 1818756047612.5002 3985955695784.5005 1.9690143438181578 87670330574.000015
decision_type=2 2 2 2 2 2 2 2 2 2 2 2 2 2 2 2 2 2 2 2 2 2 2 2 2 2 2 2 2 2
left_child=1 2 5 13 7 6 29 -2 -8 14 22 17 15 23 -5 20 -6 -3 28 -20 -13 -14 -7 -4 -17 27 -12 -9 -19 -1
right_child=4 11 3 9 16 10 8 25 -10 -11 26 12 21 -15 -16 24 -18 18 19 -21 -22 -23 -24 -25 -26 -27 -28 -29 -30 -31
leaf_value=0.011203846336356214 -0.019164256458311039 -0.016417332296618615 -0.027542499301682614 -0.0038472183728473098 -0.010537410319521285 0.0070835922899577007 -0.027707476038968296 -0.029137656705592114 -0.0018967210226610398 -0.011428560872880916 0.011159148985644494 -0.0062301839653729528 -0.0012517616698670391 -0.020101519568052076 0.0066562739578993994 -0.027617031028183352 0.0088474762043462413 -0.037588672749341176 -0.012471364930837064 -0.034496363253858998 -0.02176247591774208 -0.015294229713523873 -0.0011865966147207793 -0.033512057835468102 -0.019976229284958326 -0.034096865111569549 0.0089494002872913241 -0.031962828552457107 -0.035254362571273949 0.0087868954324555552
leaf_weight=4.3154459819197672 13.901370301842688 3.3896414935588863 7.5980586409568778 9.1168032661080343 5.7911671400070173 395.66279861330986 8.3051460087299329 8.4415037333965302 5.2088202834129325 4.7835476994514456 108.95005438476801 3.8066620454192153 3.0685058236122122 7.0364838987588874 460.52065512537956 24.599283009767536 4.1958884224295616 6.2416137605905551 4.266442969441413 8.2339825183153135 3.9934291392564774 3.9808807671070099 3.8986211642622939 52.270355328917503 4.6286742240190497 63.379393339157104 8.7372145727276784 8.7382394224405289 6.5021004229784012 4.1320772394537926
leaf_count=45 88 19 41 82 43 3980 45 44 45 42 1124 28 25 44 4547 134 43 32 23 40 22 28 35 258 31 310 90 44 32 43
internal_value=0 0.00260658 0.00445144 0.00161309 -0.0284986 0.00730093 -0.00707314 -0.0312587 -0.017759 0.00627208 0.00791122 -0.0248093 -0.0214888 -0.0314237 0.00645238 -0.0238318 -0.00239319 -0.0299206 -0.0317338 -0.0269791 -0.0141823 -0.00918173 0.0070029 -0.0327544 -0.026407 -0.0333457 0.0109951 -0.0305746 -0.0363977 0.0100216
internal_weight=0 1153.25 1080.54 541.326 104.448 539.21 21.9615 94.4605 13.514 474.421 517.249 72.7112 44.0774 66.9049 469.637 37.028 9.98706 28.6338 25.2441 12.5004 7.80009 7.04939 399.561 59.8684 29.228 80.5591 117.687 17.1797 12.7437 8.44752
internal_count=11407 10835 10421 5014 572 5407 178 486 90 4671 5229 414 268 343 4629 215 86 146 127 63 50 53 4015 299 165 398 1214 88 64 88
is_linear=0
shrinkage=0.01


Tree=22
num_leaves=31
num_cat=0
split_feature=1 2 1 1 1 1 1 0 13 0 0 1 1 1 0 0 1 1 1 1 0 0 1 2 1 1 1 0 1 0
split_gain=897.912 568.497 86.3892 808.437 71.7642 46.6485 39.0295 31.4338 40.5275 27.1322 436.328 22.8104 20.4089 20.1442 19.9034 145.444 10.7789 9.97919 9.6396 8.93899 5.49764 4.62215 3.79913 3.77838 6.25043 3.30511 2.2721 2.14894 4.04914 0.964314
threshold=3985955691713.0005 56.500000000000007 1818756050482.5002 1861025330344.5002 3985955706084.5005 507703113266.50006 251391422769.50003 4201048.0000000009 1.9843852477908592 4200993.0000000009 4200985.0000000009 3985955694497.5005 330364825549.00006 1514623709106.0002 4200970.0000000009 4200977.5000000009 1861025347675.5002 3985955690461.5005 1861025328962.5002 4179354223176.5005 4200993.0000000009 4200962.0000000009 1861025334367.5002 49.500000000000007 858533846337.00012 2384994529348.5005 1861025320697.5002 4201032.5000000009 3985955698312.5005 4200993.0000000009
decision_type=2 2 2 2 2 2 2 2 2 2 2 2 2 2 2 2 2 2 2 2 2 2 2 2 2 2 2 2 2 2
left_child=1 7 5 18 11 6 -3 23 22 10 -7 21 -8 -10 17 -16 -15 -5 26 -6 -20 -2 -9 24 -1 -26 -4 -13 -29 -23
right_child=4 2 3 14 19 9 12 8 13 -11 -12 27 -14 16 15 -17 -18 -19 20 -21 -22 29 -24 -25 25 -27 -28 28 -30 -31
leaf_value=-0.013582985877249754 -0.0085857519358614708 0.010000230186580718 -0.026889670664451276 0.0090800804153196562 -0.010357422988022866 0.0096956215415644944 -0.027046224279871522 -0.0040960291642184246 -0.033482676201952603 0.010558544593408171 -0.033005939019234973 -0.033391732893279069 -0.0018751334456999489 -0.0060208268234853736 -0.046992793981743407 0.0055858176995844094 -0.026622074146261811 -0.013268592447175567 -0.027560210855837979 0.008820095216208643 -0.009885222417264021 -0.025760026775662422 0.009480469201659545 -0.031644092590334252 -0.033714108907351034 -0.022045271385041403 -0.032701445334028578 -0.021110091734592818 -0.032211318804246859 -0.019591799583183311
leaf_weight=3.4100596308708182 3.3916730880737296 8.3812589496374148 7.704155132174491 180.09597650170326 5.8326748013496381 269.90133233368397 8.4225141257047635 4.262223385274412 10.508622393012049 217.93308717012405 26.256960302591324 64.160190373659134 5.2160630077123633 6.5630923807620984 5.360142543911933 284.77039470523596 4.1429113298654556 2.0203970223665229 3.9398582875728598 4.1669700145721436 3.1802873909473419 4.143661364912985 3.9912612736225128 30.343803346157074 6.2931097745895368 3.9514879882335663 53.026500284671783 4.3771240562200573 13.176284044981001 6.5266617834568024
leaf_count=20 24 88 41 1829 43 2795 45 31 51 2277 157 310 45 48 32 2793 30 18 22 43 22 24 29 152 31 21 258 24 64 40
internal_value=0 0.00258897 0.00442624 0.00160349 -0.0278575 0.00726998 -0.00698295 -0.0243251 -0.0163324 0.00788047 0.00590976 -0.030519 -0.0174196 -0.0236471 0.00624094 0.00461443 -0.0139929 0.00883214 -0.0306736 -0.00236592 -0.0196655 -0.0187548 0.00246936 -0.0296783 -0.0253098 -0.0292133 -0.0319642 -0.0325435 -0.0294431 -0.0219871
internal_weight=0 1149.68 1076.21 540.098 105.775 536.111 22.0198 73.4666 29.4681 514.091 296.158 95.7756 13.6386 21.2146 472.247 290.131 10.706 182.116 67.8508 9.99964 7.12015 14.062 8.25348 43.9985 13.6547 10.2446 60.7307 81.7136 17.5534 10.6703
internal_count=11407 10835 10422 5015 572 5407 178 413 189 5229 2952 486 90 129 4672 2825 78 1847 343 86 44 88 60 224 72 52 299 398 88 64
is_linear=0
shrinkage=0.01


Tree=23
num_leaves=31
num_cat=0
split_feature=1 2 1 1 1 1 1 0 13 0 0 1 0 0 1 1 1 1 1 1 0 0 1 2 1 1 1 0 1 0
split_gain=870.689 553.108 85.5151 784.888 68.5404 46.0269 37.9854 29.8996 38.9885 27.0566 423.734 21.857 19.9892 499.97 19.5513 19.2982 10.2377 9.40284 9.21985 8.74103 5.23736 4.41022 3.78122 3.57967 5.96476 3.14281 2.24135 2.04862 3.87226 0.914517
threshold=3985955691713.0005 56.500000000000007 1818756050482.5002 1861025330344.5002 3985955706084.5005 507703113266.50006 251391422769.50003 4201048.0000000009 1.9843852477908592 4200993.0000000009 4200985.0000000009 3985955694497.5005 4200993.0000000009 4200985.0000000009 330364825549.00006 1514623709106.0002 1861025347675.5002 1861025332985.5002 1861025328962.5002 4179354223176.5005 4200993.0000000009 4200962.0000000009 1861025323500.5002 49.500000000000007 858533846337.00012 2384994529348.5005 1861025326215.5002 4201032.5000000009 3985955698312.5005 4200993.0000000009
decision_type=2 2 2 2 2 2 2 2 2 2 2 2 2 2 2 2 2 2 2 2 2 2 2 2 2 2 2 2 2 2
left_child=1 7 5 18 11 6 -3 23 22 10 -7 21 13 -5 -8 -10 -17 -14 26 -6 -20 -2 -9 24 -1 -26 -4 -13 -29 -23
right_child=4 2 3 12 19 9 14 8 15 -11 -12 27 17 -15 -16 16 -18 -19 20 -21 -22 29 -24 -25 25 -27 -28 28 -30 -31
leaf_value=-0.013344825447775188 -0.008451759500715663 0.0099789197694769866 -0.032428683247424026 0.007757454111188309 -0.010182059647087191 0.0096723060421459728 -0.026417001918961871 0.011873528102162358 -0.032691515015514691 0.010540574035608805 -0.032064092100079468 -0.032609142367529327 -0.0053320609580756505 -0.051766456259858561 -0.0018538222272383811 -0.005937661652758156 -0.025892027863708703 0.008880054436011137 -0.026888764564783636 0.0087927437124806634 -0.0097235675817330461 -0.025140796335705349 -0.0024204762246961675 -0.030892250678875792 -0.032898363356571744 -0.021588774011235025 -0.028211944829686419 -0.020671409912530549 -0.03146523891911706 -0.019173309026972094
leaf_weight=3.436076045036315 3.4108917713165274 8.3154957070946711 43.870390877127647 249.59537924826145 5.8735906183719617 267.85668022930622 8.5363141745328885 2.8068638220429438 10.654560476541521 216.13063348829746 26.755382344126701 65.038466259837151 4.7658331692218772 14.956702947616575 5.2232288345694533 6.5883394479751569 4.2167475521564484 200.60265608876944 3.9975631535053244 4.138277031481266 3.2007244974374771 4.2029607295989972 5.4323687255382538 30.769289895892143 6.3841933161020261 3.9944725036621094 17.687603190541267 4.4250688552856472 13.35291615128517 6.6020411998033524
leaf_count=20 24 88 214 2508 43 2795 45 23 51 2277 157 310 43 118 45 48 30 2003 22 43 22 24 37 152 31 21 85 24 64 40
internal_value=0 0.0025724 0.00440178 0.00159214 -0.0272501 0.00724232 -0.00689499 -0.0238155 -0.0160422 0.00785336 0.00588199 -0.0298205 0.00620939 0.00439221 -0.0170926 -0.0231417 -0.013725 0.00855024 -0.0299649 -0.00233907 -0.0192562 -0.0183651 0.00244907 -0.0289936 -0.0247648 -0.0285456 -0.0312171 -0.0317868 -0.0287786 -0.0214946
internal_weight=0 1145.78 1071.49 538.677 107.044 532.818 22.075 74.2829 29.6989 510.743 294.612 97.0323 469.921 264.552 13.7595 21.4596 10.8051 205.368 68.7563 10.0119 7.19829 14.2159 8.23923 44.584 13.8147 10.3787 61.558 82.8165 17.778 10.805
internal_count=11407 10835 10422 5015 572 5407 178 413 189 5229 2952 486 4672 2626 90 129 78 2046 343 86 44 88 60 224 72 52 299 398 88 64
is_linear=0
shrinkage=0.01


Tree=24
num_leaves=31
num_cat=0
split_feature=1 2 1 1 1 1 1 1 1 1 1 1 12 1 1 1 12 2 1 1 12 1 1 1 1 2 1 1 1 1
split_gain=844.795 538.386 84.6423 762.459 65.5501 45.416 36.9828 20.9876 18.7477 14.7924 14.6381 10.4759 11.6585 9.65414 8.83382 8.5487 8.2201 4.11253 7.55356 4.04383 3.36912 2.57104 2.24294 2.05239 1.61081 1.02713 0.476207 0.798865 0.404589 0.192468
threshold=3985955691713.0005 56.500000000000007 1818756050482.5002 1861025330344.5002 3985955706084.5005 507703113266.50006 251391422769.50003 3985955694497.5005 330364825549.00006 3985955690461.5005 1514623741114.5002 1514623709106.0002 2.8983726292905869 1861025332985.5002 1861025328962.5002 4179354223176.5005 1.9657402510146069 50.500000000000007 858533846337.00012 1861025347675.5002 2.8999958158907506 1514623739995.5002 1861025320697.5002 1514623725378.5002 3985955695784.5005 52.500000000000007 871682466932.50012 643953707747.50012 1818756047612.5002 3985955700886.0005
decision_type=2 2 2 2 2 2 2 2 2 2 2 2 2 2 2 2 2 2 2 2 2 2 2 2 2 2 2 2 2 2
left_child=1 11 5 14 7 6 -3 -2 -8 13 21 17 16 -5 22 -6 19 18 -1 -13 -14 -7 -4 -18 -9 -26 27 -19 -12 -27
right_child=4 2 3 9 15 10 8 24 -10 -11 28 12 20 -15 -16 -17 23 26 -20 -21 -22 -23 -24 -25 25 29 -28 -29 -30 -31
leaf_value=-0.015457288603103038 -0.017989981302730714 0.0099576756576433556 -0.025539122888197489 -0.0038255848204265513 -0.010011141871231966 0.0069875724771611119 -0.025817465604760514 -0.027025112583307087 -0.0018327842138957493 -0.011261136154636347 0.011130685152764363 -0.0060684543690078018 -0.00086973517790759236 0.0065643305885258862 -0.018862881183200716 0.0087654188840050953 -0.017750225656906933 -0.028124477705660737 -0.032973673093741461 -0.020333687768706296 -0.014654827618395552 -0.0011867494831637624 -0.031231701271625691 -0.025846847075673078 -0.026844214986989759 -0.03130696448363527 -0.028353181315822248 -0.033373960737053114 0.008869562284995941 -0.032350683748766831
leaf_weight=5.9008276760578173 14.366379007697104 8.2502313405275363 7.9299919307231894 9.1229663342237455 5.9139249026775342 388.45124837011099 8.6466348022222501 8.8074023127555829 5.2303187251090995 4.8138070702552787 106.52214803546667 3.8301324322819701 3.1448373124003401 453.68093449622393 7.2744644135236731 4.1098084300756454 3.5482200831174877 4.2714343369007137 4.2242279350757599 4.1298387348651886 4.0642240643501282 3.8862331956624976 54.425266399979591 26.611488096415997 4.3760316818952552 34.811396196484566 6.3211933225393286 9.0220639556646329 8.5485199913382512 35.877099618315697
leaf_count=32 88 88 41 82 43 3980 45 44 45 42 1124 28 25 4548 44 43 22 21 20 22 28 35 258 142 21 165 30 43 90 168
internal_value=0 0.00255614 0.00437765 0.00158114 -0.0266724 0.00721489 -0.00680914 -0.029158 -0.0167775 0.00617813 0.00782645 -0.0233291 -0.0203032 0.00635952 -0.0292912 -0.00231261 -0.0225087 -0.027941 -0.0227652 -0.0134696 -0.0086413 0.0069066 -0.0305078 -0.0248943 -0.0310709 -0.0315456 -0.0306128 -0.0316872 0.0109627 -0.0318367
internal_weight=0 1141.85 1066.78 537.247 108.262 529.535 22.1272 98.2383 13.877 467.618 507.408 75.0685 45.3287 462.804 69.6297 10.0237 38.1197 29.7397 10.1251 7.95997 7.20906 392.337 62.3553 30.1597 83.8719 75.0645 19.6147 13.2935 115.071 70.6885
internal_count=11407 10835 10422 5015 572 5407 178 486 90 4672 5229 413 267 4630 343 86 214 146 52 50 53 4015 299 164 398 354 94 64 1214 333
is_linear=0
shrinkage=0.01


Tree=25
num_leaves=21
num_cat=0
split_feature=2 0 0 0 0 0 12 12 2 2 12 2 2 12 0 0 0 12 0 0
split_gain=488.72 36.9606 288.193 121.839 630.917 26.5275 30.893 5.42076 7.06736 3.33665 2.49719 0.886115 0.719919 0.661021 0.428543 2.04789 0.417504 0.216841 0.143884 0.243154
threshold=56.500000000000007 4200970.0000000009 4200977.5000000009 4200993.0000000009 4200985.0000000009 4201048.0000000009 1.9690143438181578 2.8983726292905869 51.500000000000007 49.500000000000007 2.9006279862112208 51.500000000000007 50.500000000000007 2.8974253360442215 4201048.0000000009 4201072.0000000009 4201032.5000000009 1.9657402510146069 4200962.0000000009 4200939.5000000009
decision_type=2 2 2 2 2 2 2 2 2 2 2 2 2 2 2 2 2 2 2 2
left_child=5 18 -3 4 -4 9 11 13 10 -1 -9 -7 -11 -8 16 -16 -5 -14 19 -2
right_child=1 2 3 14 -6 6 7 8 -10 12 -12 -13 17 -15 15 -17 -18 -19 -20 -21
leaf_value=-0.024111129101699786 0.0037602168028481177 -0.051658152530507991 0.0044973109384039336 0.0035287500418945796 -0.037457115381954668 0.0019909356071314728 -0.026114076104462022 -0.027779910008871353 -0.0073017443545865673 -0.02809382158324834 -0.017685249338401817 -0.0041311113395434609 -0.029754315016876202 -0.031277188272152132 -0.0015853151783169514 0.0038762641895544086 0.0041604558380026989 -0.031883793319527544 0.0036674406495331401 0.0043255487934818022
leaf_weight=14.763179898262022 151.45359417051077 10.528995208442209 148.30637502670288 302.05165240168571 47.268189497292042 3.9152386337518692 6.5391339212656039 5.2781572490930539 3.9785671159625045 14.400777265429491 4.5744111984968185 5.9683180153369886 7.9873304516077086 3.9943212866783142 8.8194477781653386 30.987563006579876 160.06781507283449 11.915247812867165 151.98133731633425 152.87623365968466
leaf_count=75 1446 68 1416 2896 298 28 36 28 27 69 29 40 39 21 77 296 1526 57 1465 1470
internal_value=0 0.00169937 0.00026905 0.00105291 -0.00564261 -0.0233719 -0.0166179 -0.022667 -0.0185507 -0.0280862 -0.0230931 -0.00170594 -0.0297969 -0.0280719 0.0036618 0.00266622 0.00374756 -0.0310292 0.00391872 0.0040442
internal_weight=0 1164.34 708.03 697.501 195.575 83.3147 34.2481 24.3646 13.8311 49.0665 9.85257 9.88356 34.3034 10.5335 501.926 39.807 462.119 19.9026 456.311 304.33
internal_count=11407 10958 6577 6509 1714 449 209 141 84 240 57 68 165 57 4795 373 4422 96 4381 2916
is_linear=0
shrinkage=0.01


Tree=26
num_leaves=21
num_cat=0
split_feature=2 0 0 0 0 0 12 3 12 12 2 12 2 2 0 0 0 12 0 0
split_gain=474.516 36.3636 274.649 119.386 604.615 25.3766 29.6906 5.75073 5.74187 3.94758 3.19507 1.11871 0.866494 0.678052 0.423063 2.01444 0.412595 0.208606 0.14218 0.240499
threshold=56.500000000000007 4200970.0000000009 4200977.5000000009 4200993.0000000009 4200985.0000000009 4201048.0000000009 1.9690143438181578 50.500000000000007 2.8983726292905869 2.8996580756647572 49.500000000000007 2.8980566511096142 51.500000000000007 50.500000000000007 4201048.0000000009 4201072.0000000009 4201032.5000000009 1.9657402510146069 4200962.0000000009 4200939.5000000009
decision_type=2 2 2 2 2 2 2 2 2 2 2 2 2 2 2 2 2 2 2 2
left_child=5 18 -3 4 -4 10 12 8 -8 -10 -1 -9 -7 -12 16 -16 -5 -15 19 -2
right_child=1 2 3 14 -6 6 7 11 9 -11 13 -13 -14 17 15 -17 -18 -19 -20 -21
leaf_value=-0.023613761588803316 0.0037328381795459697 -0.049696437804225974 0.0044670554950438507 0.0035025287044121449 -0.036285756860630188 0.0019735680040337388 -0.027534086262788492 -0.024431680389339849 -0.0051446096915623704 -0.018405743012461818 -0.027502710620167237 -0.031239793397829011 -0.0040797256447855359 -0.029092032597489745 -0.0015677598071000237 0.0038484609573052721 0.0041314123917371689 -0.031167692900480548 0.0036405796339922668 0.0042959018371300844
leaf_weight=14.922573938965796 151.04087866097689 10.833586648106573 147.8202024102211 301.27372444421053 48.300807550549507 3.9102226942777634 4.627008542418479 4.3979651629924792 3.3186098486185056 6.9371643662452698 14.562360107898707 5.3492255285382271 5.9829824939370138 8.0869599729776418 8.8289754018187505 30.899761356413364 159.58358379453421 12.066343575716019 151.57371627539396 152.39437125623226
leaf_count=75 1446 68 1416 2896 298 28 26 22 22 41 69 30 40 39 77 296 1526 57 1465 1470
internal_value=0 0.00168526 0.00026698 0.0010439 -0.00556957 -0.022904 -0.0163197 -0.0221972 -0.0182867 -0.0141146 -0.0274834 -0.0281679 -0.0016872 -0.0291468 0.00363494 0.00264481 0.0037203 -0.0303348 0.00389069 0.00401563
internal_weight=0 1162.55 707.541 696.707 196.121 84.1614 34.5232 24.63 14.8828 10.2558 49.6382 9.74719 9.89321 34.7157 500.586 39.7287 460.857 20.1533 455.009 303.435
internal_count=11407 10958 6577 6509 1714 449 209 141 89 63 240 52 68 165 4795 373 4422 96 4381 2916
is_linear=0
shrinkage=0.01


Tree=27
num_leaves=31
num_cat=0
split_feature=1 14 1 1 1 1 1 0 0 0 14 1 0 0 1 1 1 1 1 1 0 0 1 1 1 1 1 0 1 1
split_gain=820.631 496.632 84.2932 743.013 61.9665 45.1526 36.1863 26.7566 388.546 26.2577 34.231 20.0015 19.6432 447.903 18.36 17.9786 9.28339 8.61768 8.48368 8.41049 4.92656 4.09022 3.75112 3.38921 3.66474 2.18046 2.01878 1.97857 3.72236 0.795551
threshold=3985955691713.0005 1.4952840700306402 1818756050482.5002 1861025330344.5002 3985955706084.5005 507703113266.50006 251391422769.50003 4200993.0000000009 4200985.0000000009 4201048.0000000009 1.992161902485347 3985955694497.5005 4200993.0000000009 4200985.0000000009 1514623709106.0002 330364825549.00006 1861025332985.5002 1861025347675.5002 1861025328962.5002 4179354223176.5005 4200993.0000000009 4200962.0000000009 1861025334367.5002 643953703719.50012 2946978529348.5005 1861025320697.5002 858533846337.00012 4201032.5000000009 3985955698312.5005 1325782932673.0002
decision_type=2 2 2 2 2 2 2 2 2 2 2 2 2 2 2 2 2 2 2 2 2 2 2 2 2 2 2 2 2 2
left_child=1 2 5 18 11 6 -1 8 -7 23 22 21 13 -5 -12 -8 -14 -16 25 -6 -20 -2 -11 -3 26 -4 -25 -13 -29 -9
right_child=4 9 3 12 19 7 15 29 -10 10 14 27 16 -15 17 -17 -18 -19 20 -21 -22 -23 -24 24 -26 -27 -28 28 -30 -31
leaf_value=0.0099246181449151507 -0.0081650775218047988 -0.01727178455943423 -0.025063384584785187 0.0076835701415279315 -0.0099779955316839693 0.0096134007601616518 -0.02537738390109066 0.0099217019111576699 -0.029425123661070723 -0.0039007926993043372 -0.030287428042313689 -0.031173020538910887 -0.0053079462643952349 -0.046553117735685372 -0.0051227911403678361 -0.0018997515757486309 0.0088077292517654698 -0.022871126788439312 -0.025877325879189436 0.0087135017889424689 -0.0093742250008450063 -0.020635110347091597 0.0095301094469447036 -0.024453610631730266 -0.019672912741581675 -0.030647636783972709 -0.029821134548673706 -0.019612377492971782 -0.030058457727085632 0.011149940983192504
leaf_weight=8.1478989273309725 3.4525909423828116 3.5804989337921134 8.0109658688306791 245.69713144004345 5.9217988550662977 262.70762435346842 8.7284836918115598 112.55897387862206 28.235160440206528 4.3003412932157534 11.107520341873171 66.664748549461365 4.7719739079475394 16.232375055551529 6.8394921049475652 5.2078043296933165 196.99789128452539 4.5595101118087769 4.0863976478576651 4.0562594160437584 3.2455966174602509 11.044598981738089 4.0265028178691864 9.2997826635837537 5.3762367814779273 54.986083135008812 28.423376113176346 4.5432797670364407 13.690465614199637 99.222383230924606
leaf_count=88 24 19 41 2508 43 2795 45 1204 157 31 51 310 43 118 48 45 2002 31 22 43 22 64 29 45 27 258 133 24 64 1073
internal_value=0 0.00254347 0.00433216 0.00153511 -0.0261361 0.00717835 -0.00681641 0.00779312 0.00582482 -0.0218901 -0.0147288 -0.0285209 0.00612884 0.0043224 -0.0211377 -0.0166041 0.00847389 -0.012222 -0.0287526 -0.00237957 -0.018572 -0.0176653 0.00259381 -0.0266204 -0.0273971 -0.0299375 -0.0284979 -0.0303746 -0.0274556 0.0104971
internal_weight=0 1136.35 1058.84 534.028 109.374 524.808 22.0842 502.724 290.943 77.5133 30.8334 99.3957 463.699 261.93 22.5065 13.9363 201.77 11.399 70.329 9.97806 7.33199 14.4972 8.32684 46.6799 43.0994 62.997 37.7232 84.8985 18.2337 211.781
internal_count=11407 10835 10421 5014 572 5407 178 5229 2952 414 190 486 4671 2626 130 90 2045 79 343 86 44 88 60 224 205 299 178 398 88 2277
is_linear=0
shrinkage=0.01


Tree=28
num_leaves=31
num_cat=0
split_feature=1 12 1 1 1 1 1 0 0 0 12 0 0 1 1 1 1 1 1 1 0 0 1 1 1 1 1 0 1 1
split_gain=797.094 484.182 83.427 722.536 59.4128 44.5561 35.2494 26.6726 378.405 25.1421 33.055 19.5746 129.786 19.2873 17.7058 17.2666 15.1089 9.85791 8.22617 8.1612 4.70908 3.91318 3.7312 3.25592 3.51427 2.11273 1.93108 1.89936 3.58055 0.799951
threshold=3985955691713.0005 1.4814014859090314 1818756050482.5002 1861025330344.5002 3985955706084.5005 507703113266.50006 251391422769.50003 4200993.0000000009 4200985.0000000009 4201048.0000000009 1.9690143438181578 4200970.0000000009 4200977.5000000009 3985955694497.5005 1514623709106.0002 330364825549.00006 1514623739995.5002 3985955690461.5005 4179354223176.5005 1861025328962.5002 4200993.0000000009 4200962.0000000009 1861025323500.5002 643953703719.50012 2946978529348.5005 1861025320697.5002 858533846337.00012 4201032.5000000009 3985955698312.5005 1325782932673.0002
decision_type=2 2 2 2 2 2 2 2 2 2 2 2 2 2 2 2 2 2 2 2 2 2 2 2 2 2 2 2 2 2
left_child=1 2 5 19 13 6 -1 8 -7 23 22 17 -13 21 -12 -8 -16 -5 -6 25 -21 -2 -11 -3 26 -4 -25 -15 -29 -9
right_child=4 9 3 11 18 7 15 29 -10 10 14 12 -14 27 16 -17 -18 -19 -20 20 -22 -23 -24 24 -26 -27 -28 28 -30 -31
leaf_value=0.0099035298021581206 -0.0080403956155670388 -0.016955505828537477 -0.024525551861293939 0.0089661595644217069 -0.0098121834174390698 0.0095902598604788274 -0.024825273497997371 0.009900381067707284 -0.028682620070343289 0.011905336751670697 -0.029665301334820184 -0.042536136402558579 0.0054449359177034728 -0.030509713965539517 0.0079965114307925002 -0.0018781248240016314 -0.018581553842014521 -0.013237184668898375 0.0086862472312476419 -0.025286441165721762 -0.0092247919632629533 -0.020196459045242417 -0.0022373205023679616 -0.023971805741352093 -0.019305509242167364 -0.029990664364646299 -0.029194945884476919 -0.019230161617395786 -0.029424279061889873 0.01113719079421968
leaf_weight=8.0839174315333384 3.470975160598754 3.610660955309867 8.1042978614568693 174.72034479677677 5.9614488333463651 260.7180944159627 8.832843750715254 111.67777973413467 28.674166843295097 2.8269075006246585 11.226447388529779 5.7538063526153556 278.9203557819128 67.429032117128372 2.8419882506132117 5.2150578871369353 8.6452975869178754 2.0227725207805625 4.0284363627433777 4.1397948414087287 3.265091598033905 11.170988216996191 5.4849428236484528 9.3913619667291623 5.4235254079103461 55.62541738152504 28.741056561470032 4.5870223343372372 13.844887480139731 98.347000032663345
leaf_count=88 24 19 41 1829 43 2795 45 1204 157 23 51 32 2792 310 25 45 54 18 43 22 22 64 37 45 27 258 133 24 64 1073
internal_value=0 0.00252769 0.0043087 0.00152464 -0.0256112 0.00715149 -0.00673297 0.00776679 0.00579803 -0.0214819 -0.0144903 0.00609807 0.00447515 -0.0279231 -0.0207343 -0.0163065 -0.0120061 0.00871205 -0.00235266 -0.0281411 -0.0182043 -0.0173148 0.00257268 -0.0260809 -0.0268373 -0.0292957 -0.0279086 -0.0297321 -0.0268873 0.0104795
internal_weight=0 1132.29 1054.1 532.552 110.493 521.549 22.1318 499.417 289.392 78.1922 31.0256 461.417 284.674 100.503 22.7137 14.0479 11.4873 176.743 9.98989 71.1346 7.40489 14.642 8.31185 47.1666 43.5559 63.7297 38.1324 85.8609 18.4319 210.025
internal_count=11407 10835 10421 5014 572 5407 178 5229 2952 414 190 4671 2824 486 130 90 79 1847 86 343 44 88 60 224 205 299 178 398 88 2277
is_linear=0
shrinkage=0.01


Tree=29
num_leaves=31
num_cat=0
split_feature=1 2 1 1 1 1 1 0 0 0 12 0 0 1 1 1 1 1 1 1 0 0 1 1 1 1 1 0 1 1
split_gain=774.615 473.439 82.5207 703.048 57.0304 43.9696 34.3479 26.5866 368.739 23.6103 32.3742 19.6801 430.586 18.6318 16.5969 16.5175 15.0183 9.35493 8.04698 7.86486 4.50645 3.74719 3.74518 3.1331 3.37623 2.07762 1.85134 1.82755 3.45066 0.804417
threshold=3985955691713.0005 56.500000000000007 1818756050482.5002 1861025330344.5002 3985955706084.5005 507703113266.50006 251391422769.50003 4200993.0000000009 4200985.0000000009 4201048.0000000009 1.9690143438181578 4200993.0000000009 4200985.0000000009 3985955694497.5005 330364825549.00006 1514623709106.0002 1514623739995.5002 3399813431033.5005 4179354223176.5005 1861025328962.5002 4200993.0000000009 4200962.0000000009 1861025334367.5002 643953703719.50012 2946978529348.5005 1861025326215.5002 858533846337.00012 4201032.5000000009 3985955698312.5005 1325782932673.0002
decision_type=2 2 2 2 2 2 2 2 2 2 2 2 2 2 2 2 2 2 2 2 2 2 2 2 2 2 2 2 2 2
left_child=1 9 5 19 13 6 -3 8 -7 23 22 12 -5 21 -8 -12 -17 -13 -6 25 -21 -2 -11 -1 26 -4 -25 -15 -29 -9
right_child=4 2 3 11 18 7 14 29 -10 10 15 17 -14 27 -16 16 -18 -19 -20 20 -22 -23 -24 24 -26 -27 -28 28 -30 -31
leaf_value=-0.016649428776697721 -0.0079184140499266031 0.0098824988720868784 -0.029824721640844612 0.0076279852334628752 -0.0096504634612391733 0.009567163747523439 -0.024297458517329434 0.0098791192005975911 -0.027978349454445901 -0.003941961133564922 -0.029073775904261762 0.0093797658865121779 -0.044892423246563833 -0.029880079173393359 -0.0018567751835941787 0.0079636369543522462 -0.018602516173141473 0.0035050484485179244 0.0086590140651267144 -0.024722457201657982 -0.0090788443767068471 -0.019774798282732483 0.0095034115075317768 -0.023509746619923548 -0.018950956979310381 -0.025854998626106435 -0.028599296724755176 -0.018861638831772061 -0.028821296018196125 0.0111245972630542
leaf_weight=3.6401175260543814 3.4891086816787711 8.0204280018806475 45.940594404935837 242.89350567758083 6.0005371421575529 258.74391744285822 8.9339552223682386 110.80333480238914 29.099808424711227 4.2894248738884944 11.33972789347172 167.36414876580238 16.682158783078194 68.157666400074959 5.2222343012690535 2.8252669423818579 8.6218190938234311 32.344566442072392 4.0008335635066032 4.1916266232728949 3.284306526184082 11.294466033577917 4.0069904923439026 9.4797279834747297 5.4695092737674704 18.490313783288002 29.044705480337143 4.6296604722738293 13.992440938949583 97.478106513619423
leaf_count=19 24 88 214 2508 43 2795 45 1204 157 31 51 1715 118 310 45 25 53 331 43 22 22 64 29 45 27 85 133 24 64 1073
internal_value=0 0.00251198 0.0042861 0.00151624 -0.0251101 0.00712484 -0.00665147 0.00774064 0.00577147 -0.0211413 -0.0143616 0.00606833 0.00425265 -0.0273537 -0.0160191 -0.0205196 -0.0120457 0.0084283 -0.00232615 -0.027559 -0.0178499 -0.0169765 0.00255187 -0.0255654 -0.0263031 -0.0286855 -0.0273469 -0.0291215 -0.0263452 0.010462
internal_weight=0 1128.21 1049.49 531.191 111.565 518.302 22.1766 496.125 287.844 78.7173 31.0832 459.284 259.576 101.563 14.1562 22.7868 11.4471 199.709 10.0014 71.9068 7.47593 14.7836 8.29642 47.6341 43.9939 64.4309 38.5244 86.7798 18.6221 208.281
internal_count=11407 10835 10422 5015 572 5407 178 5229 2952 413 189 4672 2626 486 90 129 78 2046 86 343 44 88 60 224 205 299 178 398 88 2277
is_linear=0
shrinkage=0.01


Tree=30
num_leaves=31
num_cat=0
split_feature=1 2 1 1 1 1 1 1 1 1 1 1 1 12 1 1 12 2 1 12 1 1 12 1 2 1 1 1 1 1
split_gain=753.136 461.917 81.6702 684.32 54.8041 43.3928 33.48 18.029 15.9661 14.8096 14.4787 9.41376 8.46145 10.0382 7.87274 7.58937 6.53443 6.31171 3.09618 3.06193 2.4221 2.10424 1.65877 1.52127 1.34181 0.865637 2.54072 0.423702 0.188272 0.130327
threshold=3985955691713.0005 56.500000000000007 1818756050482.5002 1861025330344.5002 3985955706084.5005 507703113266.50006 251391422769.50003 3985955694497.5005 330364825549.00006 1514623741114.5002 3985955690461.5005 1861025332985.5002 1514623709106.0002 2.8983726292905869 4179354223176.5005 1861025328962.5002 1.9657402510146069 49.500000000000007 1861025347675.5002 2.8999958158907506 1514623739995.5002 1861025320697.5002 1.9683586384621594 3985955695784.5005 52.500000000000007 1119808859462.5002 660434133297.50012 1818756047612.5002 3985955700886.0005 87670330574.000015
decision_type=2 2 2 2 2 2 2 2 2 2 2 2 2 2 2 2 2 2 2 2 2 2 2 2 2 2 2 2 2 2
left_child=1 12 5 15 7 6 29 -2 -8 20 11 -5 17 16 -6 21 18 -1 -14 -15 -7 -4 -18 -9 -25 26 -19 -11 -26 -3
right_child=4 2 3 10 14 9 8 23 -10 27 -12 -13 13 19 -16 -17 22 25 -20 -21 -22 -23 -24 24 28 -27 -28 -29 -30 -31
leaf_value=-0.01325228359222864 -0.016649918518552589 0.01111523602260679 -0.023400669564455485 -0.0038534712577950637 -0.009492686665305684 0.0068599340691619442 -0.023792316187459417 -0.02470013417050728 -0.00183569922306318 0.011101889537298017 -0.011207943991058024 0.006428103100900453 -0.0056730661980249524 -0.00024405964215842857 0.0086318004710206203 -0.01750833593335565 -0.023128312206744592 -0.027419277452414185 -0.017944903755757833 -0.013099439090045966 -0.0010857540160893052 -0.028790157858719811 -0.016869765638526296 -0.023773682526509746 -0.02880771726208289 -0.028868637896105311 -0.018702259829452048 0.0087468712548509613 -0.029818049527452987 0.0085551615678182025
leaf_weight=4.127500623464587 14.922092050313948 4.0605381503701237 8.3033250570297223 9.0878325998783094 6.0390727519988996 377.82504011690617 9.0318975299596769 9.2283563017845136 5.2293347269296637 102.89558383822441 4.8168699294328681 443.12487730383873 3.8879898935556394 3.2711757048964492 3.9734500199556351 7.5451764166355124 26.93479107320309 12.989673614501958 4.363064780831337 4.2730134576559067 3.8758084326982489 56.802367478609085 5.0249167308211318 4.6354003101587287 36.351747184991837 9.9601264595985395 4.5026808083057395 8.2523211091756803 37.440631628036499 3.8968904986977577
leaf_count=22 88 45 41 82 43 3980 45 44 45 1124 42 4548 28 25 43 44 134 59 22 28 35 258 30 21 165 44 21 90 168 43
internal_value=0 0.00249659 0.00426307 0.00150598 -0.0246312 0.00709839 -0.00657181 -0.0268109 -0.0157412 0.00771467 0.00603778 0.00622148 -0.0207659 -0.0181102 -0.00230002 -0.0270025 -0.020096 -0.0247819 -0.0121623 -0.00752532 0.00677925 -0.0281028 -0.0221443 -0.0285406 -0.0289925 -0.0265154 -0.0251754 0.010927 -0.0293203 0.00986152
internal_weight=0 1124.08 1044.75 529.68 112.591 515.067 22.2187 102.578 14.2612 492.849 457.03 452.213 79.3349 47.755 10.0125 72.6509 40.2108 31.58 8.25105 7.54419 381.701 65.1057 31.9597 87.6561 78.4278 27.4525 17.4924 111.148 73.7924 7.95743
internal_count=11407 10835 10422 5015 572 5407 178 486 90 5229 4672 4630 413 267 86 343 214 146 50 53 4015 299 164 398 354 124 80 1214 333 88
is_linear=0
shrinkage=0.01


Tree=31
num_leaves=21
num_cat=0
split_feature=2 0 0 0 0 0 12 12 2 2 12 2 2 12 0 0 0 12 0 0
split_gain=412.765 35.0682 256.01 111.713 528.212 21.0698 25.4192 4.42371 6.1087 2.99986 2.05799 0.815244 0.659153 0.565865 0.396003 1.87322 0.425776 0.175866 0.153344 0.230345
threshold=56.500000000000007 4200970.0000000009 4200977.5000000009 4200993.0000000009 4200985.0000000009 4201048.0000000009 1.9690143438181578 2.8983726292905869 51.500000000000007 49.500000000000007 2.9006279862112208 51.500000000000007 50.500000000000007 2.8974253360442215 4201048.0000000009 4201072.0000000009 4201032.5000000009 1.9657402510146069 4200962.0000000009 4200939.5000000009
decision_type=2 2 2 2 2 2 2 2 2 2 2 2 2 2 2 2 2 2 2 2
left_child=5 18 -3 4 -4 9 11 13 10 -1 -9 -7 -11 -8 16 -16 -5 -14 19 -2
right_child=1 2 3 14 -6 6 7 8 -10 12 -12 -13 17 -15 15 -17 -18 -19 -20 -21
leaf_value=-0.021263716641035903 0.0036685710694140416 -0.047138171447874459 0.0043969512936384778 0.0034118217072345758 -0.032877604705485959 0.0021112720560245088 -0.023168816614446888 -0.0247752831449667 -0.0062724583999612593 -0.024911777462982326 -0.015852217099797134 -0.0037291589808005694 -0.02652367417397164 -0.027797342899691064 -0.0014787079727439495 0.003763972685011361 0.0040566305358408035 -0.028384477091972015 0.003554579259923204 0.0042246499357957747
leaf_weight=15.68682526051998 148.41548831015825 11.226719655096529 145.13711568713188 295.65845868736506 51.510171048343182 3.9471759647130966 6.9481106624007243 5.593469209969042 4.126811407506465 15.276887506246561 4.8052127584815025 6.0582462027668935 8.4812970012426412 4.2613255828619003 8.7889461964368802 30.348692372441292 156.66851855814457 12.661182075738907 148.7915982156992 149.55445778369904
leaf_count=75 1446 68 1416 2896 298 28 36 28 27 69 29 40 39 21 77 296 1526 57 1465 1470
internal_value=0 0.00162823 0.000230129 0.00100296 -0.00536682 -0.0208637 -0.0149503 -0.0202088 -0.0165666 -0.0249197 -0.0206519 -0.00142509 -0.0264944 -0.0249284 0.00355166 0.00258665 0.00363516 -0.027638 0.00381676 0.00394767
internal_weight=0 1146.1 699.339 688.112 196.647 87.8465 35.7404 25.7349 14.5255 52.1062 10.3987 10.0054 36.4194 11.2094 491.465 39.1376 452.327 21.1425 446.762 297.97
internal_count=11407 10958 6577 6509 1714 449 209 141 84 240 57 68 165 57 4795 373 4422 96 4381 2916
is_linear=0
shrinkage=0.01


Tree=32
num_leaves=31
num_cat=0
split_feature=1 2 1 1 1 1 1 0 0 0 12 0 0 1 1 1 1 1 1 1 0 1 0 1 1 1 0 1 1 1
split_gain=732.993 440.038 81.0082 667.303 52.3985 42.9759 32.7167 26.4721 351.073 21.5205 30.1323 19.492 402.633 17.4075 15.4048 15.3626 9.38605 8.2501 7.72512 7.34699 4.28387 3.69159 3.53442 3.02645 3.25391 2.05207 1.78358 3.33074 1.7659 0.813183
threshold=3985955691713.0005 56.500000000000007 1818756050482.5002 1861025330344.5002 3985955706084.5005 507703113266.50006 251391422769.50003 4200993.0000000009 4200985.0000000009 4201048.0000000009 1.9690143438181578 4200993.0000000009 4200985.0000000009 3985955694497.5005 1514623709106.0002 330364825549.00006 3399813431033.5005 1861025347675.5002 4179354223176.5005 1861025328962.5002 4200993.0000000009 1861025323500.5002 4200962.0000000009 643953703719.50012 2946978529348.5005 1861025320697.5002 4201032.5000000009 3985955698312.5005 858533846337.00012 1325782932673.0002
decision_type=2 2 2 2 2 2 2 2 2 2 2 2 2 2 2 2 2 2 2 2 2 2 2 2 2 2 2 2 2 2
left_child=1 9 5 19 13 6 -3 8 -7 23 21 12 -5 22 -12 -8 -13 -16 -6 25 -21 -11 -2 -1 28 -4 -15 -28 -25 -9
right_child=4 2 3 11 18 7 15 29 -10 10 14 16 -14 26 17 -17 -18 -19 -20 20 -22 -23 -24 24 -26 -27 27 -29 -30 -31
leaf_value=-0.015550393499315441 -0.0076077295951547576 0.0098348469950382041 -0.022973803803579322 0.007564131436357536 -0.0094021811260037967 0.0095173479051154693 -0.023369076818467716 0.0098354317226225559 -0.026712711464251394 0.011926279046724617 -0.027606221430574989 0.0093287805225730786 -0.042154501143557212 -0.028728645905380545 -0.0044990090336802461 -0.0018576168364758999 0.0034125827708141303 -0.021619788739736464 0.0085924457501113053 -0.023841717885322789 -0.0087164668358791358 -0.0020954078257248219 -0.01903816813123084 -0.022216360122928141 -0.017785560575913434 -0.028271885447215168 -0.017999628025079477 -0.027681802641500386 -0.027123773604674387 0.011098712220808014
leaf_weight=3.7466431558132163 3.5359566211700431 7.8767530471086529 8.3795997053384763 239.7244002148509 6.0613574683666211 254.49847775697708 9.1145484298467618 109.02049297094345 29.886938452720642 2.844157278537752 11.619368001818659 164.88473373651505 17.475516363978386 69.482413232326508 7.0254558697342855 5.2219507023692122 32.024583905935287 4.6958348900079727 3.9342026934027672 4.2738245129585257 3.3327648341655731 5.5253365486860275 11.513375326991079 9.7260755002498609 5.6224787980318061 57.308784395456314 4.7307967096567181 14.271183267235754 29.797129303216934 95.671090476214886
leaf_count=19 24 88 41 2508 43 2795 45 1204 157 23 51 1715 118 310 48 45 331 30 43 22 22 37 64 45 27 258 24 64 133 1073
internal_value=0 0.00248277 0.0042294 0.00147972 -0.0241842 0.00706575 -0.00653809 0.00768361 0.00570982 -0.0200255 -0.0136094 0.00599877 0.00418599 -0.0262951 -0.0194466 -0.0155337 0.00836659 -0.011358 -0.00231959 -0.0265187 -0.0172147 0.0026695 -0.0163525 -0.0241868 -0.0249035 -0.027596 -0.0279862 -0.0252713 -0.0259161 0.0104259
internal_weight=0 1119.3 1038.69 527.404 113.529 511.29 22.2133 489.077 284.385 80.6025 31.7102 454.109 257.2 103.534 23.3407 14.3365 196.909 11.7213 9.99556 73.295 7.60659 8.36949 15.0493 48.8923 45.1457 65.6884 88.4844 19.002 39.5232 204.692
internal_count=11407 10835 10422 5015 572 5407 178 5229 2952 413 189 4672 2626 486 129 90 2046 78 86 343 44 60 88 224 205 299 398 88 178 2277
is_linear=0
shrinkage=0.01


Tree=33
num_leaves=31
num_cat=0
split_feature=1 2 1 1 1 1 1 0 0 0 12 0 0 1 1 1 1 1 1 1 1 0 1 1 1 0 1 1 0 1
split_gain=713.3 429.683 80.1667 650.106 50.4571 42.4145 31.9063 26.3804 342.609 20.7141 29.1768 19.363 387.168 16.8982 14.9436 14.7997 9.35389 7.90326 7.55908 7.11383 3.7023 3.39257 2.92645 3.14292 2.0011 1.72543 3.22493 1.70372 1.2932 0.817855
threshold=3985955691713.0005 56.500000000000007 1818756050482.5002 1861025330344.5002 3985955706084.5005 507703113266.50006 251391422769.50003 4200993.0000000009 4200985.0000000009 4201048.0000000009 1.9690143438181578 4200993.0000000009 4200985.0000000009 3985955694497.5005 1514623709106.0002 330364825549.00006 3399813431033.5005 1861025347675.5002 4179354223176.5005 1861025328962.5002 1861025334367.5002 4200962.0000000009 643953703719.50012 2946978529348.5005 1861025320697.5002 4201032.5000000009 3985955698312.5005 858533846337.00012 4200977.5000000009 1325782932673.0002
decision_type=2 2 2 2 2 2 2 2 2 2 2 2 2 2 2 2 2 2 2 2 2 2 2 2 2 2 2 2 2 2
left_child=1 9 5 19 13 6 -3 8 -7 22 20 12 -5 21 -12 -8 -13 -16 -6 24 -11 -2 -1 27 -4 -15 -27 -24 -21 -9
right_child=4 2 3 11 18 7 15 29 -10 10 14 16 -14 25 17 -17 -18 -19 -20 28 -22 -23 23 -25 -26 26 -28 -29 -30 -31
leaf_value=-0.015287527496861821 -0.0074949026155837406 0.0098139872492436567 -0.022523550815596569 0.0075331554884513355 -0.0092503662643255279 0.0094943780860617787 -0.022902530118951173 0.0098143360171105386 -0.026104725618559255 -0.0037828486281994088 -0.027110710753206896 0.009303735414925865 -0.040630122033722425 -0.028185506167876299 -0.0044419626114781049 -0.001836529921852097 0.0033875428595083667 -0.021124689270773218 0.0085652740934002679 -0.021109657012263715 0.0095398430895971779 -0.018659713672627552 -0.021822737554373819 -0.017481429761568152 -0.027730261789267973 -0.017673326552204986 -0.027160631248797872 -0.026623821329525482 -0.01289593173020788 0.011086586061150894
leaf_weight=3.7728220522403708 3.5532072782516471 7.8148705586791065 8.4612222015857679 238.31014043837786 6.0990355759859067 252.5727042555809 9.2067472636699659 108.16656264662743 30.275193005800247 4.3212379440665263 11.712942063808443 163.68134158104658 17.947413355112076 70.109923586249352 7.0444280132651311 5.2290540635585776 31.939122311770916 4.7575167417526245 3.9073511511087418 3.7356035709381095 4.0322470963001251 11.628830730915068 9.8021039813756925 5.6628861129283896 57.841122969985008 4.7697609513998058 14.398921400308607 30.051800787448883 3.9370546191930771 94.822228632867336
leaf_count=19 24 88 41 2508 43 2795 45 1204 157 31 51 1715 118 310 48 45 331 30 43 19 29 64 45 27 258 24 64 133 25 1073
internal_value=0 0.00246775 0.00420689 0.00146982 -0.0237452 0.00703967 -0.0064612 0.00765799 0.00568396 -0.0196887 -0.0134057 0.00596857 0.00415996 -0.0258 -0.0191087 -0.0152718 0.00833779 -0.011167 -0.00229361 -0.0260109 0.00264805 -0.0160467 -0.0237509 -0.0244525 -0.0270658 -0.0274586 -0.0247999 -0.025443 -0.016895 0.0104086
internal_weight=0 1115.1 1033.94 525.853 114.467 508.087 22.2507 485.837 282.848 81.158 31.8684 451.878 256.258 104.461 23.5149 14.4358 195.62 11.8019 10.0064 73.975 8.35349 15.182 49.2896 45.5168 66.3023 89.2786 19.1687 39.8539 7.67266 202.989
internal_count=11407 10835 10422 5015 572 5407 178 5229 2952 413 189 4672 2626 486 129 90 2046 78 86 343 60 88 224 205 299 398 88 178 44 2277
is_linear=0
shrinkage=0.01


Tree=34
num_leaves=31
num_cat=0
split_feature=1 2 1 1 1 1 1 0 0 0 12 0 0 1 1 1 1 1 1 1 1 0 2 1 1 1 0 1 0 1
split_gain=694.423 419.687 79.332 633.599 48.6342 41.8622 31.1246 26.287 334.498 19.9576 28.2667 19.2817 122.315 16.4272 14.5118 14.2676 9.76458 7.57654 7.39753 6.90686 3.68985 3.25893 2.90075 4.91612 2.80019 1.95471 1.6723 3.12726 1.24643 0.82259
threshold=3985955691713.0005 56.500000000000007 1818756050482.5002 1861025330344.5002 3985955706084.5005 507703113266.50006 251391422769.50003 4200993.0000000009 4200985.0000000009 4201048.0000000009 1.9690143438181578 4200970.0000000009 4200977.5000000009 3985955694497.5005 1514623709106.0002 330364825549.00006 3985955690461.5005 1861025347675.5002 4179354223176.5005 1861025328962.5002 1861025323500.5002 4200962.0000000009 49.500000000000007 858533846337.00012 2384994529348.5005 1861025320697.5002 4201032.5000000009 3985955698312.5005 4200977.5000000009 1325782932673.0002
decision_type=2 2 2 2 2 2 2 2 2 2 2 2 2 2 2 2 2 2 2 2 2 2 2 2 2 2 2 2 2 2
left_child=1 9 5 19 13 6 -3 8 -7 22 20 16 -13 21 -12 -8 -5 -16 -6 25 -11 -2 23 -1 -25 -4 -15 -28 -21 -9
right_child=4 2 3 11 18 7 15 29 -10 10 14 12 -14 26 17 -17 -18 -19 -20 28 -22 -23 -24 24 -26 -27 27 -29 -30 -31
leaf_value=-0.0099201036846006396 -0.0073844078217075136 0.0097931758893099272 -0.022091032500687287 0.0088422869654800028 -0.0091021415115269764 0.0094714447137207065 -0.022454720997353426 0.0097932901460529419 -0.025524932820706666 0.011911398890288817 -0.026637060823982744 -0.040563689609457471 0.0052941594804639435 -0.027667427371044138 -0.0043858162654590157 -0.0018157118412601156 -0.013275686119249045 -0.020650103115057404 0.008538116757711085 -0.0206968895121586 -0.002139574452327749 -0.018294776738088922 -0.024951852019778439 -0.026895879764872441 -0.016789249303718997 -0.027213372486441654 -0.017357719674110938 -0.026662740107075464 -0.01266813711473345 0.011074607224280624
leaf_weight=3.8377985358238211 3.5702246427536002 7.7534711658954647 8.5402113199233991 169.04896022379398 6.1361837387084943 250.66200355440378 9.295995354652403 107.31927391886711 30.651332259178162 2.8283198401331884 11.801551520824434 5.9431843161582938 272.64196121692657 70.705469131469727 7.0631682947278005 5.2360822334885588 2.0198610499501219 4.8178780674934387 3.8807151913642883 3.7718184143304816 5.5097991824150085 11.741614386439322 34.277794450521469 7.0812334865331632 4.4731347858905792 58.347761541604996 4.8077287822961834 14.520502328872679 3.9676152467727661 93.979767069220543
leaf_count=20 24 88 41 1829 43 2795 45 1204 157 23 51 32 2793 310 48 45 18 30 43 19 37 64 152 31 21 258 24 64 25 1073
internal_value=0 0.00245291 0.00418461 0.00146003 -0.0233242 0.00701378 -0.00638598 0.00763254 0.00565831 -0.0193639 -0.0132079 0.00593856 0.00431585 -0.0253264 -0.0187828 -0.0150182 0.00858113 -0.0109811 -0.00226801 -0.0255245 0.00262657 -0.0157508 -0.0233325 -0.0197261 -0.0229832 -0.0265594 -0.0269549 -0.0243482 -0.016581 0.0103915
internal_weight=0 1110.87 1029.18 524.281 115.362 504.898 22.2855 482.612 281.313 81.6907 32.0207 449.654 278.585 105.346 23.6826 14.5321 171.069 11.881 10.0169 74.6274 8.33812 15.3118 49.67 15.3922 11.5544 66.888 90.0337 19.3282 7.73943 201.299
internal_count=11407 10835 10422 5015 572 5407 178 5229 2952 413 189 4672 2825 486 129 90 1847 78 86 343 60 88 224 72 52 299 398 88 44 2277
is_linear=0
shrinkage=0.01


Tree=35
num_leaves=31
num_cat=0
split_feature=1 2 1 1 1 1 1 0 0 0 0 0 12 1 1 1 1 1 1 1 1 0 2 1 1 1 0 1 0 1
split_gain=676.304 410.036 78.517 617.729 46.9202 41.3188 30.3702 26.192 326.717 19.3637 374.02 19.2493 27.3974 15.9911 14.1069 13.7642 9.43989 7.2684 7.24029 6.7153 3.69665 3.13287 2.79863 4.7569 2.70813 1.94163 1.62369 3.03697 1.20251 0.827389
threshold=3985955691713.0005 56.500000000000007 1818756050482.5002 1861025330344.5002 3985955706084.5005 507703113266.50006 251391422769.50003 4200993.0000000009 4200985.0000000009 4200993.0000000009 4200985.0000000009 4201048.0000000009 1.9690143438181578 3985955694497.5005 1514623709106.0002 330364825549.00006 1861025332985.5002 1861025347675.5002 4179354223176.5005 1861025328962.5002 1861025334367.5002 4200962.0000000009 49.500000000000007 858533846337.00012 2384994529348.5005 1861025326215.5002 4201032.5000000009 3985955698312.5005 4200977.5000000009 1325782932673.0002
decision_type=2 2 2 2 2 2 2 2 2 2 2 2 2 2 2 2 2 2 2 2 2 2 2 2 2 2 2 2 2 2
left_child=1 11 5 19 13 6 -3 8 -7 10 -5 22 20 21 -14 -8 -11 -16 -6 25 -13 -2 23 -1 -25 -4 -15 -28 -21 -9
right_child=4 2 3 9 18 7 15 29 -10 16 -12 12 14 26 17 -17 -18 -19 -20 28 -22 -23 -24 24 -26 -27 27 -29 -30 -31
leaf_value=-0.0097742940647288449 -0.0072761773763795178 0.0097724101450233497 -0.027150700582473992 0.0074781547430516661 -0.0089573823492785729 0.0094485454448711634 -0.022024499257913818 0.0097722922188285665 -0.024971353809972518 -0.0057779184202510847 -0.03939969925100098 -0.0038252137082624184 -0.026183858847018786 -0.027172722083420999 -0.0043305506815658184 -0.0017951588645422729 0.0086374018742093866 -0.020194740912964578 0.0085109734509924827 -0.020299542327247719 0.0095127425223328638 -0.01794261364827791 -0.024515651529073593 -0.026421200464289866 -0.016516122940076018 -0.023398635850138488 -0.017052260899157942 -0.026186592499001508 -0.012446717099618886 0.011062772911410494
leaf_weight=3.856006830930709 3.5870120525360099 7.6925527527928379 48.11145393550396 235.6160256639123 6.1728102862834913 248.76631738245487 9.3823642432689649 106.47859363257885 31.015656679868698 4.6546945050358763 18.345151871442795 4.3098957464098913 11.885330662131311 71.269912123680115 7.0816800072789174 5.2430360168218604 188.87818200141191 4.8769472241401672 3.8542935028672218 3.8070126473903647 4.0124432891607285 11.851786345243452 34.537485286593437 7.1360885351896268 4.5014913529157639 19.334564194083214 4.8447229713201549 14.636089146137236 3.9976621270179749 93.143685907125473
leaf_count=20 24 88 214 2508 43 2795 45 1204 157 43 118 31 51 310 48 45 2003 30 43 19 29 64 152 31 21 85 24 64 25 1073
internal_value=0 0.00243805 0.00416223 0.00145004 -0.0229203 0.00698806 -0.00631237 0.00760724 0.00563288 0.00590779 0.00409188 -0.0190513 -0.013016 -0.0248728 -0.0184684 -0.0147725 0.0082907 -0.0108003 -0.00224276 -0.0250589 0.00260541 -0.0154644 -0.0229315 -0.0194003 -0.0225899 -0.0260751 -0.0264734 -0.023915 -0.0162772 0.0103744
internal_weight=0 1106.66 1024.47 522.745 116.217 501.722 22.318 479.404 279.782 447.494 253.961 82.1974 32.1663 106.19 23.844 14.6254 193.533 11.9586 10.0271 75.2507 8.32234 15.4388 50.0311 15.4936 11.6376 67.446 90.7507 19.4808 7.80467 199.622
internal_count=11407 10835 10422 5015 572 5407 178 5229 2952 4672 2626 413 189 486 129 90 2046 78 86 343 60 88 224 72 52 299 398 88 44 2277
is_linear=0
shrinkage=0.01


Tree=36
num_leaves=31
num_cat=0
split_feature=1 13 1 1 1 1 1 0 0 1 0 0 0 1 1 1 1 0 1 1 0 1 1 1 0 1 0 1 1 0
split_gain=658.962 404.664 74.1231 608.838 42.8247 40.7839 29.6417 26.0955 319.244 24.7604 20.025 112.756 17.9888 24.7498 16.7345 16.966 13.2873 8.74787 7.08723 6.53535 5.09526 3.01866 2.75492 3.03315 2.09526 1.96445 1.57915 2.95337 1.56545 1.16121
threshold=3985955690461.5005 1.4906126200522323 1818756050482.5002 1861025330344.5002 3985955706084.5005 507703113266.50006 251391422769.50003 4200993.0000000009 4200985.0000000009 3985955694497.5005 4200970.0000000009 4200977.5000000009 4201048.0000000009 1514623709106.0002 1514623739995.5002 1861025332985.5002 330364825549.00006 4200939.5000000009 4179354223176.5005 1861025328962.5002 4200993.0000000009 3399813435297.5005 643953703719.50012 2946978529348.5005 4201032.5000000009 1861025320697.5002 4201032.5000000009 3985955698312.5005 858533846337.00012 4200977.5000000009
decision_type=2 2 2 2 2 2 2 2 2 2 2 2 2 2 2 2 2 2 2 2 2 2 2 2 2 2 2 2 2 2
left_child=1 2 5 19 9 6 -1 8 -7 17 21 -12 22 -14 -15 -16 -8 -2 -6 25 -19 -5 -3 28 -22 -4 -11 -28 -24 -21
right_child=4 12 3 10 18 7 16 -9 -10 26 11 -13 13 14 15 -17 -18 20 -20 29 24 -23 23 -25 -26 -27 27 -29 -30 -31
leaf_value=0.00975168887165722 0.001999526636495462 -0.014425045550983125 -0.021175105573900767 0.009323495443655452 -0.0088159697968054427 0.0094256787755055728 -0.021610801964494827 0.010357447984219075 -0.02444219033076556 -0.026699848762089109 -0.039859907421229128 0.0053293535566536245 -0.023937433421993545 0.0095713727433753507 -0.028075088866376895 -0.0043919005489385541 -0.001774866273317126 -0.022080131204152215 0.00848384151810966 -0.019916726422253273 -0.0061703870404124462 0.005380025729426076 -0.020747377095959776 -0.016453274327252937 -0.015794347455179453 -0.026261428122376102 -0.016756443921045191 -0.025730788342514264 -0.02530206039006291 -0.012231400962542435
leaf_weight=7.6321128234267261 2.9670518189668682 3.8574282675981513 8.7090448737144452 144.44374827295542 6.2089235335588437 246.88556336611509 9.4659252017736417 197.95845595002174 31.368454739451408 71.804095268249512 5.6378514468669882 267.87394866347313 12.543114110827444 5.1295664533972767 4.3096201866865149 10.146162338554857 5.2499161139130583 8.5883304625749606 3.8280850276350975 3.8412100821733466 4.2103710845112783 22.425074100494385 10.003851234912871 5.7994326502084723 4.8890547603368759 59.272860825061798 4.8807653039693859 14.745842605829237 30.715266451239586 4.0272045582532883
leaf_count=88 21 19 41 1591 43 2795 45 2277 157 310 30 2770 54 45 22 67 45 55 43 19 26 238 45 27 30 258 24 64 133 25
internal_value=0 0.00248085 0.0042124 0.00155642 -0.0220068 0.00696252 -0.00624031 0.00758211 0.00560765 -0.0237788 0.00606348 0.00439788 -0.018817 -0.01297 -0.00594612 -0.0114524 -0.0145343 -0.0138901 -0.00221787 -0.0246112 -0.0165555 0.00879354 -0.022546 -0.0232194 -0.0113413 -0.0256098 -0.0260128 -0.023499 -0.0241831 -0.0159832
internal_weight=0 1097.3 1014.79 516.231 122.123 498.56 22.348 476.212 278.254 112.086 440.381 273.512 82.5044 32.1285 19.5853 14.4558 14.7158 20.6548 10.037 75.8503 17.6878 166.869 50.376 46.5186 9.09943 67.9819 91.4307 19.6266 40.7191 7.86841
internal_count=11407 10791 10379 4972 616 5407 178 5229 2952 530 4629 2800 412 188 134 89 90 132 86 343 111 1829 224 205 56 299 398 88 178 44
is_linear=0
shrinkage=0.01


Tree=37
num_leaves=31
num_cat=0
split_feature=1 12 1 1 1 1 1 0 0 0 0 0 12 1 1 1 1 1 1 1 1 0 1 1 1 1 0 1 0 1
split_gain=642.423 390.733 76.9395 587.744 43.8103 40.2574 28.9378 25.9974 312.06 19.3353 361.694 18.3019 25.9058 15.0964 13.688 12.835 9.45013 6.93818 6.45996 6.37051 3.62732 2.91359 2.67573 2.9432 1.92541 1.54398 1.53829 2.87585 1.12231 0.839823
threshold=3985955691713.0005 1.4814014859090314 1818756050482.5002 1861025330344.5002 3985955706084.5005 507703113266.50006 251391422769.50003 4200993.0000000009 4200985.0000000009 4200993.0000000009 4200985.0000000009 4201048.0000000009 1.9690143438181578 3985955694497.5005 1514623709106.0002 330364825549.00006 3399813431033.5005 4179354223176.5005 1861025347675.5002 1861025328962.5002 1861025323500.5002 4200962.0000000009 643953703719.50012 2946978529348.5005 1861025320697.5002 701677501646.00012 4201032.5000000009 3985955698312.5005 4200977.5000000009 1325782932673.0002
decision_type=2 2 2 2 2 2 2 2 2 2 2 2 2 2 2 2 2 2 2 2 2 2 2 2 2 2 2 2 2 2
left_child=1 2 5 19 13 6 -1 8 -7 10 -5 22 20 21 -14 -8 -11 -6 -16 24 -13 -2 -3 25 -4 -24 -15 -28 -21 -9
right_child=4 11 3 9 17 7 15 29 -10 16 -12 12 14 26 18 -17 -18 -19 -20 28 -22 -23 23 -25 -26 -27 27 -29 -30 -31
leaf_value=0.0097310092500251574 -0.0070824024887962515 -0.014194175773562705 -0.020793320389756568 0.0074236963905393053 -0.0086777902536399731 0.0094028420407948395 -0.021212653639452808 0.0097291305370350231 -0.023935810088356803 0.0092265232395839693 -0.038252732442652849 0.011909751389073671 -0.025362687753622618 -0.026247402217036787 -0.004184049715414368 -0.0017548307913200392 0.0032258092458757859 0.0084567207830613424 -0.018962003974616698 -0.019547620910284377 -0.0020542989576910991 -0.017315894724623197 -0.027937564346717549 -0.016189715714576752 -0.025808744635827774 -0.022874590943020186 -0.016469791549298018 -0.025294041636851009 -0.012021934175974002 0.011040251710735957
leaf_weight=7.5721494480967548 3.617323398590087 3.8808488696813574 8.779899910092352 232.97566574811935 6.2445319294929487 245.01968450844288 9.5467462688684446 104.76566396653652 31.710011810064316 159.97176996618509 18.730104312300682 2.8033696264028531 12.033780902624132 72.308834999799728 7.1183262318372709 5.2567234933376303 31.394532896578312 3.8020887076854706 5.0611997842788696 3.8744342178106299 5.5291756838560104 12.050105184316633 7.3361423462629309 5.8347259163856497 59.707152485847473 33.65650600194931 4.9158775955438641 14.849919006228445 4.0562518537044525 91.542094931006432
leaf_count=88 24 19 41 2508 43 2795 45 1204 157 1714 118 23 51 310 48 45 331 43 31 19 37 64 32 27 258 146 24 64 25 1073
internal_value=0 0.00240924 0.00411768 0.00142888 -0.0221652 0.00693714 -0.00616974 0.00755712 0.00558262 0.00584627 0.00402479 -0.0184173 -0.0125649 -0.0240275 -0.0177986 -0.0143032 0.00824208 -0.00219333 -0.010325 -0.0241833 0.00264371 -0.0149532 -0.0221735 -0.0228348 -0.0251658 -0.0237807 -0.0255716 -0.0230994 -0.0156985 0.0103405
internal_weight=0 1098.16 1014.9 519.49 117.789 495.413 22.3756 473.037 276.73 443.072 251.706 83.2541 32.5459 107.742 24.2133 14.8035 191.366 10.0466 12.1795 76.4177 8.33255 15.6674 50.7082 46.8274 68.4871 40.9926 92.0746 19.7658 7.93069 196.308
internal_count=11407 10835 10421 5014 572 5407 178 5229 2952 4671 2626 414 190 486 130 90 2045 86 79 343 60 88 224 205 299 178 398 88 44 2277
is_linear=0
shrinkage=0.01


Tree=38
num_leaves=31
num_cat=0
split_feature=1 2 1 1 1 1 1 0 0 1 0 0 0 12 1 1 1 1 1 1 0 0 1 2 1 1 0 1 1 2
split_gain=626.81 387.799 72.5131 580.069 40.089 39.7392 28.2574 25.8981 305.145 23.2306 19.8608 109.469 16.4177 23.9298 12.9111 12.4056 6.79301 6.73085 6.21725 3.93597 3.17472 4.32877 3.03414 2.71864 4.54661 2.58486 2.00494 1.88972 1.53015 1.29684
threshold=3985955690461.5005 56.500000000000007 1818756050482.5002 1861025330344.5002 3985955706084.5005 507703113266.50006 251391422769.50003 4200993.0000000009 4200985.0000000009 3985955694497.5005 4200970.0000000009 4200977.5000000009 4201048.0000000009 1.9690143438181578 1514623709106.0002 330364825549.00006 4179354223176.5005 1861025347675.5002 1861025328962.5002 1861025323500.5002 4200962.0000000009 4200993.0000000009 3399813435297.5005 49.500000000000007 858533846337.00012 2384994529348.5005 4201032.5000000009 1861025320697.5002 3985955695784.5005 52.500000000000007
decision_type=2 2 2 2 2 2 2 2 2 2 2 2 2 2 2 2 2 2 2 2 2 2 2 2 2 2 2 2 2 2
left_child=1 12 5 18 9 6 -3 8 -7 20 22 -12 23 19 -15 -8 -6 -16 27 -14 -2 -22 -5 24 -1 -26 -23 -4 -11 -30
right_child=4 2 3 10 16 7 15 -9 -10 28 11 -13 13 14 17 -17 -18 -19 -20 -21 21 26 -24 -25 25 -27 -28 -29 29 -31
leaf_value=-0.0090682168825288022 -0.0059551289314460631 0.0097103694983965635 -0.020425250694326703 0.0092805735767329915 -0.0085427348124897315 0.0093800341677471866 -0.020829150716225125 0.010323706449942072 -0.023450715342157639 -0.021420181162222406 -0.038907205387089777 0.0052757873732120868 0.011888308424716734 -0.024962339073801149 -0.0041319578128214849 -0.0017350478215721254 0.0084296089479208042 -0.019261309525735404 -0.015422607042786909 -0.0028307754673093078 -0.021265157655516884 -0.0059094273829710968 0.0053060729123979066 -0.023361113514090096 -0.025168147397899108 -0.015589465410297459 -0.015263922367880047 -0.025374999797867157 -0.020597877277883134 -0.025905003323193242
leaf_weight=3.9442655444145194 4.4205475300550487 7.5126603022217777 8.8483858257532102 142.52259937673807 6.2796431034803373 243.16859270632267 9.6248949468135816 194.66965863853693 32.040604755282402 9.83817110955715 5.728522762656211 265.73333790898323 2.7804567590355855 12.104151770472528 7.1358977258205396 5.2634588256478301 3.7763034105300903 5.0016171634197235 7.9915210604667655 5.2414579689502716 7.2746111825108555 4.2543168663978559 22.199225857853889 35.208409443497658 7.2777241021394712 4.5966346263885498 4.9652499556541443 60.118369877338409 4.8933634310960761 77.951947718858719
leaf_count=20 31 88 41 1591 43 2795 45 2277 157 44 30 2771 23 51 48 45 43 30 44 35 45 26 238 152 31 21 30 258 21 333
internal_value=0 0.00245228 0.00417007 0.00153967 -0.0213065 0.00691194 -0.00610062 0.0075323 0.00555779 -0.0230006 0.00600562 0.00434342 -0.0182836 -0.0127002 -0.0176543 -0.0140788 -0.00216912 -0.0103664 -0.0237724 0.00227097 -0.013481 -0.0154979 0.00874494 -0.0218139 -0.0183703 -0.0214602 -0.0109473 -0.02474 -0.0251488 -0.0255915
internal_weight=0 1088.71 1005.42 513.142 123.654 492.28 22.401 469.879 275.209 113.598 436.184 271.462 83.2906 32.2636 24.2417 14.8884 10.0559 12.1375 76.9583 8.02191 20.9147 16.4942 164.722 51.027 15.8186 11.8744 9.21957 68.9668 92.6835 82.8453
internal_count=11407 10791 10380 4973 616 5407 178 5229 2952 530 4630 2801 411 187 129 90 86 78 343 58 132 101 1829 224 72 52 56 299 398 354
is_linear=0
shrinkage=0.01


Tree=39
num_leaves=31
num_cat=0
split_feature=1 12 1 1 1 1 1 0 0 1 0 0 0 12 1 1 1 1 1 1 0 0 1 1 1 0 1 1 0 1
split_gain=611.279 378.308 71.8225 566.3 39.2289 38.7924 27.5994 25.7974 298.485 22.7102 19.784 105.808 16.2278 22.9357 13.0161 11.9976 6.6516 6.08229 5.97022 3.8883 3.05676 4.13685 3.03072 2.57102 2.86077 1.93054 1.85708 1.53228 1.52278 2.81419
threshold=3985955690461.5005 1.4814014859090314 1818756050482.5002 1861025330344.5002 507703113266.50006 3985955706084.5005 251391422769.50003 4200993.0000000009 4200985.0000000009 3985955694497.5005 4200970.0000000009 4200977.5000000009 4201048.0000000009 1.9690143438181578 1514623709106.0002 330364825549.00006 4179354223176.5005 1861025328962.5002 1861025347675.5002 1861025323500.5002 4200962.0000000009 4200993.0000000009 3399813435297.5005 643953703719.50012 2946978529348.5005 4201032.5000000009 1861025320697.5002 858533846337.00012 4201032.5000000009 3985955698312.5005
decision_type=2 2 2 2 2 2 2 2 2 2 2 2 2 2 2 2 2 2 2 2 2 2 2 2 2 2 2 2 2 2
left_child=1 2 4 17 6 9 -1 8 -6 20 22 -12 23 19 -15 -8 -7 26 -16 -14 -2 -22 -5 -3 27 -23 -4 -25 -11 -30
right_child=5 12 3 10 7 16 15 -9 -10 28 11 -13 13 14 18 -17 -18 -19 -20 -21 21 25 -24 24 -26 -27 -28 -29 29 -31
leaf_value=0.0096897675226835199 -0.0058727774002921675 -0.013697075030124538 -0.020070134325075178 0.0092567418183928003 0.0093572521455245021 -0.0084107009769864346 -0.020459462424320739 0.010306942492499463 -0.022985544438334272 -0.025410160017180803 -0.037804455946749943 0.005241902068869703 0.011867136071778445 -0.024577941805568413 -0.0040806615568486681 -0.0017155142328199936 0.0084025055385260478 -0.015150492480102116 -0.01818384845278382 -0.0027975786438533853 -0.020813517269003049 -0.0058310817856642751 0.0052752527984025353 -0.019676128944538886 -0.015606035681762559 -0.014984568387368809 -0.024959022369645884 -0.02413889670691317 -0.01579874444682354 -0.024459210480284776
leaf_weight=7.4536429569125202 4.437623172998431 3.9302693754434577 8.9145601987838727 141.46593280136585 241.33223051577806 6.314264848828314 9.7004367560148221 193.04456970840693 32.360501006245613 73.220007911324501 5.8361115306615821 264.52910079061985 2.7576773539185506 12.17018745839596 7.1532563641667348 5.2701230496168128 3.7507278546690941 8.0533894151449186 5.171780988574028 5.250571608543396 7.357716470956805 4.2682914957404119 22.106100738048553 10.203148439526556 5.9123508781194678 5.007024958729744 60.507134839892387 31.280492350459099 4.9987071156501797 15.04488869011402
leaf_count=88 31 19 41 1591 2795 43 45 2277 157 310 30 2770 23 51 48 45 43 44 31 35 45 26 238 45 27 30 258 133 24 64
internal_value=0 0.0024378 0.00414742 0.00152715 0.00688689 -0.0209664 -0.00603288 0.00750761 0.00553315 -0.0226232 0.00597352 0.0043127 -0.017968 -0.0124391 -0.0172422 -0.013861 -0.00214525 -0.0233769 -0.00999858 0.00225228 -0.0132468 -0.0152141 0.00871866 -0.0214693 -0.0221138 -0.0107723 -0.0243312 -0.0230413 -0.0247416 -0.0222994
internal_weight=0 1084.4 1000.57 511.412 489.162 124.399 22.4242 466.737 273.693 114.334 433.937 270.365 83.8297 32.5035 24.4952 14.9706 10.065 77.4751 12.325 8.00825 21.0707 16.633 163.572 51.3263 47.396 9.27532 69.4217 41.4836 93.2636 20.0436
internal_count=11407 10791 10379 4972 5407 616 178 5229 2952 530 4629 2800 412 188 130 90 86 343 79 58 132 101 1829 224 205 56 299 178 398 88
is_linear=0
shrinkage=0.01


Tree=40
num_leaves=21
num_cat=0
split_feature=2 0 0 0 0 0 13 3 13 13 2 13 2 2 0 0 0 13 0 0
split_gain=328.101 32.2912 226.983 97.3857 415.035 15.4318 19.3906 4.35845 4.32165 3.75629 2.66484 1.1094 0.665306 0.609342 0.349655 1.64591 0.461478 0.179154 0.176745 0.21854
threshold=56.500000000000007 4200970.0000000009 4200977.5000000009 4200993.0000000009 4200985.0000000009 4201048.0000000009 1.9843852477908592 50.500000000000007 2.9484554422879965 2.9491150101455035 49.500000000000007 2.9482919315404996 51.500000000000007 50.500000000000007 4201048.0000000009 4201072.0000000009 4201032.5000000009 1.9827208267654053 4200962.0000000009 4200939.5000000009
decision_type=2 2 2 2 2 2 2 2 2 2 2 2 2 2 2 2 2 2 2 2
left_child=5 18 -3 4 -4 10 12 8 -8 -10 -1 -9 -7 -12 16 -16 -5 -15 19 -2
right_child=1 2 3 14 -6 6 7 11 9 -11 13 -13 -14 17 15 -17 -18 -19 -20 -21
leaf_value=-0.018048779736656539 0.0035490986798632058 -0.043206181297671779 0.0042968893077047045 0.0032519335113259276 -0.027714446346692553 0.0020387772091825102 -0.021746223616396183 -0.018826198728935341 -0.0024136559417706266 -0.014737521621470096 -0.021347778550414653 -0.025256679960866526 -0.0032406303389997714 -0.022802465372629706 -0.0013417034539220966 0.0036208485984179795 0.003935849171834995 -0.02462220862587422 0.0033957545510557253 0.0041011783736154672
leaf_weight=16.731525287032127 142.96321119368076 11.846979416906832 140.11350760608912 284.57708343863487 56.9701893851161 3.9072661325335503 5.1843394637107876 4.8782771527767199 3.6739969104528409 7.5674118176102638 16.231170251965523 5.9614284932613373 6.1348282471299154 9.0530751198530197 8.660113222897051 29.279995046555996 151.01832374930382 13.44465246796608 143.14155209064484 143.84545431286097
leaf_count=75 1446 68 1416 2896 298 28 26 22 22 41 69 30 40 39 77 296 1526 57 1465 1470
internal_value=0 0.00153621 0.000183895 0.000950413 -0.0049565 -0.0180386 -0.0130658 -0.017441 -0.0141931 -0.0107097 -0.0213838 -0.0223627 -0.00118647 -0.0228245 0.00340885 0.00248811 0.00348904 -0.0238899 0.00368275 0.00382599
internal_weight=0 1112.42 682.466 670.619 197.084 92.768 37.3075 27.2655 16.4257 11.2414 55.4604 10.8397 10.0421 38.7289 473.536 37.9401 435.595 22.4977 429.95 286.809
internal_count=11407 10958 6577 6509 1714 449 209 141 89 63 240 52 68 165 4795 373 4422 96 4381 2916
is_linear=0
shrinkage=0.01


Tree=41
num_leaves=31
num_cat=0
split_feature=1 2 1 1 1 1 1 0 0 0 0 0 12 1 1 1 1 1 1 1 1 0 2 1 1 1 1 2 0 1
split_gain=596.973 358.537 74.755 547.842 39.5441 38.9035 27.0186 25.4772 285.051 19.3135 342.454 15.8472 23.4682 13.8676 12.3727 11.5993 9.55634 6.53162 6.18615 5.94736 3.76024 2.60265 2.58352 4.37389 2.50267 1.84029 1.49596 1.37574 1.07991 0.863064
threshold=3985955691713.0005 56.500000000000007 1818756050482.5002 1861025330344.5002 3985955706084.5005 507703113266.50006 251391422769.50003 4200993.0000000009 4200985.0000000009 4200993.0000000009 4200985.0000000009 4201048.0000000009 1.9690143438181578 3985955694497.5005 1514623709106.0002 330364825549.00006 1861025332985.5002 4179354223176.5005 1861025347675.5002 1861025328962.5002 1861025334367.5002 4200962.0000000009 49.500000000000007 858533846337.00012 2384994529348.5005 1861025326215.5002 3985955695784.5005 52.500000000000007 4200977.5000000009 1325782932673.0002
decision_type=2 2 2 2 2 2 2 2 2 2 2 2 2 2 2 2 2 2 2 2 2 2 2 2 2 2 2 2 2 2
left_child=1 11 5 19 13 6 -3 8 -7 10 -5 22 20 21 -14 -8 -11 -6 -16 25 -13 -2 23 -1 -25 -4 -15 -28 -21 -9
right_child=4 2 3 9 17 7 15 29 -10 16 -12 12 14 26 18 -17 -18 -19 -20 28 -22 -23 -24 24 -26 -27 27 -29 -30 -31
leaf_value=-0.0084496880353204361 -0.0068642014875680904 0.0096634866052756913 -0.025007039512241459 0.0073390515178442988 -0.0083396823381517316 0.0093265537332443693 -0.020154920712315359 0.0096565428135787518 -0.022012789425022519 -0.0061077504998512736 -0.036465262890640199 -0.0039326439020929485 -0.023952752541827861 -0.02069736882689685 -0.0038261057817858164 -0.0017370284878775086 0.0085234258057519507 0.0083633919178219707 -0.018160769818515495 -0.018667577782058378 0.0095350721895820691 -0.016476430670521906 -0.022303502778058877 -0.024112476721479915 -0.014767561675868755 -0.021415345159344786 -0.019686681147163841 -0.025116066799579589 -0.011364305879339207 0.011004434758839474
leaf_weight=4.0231146514415768 3.6519566774368277 7.3779347985982922 49.812709733843803 228.57640129327774 6.333008259534834 238.85513834655285 9.7624202817678434 101.93235029280186 33.037364229559898 4.5753319859504691 19.358635246753693 4.271295413374899 12.272878140211107 9.9709331542253476 7.2389426156878454 5.2627831771969786 183.60822946578264 3.7141736596822739 5.1540022492408752 3.9539064168930036 4.0283496528863907 12.318654865026472 35.801877170801163 7.3914346247911435 4.6806491315364838 19.990488573908806 4.9605991244316092 78.848725438117981 4.1494749337434769 88.965499073266983
leaf_count=20 24 88 214 2508 43 2795 45 1204 157 43 118 31 51 44 48 45 2003 43 30 19 29 64 152 31 21 85 21 333 25 1073
internal_value=0 0.00237028 0.00404624 0.00138885 -0.0211538 0.00686154 -0.00600835 0.00748456 0.00551854 0.0057522 0.00391883 -0.0173634 -0.0119414 -0.0228922 -0.0168357 -0.0137038 0.0081677 -0.002165 -0.00978763 -0.023037 0.0026041 -0.0142784 -0.0208075 -0.0174798 -0.0204892 -0.0239784 -0.0243591 -0.0247947 -0.0149278 0.0102847
internal_weight=0 1084.08 999.219 514.025 119.798 485.193 22.4031 462.79 271.893 436.119 247.935 84.8625 32.9655 109.751 24.6658 15.0252 188.184 10.0472 12.3929 77.9066 8.29965 15.9706 51.8971 16.0952 12.0721 69.8032 93.7803 83.8093 8.10338 190.898
internal_count=11407 10835 10422 5015 572 5407 178 5229 2952 4672 2626 413 189 486 129 90 2046 86 78 343 60 88 224 72 52 299 398 354 44 2277
is_linear=0
shrinkage=0.01


Tree=42
num_leaves=31
num_cat=0
split_feature=1 2 1 1 1 1 1 1 1 1 1 1 1 1 1 2 2 1 1 1 1 1 1 1 2 1 1 1 1 12
split_gain=583.199 355.439 70.5064 541.307 38.4063 36.267 26.3991 21.3505 15.4098 11.2293 9.18436 7.64161 6.39642 6.24056 8.1098 7.19826 8.90146 6.1098 5.82063 5.28649 4.29549 2.1695 1.87865 1.46963 1.32524 0.85562 0.473293 0.1785 0.141127 0.110194
threshold=3985955690461.5005 56.500000000000007 1818756050482.5002 1861025330344.5002 507703113266.50006 3985955706084.5005 251391422769.50003 3985955694497.5005 1514623741114.5002 330364825549.00006 1861025332985.5002 3399813435297.5005 4179354223176.5005 701677501646.00012 1119808859462.5002 51.500000000000007 53.500000000000007 1861025331631.0002 1861025328962.5002 643953703719.50012 2946978529348.5005 1514623739995.5002 1861025320697.5002 3985955695784.5005 52.500000000000007 3985955691713.0005 1818756047612.5002 3985955700886.0005 87670330574.000015 1.9690143438181578
decision_type=2 2 2 2 2 2 2 2 2 2 2 2 2 2 2 2 2 2 2 2 2 2 2 2 2 2 2 2 2 2
left_child=1 13 4 18 6 7 28 25 21 -8 17 -12 -7 19 -15 20 -17 -5 22 -1 -16 -6 -4 -9 -25 -2 -10 -26 -3 -21
right_child=5 2 3 10 8 12 9 23 26 -11 11 -13 -14 14 15 16 -18 -19 -20 29 -22 -23 -24 24 27 -27 -28 -29 -30 -31
leaf_value=-0.013327618007065866 -0.0093727773640440142 0.011004920044746883 -0.019345050312153396 0.0044334056328167422 0.0065583236633952515 -0.008212129545913634 -0.019808843119814519 -0.020364983317149973 0.011063605052172637 -0.0017174697582404723 0.0066543986011226132 0.0026980992124433167 0.0083363040382596516 -0.0021461119076282677 -0.019916077947561995 -0.0071444961879070712 -0.024064725331887003 -0.012164369726965831 -0.014674876783216977 -0.026197639309134352 -0.010221353298424361 -0.0010557963641279337 -0.024226873617068427 -0.01941043387320061 -0.024247029257956944 -0.014036610617508268 0.0084719622817656763 -0.025196109278017544 0.0082273742872604697 -0.024442190171295081
leaf_weight=4.9603216350078609 5.2072873935103443 3.7306640967726734 9.0489640682935697 4.2874945476651174 353.10006871819496 6.3668883293867093 9.8332867771387082 10.03202475607395 95.187586590647697 5.2694546803832045 363.81107287108898 56.387840822339058 3.6891059651970863 4.1074747592210761 39.20682480931282 13.096654132008554 4.0771301835775366 4.5944133922457695 8.1603250950574857 7.0555185079574567 5.1733152568340293 3.7822313904762259 61.168885618448257 4.9807829409837714 39.08767756819725 16.082685917615891 7.6099636554718009 40.194745033979416 3.5893287733197212 7.2505790591239929
leaf_count=23 44 45 41 41 3980 43 45 44 1124 45 3947 601 43 19 185 80 20 41 44 30 24 35 258 21 165 88 90 168 43 30
internal_value=0 0.0024134 0.00409834 0.00149661 0.00683691 -0.0203562 -0.00594262 -0.0219409 0.00746028 -0.0134966 0.00591078 0.00612349 -0.00214123 -0.0172192 -0.0157509 -0.0166587 -0.0111614 -0.00415225 -0.0226688 -0.0222235 -0.018786 0.00647763 -0.0235978 -0.0239831 -0.0244139 -0.0128959 0.0108717 -0.0247282 0.00964296 -0.0253079
internal_weight=0 1074.49 989.562 507.459 482.103 125.641 22.4227 115.585 459.68 15.1027 429.081 420.199 10.056 84.9278 65.6614 61.5539 17.1738 8.88191 78.3782 19.2664 44.3801 356.882 70.2178 94.2952 84.2632 21.29 102.798 79.2824 7.31999 14.3061
internal_count=11407 10791 10380 4973 5407 616 178 530 5229 90 4630 4548 86 411 328 309 100 82 343 83 209 4015 299 398 354 132 1214 333 88 60
is_linear=0
shrinkage=0.01


Tree=43
num_leaves=21
num_cat=0
split_feature=2 0 0 0 0 0 12 3 12 12 2 12 2 2 0 0 0 0 0 12
split_gain=305.117 31.6876 218.724 94.1914 390.455 14.6694 18.0636 4.14551 4.06823 3.60762 2.53214 1.04581 0.652245 0.578065 0.333808 1.57483 0.469839 0.182124 0.212527 0.168903
threshold=56.500000000000007 4200970.0000000009 4200977.5000000009 4200993.0000000009 4200985.0000000009 4201048.0000000009 1.9690143438181578 50.500000000000007 2.8983726292905869 2.8996580756647572 49.500000000000007 2.8980566511096142 51.500000000000007 50.500000000000007 4201048.0000000009 4201072.0000000009 4201032.5000000009 4200962.0000000009 4200939.5000000009 1.9657402510146069
decision_type=2 2 2 2 2 2 2 2 2 2 2 2 2 2 2 2 2 2 2 2
left_child=5 17 -3 4 -4 10 12 8 -8 -10 -1 -9 -7 -12 16 -16 -5 18 -2 -15
right_child=1 2 3 14 -6 6 7 11 9 -11 13 -13 -14 19 15 -17 -18 -19 -20 -21
leaf_value=-0.017266826778715133 0.0035149736488390647 -0.042105016913993404 0.0042525832953396623 0.0032019104308504648 -0.026603249588017776 0.0021687886199727629 -0.020728111117294907 -0.017959592030385194 -0.002035167934941393 -0.014025459483935826 -0.020459864116646652 -0.024152204875670803 -0.0030364248519195863 -0.021871029342691532 -0.0012890984450669293 0.0035768578879090745 0.0038957221591327759 0.003350338436071707 0.0040622466303662733 -0.023625245708355367
leaf_weight=16.975131794810295 141.53749511390924 12.026327162981032 138.55503634363413 281.51831398904324 58.252725929021835 3.9439754337072372 5.28635907173157 4.9449139386415499 3.7223998308181745 7.700273185968399 16.447355017066002 6.080535963177681 6.1786086410284025 9.1872147172689438 8.6321743726730329 28.981932647526264 149.4016832485795 141.66287123411894 142.29935347288847 13.634303525090218
leaf_count=75 1446 68 1416 2896 298 28 26 22 22 41 69 30 40 39 77 296 1526 1465 1470 57
internal_value=0 0.00150451 0.00016106 0.000925036 -0.00488037 -0.0172548 -0.0124422 -0.0166154 -0.0134749 -0.0101181 -0.020494 -0.0213748 -0.00100836 -0.021889 0.0033636 0.00246015 0.00344246 0.00364319 0.00378934 -0.0229191
internal_weight=0 1102.87 677.368 665.342 196.808 94.1011 37.8571 27.7345 16.709 11.4227 56.244 11.0254 10.1226 39.2689 468.534 37.6141 430.92 425.5 283.837 22.8215
internal_count=11407 10958 6577 6509 1714 449 209 141 89 63 240 52 68 165 4795 373 4422 4381 2916 96
is_linear=0
shrinkage=0.01


Tree=44
num_leaves=21
num_cat=0
split_feature=2 0 0 0 0 0 12 3 12 12 2 12 2 2 0 0 0 0 0 12
split_gain=297.869 31.158 210.728 92.3666 378.209 14.2903 17.5296 4.01865 3.93351 3.49906 2.4765 0.992184 0.638637 0.557592 0.32927 1.54873 0.46391 0.17981 0.210069 0.166669
threshold=56.500000000000007 4200970.0000000009 4200977.5000000009 4200993.0000000009 4200985.0000000009 4201048.0000000009 1.9690143438181578 50.500000000000007 2.8983726292905869 2.8996580756647572 49.500000000000007 2.8980566511096142 51.500000000000007 50.500000000000007 4201048.0000000009 4201072.0000000009 4201032.5000000009 4200962.0000000009 4200939.5000000009 1.9657402510146069
decision_type=2 2 2 2 2 2 2 2 2 2 2 2 2 2 2 2 2 2 2 2
left_child=5 17 -3 4 -4 10 12 8 -8 -10 -1 -9 -7 -12 16 -16 -5 18 -2 -15
right_child=1 2 3 14 -6 6 7 11 9 -11 13 -13 -14 19 15 -17 -18 -19 -20 -21
leaf_value=-0.017012351234002604 0.0034884937259303979 -0.040959097230660539 0.004222916551875326 0.0031771809980170084 -0.02603770120234657 0.0021500648147035196 -0.020376881094110174 -0.017706263766611736 -0.002012938134423564 -0.013806950146309407 -0.020171862960500785 -0.023720425559790769 -0.0030010620678566271 -0.021543467588102338 -0.0012751655487985519 0.0035502124513559119 0.0038674979539094546 0.0033248314660002708 0.0040333230923116879 -0.023281834352162165
leaf_weight=17.056346327066422 141.18749889731407 12.238070510327814 138.13523803651333 280.87563758343458 58.919403575360775 3.9385663121938705 5.3235141336917904 4.9654010683298129 3.7258550971746427 7.7436955869197845 16.515012517571449 6.1290590241551399 6.1888481676578504 9.2333986163139343 8.6391931697726232 28.907831497490406 148.98914134502411 141.32388675957918 141.88867533951998 13.696738377213478
leaf_count=75 1446 68 1416 2896 298 28 26 22 22 41 69 30 40 39 77 296 1526 1465 1470 57
internal_value=0 0.00149201 0.000159845 0.000917169 -0.00482502 -0.0170067 -0.0122663 -0.0163584 -0.0132729 -0.00997569 -0.0201961 -0.0210287 -0.000997781 -0.0215728 0.003338 0.00243994 0.00341644 0.00361615 0.00376158 -0.0225818
internal_weight=0 1101.1 676.705 664.466 197.055 94.5164 38.0149 27.8875 16.7931 11.4696 56.5015 11.0945 10.1274 39.4451 467.412 37.547 429.865 424.4 283.076 22.9301
internal_count=11407 10958 6577 6509 1714 449 209 141 89 63 240 52 68 165 4795 373 4422 4381 2916 96
is_linear=0
shrinkage=0.01


Tree=45
num_leaves=21
num_cat=0
split_feature=2 0 0 0 0 0 12 3 12 12 2 12 2 2 0 0 0 0 0 12
split_gain=290.852 30.6362 203.237 90.5813 366.54 13.9303 17.0179 3.89861 3.80571 3.39475 2.42454 0.942347 0.625323 0.538563 0.324779 1.52303 0.458037 0.177517 0.207629 0.16464
threshold=56.500000000000007 4200970.0000000009 4200977.5000000009 4200993.0000000009 4200985.0000000009 4201048.0000000009 1.9690143438181578 50.500000000000007 2.8983726292905869 2.8996580756647572 49.500000000000007 2.8980566511096142 51.500000000000007 50.500000000000007 4201048.0000000009 4201072.0000000009 4201032.5000000009 4200962.0000000009 4200939.5000000009 1.9657402510146069
decision_type=2 2 2 2 2 2 2 2 2 2 2 2 2 2 2 2 2 2 2 2
left_child=5 17 -3 4 -4 10 12 8 -8 -10 -1 -9 -7 -12 16 -16 -5 18 -2 -15
right_child=1 2 3 14 -6 6 7 11 9 -11 13 -13 -14 19 15 -17 -18 -19 -20 -21
leaf_value=-0.016765002654542852 0.0034621556949856968 -0.0398866039869087 0.0041933816459665194 0.0031525923534903182 -0.025497142743660346 0.0021314793148464188 -0.020037248847875361 -0.017459953487340044 -0.0019909743248364802 -0.013593986214408804 -0.019892967783340609 -0.023304826798231561 -0.0029661764415816368 -0.021227116671284053 -0.0012613943807666572 0.0035237061427624405 0.0038394115415929554 0.0032994642970789168 0.0040045341036598668 -0.02295096392626849
leaf_weight=17.134515047073364 140.84069269895554 12.440420821309088 137.71917730569839 280.2388798892498 59.56355756521225 3.933206133544445 5.3594273924827602 4.9849943369627017 3.7292711436748487 7.7861427366733551 16.578758478164673 6.1757373958826065 6.1989686116576177 9.2770719528198242 8.6461387798190099 28.834400005638599 148.58031145483255 140.98800177872181 141.48168375343084 13.754955992102623
leaf_count=75 1446 68 1416 2896 298 28 26 22 22 41 69 30 40 39 77 296 1526 1465 1470 57
internal_value=0 0.00147963 0.000158634 0.000909376 -0.00477077 -0.0167659 -0.0120946 -0.0161088 -0.0130761 -0.00983635 -0.0199078 -0.0206942 -0.000987319 -0.0212673 0.00331254 0.00241986 0.00339057 0.00358925 0.00373396 -0.0222566
internal_weight=0 1099.33 676.023 663.582 197.283 94.913 38.1677 28.0356 16.8748 11.5154 56.7453 11.1607 10.1322 39.6108 466.3 37.4805 428.819 423.31 282.322 23.032
internal_count=11407 10958 6577 6509 1714 449 209 141 89 63 240 52 68 165 4795 373 4422 4381 2916 96
is_linear=0
shrinkage=0.01


Tree=46
num_leaves=31
num_cat=0
split_feature=1 12 1 1 1 1 1 1 1 1 1 1 1 1 1 1 12 1 1 1 1 1 1 12 1 1 1 1 1 1
split_gain=571.241 326.17 70.4797 531.316 38.4053 34.5862 25.958 20.815 15.3675 10.8466 8.94364 7.68814 6.31524 6.04322 7.73373 6.83975 7.99136 5.82223 5.68432 5.23663 2.06572 1.85125 1.39938 1.58532 0.855213 0.483513 0.184644 0.142507 0.0958047 0.00573457
threshold=3985955690461.5005 1.4814014859090314 1818756050482.5002 1861025330344.5002 507703113266.50006 3985955706084.5005 251391422769.50003 3985955694497.5005 1514623741114.5002 330364825549.00006 1861025332985.5002 3399813435297.5005 4179354223176.5005 701677501646.00012 1119808859462.5002 1514623709106.0002 2.8983726292905869 1861025331631.0002 1861025328962.5002 643953703719.50012 1514623739995.5002 1861025320697.5002 3985955695784.5005 1.9650867611471623 3985955691713.0005 1818756047612.5002 3985955700886.0005 87670330574.000015 660434126813.50012 1264132465759.5002
decision_type=2 2 2 2 2 2 2 2 2 2 2 2 2 2 2 2 2 2 2 2 2 2 2 2 2 2 2 2 2 2
left_child=1 2 4 18 6 7 27 24 20 -8 17 -12 -7 19 -15 29 -17 -5 21 -3 -6 -4 -9 26 -2 -10 -24 -1 -21 -16
right_child=5 13 3 10 8 12 9 22 25 -11 11 -13 -14 14 15 16 -18 -19 -20 28 -22 -23 23 -25 -26 -27 -28 -29 -30 -31
leaf_value=0.01098661192751872 -0.0092140551973091071 -0.012339678740876532 -0.019137529109771286 0.0043896714706549225 0.006530842824889093 -0.0082571681258086626 -0.019625442607898887 -0.020128587700291571 0.01106631031622797 -0.001818478205623669 0.0066106464770347992 0.0026249597758728725 0.0082735294321046558 -0.0015901518962946972 -0.023107845818731283 -0.015852604782669796 -0.0051689777252071634 -0.011804729907026695 -0.014546826784157519 -0.023220886335024411 -0.00089103357539594037 -0.023974257565592984 -0.023965192594340105 -0.019236348700787772 -0.01386641137773238 0.0084275439147905151 -0.02493639243446347 0.0081749233358390707 -0.024857790788474166 -0.022647459846007828
leaf_weight=3.6709621027112034 5.2307396531105068 5.0764052271842983 9.0847631692886335 4.2557353079318982 349.52506691217422 6.3548901826143247 9.8694527745246869 10.072245687246321 93.714635945856571 5.2351436093449584 359.92079338431358 55.915250763297081 3.6317842677235603 4.175626963376998 5.3982065320014936 43.645974010229111 8.3390727415680868 4.6410900130867958 8.1860983669757825 6.37406001985073 3.7907880693674079 61.371946603059769 38.489144191145897 6.2776107639074317 16.152383714914322 7.4996512532234183 39.836912930011749 3.5417832583189011 8.1437759846448881 5.4240836650133133
leaf_count=45 44 23 41 41 3980 43 45 44 1124 45 3946 601 43 19 22 213 53 41 44 26 35 258 162 26 88 90 166 43 34 22
internal_value=0 0.00240817 0.00405148 0.00144165 0.00680651 -0.0201029 -0.00600103 -0.0216395 0.00743536 -0.0134537 0.00586246 0.00607471 -0.00224556 -0.0161973 -0.0147684 -0.0156445 -0.0141388 -0.00405825 -0.0224342 -0.0210822 0.00645121 -0.0233506 -0.0236521 -0.0240716 -0.0127284 0.0108708 -0.0244591 0.00960595 -0.0241391 -0.0228771
internal_weight=0 1066.8 980.223 503.376 476.847 126.046 22.3173 116.059 454.53 15.1046 424.733 415.836 9.98667 86.5772 66.983 62.8073 51.985 8.89683 78.6428 19.5942 353.316 70.4567 94.6759 84.6037 21.3831 101.214 78.3261 7.21275 14.5178 10.8223
internal_count=11407 10791 10379 4972 5407 616 178 530 5229 90 4629 4547 86 412 329 310 266 82 343 83 4015 299 398 354 132 1214 328 88 60 44
is_linear=0
shrinkage=0.01


Tree=47
num_leaves=31
num_cat=0
split_feature=1 2 1 1 1 1 1 0 0 1 0 0 0 1 1 1 1 1 1 1 0 0 1 1 1 0 0 1 1 0
split_gain=557.676 320.064 69.5847 519.339 37.8761 33.5582 25.3684 25.0801 262.563 20.431 19.1948 89.9597 13.5872 20.2149 15.1345 15.971 10.5089 6.18422 5.58249 3.06628 2.73707 3.73546 2.50323 2.79285 1.8251 1.79325 1.57794 2.83981 1.53789 1.02189
threshold=3985955690461.5005 56.500000000000007 1818756050482.5002 1861025330344.5002 507703113266.50006 3985955706084.5005 251391422769.50003 4200993.0000000009 4200985.0000000009 3985955694497.5005 4200970.0000000009 4200977.5000000009 4201048.0000000009 1514623709106.0002 1514623739995.5002 1861025332985.5002 330364825549.00006 4179354223176.5005 1861025328962.5002 3399813435297.5005 4200962.0000000009 4200993.0000000009 643953703719.50012 2946978529348.5005 1861025320697.5002 4201032.5000000009 4201032.5000000009 3985955698312.5005 858533846337.00012 4200977.5000000009
decision_type=2 2 2 2 2 2 2 2 2 2 2 2 2 2 2 2 2 2 2 2 2 2 2 2 2 2 2 2 2 2
left_child=1 12 4 18 6 9 -3 8 -6 20 19 -12 22 -14 -15 -16 -8 -7 24 -5 -2 -22 -1 28 -4 -23 -11 -28 -24 -20
right_child=5 2 3 10 7 17 16 -9 -10 26 11 -13 13 14 15 -17 -18 -19 29 -21 21 25 23 -25 -26 -27 27 -29 -30 -31
leaf_value=-0.011676677531278965 -0.0055775765674605403 0.009585512087554789 -0.018825864595404241 0.0091432432862879592 0.0092442660197233403 -0.0081314158571702683 -0.019297350314111207 0.010228063972811972 -0.020458721111980074 -0.023978727235040673 -0.033064100014560026 0.005098393883570391 -0.02073685158131584 0.0097198680172362016 -0.025652037589101378 -0.0032296680646090627 -0.0017978897288808493 0.0082464518464198527 -0.017908492209540647 0.0050835243220653326 -0.01958629312613018 -0.0054276156875913348 -0.017379242386046989 -0.013498628403318016 -0.023613502195405235 -0.01416362895964471 -0.014434249580265339 -0.023005106179036634 -0.02176986308881455 -0.01086470305169647
leaf_weight=4.1330653429031363 4.4983153492212322 7.1561298742890385 9.1425163596868497 136.5300465375185 232.28832242637873 6.3884663879871351 9.9365377128124219 185.45912366360426 34.133044242858887 74.60598535835743 6.3281727880239478 258.49497166275978 13.087398186326025 5.3013310357928303 4.5228860527276984 10.672438934445379 5.2421071976423255 3.607394814491272 4.0210765153169614 21.539702981710434 7.5654866695404079 4.3369074910879117 10.593076586723326 6.1862565875053397 61.684860453009605 5.1280844137072563 5.1662058383226421 15.358026459813116 32.310756668448448 4.2224203199148178
leaf_count=19 31 88 41 1591 2795 43 45 2277 157 310 30 2771 54 45 22 66 45 43 19 238 45 26 45 27 258 30 24 64 133 25
internal_value=0 0.00239289 0.00402921 0.00143417 0.00677609 -0.0198056 -0.00593596 0.0074044 0.00543882 -0.0213124 0.00583244 0.00418647 -0.0160081 -0.0110276 -0.00482817 -0.00990368 -0.0132537 -0.00222083 -0.022089 0.00859004 -0.0125154 -0.0143479 -0.0191508 -0.0197801 -0.0229955 -0.0101607 -0.0233032 -0.0208477 -0.0206858 -0.0143006
internal_weight=0 1062.99 976.179 501.964 474.215 126.655 22.3348 451.88 266.421 116.659 422.893 264.823 86.8072 33.5841 20.4967 15.1953 15.1786 9.99586 79.0709 158.07 21.5288 17.0305 53.2232 49.0901 70.8274 9.46499 95.1302 20.5242 42.9038 8.2435
internal_count=11407 10791 10380 4973 5407 616 178 5229 2952 530 4630 2801 411 187 133 88 90 86 343 1829 132 101 224 205 299 56 398 88 178 44
is_linear=0
shrinkage=0.01


Tree=48
num_leaves=31
num_cat=0
split_feature=1 2 1 1 1 1 0 0 1 1 0 0 0 1 1 1 1 1 1 1 0 0 1 1 1 0 0 1 1 0
split_gain=544.644 313.545 68.8645 507.728 37.3928 32.5858 24.9727 257.353 24.797 20.072 19.0914 88.9924 13.2048 19.7242 14.81 15.4087 10.1868 6.05652 5.48024 3.06228 2.64204 3.58386 2.44919 2.73175 1.80112 1.73031 1.54695 2.78107 1.50467 0.991778
threshold=3985955690461.5005 56.500000000000007 1818756050482.5002 1861025330344.5002 507703113266.50006 3985955706084.5005 4200993.0000000009 4200985.0000000009 251391422769.50003 3985955694497.5005 4200970.0000000009 4200993.0000000009 4201048.0000000009 1514623709106.0002 1514623739995.5002 1861025332985.5002 330364825549.00006 4179354223176.5005 1861025328962.5002 3399813435297.5005 4200962.0000000009 4200993.0000000009 643953703719.50012 2946978529348.5005 1861025320697.5002 4201032.5000000009 4201032.5000000009 3985955698312.5005 858533846337.00012 4200977.5000000009
decision_type=2 2 2 2 2 2 2 2 2 2 2 2 2 2 2 2 2 2 2 2 2 2 2 2 2 2 2 2 2 2
left_child=1 12 4 18 8 9 7 -6 -3 20 19 -12 22 -14 -15 -16 -10 -7 24 -5 -2 -22 -1 28 -4 -23 -11 -28 -24 -20
right_child=5 2 3 10 6 17 -8 -9 16 26 11 -13 13 14 15 -17 -18 -19 29 -21 21 25 23 -25 -26 -27 27 -29 -30 -31
leaf_value=-0.011513676107863351 -0.0055020609395393062 0.0095650883639934875 -0.0185241581837229 0.0091195329173329454 0.009221594937461176 -0.0080083842948329206 0.010211690388842514 -0.020106254612995717 -0.018980063780851847 -0.023636234823181772 -0.0044603569900868462 0.008072033265761544 -0.020467872409424485 0.0096910556365886989 -0.025128239422928848 -0.0031913753648127332 -0.0017775625291994366 0.0082193745411831814 -0.017607099821747713 0.0050532809408030425 -0.019201124426940816 -0.0053575100553688287 -0.017142985329879686 -0.013312838618669852 -0.023266233127834011 -0.013917417273870549 -0.014213926433644169 -0.022674164789381508 -0.021478189806010337 -0.010690387990301305
leaf_weight=4.1495783776044837 4.5143726989626911 7.0999774411320713 9.1982241570949537 135.52122791111469 230.53957894444466 6.4215774685144407 183.9067157804966 34.382813960313797 10.001288443803785 74.928512662649155 82.37841721624136 181.49876308441162 13.126591965556143 5.2641081213951137 4.5707489997148505 10.692389413714407 5.248997062444686 3.5832073837518692 4.0488671958446485 21.4523696154356 7.6396968960762051 4.349656865000723 10.631478920578955 6.2097445875406256 61.978005632758141 5.1664216592907906 5.1936819851398495 15.4260146766901 32.42147333920002 4.2482263892889023
leaf_count=19 31 88 41 1591 2795 43 2277 157 45 310 769 2032 54 45 22 66 45 43 19 238 45 26 45 27 258 30 24 64 133 25
internal_value=0 0.00237918 0.00400845 0.00142474 0.00675197 -0.0195195 0.00738061 0.0054153 -0.00587213 -0.0209981 0.00580235 0.00415961 -0.0158006 -0.0108944 -0.00477237 -0.00976066 -0.0130591 -0.00219642 -0.0217568 0.00856383 -0.0123089 -0.0141001 -0.0188918 -0.0195133 -0.0226534 -0.0100048 -0.0229687 -0.0205432 -0.0204077 -0.0140656
internal_weight=0 1058.57 971.503 500.324 471.179 127.223 448.829 264.922 22.3503 117.218 420.851 263.877 87.0661 33.6538 20.5272 15.2631 15.2503 10.0048 79.4733 156.974 21.6701 17.1558 53.4123 49.2627 71.1762 9.51608 95.5482 20.6197 43.053 8.29709
internal_count=11407 10791 10380 4973 5407 616 5229 2952 178 530 4630 2801 411 187 133 88 90 86 343 1829 132 101 224 205 299 56 398 88 178 44
is_linear=0
shrinkage=0.01


Tree=49
num_leaves=31
num_cat=0
split_feature=1 2 1 1 1 1 1 1 1 1 1 1 1 1 1 2 2 1 1 1 1 1 1 1 2 1 1 1 1 1
split_gain=532.051 307.203 68.1536 496.49 36.9168 31.6605 24.2432 19.7343 15.5245 9.87927 8.87241 7.65761 5.93203 5.69902 7.65298 6.52271 8.0641 5.66151 5.38439 5.02134 4.13241 2.00814 1.77915 1.41359 1.59408 0.872208 0.4957 0.17935 0.145355 0.0836156
threshold=3985955690461.5005 56.500000000000007 1818756050482.5002 1861025330344.5002 507703113266.50006 3985955706084.5005 251391422769.50003 3985955694497.5005 1514623741114.5002 330364825549.00006 1861025332985.5002 3399813435297.5005 4179354223176.5005 701677501646.00012 1119808859462.5002 51.500000000000007 53.500000000000007 1861025331631.0002 1861025328962.5002 643953703719.50012 2946978529348.5005 1514623739995.5002 1861025320697.5002 3985955695784.5005 52.500000000000007 3985955691713.0005 1818756047612.5002 3985955700886.0005 87670330574.000015 660434126813.50012
decision_type=2 2 2 2 2 2 2 2 2 2 2 2 2 2 2 2 2 2 2 2 2 2 2 2 2 2 2 2 2 2
left_child=1 13 4 18 6 7 28 25 21 -8 17 -12 -7 19 -15 20 -17 -5 22 -1 -16 -6 -4 -9 -25 -2 -10 -26 -3 -21
right_child=5 2 3 10 8 12 9 23 26 -11 11 -13 -14 14 15 16 -18 -19 -20 29 -22 -23 -24 24 27 -27 -28 -29 -30 -31
leaf_value=-0.01180942587221649 -0.0086078791674669541 0.010957335567556193 -0.018231909392461564 0.0042757848372240795 0.0064401071983847171 -0.0078879869529409497 -0.01867302570183051 -0.019136225536306159 0.01105181333280824 -0.001757493183143975 0.0065257387323601982 0.0025271086266159893 0.0081922976711107324 -0.0011878888511909235 -0.018184803610767009 -0.0061632611062641084 -0.02199983322993368 -0.011746071761573908 -0.013837239383682811 -0.022444820485733701 -0.0088271688198132154 -0.00090204260201525279 -0.022931703484384492 -0.017637371986610167 -0.022930610108681897 -0.013250597514172574 0.008350536244883678 -0.023874122632714889 0.0080839886251937807 -0.0239672602903113
leaf_weight=5.135975360870364 5.3675020486116436 3.5810441225767162 9.2519368231296522 4.1999972462654096 343.10978587716818 6.454230532050131 10.06376229226589 10.247464746236799 91.582153640687466 5.255814164876937 354.63736752420664 55.370465964078903 3.5592204034328461 4.22687904536724 40.229872830212116 13.494911991059782 4.2211451530456534 4.6443124487996101 8.3494416624307615 6.4217481315135947 5.3463937342166892 3.7660626992583266 62.251920834183693 5.0877501219511023 39.750860273838043 16.44115848839283 7.3375747576355925 40.851246178150177 3.463235579431057 8.2318858802318555
leaf_count=23 44 45 41 41 3980 43 45 44 1124 45 3947 601 43 19 185 80 20 41 44 26 24 35 258 21 165 88 90 168 43 34
internal_value=0 0.00236555 0.00398775 0.00141536 0.00672798 -0.0192427 -0.00580949 -0.0206945 0.00735693 -0.0128697 0.00577197 0.00598573 -0.00217235 -0.0155987 -0.0142156 -0.0150856 -0.00993659 -0.00413759 -0.0214363 -0.0203179 -0.0170871 0.00636039 -0.0223236 -0.0226464 -0.0230661 -0.0121079 0.0108514 -0.0234088 0.00954469 -0.0233001
internal_weight=0 1054.17 966.865 498.705 468.159 127.759 22.3639 117.746 445.796 15.3196 418.852 410.008 10.0135 87.3088 67.5192 63.2923 17.7161 8.84431 79.8533 19.7896 45.5763 346.876 71.5039 95.9373 85.6899 21.8087 98.9197 80.6021 7.04428 14.6536
internal_count=11407 10791 10380 4973 5407 616 178 530 5229 90 4630 4548 86 411 328 309 100 82 343 83 209 4015 299 398 354 132 1214 333 88 60
is_linear=0
shrinkage=0.01


Tree=50
num_leaves=31
num_cat=0
split_feature=1 2 1 1 1 1 0 0 1 1 0 0 0 1 1 1 1 1 1 0 1 0 0 2 1 1 1 0 0 1
split_gain=519.808 300.785 67.3298 485.576 36.4082 30.7745 25.0448 253.296 23.7061 19.4157 19.0874 88.1904 12.9263 19.1203 14.4057 14.8132 9.58544 5.81064 5.30137 3.47659 3.04874 2.5491 3.43626 2.38479 4.14715 2.44499 1.76732 1.66178 1.54128 2.73696
threshold=3985955690461.5005 56.500000000000007 1818756050482.5002 1861025330344.5002 507703113266.50006 3985955706084.5005 4200993.0000000009 4200985.0000000009 251391422769.50003 3985955694497.5005 4200970.0000000009 4200993.0000000009 4201048.0000000009 1514623709106.0002 1514623739995.5002 1861025332985.5002 330364825549.00006 4179354223176.5005 1861025328962.5002 4200993.0000000009 3399813435297.5005 4200962.0000000009 4200993.0000000009 49.500000000000007 858533846337.00012 2384994529348.5005 1861025326215.5002 4201032.5000000009 4201032.5000000009 3985955698312.5005
decision_type=2 2 2 2 2 2 2 2 2 2 2 2 2 2 2 2 2 2 2 2 2 2 2 2 2 2 2 2 2 2
left_child=1 12 4 18 8 9 7 -6 -3 21 20 -12 23 -14 -15 -16 -10 -7 26 -20 -5 -2 -23 24 -1 -26 -4 -24 -11 -30
right_child=5 2 3 10 6 17 -8 -9 16 28 11 -13 13 14 15 -17 -18 -19 19 -21 -22 22 27 -25 25 -27 -28 -29 29 -31
leaf_value=-0.0067584253573969534 -0.0052618296915228945 0.0095243316757120753 -0.022998576436493598 0.0090793941042849741 0.009180808041793281 -0.0077701421512100157 0.010183677429527967 -0.019883097507827137 -0.018375716155043017 -0.022998107099237643 -0.0044784446222237385 0.0080233571691930797 -0.019961613899196727 0.0097033177295869771 -0.02437789327862554 -0.0030096383317367182 -0.0017376770530984291 0.0081652196313083941 -0.019288530985782367 -0.006324054478464681 0.0050079975529591049 -0.018612553030107473 -0.0051304106052621245 -0.019855812641294258 -0.021749613439467241 -0.012683330122723119 -0.019527407117322339 -0.013472179940164608 -0.01368822013545672 -0.022033347288843583
leaf_weight=4.2383365631103542 4.5657288804650333 6.989026345312598 51.264302283525467 133.82812117040157 227.41942116618156 6.4864333570003492 181.25767626613379 34.540402576327324 10.124015659093855 75.494428917765617 82.295160986483097 179.49887730181217 13.191580682992933 5.2778971120715168 4.639638513326644 10.78676453232765 5.2625590190291396 3.5354329347610474 4.7230465263128263 3.6801609992980957 21.322614625096321 7.7537742182612446 4.3906360194087011 36.99101260304451 7.6099858582019788 4.8832638412714005 20.546537488698959 5.2360972985625267 5.2592006623744991 15.55120365321636
leaf_count=20 31 88 214 1591 2795 43 2277 157 45 310 769 2032 54 45 22 66 45 43 22 22 238 45 26 152 31 21 85 30 24 64
internal_value=0 0.00235061 0.00396496 0.00140577 0.00669765 -0.0189736 0.00732596 0.00534862 -0.005748 -0.0203996 0.00574055 0.00409341 -0.0153879 -0.0105523 -0.0045573 -0.00943635 -0.0126851 -0.00214859 -0.021126 -0.0136108 0.00851986 -0.0119113 -0.0136581 -0.0184388 -0.0153061 -0.0182059 -0.0220054 -0.0096676 -0.0223339 -0.0199244
internal_weight=0 1050.37 962.752 497.159 465.593 128.273 443.218 261.96 22.3756 118.251 416.945 261.794 87.6185 33.8959 20.7043 15.4264 15.3866 10.0219 80.214 8.40321 155.151 21.9462 17.3805 53.7226 16.7316 12.4932 71.8108 9.62673 96.3048 20.8104
internal_count=11407 10791 10380 4973 5407 616 5229 2952 178 530 4630 2801 411 187 133 88 90 86 343 44 1829 132 101 224 72 52 299 56 398 88
is_linear=0
shrinkage=0.01


Tree=51
num_leaves=30
num_cat=0
split_feature=1 2 1 1 1 1 1 1 1 1 1 1 1 1 2 2 1 1 1 1 1 1 1 2 1 1 1 1 1
split_gain=508.166 290.651 69.8349 469.322 35.9458 31.7439 23.185 15.6037 11.9528 11.7703 9.30447 8.79454 5.73038 7.32102 7.01364 8.25637 5.69225 5.20734 4.90492 4.0367 1.9688 1.80899 1.41354 1.51333 0.502837 0.175348 0.147078 0.0797273 0.00420972
threshold=3985955691713.0005 56.500000000000007 1818756050482.5002 1861025330344.5002 507703113266.50006 3985955706084.5005 251391422769.50003 1514623741114.5002 3985955694497.5005 3985955690461.5005 330364825549.00006 1861025332985.5002 701677501646.00012 1119808859462.5002 51.500000000000007 53.500000000000007 4179354223176.5005 1861025328962.5002 643953703719.50012 2946978529348.5005 1514623739995.5002 1861025320697.5002 3985955695784.5005 52.500000000000007 1818756047612.5002 3985955700886.0005 87670330574.000015 660434126813.50012 3985955693036.5005
decision_type=2 2 2 2 2 2 2 2 2 2 2 2 2 2 2 2 2 2 2 2 2 2 2 2 2 2 2 2 2
left_child=1 12 4 17 6 8 26 20 28 11 -8 -5 18 -14 19 -16 -7 21 -1 -15 -6 -4 -10 -24 -9 -25 -3 -20 -2
right_child=5 2 3 9 7 16 10 24 22 -11 -12 -13 13 14 15 -17 -18 -19 27 -21 -22 -23 23 25 -26 -27 -28 -29 -30
leaf_value=-0.011445453473323612 -0.012697062749052425 0.010937936676908027 -0.017597386646353481 -0.004165582501055554 0.0063788585036253318 -0.0076547714486080781 -0.018087649589900646 0.011038863207479379 -0.018541453869430694 -0.0095226124491111491 -0.0017181103955279532 0.0059249023743328287 -0.0010087403458107155 -0.017729493853534166 -0.0055645813360872803 -0.021489906887366701 0.0081381390411063761 -0.013399182725370825 -0.021929075441436675 -0.0085126084313063687 -0.00090239116003642584 -0.022308548349393744 -0.017174564979972214 -0.022313843870865498 0.0082985320282865666 -0.023243445020746316 0.00802482129527032 -0.02341206753499411 -0.013015273287700874
leaf_weight=5.1750952303409603 8.3547365814447403 3.5209032744169262 9.3674053251743299 8.8252012655138952 339.10333210974932 6.5181920975446683 10.182103738188742 90.133548215031624 10.34863957762718 5.1352775692939749 5.2692325934767714 406.1530941054225 4.2476602643728247 40.476248040795326 13.877250611782076 4.2532242089509955 3.5118438377976418 8.4502727091312391 6.4485071897506705 5.383845403790473 3.7546711713075629 62.736027926206589 5.1105546951293936 40.042594656348228 7.2334624677896491 41.136867970228195 3.4133272841572762 8.2799433022737485 8.2753127217292786
leaf_count=23 44 45 41 82 3980 43 45 1124 44 42 45 4548 19 185 82 20 43 44 26 24 35 258 21 165 90 168 43 34 44
internal_value=0 0.00228231 0.00387273 0.00128456 0.00667383 -0.0191763 -0.00568762 0.00730241 -0.0206862 0.00552411 -0.0125053 0.00571031 -0.015099 -0.0137219 -0.0145658 -0.0093005 -0.00212516 -0.0208261 -0.0198202 -0.0166475 0.00629912 -0.0216965 -0.0220338 -0.0224526 0.0108353 -0.0227849 0.00950398 -0.0227628 -0.0128554
internal_weight=0 1051.42 963.278 500.667 462.611 123.299 22.3856 440.225 113.269 420.114 15.4513 414.978 88.1418 68.2382 63.9906 18.1305 10.03 80.5537 19.9035 45.8601 342.858 72.1034 96.6387 86.29 97.367 81.1795 6.93423 14.7285 16.63
internal_count=11407 10835 10422 5015 5407 572 178 5229 486 4672 90 4630 413 330 311 102 86 343 83 209 4015 299 398 354 1214 333 88 60 88
is_linear=0
shrinkage=0.01


Tree=52
num_leaves=22
num_cat=0
split_feature=12 0 0 0 0 0 12 3 12 12 12 12 12 12 0 0 0 0 0 12 12
split_gain=247.131 29.7902 191.696 85.9417 345.392 13.042 15.5902 3.33824 3.55275 3.07278 2.03807 1.1705 0.575909 0.497784 0.305939 1.44591 0.490187 0.193278 0.195199 0.142097 0.0937258
threshold=1.4814014859090314 4200970.0000000009 4200977.5000000009 4200993.0000000009 4200985.0000000009 4201048.0000000009 1.9690143438181578 50.500000000000007 2.8983726292905869 2.8996580756647572 1.967048558543266 2.8980566511096142 1.9657402510146069 1.9663941833800986 4201048.0000000009 4201072.0000000009 4201032.5000000009 4200962.0000000009 4200939.5000000009 1.9657402510146069 1.9677033768039414
decision_type=2 2 2 2 2 2 2 2 2 2 2 2 2 2 2 2 2 2 2 2 2
left_child=1 17 -3 4 -4 10 12 8 -8 -10 13 -9 -7 19 16 -16 -5 18 -1 -2 -12
right_child=5 2 3 14 -6 6 7 11 9 -11 20 -13 -14 -15 15 -17 -18 -19 -20 -21 -22
leaf_value=0.0034095861537108713 -0.019583071066531923 -0.038486463314198707 0.0042009142327730994 0.0030637822664777619 -0.024541169381889546 -0.0021911043672789782 -0.018446392207296058 -0.015233308955458361 -0.0012885144806276466 -0.01221844532858115 -0.015971659730586275 -0.021639894422256913 0.002626889354509318 -0.018243070990211194 -0.0012681848765473441 0.003449670584563802 0.0037838320338277301 0.0032169624359465517 0.0039427298512682493 -0.021192764124625271 -0.014400242898326351
leaf_weight=137.13908977806568 9.4774215221405029 12.63031544536352 135.1405391767621 272.67329969257116 60.53897787630558 6.3801763132214528 5.4936811625957516 5.1928471997380274 3.7873461991548529 8.0165402144193632 13.250758439302446 6.3258150517940521 4.0595526322722435 16.895291835069656 8.4483822360634786 28.111281678080559 144.72567996382713 137.20120973140001 137.55604726821184 13.015013664960861 5.3192052096128455
leaf_count=1446 39 68 1416 2896 298 40 26 23 22 41 57 30 28 69 76 296 1526 1465 1470 53 22
internal_value=0 0.00141181 9.84649e-05 0.000848636 -0.00469126 -0.0152381 -0.0107876 -0.0145808 -0.0118033 -0.00871151 -0.0182526 -0.0187517 -0.000317598 -0.0195402 0.00323662 0.00235945 0.00331345 0.00352347 0.00367656 -0.0205145 -0.0155215
internal_weight=0 1074.16 662.268 649.638 195.68 97.2136 39.256 28.8162 17.2976 11.8039 57.9577 11.5187 10.4397 39.3877 453.959 36.5597 417.399 411.896 274.695 22.4924 18.57
internal_count=11407 10957 6576 6508 1714 450 210 142 89 63 240 53 68 161 4794 372 4422 4381 2916 92 79
is_linear=0
shrinkage=0.01


Tree=53
num_leaves=31
num_cat=0
split_feature=1 2 1 1 1 1 0 0 1 0 0 0 12 1 1 1 1 1 1 1 1 0 1 1 0 1 0 1 1 1
split_gain=497.47 279.227 69.2395 459.886 35.6214 30.7361 24.8884 243.865 22.7242 18.7525 303.432 13.1461 19.4931 11.7626 11.0379 9.78862 9.02494 5.75054 5.59141 5.12482 3.52516 3.35305 2.37271 2.59346 2.19262 1.78942 1.54436 2.7106 1.4738 0.912105
threshold=3985955691713.0005 56.500000000000007 1818756050482.5002 1861025330344.5002 507703113266.50006 3985955706084.5005 4200993.0000000009 4200985.0000000009 251391422769.50003 4200993.0000000009 4200985.0000000009 4201048.0000000009 1.9690143438181578 3985955694497.5005 1514623709106.0002 3399813431033.5005 330364825549.00006 1861025347675.5002 4179354223176.5005 1861025328962.5002 1861025334367.5002 4200993.0000000009 643953703719.50012 2946978529348.5005 4200962.0000000009 1861025320697.5002 4201032.5000000009 3985955698312.5005 858533846337.00012 1325782932673.0002
decision_type=2 2 2 2 2 2 2 2 2 2 2 2 2 2 2 2 2 2 2 2 2 2 2 2 2 2 2 2 2 2
left_child=1 11 4 19 8 13 7 -6 -3 10 -5 22 20 24 -14 -11 -10 -16 -7 25 -13 -21 -1 28 -2 -4 -15 -28 -24 -8
right_child=5 2 3 9 6 18 29 -9 16 15 -12 12 14 26 17 -17 -18 -19 -20 21 -22 -23 23 -25 -26 -27 27 -29 -30 -31
leaf_value=-0.010597444479272822 -0.0059902576614133162 0.0094783482371869239 -0.017367401051863515 0.0071285157747790016 0.009132598135581052 -0.0075953868135816283 0.0094849274659794831 -0.019259973195255613 -0.01785385254144212 0.0089841968708822845 -0.032919872688940699 -0.0030587254651302897 -0.020894317052242806 -0.022419219431691461 -0.0022757125660694834 0.002697380724482661 -0.0017377493527726431 -0.015632827052069392 0.0080991742296151279 -0.018765827913594383 0.0097413830989624955 -0.0060984406697566019 -0.016050519098486159 -0.012403731697984244 -0.014635452109230078 -0.022043421534065986 -0.013187416917934375 -0.021449612875586221 -0.020312633585982821 0.010919626283664672
leaf_weight=4.2389497607946387 3.7955465614795711 6.8643638864159611 9.4074850380420667 218.17107673734426 223.75071710348129 6.5346274077892286 95.485658228397369 34.980299428105354 10.228355094790457 148.95813520997763 20.715028420090675 4.4367592781782133 12.658935725688936 75.936782091856003 7.7376892119646055 29.705090820789337 5.2625329196453086 5.5243814736604691 3.4782493785023689 4.7754267007112485 4.1772652268409729 3.7153809666633606 10.779214531183241 6.3198878765106192 12.919633299112318 62.920880123972893 5.320367410779002 15.653515994548796 32.802029430866241 82.683028876781464
leaf_count=19 24 88 41 2508 2795 43 1204 157 45 1715 118 31 51 310 48 331 45 30 43 22 29 22 45 27 64 258 24 64 133 1073
internal_value=0 0.00227146 0.00384347 0.00126221 0.00664457 -0.0189395 0.00727455 0.00529394 -0.00566747 0.00548844 0.00365572 -0.014705 -0.00988413 -0.0204195 -0.0142151 0.00793893 -0.0123789 -0.00783969 -0.00214345 -0.0205724 0.00314853 -0.0132229 -0.0177802 -0.0183903 -0.0126724 -0.0214352 -0.0217558 -0.0193538 -0.0192585 0.0101507
internal_weight=0 1046.3 957.623 498.369 459.255 123.639 436.9 258.731 22.3553 417.549 238.886 88.6751 34.535 113.626 25.921 178.663 15.4909 13.2621 10.0129 80.8192 8.61402 8.49081 54.1401 49.9011 16.7152 72.3284 96.9107 20.9739 43.5812 178.169
internal_count=11407 10835 10422 5015 5407 572 5229 2952 178 4672 2626 413 189 486 129 2046 90 78 86 343 60 44 224 205 88 299 398 88 178 2277
is_linear=0
shrinkage=0.01


Tree=54
num_leaves=31
num_cat=0
split_feature=1 2 1 1 1 1 1 1 1 1 1 1 1 1 1 1 1 14 1 1 1 1 1 2 1 1 1 1 1 1
split_gain=486.713 277.736 65.3341 455.712 35.1698 28.2574 22.231 18.2873 15.6593 8.76721 8.6773 7.6492 5.52156 5.47802 5.30874 7.2639 6.15748 7.24182 5.04284 4.80838 1.90577 1.77181 1.40408 1.55348 0.750322 0.513301 0.174597 0.149122 0.0758744 0.00418073
threshold=3985955690461.5005 56.500000000000007 1818756050482.5002 1861025330344.5002 507703113266.50006 3985955706084.5005 251391422769.50003 3985955694497.5005 1514623741114.5002 330364825549.00006 1861025332985.5002 3399813435297.5005 1861025331631.0002 4179354223176.5005 701677501646.00012 1119808859462.5002 1514623709106.0002 2.9740421620058601 1861025328962.5002 643953703719.50012 1514623739995.5002 1861025320697.5002 3985955695784.5005 52.500000000000007 3985955691713.0005 1818756047612.5002 3985955700886.0005 87670330574.000015 660434126813.50012 1264132465759.5002
decision_type=2 2 2 2 2 2 2 2 2 2 2 2 2 2 2 2 2 2 2 2 2 2 2 2 2 2 2 2 2 2
left_child=1 14 4 18 6 7 27 24 20 -8 12 -12 -5 -7 19 -16 29 -18 21 -1 -6 -4 -9 -24 -2 -10 -25 -3 -21 -17
right_child=5 2 3 10 8 13 9 22 25 -11 11 -13 -14 -15 15 16 17 -19 -20 28 -22 -23 23 26 -26 -27 -28 -29 -30 -31
leaf_value=-0.010910265986892549 -0.0082066771632749447 0.010916898545175656 -0.017109804636895189 0.0042041570070943321 0.0063208792665030164 -0.0074836397556799442 -0.017581616063308658 -0.018009604895378461 0.011032806926602726 -0.0017181818390830908 0.0064095286223057124 0.002380363813553697 -0.011657632912501841 0.0080720851893698962 -0.0006900242247621759 -0.021156574474153308 -0.014354003502167416 -0.0043371572968685379 -0.013021528278185026 -0.021248790198750998 -0.00085459766886921459 -0.02175193338375243 -0.016557246732487242 -0.021759179317521988 -0.01247433848344807 0.0082401647189060869 -0.02268425937701072 0.0079571684110779552 -0.022691607266209387 -0.020766174302728879
leaf_weight=5.2336560636758831 5.4571109861135509 3.4536084756255176 9.4533940106630308 4.1557819470763189 334.60917682945728 6.5657238215208036 10.282588824629782 10.434221655130385 88.483476854860783 5.2692068070173255 347.07372748106718 54.519321672618389 4.6504467576742172 3.4551386833190918 4.2832847237586966 5.4807791262865049 44.630992822349072 8.6098150908946973 8.5356144160032255 6.4760646969079962 3.7428287267684928 63.125366494059563 5.135005608201026 40.268360406160355 16.810222446918488 7.1106765344738951 41.355042725801468 3.3569807857275009 8.3368491083383542 5.4913993775844574
leaf_count=23 44 45 41 41 3980 43 45 44 1124 45 3947 601 41 43 19 22 212 53 44 26 35 258 21 165 88 90 168 43 34 22
internal_value=0 0.00231389 0.00389613 0.00136644 0.006621 -0.0182496 -0.00560867 -0.0196027 0.00725122 -0.0122068 0.00564722 0.00586254 -0.00417223 -0.00212011 -0.0146235 -0.0132988 -0.0141399 -0.0127341 -0.0202922 -0.0191497 0.0062415 -0.0211473 -0.0214754 -0.0218922 -0.0114285 0.0108251 -0.0222279 0.00945803 -0.0220608 -0.0209612
internal_weight=0 1036.37 947.822 491.514 456.309 129.481 22.3624 119.46 433.946 15.5518 410.399 401.593 8.80623 10.0209 88.5428 68.4963 64.213 53.2408 81.1144 20.0466 338.352 72.5788 97.1926 86.7584 22.2673 95.5942 81.6234 6.81059 14.8129 10.9722
internal_count=11407 10791 10380 4973 5407 616 178 530 5229 90 4630 4548 82 86 411 328 309 265 343 83 4015 299 398 354 132 1214 333 88 60 44
is_linear=0
shrinkage=0.01


Tree=55
num_leaves=31
num_cat=0
split_feature=1 2 1 1 1 1 0 0 1 0 0 1 0 1 1 1 1 1 1 1 0 0 2 1 1 1 0 0 1 1
split_gain=475.922 272.121 64.531 446.053 34.6842 27.5238 24.9563 240.115 21.752 18.9686 85.6615 18.0427 12.1242 17.8684 13.8009 14.2311 8.52026 5.36739 4.97901 3.07975 2.3824 3.29453 2.31318 4.00576 2.41242 1.75567 1.58263 1.54344 2.67737 0.919931
threshold=3985955690461.5005 56.500000000000007 1818756050482.5002 1861025330344.5002 507703113266.50006 3985955706084.5005 4200993.0000000009 4200985.0000000009 251391422769.50003 4200970.0000000009 4200993.0000000009 3985955694497.5005 4201048.0000000009 1514623709106.0002 1514623739995.5002 1861025332985.5002 330364825549.00006 4179354223176.5005 1861025328962.5002 3399813435297.5005 4200962.0000000009 4200993.0000000009 49.500000000000007 858533846337.00012 2384994529348.5005 1861025320697.5002 4201032.5000000009 4201032.5000000009 3985955698312.5005 1325782932673.0002
decision_type=2 2 2 2 2 2 2 2 2 2 2 2 2 2 2 2 2 2 2 2 2 2 2 2 2 2 2 2 2 2
left_child=1 12 4 18 8 11 7 -6 -3 19 -11 20 22 -14 -15 -16 -10 -7 25 -5 -2 -22 23 -1 -25 -4 -23 -13 -29 -8
right_child=5 2 3 9 6 17 29 -9 16 10 -12 27 13 14 15 -17 -18 -19 -20 -21 21 26 -24 24 -26 -27 -28 28 -30 -31
leaf_value=-0.0060169474647079006 -0.0048766037677313231 0.0094377516513655564 -0.01685955298122074 0.0089966821451144957 0.0090919642577772346 -0.0073741820708728128 0.0094507089799242324 -0.019058498851562675 -0.017317408416632884 -0.0044643120631151076 0.0079146726012147058 -0.021864824785259685 -0.01887638186524716 0.0097754286456941258 -0.023280128963930294 -0.0025581795580917198 -0.0016988605322338863 0.0080449920147401491 -0.012816798143199908 0.0048631169401318489 -0.017718384268401503 -0.0046612870471390141 -0.018769049586089961 -0.020671408880194586 -0.011729136123822266 -0.021470243180598883 -0.012719454558432881 -0.012718790377905098 -0.020891271464536433 0.010902178964840175
leaf_weight=4.3304873704910305 4.64893261343241 6.7572443112731007 9.4975517988204938 130.40763780474663 220.73622222989798 6.5963938236236555 94.244835585355759 35.121559798717499 10.334807038307188 82.109035797417164 175.1313142478466 76.334245190024376 13.293006584048269 5.365128509700301 4.7409668415784827 11.012586027383803 5.2758102267980567 3.4322219640016556 8.5849880427122098 20.915480732917786 7.9187753945589092 4.4742949753999692 37.385302111506462 7.6827790737152082 4.9675262570381165 63.313075855374336 5.3535404056310654 5.3779634237289455 15.74416048824787 81.362535819411278
leaf_count=20 31 88 41 1591 2795 43 1204 157 45 769 2032 310 54 45 22 66 45 43 44 238 45 26 152 31 21 258 30 24 64 1073
internal_value=0 0.00229937 0.00387384 0.00135724 0.00659077 -0.0180113 0.00722021 0.00522775 -0.0055509 0.00561601 0.0039634 -0.0193429 -0.0144388 -0.00979376 -0.00407677 -0.00879436 -0.0120389 -0.00209708 -0.0200196 0.00842535 -0.0112491 -0.0129184 -0.0173789 -0.0143182 -0.01716 -0.0208688 -0.00905083 -0.0212028 -0.0188105 0.0101232
internal_weight=0 1032.57 943.792 489.959 453.833 129.881 431.465 255.858 22.3679 408.563 257.24 119.852 88.7778 34.4117 21.1187 15.7536 15.6106 10.0286 81.3956 151.323 22.3955 17.7466 54.3661 16.9808 12.6503 72.8106 9.82784 97.4564 21.1221 175.607
internal_count=11407 10791 10380 4973 5407 616 5229 2952 178 4630 2801 530 411 187 133 88 90 86 343 1829 132 101 224 72 52 299 56 398 88 2277
is_linear=0
shrinkage=0.01


Tree=56
num_leaves=21
num_cat=0
split_feature=2 0 0 0 0 0 12 3 12 2 12 12 2 2 0 0 0 0 0 12
split_gain=227.023 28.9653 185.534 81.4676 322.752 11.9812 14.8877 3.43158 3.34219 2.28305 2.04334 0.932637 0.531916 0.504842 0.271425 1.2766 0.501931 0.201425 0.188814 0.149809
threshold=56.500000000000007 4200970.0000000009 4200977.5000000009 4200993.0000000009 4200985.0000000009 4201048.0000000009 1.9690143438181578 50.500000000000007 2.8983726292905869 49.500000000000007 2.899974053845729 2.8980566511096142 51.500000000000007 50.500000000000007 4201048.0000000009 4201072.0000000009 4201032.5000000009 4200962.0000000009 4200939.5000000009 1.9657402510146069
decision_type=2 2 2 2 2 2 2 2 2 2 2 2 2 2 2 2 2 2 2 2
left_child=5 17 -3 4 -4 9 12 8 -8 -1 -10 -9 -7 -11 16 -16 -5 18 -2 -15
right_child=1 2 3 14 -6 6 7 11 10 13 -12 -13 -14 19 15 -17 -18 -19 -20 -21
leaf_value=-0.014418787665221601 0.0033690704745109245 -0.037730108450634667 0.0041843672677274952 0.0029978827117007611 -0.023453347823071548 0.0027287809623271183 -0.017589465458056019 -0.015035787487355585 -0.0029611443445171602 -0.017401800708112397 -0.011472474994692075 -0.020764596862275667 -0.0018845743386507888 -0.018694154524433064 -0.0010405435082910675 0.0033900099741049818 0.0037324229907864477 0.0031607440697738855 0.0038975375966603773 -0.020315266161234091
leaf_weight=17.765348955988884 135.06759659200907 12.728929527103899 133.50827524065971 268.25723519921303 61.81838695704937 4.0820734798908234 5.5617410391569164 5.1130789369344729 4.5809661298990232 17.016554564237595 7.3401468247175217 6.3971052765846252 6.4455149844288808 9.5677514672279358 8.5003305375576002 27.682372957468033 142.41559099406004 135.08988542109728 135.36436320096254 14.103125631809235
leaf_count=75 1446 68 1416 2896 298 28 26 22 27 69 36 30 40 39 77 296 1526 1465 1470 57
internal_value=0 0.00137578 7.52669e-05 0.000824621 -0.00456262 -0.0145342 -0.0102813 -0.0139797 -0.0111883 -0.0174097 -0.0082018 -0.0182197 -9.57454e-05 -0.0187156 0.00317946 0.00234915 0.00325261 0.00347608 0.00363359 -0.01966
internal_weight=0 1060.43 654.911 642.182 195.327 97.9734 39.5206 28.993 17.4829 58.4528 11.9211 11.5102 10.5276 40.6874 446.856 36.1827 410.673 405.522 270.432 23.6709
internal_count=11407 10958 6577 6509 1714 449 209 141 89 240 63 52 68 165 4795 373 4422 4381 2916 96
is_linear=0
shrinkage=0.01


Tree=57
num_leaves=31
num_cat=0
split_feature=1 2 1 1 1 1 0 0 1 0 0 1 0 1 1 1 1 1 1 0 1 1 1 0 0 1 0 1 0 1
split_gain=466.266 261.954 64.1044 437.417 34.4139 26.6854 24.6153 230.55 21.328 18.7069 83.3788 17.7803 11.5993 17.3999 13.4413 13.7579 8.27288 5.27306 4.9091 3.23777 3.0847 2.31797 2.59011 2.27971 3.12997 1.73994 1.52605 2.64413 1.52391 1.44928
threshold=3985955690461.5005 56.500000000000007 1818756050482.5002 1861025330344.5002 507703113266.50006 3985955706084.5005 4200993.0000000009 4200985.0000000009 251391422769.50003 4200970.0000000009 4200993.0000000009 3985955694497.5005 4201048.0000000009 1514623709106.0002 1514623739995.5002 1861025332985.5002 330364825549.00006 4179354223176.5005 1861025328962.5002 4200993.0000000009 3399813435297.5005 643953703719.50012 2946978529348.5005 4200962.0000000009 4200993.0000000009 1861025320697.5002 4201032.5000000009 3985955698312.5005 4201032.5000000009 858533846337.00012
decision_type=2 2 2 2 2 2 2 2 2 2 2 2 2 2 2 2 2 2 2 2 2 2 2 2 2 2 2 2 2 2
left_child=1 12 4 18 8 11 7 -6 -3 20 -11 23 21 -14 -15 -16 -10 -7 25 -20 -5 -1 29 -2 -25 -4 -13 -28 -26 -23
right_child=5 2 3 9 6 17 -8 -9 16 10 -12 26 13 14 15 -17 -18 -19 19 -21 -22 22 -24 24 28 -27 27 -29 -30 -31
leaf_value=-0.0099182692090557262 -0.0048592061396762875 0.0094122171338736002 -0.016649693427507817 0.0089638844235721826 0.0090619348373961305 -0.007319070822912244 0.010102163960030424 -0.018383185088129656 -0.017104304192794639 -0.004334478292380455 0.0078746510784779931 -0.021612403136122924 -0.018518119735562322 0.0097688944904672174 -0.022710826498532861 -0.0024313485869531361 -0.0017180985343608543 0.0080060274178877337 -0.018064070893011219 -0.0057129850279292772 0.0048120051140566654 -0.015265932441089375 -0.011627253683022445 -0.01737400968016933 -0.004640637337037041 -0.021231638163029105 -0.012538297542751658 -0.020645967553458738 -0.012536113790235257 -0.019476292682375364
leaf_weight=4.3023372888565055 4.6528052538633373 6.6893371492624309 9.5327869057655317 129.07907347381115 218.5024653300643 6.6119128167629224 173.67019111663103 35.594058498740196 10.375874340534208 82.534306466579437 173.56274879723787 76.468878015875816 13.316264241933821 5.3520648404955891 4.7932777404785147 11.074384510517119 5.2692335844039908 3.3996074870228767 4.845886364579199 3.776514858007431 20.774715825915337 10.867403730750082 6.4080823212862006 7.9820429682731655 4.4781594723463041 63.452937796711922 5.3989116102457073 15.777389019727705 5.3832206800580025 33.005164712667465
leaf_count=19 31 88 41 1591 2795 43 2277 157 45 769 2032 310 54 45 22 66 45 43 22 22 238 45 27 45 26 258 24 64 30 133
internal_value=0 0.00229026 0.00384743 0.00133519 0.00656875 -0.0178009 0.00720058 0.0052174 -0.00553243 0.00558201 0.00393992 -0.019108 -0.0140934 -0.00955795 -0.00393508 -0.00855734 -0.0119223 -0.00211513 -0.0197902 -0.0126544 0.0083883 -0.0169632 -0.017566 -0.0110932 -0.0127188 -0.0206332 -0.0209545 -0.0185789 -0.00895069 -0.0184334
internal_weight=0 1026.78 937.66 487.559 450.101 130.153 427.767 254.097 22.3344 405.951 256.097 120.141 89.119 34.536 21.2197 15.8677 15.6451 10.0115 81.6081 8.6224 149.854 54.583 50.2807 22.4962 17.8434 72.9857 97.6452 21.1763 9.86138 43.8726
internal_count=11407 10791 10380 4973 5407 616 5229 2952 178 4630 2801 530 411 187 133 88 90 86 343 44 1829 224 205 132 101 299 398 88 56 178
is_linear=0
shrinkage=0.01


Tree=58
num_leaves=31
num_cat=0
split_feature=1 2 1 1 1 1 0 0 1 0 0 0 12 1 1 1 1 1 1 1 1 1 1 0 1 0 1 1 1 0
split_gain=456.353 253.115 66.4653 422.934 33.979 27.6286 24.5005 226.25 20.8738 18.2827 285.723 12.0188 18.2814 11.0347 10.2579 9.85152 8.04551 5.51356 5.16702 4.83947 3.40664 2.2779 2.54611 1.99043 1.72637 1.50481 2.60267 1.42603 0.937158 0.831004
threshold=3985955691713.0005 56.500000000000007 1818756050482.5002 1861025330344.5002 507703113266.50006 3985955706084.5005 4200993.0000000009 4200985.0000000009 251391422769.50003 4200993.0000000009 4200985.0000000009 4201048.0000000009 1.9690143438181578 3985955694497.5005 1514623709106.0002 3399813431033.5005 330364825549.00006 1861025347675.5002 4179354223176.5005 1861025328962.5002 1861025334367.5002 643953703719.50012 2946978529348.5005 4200962.0000000009 1861025320697.5002 4201032.5000000009 3985955698312.5005 858533846337.00012 1325782932673.0002 4200977.5000000009
decision_type=2 2 2 2 2 2 2 2 2 2 2 2 2 2 2 2 2 2 2 2 2 2 2 2 2 2 2 2 2 2
left_child=1 11 4 19 8 13 7 -6 -3 10 -5 21 20 23 -14 -11 -10 -16 -7 24 -13 -1 27 -2 -4 -15 -27 -23 -8 -21
right_child=5 2 3 9 6 18 28 -9 16 15 -12 12 14 25 17 -17 -18 -19 -20 29 -22 22 -24 -25 -26 26 -28 -29 -30 -31
leaf_value=-0.009791454355452511 -0.005657254450275935 0.0093919380012513036 -0.01641228143304356 0.0070333118978379286 0.0090393243318308402 -0.0072129458875814503 0.0094012293452908572 -0.018098559613622278 -0.016853846341849731 0.0088905843567248719 -0.031303623135595572 -0.0027472380742153972 -0.019864054177306779 -0.021353149154522067 -0.0019140496639436671 0.0025213158702987954 -0.0016987777565560522 -0.014880994420519249 0.0079789182542004504 -0.015639974000471516 0.0097798661178289479 -0.015083652360980396 -0.011482173241108673 -0.01382793013583666 -0.020967085867105103 -0.012364467662767513 -0.020394421481945261 -0.019256362726301681 0.010880664901271797 -0.0094441502435264786
leaf_weight=4.3144174814224234 3.8523207306861904 6.6370053961873081 9.5737680494785291 213.85811936110258 216.86673252284527 6.6419506669044477 92.477623641490936 35.791283831000328 10.424517422914503 144.90521145612001 21.384579136967659 4.4869886040687543 12.718991696834566 76.622540473937988 7.8326507657766324 29.17326383292675 5.2758366912603369 5.6404862105846405 3.3771589770913124 4.2276277989149076 4.2054406255483627 10.888636499643324 6.4240784496068946 13.188864424824713 63.610212042927742 5.4199590086936977 15.812089309096335 33.048078924417496 79.735075794160366 4.4363428950309753
leaf_count=19 24 88 41 2508 2795 43 1204 157 45 1715 118 31 51 310 48 331 45 30 43 19 29 45 27 64 258 24 64 133 1073 25
internal_value=0 0.00222338 0.00375639 0.00121689 0.00654552 -0.0180183 0.00717755 0.005195 -0.00547609 0.00536636 0.00354832 -0.0138389 -0.00925272 -0.0194071 -0.0134231 0.00782318 -0.0117612 -0.00734262 -0.0020922 -0.0195346 0.00331344 -0.0167651 -0.0173625 -0.0119809 -0.0203712 -0.0207004 -0.0183446 -0.0182223 0.0100862 -0.0124674
internal_weight=0 1027.94 938.377 491.169 447.208 124.915 424.871 252.658 22.3374 409.321 235.243 89.5598 34.8846 114.896 26.1921 174.078 15.7004 13.4731 10.0191 81.848 8.69243 54.6752 50.3608 17.0412 73.184 97.8546 21.232 43.9367 172.213 8.66397
internal_count=11407 10835 10422 5015 5407 572 5229 2952 178 4672 2626 413 189 486 129 2046 90 78 86 343 60 224 205 88 299 398 88 178 2277 44
is_linear=0
shrinkage=0.01


Tree=59
num_leaves=31
num_cat=0
split_feature=1 2 1 1 1 1 0 0 1 0 0 1 0 1 1 1 1 1 1 1 2 1 1 0 0 1 0 1 0 1
split_gain=446.839 252.07 62.7151 419.605 33.5503 25.4293 24.3853 222.067 20.4322 18.547 81.5594 17.1136 11.0591 16.6696 13.1331 13.3564 7.82724 5.06352 4.78044 3.09889 2.27278 3.8805 2.36955 2.16523 3.06325 1.71711 1.48506 2.56348 1.47522 0.942989
threshold=3985955690461.5005 56.500000000000007 1818756050482.5002 1861025330344.5002 507703113266.50006 3985955706084.5005 4200993.0000000009 4200985.0000000009 251391422769.50003 4200970.0000000009 4200977.5000000009 3985955694497.5005 4201048.0000000009 1514623709106.0002 1514623739995.5002 1861025332985.5002 330364825549.00006 4179354223176.5005 1861025328962.5002 3399813435297.5005 49.500000000000007 858533846337.00012 2384994529348.5005 4200962.0000000009 4200993.0000000009 1861025326215.5002 4201032.5000000009 3985955698312.5005 4201032.5000000009 1325782932673.0002
decision_type=2 2 2 2 2 2 2 2 2 2 2 2 2 2 2 2 2 2 2 2 2 2 2 2 2 2 2 2 2 2
left_child=1 12 4 18 8 11 7 -6 -3 19 -11 23 20 -14 -15 -16 -10 -7 25 -5 21 -1 -23 -2 -25 -4 -13 -28 -26 -8
right_child=5 2 3 9 6 17 29 -9 16 10 -12 26 13 14 15 -17 -18 -19 -20 -21 -22 22 -24 24 28 -27 27 -29 -30 -31
leaf_value=-0.0054580786690910975 -0.0047524652542209264 0.0093716691939226653 -0.021085326889429611 0.0089216647711712459 0.0090167154940437796 -0.0071089441109996121 0.0093807639199982723 -0.017822567040344826 -0.016610409962369892 -0.030903982643578576 0.0048091080514651788 -0.021102290470005544 -0.018114573626803371 0.0097464949892355057 -0.02226814458227382 -0.0023555081240406932 -0.001679699400715286 0.0079518022601980428 -0.012280647793555697 0.0047392471548018166 -0.017947683956551996 -0.019827435838540155 -0.011005207610906495 -0.016973258557400769 -0.004450775957323092 -0.017699241089384716 -0.012194558289127432 -0.020150658907023573 -0.012185473337634643 0.010871135964513834
leaf_weight=4.400297254323962 4.6757515221834209 6.5851065739989307 52.394899681210518 127.39059414714575 215.24454338848591 6.6715787500143033 91.756201207637787 35.981107518076897 10.471284508705137 6.5642159432172766 247.59974510222673 76.75738088786602 13.336282536387442 5.3232417404651668 4.8347074389457694 11.107009276747702 5.28237011283636 3.3549002557992935 8.7075679749250394 20.576882973313332 37.609831407666206 7.7229415625333768 5.0255689024925232 8.0574590563774127 4.5114416852593404 20.970262601971626 5.4404176771640804 15.843174710869787 5.4383858516812325 79.010545887053013
leaf_count=20 31 88 214 1591 2795 43 1204 157 45 30 2771 310 54 45 22 66 45 43 44 238 152 31 21 45 26 85 24 64 30 1073
internal_value=0 0.00226566 0.00380942 0.00131984 0.00652241 -0.0173723 0.00715463 0.00517273 -0.0054207 0.00552538 0.00388676 -0.0186432 -0.0137755 -0.00934997 -0.00385327 -0.00839449 -0.011604 -0.00206956 -0.019286 0.00834004 -0.016572 -0.0135549 -0.0163496 -0.0108156 -0.01239 -0.0201175 -0.0204542 -0.018117 -0.00867841 0.0100703
internal_weight=0 1017.9 928.535 484.204 444.331 130.75 421.992 251.226 22.3388 402.131 254.164 120.724 89.3599 34.6012 21.265 15.9417 15.7537 10.0265 82.0727 147.967 54.7586 17.1488 12.7485 22.683 18.0073 73.3652 98.041 21.2836 9.94983 170.767
internal_count=11407 10791 10380 4973 5407 616 5229 2952 178 4630 2801 530 411 187 133 88 90 86 343 1829 224 72 52 132 101 299 398 88 56 2277
is_linear=0
shrinkage=0.01


Tree=60
num_leaves=31
num_cat=0
split_feature=1 2 1 1 1 1 0 0 1 0 0 1 0 12 1 1 1 1 1 1 0 1 2 1 1 0 0 1 0 1
split_gain=437.325 247.308 62.054 411.002 33.1276 24.8185 24.2697 217.996 20.0029 18.4388 81.197 16.9231 10.8019 16.4884 9.87922 7.61755 5.35894 4.96249 4.7287 3.45155 3.10005 3.09384 2.22942 3.80094 2.32839 2.09805 2.95485 1.76279 1.46668 2.5264
threshold=3985955690461.5005 56.500000000000007 1818756050482.5002 1861025330344.5002 507703113266.50006 3985955706084.5005 4200993.0000000009 4200985.0000000009 251391422769.50003 4200970.0000000009 4200993.0000000009 3985955694497.5005 4201048.0000000009 1.9690143438181578 1514623709106.0002 330364825549.00006 1861025347675.5002 4179354223176.5005 1861025328962.5002 1861025323500.5002 4200993.0000000009 3399813435297.5005 49.500000000000007 858533846337.00012 2384994529348.5005 4200962.0000000009 4200993.0000000009 1861025320697.5002 4201032.5000000009 3985955698312.5005
decision_type=2 2 2 2 2 2 2 2 2 2 2 2 2 2 2 2 2 2 2 2 2 2 2 2 2 2 2 2 2 2
left_child=1 12 4 18 8 11 7 -6 -3 21 -11 25 22 19 -15 -10 -16 -7 27 -14 -20 -5 23 -1 -25 -2 -27 -4 -13 -30
right_child=5 2 3 9 6 17 -8 -9 15 10 -12 28 13 14 16 -17 -18 -19 20 -21 -22 -23 -24 24 -26 26 -28 -29 29 -31
leaf_value=-0.0053935493714097086 -0.0046910422239752362 0.0093514084840150488 -0.015888903325977893 0.0088980358424365219 0.0089941071800125148 -0.0070070055842059945 0.010054494374794585 -0.017554794631414065 -0.016373678412199926 -0.0042769863559346177 0.0078000839987622242 -0.020859427580487689 0.012011071517351115 -0.019469024517108764 -0.0018363399677227108 -0.0016608600188265962 -0.01458598045068565 0.0079246783882320655 -0.017349151720285668 -0.0015909227425348934 -0.0053543389567041943 0.0047099739571929457 -0.017746740508081924 -0.019610642897657925 -0.010872468480064899 -0.016677282709446337 -0.0085550936003906102 -0.020471931825833917 -0.0120284279583455 -0.01991431524485171
leaf_weight=4.4083725512027767 4.6895344704389599 6.533638238906863 9.6621334999799711 126.45628047734499 213.63581846654415 6.7008028626441938 169.33259292691946 36.163716897368431 10.51622289419174 82.614017173647881 170.68626947700977 76.873938843607903 2.8089038506150228 12.72883912920952 7.842454642057417 5.2888344526290885 5.6876365691423416 3.3328301757574081 4.9184774756431562 5.5548961758613586 3.8344653993844986 20.498120084404945 37.655091121792793 7.7301964014768583 5.0360024571418762 8.1181431114673632 9.9920656681060773 63.873982444405556 5.4603012800216701 15.870748072862623
leaf_count=20 31 88 41 1591 2795 43 2277 157 45 769 2032 310 23 51 48 45 30 43 22 35 22 238 152 31 21 45 56 258 24 64
internal_value=0 0.00225307 0.00379006 0.00131134 0.0064994 -0.0171606 0.00713181 0.0051506 -0.00536623 0.00549597 0.00386114 -0.0184137 -0.0136235 -0.00925053 -0.0131452 -0.0114503 -0.0071959 -0.00204721 -0.0190427 0.00297718 -0.0120945 0.00831386 -0.0163849 -0.0133992 -0.0161636 -0.0106523 -0.012196 -0.0198698 -0.0202157 -0.0178957
internal_weight=0 1013.47 924.015 482.544 441.471 131.038 419.132 249.8 22.3387 400.255 253.3 121.005 89.4524 34.6227 26.2589 15.8051 13.5301 10.0336 82.2891 8.3638 8.75294 146.954 54.8297 17.1746 12.7662 22.7997 18.1102 73.5361 98.205 21.331
internal_count=11407 10791 10380 4973 5407 616 5229 2952 178 4630 2801 530 411 187 129 90 78 86 343 58 44 1829 224 72 52 132 101 299 398 88
is_linear=0
shrinkage=0.01


Tree=61
num_leaves=31
num_cat=0
split_feature=1 2 1 1 1 1 0 0 1 0 0 0 12 1 1 1 1 1 1 1 1 1 1 0 1 1 2 1 1 0
split_gain=428.227 238.931 64.3403 397.443 32.7109 25.7395 24.1533 214.032 19.5853 18.1256 276.507 11.2376 17.3233 10.5764 9.88035 9.73563 7.416 5.19321 4.86384 4.66908 3.38192 2.21831 2.5313 1.83192 1.75083 1.47442 1.49631 1.37083 0.957705 0.777472
threshold=3985955691713.0005 56.500000000000007 1818756050482.5002 1861025330344.5002 507703113266.50006 3985955706084.5005 4200993.0000000009 4200985.0000000009 251391422769.50003 4200993.0000000009 4200985.0000000009 4201048.0000000009 1.9690143438181578 3985955694497.5005 3399813431033.5005 1514623709106.0002 330364825549.00006 1861025347675.5002 4179354223176.5005 1861025328962.5002 1861025334367.5002 643953703719.50012 2946978529348.5005 4200962.0000000009 1861025320697.5002 3985955695784.5005 52.500000000000007 858533846337.00012 1325782932673.0002 4200977.5000000009
decision_type=2 2 2 2 2 2 2 2 2 2 2 2 2 2 2 2 2 2 2 2 2 2 2 2 2 2 2 2 2 2
left_child=1 11 4 19 8 13 7 -6 -3 10 -5 21 20 23 -11 -14 -10 -17 -7 24 -13 -1 27 -2 -4 -15 -27 -23 -8 -21
right_child=5 2 3 9 6 18 28 -9 16 14 -12 12 15 25 -16 17 -18 -19 -20 29 -22 22 -24 -25 -26 26 -28 -29 -30 -31
leaf_value=-0.0093514118968907843 -0.005456250072500171 0.0093311549324241478 -0.015671719802817979 0.0069638668590547882 0.0089714977593363353 -0.0069070704528734666 0.0093383450058961131 -0.017294851210637566 -0.016143356006111175 0.0088308673395735404 -0.030502635945397094 -0.0027350802816787003 -0.019272036880091822 -0.016471980438635837 0.0024136935281584776 -0.0018162705877762322 -0.0016422547860045992 -0.014339505757264798 0.0078975454637701947 -0.014968203600776662 0.0097637167756224625 -0.01457971664206073 -0.010955732724362892 -0.013254716481350515 -0.020231316234616544 -0.015187763731188611 -0.020737912939099126 -0.018663589455961901 0.010853100003614211 -0.0090187747840484219
leaf_weight=4.3514716029167166 3.887138336896899 6.4825975298881557 9.6978919357061368 210.76296438276768 212.0404749661684 6.729629695415495 90.278746873140335 36.339292734861374 10.559378817677496 142.38792621344328 21.728660821914673 4.475786089897154 12.730347082018854 10.656085833907126 28.855252824723721 7.8497843220829946 5.2952308133244506 5.7273422479629517 3.310947559773922 4.2885735481977445 4.1928386837244034 10.931209757924078 6.4781485199928275 13.383153378963469 63.986730799078941 5.161258175969123 82.529928341507912 33.131456732749939 77.631786204874516 4.5027088820934296
leaf_count=19 24 88 41 2508 2795 43 1204 157 45 1715 118 31 51 44 331 48 45 30 43 19 29 45 27 64 258 21 333 133 1073 25
internal_value=0 0.00218687 0.00369951 0.0011943 0.00647649 -0.0173832 0.00710907 0.00512859 -0.00531265 0.0052807 0.00346225 -0.0133798 -0.00894978 -0.018717 0.00774954 -0.0129896 -0.0113002 -0.00709904 -0.00202515 -0.0188094 0.00331034 -0.0162025 -0.0167923 -0.0114995 -0.0196312 -0.0199844 -0.0204112 -0.0176504 0.0100387 -0.011921
internal_weight=0 1014.71 924.838 486.211 438.628 125.658 416.29 248.38 22.3372 403.735 232.492 89.8684 34.9761 115.618 171.243 26.3075 15.8546 13.5771 10.0406 82.4759 8.66862 54.8923 50.5408 17.2703 73.6846 98.3473 87.6912 44.0627 167.911 8.79128
internal_count=11407 10835 10422 5015 5407 572 5229 2952 178 4672 2626 413 189 486 2046 129 90 78 86 343 60 224 205 88 299 398 354 178 2277 44
is_linear=0
shrinkage=0.01


Tree=62
num_leaves=21
num_cat=0
split_feature=2 0 0 0 0 0 12 12 2 2 12 2 12 2 0 0 0 0 0 12
split_gain=200.092 27.4005 177.366 73.0294 286.584 10.5471 13.3212 2.66018 4.17968 2.22747 1.12754 0.501722 0.464346 0.45888 0.248123 1.17003 0.526783 0.215412 0.181252 0.158099
threshold=56.500000000000007 4200970.0000000009 4200977.5000000009 4200993.0000000009 4200985.0000000009 4201048.0000000009 1.9690143438181578 2.8983726292905869 51.500000000000007 49.500000000000007 2.9006279862112208 50.500000000000007 2.8974253360442215 51.500000000000007 4201048.0000000009 4201072.0000000009 4201032.5000000009 4200962.0000000009 4200939.5000000009 1.9657402510146069
decision_type=2 2 2 2 2 2 2 2 2 2 2 2 2 2 2 2 2 2 2 2
left_child=5 17 -3 4 -4 9 13 12 10 -1 -9 -11 -8 -7 16 -16 -5 18 -2 -13
right_child=1 2 3 14 -6 6 7 8 -10 11 -12 19 -14 -15 15 -17 -18 -19 -20 -21
leaf_value=-0.013325074906107071 0.0033015328302422311 -0.036753529659426895 0.0041836156513166975 0.0028885588581678205 -0.021637351917941052 0.0026933912852274405 -0.014993946614446606 -0.016431195969152993 -0.0023649798887151749 -0.016241328258621145 -0.010243429769640319 -0.017499124229348663 -0.018918655189710622 -0.0015980543981596537 -0.00098755006025185691 0.0032927540749468514 0.0036514821624629747 0.0030684877916836444 0.0038263631309586846 -0.019158192158052131
leaf_weight=17.982330426573753 131.52412828058004 12.832053840160368 131.09806999564171 260.83851586282253 63.952492989599705 4.0520611330866814 7.9396985173225421 6.3477851599454898 4.6418652907013884 17.11894328892231 5.4933036118745804 9.6607271432876587 4.8597611337900162 6.4704983904957754 8.3682465702295286 26.964068681001663 138.59246305376291 131.50645736604929 131.68792944401503 14.166722372174263
leaf_count=75 1446 68 1416 2896 298 28 36 28 27 69 29 39 21 40 77 296 1526 1465 1470 57
internal_value=0 0.00132524 5.15297e-05 0.000801409 -0.00428247 -0.0135726 -0.00959588 -0.0130637 -0.0104077 -0.0162589 -0.0135606 -0.0175473 -0.0164841 5.45093e-05 0.00308222 0.00227899 0.00315327 0.00339899 0.00356411 -0.0184855
internal_weight=0 1037.36 642.646 629.814 195.051 98.7337 39.805 29.2824 16.483 58.9287 11.8411 40.9464 12.7995 10.5226 434.763 35.3323 399.431 394.719 263.212 23.8274
internal_count=11407 10958 6577 6509 1714 449 209 141 84 240 57 165 57 68 4795 373 4422 4381 2916 96
is_linear=0
shrinkage=0.01


Tree=63
num_leaves=31
num_cat=0
split_feature=1 2 1 1 1 0 0 1 1 0 0 1 0 1 1 1 1 1 1 1 1 1 0 0 1 0 1 0 1 1
split_gain=420.264 233.89 60.9469 395.322 32.4655 23.8112 205.955 23.5838 19.215 18.1181 78.1136 16.3145 10.1582 15.6161 12.596 13.0595 7.21181 4.77962 4.60916 3.11726 2.20426 2.51517 1.97315 2.85975 1.73813 1.47852 2.51592 1.41831 1.36638 0.966632
threshold=3985955690461.5005 56.500000000000007 1818756050482.5002 1861025330344.5002 507703113266.50006 4200993.0000000009 4200985.0000000009 3985955706084.5005 251391422769.50003 4200970.0000000009 4200993.0000000009 3985955694497.5005 4201048.0000000009 1514623709106.0002 1514623739995.5002 1861025332985.5002 330364825549.00006 4179354223176.5005 1861025328962.5002 3399813435297.5005 643953703719.50012 2946978529348.5005 4200962.0000000009 4200993.0000000009 1861025320697.5002 4201032.5000000009 3985955698312.5005 4201032.5000000009 858533846337.00012 1325782932673.0002
decision_type=2 2 2 2 2 2 2 2 2 2 2 2 2 2 2 2 2 2 2 2 2 2 2 2 2 2 2 2 2 2
left_child=1 12 4 18 8 6 -6 11 -3 19 -11 22 20 -14 -15 -16 -10 -9 24 -5 -1 28 -2 -24 -4 -13 -27 -25 -22 -7
right_child=7 2 3 9 5 29 -8 17 16 10 -12 25 13 14 15 -17 -18 -19 -20 -21 21 -23 23 27 -26 26 -28 -29 -30 -31
leaf_value=-0.0090373334567025194 -0.0046338702201844037 0.009305687924766895 -0.015491849175237703 0.0088468044430841143 0.0089415452311681683 0.0093110311478894411 -0.0167314445377569 -0.0068589235797769793 -0.015959562432008429 -0.0041243066370659177 0.0077316828878983938 -0.020419554504881435 -0.017430120876267177 0.0097312965459859287 -0.02168638319704214 -0.0021024852031195237 -0.0016611290309042886 0.0078585511185295751 -0.011782502780357283 0.0046159940007023618 -0.014227779641818546 -0.010630107444572767 -0.016288762935337379 -0.0042015378741558319 -0.020028931571786434 -0.011623720291057729 -0.019465561475956232 -0.011743044376114474 -0.018300386714708496 0.010841332260623053
leaf_weight=4.3791850805282584 4.7015179991722134 6.4176765382289913 9.7254964560270292 124.45683747529984 209.90737863630056 89.34013432264328 36.713001221418381 6.7435776442289335 10.592600539326666 83.014587290585041 168.10116214305162 77.013445243239403 13.339358702301977 5.2973274290561703 4.8880429267883327 11.223702773451803 5.2887398153543463 3.2798350378870964 8.821104168891905 20.24843892455101 10.961209356784819 6.5100200027227393 8.1844825893640536 4.5561683699488622 64.060654863715172 5.5073186755180386 15.912107452750204 5.5090826898813248 33.160511896014214 76.725765496492386
leaf_count=19 31 88 41 1591 2795 1204 157 43 45 769 2032 310 54 45 22 66 45 43 44 238 45 27 45 26 258 24 64 30 133 1073
internal_value=0 0.00223312 0.00374677 0.00128373 0.00645579 0.00709084 0.00511975 -0.0167856 -0.00529699 0.00543639 0.00381229 -0.0180029 -0.0131701 -0.00893734 -0.00364573 -0.00804392 -0.011198 -0.00204311 -0.0186142 0.00825479 -0.0158438 -0.0164325 -0.0104107 -0.0118989 -0.0194309 -0.0197732 -0.0174493 -0.00832928 -0.0172886 0.0100181
internal_weight=0 1003.17 913.414 478.428 434.985 412.686 246.62 131.408 22.299 395.821 251.116 121.384 89.7594 34.7484 21.4091 16.1117 15.8813 10.0234 82.6073 144.705 55.0109 50.6317 22.9513 18.2497 73.7862 98.4329 21.4194 10.0653 44.1217 166.066
internal_count=11407 10791 10380 4973 5407 5229 2952 616 178 4630 2801 530 411 187 133 88 90 86 343 1829 224 205 132 101 299 398 88 56 178 2277
is_linear=0
shrinkage=0.01


Tree=64
num_leaves=31
num_cat=0
split_feature=1 12 1 1 1 0 0 1 1 0 0 1 0 1 1 1 1 1 1 1 0 12 1 1 0 0 1 1 12 0
split_gain=411.52 228.959 60.3512 387.335 32.0582 23.6948 202.306 23.0454 18.8179 18.0366 76.9807 16.1571 10.1389 15.5149 12.1895 12.8832 7.0252 4.68495 4.56787 3.11177 2.96716 2.01933 6.37445 5.8052 1.91381 2.76249 1.72814 1.47247 1.4005 1.37455
threshold=3985955690461.5005 1.4814014859090314 1818756050482.5002 1861025330344.5002 507703113266.50006 4200993.0000000009 4200985.0000000009 3985955706084.5005 251391422769.50003 4200970.0000000009 4200993.0000000009 3985955694497.5005 4201048.0000000009 1514623709106.0002 1514623739995.5002 1861025332985.5002 330364825549.00006 4179354223176.5005 1861025328962.5002 3399813435297.5005 4200993.0000000009 1.9663941833800986 858533846337.00012 2620873597308.0005 4200962.0000000009 4200993.0000000009 1861025320697.5002 3985955695784.5005 1.9650867611471623 4201032.5000000009
decision_type=2 2 2 2 2 2 2 2 2 2 2 2 2 2 2 2 2 2 2 2 2 2 2 2 2 2 2 2 2 2
left_child=1 2 4 18 8 6 -6 11 -1 19 -11 24 21 -14 -15 -16 -10 -9 26 -5 -20 -3 -23 -24 -2 -26 -4 -13 -29 -27
right_child=7 12 3 9 5 -7 -8 17 16 10 -12 27 13 14 15 -17 -18 -19 20 -21 -22 22 23 -25 25 29 -28 28 -30 -31
leaf_value=0.0092854404679284536 -0.0045743858770709222 -0.0180554605827754 -0.015284808570111403 0.0088231746568408036 0.0089189237771401669 0.010002360179904055 -0.01649469093702537 -0.00676186832702375 -0.015740205697056336 -0.0040715096417614236 0.0077007338000689776 -0.016054085415659881 -0.017255576655097544 0.0097023808083788205 -0.021320589406090044 -0.0019481789900110424 -0.0016425210580139646 0.0078313944000819799 -0.016717367296147239 0.0045870939813700256 -0.0050561396417044581 -0.0057838323347726194 -0.018783376964271913 -0.0070782312264027368 -0.016014168502888285 -0.0041506873154355415 -0.019801793956936053 -0.020336185520389086 -0.015479276700720461 -0.011561393086323377
leaf_weight=6.3676052987575558 4.7149616777896908 21.610958695411682 9.7584930360317212 123.54681906104088 208.34322514384985 164.67034506797791 36.866771474480629 6.7718236446380597 10.632613852620123 83.248969756066799 166.93110460788012 10.707092881202696 13.33954383432865 5.2601702511310604 4.9220135360956219 11.346337348222731 5.2951371744275084 3.2584039941430092 4.9803206473588926 20.172631099820137 3.883392408490181 7.1803163290023795 20.951755657792095 5.3111119270324698 8.2412843704223651 4.5658176988363248 64.147063449025154 81.423364669084549 6.4038855731487265 5.5395297706127167
leaf_count=88 31 87 41 1591 2795 2277 157 43 45 769 2031 44 54 45 22 67 45 43 22 238 22 31 84 22 45 26 258 328 26 30
internal_value=0 0.00222081 0.00372685 0.00127316 0.00643315 0.00706836 0.00509804 -0.01659 -0.00524463 0.00540532 0.00378345 -0.0177917 -0.0130007 -0.0087814 -0.00353061 -0.00780933 -0.0110535 -0.00202112 -0.0183918 0.00822859 -0.0116083 -0.015673 -0.0141335 -0.0164163 -0.0102569 -0.0117173 -0.0192054 -0.0195552 -0.019982 -0.00821307
internal_weight=0 998.767 908.844 476.669 432.176 409.88 245.21 131.626 22.2954 393.9 250.18 121.596 89.9222 34.8681 21.5285 16.2684 15.9278 10.0302 82.7693 143.719 8.86371 55.0541 33.4432 26.2629 23.0616 18.3466 73.9056 98.5343 87.8273 10.1053
internal_count=11407 10791 10379 4972 5407 5229 2952 616 178 4629 2800 530 412 188 134 89 90 86 343 1829 44 224 137 106 132 101 299 398 354 56
is_linear=0
shrinkage=0.01


Tree=65
num_leaves=31
num_cat=0
split_feature=1 12 1 1 1 1 0 0 1 0 0 0 12 1 1 1 1 1 1 1 0 0 1 12 1 1 0 0 1 1
split_gain=403.129 221.192 62.5672 374.58 31.6565 23.9409 23.5778 198.747 18.4313 17.5369 260.416 10.562 16.1677 10.1481 9.94753 9.528 6.84551 4.7086 4.59248 4.53037 4.27835 3.81293 3.29147 1.98734 2.88822 2.2845 1.67489 1.48548 2.50694 0.981749
threshold=3985955691713.0005 1.4814014859090314 1818756050482.5002 1861025330344.5002 507703113266.50006 3985955706084.5005 4200993.0000000009 4200985.0000000009 251391422769.50003 4200993.0000000009 4200985.0000000009 4201048.0000000009 1.9690143438181578 3985955694497.5005 3399813431033.5005 1514623709106.0002 330364825549.00006 1861025347675.5002 4179354223176.5005 1861025326215.5002 4201032.5000000009 4201032.5000000009 1861025334367.5002 1.967048558543266 858533846337.00012 2384994529348.5005 4200962.0000000009 4201032.5000000009 3985955698312.5005 1325782932673.0002
decision_type=2 2 2 2 2 2 2 2 2 2 2 2 2 2 2 2 2 2 2 2 2 2 2 2 2 2 2 2 2 2
left_child=1 2 4 19 8 13 7 -6 -1 10 -5 23 22 26 -11 -14 -10 -17 -7 20 -4 -21 -13 -3 -25 -26 -2 -15 -29 -8
right_child=5 11 3 9 6 18 29 -9 16 14 -12 12 15 27 -16 17 -18 -19 -20 21 -22 -23 -24 24 25 -27 -28 28 -30 -31
leaf_value=0.0092651945917865217 -0.0053087580857707189 -0.016821388406473195 -0.021279594854148098 0.0068932728710114442 0.0088962967192817884 -0.0066666794281992209 0.0092686065054574229 -0.01626435511154908 -0.015526509528869858 0.0087522870461391022 -0.028998457991087356 -0.0025854669931197937 -0.018615765958017109 -0.01998981510496127 0.0022587321832913793 -0.0015673340737951907 -0.0016241446800470544 -0.013364442102237337 0.0078042265528804099 -0.013328305932178685 -0.013903565495143311 -0.022340809671079129 0.0097472239069785402 -0.0062949376003603201 -0.018689015278989547 -0.010064860018423596 -0.012735857975461564 -0.011230686637495253 -0.019032482455936389 0.010823980465065084
leaf_weight=6.3179531693458584 3.9129511415958431 37.269838079810143 43.262242943048477 207.55176749825478 206.79218057543039 6.79968713223934 87.902461275458336 37.014237001538277 10.670969069004057 139.12478089332581 22.396683037281036 4.4871213957667333 12.715065598487856 77.126132756471634 28.408393695950508 7.8990351706743223 5.3014668300747863 5.918160192668438 3.2371562942862511 24.213101923465732 9.6107007861137372 5.8232380151748648 4.1801026463508606 4.977938354015353 7.7441384792327863 5.0906404852867126 13.553073868155478 5.5529595464468029 15.945499047636984 75.384208828210831
leaf_count=88 24 150 175 2508 2795 43 1204 157 45 1714 118 31 51 310 331 48 45 31 43 103 39 26 29 22 31 21 64 24 64 1073
internal_value=0 0.00215525 0.00363676 0.00115745 0.0064106 -0.0168166 0.00704596 0.00507645 -0.0051931 0.00519035 0.00339746 -0.012774 -0.00849532 -0.0180976 0.00765118 -0.0123689 -0.0109121 -0.00662025 -0.00199942 -0.018177 -0.0199389 -0.0150756 0.00336245 -0.0155082 -0.0127607 -0.0152684 -0.0110719 -0.0193419 -0.0170173 0.00998667
internal_weight=0 1000.06 909.774 480.391 429.383 126.127 407.093 243.806 22.2904 397.482 229.948 90.282 35.1995 116.091 167.533 26.5323 15.9724 13.8172 10.0368 82.9093 52.8729 30.0363 8.66722 55.0826 17.8127 12.8348 17.466 98.6246 21.4985 163.287
internal_count=11407 10835 10421 5014 5407 572 5229 2952 178 4671 2626 414 190 486 2045 130 90 79 86 343 214 129 60 224 74 52 88 398 88 2277
is_linear=0
shrinkage=0.01


Tree=66
num_leaves=31
num_cat=0
split_feature=1 12 1 1 1 0 0 1 1 0 0 1 0 1 1 1 1 1 1 1 0 1 1 12 0 0 1 1 12 0
split_gain=395.142 220.631 59.0332 372.187 31.2603 23.4607 195.275 22.0634 18.0549 17.8696 76.4912 15.6498 9.71817 14.9165 11.9236 12.5299 6.67242 4.5539 4.50215 3.1252 2.91329 1.96962 3.12455 6.08159 1.82392 2.71278 1.76575 1.4814 1.33975 1.33387
threshold=3985955690461.5005 1.4814014859090314 1818756050482.5002 1861025330344.5002 507703113266.50006 4200993.0000000009 4200985.0000000009 3985955706084.5005 251391422769.50003 4200970.0000000009 4200977.5000000009 3985955694497.5005 4201048.0000000009 1514623709106.0002 1514623739995.5002 1861025332985.5002 330364825549.00006 1861025328962.5002 4179354223176.5005 3399813435297.5005 4200993.0000000009 2946978529348.5005 858533846337.00012 1.9663941833800986 4200962.0000000009 4200993.0000000009 1861025320697.5002 3985955695784.5005 1.9650867611471623 4201032.5000000009
decision_type=2 2 2 2 2 2 2 2 2 2 2 2 2 2 2 2 2 2 2 2 2 2 2 2 2 2 2 2 2 2
left_child=1 2 4 17 8 6 -6 11 -1 19 -11 24 21 -14 -15 -16 -10 26 -9 -5 -19 22 23 -3 -2 -26 -4 -13 -29 -27
right_child=7 12 3 9 5 -7 -8 18 16 10 -12 27 13 14 15 -17 -18 20 -20 -21 -22 -23 -24 -25 25 29 -28 28 -30 -31
leaf_value=0.0092449493120984258 -0.0044759971775390076 -0.01820982319902854 -0.014829165827429516 0.0087810303943393255 0.0088736634038042612 0.0099710450027928957 -0.016040161183753187 -0.0065733061340427284 -0.015318236228674502 -0.029565176275526264 0.0046571724934631265 -0.015633136046504192 -0.016916971166624179 0.0096793452834314786 -0.020935776030001713 -0.0018853110461275781 -0.0016059962807274686 -0.016271071095162182 0.0077770476007471244 0.0045148181058088819 -0.0047769720056689106 -0.010197451283442604 -0.017768108384528788 -0.0056132992587706754 -0.01567272380466693 -0.0039811964269491516 -0.019380257930624784 -0.019910562053512892 -0.015158250178405493 -0.011253879010158714
leaf_weight=6.2687178179621723 4.7363909706473377 8.1926960051059705 9.8286877125501615 121.94289229810238 205.25415394455194 161.9140852689743 37.155552819371223 6.8271742761135084 10.707708522677423 6.712640091776847 241.6031266450882 10.755615353584288 13.329661473631857 5.230869390070441 4.9576449096202877 11.372023701667784 5.3077300116419783 5.0245490074157697 3.2160904631018639 19.985002458095551 3.9297938495874405 6.5483042299747458 33.166021823883057 7.2022110223770133 8.3052568286657351 4.5957004353404027 64.275648683309555 81.533625438809395 6.3976549804210654 5.5886218845844269
leaf_count=88 31 33 41 1591 2795 2277 157 43 45 30 2770 44 54 45 22 67 45 22 43 238 22 27 133 31 45 26 258 328 26 30
internal_value=0 0.0021974 0.00369039 0.00125878 0.00638815 0.00702365 0.00505498 -0.0162245 -0.00514237 0.00534984 0.00373205 -0.0173981 -0.012731 -0.00860121 -0.00346005 -0.00766898 -0.0107738 -0.0179627 -0.00197798 0.0081803 -0.0112267 -0.0153457 -0.0160399 -0.0123168 -0.0100128 -0.0114311 -0.0187766 -0.0191363 -0.0195648 -0.00797206
internal_weight=0 989.91 899.91 473.302 426.608 404.324 242.41 131.956 22.2842 390.244 248.316 121.913 89.9994 34.8902 21.5605 16.3297 16.0154 83.0587 10.0433 141.928 8.95434 55.1092 48.5609 15.3949 23.226 18.4896 74.1043 98.6869 87.9313 10.1843
internal_count=11407 10791 10379 4972 5407 5229 2952 616 178 4629 2800 530 412 188 134 89 90 343 86 1829 44 224 197 64 132 101 299 398 354 56
is_linear=0
shrinkage=0.01


Tree=67
num_leaves=31
num_cat=0
split_feature=1 2 1 1 1 0 0 1 0 0 1 1 0 14 1 1 1 1 1 1 1 2 1 1 0 0 1 0 1 0
split_gain=387.075 217.183 58.3562 364.986 30.8696 23.3431 191.885 21.5799 17.7359 74.9982 17.6883 15.5136 9.3152 14.7269 8.95738 6.50558 4.91118 4.50514 4.41389 3.36038 3.11933 2.14556 3.49791 2.25006 1.7706 2.62355 1.75689 1.49395 2.50022 1.29378
threshold=3985955690461.5005 56.500000000000007 1818756050482.5002 1861025330344.5002 507703113266.50006 4200993.0000000009 4200985.0000000009 3985955706084.5005 4200970.0000000009 4200993.0000000009 251391422769.50003 3985955694497.5005 4201048.0000000009 1.992161902485347 1514623709106.0002 330364825549.00006 1861025347675.5002 1861025328962.5002 4179354223176.5005 1861025323500.5002 3399813435297.5005 49.500000000000007 858533846337.00012 2384994529348.5005 4200962.0000000009 4200993.0000000009 1861025320697.5002 4201032.5000000009 3985955698312.5005 4201032.5000000009
decision_type=2 2 2 2 2 2 2 2 2 2 2 2 2 2 2 2 2 2 2 2 2 2 2 2 2 2 2 2 2 2
left_child=1 12 4 17 10 6 -6 11 20 -10 -3 24 21 19 -15 -12 -16 26 -9 -14 -5 22 -1 -24 -2 -26 -4 -13 -29 -27
right_child=7 2 3 8 5 -7 -8 18 9 -11 15 27 13 14 16 -17 -18 -19 -20 -21 -22 -23 23 -25 25 29 -28 28 -30 -31
leaf_value=-0.0046834177888457427 -0.0044190526953919208 0.0092247028019707255 -0.014638299497143582 0.0087573885061992107 0.0088510212826277464 0.0099554263761528223 -0.015821840582726013 -0.0064816987935722324 -0.0040195173972817095 0.0076289372249445878 -0.015115162086388134 -0.019585010421155968 0.012036027462523045 -0.018287540626480383 -0.001498578166542327 -0.0015880725229500065 -0.013585957838613633 -0.011072994786715742 0.0077498569038372987 -0.0014561470982717081 0.0044862358166438401 -0.016524869190211899 -0.018331771724240199 -0.0097808817810486025 -0.015416212360931221 -0.0039335676044154576 -0.019172050466971301 -0.010855570846669169 -0.01862357458954601 -0.011083960329994799
leaf_weight=4.4948225915432003 4.7493845373392132 6.2198966071009663 9.8571293503046018 121.05383945256472 203.72907873988152 160.55324990302324 37.290879726409912 6.8542899191379529 83.290896274149418 164.31578799337149 10.74287296831608 77.177279472351074 2.7612386047840101 12.69639039039612 7.9037596583366376 5.3139270916581145 5.8489121198654175 8.9876227974891645 3.1952054724097252 5.5690453052520752 19.911573246121407 37.780277445912361 7.7410649061202985 5.107832744717598 8.3587417900562304 4.6047875881195051 64.323690459132195 5.5955247879028347 15.966375455260275 5.6174072325229645
leaf_count=20 31 88 41 1591 2795 2277 157 43 769 2032 45 310 23 51 48 45 30 44 43 35 238 152 31 21 45 26 258 24 64 30
internal_value=0 0.00218542 0.00367279 0.00125319 0.00636578 0.0070014 0.00503361 -0.0160424 0.00532259 0.00371058 -0.00509243 -0.017202 -0.0126313 -0.00857889 -0.0122308 -0.0106384 -0.00663925 -0.0177595 -0.00195682 0.0030161 0.00815408 -0.0151882 -0.0122764 -0.0149325 -0.00986803 -0.0112608 -0.0185696 -0.0189348 -0.0166077 -0.00786293
internal_weight=0 985.494 895.59 471.741 423.85 401.573 241.02 132.119 388.572 247.607 22.2767 122.07 89.9033 34.7793 26.4491 16.0568 13.7527 83.1684 10.0495 8.33028 140.965 55.124 17.3437 12.8489 23.3303 18.5809 74.1808 98.7392 21.5619 10.2222
internal_count=11407 10791 10380 4973 5407 5229 2952 616 4630 2801 178 530 411 187 129 90 78 343 86 58 1829 224 72 52 132 101 299 398 88 56
is_linear=0
shrinkage=0.01


Tree=68
num_leaves=31
num_cat=0
split_feature=1 2 1 1 1 1 1 1 1 1 1 1 1 1 1 2 2 1 1 1 1 1 1 2 1 1 1 1 1 2
split_gain=379.371 209.756 60.5033 352.961 30.4842 22.4591 17.3312 16.4752 11.2975 67.6457 11.4326 9.89617 6.34467 4.82042 7.05918 5.65391 7.06893 4.69942 4.47076 4.32766 3.90655 1.74885 1.6667 1.42235 1.40843 0.587127 0.178649 0.164154 0.15179 0.076567
threshold=3985955691713.0005 56.500000000000007 1818756050482.5002 1861025330344.5002 507703113266.50006 3985955706084.5005 251391422769.50003 1514623741114.5002 3399813435297.5005 3399813436609.0005 2432589643821.5005 3985955695784.5005 330364825549.00006 701677501646.00012 1119808859462.5002 51.500000000000007 53.500000000000007 643953703719.50012 1861025328962.5002 4179354223176.5005 2946978529348.5005 1861025320697.5002 1514623739995.5002 52.500000000000007 3985955694497.5005 1818756047612.5002 3985955700886.0005 87670330574.000015 3985955699762.0005 51.500000000000007
decision_type=2 2 2 2 2 2 2 2 2 2 2 2 2 2 2 2 2 2 2 2 2 2 2 2 2 2 2 2 2 2
left_child=1 13 4 18 6 11 27 22 10 -10 -5 24 -8 17 -15 20 -17 -1 21 -7 -16 -4 -6 -13 -2 -9 28 -3 -25 -19
right_child=5 2 3 8 7 19 12 25 9 -11 -12 23 -14 14 15 16 -18 29 -20 -21 -22 -23 -24 26 -26 -27 -28 -29 -30 -31
leaf_value=-0.0087323213353770277 -0.010648457324229208 0.010814998764244285 -0.014451931087944514 0.0033945867055693185 0.0059839346613840393 -0.00639180957519508 -0.01491707550672175 0.011057556438337501 -0.040354701191300295 0.0038557162206080725 0.00722548082965941 -0.014073028374477761 -0.0015703705105003139 0.0010346930440170584 -0.014923064623309945 -0.0039654108601184729 -0.018473461173232932 -0.020486385643209419 -0.010914964293249046 0.0077226534590760674 -0.006037991896374037 -0.018969734975840775 -0.00088169397074494853 -0.019369651373864458 -0.015232926503878986 0.0079238904319475743 -0.019947281235233691 0.0075529099140871003 -0.017962350601944527 -0.01902090005726978
leaf_weight=5.4257799535989788 17.665973514318466 3.1245266571640995 9.8842640519142133 123.42995979636908 308.19380721449852 6.8810408115386945 10.7765029668808 80.612283155322075 3.6982238888740531 53.935163930058479 211.19224392622709 5.1519143730401984 5.3200590685009947 4.4415811151266089 41.118105679750443 14.375686019659044 4.3821850419044486 5.9186328500509271 9.026374474167822 3.1745000183582306 5.6254884451627722 64.35942617058754 3.5769146904349318 30.698635220527649 10.796922728419306 6.4579516574740401 41.902713537216187 3.0469600856304169 10.214386478066443 8.9658144712448085
leaf_count=23 88 45 41 1444 3980 43 45 1124 44 599 2585 21 45 19 185 82 20 24 44 43 24 258 35 124 44 90 168 43 41 36
internal_value=0 0.00212042 0.0035831 0.00113859 0.00634349 -0.0162745 -0.00504324 0.00697924 0.00510809 0.00101882 0.0058124 -0.0175128 -0.0105059 -0.0124107 -0.0111654 -0.0119926 -0.00735476 -0.0166994 -0.0175603 -0.00193592 -0.0138538 -0.0183683 0.00590517 -0.0191712 -0.0123875 0.0108251 -0.0194883 0.00920445 -0.0190183 -0.0196036
internal_weight=0 986.888 896.635 475.526 421.109 126.486 22.268 398.841 392.256 57.6334 334.622 116.431 16.0966 90.2533 69.943 65.5015 18.7579 20.3102 83.2701 10.0555 46.7436 74.2437 311.771 87.9676 28.4629 87.0702 82.8157 6.17149 40.913 14.8844
internal_count=11407 10835 10422 5015 5407 572 178 5229 4672 643 4029 486 90 413 330 311 102 83 343 86 209 299 4015 354 132 1214 333 88 165 60
is_linear=0
shrinkage=0.01


Tree=69
num_leaves=21
num_cat=0
split_feature=2 0 0 0 0 0 12 3 12 2 12 12 2 2 0 0 0 0 0 12
split_gain=173.581 26.0174 169.518 65.9592 261.609 9.4984 12.1506 3.13589 3.09361 2.14576 1.81246 0.941124 0.470469 0.399683 0.27938 0.506343 0.233627 0.232791 0.171804 0.166575
threshold=56.500000000000007 4200970.0000000009 4200977.5000000009 4200993.0000000009 4200985.0000000009 4201048.0000000009 1.9690143438181578 50.500000000000007 2.8983726292905869 49.500000000000007 2.899974053845729 2.8980566511096142 50.500000000000007 51.500000000000007 4201032.5000000009 4201048.0000000009 4201009.5000000009 4200962.0000000009 4200939.5000000009 1.9657402510146069
decision_type=2 2 2 2 2 2 2 2 2 2 2 2 2 2 2 2 2 2 2 2
left_child=5 17 -3 4 -4 9 13 8 -8 -1 -10 -9 -11 -7 16 -16 -5 18 -2 -14
right_child=1 2 3 14 -6 6 7 11 10 12 -12 -13 19 -15 15 -17 -18 -19 -20 -21
leaf_value=-0.012279754290617046 0.0032401046950434071 -0.03587321045297874 0.0042175111716064523 0.0030742865527839504 -0.020356805510445747 0.0028167022742972125 -0.015620267636873077 -0.012974027066413558 -0.0017860523217127704 -0.015148249875553306 -0.0097142898443857723 -0.018706223492908524 -0.016311916074722949 -0.0011797602971804228 0.0035825570326088159 0.0022227821008162845 0.0024657113047606002 0.0029762887463099345 0.0037591913057098349 -0.018013104756874645
leaf_weight=18.110930502414703 127.51854944229126 12.890045270323752 128.66454695910215 130.4249249920249 65.309042893350124 4.060990072786808 5.6533318758010891 5.1194159388542193 4.6803146153688413 17.117602422833443 7.5107042640447617 6.5018718838691711 9.7032817006111145 6.5204476416110975 134.37468034029007 34.394221693277359 122.1671546548605 127.46140348166227 127.52466052025557 14.148149222135544
leaf_count=75 1446 68 1416 1490 298 28 26 22 27 69 36 30 39 40 1526 373 1406 1465 1470 57
internal_value=0 0.00126911 1.7194e-05 0.000769027 -0.00405643 -0.0125975 -0.00883775 -0.0121386 -0.00950592 -0.0151461 -0.00667052 -0.0161811 -0.0164132 0.000354019 0.00299042 0.00330544 0.00277995 0.00332525 0.00349965 -0.017321
internal_weight=0 1010.73 628.225 615.335 193.974 99.127 40.0471 29.4656 17.8444 59.08 12.191 11.6213 40.969 10.5814 421.361 168.769 252.592 382.505 255.043 23.8514
internal_count=11407 10958 6577 6509 1714 449 209 141 89 240 63 52 165 68 4795 1899 2896 4381 2916 96
is_linear=0
shrinkage=0.01


Tree=70
num_leaves=31
num_cat=0
split_feature=1 2 1 1 1 1 1 1 1 1 1 1 1 1 1 1 12 1 1 1 1 1 1 1 2 1 1 1 1 1
split_gain=372.612 205.613 57.2091 351.557 30.2195 20.5893 17.0139 16.4549 15.0793 8.85169 7.58271 6.17985 5.50459 4.54431 7.0301 5.32572 5.8787 4.67052 4.43742 4.25417 2.85301 1.6259 1.62387 1.47476 1.46621 0.592663 0.549887 0.179107 0.16505 0.0716569
threshold=3985955690461.5005 56.500000000000007 1818756050482.5002 1861025330344.5002 507703113266.50006 3985955706084.5005 251391422769.50003 1514623741114.5002 3985955694497.5005 1861025332985.5002 3399813435297.5005 330364825549.00006 1861025331631.0002 701677501646.00012 1119808859462.5002 1514623709106.0002 2.8983726292905869 643953703719.50012 1861025326215.5002 4179354223176.5005 1861025320697.5002 1514623739995.5002 1861025328962.5002 3985955695784.5005 52.500000000000007 1818756047612.5002 3985955691713.0005 3985955700886.0005 87670330574.000015 660434126813.50012
decision_type=2 2 2 2 2 2 2 2 2 2 2 2 2 2 2 2 2 2 2 2 2 2 2 2 2 2 2 2 2 2
left_child=1 13 4 18 6 8 28 21 26 12 -11 -8 -5 17 -15 -16 -17 -1 20 -7 -4 -6 -20 -10 -25 -9 -2 -26 -3 -19
right_child=5 2 3 9 7 19 11 25 23 10 -12 -13 -14 14 15 16 -18 29 22 -21 -22 -23 -24 24 27 -27 -28 -29 -30 -31
leaf_value=-0.0084710270211987172 -0.0069591682203236404 0.01080458912469512 -0.014297618620865994 0.0037435590585778661 0.0059566488325193921 -0.0063515864540948175 -0.014760816692657153 0.011055164776853081 -0.01507958929155352 0.0060561637134676528 0.001944755893396643 -0.0015884826499302865 -0.012516259032593955 0.0011449987916815083 -0.018229758975499145 -0.012028186897743431 -0.0031689820313709903 -0.018502080813255547 -0.015853284744541452 0.0076834986162058107 -0.02024859316285579 -0.00082541255464642317 -0.01079398410357642 -0.013813577549214402 -0.018844821000140816 0.0078921701717474466 -0.010519122222640561 -0.019775149853063414 0.0075173039670411636 -0.01990288927344434
leaf_weight=5.4478202760219601 5.7454269304871586 3.0888667106628445 9.904522702097891 3.9102124050259572 306.19503722339869 6.8930534869432432 10.801676094532015 79.711897492408752 10.810228705406187 324.13708934932947 52.063607282936573 5.3137827590107909 4.4532985016703606 4.4495002776384345 10.889136433601378 45.463958233594894 8.9675843715667707 6.4537307173013678 21.197945594787598 3.1450245305895805 43.169019266963005 3.5761395320296279 9.0536446720361727 5.1445828080177298 40.902728602290154 6.39953739196062 17.724485635757446 41.883752256631851 3.0213154330849648 8.4109650999307615
leaf_count=23 44 45 41 41 3980 43 45 1124 44 3947 601 45 41 19 44 212 53 26 85 43 173 35 44 21 165 90 88 168 43 34
internal_value=0 0.0021647 0.00362818 0.00122609 0.00631627 -0.0157217 -0.00503006 0.00695327 -0.0168525 0.00526096 0.00548717 -0.0104175 -0.00491427 -0.0122292 -0.0110173 -0.0118458 -0.0105686 -0.0163918 -0.0173958 -0.00195426 -0.019138 0.00587835 -0.0143391 -0.0185651 -0.0189936 0.0108201 -0.00964765 -0.0193155 0.00917912 -0.0192947
internal_weight=0 976.08 885.998 467.889 418.108 132.249 22.2256 395.883 122.211 384.564 376.201 16.1155 8.36351 90.0827 69.7702 65.3207 54.4315 20.3125 83.3251 10.0381 53.0735 309.771 30.2516 98.7413 87.9311 86.1114 23.4699 82.7865 6.11018 14.8647
internal_count=11407 10791 10380 4973 5407 616 178 5229 530 4630 4548 90 82 411 328 309 265 83 343 86 214 4015 129 398 354 1214 132 333 88 60
is_linear=0
shrinkage=0.01


Tree=71
num_leaves=31
num_cat=0
split_feature=1 2 1 1 1 0 0 1 0 0 1 1 0 12 1 0 1 1 0 1 1 1 0 2 1 1 1 0 0 0
split_gain=365.108 201.736 56.4711 344.76 29.7979 23.3491 186.252 20.1573 17.6446 73.6597 16.6733 14.972 9.11603 14.017 8.80212 6.44033 4.69968 4.39653 4.19143 3.26245 3.08787 2.96622 2.83329 2.09453 3.43593 2.25095 1.73448 1.71343 2.53397 1.53343
threshold=3985955690461.5005 56.500000000000007 1818756050482.5002 1861025330344.5002 507703113266.50006 4200993.0000000009 4200985.0000000009 3985955706084.5005 4200970.0000000009 4200993.0000000009 251391422769.50003 3985955694497.5005 4201048.0000000009 1.9690143438181578 1514623709106.0002 4200977.5000000009 1861025347675.5002 1861025328962.5002 4201009.5000000009 1861025323500.5002 3399813435297.5005 4179354223176.5005 4200993.0000000009 49.500000000000007 858533846337.00012 2384994529348.5005 1861025320697.5002 4200962.0000000009 4200993.0000000009 4201032.5000000009
decision_type=2 2 2 2 2 2 2 2 2 2 2 2 2 2 2 2 2 2 2 2 2 2 2 2 2 2 2 2 2 2
left_child=1 12 4 17 10 6 -6 11 20 -10 -3 27 23 19 -15 -12 -16 26 21 -14 -5 -9 -19 24 -1 -26 -4 -2 -29 -13
right_child=7 2 3 8 5 -7 -8 18 9 -11 15 29 13 14 16 -17 -18 22 -20 -21 -22 -23 -24 -25 25 -27 -28 28 -30 -31
leaf_value=-0.0042812555541745659 -0.0041798122193969171 0.009158887493618071 -0.014119130066412047 0.0086928982711796648 0.0087851659178066373 0.0099134578280002505 -0.015513821610472558 -0.0025448626542001591 -0.0040389478355202487 0.007550798865707419 -0.0026800158144302745 -0.019039480770289809 0.012027703096596063 -0.017711526852737604 -0.0011922655168834207 -0.015529263000592946 -0.01292117829817778 -0.015593086834077553 -0.0136635903588159 -0.0012215732899604774 0.0044222725156848096 0.010856280076002004 -0.0043471821737326765 -0.015954992980773342 -0.017812409410073015 -0.0092705597796237001 -0.018609395563353066 -0.014936426063277899 -0.0075505913685554732 -0.016026380483963185
leaf_weight=4.5390906929969814 4.8030443266034153 6.0626876950264004 9.9293084889650327 118.66453927755356 199.31478996574879 156.91917595267296 37.475590974092484 5.3092301934957487 83.030852377414703 161.50376138836145 6.5868237763643291 77.113454356789589 2.7725626826286298 12.637105867266657 8.0121999159455282 9.5657115802168828 5.9556736499071112 5.0885884165763837 2.3373025804758072 5.6371534913778305 19.748399183154106 2.3975020945072174 4.0023240000009537 37.737452879548073 7.7249769270420057 5.1362767666578293 64.379630386829376 8.4438575506210345 10.325460664927958 21.62743553519249
leaf_count=20 31 88 41 1591 2795 2277 157 33 769 2032 34 310 23 51 48 56 30 22 20 35 238 33 22 152 31 21 258 45 56 88
internal_value=0 0.00215126 0.00360722 0.00121796 0.00628614 0.00692194 0.00493949 -0.0155518 0.00523047 0.00361554 -0.00498189 -0.0166701 -0.0120975 -0.00810711 -0.0116643 -0.0102895 -0.00619328 -0.0172063 -0.00193341 0.00314652 0.00808358 0.00162412 -0.010642 -0.0146315 -0.0117612 -0.0144011 -0.0180094 -0.00950945 -0.0108733 -0.0183795
internal_weight=0 972.425 882.272 466.347 415.925 393.71 236.79 132.357 382.948 244.535 22.2152 122.313 90.1525 35.0147 26.605 16.1525 13.9679 83.3999 10.044 8.40972 138.413 7.70673 9.09091 55.1378 17.4003 12.8613 74.3089 23.5724 18.7693 98.7409
internal_count=11407 10791 10380 4973 5407 5229 2952 616 4630 2801 178 530 411 187 129 90 78 343 86 58 1829 66 44 224 72 52 299 132 101 398
is_linear=0
shrinkage=0.01


Tree=72
num_leaves=31
num_cat=0
split_feature=1 2 1 1 1 0 0 1 0 0 1 1 1 0 12 0 1 0 1 1 0 1 0 1 2 1 1 0 2 1
split_gain=357.906 194.775 58.5443 333.412 29.4297 23.2287 183.06 21.0111 17.2723 248.038 16.3179 10.1204 9.72556 9.54324 14.8307 9.20813 8.6981 6.23923 4.56539 4.36524 4.17597 4.11008 3.69422 3.27834 2.06241 3.37535 2.22055 1.81711 1.42644 1.02375
threshold=3985955691713.0005 56.500000000000007 1818756050482.5002 1861025330344.5002 507703113266.50006 4200993.0000000009 4200985.0000000009 3985955706084.5005 4200993.0000000009 4200985.0000000009 251391422769.50003 1861025332985.5002 3985955695784.5005 4201048.0000000009 1.9690143438181578 4200939.5000000009 1514623709106.0002 4200977.5000000009 1861025347675.5002 1861025326215.5002 4201032.5000000009 4179354223176.5005 4201032.5000000009 1861025334367.5002 49.500000000000007 858533846337.00012 2384994529348.5005 4200977.5000000009 52.500000000000007 1325782932673.0002
decision_type=2 2 2 2 2 2 2 2 2 2 2 2 2 2 2 2 2 2 2 2 2 2 2 2 2 2 2 2 2 2
left_child=1 13 4 19 10 6 -6 12 9 -5 -3 -10 15 24 23 -2 -16 -12 -18 20 -4 -9 -21 -15 25 -1 -27 -17 -14 -7
right_child=7 2 3 8 5 29 -8 21 11 -11 17 -13 28 14 16 27 18 -19 -20 22 -22 -23 -24 -25 -26 26 -28 -29 -30 -31
leaf_value=-0.0042331555952098091 0.0013914024557752222 0.0091386167794502565 -0.020073642769256352 0.0067582526760180473 0.0087624742937604146 0.0091488518474950493 -0.015308918687759736 -0.0061936736310142402 -0.0078202557607331951 -0.028002049959698461 -0.0026509425766186694 0.0079103066340371272 -0.013517536165885405 -0.0024568282504462617 -0.017561655250700702 -0.018227765464670104 -0.0011796633579826505 -0.015278919497128576 -0.012719737239542931 -0.012282041469963843 -0.012807937756712065 0.0076381758469182097 -0.021101743352163079 0.0098103347247510929 -0.015802413732244121 -0.017650758307493488 -0.0091679523605769087 -0.012414776921969302 -0.018948619793250392 0.010776257836460142
leaf_weight=4.5447316765785244 4.3963019400835064 6.0156103447079685 43.452964663505554 201.68614755570889 197.84003300964832 83.977179259061813 37.596795365214348 6.9404806792736036 4.1985736563801757 22.854440182447433 6.5924429297447231 157.97818240523338 5.1360972672700873 4.4978977814316732 12.617598474025728 8.0312034487724322 8.0167939439415914 9.6249192208051664 5.9893217980861655 24.437004357576374 9.6710456460714322 3.1113152131438255 5.894733414053916 4.2248118817806244 37.72088585793972 7.717802628874777 5.1417961418628693 16.274749994277954 82.743461653590202 71.622843593358994
leaf_count=20 23 88 175 2508 2795 1204 157 43 43 118 34 2003 21 31 51 36 48 56 30 103 39 43 26 29 152 31 21 73 333 1073
internal_value=0 0.00208673 0.00351784 0.00110437 0.00626361 0.00689992 0.00491852 -0.0157845 0.00501632 0.00322024 -0.00492782 0.00750306 -0.0169805 -0.0118879 -0.00783189 -0.0119266 -0.0115395 -0.0101456 -0.00611445 -0.0170228 -0.0187509 -0.00191232 -0.0139961 0.00348473 -0.0144885 -0.011641 -0.014259 -0.0143355 -0.0186312 0.00989795
internal_weight=0 973.915 883.443 470.173 413.27 391.037 235.437 126.634 386.717 224.541 22.233 162.177 116.582 90.4716 35.3464 28.7023 26.6237 16.2174 14.0061 83.4557 53.124 10.0518 30.3317 8.72271 55.1252 17.4043 12.8596 24.306 87.8796 155.6
internal_count=11407 10835 10422 5015 5407 5229 2952 572 4672 2626 178 2046 486 413 189 132 129 90 78 343 214 86 129 60 224 72 52 109 354 2277
is_linear=0
shrinkage=0.01


Tree=73
num_leaves=31
num_cat=0
split_feature=1 2 1 1 1 0 0 1 0 0 1 1 0 1 1 1 1 1 0 1 1 0 2 1 1 1 0 0 0 1
split_gain=351.161 194.578 55.2036 331.775 29.0667 23.1083 179.941 19.3797 17.4675 72.1107 15.9721 14.6171 8.77495 13.5354 11.3815 12.1468 6.1251 4.39577 4.06745 3.10054 2.88844 2.78667 2.03144 3.31664 2.19141 1.77432 1.63366 2.46351 1.5541 2.56833
threshold=3985955690461.5005 56.500000000000007 1818756050482.5002 1861025330344.5002 507703113266.50006 4200993.0000000009 4200985.0000000009 3985955706084.5005 4200970.0000000009 4200977.5000000009 251391422769.50003 3985955694497.5005 4201048.0000000009 1514623709106.0002 1514623739995.5002 1861025332985.5002 330364825549.00006 1861025328962.5002 4201009.5000000009 3399813435297.5005 4179354223176.5005 4200993.0000000009 49.500000000000007 858533846337.00012 2384994529348.5005 1861025320697.5002 4200962.0000000009 4200993.0000000009 4201032.5000000009 3985955698312.5005
decision_type=2 2 2 2 2 2 2 2 2 2 2 2 2 2 2 2 2 2 2 2 2 2 2 2 2 2 2 2 2 2
left_child=1 12 4 17 10 6 -6 11 19 -10 -3 26 22 -14 -15 -16 -12 25 20 -5 -9 -19 23 -1 -25 -4 -2 -28 -13 -30
right_child=7 2 3 8 5 -7 -8 18 9 -11 16 28 13 14 15 -17 -18 21 -20 -21 -22 -23 -24 24 -26 -27 27 -29 29 -31
leaf_value=-0.0041856887518855086 -0.0040889495320116176 0.0091183379297963482 -0.013721389200226258 0.008650767445582767 0.0087397689114075087 0.0098824933471755496 -0.015109084100684733 -0.0024444927834422155 -0.028455264189811133 0.0044937684956034684 -0.014332313166542631 -0.018691908298168487 -0.015930223576465053 0.0097105731453089941 -0.020144668009763049 -0.0015136663317074327 -0.0013113057681318448 -0.01520305862075904 -0.013376809590981996 0.0043505979544568802 0.01084058911104864 -0.0041003887872846931 -0.015653162092728455 -0.017493160788844983 -0.0090669608322626171 -0.018252585906119386 -0.014600777718072956 -0.0073430921880877067 -0.0098963082431264369 -0.017717161783352631
leaf_weight=4.550279468297961 4.8230469450354603 5.9689332023263004 9.9818537682294828 117.13665391504765 196.3778096139431 154.29153524339199 37.712523728609085 5.3369362205266935 6.834660291671752 235.92326802760363 10.869788378477098 77.026762738823891 13.218292757868765 5.2584253251552608 5.0285905003547695 11.507009401917456 5.4110132828354827 5.1254930645227414 2.3600848615169525 19.568551450967789 2.3603871837258339 4.0444944500923157 37.699848741292953 7.7095005363225919 5.1470503509044647 64.372609034180641 8.5043742656707781 10.39174462109804 5.6975835412740734 15.964039176702498
leaf_count=20 31 88 41 1591 2795 2277 157 33 30 2771 45 310 54 45 22 66 45 22 20 238 33 22 152 31 21 258 45 56 24 64
internal_value=0 0.00212881 0.00357197 0.00120461 0.00624117 0.00687797 0.00489766 -0.0152359 0.00517615 0.00356611 -0.00487457 -0.0163323 -0.0118613 -0.00794649 -0.00310428 -0.00717948 -0.0100047 -0.0168386 -0.00189199 0.00803522 0.00162938 -0.0103061 -0.0143485 -0.0115229 -0.0141198 -0.0176443 -0.0092836 -0.0106095 -0.0180264 -0.0156601
internal_weight=0 963.738 873.619 462.988 410.632 388.382 234.09 132.465 379.463 242.758 22.2497 122.408 90.119 35.0123 21.794 16.5356 16.2808 83.5245 10.0574 136.705 7.69732 9.16999 55.1067 17.4068 12.8566 74.3545 23.7192 18.8961 98.6884 21.6616
internal_count=11407 10791 10380 4973 5407 5229 2952 616 4630 2801 178 530 411 187 133 88 90 343 86 1829 66 44 224 72 52 299 132 101 398 88
is_linear=0
shrinkage=0.01


Tree=74
num_leaves=31
num_cat=0
split_feature=1 2 1 1 1 0 0 1 0 0 1 1 0 12 1 0 1 1 1 1 1 0 2 1 1 1 0 0 0 1
split_gain=344.273 191.116 54.609 325.516 28.7047 22.9875 176.892 18.9985 17.3561 71.6804 15.6574 14.526 8.60367 13.3312 8.44431 6.05925 4.45553 4.35656 3.97185 3.22343 3.09412 2.71482 2.00155 3.25973 2.16347 1.76838 1.588 2.38783 1.54167 2.54006
threshold=3985955690461.5005 56.500000000000007 1818756050482.5002 1861025330344.5002 507703113266.50006 4200993.0000000009 4200985.0000000009 3985955706084.5005 4200970.0000000009 4200993.0000000009 251391422769.50003 3985955694497.5005 4201048.0000000009 1.9690143438181578 1514623709106.0002 4200977.5000000009 1861025347675.5002 1861025328962.5002 4179354223176.5005 1861025323500.5002 3399813435297.5005 4200993.0000000009 49.500000000000007 858533846337.00012 2384994529348.5005 1861025320697.5002 4200962.0000000009 4200993.0000000009 4201032.5000000009 3985955698312.5005
decision_type=2 2 2 2 2 2 2 2 2 2 2 2 2 2 2 2 2 2 2 2 2 2 2 2 2 2 2 2 2 2
left_child=1 12 4 17 10 6 -6 11 20 -10 -3 26 22 19 -15 -12 -16 25 -9 -14 -5 -19 23 -1 -25 -4 -2 -28 -13 -30
right_child=7 2 3 8 5 -7 -8 18 9 -11 15 28 13 14 16 -17 -18 21 -20 -21 -22 -23 -24 24 -26 -27 27 -29 29 -31
leaf_value=-0.0041388433036763789 -0.0040380639928301208 0.0090980492134710624 -0.013555664251916923 0.0086270733387828532 0.0087170482440408793 0.0098670346019001324 -0.014914113365356732 -0.0060410659826466741 -0.0039859297196022719 0.0074769675073695953 -0.0025034187766694942 -0.018519786049380704 0.012021619058135461 -0.017284978961578004 -0.0011198622782415293 -0.014916621150404312 -0.012500111811647974 -0.014993804509796007 0.0075929452821128368 -0.0011968694794314732 0.0043225539507869629 -0.004050801452189827 -0.015507116599250225 -0.017339462825380878 -0.0089675430244118542 -0.018075277191905638 -0.014374398153035322 -0.0072453058860570867 -0.0097762523885954987 -0.017548278467952268
leaf_weight=4.5557355284690884 4.8349258452653912 5.9226536154747036 10.002741187810896 116.28804217278957 194.92803911864758 152.994434915483 37.822918310761452 6.9866917431354505 83.068359389901161 158.91161063313484 6.6131491288542774 76.965517997741699 2.7430683225393278 12.575479969382288 8.0173542350530607 9.7004774734377843 6.0261454731225959 5.1449554264545423 3.0780554041266441 5.6337357461452484 19.498903147876263 4.053021103143692 37.674479410052299 7.700106129050253 5.1520460397005081 64.354113459587097 8.5516842305660266 10.426500730216501 5.7098143100738552 15.956535026431082
leaf_count=20 31 88 41 1591 2795 2277 157 43 769 2032 34 310 23 51 48 56 30 22 43 35 238 22 152 31 21 258 45 56 24 64
internal_value=0 0.00211731 0.00355405 0.00119702 0.00621924 0.00685609 0.00487689 -0.0150785 0.00514757 0.00354191 -0.00482856 -0.0161641 -0.011748 -0.00787065 -0.011333 -0.00988461 -0.00600319 -0.0166642 -0.00187144 0.00313166 0.00800895 -0.0101719 -0.0142114 -0.011407 -0.0139834 -0.0174673 -0.00915429 -0.0104577 -0.0178565 -0.0155001
internal_weight=0 959.382 869.303 461.322 407.982 385.745 232.751 132.51 377.767 241.98 22.2363 122.445 90.0782 34.9958 26.619 16.3136 14.0435 83.5548 10.0647 8.3768 135.787 9.19798 55.0824 17.4079 12.8522 74.3569 23.8131 18.9782 98.6319 21.6663
internal_count=11407 10791 10380 4973 5407 5229 2952 616 4630 2801 178 530 411 187 129 90 78 343 86 58 1829 44 224 72 52 299 132 101 398 88
is_linear=0
shrinkage=0.01


Tree=75
num_leaves=31
num_cat=0
split_feature=1 2 1 1 1 0 0 1 0 0 1 1 1 0 12 1 0 1 1 0 1 0 1 1 1 2 1 0 2 1
split_gain=337.586 184.482 56.6218 314.787 28.3517 22.8666 173.911 19.8275 17.0966 240.58 15.3289 10.1501 9.61491 9.02449 14.1781 9.2564 8.85764 6.0258 4.31893 3.94877 2.8135 2.64567 2.5843 2.00597 3.0492 6.58968 1.76306 1.72849 1.36848 1.07715
threshold=3985955691713.0005 56.500000000000007 1818756050482.5002 1861025330344.5002 507703113266.50006 4200993.0000000009 4200985.0000000009 3985955706084.5005 4200993.0000000009 4200985.0000000009 251391422769.50003 3399813431033.5005 3985955695784.5005 4201048.0000000009 1.9663941833800986 1514623709106.0002 4200939.5000000009 330364825549.00006 1861025328962.5002 4201009.5000000009 4179354223176.5005 4200993.0000000009 1955683337422.0002 2946978529348.5005 858533846337.00012 50.500000000000007 1861025320697.5002 4200977.5000000009 52.500000000000007 2135720103013.0002
decision_type=2 2 2 2 2 2 2 2 2 2 2 2 2 2 2 2 2 2 2 2 2 2 2 2 2 2 2 2 2 2
left_child=1 13 4 18 10 6 -6 12 9 -5 -3 -10 16 23 -15 -16 -2 -12 26 20 -9 -20 -17 24 25 -1 -4 -18 -14 -26
right_child=7 2 3 8 5 -7 -8 19 11 -11 17 -13 28 14 15 22 27 -19 21 -21 -22 -23 -24 -25 29 -27 -28 -29 -30 -31
leaf_value=-0.0037446728659729159 0.001569097473527196 0.0090777500953437961 -0.013393491560899529 0.0066909479781688272 0.0086943108410434521 0.0098515991095829564 -0.014723814456888645 -0.0023475836239188735 0.0085776435956605307 -0.027370051802475925 -0.014040140433749055 0.0018889329992504229 -0.013107035754446522 0.0052222287251244871 -0.017145547955325479 -0.0028637021666997565 -0.017604382924547968 -0.0011729706415785934 -0.014789766848053476 -0.013100595088320571 0.01082523619287799 -0.0040019412496374073 -0.011507346023793504 -0.0089227539040068055 -0.017843428734102593 -0.01689947049143091 -0.017902578144404106 -0.011958887655536802 -0.018437073325636665 -0.014064529484074766
leaf_weight=6.7922109812498084 4.4105694293975857 5.8767687082290676 10.022518411278723 198.85991535335779 193.49064919352531 151.70825466513634 37.928113728761673 5.3638516813516599 132.22860579192638 23.151095107197762 10.913852617144586 27.386247307062149 5.1154396533966056 6.9307850375771514 12.551090329885485 10.737024068832396 8.1001726835966128 5.4605373591184607 5.1636799573898298 2.3823245167732239 2.3238531649112701 4.0614374577999115 5.10290803015232 6.6402382254600516 21.262612015008926 8.6671461760997754 64.325300484895706 16.410600632429123 82.56690339744091 11.69025047123432
leaf_count=29 23 88 41 2508 2795 2277 157 33 1715 118 45 331 21 50 51 62 36 45 22 20 33 22 26 27 86 35 258 73 333 47
internal_value=0 0.00205324 0.00346495 0.00108428 0.00619693 0.00683426 0.00485622 -0.0153143 0.00493377 0.0031391 -0.0047768 0.00743001 -0.0164769 -0.0115458 -0.00760068 -0.010731 -0.011477 -0.00974919 -0.016494 -0.0018516 0.00163432 -0.0100403 -0.00564829 -0.0140769 -0.0147839 -0.0111198 -0.0172947 -0.0138246 -0.0181261 -0.0165028
internal_weight=0 960.951 870.577 465.199 405.378 383.127 231.419 126.674 381.626 222.011 22.2512 159.615 116.604 90.3743 35.3218 28.391 28.9213 16.3744 83.5729 10.07 7.6877 9.22512 15.8399 55.0525 48.4122 15.4594 74.3478 24.5108 87.6823 32.9529
internal_count=11407 10835 10422 5015 5407 5229 2952 572 4672 2626 178 2046 486 413 189 139 132 90 343 86 66 44 88 224 197 64 299 109 354 133
is_linear=0
shrinkage=0.01


Tree=76
num_leaves=31
num_cat=0
split_feature=1 2 1 1 1 1 1 1 1 1 1 1 1 1 1 1 1 13 1 1 1 1 1 1 2 1 1 1 1 2
split_gain=331.326 184.418 53.3856 313.526 27.9994 18.2943 16.8668 15.0298 14.2424 8.74891 7.54523 5.88448 5.4037 4.30043 4.27533 6.826 5.06074 5.45102 4.63433 3.83917 2.86499 1.55443 1.53469 1.47612 1.34219 0.627003 0.427539 0.186872 0.172393 0.0806747
threshold=3985955690461.5005 56.500000000000007 1818756050482.5002 1861025330344.5002 507703113266.50006 3985955706084.5005 1514623741114.5002 251391422769.50003 3985955694497.5005 1861025332985.5002 3399813435297.5005 330364825549.00006 1861025331631.0002 1861025326215.5002 701677501646.00012 1119808859462.5002 1514623709106.0002 2.9484554422879965 643953703719.50012 4179354223176.5005 1861025320697.5002 1861025328962.5002 1514623739995.5002 3985955695784.5005 52.500000000000007 1818756047612.5002 3985955691713.0005 3985955700886.0005 87670330574.000015 51.500000000000007
decision_type=2 2 2 2 2 2 2 2 2 2 2 2 2 2 2 2 2 2 2 2 2 2 2 2 2 2 2 2 2 2
left_child=1 14 4 13 7 8 22 28 26 12 -11 -9 -5 20 18 -16 -17 -18 -1 -7 -4 -15 -6 -10 -25 -8 -2 -26 -3 -20
right_child=5 2 3 9 6 19 25 11 23 10 -12 -13 -14 21 15 16 17 -19 29 -21 -22 -23 -24 24 27 -27 -28 -29 -30 -31
leaf_value=-0.0077268564251502195 -0.006581726299838552 0.010760507870065408 -0.013234741490958046 0.0036043064684423017 0.005784244774577554 -0.005893514175734027 0.011065821279201247 -0.013867147470892903 -0.014058116226401945 0.0059012024343111169 0.0017572398851557387 -0.0011602593974774399 -0.012612138189031287 -0.014824170576206903 0.001608835068569657 -0.017438936121399299 -0.011345750780207321 -0.0028565243333997783 -0.019399708792366507 0.007547800484532451 -0.019166155094721575 -0.0099114962784072128 -0.0008762867927040646 -0.012989532443737614 -0.017789709664004404 0.0077395865793130902 -0.0096926908702960144 -0.018741715666549742 0.0073215456168748494 -0.017889292620424418
leaf_weight=5.4869106411933926 5.8423152938485172 2.9434670358896282 10.041215032339094 3.8357589691877347 294.67230942845345 7.0317188054323179 76.231614921241999 10.939372733235361 10.884920984506605 315.03107348829508 51.059454038739204 5.4651327133178702 4.4257673397660255 21.199664548039436 4.4661700427532187 10.755285382270811 45.464631125330925 9.0733385607600194 5.8844944238662729 3.0452427566051483 43.08682082593441 9.2514304518699664 3.5005131363868704 5.1101234406232825 40.796146154403687 6.1222790703177443 18.115086659789085 41.689078152179718 2.8878090754151344 8.8616004139184916
leaf_count=23 44 45 41 41 3980 43 1124 45 44 3947 601 45 41 85 19 44 212 53 24 43 173 44 35 21 165 90 88 168 43 36
internal_value=0 0.00209537 0.00351954 0.00118386 0.00617514 -0.014783 0.0068125 -0.00473212 -0.015849 0.00509358 0.00532323 -0.00963387 -0.00508298 -0.0163278 -0.0115255 -0.0103516 -0.0111697 -0.00993342 -0.0155727 -0.00183157 -0.0180451 -0.0133316 0.00570605 -0.0175312 -0.0179628 0.0108185 -0.00893404 -0.0182709 0.00905744 -0.018492
internal_weight=0 950.686 860.694 457.931 402.762 132.515 380.527 22.2358 122.438 374.352 366.091 16.4045 8.26153 83.5791 89.9924 69.7594 65.2933 54.538 20.233 10.077 53.128 30.4511 298.173 98.4803 87.5953 82.3539 23.9574 82.4852 5.83128 14.7461
internal_count=11407 10791 10380 4973 5407 616 5229 178 530 4630 4548 90 82 343 411 328 309 265 83 86 214 129 4015 398 354 1214 132 333 88 60
is_linear=0
shrinkage=0.01


Tree=77
num_leaves=31
num_cat=0
split_feature=1 2 1 1 1 0 0 1 0 0 1 1 0 1 1 1 0 1 0 1 1 0 1 1 2 1 0 1 0 0
split_gain=324.882 181.004 52.684 307.66 27.607 22.9172 171.595 17.9412 17.2608 70.3405 14.738 14.1659 8.33724 12.8 10.9295 11.9602 5.90371 4.25978 3.83509 3.09428 2.74124 2.5824 1.99566 3.01931 6.45324 1.75438 1.58359 2.55085 1.51292 2.33879
threshold=3985955690461.5005 56.500000000000007 1818756050482.5002 1861025330344.5002 507703113266.50006 4200993.0000000009 4200985.0000000009 3985955706084.5005 4200970.0000000009 4200977.5000000009 251391422769.50003 3985955694497.5005 4201048.0000000009 1514623709106.0002 1514623739995.5002 1861025332985.5002 4200977.5000000009 1861025328962.5002 4201009.5000000009 3399813435297.5005 4179354223176.5005 4200993.0000000009 2946978529348.5005 858533846337.00012 50.500000000000007 1861025320697.5002 4201032.5000000009 3985955698312.5005 4200962.0000000009 4200993.0000000009
decision_type=2 2 2 2 2 2 2 2 2 2 2 2 2 2 2 2 2 2 2 2 2 2 2 2 2 2 2 2 2 2
left_child=1 12 4 17 10 6 -6 11 19 -10 -3 28 22 -14 -15 -16 -12 25 20 -5 -9 -19 23 24 -1 -4 -13 -28 -2 -30
right_child=7 2 3 8 5 -7 -8 18 9 -11 16 26 13 14 15 -17 -18 21 -20 -21 -22 -23 -24 -25 -26 -27 27 -29 29 -31
leaf_value=-0.0036137546635714008 -0.0038396047147371015 0.0090371503123133894 -0.013079294812439199 0.0085692405046801454 0.0086536361818946236 0.0098255773184958567 -0.014619247965258333 -0.002253983207522355 -0.028062889227801369 0.0043886839912435881 -0.0022471502122875854 -0.018046627230644204 -0.015408581895719111 0.0096927230706532527 -0.01969053174995956 -0.0012827549415398672 -0.014459882172181377 -0.014458568066790967 -0.012834370897706227 0.004239730783786891 0.010810212761395536 -0.0038350682240834433 -0.0087023296984020202 -0.01625780046597252 -0.016631028030923412 -0.017570643723268151 -0.009282056013639987 -0.017048810629727372 -0.013935494147167859 -0.0069148434525534899
leaf_weight=6.8054503947496405 4.8800879344344166 5.7861582860350635 10.058859333395956 114.24624037742615 190.94470711052418 149.55031689628959 37.983568787574768 5.3900009840726835 6.8769885748624793 232.40418789535761 6.6460678577423122 76.710985004901886 13.117868289351462 5.231023974716666 5.0689783394336727 11.623301222920416 9.78722035884857 5.1934894174337369 2.4040341079235077 19.295542724430561 2.2878927960991859 4.0902899205684662 6.6536151319742194 32.868892356753349 8.647566005587576 64.236679285764694 5.7583618909120586 15.918738707900046 8.6317241787910479 10.537774786353109
leaf_count=29 31 88 41 1591 2795 2277 157 33 30 2771 34 310 54 45 22 66 56 22 20 238 33 22 27 133 35 258 24 64 45 56
internal_value=0 0.00208237 0.0034991 0.00117605 0.00614509 0.00678108 0.00479222 -0.0146347 0.00506345 0.00345602 -0.00468807 -0.0156905 -0.0114072 -0.00759523 -0.00292008 -0.00687268 -0.00952072 -0.0161645 -0.00181222 0.00794367 0.00163894 -0.00977802 -0.0138369 -0.0145439 -0.0108983 -0.0169626 -0.0173722 -0.0149856 -0.00881063 -0.0100761
internal_weight=0 947.117 857.1 456.402 400.698 378.479 228.928 132.52 372.823 239.281 22.2194 122.438 90.0167 35.0412 21.9233 16.6923 16.4333 83.5793 10.0819 133.542 7.67789 9.28378 54.9755 48.3219 15.453 74.2955 98.3881 21.6771 24.0496 19.1695
internal_count=11407 10791 10380 4973 5407 5229 2952 616 4630 2801 178 530 411 187 133 88 90 343 86 1829 66 44 224 197 64 299 398 88 132 101
is_linear=0
shrinkage=0.01


Tree=78
num_leaves=21
num_cat=0
split_feature=2 0 0 0 0 0 12 3 12 12 2 12 2 2 0 0 0 0 12 0
split_gain=145.476 24.6151 161.756 59.807 235.727 8.54614 10.8532 2.96778 2.86739 2.83603 1.98124 0.959216 0.441613 0.341675 0.324098 0.483301 0.254074 0.249181 0.179933 0.165838
threshold=56.500000000000007 4200970.0000000009 4200977.5000000009 4200993.0000000009 4200985.0000000009 4201048.0000000009 1.9690143438181578 50.500000000000007 2.8983726292905869 2.8996580756647572 49.500000000000007 2.8980566511096142 50.500000000000007 51.500000000000007 4201032.5000000009 4201048.0000000009 4200962.0000000009 4201009.5000000009 1.9657402510146069 4200939.5000000009
decision_type=2 2 2 2 2 2 2 2 2 2 2 2 2 2 2 2 2 2 2 2
left_child=5 16 -3 4 -4 10 13 8 -8 -10 -1 -9 -12 -7 17 -16 19 -5 -14 -2
right_child=1 2 3 14 -6 6 7 11 9 -11 12 -13 18 -15 15 -17 -18 -19 -20 -21
leaf_value=-0.011201999601879033 0.0031726152808085519 -0.035095161435487604 0.0042271756835399275 0.0029813494494308631 -0.019077620929318823 0.0029647669573464193 -0.014416269136931188 -0.011771108374921877 0.0011558694541952213 -0.0091329813625616284 -0.013946016126896624 -0.017572195158719689 -0.015010288672695118 -0.00072075004149477879 0.0035249130160636445 0.0021728300608923603 0.0028747557598264627 0.0023399374382277499 -0.016783755790033481 0.0036931949867948627
leaf_weight=18.139683052897453 122.44810076802969 12.878245472908018 124.73625989258289 125.2434550486505 66.564286187291145 4.0776866376399994 5.6790918409824398 5.0686705857515353 3.9497114866971961 8.3273516818881017 16.988491550087929 6.5127890110015869 9.6741650551557541 6.5657750070095044 129.23403134942055 33.235899731516838 122.39192046225071 117.2883880212903 13.999788388609886 122.32854150980711
leaf_count=75 1446 68 1416 1490 298 28 26 22 22 41 69 30 39 40 1526 373 1465 1406 57 1470
internal_value=0 0.00120156 -3.1146e-05 0.000726126 -0.00388188 -0.0115213 -0.00796669 -0.0110865 -0.00854078 -0.00582291 -0.0139502 -0.0150333 -0.0151762 0.000691233 0.0029027 0.00324832 0.00324677 0.00267116 -0.016059 0.00343278
internal_weight=0 976.349 609.181 596.302 191.301 98.9832 40.1811 29.5376 17.9562 12.2771 58.8021 11.5815 40.6624 10.6435 405.002 162.47 367.169 242.532 23.674 244.777
internal_count=11407 10958 6577 6509 1714 449 209 141 89 63 240 52 165 68 4795 1899 4381 2896 96 2916
is_linear=0
shrinkage=0.01


Tree=79
num_leaves=31
num_cat=0
split_feature=1 2 1 1 1 1 1 1 1 1 1 1 1 1 1 1 1 13 1 1 1 1 1 1 2 1 1 1 1 2
split_gain=319.35 174.907 52.3351 302.514 27.4224 17.5153 16.93 14.4588 14.0603 8.57238 7.53047 5.78397 5.19162 4.24089 4.19541 6.69439 4.99531 5.23802 4.61889 3.72111 2.84817 1.52282 1.50912 1.48548 1.367 0.639526 0.433302 0.187258 0.174699 0.0759704
threshold=3985955690461.5005 56.500000000000007 1818756050482.5002 1861025330344.5002 507703113266.50006 3985955706084.5005 1514623741114.5002 251391422769.50003 3985955694497.5005 1861025332985.5002 3399813435297.5005 330364825549.00006 1861025331631.0002 1861025326215.5002 701677501646.00012 1119808859462.5002 1514623709106.0002 2.9484554422879965 643953703719.50012 4179354223176.5005 1861025320697.5002 1861025328962.5002 1514623721394.0002 3985955695784.5005 52.500000000000007 1818756047612.5002 3985955691713.0005 3985955700886.0005 87670330574.000015 51.500000000000007
decision_type=2 2 2 2 2 2 2 2 2 2 2 2 2 2 2 2 2 2 2 2 2 2 2 2 2 2 2 2 2 2
left_child=1 14 4 13 7 8 22 28 26 12 -11 -9 -5 20 18 -16 -17 -18 -1 -7 -4 -15 -6 -10 -25 -8 -2 -26 -3 -20
right_child=5 2 3 9 6 19 25 11 23 10 -12 -13 -14 21 15 16 17 -19 29 -21 -22 -23 -24 24 27 -27 -28 -29 -30 -31
leaf_value=-0.0073923028895008513 -0.0063540697926931953 0.010744135335828161 -0.012952901701217328 0.0035339178441614783 0.0059605558004646331 -0.0057964778234827477 0.011070404872828317 -0.013627215172223588 -0.013751451133512173 0.005844071783978875 0.0016886850955833796 -0.0010625671528947333 -0.012379190506181867 -0.014540558490793609 0.0018033468125662436 -0.017093544876237054 -0.011000175456583845 -0.0026957204368451828 -0.01901577528063661 0.0074907191401501396 -0.018860957207167808 -0.0096857443235296575 0.0039895330926406703 -0.012635673063234076 -0.017496056112343283 0.0076831540445106428 -0.0094731205806820352 -0.018450342991922174 0.007251551353172403 -0.017546693549217243
leaf_weight=5.5054104179143932 5.8958190605044392 2.8871998786926296 10.070848792791365 3.80260221660137 248.25938153266907 7.061458691954611 74.846344862133265 10.971727117896082 10.8967038244009 311.56925077736378 50.70923675596714 5.5005090609192839 4.4487287998199463 21.174674451351166 4.4774125814437857 10.673593148589132 45.49401368200779 9.1174792870879156 5.863080859184266 3.0044392123818398 42.998844861984253 9.2982694804668444 46.051295250654221 5.0853078812360755 40.695289641618729 6.0224592164158812 18.212269455194473 41.565350398421288 2.8418790847063065 8.8085887581109965
leaf_count=23 44 45 41 41 3397 43 1124 45 44 3947 601 45 41 85 19 44 212 53 24 43 173 44 618 21 165 90 88 168 43 36
internal_value=0 0.00207554 0.00347646 0.00115716 0.00612664 -0.0145104 0.00676566 -0.00467226 -0.0155536 0.00503288 0.00526243 -0.00943155 -0.00504568 -0.0160325 -0.0111869 -0.0100254 -0.0108366 -0.00961373 -0.0152029 -0.00183055 -0.0177398 -0.0130592 0.00565215 -0.0172329 -0.0176672 0.0108181 -0.00871033 -0.0179782 0.00901166 -0.0181338
internal_weight=0 941.393 851.453 454.072 397.381 132.417 375.179 22.2013 122.351 370.53 362.278 16.4722 8.25133 83.5426 89.9396 69.7625 65.2851 54.6115 20.1771 10.0659 53.0697 30.4729 294.311 98.2427 87.3459 80.8688 24.1081 82.2606 5.72908 14.6717
internal_count=11407 10791 10380 4973 5407 616 5229 178 530 4630 4548 90 82 343 411 328 309 265 83 86 214 129 4015 398 354 1214 132 333 88 60
is_linear=0
shrinkage=0.01


Tree=80
num_leaves=31
num_cat=0
split_feature=1 2 1 1 1 0 0 1 0 0 1 1 0 1 1 1 0 1 0 1 0 1 1 2 1 0 1 0 0 0
split_gain=313.201 171.696 51.6418 296.903 27.0368 22.7407 166.138 17.1862 17.0701 69.4463 14.18 13.9905 8.11295 12.497 10.6321 11.6252 5.74614 4.19399 3.7319 3.08452 2.51573 2.00325 3.02393 6.31891 1.74608 1.60115 2.55119 1.45821 2.24415 1.2278
threshold=3985955690461.5005 56.500000000000007 1818756050482.5002 1861025330344.5002 507703113266.50006 4200993.0000000009 4200985.0000000009 3985955706084.5005 4200970.0000000009 4200993.0000000009 251391422769.50003 3985955694497.5005 4201048.0000000009 1514623709106.0002 1514623739995.5002 1861025332985.5002 4200977.5000000009 1861025328962.5002 4201009.5000000009 3399813435297.5005 4200993.0000000009 2946978529348.5005 858533846337.00012 50.500000000000007 1861025320697.5002 4201032.5000000009 3985955698312.5005 4200962.0000000009 4200993.0000000009 4201032.5000000009
decision_type=2 2 2 2 2 2 2 2 2 2 2 2 2 2 2 2 2 2 2 2 2 2 2 2 2 2 2 2 2 2
left_child=1 12 4 17 10 6 -6 11 19 -10 -3 27 21 -14 -15 -16 -12 24 -9 -5 -19 22 23 -1 -4 -13 -27 -2 -29 -30
right_child=7 2 3 8 5 -7 -8 18 9 -11 16 25 13 14 15 -17 -18 20 -20 -21 -22 -23 -24 -25 -26 26 -28 28 29 -31
leaf_value=-0.0033597650136796497 -0.0037242160738768272 0.0089913339519181162 -0.012803215809200083 0.0085208388430195667 0.008605629190446832 0.0097951252793194409 -0.014280105888184427 0.0016127117400435887 -0.0040022575629873281 0.0073536184827668796 -0.0021463972199089591 -0.017761153062543202 -0.015081198582551605 0.0097040422998509492 -0.019189203263087058 -0.0011145772535138332 -0.014175628150623799 -0.014167234489146243 -0.012634018467122865 0.0041794753670420072 -0.0037079543227825896 -0.0083418697656157583 -0.015909802183909076 -0.016238119164249318 -0.017279209831900424 -0.0089951528697814146 -0.016752407360952501 -0.013595967444399407 -0.0029836952657279442 -0.0098242707763347911
leaf_weight=6.8320741057395926 4.9071976393461254 5.6848388314247158 10.086623594164847 112.57167399674654 187.95710624754429 147.06054856255651 38.160460889339447 7.6504883319139463 82.60990434885025 154.70122196525335 6.6569518744945553 76.460745766758919 13.040633857250212 5.2407462894916561 5.1121903210878399 11.708103746175764 9.8419014737009984 5.2169713228940946 2.420333668589592 19.149748831987381 4.1123733818531036 6.671993374824523 32.725283980369568 8.6132075339555723 64.106401339173317 5.783770143985751 15.879944235086439 8.6916267871856707 4.777395620942114 5.8207789808511734
leaf_count=29 31 88 41 1591 2795 2277 157 66 769 2032 34 310 54 45 22 66 56 22 20 238 22 27 133 35 258 24 64 45 26 30
internal_value=0 0.00206265 0.00345619 0.00114952 0.00609654 0.00673413 0.00474335 -0.014368 0.00500289 0.00340055 -0.00462905 -0.0154018 -0.0110745 -0.00732046 -0.00273296 -0.006608 -0.00932208 -0.0158761 -0.00181122 0.00788969 -0.00955679 -0.0134772 -0.0141885 -0.0105415 -0.0166707 -0.0170812 -0.0146814 -0.00859139 -0.00982956 -0.00674071
internal_weight=0 937.861 847.917 452.555 395.362 373.178 226.118 132.392 369.033 237.311 22.1837 122.321 89.9442 35.1017 22.061 16.8203 16.4989 83.5224 10.0708 131.721 9.32934 54.8426 48.1706 15.4453 74.193 98.1245 21.6637 24.197 19.2898 10.5982
internal_count=11407 10791 10380 4973 5407 5229 2952 616 4630 2801 178 530 411 187 133 88 90 343 86 1829 44 224 197 64 299 398 88 132 101 56
is_linear=0
shrinkage=0.01


Tree=81
num_leaves=31
num_cat=0
split_feature=1 2 1 1 1 0 0 1 0 0 1 1 1 0 12 1 0 1 1 0 0 1 1 1 1 2 0 2 1 1
split_gain=307.383 165.663 53.5432 287.099 26.7051 22.6172 163.379 18.0081 16.9035 230.604 13.8888 10.1511 9.4383 8.52224 13.4534 8.77627 8.49637 5.69551 4.19328 4.12694 3.67452 3.64625 2.50786 1.98131 2.98704 6.21621 1.63918 1.33123 1.09641 1.08838
threshold=3985955691713.0005 56.500000000000007 1818756050482.5002 1861025330344.5002 507703113266.50006 4200993.0000000009 4200985.0000000009 3985955706084.5005 4200993.0000000009 4200985.0000000009 251391422769.50003 3399813431033.5005 3985955695784.5005 4201048.0000000009 1.9663941833800986 1514623709106.0002 4200939.5000000009 330364825549.00006 1861025326215.5002 4201032.5000000009 4201032.5000000009 4179354223176.5005 1955683337422.0002 2946978529348.5005 858533846337.00012 50.500000000000007 4200977.5000000009 52.500000000000007 2135720103013.0002 1325782932673.0002
decision_type=2 2 2 2 2 2 2 2 2 2 2 2 2 2 2 2 2 2 2 2 2 2 2 2 2 2 2 2 2 2
left_child=1 13 4 18 10 6 -6 12 9 -5 -3 -10 16 23 -15 -16 -2 -12 19 -4 -20 -9 -17 24 25 -1 -18 -14 -26 -7
right_child=7 2 3 8 5 29 -8 21 11 -11 17 -13 27 14 15 22 26 -19 20 -21 -22 -23 -24 -25 28 -27 -28 -29 -30 -31
leaf_value=-0.0033240822104067995 0.001919593081036641 0.0089709529908137148 -0.018743323393947419 0.0065760418790382271 0.0085827902106967949 0.0089841098993531082 -0.014104485005420359 -0.0056955571763666994 0.0084791282601614764 -0.026572228237863801 -0.013362184872493351 0.0017303207829923476 -0.012398599620862299 0.0053613992532105413 -0.016443278714851031 -0.0025019483189263883 -0.016753239356137425 -0.00093550871495564313 -0.011064261777587648 -0.011519682513600407 -0.01983428790361658 0.0074707302879056031 -0.010959413314668516 -0.0082532033878348933 -0.017141663700696422 -0.016099231988261058 -0.011284245668271744 -0.017680188583697517 -0.013315240106929891 0.010717809668820751
leaf_weight=6.8363383412361136 4.4484114944934872 5.6409966386854675 43.315044701099396 194.05151903629303 186.57960016280413 78.899692416191101 38.248806849122047 7.0924675762653333 128.50278746336699 23.531704410910606 11.006627678871157 26.964117579162121 5.0671172440052024 6.9936498478054991 12.386262834072115 10.847166351974012 8.181574612855913 5.5470654219388953 24.564463973045353 9.6755680590867978 5.9309773892164221 2.9901736974716187 5.1805828511714926 6.6762144565582267 21.03872312605381 8.6007004231214506 16.599656119942665 82.011342599987984 11.626696988940237 66.924944784492254
leaf_count=29 23 88 175 2508 2795 1204 157 43 1715 118 45 331 21 50 51 62 36 45 103 39 26 43 26 27 86 35 73 333 47 1073
internal_value=0 0.00199968 0.00336793 0.0010389 0.00607454 0.00671255 0.00472313 -0.014611 0.00479037 0.00299104 -0.00458023 0.00730862 -0.0157224 -0.0108867 -0.00706317 -0.0101213 -0.0108056 -0.00919806 -0.0157242 -0.0174244 -0.0127699 -0.00179088 -0.00523562 -0.0133581 -0.0140666 -0.0104417 -0.0130898 -0.0173729 -0.0157797 0.00977978
internal_weight=0 939.57 849.384 456.536 392.848 370.653 224.828 126.391 373.05 217.583 22.1947 155.467 116.308 90.1863 35.4077 28.414 29.2296 16.5537 83.4861 52.9906 30.4954 10.0826 16.0277 54.7787 48.1025 15.437 24.7812 87.0785 32.6654 145.825
internal_count=11407 10835 10422 5015 5407 5229 2952 572 4672 2626 178 2046 486 413 189 139 132 90 343 214 129 86 88 224 197 64 109 354 133 2277
is_linear=0
shrinkage=0.01


Tree=82
num_leaves=31
num_cat=0
split_feature=1 2 1 1 1 1 1 1 1 1 1 1 1 1 1 1 1 12 1 1 1 1 1 1 2 1 1 1 1 2
split_gain=301.728 165.807 50.4752 286.535 26.3737 17.0855 16.6022 13.751 13.6234 11.6 7.42912 71.1944 8.19935 5.56627 4.09451 6.54125 4.8822 5.00385 4.56915 3.57686 1.78799 1.51678 1.51122 1.47695 1.30878 0.655358 0.378177 0.190432 0.178115 0.0793621
threshold=3985955690461.5005 56.500000000000007 1818756050482.5002 1861025332985.5002 507703113266.50006 1514623741114.5002 3985955706084.5005 3985955694497.5005 251391422769.50003 1861025328962.5002 3399813435297.5005 3399813436609.0005 2432589651021.5005 330364825549.00006 701677501646.00012 1119808859462.5002 1514623709106.0002 2.8983726292905869 643953703719.50012 4179354223176.5005 1861025320697.5002 1514623721394.0002 1861025331631.0002 3985955695784.5005 52.500000000000007 1818756047612.5002 3985955691713.0005 3985955700886.0005 87670330574.000015 51.500000000000007
decision_type=2 2 2 2 2 2 2 2 2 2 2 2 2 2 2 2 2 2 2 2 2 2 2 2 2 2 2 2 2 2
left_child=1 14 4 9 8 21 7 26 28 20 12 -12 -5 -10 18 -16 -17 -18 -1 -8 -4 -6 -11 -9 -25 -7 -2 -26 -3 -20
right_child=6 2 3 10 5 25 19 23 13 22 11 -13 -14 -15 15 16 17 -19 29 -21 -22 -23 -24 24 27 -27 -28 -29 -30 -31
leaf_value=-0.0071009757851101286 -0.0061973808599931901 0.010723098162987695 -0.012464165513293173 0.0038018386655634239 0.0058770504272848767 0.011070764455282179 -0.0056198422161945786 -0.013324746736457829 -0.01320386769492693 -0.0056346962726245824 -0.040810702168063713 0.0049531888067612167 0.0071243741994434983 -0.00092553400769611023 0.0019558510850651929 -0.016751546957611468 -0.01068663375706966 -0.002580112550375786 -0.018690079898571507 0.0074433663859799172 -0.016987937349058006 0.0038843481385898515 -0.012379444148339969 -0.012292640116368761 -0.017046240985734033 0.0076042778081221998 -0.0091001197828061656 -0.018010856779312662 0.0071553752139795878 -0.017184153271662683
leaf_weight=5.5151691436767605 5.9376752674579647 2.8165212571620968 10.119538694620131 125.74054043740034 243.84407639503479 73.114977929741144 7.116023436188696 10.908837735652922 11.027109533548357 13.154151365160944 3.6664222851395598 46.672786183655262 181.4659126624465 5.5507598593831053 4.4820054769515982 10.577597841620443 45.460534162819386 9.1463472172617895 5.8353598862886438 2.9712497368454933 63.952170744538307 45.292890816926956 4.4443499371409407 5.0597235262393943 40.527354866266251 5.8934109508991233 18.386878117918968 41.344471037387848 2.7810116559267044 8.74230861663818
leaf_count=23 44 45 41 1587 3397 1124 43 44 45 85 44 557 2360 45 19 44 212 53 24 43 258 618 41 21 165 90 88 168 43 36
internal_value=0 0.00204141 0.00342257 0.00113696 0.00605306 0.00669103 -0.0141021 -0.0151202 -0.00453822 -0.014636 0.00518095 0.00162001 0.00576445 -0.00909272 -0.0108769 -0.00972984 -0.0105333 -0.00932884 -0.0148538 -0.00177202 -0.0163699 0.0055649 -0.00733802 -0.0167931 -0.0172283 0.0108122 -0.00839156 -0.0175334 0.00895055 -0.017787
internal_weight=0 929.296 839.537 449.216 390.321 368.145 132.252 122.165 22.1754 91.6702 357.546 50.3392 307.206 16.5779 89.7593 69.6665 65.1845 54.6069 20.0928 10.0873 74.0717 289.137 17.5985 97.8404 86.9315 79.0084 24.3246 81.8718 5.59753 14.5777
internal_count=11407 10791 10380 4973 5407 5229 616 530 178 425 4548 601 3947 90 411 328 309 265 83 86 299 4015 126 398 354 1214 132 333 88 60
is_linear=0
shrinkage=0.01


Tree=83
num_leaves=31
num_cat=0
split_feature=1 2 1 1 1 0 0 0 0 1 1 1 1 1 0 13 1 0 1 0 1 1 1 2 1 0 1 0 0 0
split_gain=296.004 162.784 49.8009 281.23 26.0017 22.6646 161.249 16.5747 222.893 16.3017 13.6913 13.3641 11.9998 11.5219 7.87462 12.1648 7.74136 5.61097 4.1432 3.62626 3.01549 1.97362 2.96152 6.09894 1.78503 1.64464 2.56556 1.51646 1.39143 2.20202
threshold=3985955690461.5005 56.500000000000007 1818756050482.5002 1861025332985.5002 507703113266.50006 4200993.0000000009 4200985.0000000009 4200993.0000000009 4200985.0000000009 3985955706084.5005 3985955694497.5005 251391422769.50003 3399813431033.5005 1861025328962.5002 4201048.0000000009 1.9843852477908592 1514623709106.0002 4200977.5000000009 1861025347675.5002 4201009.5000000009 1861025323500.5002 2946978529348.5005 858533846337.00012 50.500000000000007 1861025320697.5002 4201032.5000000009 3985955698312.5005 4200970.0000000009 4200962.0000000009 4200993.0000000009
decision_type=2 2 2 2 2 2 2 2 2 2 2 2 2 2 2 2 2 2 2 2 2 2 2 2 2 2 2 2 2 2
left_child=1 14 4 13 11 6 -6 8 -5 10 28 -3 -9 24 21 20 -17 -13 -18 -11 -16 22 23 -1 -4 -12 -27 -15 -2 -30
right_child=9 2 3 7 5 -7 -8 12 -10 19 25 17 -14 27 15 16 18 -19 -20 -21 -22 -23 -24 -25 -26 26 -28 -29 29 -31
leaf_value=-0.0032053847603574059 -0.0035441449361628629 0.0089301772770580164 -0.012324078396252941 0.0069900070080904653 0.0085420705771460295 0.0097540458575007885 -0.014011265834605902 0.0089965658977003322 -0.025950509653183931 0.001633416357401023 -0.017343798739480751 -0.001908313271207551 0.0014174650415623435 -0.0034679651641633938 0.012018320077531151 -0.016207242694208562 -0.00069680965887712718 -0.013762527910673542 -0.01156292794994666 -0.012363056692394632 -0.00074872462372725288 -0.0080531254304587203 -0.015563078065600493 -0.015864108105052583 -0.016842109564652083 -0.0085445020207453714 -0.016308966701227536 -0.0095135999328834053 -0.013200067771784008 -0.0064387650136736273
leaf_weight=6.8464908599853507 4.9486645609140423 5.5544266737997559 10.132157042622564 184.90316253900528 184.14745380356908 143.76098617166281 38.293488442897797 122.88178092241287 23.108913525938988 7.6498033255338651 76.052833318710327 6.6845844388008144 25.168663360178471 6.6576917618513134 2.7273507565259916 12.31664675474167 8.1223373711109144 9.9162705764174444 6.1781111657619467 2.4419561326503754 5.7511619031429291 6.6849626898765555 32.54834046959877 8.5704981088638288 63.86129404604435 5.823124602437022 15.808817014098166 11.011078126728533 8.761221185326578 10.699042879045008
leaf_count=29 31 88 41 2444 2795 2277 157 1672 115 66 310 34 317 47 23 51 48 56 30 20 35 27 133 35 258 24 64 79 45 56
internal_value=0 0.00202872 0.00340252 0.0011295 0.00602302 0.00665947 0.00465949 0.00515071 0.00333051 -0.0139682 -0.0149779 -0.00449677 0.00770811 -0.0144909 -0.0107697 -0.00707335 -0.0103962 -0.00898925 -0.00539121 -0.00175338 0.00335815 -0.0131435 -0.0138529 -0.0102425 -0.0162234 -0.0166518 -0.0142188 -0.00723557 -0.00827878 -0.00948278
internal_weight=0 925.828 836.082 447.725 388.357 366.202 222.441 356.063 208.012 132.185 122.094 22.1553 148.05 91.6622 89.7459 35.0956 26.6171 16.6009 14.3004 10.0918 8.47851 54.6503 47.9653 15.417 73.9935 97.6848 21.6319 17.6688 24.4089 19.4603
internal_count=11407 10791 10380 4973 5407 5229 2952 4548 2559 616 530 178 1989 425 411 187 129 90 78 86 58 224 197 64 299 398 88 126 132 101
is_linear=0
shrinkage=0.01


Tree=84
num_leaves=31
num_cat=0
split_feature=1 2 1 1 1 0 0 1 0 0 1 1 1 0 14 0 1 1 1 0 1 0 0 1 1 1 2 0 2 1
split_gain=290.532 157.012 51.6344 271.886 25.6833 22.5395 158.585 17.099 16.6723 219.383 13.0932 10.0073 9.37849 8.28717 12.9401 8.23793 7.66692 5.48416 4.12626 4.07928 4.03217 3.55975 3.52531 3.22964 1.9531 2.92718 6.00314 1.58619 1.27804 1.10915
threshold=3985955691713.0005 56.500000000000007 1818756050482.5002 1861025330344.5002 507703113266.50006 4200993.0000000009 4200985.0000000009 3985955706084.5005 4200993.0000000009 4200985.0000000009 251391422769.50003 3399813431033.5005 3985955695784.5005 4201048.0000000009 1.992161902485347 4200939.5000000009 1514623709106.0002 330364825549.00006 1861025326215.5002 4201032.5000000009 1861025347675.5002 4201032.5000000009 4201009.5000000009 1861025334367.5002 2946978529348.5005 858533846337.00012 50.500000000000007 4200977.5000000009 52.500000000000007 1325782932673.0002
decision_type=2 2 2 2 2 2 2 2 2 2 2 2 2 2 2 2 2 2 2 2 2 2 2 2 2 2 2 2 2 2
left_child=1 13 4 18 10 6 -6 12 9 -5 -3 -10 15 24 23 -2 -16 -12 19 -4 -18 -20 -9 -15 25 26 -1 -17 -14 -7
right_child=7 2 3 8 5 29 -8 22 11 -11 17 -13 28 14 16 27 20 -19 21 -21 -22 -23 -24 -25 -26 -27 -28 -29 -30 -31
leaf_value=-0.0031715020202432659 0.0020897822306568917 0.0089097372580017216 -0.018295893870738031 0.0064948919822547732 0.008519165935170726 0.0089276770130076819 -0.013841632141995438 0.0016188427506920843 0.0084150646196849629 -0.025567424222956214 -0.012954198820455438 0.0016930501823167899 -0.012067560329652702 -0.0022175208712241073 -0.016092593262320359 -0.016252152493848447 -0.00068962052488341749 -0.00080474770656338449 -0.010682485609329788 -0.01110721050183342 -0.011394418634120109 -0.019306331884862277 -0.012141603707200155 0.0099039996417800667 -0.0079685605541944572 -0.01544025674036778 -0.015733337449848457 -0.010888360107762327 -0.017256767443289054 0.01069805019603632
leaf_weight=6.8504191040992728 4.4657683819532421 5.511711951345208 43.169469356536865 191.25143734365702 182.8028723411262 77.245883449912071 38.374747142195702 7.6415255367755872 126.13592247664928 24.021340519189835 11.056691139936449 26.864100776612759 5.0394378453493109 4.5059009417891485 12.280531749129297 8.2283114641904849 8.1249261796474439 5.5955837145447722 24.56857426464558 9.6601829975843412 6.2066382914781562 5.9446413666009894 2.4615308791399002 4.2915618717670441 6.6883296817541114 32.479521304368973 8.5553913265466672 16.709090068936348 81.557805866003036 65.307356752455235
leaf_count=29 23 88 175 2508 2795 1204 157 66 1715 118 45 331 21 31 51 36 48 45 103 39 30 26 20 29 27 133 35 73 333 1073
internal_value=0 0.00196641 0.00331506 0.00101983 0.00600117 0.006638 0.00463952 -0.0142112 0.00471096 0.0029172 -0.00444982 0.0072348 -0.0152979 -0.0105859 -0.00681844 -0.0104183 -0.0102942 -0.00887168 -0.0152904 -0.0169814 -0.0053256 -0.0123626 -0.00173378 0.00369558 -0.0130305 -0.0137375 -0.0101475 -0.0126582 -0.0169548 0.00973873
internal_weight=0 927.494 837.511 451.616 385.895 363.731 221.178 126.103 368.273 215.273 22.164 153 116 89.9832 35.4096 29.4032 26.6121 16.6523 83.3429 52.8297 14.3316 30.5132 10.1031 8.79746 54.5737 47.8853 15.4058 24.9374 86.5972 142.553
internal_count=11407 10835 10422 5015 5407 5229 2952 572 4672 2626 178 2046 486 413 189 132 129 90 343 214 78 129 86 60 224 197 64 109 354 2277
is_linear=0
shrinkage=0.01


Tree=85
num_leaves=21
num_cat=0
split_feature=2 0 0 0 0 0 12 12 12 2 12 12 2 0 0 2 0 0 12 0
split_gain=127.297 23.8066 159.228 55.1845 214.295 8.03359 10.0095 2.13578 3.8682 1.93558 1.19348 0.440715 0.405876 0.362866 0.464265 0.308147 0.269626 0.259817 0.188697 0.161481
threshold=56.500000000000007 4200970.0000000009 4200977.5000000009 4200993.0000000009 4200985.0000000009 4201048.0000000009 1.9690143438181578 2.8983726292905869 2.8993418835252593 49.500000000000007 2.9009550630559189 2.8974253360442215 50.500000000000007 4201032.5000000009 4201048.0000000009 51.500000000000007 4200962.0000000009 4201009.5000000009 1.9657402510146069 4200939.5000000009
decision_type=2 2 2 2 2 2 2 2 2 2 2 2 2 2 2 2 2 2 2 2
left_child=5 16 -3 4 -4 9 15 11 -9 -1 -10 -8 -11 17 -15 -7 19 -5 -14 -2
right_child=1 2 3 13 -6 6 7 8 10 12 -12 -13 18 14 -16 -17 -18 -19 -20 -21
leaf_value=-0.010447709897707156 0.0031297215919439572 -0.034996975439447117 0.0042065735628004624 0.0029038076434602369 -0.017994899928328503 0.0030913618565189165 -0.011978065232339135 -0.00021938191539792821 -0.013244720480326749 -0.013200143677930019 -0.0066159733225010587 -0.015801242267796639 -0.01416032632076107 0.0034778589582089704 0.0021342512909610241 -0.00040061202951562492 0.0028066705975203811 0.0022383300749901514 -0.015986098869299196 0.0036513147493698662
leaf_weight=18.098159521818161 118.8264302611351 12.774749420583246 121.40074567124248 121.31354410201311 67.731990016996861 4.0982053801417351 7.9456346631050128 4.6210469305515316 7.9438776522874814 16.801301300525665 4.1273562163114548 4.859017625451088 9.595861479640007 125.31984786689281 32.357083879411221 6.5916636288166028 118.77079377323389 113.61056464165449 13.803630188107491 118.59345807880163
leaf_count=75 1446 68 1416 1490 298 28 36 25 38 69 21 21 39 1526 373 40 1465 1406 57 1470
internal_value=0 0.00115127 -7.35982e-05 0.000693312 -0.00374419 -0.0107921 -0.00735212 -0.0103566 -0.00799979 -0.0131634 -0.0109782 -0.0134289 -0.0143859 0.00283105 0.00320214 0.000938116 0.00319567 0.00258198 -0.0152374 0.00339026
internal_weight=0 950.699 594.509 581.734 189.133 98.4858 40.1868 29.4969 16.6923 58.299 12.0712 12.8047 40.2008 392.601 157.677 10.6899 356.191 234.924 23.3995 237.42
internal_count=11407 10958 6577 6509 1714 449 209 141 84 240 59 57 165 4795 1899 68 4381 2896 96 2916
is_linear=0
shrinkage=0.01


Tree=86
num_leaves=31
num_cat=0
split_feature=1 2 1 1 1 0 0 0 0 1 1 1 1 1 0 1 1 1 0 1 1 1 2 1 0 1 1 0 0 0
split_gain=285.998 154.717 48.8664 271.983 25.5134 22.1931 153.129 16.136 208.05 15.6996 13.4427 12.8685 11.9256 11.2304 7.51994 11.6306 10.17 11.4514 5.46962 3.5111 1.95061 2.92702 5.90959 1.82464 1.66327 2.56115 1.49418 1.31219 2.13255 1.1905
threshold=3985955690461.5005 56.500000000000007 1818756050482.5002 1861025332985.5002 507703113266.50006 4200993.0000000009 4200985.0000000009 4200993.0000000009 4200985.0000000009 3985955706084.5005 3985955694497.5005 251391422769.50003 3399813431033.5005 1861025328962.5002 4201048.0000000009 1514623709106.0002 1514623739995.5002 1861025332985.5002 4200977.5000000009 4179354223176.5005 2946978529348.5005 858533846337.00012 50.500000000000007 1861025320697.5002 4201032.5000000009 3985955698312.5005 1861025331631.0002 4200962.0000000009 4200993.0000000009 4201032.5000000009
decision_type=2 2 2 2 2 2 2 2 2 2 2 2 2 2 2 2 2 2 2 2 2 2 2 2 2 2 2 2 2 2
left_child=1 14 4 13 11 6 -6 8 -5 10 27 -3 -9 23 20 -16 -17 -18 -13 -11 21 22 -1 -4 -12 -26 -15 -2 -29 -30
right_child=9 2 3 7 5 -7 -8 12 -10 19 24 18 -14 26 15 16 17 -19 -20 -21 -22 -23 -24 -25 25 -27 -28 28 29 -31
leaf_value=-0.0030189631805482482 -0.0035131199632772287 0.0088840808894406573 -0.01202895292797425 0.0069276913022092261 0.0084889179131623065 0.0097190161291638936 -0.013462370798935317 0.0089470088633628441 -0.024503423465167439 -0.0055454662590772308 -0.017095586608446445 -0.0018173817858910114 0.0013649508178492043 -0.0054117942443111236 -0.014442518519699243 0.0097039518814327728 -0.01868187998088857 -0.0008238376437267671 -0.013505886752476815 0.0074185350599994676 -0.0077487637767478844 -0.015220697477503708 -0.015484705328508454 -0.016593525178983003 -0.0082944914004654396 -0.016046741109764409 -0.012092798406345338 -0.012926269410962078 -0.0026121573408975276 -0.0093012157481461005
leaf_weight=6.8668074309825888 4.9547007903456715 5.4576748833060291 10.154270321130751 182.41332291066647 181.00799640268087 141.00914613902569 38.546268805861473 120.80586309731007 23.80809973180294 7.1385723799467069 75.711603164672852 6.69290813058615 25.045535713434219 13.241396985948088 12.839097663760183 5.2316499948501614 5.1544369757175472 11.836831226944922 9.9631550610065442 2.9534691646695137 6.6952049434185019 32.34300109744072 8.5232999473810178 63.662579789757729 5.8424472659826305 15.75075404345989 4.4800839126110068 8.7960223257541674 4.843814440071581 5.9035199731588364
leaf_count=29 31 88 41 2444 2795 2277 157 1672 115 43 310 34 317 85 54 45 22 66 56 43 27 133 35 258 24 64 41 45 26 30
internal_value=0 0.0020128 0.00336549 0.00110681 0.00598382 0.00662327 0.00463502 0.0050994 0.00329899 -0.0137374 -0.0147305 -0.00444241 0.00764502 -0.0142494 -0.0104769 -0.00686519 -0.00248746 -0.00624122 -0.00880909 -0.00175151 -0.0128035 -0.0135125 -0.0099227 -0.0159656 -0.0163974 -0.0139492 -0.00710079 -0.00810958 -0.00927489 -0.00628646
internal_weight=0 915.779 826.288 443.611 382.677 360.563 219.554 352.073 206.221 131.895 121.803 22.1137 145.851 91.5383 89.4903 35.062 22.2229 16.9913 16.6561 10.092 54.4283 47.7331 15.3901 73.8169 97.3048 21.5932 17.7215 24.4981 19.5434 10.7473
internal_count=11407 10791 10380 4973 5407 5229 2952 4548 2559 616 530 178 1989 425 411 187 133 88 90 86 224 197 64 299 398 88 126 132 101 56
is_linear=0
shrinkage=0.01


Tree=87
num_leaves=31
num_cat=0
split_feature=1 12 1 1 1 0 0 0 0 1 1 1 1 1 0 1 1 1 1 1 1 1 12 1 0 1 1 0 0 0
split_gain=280.708 151.672 48.3476 267.007 25.2014 22.0692 150.638 15.9711 202.902 15.4294 13.3889 12.6093 11.86 11.1614 7.53679 11.5859 9.87529 11.3163 5.3962 3.44464 1.93123 2.89459 4.98494 1.8219 1.65367 2.53808 1.43782 1.27847 2.07291 1.15851
threshold=3985955690461.5005 1.4814014859090314 1818756050482.5002 1861025332985.5002 507703113266.50006 4200993.0000000009 4200985.0000000009 4200993.0000000009 4200985.0000000009 3985955706084.5005 3985955694497.5005 251391422769.50003 3399813431033.5005 1861025328962.5002 4201048.0000000009 1514623709106.0002 1514623739995.5002 1861025332985.5002 330364825549.00006 4179354223176.5005 2946978529348.5005 858533846337.00012 1.9663941833800986 1861025320697.5002 4201032.5000000009 3985955698312.5005 1861025331631.0002 4200962.0000000009 4200993.0000000009 4201032.5000000009
decision_type=2 2 2 2 2 2 2 2 2 2 2 2 2 2 2 2 2 2 2 2 2 2 2 2 2 2 2 2 2 2
left_child=1 2 4 13 11 6 -6 8 -5 10 27 -1 -9 23 20 -16 -17 -18 -13 -11 21 22 -3 -4 -12 -26 -15 -2 -29 -30
right_child=9 14 3 7 5 -7 -8 12 -10 19 24 18 -14 26 15 16 17 -19 -20 -21 -22 -23 -24 -25 25 -27 -28 28 29 -31
leaf_value=0.0088635857824776038 -0.0034708113195805251 -0.015281868182629527 -0.011897043934922791 0.006897729315534438 0.0084659496410436595 0.0097037244187394862 -0.013304506920849828 0.0089230133468505921 -0.02401498943561324 -0.00547234564901796 -0.016963842499384232 -0.01274553843946793 0.0013528349930293445 -0.0053446633642609395 -0.014333794171787094 0.0096750239030458235 -0.018414769757577269 -0.0007129915652646599 -0.00072035074839287396 0.0073911341406722696 -0.0076683941842333996 -0.015104768010548858 -0.0038831600420252341 -0.016456836136490963 -0.0082012087436953863 -0.015916955713614386 -0.011877131302907353 -0.012742450101506202 -0.0025829990969129728 -0.0091739685831055302
leaf_weight=5.4158017635345486 4.9648954719305065 8.0252884030342084 10.164137050509451 181.37881605327129 179.69069273397326 139.82497857883573 38.613257005810738 119.79631810635328 24.04817470908165 7.1615012586116773 75.53746534883976 11.078458070755007 25.017279259860516 13.273474499583246 12.807279095053671 5.1950034424662617 5.176797196269038 11.942547760903834 5.6271239891648284 2.9348679110407829 6.6977084130048743 32.265708595514297 7.350768417119979 63.550002723932266 5.8497745841741589 15.720543086528776 4.5156389176845542 8.8334920853376406 4.8494810536503774 5.9254391193389893
leaf_count=88 31 33 41 2444 2795 2277 157 1671 115 43 310 45 317 85 54 45 22 67 45 43 27 133 31 258 24 64 41 45 26 30
internal_value=0 0.00200236 0.00334812 0.00109802 0.00596211 0.00660194 0.00461523 0.00507187 0.00327895 -0.0136122 -0.0145979 -0.00439624 0.00761523 -0.0141124 -0.0103628 -0.00675252 -0.00240127 -0.00606591 -0.00869496 -0.00173312 -0.0126963 -0.0134032 -0.00983253 -0.0158281 -0.0162665 -0.0138245 -0.00700288 -0.00800375 -0.0091515 -0.00620756
internal_weight=0 911.455 821.994 441.744 380.25 358.129 218.304 350.241 205.427 131.777 121.681 22.1214 144.814 91.5033 89.4611 35.1216 22.3143 17.1193 16.7056 10.0964 54.3395 47.6418 15.3761 73.7141 97.1078 21.5703 17.7891 24.5733 19.6084 10.7749
internal_count=11407 10791 10379 4972 5407 5229 2952 4547 2559 616 530 178 1988 425 412 188 134 89 90 86 224 197 64 299 398 88 126 132 101 56
is_linear=0
shrinkage=0.01


Tree=88
num_leaves=10
num_cat=0
split_feature=2 2 2 12 12 2 12 2 12
split_gain=120.331 2.66403 3.20506 2.63692 3.34222 0.743644 0.695725 0.462708 0.177912
threshold=56.500000000000007 53.500000000000007 51.500000000000007 2.8983726292905869 2.8974253360442215 48.500000000000007 2.9006279862112208 52.500000000000007 2.8987101409770593
decision_type=2 2 2 2 2 2 2 2 2
left_child=1 2 5 4 7 -1 8 -4 -7
right_child=-2 -3 3 -5 -6 6 -8 -9 -10
leaf_value=-0.0076420001420497855 0.0011292731862204272 -0.016338901929679954 -0.0051035870360825629 -0.0003807458805177943 -0.015512224799970629 -0.011686138730388422 -0.0079150254006772162 -0.0085161808486703249 -0.013419375008621365
leaf_weight=5.2198725938796988 940.64089023694396 7.2560482174158087 10.372543908655649 4.7466584369540206 5.3087276220321646 47.248694650828838 4.7590077370405188 6.4399974942207363 6.7710055708885184
leaf_count=23 10958 32 52 27 23 207 24 31 30
internal_value=0 -0.010508 -0.0100424 -0.00714379 -0.00859497 -0.0112592 -0.0115805 -0.00641077 -0.0119034
internal_weight=0 98.1226 90.8665 26.8679 22.1213 63.9986 58.7787 16.8125 54.0197
internal_count=11407 449 417 133 106 284 261 83 237
is_linear=0
shrinkage=0.01


Tree=89
num_leaves=31
num_cat=0
split_feature=1 2 1 1 1 0 0 1 0 0 1 1 1 0 0 12 1 0 1 0 0 0 1 1 1 2 0 2 1 1
split_gain=275.796 144.175 50.1413 258.328 24.9125 21.9745 148.292 16.1647 16.0541 200.012 12.379 9.8509 9.28348 7.94549 7.83865 12.3297 8.26667 5.3359 4.04855 4.03303 3.47753 3.43533 2.32076 1.92926 2.89156 5.79048 1.51058 1.33255 1.14149 1.14115
threshold=3985955691713.0005 56.500000000000007 1818756050482.5002 1861025330344.5002 507703113266.50006 4200993.0000000009 4200985.0000000009 3985955706084.5005 4200993.0000000009 4200985.0000000009 251391422769.50003 3399813431033.5005 3985955695784.5005 4200939.5000000009 4201048.0000000009 1.9663941833800986 1514623709106.0002 4200977.5000000009 1861025326215.5002 4201032.5000000009 4201032.5000000009 4201009.5000000009 1955683337422.0002 2946978529348.5005 858533846337.00012 50.500000000000007 4200977.5000000009 52.500000000000007 2135720103013.0002 1325782932673.0002
decision_type=2 2 2 2 2 2 2 2 2 2 2 2 2 2 2 2 2 2 2 2 2 2 2 2 2 2 2 2 2 2
left_child=1 14 4 18 10 6 -6 12 9 -5 -3 -10 13 -2 23 -16 -17 -12 19 -4 -20 -9 -18 24 25 -1 -15 -14 -26 -7
right_child=7 2 3 8 5 29 -8 21 11 -11 17 -13 27 26 15 16 22 -19 20 -21 -22 -23 -24 -25 28 -27 -28 -29 -30 -31
leaf_value=-0.0028268930078452288 0.00220168343059808 0.0088404467064871328 -0.017911338489709445 0.0063970498143231785 0.0084398803935617772 0.008852823500428415 -0.013162987735415814 0.0015982612143170044 0.0083300231415957843 -0.023750382335513815 -0.0017079480991389158 0.0016292691676076149 -0.011564783837969408 -0.015777714546186785 0.00543478182176427 -0.015634183414178077 -0.0020963489346411224 -0.013234977345321768 -0.01035811659569873 -0.010754284670207804 -0.018881226302509865 -0.011961653550659404 -0.010158623638713617 -0.0074743880272407342 -0.016317971138998938 -0.015171029541499337 -0.010553358869893307 -0.016893614505402246 -0.012384799629461608 0.010674678065001013
leaf_weight=6.8876669853925696 4.466882228851321 5.369023900479081 42.978102564811707 187.63300416618586 178.21126230806112 75.118593148887157 38.670974880456924 7.6175983697175962 123.08355206251144 24.930819123983383 6.7042617052793529 26.698616087436676 4.9812247157096854 8.2572670280933398 7.0062393844127646 12.109087437391283 10.968359842896463 10.014307945966719 24.542459934949878 9.6392797976732236 5.9471519589424124 2.4754818677902222 5.2935090363025656 6.7028650045394889 20.641137704253197 8.4770844876766187 16.784313291311264 81.011058509349823 11.484246924519537 63.396313793957233
leaf_count=29 23 88 175 2508 2795 1204 157 66 1715 118 34 331 21 36 50 51 62 56 103 39 26 20 26 27 86 35 73 333 47 1073
internal_value=0 0.00194196 0.00325333 0.00098104 0.00593475 0.00657519 0.004588 -0.0138637 0.00462809 0.00286117 -0.0043701 0.00713562 -0.0149242 -0.0100845 -0.0101064 -0.00644502 -0.00937875 -0.00861256 -0.0149201 -0.0166002 -0.0120206 -0.00172751 -0.00472075 -0.0124966 -0.0132054 -0.00963744 -0.012276 -0.0165849 -0.0149119 0.00968666
internal_weight=0 912.508 822.938 445.453 377.485 355.397 216.882 125.594 362.346 212.564 22.0876 149.782 115.501 29.5085 89.5702 35.3772 28.371 16.7186 83.107 52.6174 30.4896 10.0931 16.2619 54.193 47.4901 15.3648 25.0416 85.9923 32.1254 138.515
internal_count=11407 10835 10422 5015 5407 5229 2952 572 4672 2626 178 2046 486 132 413 189 139 90 343 214 129 86 88 224 197 64 109 354 133 2277
is_linear=0
shrinkage=0.01


Tree=90
num_leaves=31
num_cat=0
split_feature=1 2 1 1 1 0 0 0 0 1 1 1 1 1 0 1 1 1 1 1 1 1 2 1 0 1 1 0 0 1
split_gain=270.899 144.533 47.2315 258.085 24.6081 21.8506 145.897 15.728 193.302 14.9138 13.1664 12.1314 11.7753 10.8506 7.20251 11.1283 9.70905 10.922 5.31681 3.37925 1.91113 2.86172 5.70447 1.86105 1.68571 2.53997 1.46727 1.21602 2.03954 1.14825
threshold=3985955690461.5005 56.500000000000007 1818756050482.5002 1861025332985.5002 507703113266.50006 4200993.0000000009 4200985.0000000009 4200993.0000000009 4200985.0000000009 3985955706084.5005 3985955694497.5005 251391422769.50003 3399813431033.5005 1861025328962.5002 4201048.0000000009 1514623709106.0002 1514623739995.5002 1861025332985.5002 330364825549.00006 4179354223176.5005 2946978529348.5005 858533846337.00012 50.500000000000007 1861025320697.5002 4201032.5000000009 3985955698312.5005 1861025331631.0002 4200962.0000000009 4200993.0000000009 1325782932673.0002
decision_type=2 2 2 2 2 2 2 2 2 2 2 2 2 2 2 2 2 2 2 2 2 2 2 2 2 2 2 2 2 2
left_child=1 14 4 13 11 6 -6 8 -5 10 27 -3 -9 23 20 -16 -17 -18 -13 -11 21 22 -1 -4 -12 -26 -15 -2 -29 -7
right_child=9 2 3 7 5 29 -8 12 -10 19 24 18 -14 26 15 16 17 -19 -20 -21 -22 -23 -24 -25 25 -27 -28 28 -30 -31
leaf_value=-0.0027973311624012315 -0.0034164307016694125 0.0088198985800843118 -0.011605621128546847 0.0068349517853743373 0.008416853256052844 0.0088321514809656092 -0.013011297528282784 0.0088796110959100932 -0.023115022981031026 -0.0053936022956910913 -0.016723486076275069 -0.012524992248169648 0.0013162613150606817 -0.0052094398352221264 -0.014045452999652649 0.009670157687309236 -0.018031148087852739 -0.00066865794960573575 -0.00061932478381846498 0.007366849568236745 -0.0073976833693999355 -0.014802731529418146 -0.01505424169261171 -0.016211578470197642 -0.0079386944000672238 -0.0156531595777042 -0.011799403786966492 -0.012504411998827713 -0.006036883039058946 0.010667516186539057
leaf_weight=6.8908345848321906 4.9765025898814228 5.3279232829809215 10.183232873678206 179.23965205997229 176.91831814870238 74.544348455965519 38.730291604995728 118.04834921658039 24.494756489992142 7.1858602166175825 75.16995707154274 11.100858360528948 24.932315692305565 13.320431962609293 12.699509069323538 5.1848392635583904 5.206715494394305 11.911971434950827 5.6652590110898009 2.9181108698248863 6.7046325057744971 32.03919942677021 8.4575173109769803 63.318133622407913 5.8685631006956127 15.647808894515036 4.5268873050808898 8.8694018125534075 10.82921703904867 62.807436790317297
leaf_count=29 31 88 41 2444 2795 1204 157 1672 115 43 310 45 317 85 54 45 22 66 45 43 27 133 35 258 24 64 41 45 56 1073
internal_value=0 0.00198383 0.00330865 0.00107852 0.00591317 0.00655396 0.00456838 0.00501835 0.0032341 -0.0133813 -0.0143531 -0.00432492 0.00756075 -0.0138751 -0.0101077 -0.00657315 -0.00231846 -0.00594953 -0.00850208 -0.00170828 -0.0123948 -0.0131019 -0.00955135 -0.0155734 -0.0160171 -0.013549 -0.00688095 -0.00783312 -0.00894892 0.00967142
internal_weight=0 902.253 813.158 438.064 375.094 353 215.649 346.715 203.734 131.465 121.361 22.094 142.981 91.3487 89.0952 35.003 22.3035 17.1187 16.7661 10.104 54.0922 47.3876 15.3484 73.5014 96.6863 21.5164 17.8473 24.6751 19.6986 137.352
internal_count=11407 10791 10380 4973 5407 5229 2952 4548 2559 616 530 178 1989 425 411 187 133 88 90 86 224 197 64 299 398 88 126 132 101 2277
is_linear=0
shrinkage=0.01


Tree=91
num_leaves=31
num_cat=0
split_feature=1 2 1 1 1 0 0 0 0 1 1 1 1 1 0 12 1 0 1 0 1 1 1 2 1 0 1 1 0 0
split_gain=265.954 142.097 46.6933 253.475 24.3033 21.7268 143.549 15.5883 188.706 14.6657 13.1213 11.9053 11.7173 10.7906 7.08386 11.0416 7.2812 5.22183 3.90044 3.34112 2.86177 1.89326 2.83201 5.62067 1.85852 1.67686 2.51834 1.41285 1.18524 1.98423
threshold=3985955690461.5005 56.500000000000007 1818756050482.5002 1861025332985.5002 507703113266.50006 4200993.0000000009 4200985.0000000009 4200993.0000000009 4200985.0000000009 3985955706084.5005 3985955694497.5005 251391422769.50003 3399813431033.5005 1861025328962.5002 4201048.0000000009 1.9690143438181578 1514623709106.0002 4200962.0000000009 1861025347675.5002 4201009.5000000009 1861025334367.5002 2946978529348.5005 858533846337.00012 50.500000000000007 1861025320697.5002 4201032.5000000009 3985955698312.5005 1861025331631.0002 4200962.0000000009 4200993.0000000009
decision_type=2 2 2 2 2 2 2 2 2 2 2 2 2 2 2 2 2 2 2 2 2 2 2 2 2 2 2 2 2 2
left_child=1 14 4 13 11 6 -6 8 -5 10 28 -3 -9 24 21 20 -17 -13 -18 -11 -16 22 23 -1 -4 -12 -27 -15 -2 -30
right_child=9 2 3 7 5 -7 -8 12 -10 19 25 17 -14 27 15 16 18 -19 -20 -21 -22 -23 -24 -25 -26 26 -28 -29 29 -31
leaf_value=-0.0027681015116728306 -0.003375513769373323 0.0087993238881827439 -0.011481312208343345 0.0068050146380415448 0.008393797565938001 0.0096561780180214867 -0.012862669137464982 0.0088575706819616681 -0.02268287532523983 0.0016009247156688576 -0.01660036949507734 0.0015153819367780437 0.0013045268597224762 -0.0051454840015129526 -0.0020081240913978004 -0.015440861275413291 -0.00035316411159753275 -0.011543763074333491 -0.010825521487699372 -0.011733245737238012 0.0096514133376522249 -0.0073219848286199905 -0.014694861120056342 -0.01493970889793159 -0.016083395605760501 -0.0078508072161177517 -0.015531712741193547 -0.011591730769363002 -0.012330344259294976 -0.0059615941231094009
leaf_weight=6.8939459770917884 4.9864076077938106 5.2871816381812122 10.190515249967573 178.23294945806265 175.63665983825922 136.19869588315487 38.785760462284088 117.16310924291611 24.710706070065498 7.6129865720868093 74.971172541379929 4.0292578041553524 24.905160941183567 13.350984603166582 4.5123781487345678 12.028706014156343 8.1699150279164297 12.753750532865523 6.2982700616121283 2.4949897229671478 3.9459549486637115 6.7062012255191794 31.952081605792046 8.4372334629297239 63.185208857059479 5.8748851716518429 15.612637564539908 4.5617321655154219 8.9044870287179965 10.856182552874087
leaf_count=29 31 88 41 2444 2795 2277 157 1672 115 66 310 20 317 85 31 51 48 70 30 20 27 27 133 35 258 24 64 41 45 56
internal_value=0 0.00197365 0.00329269 0.00107226 0.00589209 0.00653278 0.00454883 0.00499298 0.00321453 -0.0132629 -0.014228 -0.00428618 0.00753349 -0.0137455 -0.0100236 -0.00651629 -0.00969174 -0.00840853 -0.00491198 -0.0016904 0.00343125 -0.0122944 -0.0129996 -0.00946652 -0.0154443 -0.0158945 -0.0134317 -0.00678711 -0.00773211 -0.00883146
internal_weight=0 897.936 808.992 436.3 372.691 350.621 214.422 345.012 202.944 131.314 121.206 22.0702 142.068 91.2884 88.9447 34.9552 26.4969 16.783 14.4682 10.108 8.45833 53.9895 47.2833 15.3312 73.3757 96.4587 21.4875 17.9127 24.7471 19.7607
internal_count=11407 10791 10380 4973 5407 5229 2952 4548 2559 616 530 178 1989 425 411 187 129 90 78 86 58 224 197 64 299 398 88 126 132 101
is_linear=0
shrinkage=0.01


Tree=92
num_leaves=31
num_cat=0
split_feature=1 2 1 1 1 0 0 0 0 1 1 1 1 0 0 12 1 1 1 0 0 1 1 2 1 1 0 2 1 1
split_gain=261.206 136.935 48.4194 245.089 24.0068 21.6029 141.246 15.5914 186.03 15.4313 11.6691 9.65975 9.25672 7.69519 7.48251 11.8347 7.98463 5.23766 3.99179 4.00256 3.39594 3.31284 2.22093 1.87958 2.62371 2.23841 1.45247 1.29627 1.16607 0.854833
threshold=3985955691713.0005 56.500000000000007 1818756050482.5002 1861025330344.5002 507703113266.50006 4200993.0000000009 4200985.0000000009 4200993.0000000009 4200985.0000000009 3985955706084.5005 251391422769.50003 3399813431033.5005 3985955695784.5005 4200939.5000000009 4201048.0000000009 1.9663941833800986 1514623709106.0002 330364825549.00006 1861025326215.5002 4201032.5000000009 4201032.5000000009 4179354223176.5005 1955683337422.0002 49.500000000000007 858533846337.00012 2384994529348.5005 4200977.5000000009 52.500000000000007 1325782932673.0002 1861025331631.0002
decision_type=2 2 2 2 2 2 2 2 2 2 2 2 2 2 2 2 2 2 2 2 2 2 2 2 2 2 2 2 2 2
left_child=1 14 4 18 10 6 -6 8 -5 12 -3 -9 13 -2 23 29 -17 -12 19 -4 -20 -11 -18 24 -1 -26 -15 -14 -7 -16
right_child=9 2 3 7 5 28 -8 11 -10 21 17 -13 27 26 15 16 22 -19 20 -21 -22 -23 -24 -25 25 -27 -28 -29 -30 -31
leaf_value=-0.0030719745580872564 0.002348175465190643 0.0087787218403367877 -0.017523181370749274 0.0063086999588587937 0.0083707121766478845 0.008788741198463736 -0.012716998735164667 0.0082565037300196559 -0.022460873452754805 -0.0053020653501854517 -0.012297724665262166 0.0016008428019830684 -0.011253546732835405 -0.015314559575336449 0.0092827516212691027 -0.015342301674853426 -0.002019098270122476 -0.00051283217150246941 -0.010014319446460107 -0.010380512023952909 -0.018438729824908014 0.0073466818208322727 -0.0098855042713350515 -0.013479642290181089 -0.015364991828206694 -0.0068086598170050781 -0.010201805846020085 -0.016530488993133745 0.010654090688926667 0.0022410394749004582
leaf_weight=4.666805267333987 4.4732971489429501 5.2467964664101627 42.74247382581234 184.73810214549303 174.36620296165347 73.356923684477806 38.837481588125229 120.516595877707 25.589070186018944 7.2143113911151868 11.122405186295511 26.62369778752327 4.9412235468626013 8.2866747826337832 3.1293414011597624 11.985137283802034 10.975595511496069 5.7059737071394911 24.510631293058399 9.6092225760221464 5.9457282423973075 2.9042033329606056 5.3329692482948294 36.588159173727036 7.4358073323965055 5.1926027685403824 16.864857599139214 80.392233118414879 61.69906996935606 3.8386650681495667
leaf_count=20 23 88 175 2508 2795 1204 157 1715 118 43 45 331 21 36 25 51 62 45 103 39 26 43 26 152 31 21 73 333 1073 25
internal_value=0 0.00191207 0.00320578 0.00096428 0.0058706 0.00651162 0.00452935 0.0045553 0.0028085 -0.0135109 -0.00424216 0.00705222 -0.014553 -0.00973692 -0.00985187 -0.00627048 -0.00914548 -0.00830184 -0.0145375 -0.0162121 -0.0116589 -0.00167164 -0.00459145 -0.0121956 -0.00947904 -0.0118468 -0.0118863 -0.0162249 0.00964091 0.00540348
internal_weight=0 899.755 810.61 440.276 370.335 348.26 213.204 357.467 210.327 125.077 22.0752 147.14 114.958 29.6248 89.1451 35.2617 28.2937 16.8284 82.8081 52.3517 30.4564 10.1185 16.3086 53.8834 17.2952 12.6284 25.1515 85.3335 135.056 6.96801
internal_count=11407 10835 10422 5015 5407 5229 2952 4672 2626 572 178 2046 486 132 413 189 139 90 343 214 129 86 88 224 72 52 109 354 2277 50
is_linear=0
shrinkage=0.01


Tree=93
num_leaves=22
num_cat=0
split_feature=12 0 0 0 0 0 12 3 12 12 12 12 0 0 12 0 0 12 12 0 12
split_gain=109.349 22.6137 158.328 48.2142 183.549 7.44155 9.02811 2.61539 2.59854 2.71986 1.61028 1.16109 0.39247 0.463515 0.354729 0.280398 0.273487 0.272601 0.184569 0.160399 0.146463
threshold=1.4814014859090314 4200970.0000000009 4200977.5000000009 4200993.0000000009 4200985.0000000009 4201048.0000000009 1.9690143438181578 50.500000000000007 2.8983726292905869 2.8996580756647572 1.967048558543266 2.8980566511096142 4201032.5000000009 4201048.0000000009 1.9663941833800986 4200962.0000000009 4201009.5000000009 1.9657402510146069 1.9657402510146069 4200939.5000000009 1.9677033768039414
decision_type=2 2 2 2 2 2 2 2 2 2 2 2 2 2 2 2 2 2 2 2 2
left_child=1 15 -3 4 -4 10 17 8 -8 -10 14 -9 16 -14 18 19 -5 -7 -2 -1 -12
right_child=5 2 3 12 -6 6 7 11 9 -11 20 -13 13 -15 -16 -17 -18 -19 -20 -21 -22
leaf_value=0.0030599734394248543 -0.013290950322539441 -0.035145694128071156 0.004137969914599901 0.0027903222429462447 -0.016366132562590393 -0.00011166881489828862 -0.0128250011956268 -0.0097090111910031838 0.0021916664349984835 -0.0078704133207366279 -0.010498864927457279 -0.016126206328778366 0.0033911287706808371 0.0020253774480212491 -0.01240789350910048 0.002718926970109808 0.0020950311804403851 0.0031758949301350569 -0.01513903080837359 0.003588588130697869 -0.0085332053746988885
leaf_weight=114.95056360587478 9.4682780802249908 12.619959659874437 117.37074013799429 116.98937232047319 69.517227716743946 6.5833707228302938 5.6435823291540173 5.0081249251961726 3.9627181142568579 8.340721018612383 13.658817976713182 6.4518679082393646 120.98812406137586 31.272764503955841 16.521399289369583 114.95465296879411 109.54396834596992 4.0886183977127075 12.589510396122932 114.65513122081757 5.2466869950294486
leaf_count=1446 39 68 1416 1490 298 40 26 23 22 41 57 30 1526 372 69 1465 1406 28 53 1470 22
internal_value=0 0.00109412 -0.000114174 0.000667353 -0.003489 -0.0100382 -0.00673064 -0.00958979 -0.00720671 -0.0046296 -0.0123442 -0.0133218 0.002718 0.00311062 -0.0135159 0.00312209 0.0024541 0.00114785 -0.0143457 0.00332394 -0.00995335
internal_weight=0 922.863 578.302 565.682 186.888 97.5637 40.079 29.407 17.947 12.3034 57.4847 11.46 378.794 152.261 38.5792 344.56 226.533 10.672 22.0578 229.606 18.9055
internal_count=11407 10957 6576 6508 1714 450 210 142 89 63 240 53 4794 1898 161 4381 2896 68 92 2916 79
is_linear=0
shrinkage=0.01


Tree=94
num_leaves=31
num_cat=0
split_feature=1 2 1 1 1 0 0 0 0 1 1 1 1 1 0 1 1 1 0 1 1 1 2 1 0 1 1 1 1 0
split_gain=257.243 135.206 45.7908 245.362 23.8514 21.2709 136.587 15.1528 177.174 14.1453 12.917 11.6402 11.4728 10.5439 6.77783 10.6264 9.42078 10.7133 5.12285 3.25867 1.90726 2.83115 5.51265 1.89735 1.69892 2.52144 1.41386 1.17638 1.15869 1.11732
threshold=3985955690461.5005 56.500000000000007 1818756050482.5002 1861025332985.5002 507703113266.50006 4200993.0000000009 4200985.0000000009 4200993.0000000009 4200985.0000000009 3985955706084.5005 3985955694497.5005 3399813431033.5005 251391422769.50003 1861025328962.5002 4201048.0000000009 1514623709106.0002 1514623739995.5002 1861025332985.5002 4200977.5000000009 4179354223176.5005 2946978529348.5005 858533846337.00012 50.500000000000007 1861025320697.5002 4201032.5000000009 3985955698312.5005 1861025331631.0002 1325782932673.0002 2135720103013.0002 4200962.0000000009
decision_type=2 2 2 2 2 2 2 2 2 2 2 2 2 2 2 2 2 2 2 2 2 2 2 2 2 2 2 2 2 2
left_child=1 14 4 13 12 6 -6 8 -5 10 29 -9 -3 23 20 -16 -17 -18 -14 -11 21 22 -1 -4 -12 -26 -15 -7 -23 -2
right_child=9 2 3 7 5 27 -8 11 -10 19 24 -13 18 26 15 16 17 -19 -20 -21 -22 28 -24 -25 25 -27 -28 -29 -30 -31
leaf_value=-0.002559687948639912 -0.0033496711514843852 0.0087528606876256694 -0.011216618531706118 0.006743181038917038 0.0083403541791908561 0.0087615574971851747 -0.01239211691361381 0.0088081351854015517 -0.021575723647182091 -0.0052756840212465576 -0.016385287169772965 0.0012543324129241449 -0.0014859999144386407 -0.0050252294158682808 -0.01369814980986634 0.0096553763612771629 -0.017689302158315868 -0.00053237706739506284 -0.012749703888006201 0.0073074107947546929 -0.0070055029376120291 -0.015839788142085743 -0.014625423343770767 -0.015865743731935677 -0.0076183780135199528 -0.015302355440321241 -0.011466464379647252 0.010645415437686169 -0.011853055482853378 -0.0086431495968338386
leaf_weight=6.9108844250440589 4.991085700690749 5.1957928873598602 10.201548352837561 175.88319174200296 172.67596799880266 72.625899381935596 38.942928373813629 115.20629251748323 25.266267105937004 7.22265876829624 74.541906699538231 24.789581596851349 6.7271857634186771 13.385611645877363 12.544004037976263 5.1578826904296902 5.2318439185619381 11.958425745368002 10.100323617458342 2.8782512620091438 6.7085284590721121 20.330926418304447 8.3760603219270688 62.915603876113892 5.8893519788980511 15.535725578665732 4.5715983510017386 60.97927026078105 11.365467399358748 19.829992078244686
leaf_count=29 31 88 41 2444 2795 1204 157 1672 115 43 310 317 34 85 54 45 22 66 56 43 27 86 35 258 24 64 41 1073 47 101
internal_value=0 0.00195854 0.00325738 0.00105133 0.00585372 0.0064974 0.00452508 0.00494429 0.00318606 -0.0130582 -0.0140089 0.00747056 -0.00423618 -0.0135309 -0.00976345 -0.00633215 -0.00219762 -0.00575407 -0.00824678 -0.00169013 -0.0119933 -0.0127055 -0.00917078 -0.0152171 -0.015672 -0.0131902 -0.00666506 0.00962138 -0.0144103 -0.00757872
internal_weight=0 888.051 799.467 432.22 367.247 345.224 211.619 341.145 201.149 130.889 120.788 139.996 22.0233 91.0744 88.584 34.8922 22.3482 17.1903 16.8275 10.1009 53.6919 46.9833 15.2869 73.1172 95.967 21.4251 17.9572 133.605 31.6964 24.8211
internal_count=11407 10791 10380 4973 5407 5229 2952 4548 2559 616 530 1989 178 425 411 187 133 88 90 86 224 197 64 299 398 88 126 2277 133 132
is_linear=0
shrinkage=0.01


Tree=95
num_leaves=31
num_cat=0
split_feature=1 2 1 1 1 1 1 1 1 1 1 1 1 1 1 1 1 1 12 1 1 1 1 1 2 1 1 1 1 2
split_gain=252.596 132.947 45.2588 241.049 23.5607 17.8375 13.9171 12.8822 11.2462 7.30589 7.15725 5.15704 4.64151 3.94896 3.86866 6.4022 4.69707 4.60778 4.38261 3.19752 3.02859 1.57781 1.55528 1.52511 1.31553 0.732178 0.283792 0.202944 0.192782 0.0935434
threshold=3985955690461.5005 56.500000000000007 1818756050482.5002 1861025330344.5002 507703113266.50006 1514623741114.5002 3985955706084.5005 3985955694497.5005 251391422769.50003 1861025332985.5002 3399813435297.5005 330364825549.00006 1861025331631.0002 1861025326215.5002 701677501646.00012 1119808859462.5002 643953703719.50012 1514623709106.0002 2.8983726292905869 4179354223176.5005 1861025320697.5002 1514623721394.0002 1861025327577.0002 3985955695784.5005 52.500000000000007 1818756047612.5002 3985955691713.0005 3985955700886.0005 87670330574.000015 51.500000000000007
decision_type=2 2 2 2 2 2 2 2 2 2 2 2 2 2 2 2 2 2 2 2 2 2 2 2 2 2 2 2 2 2
left_child=1 14 4 13 8 21 7 26 28 12 -11 -10 -5 20 16 -16 -1 -17 -19 -8 -4 -6 -15 -9 -25 -7 -2 -26 -3 -18
right_child=6 2 3 9 5 25 19 23 11 10 -12 -13 -14 22 15 17 29 18 -20 -21 -22 -23 -24 24 27 -27 -28 -29 -30 -31
leaf_value=-0.0057904774917690947 -0.0056038800285509215 0.010657466634490751 -0.011099007896387316 0.0036543690997035408 0.0056202468424183961 0.011147003087899189 -0.0052071315056577364 -0.012030661633827133 -0.01211016564396826 0.0055142188038976173 0.0013753950250963004 -0.00043818763410189115 -0.011268053823245012 -0.0083983159561279302 0.0029585712544729194 -0.015575134720443534 -0.017655610487824248 -0.009513603242505473 -0.0019725545397878737 0.0072799349103143942 -0.017173000122060779 0.0035180136462282991 -0.01312545706367998 -0.010980334598881402 -0.015808848516588581 0.0073318980318284425 -0.008088609104123623 -0.016816615044674875 0.0067902199528811482 -0.015995039887058124
leaf_weight=5.5305266529321697 6.0833389312028912 2.5892329104244736 10.206526786088942 3.8078090921044332 227.57889316231012 67.539846945554018 7.2444580346345884 10.873115763068197 11.136885717511179 290.67236422002316 48.796467304229736 5.7345639243721953 4.6054032370448112 10.777824670076372 4.5038891583681098 10.1016339212656 5.6858345121145257 44.878124348819256 9.3045432940125448 2.8603133410215378 41.945415288209915 42.345030561089516 19.648535251617432 4.9024547785520545 39.631032794713974 5.435236018151044 18.80890029668808 40.305941462516785 2.5669774562120438 8.4099517762660945
leaf_count=23 44 45 41 41 3397 1124 43 44 45 3947 601 45 41 44 19 44 24 212 53 43 173 618 85 21 165 90 88 168 43 36
internal_value=0 0.00194849 0.0032416 0.00104526 0.00583235 0.00647636 -0.0129455 -0.01389 -0.00419279 0.00469115 0.00491929 -0.00814289 -0.00451418 -0.014314 -0.00968443 -0.0085671 -0.0136006 -0.00937462 -0.00821861 -0.00167247 -0.0159843 0.00529045 -0.011451 -0.0155567 -0.0160086 0.0108629 -0.00748137 -0.016317 0.00873219 -0.0166649
internal_weight=0 883.802 795.387 430.46 364.927 342.899 130.71 120.605 22.0277 347.882 339.469 16.8714 8.41321 82.5783 88.4145 68.7882 19.6263 64.2843 54.1827 10.1048 52.1519 269.924 30.4264 95.7125 84.8394 72.9751 24.8922 79.937 5.15621 14.0958
internal_count=11407 10791 10380 4973 5407 5229 616 530 178 4630 4548 90 82 343 411 328 83 309 265 86 214 4015 129 398 354 1214 132 333 88 60
is_linear=0
shrinkage=0.01


Tree=96
num_leaves=31
num_cat=0
split_feature=1 2 1 1 1 0 0 0 0 1 1 1 1 0 0 12 1 1 1 0 0 0 1 1 1 2 0 0 1 1
split_gain=248.034 127.914 46.8471 232.866 23.2243 21.3112 134.885 15.1942 175.132 14.6448 11.0393 9.5328 9.21316 7.46509 7.20142 11.3691 7.80498 5.04645 3.93545 3.97336 3.32235 3.25536 2.16624 1.90375 2.81346 5.42291 1.42253 1.30361 1.18765 1.15541
threshold=3985955691713.0005 56.500000000000007 1818756050482.5002 1861025330344.5002 507703113266.50006 4200993.0000000009 4200985.0000000009 4200993.0000000009 4200985.0000000009 3985955706084.5005 251391422769.50003 3399813431033.5005 3985955695784.5005 4200939.5000000009 4201048.0000000009 1.9663941833800986 1514623709106.0002 330364825549.00006 1861025326215.5002 4201032.5000000009 4201032.5000000009 4201009.5000000009 1955683337422.0002 2946978529348.5005 858533846337.00012 50.500000000000007 4200977.5000000009 4201032.5000000009 1325782932673.0002 2135720103013.0002
decision_type=2 2 2 2 2 2 2 2 2 2 2 2 2 2 2 2 2 2 2 2 2 2 2 2 2 2 2 2 2 2
left_child=1 14 4 18 10 6 -6 8 -5 12 -3 -9 13 -2 23 -16 -17 -12 19 -4 -20 -11 -18 24 25 -1 -15 -14 -7 -26
right_child=9 2 3 7 5 28 -8 11 -10 21 17 -13 27 26 15 16 22 -19 20 -21 -22 -23 -24 -25 29 -27 -28 -29 -30 -31
leaf_value=-0.0024631526813692433 0.0024703497415574567 0.0087115344742393283 -0.017172686744141942 0.0062240976485453446 0.0082991534671914523 0.0087273912557272876 -0.012324329539255351 0.0081837302519291947 -0.021481773511769602 0.0016068649574711702 -0.0119766286489261 0.0015447192927153554 -0.016583824901165851 -0.014925444757308531 0.0054372531353428502 -0.015015787952822275 -0.0018212353369633423 -0.00043367210487386737 -0.0097049493334333842 -0.010041072110691239 -0.018036764538583099 -0.011527910358904093 -0.0095620989974612141 -0.0068391335274694473 -0.015673918475532539 -0.014442909056500251 -0.009872880368715484 -0.013657196163210197 0.010633964960597143 -0.011683509713016111
leaf_weight=6.9162676334381095 4.48155049979687 5.1169579178094891 42.460035145282745 181.71235878020525 170.4624792560935 71.720889218151569 38.961698144674301 118.04929187148809 26.090996012091637 7.5981658771634084 11.148390263319017 26.479108646512032 64.68871308863163 8.3036792725324649 6.9740846604108802 11.82114499807358 11.031915456056597 5.7363220304250708 24.485724166035656 9.5738904476165754 5.9486238807439795 2.510339543223381 5.3772947639226905 6.7096685320138922 20.202049553394321 8.3292781412601453 16.940584048628807 19.902554571628571 60.009727910161018 11.322933003306387
leaf_count=29 23 88 175 2508 2795 1204 157 1715 118 66 45 331 272 36 50 51 62 45 103 39 26 20 26 27 86 35 73 82 1073 47
internal_value=0 0.00188487 0.00315112 0.000936728 0.00580236 0.00644457 0.00446232 0.00447732 0.00274545 -0.0131922 -0.00415565 0.00696739 -0.0142124 -0.00942337 -0.00950846 -0.00599623 -0.00882078 -0.00805509 -0.0141898 -0.0158605 -0.0113335 -0.00165502 -0.00435791 -0.0118205 -0.0125351 -0.00900819 -0.0115348 -0.0158953 0.00959593 -0.0142407
internal_weight=0 886.641 797.956 434.8 363.156 341.155 209.424 352.332 207.803 124.426 22.0017 144.528 114.317 29.7258 88.6846 35.2044 28.2304 16.8847 82.4683 52.0339 30.4343 10.1085 16.4092 53.4802 46.7705 15.2455 25.2443 84.5913 131.731 31.525
internal_count=11407 10835 10422 5015 5407 5229 2952 4672 2626 572 178 2046 486 132 413 189 139 90 343 214 129 86 88 224 197 64 109 354 2277 133
is_linear=0
shrinkage=0.01


Tree=97
num_leaves=31
num_cat=0
split_feature=1 2 1 1 1 0 0 0 0 1 1 1 1 1 0 1 1 1 0 1 1 1 2 0 1 1 1 0 0 0
split_gain=243.776 128.417 44.1023 232.929 23.084 28.62 175.68 14.9454 169.68 13.5066 12.7221 11.5225 10.3131 6.95371 6.60773 10.265 9.17846 10.5074 3.16737 1.94157 1.88717 2.78707 5.34693 1.72594 2.54746 1.4037 1.14914 1.06847 1.94918 1.11426
threshold=3985955690461.5005 56.500000000000007 1818756050482.5002 1861025332985.5002 1514623741114.5002 4200970.0000000009 4200977.5000000009 4200993.0000000009 4200985.0000000009 3985955706084.5005 3985955694497.5005 3399813431033.5005 1861025328962.5002 330364825549.00006 4201048.0000000009 1514623709106.0002 1514623739995.5002 1861025332985.5002 4201009.5000000009 1861025320697.5002 2946978529348.5005 858533846337.00012 50.500000000000007 4201032.5000000009 3985955698312.5005 1861025331631.0002 2135720103013.0002 4200962.0000000009 4200993.0000000009 4201032.5000000009
decision_type=2 2 2 2 2 2 2 2 2 2 2 2 2 2 2 2 2 2 2 2 2 2 2 2 2 2 2 2 2 2
left_child=1 14 4 12 5 13 -7 8 -5 10 27 -9 19 -3 20 -16 -17 -18 -11 -4 21 22 -1 -12 -25 -14 -23 -2 -29 -30
right_child=9 2 3 7 -6 6 -8 11 -10 18 23 -13 25 -15 15 16 17 -19 -20 -21 -22 26 -24 24 -26 -27 -28 28 29 -31
leaf_value=-0.002437637600180381 -0.0031961861752435182 -0.0010621692530648243 -0.010824271574821168 0.0066634588790151321 0.010856151201302778 -0.081640163090230547 0.0032425459228237314 0.0087515517393408418 -0.020920106108736257 0.0015924859534466526 -0.01605730660300933 0.0012107061927317908 -0.0047936423722358254 0.0092410334075403149 -0.013425575038508676 0.0096422977350519943 -0.017373429743555043 -0.00042076214037920932 -0.011330215769024488 -0.015526944372268486 -0.00677053057809746 -0.015576645226448527 -0.014339752399712026 -0.0072473211366004976 -0.014968288993416299 -0.011182940494006217 -0.011591609759725719 -0.011814013283211947 -0.0020153485726719851 -0.0084135166123153297
leaf_weight=6.9187633246183387 5.0264887362718609 7.0018761157989493 10.215287894010542 173.29907058179379 71.803085625171661 2.4721602723002425 177.95807075500488 113.0166672244668 25.595065072178841 7.5901444032788259 73.86531837284565 24.689792804419994 13.460667140781881 101.6037578843534 12.409126147627829 5.1399403363466289 5.2555831074714687 12.013315886259077 2.5285072028636932 62.458509221673012 6.7098772525787345 20.125310033559803 8.3054245561361295 5.9123455137014416 15.414714947342871 4.6182011589407912 11.2986973375082 8.9696805775165576 4.9514105319976789 6.0450756400823593
leaf_count=29 31 53 41 2444 1214 23 2474 1672 115 66 310 317 85 1643 54 45 22 66 20 258 27 86 35 24 64 41 47 45 26 30
internal_value=0 0.00192693 0.00320728 0.00103369 0.00578153 0.00452088 0.00207953 0.00486714 0.00311382 -0.0127325 -0.0136667 0.00739953 -0.0131846 0.00857678 -0.00951788 -0.00612905 -0.00208852 -0.0055801 -0.00163671 -0.0148659 -0.0117292 -0.0124425 -0.00893073 -0.0153338 -0.0128279 -0.00642577 -0.0141438 -0.00731706 -0.00835449 -0.0055326
internal_weight=0 876.368 788.192 427.353 360.839 289.036 180.43 336.601 198.894 130.304 120.185 137.706 90.7527 108.606 88.176 34.818 22.4088 17.2689 10.1187 72.6738 53.3581 46.6482 15.2242 95.1924 21.3271 18.0789 31.424 24.9927 19.9662 10.9965
internal_count=11407 10791 10380 4973 5407 4193 2497 4548 2559 616 530 1989 425 1696 411 187 133 88 86 299 224 197 64 398 88 126 133 132 101 56
is_linear=0
shrinkage=0.01


Tree=98
num_leaves=10
num_cat=0
split_feature=2 2 2 12 12 3 12 12 2
split_gain=100.055 2.60144 3.0303 2.4712 3.20198 0.8975 0.861843 0.447891 0.418064
threshold=56.500000000000007 53.500000000000007 51.500000000000007 2.8983726292905869 2.8974253360442215 50.500000000000007 2.8987101409770593 1.9650867611471623 49.500000000000007
decision_type=2 2 2 2 2 2 2 2 2
left_child=1 2 5 4 7 -1 8 -4 -7
right_child=-2 -3 3 -5 -6 6 -8 -9 -10
leaf_value=-0.0071342536688400902 0.0010612118344746411 -0.015459190127473708 -0.0085257996157014036 0.00019332535418663016 -0.01460094890344605 -0.0092014404235056853 -0.014885085052434681 -0.0046979899281776273 -0.01110236776345469
leaf_weight=7.5294434428215018 906.15726796165109 7.1173039078712454 4.0344180911779501 4.7444046437740317 5.2211663872003546 17.873649105429649 4.7536243051290503 12.615290783345698 32.801462046802044
leaf_count=36 10958 32 20 27 23 75 23 63 150
internal_value=0 -0.00964022 -0.00917785 -0.00634898 -0.00776819 -0.0103737 -0.0108138 -0.00562551 -0.0104319
internal_weight=0 96.6908 89.5735 26.6153 21.8709 62.9582 55.4287 16.6497 50.6751
internal_count=11407 449 417 133 106 284 248 83 225
is_linear=0
shrinkage=0.01


Tree=99
num_leaves=31
num_cat=0
split_feature=1 2 1 1 1 0 0 0 0 1 1 1 1 1 0 1 1 1 0 1 0 1 1 1 2 1 2 1 1 1
split_gain=239.558 124.193 43.4945 228.907 23.0421 28.4652 162.701 14.8225 165.982 13.2802 12.6782 11.474 10.2466 6.92195 6.5507 10.1477 8.98016 10.2611 6.10558 3.13509 3.11297 1.93659 1.88659 2.78467 5.30407 1.35502 1.3286 1.14871 1.00096 0.748119
threshold=3985955690461.5005 56.500000000000007 1818756050482.5002 1861025332985.5002 1514623741114.5002 4200970.0000000009 4200977.5000000009 4200993.0000000009 4200985.0000000009 3985955706084.5005 3985955695784.5005 3399813431033.5005 1861025328962.5002 330364825549.00006 4201048.0000000009 1514623709106.0002 1514623739995.5002 1861025332985.5002 4200939.5000000009 4179354223176.5005 4200993.0000000009 1861025320697.5002 2946978529348.5005 858533846337.00012 50.500000000000007 1861025331631.0002 52.500000000000007 2135720103013.0002 3985955694497.5005 1818756047612.5002
decision_type=2 2 2 2 2 2 2 2 2 2 2 2 2 2 2 2 2 2 2 2 2 2 2 2 2 2 2 2 2 2
left_child=1 14 4 12 5 13 -7 8 -5 10 18 -9 21 -3 22 -16 -17 -18 -2 -11 -20 -4 23 24 -1 -14 -12 -25 -22 -6
right_child=9 2 3 7 29 6 -8 11 -10 19 26 -13 25 -15 15 16 17 -19 20 -21 28 -23 -24 27 -26 -27 -28 -29 -30 -31
leaf_value=-0.0023112226876972515 0.0015904904328832511 -0.0010621592964741129 -0.010723995028670765 0.0066287780579419846 0.011133630082649707 -0.076093940514756223 0.0032091496596285624 0.0087267288063412746 -0.020586841032137634 -0.0051132249798560075 -0.010599900504974278 0.0011902502392149223 -0.0047487897529537981 0.0092204575781010111 -0.013266781189678185 0.0096393670528838044 -0.017044892692719072 -0.00032810517049428658 -0.013440665330588233 0.0072629684587341512 -0.0054705777827232828 -0.015420957475608845 -0.0066018812699700545 -0.015420721852529302 -0.014173303796849675 -0.011009971451940248 -0.015993753361680855 -0.011426475857078065 -0.011096385929076748 0.0072304455960416937
leaf_weight=6.9301675260066977 5.0661164820194236 7.0018782690167418 10.21779680252075 172.192706361413 65.802487663924694 2.6253624185919753 177.42698566615582 112.0726430490613 25.761698380112648 7.2732505053281766 4.8460100293159476 24.643290363252163 13.481922365725042 100.70030619204044 12.33262027800083 5.1338163167238262 5.279116943478587 12.060622692108153 15.377355858683588 2.8483770564198494 11.017396576702593 62.302611216902733 6.7093095779418936 19.994218647480015 8.2652600109577161 4.6481603011488906 79.215008720755577 11.252148970961569 4.4360059499740592 5.306585978716611
leaf_count=29 28 53 41 2444 1124 23 2474 1672 115 43 21 317 85 1643 54 45 22 66 74 43 56 258 27 86 35 41 333 47 18 90
internal_value=0 0.00191728 0.00318109 0.00101781 0.005745 0.00448536 0.00205282 0.00483591 0.00308695 -0.0126302 -0.0135584 0.00736827 -0.0130781 0.00855197 -0.00935024 -0.00597786 -0.00197799 -0.00541756 -0.00858346 -0.00163038 -0.0102552 -0.0147592 -0.0115586 -0.0122747 -0.00876337 -0.00635402 -0.0156828 -0.0139824 -0.0070855 0.0108424
internal_weight=0 872.142 784.184 425.321 358.864 287.755 180.052 334.67 197.954 130.08 119.958 136.716 90.6505 107.702 87.9573 34.8062 22.4736 17.3397 35.8969 10.1216 30.8308 72.5204 53.1511 46.4418 15.1954 18.1301 84.061 31.2464 15.4534 71.1091
internal_count=11407 10791 10380 4973 5407 4193 2497 4548 2559 616 530 1989 425 1696 411 187 133 88 176 86 148 299 224 197 64 126 354 133 74 1214
is_linear=0
shrinkage=0.01


Tree=100
num_leaves=31
num_cat=0
split_feature=1 2 1 1 1 1 1 1 1 1 1 1 1 1 1 1 12 1 1 1 1 1 2 1 1 1 1 1 2 1
split_gain=235.333 119.524 44.9911 221.219 22.9757 17.7279 13.9969 10.8895 9.93881 68.6411 11.9233 9.146 3.97818 6.18067 4.70353 4.68867 3.93551 3.89332 3.07667 3.0732 1.54271 1.53919 1.31238 1.04792 0.750222 0.255651 0.21084 0.134457 0.0953296 0.0141442
threshold=3985955691713.0005 56.500000000000007 1818756050482.5002 1861025330344.5002 1514623741114.5002 507703113266.50006 3985955706084.5005 251391422769.50003 3399813435297.5005 3399813436609.0005 2432589651021.5005 3985955695784.5005 701677501646.00012 1119808859462.5002 643953703719.50012 1514623709106.0002 2.8983726292905869 1861025326215.5002 4179354223176.5005 1861025320697.5002 1861025327577.0002 1514623721394.0002 52.500000000000007 3985955694497.5005 1818756047612.5002 1795796958414.0002 3985955700886.0005 3985955699762.0005 51.500000000000007 1818756049046.0002
decision_type=2 2 2 2 2 2 2 2 2 2 2 2 2 2 2 2 2 2 2 2 2 2 2 2 2 2 2 2 2 2
left_child=1 12 4 17 5 7 11 -3 10 -10 -5 23 14 -14 -1 -15 -17 19 -8 -4 -19 -7 -13 -2 25 -6 27 -24 -16 -26
right_child=6 2 3 8 24 21 18 -9 9 -11 -12 22 13 15 28 16 -18 20 -20 -21 -22 -23 26 -25 29 -27 -28 -29 -30 -31
leaf_value=-0.0053853096032456405 -0.0077088952711063929 0.0086801489232063208 -0.010614457825633677 0.0027922913307270409 0.0089417980729393602 0.0055020733360589017 -0.0050473700532444364 -0.0080498797555042471 -0.041681285892314818 0.0034721779483883044 0.0068685404648099937 -0.010518575670759499 0.0032602236286255865 -0.015189600332137784 -0.01730093214640022 -0.0089281721802847141 -0.0017932874903708236 -0.0079588835785798211 0.0072354563709190059 -0.01673666616233864 -0.012677229268749535 0.003409521753678417 -0.015700782480390467 -0.011606488471438352 0.0066600820278715214 0.011302867949921001 -0.016398659599445968 -0.014342691569456709 -0.015612145061879303 0.0076968632290400412
leaf_weight=5.5249023139476803 18.966727718710899 5.0584060512483147 10.219996333122252 125.31716395169497 4.9638184420764437 223.07160449773073 7.2943587154149991 16.851995795965195 3.6071774810552588 50.496086843311787 167.90287663787603 4.8346990942955008 4.5065191835165015 9.8852416872978193 5.6149467527866372 44.990576319396496 9.3348940163850767 10.699835911393167 2.8307043388485909 41.468210905790329 19.66574527323246 41.726389087736607 29.495834842324257 10.841109722852709 2.5169219337403765 60.245060980319977 39.777999699115753 9.6831760704517347 8.2592329382896388 2.7574285678565502
leaf_count=23 88 88 41 1669 89 3397 43 90 44 599 2360 21 19 44 24 214 53 44 43 173 85 618 124 44 45 1035 168 41 36 45
internal_value=0 0.0018551 0.00309236 0.000911004 0.00571455 0.00445705 -0.0128796 -0.00418746 0.00439979 0.000461702 0.00512642 -0.0138838 -0.00918928 -0.00806034 -0.0131883 -0.00885486 -0.00770217 -0.0138566 -0.00161341 -0.0155262 -0.0110146 0.00517233 -0.0155761 -0.00912645 0.0108297 0.0111231 -0.0158858 -0.0153651 -0.0162956 0.00720211
internal_weight=0 874.685 786.569 429.377 357.192 286.708 123.725 21.9104 347.323 54.1033 293.22 113.6 88.1163 68.7172 19.3991 64.2107 54.3255 82.0538 10.1251 51.6882 30.3656 264.798 83.7917 29.8078 70.4832 65.2089 78.957 39.179 13.8742 5.27435
internal_count=11407 10835 10422 5015 5407 4193 572 178 4672 643 4029 486 413 330 83 311 267 343 86 214 129 4015 354 132 1214 1124 333 165 60 90
is_linear=0
shrinkage=0.01


Tree=101
num_leaves=22
num_cat=0
split_feature=12 0 0 0 0 0 12 3 12 12 12 12 0 0 12 0 0 12 12 0 12
split_gain=94.3331 21.8025 149.821 45.9193 170.363 7.0987 8.64102 2.49531 2.46542 1.60505 1.5154 1.1633 0.427877 0.443214 0.339215 0.296622 0.286178 0.245368 0.186025 0.157271 0.1545
threshold=1.4814014859090314 4200970.0000000009 4200977.5000000009 4200993.0000000009 4200985.0000000009 4201048.0000000009 1.9690143438181578 50.500000000000007 2.8983726292905869 1.967048558543266 2.899974053845729 2.8980566511096142 4201032.5000000009 4201048.0000000009 1.9663941833800986 4200962.0000000009 4201009.5000000009 1.9657402510146069 1.9657402510146069 4200939.5000000009 1.9677033768039414
decision_type=2 2 2 2 2 2 2 2 2 2 2 2 2 2 2 2 2 2 2 2 2
left_child=1 15 -3 4 -4 9 17 8 -8 14 -10 -9 16 -14 18 19 -5 -7 -2 -1 -11
right_child=5 2 3 12 -6 6 7 11 10 20 -12 -13 13 -15 -16 -17 -18 -19 -20 -21 -22
leaf_value=0.0030092459852309001 -0.012591756421112838 -0.033959201802351492 0.0040984870442513609 0.0027343936588749983 -0.015707498464025735 0.00032382588305313818 -0.012142740523140537 -0.0089849297926193304 0.00030037596268580279 -0.0098163122480205405 -0.0069218457811176292 -0.015462759087113436 0.0033594941687862278 0.0020067453868498593 -0.011743247450200561 0.0026425524211446988 0.0020124714676586324 0.003428689625246934 -0.014465747327120269 0.0035411031744951101 -0.0077821847184924185
leaf_weight=111.39451514184475 9.3132430911064148 12.817026816308497 113.91649477556348 113.55196240544319 70.187512740492821 6.6308288499712926 5.5962088108062771 4.8987654671072978 4.7339901030063611 13.565959602594377 7.5207971334457397 6.3863206803798676 117.5310683734715 30.506995994597673 16.198221191763878 111.41437667235732 106.3275278583169 4.1309291422367096 12.283542796969414 110.99772891402245 5.1520698070526114
leaf_count=1446 39 68 1416 1490 298 40 26 23 27 57 36 30 1526 372 69 1465 1406 28 53 1470 22
internal_value=0 0.00103755 -0.000159868 0.000624897 -0.00345231 -0.0093712 -0.00614177 -0.00897013 -0.00664328 -0.0116512 -0.00413192 -0.0126508 0.00266511 0.00308073 -0.0128372 0.00306371 0.00238529 0.00151564 -0.0136576 0.0032747 -0.00925643
internal_weight=0 898.645 564.839 552.022 184.104 96.4109 39.8978 29.1361 17.851 56.513 12.2548 11.2851 367.918 148.038 37.795 333.807 219.879 10.7618 21.5968 222.392 18.718
internal_count=11407 10957 6576 6508 1714 450 210 142 89 240 63 53 4794 1898 161 4381 2896 68 92 2916 79
is_linear=0
shrinkage=0.01


Tree=102
num_leaves=31
num_cat=0
split_feature=1 2 1 1 1 0 0 0 0 1 1 1 1 1 0 1 1 1 0 0 0 1 1 1 2 0 1 1 1 1
split_gain=231.825 118.134 42.411 221.579 22.9139 28.1728 147.126 14.6046 160.256 12.8178 12.5197 11.4095 10.1138 6.83616 6.40559 9.94018 8.76333 10.0348 5.95475 3.08939 3.04084 1.93457 1.90088 2.80201 5.23206 1.35768 1.34276 1.15598 1.13428 0.973249
threshold=3985955690461.5005 56.500000000000007 1818756050482.5002 1861025332985.5002 1514623741114.5002 4200970.0000000009 4200977.5000000009 4200993.0000000009 4200985.0000000009 3985955706084.5005 3985955695784.5005 3399813431033.5005 1861025328962.5002 330364825549.00006 4201048.0000000009 1514623709106.0002 1514623739995.5002 1861025332985.5002 4200939.5000000009 4201009.5000000009 4200993.0000000009 1861025320697.5002 2946978529348.5005 858533846337.00012 50.500000000000007 4201032.5000000009 1861025331631.0002 2135720103013.0002 3985955700886.0005 3985955693036.5005
decision_type=2 2 2 2 2 2 2 2 2 2 2 2 2 2 2 2 2 2 2 2 2 2 2 2 2 2 2 2 2 2
left_child=1 14 4 12 5 13 -7 8 -5 10 18 -9 21 -3 22 -16 -17 -18 -2 -11 -20 -4 23 24 -1 -12 -14 -25 -27 -22
right_child=9 2 3 7 -6 6 -8 11 -10 19 25 -13 26 -15 15 16 17 -19 20 -21 29 -23 -24 27 -26 28 -28 -29 -30 -31
leaf_value=-0.0021158317174857426 0.0016218606124132891 -0.0010467879766015435 -0.01052926121692448 0.0065750897200865669 0.010828290790538483 -0.069462267839838027 0.0031611423748210566 0.0086846723317742843 -0.020072905966981063 0.0015717659004492205 -0.016193381444870644 0.0011474238927010854 -0.0046206289085866702 0.0091861474178543956 -0.013046238182827519 0.0096418728323275377 -0.016700925213358239 -0.00020616372081344258 -0.013220670976609847 -0.011172653963929776 -0.0036495745839789893 -0.015225239098707438 -0.0063309760544675601 -0.015204154898337983 -0.013916037056737603 -0.010812262912486832 -0.010841449894552291 -0.011181508400683065 -0.015606616823567381 -0.0088523156025528144
leaf_weight=6.9427117407321921 5.0669775977730742 6.9883949011564246 10.219336494803427 170.20245349407196 69.703345380723476 2.8344660028815261 176.10873189941049 110.49515097588301 26.017231568694115 7.566767141222952 63.766412645578384 24.544774405658245 13.521295860409738 99.200036805123091 12.206663742661474 5.1318364813923862 5.3019472956657436 12.117787793278692 15.400505855679514 2.5407856553792953 5.6763527542352668 61.972098737955093 6.7061873972415915 19.793122529983524 8.1898844838142377 9.9408502876758593 4.6675456985831252 11.178186953067778 9.7989631146192533 9.808158263564108
leaf_count=29 28 53 41 2444 1214 23 2474 1672 115 66 272 317 85 1643 54 45 22 66 74 20 32 258 27 86 35 41 41 47 41 42
internal_value=0 0.00189931 0.00314105 0.000997084 0.00568866 0.00443222 0.00201079 0.00478366 0.00304177 -0.0124449 -0.0133598 0.00731471 -0.0128814 0.00851271 -0.00911128 -0.00577751 -0.00184312 -0.00522658 -0.00842591 -0.00163186 -0.0100743 -0.0145605 -0.0113055 -0.0120291 -0.0085022 -0.0154839 -0.00621699 -0.0137523 -0.0131922 -0.00694508
internal_weight=0 864.043 776.475 421.64 354.835 285.132 178.943 331.26 196.22 129.566 119.458 135.04 90.3803 106.188 87.5683 34.7582 22.5516 17.4197 35.952 10.1076 30.885 72.1914 52.8101 46.1039 15.1326 83.5062 18.1888 30.9713 19.7398 15.4845
internal_count=11407 10791 10380 4973 5407 4193 2497 4548 2559 616 530 1989 425 1696 411 187 133 88 176 86 148 299 224 197 64 354 126 133 82 74
is_linear=0
shrinkage=0.01


Tree=103
num_leaves=31
num_cat=0
split_feature=1 2 1 1 1 0 0 0 0 1 1 0 1 0 12 1 1 1 0 1 0 1 1 1 1 2 0 0 1 1
split_gain=227.736 113.637 43.8814 214.132 22.8461 27.9864 137.769 14.5269 66.1907 13.5317 9.0832 6.97469 6.79552 6.78405 10.7903 6.76312 6.40165 3.86897 3.98136 3.69052 3.26052 3.02451 3.00763 1.88493 2.77719 5.16119 1.35965 1.32147 1.15095 1.12851
threshold=3985955691713.0005 56.500000000000007 1818756050482.5002 1861025330344.5002 1514623741114.5002 4200970.0000000009 4200977.5000000009 4200970.0000000009 4200977.5000000009 3985955706084.5005 3985955695784.5005 4200939.5000000009 330364825549.00006 4201048.0000000009 1.9690143438181578 1514623709106.0002 3399813435297.5005 1861025326215.5002 4201032.5000000009 1861025347675.5002 4201032.5000000009 4179354223176.5005 1861025334367.5002 2946978529348.5005 858533846337.00012 50.500000000000007 4201032.5000000009 4200977.5000000009 2135720103013.0002 3985955700886.0005
decision_type=2 2 2 2 2 2 2 2 2 2 2 2 2 2 2 2 2 2 2 2 2 2 2 2 2 2 2 2 2 2
left_child=1 13 4 17 5 12 -7 16 -9 10 11 -2 -3 23 22 -16 -5 18 -4 -17 -19 -11 -15 24 25 -1 -12 -13 -26 -28
right_child=9 2 3 7 -6 6 -8 8 -10 21 26 27 -14 14 15 19 -18 20 -20 -21 -22 -23 -24 -25 28 -27 29 -29 -30 -31
leaf_value=-0.0020940903123558901 0.0025468545444697617 -0.0010359841833979208 -0.016651297441253127 0.0081601009189492275 0.01081579916198031 -0.065472086270269986 0.0031364355024129141 -0.026364240172994834 0.0038513417483477929 -0.0050042851476227732 -0.016094555998313304 -0.014247556364335428 0.0091676459365696225 -0.0016999857765816946 -0.01450446433339468 0.00016314612025754665 0.001953946677374703 -0.0092062758292062764 -0.0094811941697882061 -0.0099425442047471925 -0.017472350802944132 0.007203463678868368 0.009962292322771512 -0.0062684814009959997 -0.01511638893334911 -0.013821981620572604 -0.010713894438019511 -0.0093882554781115537 -0.011096353364651257 -0.015501015120325088
leaf_weight=6.9446364343166342 4.4822066426277187 6.9906471967697135 41.932911172509193 101.034663438797 69.089089173823595 2.97638976573944 175.72298723086715 7.5023125857114783 215.52944315969944 7.3074898272752744 63.517623767256737 8.3343601524829882 98.410196110606194 4.5221279338002187 11.51865863800049 8.2421935722231847 19.89310335367918 24.389661133289341 9.498475030064581 6.43518441915512 5.9325724542140952 2.8098451793193817 4.3275542855262756 6.7053195983171454 19.709380909800533 8.1632920205593091 9.9318447113037127 17.035380467772484 11.151463925838469 9.767221271991728
leaf_count=29 23 53 175 1591 1214 23 2474 32 2793 43 272 36 1643 31 51 48 256 103 39 30 26 43 29 27 86 35 41 73 47 41
internal_value=0 0.00183728 0.00305249 0.000890552 0.00565837 0.00440415 0.0019937 0.00434821 0.00283495 -0.0126937 -0.0136851 -0.00895289 0.0084909 -0.00895314 -0.00554375 -0.00876886 0.00713916 -0.0136567 -0.0153271 -0.00426762 -0.0108235 -0.00161388 0.00400295 -0.0112215 -0.011944 -0.00843104 -0.0153827 -0.0109846 -0.0136638 -0.0130875
internal_weight=0 866.622 778.902 425.713 353.189 284.1 178.699 343.96 223.032 123.186 113.069 29.8519 105.401 87.7198 35.0457 26.196 120.928 81.7536 51.4314 14.6774 30.3222 10.1173 8.84968 52.6741 45.9688 15.1079 83.2167 25.3697 30.8608 19.6991
internal_count=11407 10835 10422 5015 5407 4193 2497 4672 2825 572 486 132 1696 413 189 129 1847 343 214 78 129 86 60 224 197 64 354 109 133 82
is_linear=0
shrinkage=0.01


Tree=104
num_leaves=31
num_cat=0
split_feature=1 2 1 1 1 0 0 0 0 1 1 1 1 1 0 14 1 1 0 1 1 1 1 2 0 1 1 1 0 0
split_gain=223.799 114.195 41.1707 214.18 22.7774 27.7996 129.506 14.5542 157.016 12.4559 12.44 11.3884 9.92396 6.75509 6.21765 9.68518 6.70893 3.59936 3.00758 2.71575 1.97612 1.86935 2.75299 5.09185 1.79938 2.59926 1.3367 1.14624 0.957905 1.77685
threshold=3985955690461.5005 56.500000000000007 1818756050482.5002 1861025332985.5002 1514623741114.5002 4200970.0000000009 4200977.5000000009 4200993.0000000009 4200985.0000000009 3985955706084.5005 3985955694497.5005 3399813431033.5005 1861025328962.5002 330364825549.00006 4201048.0000000009 1.992161902485347 1514623709106.0002 1861025347675.5002 4201009.5000000009 1861025334367.5002 1861025320697.5002 2946978529348.5005 858533846337.00012 50.500000000000007 4201032.5000000009 3985955698312.5005 1861025331631.0002 2135720103013.0002 4200962.0000000009 4200993.0000000009
decision_type=2 2 2 2 2 2 2 2 2 2 2 2 2 2 2 2 2 2 2 2 2 2 2 2 2 2 2 2 2 2
left_child=1 14 4 12 5 13 -7 8 -5 10 28 -9 20 -3 21 19 -17 -18 -11 -16 -4 22 23 -1 -12 -26 -14 -24 -2 -30
right_child=9 2 3 7 -6 6 -8 11 -10 18 24 -13 26 -15 15 16 17 -19 -20 -21 -22 -23 27 -25 25 -27 -28 -29 29 -31
leaf_value=-0.0020725814353625776 -0.0030297178987491553 -0.0010252965608132322 -0.010273687407959845 0.0065268903685624493 0.010803329237724948 -0.061956564023495447 0.0031118712708701518 0.0086526047248737092 -0.019812168381260084 0.0015738510282103596 -0.015577874557167566 0.0011021084184661388 -0.0044973191744078966 0.0091491263590412417 -0.0016815645861316131 -0.014423828762506381 0.00016152560592604191 -0.0098090732324391614 -0.010968826780503996 0.0096638286019723098 -0.015021527497380113 -0.0062067165258550081 -0.015030338319775207 -0.013729469760599791 -0.0066534895939670711 -0.014455959167261811 -0.010692771001237597 -0.011012290917636478 -0.011181341060687262 -0.0052121971898852594
leaf_weight=6.9465277493000022 5.0629946365952518 6.9928749129176131 10.220590323209761 168.44566027447581 68.48019940033555 3.1131024956703177 175.34092926606536 109.31237176060677 26.146080538630486 7.5620152950286847 72.613048881292343 24.443028375506401 13.563843145966532 97.627230260521173 4.5259321108460409 11.467479139566423 8.241639666259287 6.457406908273696 2.5586336851119995 3.9522757679224014 61.614092290401459 6.7043306380510321 19.624423027038578 8.1362503319978696 5.9400915503501919 15.18204979598522 4.685455121099948 11.124359369277952 9.0584008693695086 11.094784021377562
leaf_count=29 31 53 41 2444 1214 23 2474 1672 115 66 310 317 85 1643 31 51 48 30 20 27 258 27 86 35 24 64 41 47 45 56
internal_value=0 0.00187729 0.00310546 0.000985943 0.00562818 0.00437622 0.00197676 0.00473338 0.00298788 -0.0122472 -0.0131533 0.0072728 -0.0126731 0.00846906 -0.00897004 -0.00568142 -0.00869106 -0.00421864 -0.0015971 0.0036073 -0.014346 -0.0111387 -0.0118602 -0.00836077 -0.0148306 -0.0122617 -0.00608798 -0.0135767 -0.00691829 -0.00789519
internal_weight=0 857.166 769.985 418.431 351.554 283.074 178.454 328.347 194.592 129.072 118.951 133.755 90.084 104.62 87.1806 34.6447 26.1665 14.699 10.1206 8.47821 71.8347 52.5359 45.8316 15.0828 93.7352 21.1221 18.2493 30.7488 25.2162 20.1532
internal_count=11407 10791 10380 4973 5407 4193 2497 4548 2559 616 530 1989 425 1696 411 187 129 78 86 58 299 224 197 64 398 88 126 133 132 101
is_linear=0
shrinkage=0.01


Tree=105
num_leaves=31
num_cat=0
split_feature=1 2 1 1 1 0 0 0 0 1 1 1 0 1 0 14 1 1 1 0 0 1 1 1 2 1 0 0 1 1
split_gain=219.887 109.815 42.6102 206.907 22.7077 27.6124 122.153 14.4315 154.949 13.1615 9.23714 9.08784 6.79967 6.71486 6.59576 10.4599 7.50062 7.0579 3.8471 3.95515 3.19691 2.96624 1.85413 2.7294 5.024 1.65132 1.36157 1.28662 1.14182 1.11916
threshold=3985955691713.0005 56.500000000000007 1818756050482.5002 1861025330344.5002 1514623741114.5002 4200970.0000000009 4200977.5000000009 4200993.0000000009 4200985.0000000009 3985955706084.5005 3399813431033.5005 3985955695784.5005 4200939.5000000009 330364825549.00006 4201048.0000000009 1.9914905338130169 1861025330344.5002 1955683337422.0002 1861025326215.5002 4201032.5000000009 4201032.5000000009 4179354223176.5005 2946978529348.5005 858533846337.00012 50.500000000000007 1514623709106.0002 4201032.5000000009 4200977.5000000009 2135720103013.0002 3985955700886.0005
decision_type=2 2 2 2 2 2 2 2 2 2 2 2 2 2 2 2 2 2 2 2 2 2 2 2 2 2 2 2 2 2
left_child=1 14 4 18 5 13 -7 8 -5 11 -9 12 -2 -3 22 -16 25 -18 19 -4 -20 -11 23 24 -1 -17 -13 -14 -25 -28
right_child=9 2 3 7 -6 6 -8 10 -10 21 -12 26 27 -15 15 16 17 -19 20 -21 -22 -23 -24 28 -26 -27 29 -29 -30 -31
leaf_value=-0.0020513045459601134 0.0026007246274300116 -0.0010147221720729371 -0.016439219255517289 0.0060306419186407292 0.010790880425839094 -0.058835223099959394 0.0030874492072934276 0.0080217665890733453 -0.019709425679741294 -0.0049211345957949305 0.0014290869113100079 -0.015905784512528841 -0.013977010710661528 0.0091305879158513591 0.0055132226986304234 -0.014344628528494314 0.007916448922079676 -0.0089256285711323997 -0.0090136689885596498 -0.0092793791350053983 -0.017204783286267435 0.0071832004300879174 -0.0061456688961812602 -0.014945953873591883 -0.013638457260167354 -0.0080380400504918379 -0.01052421486322079 -0.0091856056766101493 -0.010929290944898633 -0.015302342529558687
leaf_weight=6.9483865499496451 4.4819622486829784 6.9950781762599936 41.690583422780037 175.13197357580066 67.876634318381548 3.2447855472564688 174.96253280714154 112.79110635071993 26.990979611873627 7.3335434347391111 26.18696802854538 63.011657193303108 8.3427770137786883 96.851086147129536 6.96968650817871 11.415745273232465 4.5696889758110029 5.4625481367111206 24.348355337977413 9.4674255400896055 5.9241103529930106 2.7965632900595665 6.7032240480184546 19.538301661610607 8.1087778806686384 6.5249422788619986 9.9067848324775714 17.073694035410881 11.096889823675154 9.7034380286931974
leaf_count=29 23 53 175 2508 1214 23 2474 1715 118 43 331 272 36 1643 50 51 23 26 103 39 26 43 27 86 35 39 41 73 47 41
internal_value=0 0.00181557 0.00301727 0.0008799 0.00559808 0.00434843 0.00195997 0.00429899 0.00259338 -0.0124971 0.00677954 -0.01348 -0.00875574 0.0084472 -0.00881284 -0.00544773 -0.00817874 -0.00125405 -0.0134422 -0.0151142 -0.0106166 -0.00157956 -0.011057 -0.0117776 -0.00829137 -0.012051 -0.0151896 -0.0107584 -0.013491 -0.0128885
internal_weight=0 859.8 772.462 422.532 349.93 282.053 178.207 341.101 202.123 122.65 138.978 112.52 29.8984 103.846 87.3382 34.9426 27.9729 10.0322 81.4305 51.158 30.2725 10.1301 52.3956 45.6924 15.0572 17.9407 82.6219 25.4165 30.6352 19.6102
internal_count=11407 10835 10422 5015 5407 4193 2497 4672 2626 572 2046 486 132 1696 413 189 139 49 343 214 129 86 224 197 64 90 354 109 133 82
is_linear=0
shrinkage=0.01


Tree=106
num_leaves=31
num_cat=0
split_feature=1 12 1 1 1 0 0 0 0 1 1 1 1 1 0 1 1 1 0 0 0 1 1 1 12 0 1 1 1 1
split_gain=216.192 110.094 39.971 207.151 22.637 27.4248 115.564 14.2448 150.318 12.118 12.3355 11.2708 9.70715 6.67484 6.15583 9.46962 8.51271 9.92458 5.54556 2.9287 2.90485 2.01729 1.83925 2.70639 4.23873 1.36441 1.3613 1.13769 1.11421 0.93696
threshold=3985955690461.5005 1.4814014859090314 1818756050482.5002 1861025332985.5002 1514623741114.5002 4200970.0000000009 4200977.5000000009 4200993.0000000009 4200985.0000000009 3985955706084.5005 3985955695784.5005 3399813431033.5005 1861025328962.5002 330364825549.00006 4201048.0000000009 1514623709106.0002 1514623739995.5002 1861025332985.5002 4200939.5000000009 4201009.5000000009 4200993.0000000009 1861025320697.5002 2946978529348.5005 858533846337.00012 1.9663941833800986 4201032.5000000009 1861025331631.0002 2135720103013.0002 3985955700886.0005 3985955694497.5005
decision_type=2 2 2 2 2 2 2 2 2 2 2 2 2 2 2 2 2 2 2 2 2 2 2 2 2 2 2 2 2 2
left_child=1 2 4 12 5 13 -7 8 -5 10 18 -9 21 -1 22 -16 -17 -18 -2 -11 -20 -4 23 24 -3 -12 -14 -25 -27 -22
right_child=9 14 3 7 -6 6 -8 11 -10 19 25 -13 26 -15 15 16 17 -19 20 -21 29 -23 -24 27 -26 28 -28 -29 -30 -31
leaf_value=-0.0010042603657716999 0.0016274597585764793 -0.013452168486900317 -0.010026051027669257 0.0064692489334641622 0.010778451940890429 -0.05604489438464591 0.003063168935037009 0.0086074562473413066 -0.019191996639429464 0.0015756250295872166 -0.015813192980182841 0.0010790922855919067 -0.0043740010875985653 0.0091120297396189969 -0.012717627584836862 0.0096262799962013399 -0.016442925319306419 -7.3787764260807408e-05 -0.012734998681914087 -0.010771159588339877 -0.0050688932678441302 -0.014825583412364465 -0.0060853250550696736 -0.014863187131810179 -0.0028302347432225218 -0.010429851552271932 -0.010618302336227516 -0.010847326990707678 -0.015202859611874219 -0.010507289371484981
leaf_weight=6.9972573369741431 5.0577668622136107 7.631034851074217 10.218578696250914 166.69382690638304 67.278352711349726 3.3716072738170615 174.58775654807687 107.66144891828299 26.449398368597031 7.5571236275136453 62.748124808073044 24.391632705926895 13.603410743176939 96.081716690212488 12.008834123611448 5.109378136694434 5.3186670839786556 12.199918404221533 15.461547270417215 2.5760591328144073 11.13966480642557 61.238674625754356 6.7020041048526755 19.451068207621578 7.4000712633132935 9.8965029567480105 4.6966912522912017 11.06907197833061 9.6694356948137266 4.426901400089263
leaf_count=53 28 33 41 2444 1214 23 2474 1671 115 66 272 317 85 1643 54 45 22 67 74 20 56 258 27 86 31 41 41 47 41 18
internal_value=0 0.0018562 0.00307036 0.000973737 0.00556809 0.00432077 0.00194331 0.00468572 0.00295515 -0.0120589 -0.0129571 0.00721689 -0.012475 0.00842531 -0.00880942 -0.00554018 -0.00173106 -0.00504348 -0.00808216 -0.00156318 -0.00966489 -0.0141392 -0.0109765 -0.0116961 -0.00822281 -0.0150943 -0.00597659 -0.0134067 -0.0127887 -0.00661549
internal_weight=0 850.16 763.27 414.954 348.317 281.038 177.959 325.196 193.143 128.533 118.4 132.053 89.7574 103.079 86.89 34.6368 22.628 17.5186 36.0859 10.1332 31.0281 71.4573 52.2533 45.5512 15.0311 82.3141 18.3001 30.5201 19.5659 15.5666
internal_count=11407 10791 10379 4972 5407 4193 2497 4547 2559 616 530 1988 425 1696 412 188 134 89 176 86 148 299 224 197 64 354 126 133 82 74
is_linear=0
shrinkage=0.01


Tree=107
num_leaves=31
num_cat=0
split_feature=1 12 1 1 1 0 0 0 0 1 1 1 1 1 0 1 1 1 0 1 0 1 1 1 12 0 1 1 1 1
split_gain=212.384 108.256 39.3752 203.584 22.5655 27.2369 109.624 14.1064 147.119 11.9487 12.3267 11.2099 9.66816 6.63502 6.06314 9.33247 8.37225 9.69506 5.41888 2.90942 2.83416 2.01513 1.82429 2.68562 4.18497 1.36751 1.3145 1.13384 1.10952 0.923378
threshold=3985955690461.5005 1.4814014859090314 1818756050482.5002 1861025332985.5002 1514623741114.5002 4200970.0000000009 4200977.5000000009 4200993.0000000009 4200985.0000000009 3985955706084.5005 3985955695784.5005 3399813431033.5005 1861025328962.5002 330364825549.00006 4201048.0000000009 1514623709106.0002 1514623739995.5002 1861025332985.5002 4200939.5000000009 4179354223176.5005 4200993.0000000009 1861025320697.5002 2946978529348.5005 858533846337.00012 1.9663941833800986 4201032.5000000009 1861025331631.0002 2135720103013.0002 3985955700886.0005 3985955694497.5005
decision_type=2 2 2 2 2 2 2 2 2 2 2 2 2 2 2 2 2 2 2 2 2 2 2 2 2 2 2 2 2 2
left_child=1 2 4 12 5 13 -7 8 -5 10 18 -9 21 -1 22 -16 -17 -18 -2 -11 -20 -4 23 24 -3 -12 -14 -25 -27 -22
right_child=9 14 3 7 -6 6 -8 11 -10 19 25 -13 26 -15 15 16 17 -19 20 -21 29 -23 -24 27 -26 28 -28 -29 -30 -31
leaf_value=-0.00099390953462964249 0.0016121678015146006 -0.013363662989461886 -0.0099272157384538637 0.0064393713625761281 0.01076604241765877 -0.053535305476470944 0.0030390310844110135 0.0085851703632491543 -0.018898327540912627 -0.0048399141925126602 -0.015722574515931061 0.0010692652642318233 -0.0043225465983230413 0.0090934501838553471 -0.012636928161354756 0.0095975132858485829 -0.016237630697596032 -7.3047560045579472e-05 -0.012580680521944373 0.0071628567636962039 -0.0050085898715840609 -0.014725596857176473 -0.0060256737778138589 -0.014781992113908156 -0.0028011348437945493 -0.010336760176773922 -0.010442025383371887 -0.010766372624028749 -0.015105332372785099 -0.010406813821221425
leaf_weight=6.9994128420948973 5.0547003448009482 7.6048894971609098 10.217118561267851 165.79709667339921 66.685313500463963 3.4937241375446311 174.2165707051754 106.86551003903151 26.591079905629158 7.3590170145034772 62.480025172233582 24.369747087359428 13.627565942704679 95.319073852151632 11.96488796174526 5.0736250579357174 5.3319846540689495 12.200333930552004 15.494523063302042 2.7833076193928719 11.160941429436205 61.038939982652664 6.7006738334894171 19.362773418426517 7.4021668583154678 9.885826304554941 4.7280592545866957 11.04092116653919 9.6347212791442853 4.4249553382396689
leaf_count=53 28 33 41 2444 1214 23 2474 1671 115 43 272 317 85 1643 54 45 22 67 74 43 56 258 27 86 31 41 41 47 41 18
internal_value=0 0.00184548 0.00305317 0.000968165 0.0055382 0.00429325 0.0019268 0.00466165 0.0029373 -0.0119622 -0.0128564 0.0071895 -0.0123705 0.00840339 -0.00874234 -0.00549525 -0.00171529 -0.00498907 -0.00799037 -0.00154605 -0.00955206 -0.0140376 -0.0108965 -0.0116152 -0.00815374 -0.0150007 -0.00589881 -0.0133237 -0.0126904 -0.00654119
internal_weight=0 846.631 759.949 413.235 346.714 280.029 177.71 323.623 192.388 128.278 118.136 131.235 89.6117 102.318 86.6823 34.5708 22.6059 17.5323 36.1351 10.1423 31.0804 71.2561 52.1114 45.4108 15.0071 82.0006 18.3556 30.4037 19.5205 15.5859
internal_count=11407 10791 10379 4972 5407 4193 2497 4547 2559 616 530 1988 425 1696 412 188 134 89 176 86 148 299 224 197 64 354 126 133 82 74
is_linear=0
shrinkage=0.01


Tree=108
num_leaves=31
num_cat=0
split_feature=1 2 1 1 1 0 0 0 0 1 1 1 1 0 0 12 1 1 1 0 0 1 1 1 1 1 0 0 1 1
split_gain=208.777 104.369 40.7311 196.739 22.493 27.0487 104.238 14.0917 65.2927 12.637 9.02699 6.5954 6.44578 6.40819 6.31615 10.152 7.24784 6.95509 3.82407 3.95018 3.14185 2.85575 2.54722 1.96516 2.32033 1.52239 1.37088 1.21183 1.10509 0.833183
threshold=3985955691713.0005 56.500000000000007 1818756050482.5002 1861025330344.5002 1514623741114.5002 4200970.0000000009 4200977.5000000009 4200970.0000000009 4200977.5000000009 3985955706084.5005 3985955695784.5005 330364825549.00006 3399813435297.5005 4200939.5000000009 4201048.0000000009 1.9663941833800986 1861025330344.5002 1955683337422.0002 1861025326215.5002 4201032.5000000009 4201032.5000000009 4179354223176.5005 1514623737323.0002 643953703719.50012 2946978529348.5005 701677501646.00012 4201032.5000000009 4200977.5000000009 3985955700886.0005 1861025331631.0002
decision_type=2 2 2 2 2 2 2 2 2 2 2 2 2 2 2 2 2 2 2 2 2 2 2 2 2 2 2 2 2 2
left_child=1 14 4 18 5 11 -7 12 -9 10 13 -3 -5 -2 23 29 22 -18 19 -4 -20 -11 -17 -1 25 -25 -12 -15 -28 -16
right_child=9 2 3 7 -6 6 -8 8 -10 21 26 -13 -14 27 15 16 17 -19 20 -21 -22 -23 -24 24 -26 -27 28 -29 -30 -31
leaf_value=-0.0045441155329256858 0.0025472207280052774 -0.00098366982152832795 -0.016146836865666578 0.0080633679580600047 0.010753651488303291 -0.051265931991748781 0.0030150351618492251 -0.026253050404032502 0.0037591965550755851 -0.0047785026726551222 -0.015633870739628516 0.0090748482701354782 0.0017723335097984609 -0.013549366205123464 0.0093909256932165446 -0.0098589050613619705 0.0079122649821359199 -0.0088063424736929824 -0.0087267641289918638 -0.0089686852677507267 -0.016860950903304656 0.0071352698759567929 -0.019060635441055133 -0.01645311756548477 -0.0059667027449284687 -0.011413465183770512 -0.010244909487802196 -0.0089054969298341963 -0.015009701145663551 0.0024154207652340382
leaf_weight=4.5556214302778235 4.4734390228986767 7.0015447735786429 41.30928148329258 98.217818967998028 66.097477398812771 3.6112828999757758 173.84894421324134 7.5062839388847342 211.34540216624737 7.3789556920528394 62.207545071840286 94.563108220696449 19.524167664349079 8.3638357073068637 3.0804072916507712 13.950727276504045 4.5577832013368589 5.4801738560199738 24.264816910028461 9.4133902639150602 5.9038762748241416 2.7662139423191547 3.8354142606258383 7.3047509193420401 6.6992372274398795 33.408151730895042 9.8747684657573718 17.124613240361214 9.5993233770132047 3.8555658757686615
leaf_count=19 23 53 175 1591 1214 23 2474 32 2793 43 272 1643 256 36 25 72 23 26 103 39 26 43 18 32 27 146 41 73 41 25
internal_value=0 0.00178441 0.00296657 0.000865319 0.0055084 0.00426587 0.00191043 0.00423061 0.00272982 -0.0122158 -0.0131869 0.00838145 0.00702018 -0.00849189 -0.00861043 -0.00531074 -0.00800896 -0.00121518 -0.0131378 -0.0148147 -0.0103186 -0.00153006 -0.0118432 -0.0108175 -0.0114203 -0.0123177 -0.014909 -0.0104293 -0.0125936 0.00551338
internal_weight=0 849.335 762.607 417.485 345.122 279.025 177.46 336.594 218.852 121.789 111.644 101.565 117.742 29.9619 86.7278 34.7601 27.8241 10.038 80.8914 50.7227 30.1687 10.1452 17.7861 51.9678 47.4121 40.7129 81.6816 25.4884 19.4741 6.93597
internal_count=11407 10835 10422 5015 5407 4193 2497 4672 2825 572 486 1696 1847 132 413 189 139 49 343 214 129 86 90 224 205 178 354 109 82 50
is_linear=0
shrinkage=0.01


Tree=109
num_leaves=10
num_cat=0
split_feature=2 2 2 12 12 3 12 2 2
split_gain=81.985 2.58496 2.86761 2.34147 3.10923 0.848507 0.891135 0.791253 0.42469
threshold=56.500000000000007 53.500000000000007 51.500000000000007 2.8983726292905869 2.8974253360442215 50.500000000000007 2.8987101409770593 48.500000000000007 52.500000000000007
decision_type=2 2 2 2 2 2 2 2 2
left_child=1 2 5 4 8 -1 7 -7 -4
right_child=-2 -3 3 -5 -6 6 -8 -9 -10
leaf_value=-0.0063683880498770955 0.00098700159925153223 -0.014690326028413487 -0.0035899433320515117 0.00079092495014683743 -0.01379967439260768 -0.0054005223786804191 -0.014154444395848054 -0.0099551455469410726 -0.0068995836255756103
leaf_weight=7.4677103310823432 872.99065699800849 6.9318868219852439 10.108762040734296 4.7304449230432501 5.0996968001127234 4.1656778007745734 4.6403494477272025 45.214403413236141 6.2893526703119305
leaf_count=36 10958 32 52 27 23 18 23 207 31
internal_value=0 -0.00881157 -0.00834699 -0.00557858 -0.00698015 -0.00952788 -0.00996464 -0.00957092 -0.00485933
internal_weight=0 94.6483 87.7164 26.2283 21.4978 61.4881 54.0204 49.3801 16.3981
internal_count=11407 449 417 133 106 284 248 225 83
is_linear=0
shrinkage=0.01


Tree=110
num_leaves=31
num_cat=0
split_feature=1 2 1 1 1 0 0 0 0 1 1 1 1 0 12 1 0 0 1 0 1 0 1 0 1 1 1 0 1 0
split_gain=205.291 100.914 40.1796 193.358 22.4679 22.9466 132.833 14.0678 145.534 12.4387 10.8602 9.08323 9.01372 6.27328 9.92589 6.49704 6.26266 5.1996 3.80749 3.91021 3.53464 3.08044 2.89634 2.85534 1.96152 2.32095 1.50935 1.38137 1.19786 1.19012
threshold=3985955691713.0005 56.500000000000007 1818756050482.5002 1861025330344.5002 507703113266.50006 4200993.0000000009 4200985.0000000009 4200993.0000000009 4200985.0000000009 3985955706084.5005 251391422769.50003 3399813431033.5005 3985955695784.5005 4201048.0000000009 1.9690143438181578 1514623709106.0002 4200939.5000000009 4200962.0000000009 1861025326215.5002 4201032.5000000009 1861025347675.5002 4201032.5000000009 1861025334367.5002 4201009.5000000009 643953703719.50012 2946978529348.5005 701677501646.00012 4201032.5000000009 1325782932673.0002 4200977.5000000009
decision_type=2 2 2 2 2 2 2 2 2 2 2 2 2 2 2 2 2 2 2 2 2 2 2 2 2 2 2 2 2 2
left_child=1 13 4 18 10 6 -6 8 -5 12 -3 -9 16 24 22 -16 -2 -12 19 -4 -17 -20 -15 -11 -1 26 -26 -14 -7 -18
right_child=9 2 3 7 5 28 -8 11 -10 23 17 -13 27 14 15 20 29 -19 21 -21 -22 -23 -24 -25 25 -27 -28 -29 -30 -31
leaf_value=-0.0044022590925901399 0.0025148071304947157 0.0086246450578205368 -0.016047573082223286 0.0059200974954329222 0.0080839930687168875 0.0086141825971314551 -0.012549480767450169 0.0079324497922491355 -0.018902562662957693 0.0015837062890269368 0.0017210029077534452 0.0013628902831514006 -0.015550246663800687 -0.0015810011772632293 -0.014030295733895031 0.00041024505686542112 -0.013410372392180039 -0.011350837384976496 -0.0086530617537480398 -0.008900033418606049 -0.0094390295036300923 -0.01670899933441691 0.0099032604548353453 -0.010581689908916652 -0.016302890902871139 -0.0058166271152446884 -0.011270183720218931 -0.012493563581032641 0.01058627981278097 -0.0088100651155306447
leaf_weight=4.559423327445983 4.4682660698890713 4.9562631733715561 41.175194069743156 171.60199766606092 158.14918256178498 68.82901993393898 38.868680089712143 110.03534938022494 27.389112770557404 7.5499212816357595 3.9980699494481113 26.023238934576511 61.935330092906952 4.509099565446375 11.189851224422457 8.2681539282202703 8.3683653473854083 12.737753212451933 24.254500225186352 9.4016337245702726 6.5144699513912192 5.9014888256788245 4.2810356318950653 2.5915861576795578 7.2613293081521979 6.6948579251766196 33.230339854955673 19.420434877276421 55.74470990896225 17.145596548914909
leaf_count=19 23 88 175 2508 2795 1204 157 1715 118 66 20 331 272 31 51 48 36 70 103 39 30 26 29 20 32 27 146 82 1073 73
internal_value=0 0.00177466 0.00294091 0.000850378 0.00547294 0.00613738 0.00401332 0.00419786 0.00250351 -0.0121275 -0.00437752 0.00667592 -0.0130933 -0.00845851 -0.00517303 -0.00828166 -0.00840631 -0.00822807 -0.013042 -0.0147189 -0.00393018 -0.0102296 0.00401215 -0.00152507 -0.0106657 -0.0112709 -0.0121727 -0.0148206 0.00949666 -0.0103189
internal_weight=0 845.575 759.066 415.783 343.284 321.592 197.018 335.05 198.991 121.48 21.6921 136.059 111.338 86.5086 34.7626 25.9725 29.9822 16.7358 80.7328 50.5768 14.7826 30.156 8.79014 10.1415 51.746 47.1865 40.4917 81.3558 124.574 25.514
internal_count=11407 10835 10422 5015 5407 5229 2952 4672 2626 572 178 2046 486 413 189 129 132 90 343 214 78 129 60 86 224 205 178 354 2277 109
is_linear=0
shrinkage=0.01


Tree=111
num_leaves=31
num_cat=0
split_feature=1 2 1 1 1 0 0 0 0 1 1 1 1 1 0 1 1 1 1 1 1 1 0 1 1 1 0 0 0 1
split_gain=201.929 101.573 37.7323 193.952 22.5106 26.7986 100.044 13.9467 141.27 11.4563 12.1339 11.1562 9.32363 6.52937 5.73541 8.95369 8.25869 9.25878 2.80342 2.09635 1.94068 2.30031 1.84432 2.65157 1.49361 1.37889 0.830932 1.65433 1.07135 0.830411
threshold=3985955690461.5005 56.500000000000007 1818756050482.5002 1861025332985.5002 1514623741114.5002 4200970.0000000009 4200977.5000000009 4200993.0000000009 4200985.0000000009 3985955706084.5005 3985955694497.5005 3399813431033.5005 1861025328962.5002 330364825549.00006 4201048.0000000009 1514623709106.0002 1514623739995.5002 1861025332985.5002 4179354223176.5005 1861025320697.5002 643953703719.50012 2946978529348.5005 4201032.5000000009 3985955698312.5005 701677501646.00012 1861025331631.0002 4200962.0000000009 4200993.0000000009 4201032.5000000009 3985955695784.5005
decision_type=2 2 2 2 2 2 2 2 2 2 2 2 2 2 2 2 2 2 2 2 2 2 2 2 2 2 2 2 2 2
left_child=1 14 4 12 5 13 -7 8 -5 10 26 -9 19 -3 20 -16 -17 -18 -11 -4 -1 24 29 -24 -22 -14 -2 -28 -29 -12
right_child=9 2 3 7 -6 6 -8 11 -10 18 22 -13 25 -15 15 16 17 -19 -20 -21 21 -23 23 -25 -26 -27 27 28 -30 -31
leaf_value=-0.0043573221871015802 -0.0028620784578709617 -0.00098340263253869436 -0.0095617213371237981 0.006359114191603136 0.010747129175682482 -0.049560950822005755 0.0029626274468797778 0.0085320743391711553 -0.018403612833780274 -0.0047127015386645302 -0.012255164531951294 0.001003675682705141 -0.0041522741030834013 0.0090381998946594422 -0.012376983978997065 0.0096059014945172362 -0.0158379469849949 -5.1003658534655815e-05 0.0071110160792611657 -0.01446155663164032 -0.01620752617087683 -0.0057600106498283234 -0.0060266015745924382 -0.013919007297133126 -0.011191210367041652 -0.010420459570194687 -0.010536623015873057 -0.001393256762752857 -0.0076039363779787442 -0.015465148060718336
leaf_weight=4.5603753030300131 5.0959175825119045 6.9894164055585852 10.205791831016539 163.16884323582053 64.990957722067833 3.7043755352497092 172.40796605497599 105.0130318813026 26.826155245304108 7.3995117843151075 9.2709563672542554 24.224550701677799 13.672768764197828 93.083343632519245 11.786595910787581 5.0762580484151867 5.3531930893659618 12.139563903212546 2.7507732510566711 60.455314144492149 7.2311654090881339 6.6930658817291251 5.9613977968692806 14.887221857905386 33.130689263343811 4.7213714420795432 9.1358410865068453 5.0564249604940397 6.1626480966806412 61.654780551791191
leaf_count=19 31 53 41 2444 1214 23 2474 1672 115 43 38 317 85 1643 54 45 22 66 43 258 32 27 24 64 146 41 45 26 30 272
internal_value=0 0.00181646 0.00299742 0.000946315 0.00545199 0.00420595 0.00185784 0.00458664 0.00286277 -0.0117002 -0.0125827 0.00712094 -0.012103 0.00833826 -0.00847866 -0.00531276 -0.0016235 -0.00488218 -0.00150842 -0.0137539 -0.0105859 -0.0111896 -0.014277 -0.0116623 -0.0120899 -0.00576118 -0.00647331 -0.00737739 -0.00480479 -0.0150456
internal_weight=0 835.435 749.464 408.288 341.176 276.185 176.112 319.233 189.995 127.375 117.225 129.238 89.0552 100.073 85.9709 34.3556 22.569 17.4928 10.1503 70.6611 51.6153 47.0549 91.7744 20.8486 40.3619 18.3941 25.4508 20.3549 11.2191 70.9257
internal_count=11407 10791 10380 4973 5407 4193 2497 4548 2559 616 530 1989 425 1696 411 187 133 88 86 299 224 205 398 88 178 126 132 101 56 310
is_linear=0
shrinkage=0.01


Tree=112
num_leaves=21
num_cat=0
split_feature=2 0 0 0 0 0 13 3 13 2 13 13 0 0 2 0 0 13 2 0
split_gain=77.6154 19.4686 124.443 43.4697 156.043 6.16633 7.70892 2.58095 2.41029 1.94269 1.45092 1.00499 0.472432 0.390571 0.355112 0.314319 0.307518 0.220099 0.204463 0.167744
threshold=56.500000000000007 4200970.0000000009 4200977.5000000009 4200993.0000000009 4200985.0000000009 4201048.0000000009 1.9843852477908592 50.500000000000007 2.9484554422879965 49.500000000000007 2.9492785208930008 2.9482919315404996 4201032.5000000009 4201048.0000000009 50.500000000000007 4200962.0000000009 4201009.5000000009 1.9827208267654053 51.500000000000007 4200939.5000000009
decision_type=2 2 2 2 2 2 2 2 2 2 2 2 2 2 2 2 2 2 2 2
left_child=5 15 -3 4 -4 9 18 8 -8 -1 -10 -9 16 -14 -11 19 -5 -16 -7 -2
right_child=1 2 3 12 -6 6 7 11 10 14 -12 -13 13 -15 17 -17 -18 -19 -20 -21
leaf_value=-0.0080112237048846277 0.002882220586244693 -0.029866854844255341 0.0040841158806093937 0.0026955276400342531 -0.0149535901428062 0.0034549322707404452 -0.011401778291626426 -0.008564785427872465 0.00090693604512218085 -0.010901024816746648 -0.0061784132608756117 -0.014707285003832296 0.0033385754562489343 0.00204873297874096 -0.011684932242384498 0.0024956943794640736 0.0019321192578138414 -0.013727741766887987 0.00060390897255838648 0.0034462339098635399
leaf_weight=17.50819893181324 105.67258973792195 13.76000791788101 109.45761818066239 109.10194840654731 70.969209976494312 4.0766424462199211 5.5095759034156826 4.6280466467142123 4.7216591536998731 15.677190363407133 7.4509246647357941 6.275305837392807 113.1477808021009 29.622194327414036 9.0435341149568558 105.77125777676702 102.18946515023708 12.654407307505608 6.5683643668889982 105.25348200649023
leaf_count=75 1446 68 1416 1490 298 28 26 22 27 69 36 30 1526 373 39 1465 1406 57 40 1470
internal_value=0 0.000966613 -0.000173653 0.000590776 -0.00340419 -0.00859598 -0.0055684 -0.00827351 -0.00591396 -0.0107601 -0.00343006 -0.0121 0.00262658 0.00307096 -0.0120478 0.00294058 0.00232631 -0.0128763 0.00169575 0.00316367
internal_weight=0 864.946 548.248 534.488 180.427 94.1138 39.2305 28.5855 17.6822 54.8833 12.1726 10.9034 354.061 142.77 37.3751 316.697 211.291 21.6979 10.645 210.926
internal_count=11407 10958 6577 6509 1714 449 209 141 89 240 63 52 4795 1899 165 4381 2896 96 68 2916
is_linear=0
shrinkage=0.01


Tree=113
num_leaves=21
num_cat=0
split_feature=2 0 0 0 0 0 12 3 12 2 12 12 0 0 2 0 0 12 2 0
split_gain=76.2002 19.1185 121.261 42.6582 152.687 6.09621 7.55557 2.5382 2.36299 1.93286 1.42088 0.980402 0.465178 0.384901 0.352839 0.309644 0.302713 0.220408 0.201051 0.165453
threshold=56.500000000000007 4200970.0000000009 4200977.5000000009 4200993.0000000009 4200985.0000000009 4201048.0000000009 1.9690143438181578 50.500000000000007 2.8983726292905869 49.500000000000007 2.899974053845729 2.8980566511096142 4201032.5000000009 4201048.0000000009 50.500000000000007 4200962.0000000009 4201009.5000000009 1.9657402510146069 51.500000000000007 4200939.5000000009
decision_type=2 2 2 2 2 2 2 2 2 2 2 2 2 2 2 2 2 2 2 2
left_child=5 15 -3 4 -4 9 18 8 -8 -1 -10 -9 16 -14 -11 19 -5 -16 -7 -2
right_child=1 2 3 12 -6 6 7 11 10 14 -12 -13 13 -15 17 -17 -18 -19 -20 -21
leaf_value=-0.0079384598301914973 0.0028584416794634909 -0.029394761068901102 0.0040538432074541152 0.0026731285620815162 -0.014777424084903569 0.0034269260512296822 -0.011287744274719798 -0.0084941226937302709 0.00089808220300386244 -0.010823705401654575 -0.0061132961381889237 -0.014564448871124716 0.0033120247267862967 0.0020306960461746685 -0.011602270603001261 0.0024746292538221503 0.0019151568878092336 -0.013650123993443357 0.0005980081835807897 0.0034191367951103661
leaf_weight=17.49207279086113 105.48708206415176 13.840777605772017 109.17368366196752 108.91692840307951 71.096450842916965 4.068897932767868 5.5095837116241482 4.6199229657650012 4.7205329462885839 15.631518781185148 7.4549665153026581 6.2734892666339874 112.91545376926661 29.586630467325449 9.0170189589262009 105.60574771463871 102.06423211842775 12.599375680088997 6.5668542385101301 105.02789140865207
leaf_count=75 1446 68 1416 1490 298 28 26 22 27 69 36 30 1526 373 39 1465 1406 57 40 1470
internal_value=0 0.000958361 -0.000172057 0.000585718 -0.00337299 -0.00852457 -0.00551501 -0.0081928 -0.00585385 -0.0106805 -0.00339493 -0.01199 0.00260459 0.00304599 -0.0119682 0.00291651 0.00230645 -0.0127959 0.00168026 0.00313818
internal_weight=0 863.715 547.594 533.753 180.27 93.9542 39.2142 28.5785 17.6851 54.74 12.1755 10.8934 353.483 142.502 37.2479 316.121 210.981 21.6164 10.6358 210.515
internal_count=11407 10958 6577 6509 1714 449 209 141 89 240 63 52 4795 1899 165 4381 2896 96 68 2916
is_linear=0
shrinkage=0.01


Tree=114
num_leaves=31
num_cat=0
split_feature=1 2 1 1 1 0 0 0 0 1 1 1 1 1 0 1 1 1 0 1 1 1 0 1 1 1 1 1 0 0
split_gain=199.581 96.9223 37.509 191.36 22.4373 26.1285 97.0061 13.5103 134.175 11.1784 12.0444 11.1463 9.30963 6.53929 5.51769 8.81621 8.07138 9.07261 2.78832 2.08637 1.95348 2.32414 1.83908 2.63568 1.4826 1.29449 0.829629 0.820909 1.30422 0.794116
threshold=3985955690461.5005 56.500000000000007 1818756050482.5002 1861025332985.5002 1514623741114.5002 4200970.0000000009 4200993.0000000009 4200993.0000000009 4200985.0000000009 3985955706084.5005 3985955694497.5005 3399813431033.5005 1861025328962.5002 330364825549.00006 4201048.0000000009 1514623709106.0002 1514623739995.5002 1861025332985.5002 4201009.5000000009 1861025320697.5002 643953703719.50012 2946978529348.5005 4201032.5000000009 3985955698312.5005 701677501646.00012 1861025331631.0002 3985955695784.5005 1818756047612.5002 4200977.5000000009 4200962.0000000009
decision_type=2 2 2 2 2 2 2 2 2 2 2 2 2 2 2 2 2 2 2 2 2 2 2 2 2 2 2 2 2 2
left_child=1 14 4 12 5 13 -7 8 -5 10 29 -9 19 -3 20 -16 -17 -18 -11 -4 -1 24 26 -24 -22 -14 -12 -6 -29 -2
right_child=9 2 3 7 27 6 -8 11 -10 18 22 -13 25 -15 15 16 17 -19 -20 -21 21 -23 23 -25 -26 -27 -28 28 -30 -31
leaf_value=-0.0040997858274891682 -0.0029000917766581575 -0.0010331984442154131 -0.0095121667337866762 0.0063200660366106521 0.011078942577105852 -0.0075203687947683609 0.0077600945629532295 0.0084959629756691003 -0.017707295577410211 0.001527412998097781 -0.012192702071258671 0.0009465961552324113 -0.004146263349912172 0.0090074853166676391 -0.012220332781200166 0.0096048441889331274 -0.015562587065853993 4.7315123778233868e-05 -0.010488618700639057 -0.014402521662450879 -0.015994756246901491 -0.0054971560767195626 -0.0059826105330614441 -0.013855940257965738 -0.010970205366811684 -0.010211897764531828 -0.015404250522928899 0.00063336379865873112 0.011203421452731741 -0.0073174962160143997
leaf_weight=4.5609250068664542 5.0866473913192776 6.9791225194931021 10.199849396944044 161.52467469125986 59.339685253798962 67.606202103197575 107.77788639068604 103.76910898461938 27.147408246994019 7.5135184526443464 9.2570208609104139 24.099399484694004 13.665838100016119 91.87620010226965 11.670219764113424 5.063084818422797 5.3646927326917675 12.16949440538883 2.5992461442947388 60.289184167981148 7.1518484055995932 6.6810482591390601 5.9592778533697155 14.839546650648115 32.831313699483871 4.7383277639746657 61.36819052696228 2.0081054680049411 2.7880786582827568 20.353152759373188
leaf_count=19 31 53 41 2444 1124 664 1833 1672 115 66 38 317 85 1643 54 45 22 66 20 258 32 27 24 64 146 41 272 38 52 101
internal_value=0 0.00181543 0.00297444 0.000922917 0.00543253 0.00418724 0.00186986 0.00456362 0.00286285 -0.0116473 -0.0125202 0.00707313 -0.0120413 0.00829862 -0.00826832 -0.00516223 -0.00151711 -0.00472863 -0.00156102 -0.0136949 -0.0103462 -0.0109567 -0.0142136 -0.0116001 -0.011869 -0.00570792 -0.0149833 0.0107573 0.00677786 -0.00643424
internal_weight=0 829.302 743.809 405.434 338.375 274.239 175.384 316.541 188.672 126.977 116.864 127.869 88.8932 98.8553 85.4926 34.2675 22.5973 17.5342 10.1128 70.489 51.2251 46.6642 91.424 20.7988 39.9832 18.4042 70.6252 64.1359 4.79618 25.4398
internal_count=11407 10791 10380 4973 5407 4193 2497 4548 2559 616 530 1989 425 1696 411 187 133 88 86 299 224 205 398 88 178 126 310 1214 90 132
is_linear=0
shrinkage=0.01


Tree=115
num_leaves=31
num_cat=0
split_feature=1 2 1 1 1 0 0 0 0 1 1 1 1 0 0 12 1 1 0 1 0 0 1 1 1 1 1 2 1 0
split_gain=196.133 93.0689 38.9064 184.736 22.4369 22.4739 125.805 13.4339 61.15 11.8459 10.73 8.92895 6.52137 6.06736 5.85995 9.42059 7.05103 6.74646 5.1501 3.77527 3.89832 3.04141 2.76339 2.40961 1.93278 2.3036 1.46851 1.41488 1.21883 1.15622
threshold=3985955691713.0005 56.500000000000007 1818756050482.5002 1861025330344.5002 507703113266.50006 4200993.0000000009 4200985.0000000009 4200970.0000000009 4200977.5000000009 3985955706084.5005 251391422769.50003 3985955695784.5005 3399813435297.5005 4200939.5000000009 4201048.0000000009 1.9663941833800986 1861025330344.5002 1955683337422.0002 4200977.5000000009 1861025326215.5002 4201032.5000000009 4201032.5000000009 4179354223176.5005 1514623737323.0002 643953703719.50012 2946978529348.5005 701677501646.00012 52.500000000000007 1325782932673.0002 4200977.5000000009
decision_type=2 2 2 2 2 2 2 2 2 2 2 2 2 2 2 2 2 2 2 2 2 2 2 2 2 2 2 2 2 2
left_child=1 14 4 19 10 6 -6 12 -9 11 -3 13 -5 -2 24 -16 23 -18 -12 20 -4 -21 -11 -17 -1 26 -26 -13 -7 -15
right_child=9 2 3 7 5 28 -8 8 -10 22 18 27 -14 29 15 16 17 -19 -20 21 -22 -23 -24 -25 25 -27 -28 -29 -30 -31
leaf_value=-0.0040582184375415834 0.0025658654725089218 0.0085846184349690456 -0.01581060128035968 0.0079641019945363017 0.0080167232370717996 0.0085540391459049923 -0.012085102939843074 -0.025180114990707811 0.003678539593692823 -0.0047143977860145819 -0.0014334630701848049 -0.0091817447329955847 0.0015675361633332408 -0.013123360876274269 0.0055157077953442843 -0.0094159225620806652 0.0080792192850966654 -0.0083247039536381139 -0.01277854490194277 -0.00842201830577834 -0.0086523411911855041 -0.016442862200054413 0.0070673819664599184 -0.018369880014372793 -0.015905889577937454 -0.0054440525771641676 -0.010894712386312724 -0.014911186283607743 0.010568599527904407 -0.0085874833753166162
leaf_weight=4.561561867594718 4.4631293267011669 4.8827303685247925 40.78448922932148 95.449950899928808 154.47853308543563 67.357865370810032 38.991712540388107 7.6121930032968512 207.24867212027311 7.3979650884866697 6.6427475661039379 4.5700885206460944 19.13331713527441 8.3536454141140002 6.89912474900484 13.675788827240472 4.580174118280409 5.5393451005220413 10.062483206391333 24.153726771473888 9.3524586111307126 5.8780239075422278 2.7237065397202969 3.8520675748586646 7.1200472116470328 6.6787670552730551 32.728738814592361 75.784009531140327 54.195161268115044 17.171831384301186
leaf_count=19 23 88 175 1591 2795 1204 157 32 2793 43 34 21 256 36 50 72 23 26 56 103 39 26 43 18 32 27 146 333 1073 73
internal_value=0 0.00175476 0.00288786 0.000817941 0.00540669 0.00608254 0.00396543 0.00413078 0.00265612 -0.0118978 -0.00445571 -0.0128475 0.00689599 -0.00819108 -0.00811905 -0.00493792 -0.00754652 -0.000900159 -0.00826723 -0.0127958 -0.0144753 -0.00999191 -0.00154396 -0.0113837 -0.0102701 -0.0108792 -0.0117901 -0.0145853 0.00945224 -0.0100719
internal_weight=0 831.86 746.224 409.613 336.611 315.023 193.47 329.444 214.861 120.464 21.588 110.343 114.583 29.9886 85.6356 34.5465 27.6474 10.1195 16.7052 80.1687 50.1369 30.0318 10.1217 17.5279 51.0891 46.5276 39.8488 80.3541 121.553 25.5255
internal_count=11407 10835 10422 5015 5407 5229 2952 4672 2825 572 178 486 1847 132 413 189 139 49 90 343 214 129 86 90 224 205 178 354 2277 109
is_linear=0
shrinkage=0.01


Tree=116
num_leaves=21
num_cat=0
split_feature=2 0 0 0 0 0 12 12 12 2 12 0 2 0 2 0 0 12 2 0
split_gain=72.231 18.4592 117.042 40.6997 146.739 5.59213 7.47689 2.10798 3.40841 1.93436 1.02917 0.470173 0.455351 0.378976 0.341861 0.312571 0.3041 0.245986 0.193888 0.164622
threshold=55.500000000000007 4200970.0000000009 4200977.5000000009 4200993.0000000009 4200985.0000000009 4201048.0000000009 2.8926205554992479 2.8983726292905869 2.8993418835252593 49.500000000000007 2.9009550630559189 4201032.5000000009 53.500000000000007 4201048.0000000009 50.500000000000007 4200962.0000000009 4201009.5000000009 1.9657402510146069 51.500000000000007 4200939.5000000009
decision_type=2 2 2 2 2 2 2 2 2 2 2 2 2 2 2 2 2 2 2 2
left_child=5 15 -3 4 -4 9 18 12 -9 -1 -10 16 -8 -13 -11 19 -5 -16 -7 -2
right_child=1 2 3 11 -6 6 7 8 10 14 -12 13 -14 -15 17 -17 -18 -19 -20 -21
leaf_value=-0.0076901003341994954 0.0028177504663967827 -0.028576651148984125 0.0040473901772438174 0.0026352374103332794 -0.01442954296998967 0.0034252113128542352 -0.009811956356781169 0.0015008850827532988 -0.010901094777109916 -0.010608854947042765 -0.0047320604456359446 0.0032798546346226205 -0.013851176464842787 0.0020096030782013287 -0.011274747358992102 0.0024276291667580585 0.0018711010854541915 -0.013465851047234818 0.00064112606467586005 0.0033806576768571003
leaf_weight=17.420214980840683 104.15651249885559 14.134255319833754 108.24554212763906 107.6372908167541 71.289730750024319 4.048217810690403 7.1375900357961655 4.5649016797542599 7.5183000192046148 15.489718943834303 4.2234295606613159 111.61257612705231 4.5829792618751544 29.747108157724142 8.7073329389095306 104.29553263634443 100.90197568014264 12.449356824159622 6.5466288551688177 103.65798642486334
leaf_count=75 1446 69 1416 1490 298 28 33 25 38 69 21 1526 22 375 38 1465 1406 57 40 1470
internal_value=0 0.000936023 -0.000176933 0.000581251 -0.00328942 -0.00835752 -0.00545134 -0.00815655 -0.00583148 -0.0104335 -0.00868213 0.00256731 -0.0113914 0.00301255 -0.0117376 0.00287434 0.00226551 -0.0125641 0.00170491 0.00309853
internal_weight=0 855.679 543.568 529.434 179.535 92.6887 38.622 28.0272 16.3066 54.0666 11.7417 349.899 11.7206 141.36 36.6464 312.11 208.539 21.1567 10.5948 207.814
internal_count=11407 10961 6580 6511 1714 446 207 139 84 239 59 4797 55 1901 164 4381 2896 95 68 2916
is_linear=0
shrinkage=0.01


Tree=117
num_leaves=31
num_cat=0
split_feature=1 2 1 1 1 0 0 0 0 1 1 1 1 1 0 1 1 1 0 0 0 1 1 1 1 2 1 1 1 0
split_gain=193.444 92.3392 36.7191 185.455 22.4035 25.577 93.5978 13.3064 129.675 11.1459 10.8327 11.9387 9.1636 6.50521 5.30038 8.63045 7.93151 8.7442 4.88138 2.7197 2.67415 2.12288 1.92839 2.30462 1.4581 1.43172 1.27174 0.875582 0.836559 1.31584
threshold=3985955690461.5005 56.500000000000007 1818756050482.5002 1861025332985.5002 1514623741114.5002 4200970.0000000009 4200993.0000000009 4200993.0000000009 4200985.0000000009 3399813431033.5005 3985955706084.5005 3985955695784.5005 1861025328962.5002 330364825549.00006 4201048.0000000009 1514623709106.0002 1514623739995.5002 1861025332985.5002 4200939.5000000009 4201009.5000000009 4200993.0000000009 1861025320697.5002 643953703719.50012 2946978529348.5005 701677501646.00012 52.500000000000007 1861025331631.0002 3985955694497.5005 1818756047612.5002 4200977.5000000009
decision_type=2 2 2 2 2 2 2 2 2 2 2 2 2 2 2 2 2 2 2 2 2 2 2 2 2 2 2 2 2 2
left_child=1 14 4 12 5 13 -7 8 -5 -9 11 18 21 -3 22 -16 -17 -18 -2 -12 -20 -4 -1 24 -24 -13 -14 -22 -6 -30
right_child=10 2 3 7 28 6 -8 9 -10 -11 19 25 26 -15 15 16 17 -19 20 -21 27 -23 23 -25 -26 -27 -28 -29 29 -31
leaf_value=-0.0039138615895634435 0.0015531762705550769 -0.0010651554533681628 -0.0093078521096393221 0.0062680520590716613 0.011091742422609465 -0.0073506878940590272 0.0077041030060059825 0.0084570106891456286 -0.017308476201993633 0.00088025241822490467 0.0015009402520210805 -0.0090586622752461439 -0.0040570399955835845 0.0089665921015164816 -0.012057083982782567 0.0096068047042112241 -0.015228735407031655 8.3109654130125723e-05 -0.012010623274784669 -0.010350031134348249 -0.0046717790696774158 -0.014245698060317303 -0.015763630711615892 -0.0052913877092256069 -0.010750845861420326 -0.014839683718284853 -0.010064699476092041 -0.0099295826469029159 0.00052380459270504574 0.01121630877758167
leaf_weight=4.5613887757062903 5.0280102789401999 6.9625621736049643 10.187660768628119 159.52093182876706 58.257295694202185 67.620879698544741 106.08237215131521 102.45010142028332 27.325106292963028 23.955377206206322 7.493520721793173 4.5417620390653601 13.686592482030393 90.291648954153061 11.545239612460135 5.0551249831914928 5.3776786923408535 12.169924557209013 15.495160028338434 2.611287534236908 11.255305647850035 59.8911342471838 7.0628065317869178 6.6705133467912665 32.52286684513092 75.482989698648453 4.745287872850894 4.4076125919818869 1.9875996187329281 2.7340894415974617
leaf_count=19 28 53 41 2444 1124 664 1833 1672 115 317 66 21 85 1643 54 45 22 66 74 20 56 258 32 27 146 333 41 18 38 52
internal_value=0 0.00180069 0.00294063 0.000903855 0.0053911 0.00414235 0.00184343 0.00451534 0.00282013 0.00702112 -0.0114927 -0.0123563 -0.0118777 0.00824841 -0.0080698 -0.00502291 -0.00142993 -0.00460939 -0.0075898 -0.00156159 -0.00906521 -0.0135279 -0.0101172 -0.0107289 -0.0116452 -0.0145116 -0.00560371 -0.00615135 0.0107636 0.00671529
internal_weight=0 820.664 735.699 401.762 333.936 270.957 173.703 313.252 186.846 126.405 126.316 116.211 88.5107 97.2542 84.9655 34.148 22.6027 17.5476 36.1861 10.1048 31.1581 70.0788 50.8176 46.2562 39.5857 80.0248 18.4319 15.6629 62.979 4.72169
internal_count=11407 10791 10380 4973 5407 4193 2497 4548 2559 1989 616 530 425 1696 411 187 133 88 176 86 148 299 224 205 178 354 126 74 1214 90
is_linear=0
shrinkage=0.01


Tree=118
num_leaves=31
num_cat=0
split_feature=1 12 1 1 1 0 0 0 0 1 1 1 1 0 0 1 1 1 0 1 0 0 1 1 1 1 0 1 1 0
split_gain=190.112 88.3641 38.1217 178.978 22.3012 22.0379 120.971 13.1084 58.4302 11.4876 10.5612 8.86932 6.51431 5.82069 5.73354 9.00301 7.38795 9.15122 5.05341 3.75588 3.87703 2.99447 2.71727 1.90809 2.28446 1.44526 1.42669 1.23745 1.13788 1.10807
threshold=3985955691713.0005 1.4814014859090314 1818756050482.5002 1861025330344.5002 507703113266.50006 4200993.0000000009 4200985.0000000009 4200970.0000000009 4200977.5000000009 3985955706084.5005 251391422769.50003 3985955695784.5005 3399813435297.5005 4200939.5000000009 4201048.0000000009 1514623709106.0002 1514623739995.5002 1861025332985.5002 4200962.0000000009 1861025326215.5002 4201032.5000000009 4201032.5000000009 4179354223176.5005 643953703719.50012 2946978529348.5005 701677501646.00012 4201032.5000000009 1325782932673.0002 3985955700886.0005 4200977.5000000009
decision_type=2 2 2 2 2 2 2 2 2 2 2 2 2 2 2 2 2 2 2 2 2 2 2 2 2 2 2 2 2 2
left_child=1 2 4 19 10 6 -6 12 -9 11 -1 13 -5 -2 23 -16 -17 -18 -12 20 -4 -21 -11 -3 25 -25 -13 -7 -28 -15
right_child=9 14 3 7 5 27 -8 8 -10 22 18 26 -14 29 15 16 17 -19 -20 21 -22 -23 -24 24 -26 -27 28 -29 -30 -31
leaf_value=0.008553593363730308 0.0025022330965946745 -0.0038743290566140686 -0.01564861634756327 0.0079126962444442082 0.0079715453079260631 0.0085074540943077016 -0.011756103547585923 -0.024463173473912976 0.0036339295957898365 -0.00467588279168662 0.0016050173436257345 -0.015180215793927213 0.0014915110721187891 -0.012875017317870779 -0.011985082653348817 0.0095779844825624825 -0.015052935581647456 0.00051866638810969649 -0.011311545454351533 -0.0082702824934471775 -0.0084951453471497369 -0.016239102697285842 0.0070356263563624922 -0.015679471625438198 -0.0052404944949920752 -0.010677777853880507 -0.0096595165973364702 0.010556199536269649 -0.014534325927543701 -0.0084354583332562679
leaf_weight=4.8269842527806786 4.4530390799045589 4.5618501901626578 40.504536092281342 94.061810757964849 152.23713096603751 66.248765431344509 39.05842462182045 7.6781334280967704 205.36125634983182 7.4095126688480359 3.9741998463869121 60.528017356991768 18.988811172544956 8.3535708636045474 11.498686268925665 5.0198097005486515 5.3860356956720379 12.610490888357161 12.73466272652149 24.093581259250644 9.3197298347949964 5.8630413413047782 2.704111572355032 7.0298738032579413 6.6679541617631903 32.418490335345268 9.7676949501037615 53.121556714177132 9.3928024321794492 17.192644387483597
leaf_count=88 23 19 175 1591 2795 1204 157 32 2792 43 20 272 256 36 54 45 22 69 70 103 39 26 43 32 27 146 41 1073 41 73
internal_value=0 0.00174023 0.00285329 0.000797194 0.00536535 0.00604753 0.00394359 0.00408182 0.00262128 -0.0117424 -0.00447542 -0.0126827 0.00683415 -0.00804812 -0.00790283 -0.00475932 -0.00114942 -0.00414163 -0.00823934 -0.0126281 -0.0143105 -0.00982992 -0.00154454 -0.0100438 -0.010654 -0.0115691 -0.0144274 0.00941918 -0.0120492 -0.00988719
internal_weight=0 823.266 738.073 405.871 332.202 310.666 191.296 326.09 213.039 119.801 21.5358 109.688 113.051 29.9993 85.1932 34.515 23.0163 17.9965 16.7089 79.7809 49.8243 29.9566 10.1136 50.6782 46.1163 39.4484 79.6885 119.37 19.1605 25.5462
internal_count=11407 10835 10421 5014 5407 5229 2952 4671 2824 572 178 486 1847 132 414 190 136 91 90 343 214 129 86 224 205 178 354 2277 82 109
is_linear=0
shrinkage=0.01


Tree=119
num_leaves=31
num_cat=0
split_feature=1 13 1 1 1 1 1 1 1 1 1 1 1 1 1 1 1 1 1 1 1 1 1 1 1 13 1 1 13 1
split_gain=186.955 89.0773 35.8103 179.357 22.3664 17.0136 10.5548 11.8891 10.3507 9.01516 6.74421 72.5373 8.88543 3.54904 8.74429 6.57832 4.32195 2.66723 2.16273 1.49403 1.34546 1.26738 0.847932 0.289519 0.238348 0.208323 0.207138 0.129669 0.122404 0.0174018
threshold=3985955690461.5005 1.4906126200522323 1818756050482.5002 1861025332985.5002 1514623741114.5002 507703113266.50006 3985955706084.5005 3985955694497.5005 251391422769.50003 1861025328962.5002 3399813435297.5005 3399813436609.0005 2432589651021.5005 632859013140.50012 701677501646.00012 1119808859462.5002 1514623709106.0002 4179354223176.5005 1861025320697.5002 3985955697097.0005 1514623721394.0002 1861025331631.0002 1818756047612.5002 1795796958414.0002 3985955695784.5005 1.9830534856788038 3985955700886.0005 3985955691713.0005 1.9843852477908592 1818756049046.0002
decision_type=2 2 2 2 2 2 2 2 2 2 2 2 2 2 2 2 2 2 2 2 2 2 2 2 2 2 2 2 2 2
left_child=1 2 4 9 5 8 7 27 -1 18 12 -12 -5 -3 28 -16 -17 -8 -4 24 -7 -11 23 -6 -9 26 -21 -2 -15 -24
right_child=6 13 3 10 22 20 17 19 -10 21 11 -13 -14 14 15 16 -18 -19 -20 25 -22 -23 29 -25 -26 -27 -28 -29 -30 -31
leaf_value=0.0085325732036264056 -0.0049045829712486616 0.0011606002047451771 -0.0090881164755523512 0.002891925979453936 0.0086094495830899963 0.0051602405059956091 -0.0046170864765929459 -0.01049555608124686 -0.0081362460961451142 -0.0039492420513024427 -0.042448619566278378 0.0045550968410979463 0.0066175695249285869 -0.01638583850928834 0.0048030838377901373 -0.014094066954967382 -0.0066139471570464915 0.0070079479267108483 -0.0140775778605599 -0.014070150779528216 0.0031462987168571609 -0.0099383608724696385 0.0060117540215404823 0.011295703010134153 -0.012638901818804485 -0.012439034227654083 -0.01521396154433957 -0.0065649437964920773 -0.01453612748843168 0.0072357189965140886
leaf_weight=4.7906690724194076 6.2149787545204189 4.087213695049285 10.174078509211538 108.90771459415555 4.3409581109881392 207.15721918269992 7.4287329465150815 10.675483956933022 16.751074627041817 13.720546178519728 3.5564240738749495 42.735207170248032 155.29250774532557 7.2921224236488325 4.5073841512203208 9.0520858317613584 52.66307358443737 2.687726117670536 59.456457257270813 27.251129820942879 39.497313018888235 4.7588054016232482 2.2052771709859362 52.977853842079639 10.094075605273247 4.208772510290145 37.785553261637688 19.3416917771101 7.0232452601194382 2.4544557332992554
leaf_count=88 44 17 41 1587 89 3397 43 44 90 85 44 557 2359 33 19 44 266 43 258 121 618 41 45 1035 44 20 169 88 33 45
internal_value=0 0.00178133 0.002909 0.000891524 0.00534459 0.00409341 -0.0113232 -0.0121806 -0.00442927 -0.0117007 0.00446488 0.000943966 0.0050818 -0.00793 -0.00839133 -0.00685933 -0.0077111 -0.00152856 -0.0133485 -0.0138896 0.00483774 -0.00549156 0.0107588 0.0110923 -0.0115372 -0.0145952 -0.0147347 -0.00616117 -0.0154784 0.00665646
internal_weight=0 813.402 728.777 398.602 330.175 268.196 125.688 115.572 21.5417 88.1099 310.492 46.2916 264.2 84.6251 80.5379 66.2225 61.7152 10.1165 69.6305 90.015 246.655 18.4794 61.9785 57.3188 20.7696 69.2455 65.0367 25.5567 14.3154 4.65973
internal_count=11407 10791 10379 4972 5407 4193 616 530 178 425 4547 601 3946 412 395 329 310 86 299 398 4015 126 1214 1124 88 310 290 132 66 90
is_linear=0
shrinkage=0.01


Tree=120
num_leaves=31
num_cat=0
split_feature=1 2 1 1 1 1 1 1 1 1 1 1 1 1 1 1 1 1 1 1 1 1 1 1 1 12 1 2 1 1
split_gain=183.716 87.7848 35.2565 176.312 22.2887 16.7346 10.4097 11.8691 10.1462 6.42829 10.7137 4.9007 3.74684 3.50302 8.62655 6.48085 4.2757 3.37095 2.61819 1.62419 1.50179 1.33262 0.850139 0.290312 0.238112 0.205105 0.207536 0.149468 0.127907 0.0172484
threshold=3985955690461.5005 56.500000000000007 1818756050482.5002 1861025330344.5002 1514623741114.5002 507703113266.50006 3985955706084.5005 3985955694497.5005 251391422769.50003 2432589643821.5005 3399813435297.5005 2432589642256.5005 1861025326215.5002 632859013140.50012 701677501646.00012 1119808859462.5002 1514623709106.0002 1861025320697.5002 4179354223176.5005 1861025327577.0002 3985955697097.0005 1514623721394.0002 1818756047612.5002 1795796958414.0002 3985955695784.5005 1.9663941833800986 3985955700886.0005 51.500000000000007 3985955691713.0005 1818756049046.0002
decision_type=2 2 2 2 2 2 2 2 2 2 2 2 2 2 2 2 2 2 2 2 2 2 2 2 2 2 2 2 2 2
left_child=1 13 4 12 5 8 7 28 -3 11 -11 -5 17 -1 27 -16 -17 -4 -8 -14 24 -7 23 -6 -9 26 -22 -15 -2 -24
right_child=6 2 3 9 22 21 18 20 -10 10 -12 -13 19 14 15 16 -18 -19 -20 -21 25 -23 29 -25 -26 -27 -28 -29 -30 -31
leaf_value=0.0011489941911830626 -0.0048410358964249842 0.0085115143025201109 -0.0090023457264347857 0.0025233777540189786 0.0085869630070444861 0.0051290927454004775 -0.0045592132101015866 -0.010404507895853288 -0.0080361562562066263 0.006367598284985323 0.00093573325891041146 -0.010964607343902994 -0.0064391176083552397 -0.016568106444875861 0.0047557895321353547 -0.014036855398205917 -0.0065771028406070211 -0.015461883236452879 0.0069802541320305132 -0.011342914975691095 -0.013988184595826139 0.0031221775479865141 0.0059839695370306149 0.011287049694952585 -0.012549087662500177 -0.012371570930225197 -0.015135655861960837 -0.01450166919561301 -0.006487871262881896 0.0072059620810198781
leaf_weight=4.0872128307819358 6.2335019037127521 4.7546773664653328 10.168331846594809 100.22866985946894 4.3089630641043177 206.33521386608481 7.447705075144766 10.661285385489464 16.789914004504681 168.7863343693316 46.264053195714951 2.7681878842413417 10.31570413708687 6.1908268928527823 4.5066895633935919 8.9983596354722959 52.582013167440891 39.315134778618813 2.6714871898293495 19.563068524003029 27.13727580010891 39.404902499169111 2.1934210434555999 52.490726679563522 10.064802899956703 4.1895028948783866 37.602149590849876 8.054084509611128 19.375574007630348 2.4400179907679558
leaf_count=17 44 88 41 1399 89 3397 43 44 90 2585 601 45 44 28 19 44 265 173 43 85 121 618 45 1035 44 20 169 38 88 45
internal_value=0 0.00176984 0.00289195 0.000887915 0.00531477 0.00406639 -0.0112374 -0.0120912 -0.00438425 0.00421515 0.00519903 0.00216087 -0.0124461 -0.00788192 -0.0083414 -0.00681999 -0.00766715 -0.0141345 -0.00151277 -0.00964987 -0.0138062 0.00480728 0.0107462 0.0110822 -0.0114459 -0.0145159 -0.0146547 -0.0153997 -0.00608702 0.00662748
internal_weight=0 810.547 726.127 397.409 328.718 267.285 125.383 115.264 21.5446 318.047 215.05 102.997 79.3622 84.4192 80.332 66.0871 61.5804 49.4835 10.1192 29.8788 89.655 245.74 61.4331 56.7997 20.7261 68.9289 64.7394 14.2449 25.6091 4.63344
internal_count=11407 10791 10380 4973 5407 4193 616 530 178 4630 3186 1444 343 411 394 328 309 214 86 129 398 4015 1214 1124 88 310 290 66 132 90
is_linear=0
shrinkage=0.01


Tree=121
num_leaves=21
num_cat=0
split_feature=2 0 0 0 0 0 12 3 12 2 12 12 0 0 2 0 0 12 2 0
split_gain=66.0149 18.0358 113.335 39.591 142.416 5.5341 7.24061 2.96114 2.33515 1.95644 1.33226 0.613248 0.49755 0.364969 0.341395 0.318329 0.311749 0.256217 0.175158 0.163747
threshold=55.500000000000007 4200970.0000000009 4200977.5000000009 4200993.0000000009 4200985.0000000009 4201048.0000000009 2.8926205554992479 50.500000000000007 2.8983726292905869 49.500000000000007 2.899974053845729 2.8980566511096142 4201032.5000000009 4201048.0000000009 50.500000000000007 4200962.0000000009 4201009.5000000009 1.9657402510146069 51.500000000000007 4200939.5000000009
decision_type=2 2 2 2 2 2 2 2 2 2 2 2 2 2 2 2 2 2 2 2
left_child=5 15 -3 4 -4 9 18 8 -8 -1 -10 -9 16 -14 -11 19 -5 -16 -7 -2
right_child=1 2 3 12 -6 6 7 11 10 14 -12 -13 13 -15 17 -17 -18 -19 -20 -21
leaf_value=-0.0073472481454615168 0.0027891328617183696 -0.028145237993651415 0.0040505425743884525 0.0026045703807474254 -0.014210515979558667 0.0035249397012724407 -0.010765920108222509 -0.0090664021060449223 0.0012768947896518762 -0.010302599412696534 -0.0055254567795955173 -0.01407232460410171 0.0032674010401391031 0.0020104389280919993 -0.010947556903423425 0.0023880296648360901 0.0018233847145497908 -0.013203120488092529 0.00088145854061728976 0.0033563923956988284
leaf_weight=17.30026076734066 102.0576900690794 14.130578339099882 106.4817086905241 105.57101040706038 71.307866603136063 4.0556695088744164 5.4423250108957317 4.0489878952503222 4.7110559940338117 15.258866444230078 7.4045621454715729 6.1859658360481262 109.51470977067947 29.274908885359764 8.5737687796354294 102.22653407603502 98.982803262770176 12.20554019510746 6.5623335912823659 101.49327605962753
leaf_count=75 1446 69 1416 1490 298 28 26 20 27 69 36 30 1526 375 38 1465 1406 57 40 1470
internal_value=0 0.000905826 -0.000200997 0.000556714 -0.00327361 -0.00802729 -0.00513318 -0.00781676 -0.00532464 -0.0101114 -0.00288042 -0.012092 0.00254012 0.00300227 -0.0114384 0.00284332 0.00222656 -0.0122725 0.00189117 0.00307198
internal_weight=0 841.041 535.264 521.133 177.79 91.7493 38.4109 27.7929 17.5579 53.3384 12.1156 10.235 343.343 138.79 36.0382 305.778 204.554 20.7793 10.618 203.551
internal_count=11407 10961 6580 6511 1714 446 207 139 89 239 63 50 4797 1901 164 4381 2896 95 68 2916
is_linear=0
shrinkage=0.01


end of trees

feature_importances:
Column_1=1991
Column_0=893
Column_2=255
Column_12=205
Column_13=31
Column_3=17
Column_14=7

parameters:
[boosting: gbdt]
[objective: binary]
[metric: l2]
[tree_learner: serial]
[device_type: cpu]
[data_sample_strategy: bagging]
[data: ]
[valid: ]
[num_iterations: 8000]
[learning_rate: 0.01]
[num_leaves: 31]
[num_threads: 0]
[seed: 0]
[deterministic: 0]
[force_col_wise: 0]
[force_row_wise: 0]
[histogram_pool_size: -1]
[max_depth: 6]
[min_data_in_leaf: 20]
[min_sum_hessian_in_leaf: 0.001]
[bagging_fraction: 0.8]
[pos_bagging_fraction: 1]
[neg_bagging_fraction: 1]
[bagging_freq: 0]
[bagging_seed: 3]
[feature_fraction: 0.8]
[feature_fraction_bynode: 1]
[feature_fraction_seed: 2]
[extra_trees: 0]
[extra_seed: 6]
[early_stopping_round: 0]
[early_stopping_min_delta: 0]
[first_metric_only: 0]
[max_delta_step: 0]
[lambda_l1: 0]
[lambda_l2: 0]
[linear_lambda: 0]
[min_gain_to_split: 0]
[drop_rate: 0.1]
[max_drop: 50]
[skip_drop: 0.5]
[xgboost_dart_mode: 0]
[uniform_drop: 0]
[drop_seed: 4]
[top_rate: 0.2]
[other_rate: 0.1]
[min_data_per_group: 100]
[max_cat_threshold: 32]
[cat_l2: 10]
[cat_smooth: 10]
[max_cat_to_onehot: 4]
[top_k: 20]
[monotone_constraints: ]
[monotone_constraints_method: basic]
[monotone_penalty: 0]
[feature_contri: ]
[forcedsplits_filename: ]
[refit_decay_rate: 0.9]
[cegb_tradeoff: 1]
[cegb_penalty_split: 0]
[cegb_penalty_feature_lazy: ]
[cegb_penalty_feature_coupled: ]
[path_smooth: 0]
[interaction_constraints: ]
[verbosity: 1]
[saved_feature_importance_type: 0]
[use_quantized_grad: 0]
[num_grad_quant_bins: 4]
[quant_train_renew_leaf: 0]
[stochastic_rounding: 1]
[linear_tree: 0]
[max_bin: 255]
[max_bin_by_feature: ]
[min_data_in_bin: 3]
[bin_construct_sample_cnt: 200000]
[data_random_seed: 1]
[is_enable_sparse: 1]
[enable_bundle: 1]
[use_missing: 1]
[zero_as_missing: 0]
[feature_pre_filter: 1]
[pre_partition: 0]
[two_round: 0]
[header: 0]
[label_column: ]
[weight_column: ]
[group_column: ]
[ignore_column: ]
[categorical_feature: ]
[forcedbins_filename: ]
[precise_float_parser: 0]
[parser_config_file: ]
[objective_seed: 5]
[num_class: 1]
[is_unbalance: 0]
[scale_pos_weight: 1]
[sigmoid: 1]
[boost_from_average: 1]
[reg_sqrt: 0]
[alpha: 0.9]
[fair_c: 1]
[poisson_max_delta_step: 0.7]
[tweedie_variance_power: 1.5]
[lambdarank_truncation_level: 30]
[lambdarank_norm: 1]
[label_gain: ]
[lambdarank_position_bias_regularization: 0]
[eval_at: ]
[multi_error_top_k: 1]
[auc_mu_weights: ]
[num_machines: 1]
[local_listen_port: 12400]
[time_out: 120]
[machine_list_filename: ]
[machines: ]
[gpu_platform_id: -1]
[gpu_device_id: -1]
[gpu_use_dp: 0]
[num_gpu: 1]

end of parameters

pandas_categorical:null
