tree
version=v4
num_class=1
num_tree_per_iteration=1
label_index=0
max_feature_idx=21
objective=binary sigmoid:1
feature_names=Column_0 Column_1 Column_2 Column_3 Column_4 Column_5 Column_6 Column_7 Column_8 Column_9 Column_10 Column_11 Column_12 Column_13 Column_14 Column_15 Column_16 Column_17 Column_18 Column_19 Column_20 Column_21
feature_infos=[0:5754063] [12046470782:4384930237758] [1:inf] [2:inf] [2:inf] [2:inf] [3:inf] [3:inf] [3:inf] [5:inf] [5:inf] [5:inf] [1:19.804336628589809] [1:20.389248634217523] [1:20.691313900703459] [1:20.844819049976124] [1:20.922198747918252] [1:20.961046516001211] [1:20.980510022990543] [1:20.990251700173971] [1:20.99512502193533] [1:20.997562303889573]
tree_sizes=3286 3425 3418 3413 3420 3424 3423 3421 3421 3416 3422 3406 3433 3424 3417 3421 3418 3416 3406 3427 3423 3423 3424 3430 3416 3426 3432 3421 3430 3437 3415 3425 3432 3426 3427 3432 3428 3430 3425 3430 3434 3429 3435 3419 3426 3435 3419 3426 3423 3432 3435 3429 3433 3431 3427 3433 3440 3428 3440 3435 3431 3434 3426 3432 3429 3435 3428 3429 3424 3427 3436 3433 3430 3426 3431 3429 3430 3438 3439 3434 3440 3432 3430 3427 3433 3432 3439 3440 3424 3438 3426 3435 3436 3436 3440 3423 3427 3422 3437 3439 3429 3439 3434 3439 3436 3430 3428 3430 3428 3441 3440 3442 3428 3436 3428 3439 3434 3435 3428 3434 3434 3438 3431 3431 3433 3431 3423

Tree=0
num_leaves=31
num_cat=0
split_feature=3 12 0 0 0 0 0 0 2 0 0 0 15 0 3 0 0 0 1 12 12 0 1 1 0 0 1 2 1 1
split_gain=1174.82 140.789 137.426 283.5 125.786 120.388 102.194 96.5422 60.5202 57.9493 42.253 42.1282 41.1116 30.7932 19.6708 19.5628 17.7138 34.0192 17.653 17.164 16.3775 15.1559 13.9579 12.6481 12.4786 12.1223 11.2769 17.2363 10.5917 12.4512
threshold=102.50000000000001 1.9722995365874345 4643066.5000000009 4583097.5000000009 5494016.0000000009 4505563.5000000009 4492123.5000000009 4583097.5000000009 141.00000000000003 5556929.5000000009 4532379.5000000009 4543160.0000000009 2.9930397052064408 5556929.5000000009 29.500000000000004 5505757.0000000009 5491238.5000000009 5491476.0000000009 4084856404488.5005 2.8663034647851817 4.9260228337136409 4587374.0000000009 3289799696217.0005 1456284143093.0002 4642662.5000000009 4549454.5000000009 2621383336393.0005 50.500000000000007 308877331779.50006 758916136972.50012
decision_type=2 2 2 2 2 2 2 2 2 2 2 2 2 2 2 2 2 2 2 2 2 2 2 2 2 2 2 2 2 2
left_child=12 2 3 5 16 6 -2 11 21 15 -7 -3 14 22 26 -6 -4 -18 -10 -16 25 -5 23 -9 -24 -14 28 -28 -1 -30
right_child=1 7 4 8 9 10 -8 13 18 -11 -12 -13 20 -15 19 -17 17 -19 -20 -21 -22 -23 24 -25 -26 -27 27 -29 29 -31
leaf_value=0.11092945249789869 0.13194836705283283 0.1271566288730949 0.14222108257492025 0.11724036289291576 0.12574890926524229 0.14186449555669978 0.12184590634215672 0.12030019823595432 0.11953258575020939 0.13609631382307658 0.13467135910039668 0.13961540883888535 0.11701562133715425 0.13531251538773734 0.13617309407796693 0.11262936102180901 0.12845975915072386 0.14183339515391008 0.12928846455613013 0.12111791285349049 0.10939133151446777 0.13019002318398973 0.12470412398616491 0.11368771753068586 0.11494548638563683 0.11297123326433778 0.12627643914032655 0.11216348986502038 0.13464317640644766 0.11975590060281766
leaf_weight=8.7150656431913358 381.96887704730034 92.877699568867683 182.02037100493908 9.9600750207900983 73.455553278326988 106.07479897141457 135.70602215826511 52.290393859148026 269.17102743685246 66.981504514813423 354.82767261564732 38.346288830041885 102.33977083861828 11.952090024948118 8.7150656431913358 13.446101278066633 31.374236315488815 48.306363850831985 19.9201500415802 57.768435120582581 92.877699568867683 97.608735203742981 52.788397610187531 64.740487635135651 17.430131286382675 268.67302368581295 9.9600750207900983 65.985497012734413 7.4700562655925777 22.659170672297478
leaf_count=35 1534 373 731 40 295 426 545 210 1081 269 1425 154 411 48 35 54 126 194 80 232 373 392 212 260 70 1079 40 265 30 91
internal_value=0.126541 0.130135 0.131242 0.129719 0.136281 0.13261 0.1293 0.124138 0.122588 0.129107 0.136327 0.130797 0.114725 0.11975 0.118763 0.123719 0.1405 0.136568 0.120205 0.123091 0.113147 0.128991 0.118757 0.116642 0.122282 0.114087 0.116256 0.114014 0.120639 0.123447
internal_weight=0 2121.25 1790.82 1375.24 415.584 978.577 517.675 330.425 396.66 153.883 460.902 131.224 645.164 199.202 181.273 86.9017 261.701 79.6806 289.091 66.4835 463.89 107.569 187.249 117.031 70.2185 371.013 114.79 75.9456 38.8443 30.1292
internal_count=11110 8519 7192 5523 1669 3930 2079 1327 1593 618 1851 527 2591 800 728 349 1051 320 1161 267 1863 432 752 470 282 1490 461 305 156 121
is_linear=0
shrinkage=1


Tree=1
num_leaves=31
num_cat=0
split_feature=3 12 0 0 0 0 0 0 2 0 0 0 14 0 3 0 0 0 1 12 12 0 1 1 0 2 1 13 1 1
split_gain=1150.89 138.042 134.852 277.956 123.5 118.138 100.183 94.5931 59.2871 56.8309 41.5066 41.3395 40.2138 30.1699 19.2546 19.1533 17.408 33.4037 17.2904 16.8236 16.012 14.8514 13.6619 12.3751 12.2172 11.8862 11.0334 16.9092 10.6574 10.3657
threshold=102.50000000000001 1.9722995365874345 4643066.5000000009 4583097.5000000009 5494016.0000000009 4505563.5000000009 4492123.5000000009 4583097.5000000009 141.00000000000003 5556929.5000000009 4532379.5000000009 4543160.0000000009 2.9861197458070241 5556929.5000000009 29.500000000000004 5505757.0000000009 5491238.5000000009 5491476.0000000009 4084856404488.5005 2.8663034647851817 4.9260228337136409 4587374.0000000009 3289799696217.0005 1456284143093.0002 4642662.5000000009 10.500000000000002 2621383336393.0005 2.9637917440976449 3784361549892.5005 308877331779.50006
decision_type=2 2 2 2 2 2 2 2 2 2 2 2 2 2 2 2 2 2 2 2 2 2 2 2 2 2 2 2 2 2
left_child=12 2 3 5 16 6 -2 11 21 15 -7 -3 14 22 26 -6 -4 -18 -10 -16 25 -5 23 -9 -24 -14 29 28 -28 -1
right_child=1 7 4 8 9 10 -8 13 18 -11 -12 -13 20 -15 19 -17 17 -19 -20 -21 -22 -23 24 -25 -26 -27 27 -29 -30 -31
leaf_value=-0.015441277684722192 0.0053549507756622781 0.00060927631621071523 0.015539480746420902 -0.0092026127747777235 -0.00078435035834818387 0.015185700145416647 -0.0046470026813218183 -0.0061762261480420525 -0.0069355486354757811 0.0094654982234116478 0.0080531253262678959 0.012954749029494875 -0.0099542865118140821 0.0086885857883170336 0.0095416089067917129 -0.013761246535150002 0.0018995840341016407 0.015154846619173733 0.0027202493089697735 -0.0053672668255471661 -0.016961159372926988 0.0036131615799796226 -0.0018185165279058539 -0.012715112736632641 -0.011471713703569959 -0.013673467211479775 -0.015118852970958312 0.0037538359087980065 -0.0024853789380230437 -0.0030627428681332413
leaf_weight=8.7231370061635953 381.8356126844883 92.874075666069984 181.82899630069733 9.9657154083251935 73.459219411015511 105.96595162153244 135.74553959071636 52.310511767864227 269.28695783019066 66.939552471041679 354.6396017074585 38.312993884086609 135.0599080324173 11.945238590240477 8.7095618247985822 13.457277238368986 31.370404243469238 48.256898939609528 19.916654825210571 57.787811994552612 92.971587553620338 97.585907578468323 52.794481933116913 64.790423512458801 17.442322820425034 236.23032385110855 62.550750255584717 5.9761447906494132 7.4754139035940161 30.134738638997078
leaf_count=35 1534 373 731 40 295 426 545 210 1081 269 1425 154 542 48 35 54 126 194 80 232 373 392 212 260 70 948 251 24 30 121
internal_value=0 0.00355888 0.00465503 0.00314663 0.00964877 0.00601013 0.00273175 -0.00237931 -0.00391322 0.0025401 0.00969403 0.00421475 -0.01169 -0.00672016 -0.00769691 -0.00279356 0.0138319 0.00993273 -0.00627058 -0.00341456 -0.0132499 0.00242565 -0.00770267 -0.00979411 -0.00421575 -0.0123206 -0.0101761 -0.0123923 -0.0137702 -0.00584158
internal_weight=0 2120.72 1790.25 1374.94 415.312 978.187 517.581 330.47 396.755 153.856 460.606 131.187 645.619 199.283 181.358 86.9165 261.456 79.6273 289.204 66.4974 464.262 107.552 187.338 117.101 70.2368 371.29 114.86 76.0023 70.0262 38.8579
internal_count=11110 8519 7192 5523 1669 3930 2079 1327 1593 618 1851 527 2591 800 728 349 1051 320 1161 267 1863 432 752 470 282 1490 461 305 281 156
is_linear=0
shrinkage=0.01


Tree=2
num_leaves=31
num_cat=0
split_feature=3 2 0 0 0 0 0 0 2 0 0 0 14 0 12 0 0 0 0 0 1 12 1 1 1 0 0 0 0 0
split_gain=1127.52 135.415 129.962 274.325 126.624 116.973 101.534 89.433 57.574 56.1106 42.1317 39.7432 39.3455 33.4249 24.0126 20.8154 18.9361 18.4562 17.1128 32.8058 16.9358 15.6631 14.8355 17.0118 11.8708 11.8497 10.5214 9.76347 25.0785 9.55346
threshold=102.50000000000001 32.500000000000007 4643066.5000000009 4583097.5000000009 5494016.0000000009 4505563.5000000009 4492123.5000000009 4583097.5000000009 141.00000000000003 5556929.5000000009 4543160.0000000009 4532379.5000000009 2.9861197458070241 5556929.5000000009 1.9902329949527153 4587374.0000000009 4803689.5000000009 5505757.0000000009 5491238.5000000009 5491476.0000000009 4084856404488.5005 4.9260228337136409 2210220659170.5005 3784361560906.0005 308877331779.50006 4549454.5000000009 5505757.0000000009 4380786.5000000009 4266293.0000000009 4489933.0000000009
decision_type=2 2 2 2 2 2 2 2 2 2 2 2 2 2 2 2 2 2 2 2 2 2 2 2 2 2 2 2 2 2
left_child=12 7 3 5 18 6 -3 10 15 17 27 -7 16 14 -9 -5 22 -6 -4 -20 -10 25 24 -24 -1 -14 -18 28 -2 -29
right_child=1 2 4 8 9 11 -8 13 20 -11 -12 -13 21 -15 -16 -17 26 -19 19 -21 -22 -23 23 -25 -26 -27 -28 29 -30 -31
leaf_value=-0.014878876937822536 0.0056435974868914128 0.0053230095884390129 0.015402079835535043 -0.010125082241503578 -0.00091773270301888951 0.014974490670639076 -0.0046662704824605968 -0.013810113123477706 -0.0068634193724836923 0.0092625579349394117 0.012914532008196438 0.0080086745755528991 -0.0092953177420141211 0.0092485498988076984 -0.0056999639903054242 0.0033945893201256577 0.001639907772147681 -0.013613682083169097 0.0018808206372677425 0.015020345734960373 0.0026935270762317594 -0.01677711940077397 -0.01330103792907102 -0.0011562846999801169 -0.0026277565793240997 -0.013291339625641312 -0.012267565353978485 0.012715220673581154 -0.012009733465678686 0.0008659659436527871
leaf_weight=9.7256763279438001 14.440986096858976 391.15954667329788 181.6176116168499 12.713045477867125 76.454678907990456 106.34395414590836 137.52607491612434 53.09002223610878 269.39523684978485 67.143735468387604 37.034065127372742 356.43161314725876 102.4688455760479 11.689296767115591 116.88046923279762 109.27585110068321 28.400843113660812 13.467063546180723 31.366553395986557 48.202398210763931 19.913121461868286 93.05111888051033 80.777555391192436 13.455002084374426 42.344456970691681 269.06778621673584 6.7284360229969016 8.2164231240749341 18.175723880529404 39.588220506906509
leaf_count=39 58 1572 731 51 307 428 552 213 1081 270 149 1433 411 47 469 439 114 54 126 194 80 373 324 54 170 1079 27 33 73 159
internal_value=0 0.00352431 0.00454858 0.00308984 0.00944101 0.00593811 0.00272452 -0.00271146 -0.00377613 0.00234566 0.00408876 0.00960939 -0.0115659 -0.00710826 -0.00823316 0.00198564 -0.00761678 -0.00281913 0.0137078 0.00984067 -0.00620561 -0.0131081 -0.00919984 -0.0115669 -0.00491602 -0.0121892 -0.00102384 2.4486e-05 -0.00419375 0.00290256
internal_weight=0 2120.13 1821.01 1402.76 418.252 991.461 528.686 299.115 411.297 157.065 117.455 462.776 646.02 181.66 169.97 121.989 181.432 89.9217 261.187 79.569 289.308 464.588 146.303 94.2326 52.0701 371.537 35.1293 80.4214 32.6167 47.8046
internal_count=11110 8519 7318 5636 1682 3985 2124 1201 1651 631 472 1861 2591 729 682 490 728 361 1051 320 1161 1863 587 378 209 1490 141 323 131 192
is_linear=0
shrinkage=0.01


Tree=3
num_leaves=31
num_cat=0
split_feature=3 12 0 0 0 0 0 0 2 0 0 0 14 0 3 0 0 0 1 12 6 1 1 1 0 0 1 2 1 1
split_gain=1104.7 132.782 129.905 267.174 119.09 113.79 96.2653 90.8645 56.9359 54.664 40.1003 39.8245 38.5082 28.9491 18.618 18.3712 16.8277 32.225 16.5892 16.4562 15.3305 14.8021 13.3789 12.0588 11.9217 11.6444 10.6103 16.4718 9.97074 12.1691
threshold=102.50000000000001 1.9722995365874345 4643066.5000000009 4583097.5000000009 5494016.0000000009 4505563.5000000009 4492123.5000000009 4583097.5000000009 141.00000000000003 5556929.5000000009 4532379.5000000009 4543160.0000000009 2.9861197458070241 5556929.5000000009 29.500000000000004 5505757.0000000009 5491238.5000000009 5491476.0000000009 4084856404488.5005 2.8663034647851817 90.000000000000014 1955683364938.0002 3289799696217.0005 1456284143093.0002 4642662.5000000009 4549454.5000000009 2621383336393.0005 50.500000000000007 308877331779.50006 758916136972.50012
decision_type=2 2 2 2 2 2 2 2 2 2 2 2 2 2 2 2 2 2 2 2 2 2 2 2 2 2 2 2 2 2
left_child=12 2 3 5 16 6 -2 11 21 15 -7 -3 14 22 26 -6 -4 -18 -10 -16 -14 -5 23 -9 -24 -22 28 -28 -1 -30
right_child=1 7 4 8 9 10 -8 13 18 -11 -12 -13 20 -15 19 -17 17 -19 -20 -21 25 -23 24 -25 -26 -27 27 -29 29 -31
leaf_value=-0.01513179748102054 0.0052520521612916243 0.0005970489457465673 0.015267553602871381 0.0062671653077869703 -0.00076724785390051332 0.01491963881778942 -0.0045513635400603707 -0.0060434594520861005 -0.0067922285495977831 0.0092909668025470352 0.0079016322679367011 0.01272276020923494 -0.016757136420299829 0.0085203237862598712 0.0094898645574880494 -0.013469066729251218 0.0018622426998325776 0.014888574309848402 0.0026670727817604584 -0.005257267650532328 -0.0092262180738173858 -0.0011616625870225733 -0.0017277144735341303 -0.0124954316986734 -0.011259063472999875 -0.013171059621418726 -0.0001609624202280276 -0.013951961641168782 0.0080727070301107005 -0.0066445810442530848
leaf_weight=8.7352253794670087 381.55628326535225 92.865587204694748 181.38685962557793 51.269326522946358 73.467017635703087 105.7159715294838 135.81955559551716 52.34840290248394 269.49609000980854 66.848597586154938 354.23409305512905 38.238110527396202 86.875633656978607 11.929818123579023 8.7061456143856031 13.475498825311659 31.362687528133392 48.143020659685135 19.909549951553345 57.82293875515461 102.76610979437828 56.247020289301872 52.822741329669952 64.859117612242699 17.460596770048141 275.22722725570202 9.9659348726272565 66.124001652002335 7.4685694873333004 22.677410110831261
leaf_count=35 1534 373 731 206 295 426 545 210 1081 269 1425 154 348 48 35 54 126 194 80 232 412 226 212 260 70 1103 40 265 30 91
internal_value=0 0.0034902 0.00456607 0.0030858 0.00947165 0.00589574 0.0026785 -0.00233288 -0.00383301 0.00249181 0.00951467 0.00413367 -0.011444 -0.00658415 -0.00753775 -0.00273594 0.0135861 0.00975007 -0.00614148 -0.00332742 -0.0129692 0.00238078 -0.00754522 -0.00961379 -0.0040956 -0.0120986 -0.0099741 -0.0121457 -0.00572436 -0.00299842
internal_weight=0 2119.46 1788.93 1374.25 414.684 977.326 517.376 330.524 396.922 153.791 459.95 131.104 646.369 199.421 181.5 86.9425 260.893 79.5057 289.406 66.5291 464.869 107.516 187.491 117.208 70.2833 377.993 114.971 76.0899 38.8812 30.146
internal_count=11110 8519 7192 5523 1669 3930 2079 1327 1593 618 1851 527 2591 800 728 349 1051 320 1161 267 1863 432 752 470 282 1515 461 305 156 121
is_linear=0
shrinkage=0.01


Tree=4
num_leaves=31
num_cat=0
split_feature=3 2 0 0 0 0 0 0 2 0 0 0 15 0 12 0 0 0 0 0 1 12 1 1 2 1 0 0 0 0
split_gain=1082.43 130.41 125.185 263.634 122.145 112.676 97.6344 85.9026 55.3657 53.9438 40.6262 38.4038 37.6959 32.1406 23.4162 20.3486 18.3867 17.7102 16.5522 31.6604 16.2502 15.0195 14.272 16.5758 11.6177 11.4164 10.2645 9.56887 24.5645 9.37418
threshold=102.50000000000001 32.500000000000007 4643066.5000000009 4583097.5000000009 5494016.0000000009 4505563.5000000009 4492123.5000000009 4583097.5000000009 141.00000000000003 5556929.5000000009 4543160.0000000009 4532379.5000000009 2.9930397052064408 5556929.5000000009 1.9902329949527153 4587374.0000000009 4803689.5000000009 5505757.0000000009 5491238.5000000009 5491476.0000000009 4084856404488.5005 4.9260228337136409 2210220659170.5005 3784361560906.0005 10.500000000000002 308877331779.50006 5505757.0000000009 4380786.5000000009 4266293.0000000009 4489933.0000000009
decision_type=2 2 2 2 2 2 2 2 2 2 2 2 2 2 2 2 2 2 2 2 2 2 2 2 2 2 2 2 2 2
left_child=12 7 3 5 18 6 -3 10 15 17 27 -7 16 14 -9 -5 22 -6 -4 -20 -10 24 25 -24 -14 -1 -18 28 -2 -29
right_child=1 2 4 8 9 11 -8 13 20 -11 -12 -13 21 -15 -16 -17 26 -19 19 -21 -22 -23 23 -25 -26 -27 -28 29 -30 -31
leaf_value=-0.014581652284853495 0.0055834795700085253 0.0052223071235295397 0.015135800066628752 -0.010016130989284354 -0.00089680292643031683 0.014714172806554864 -0.0045723671936699828 -0.013573691530087573 -0.0067219604342725293 0.0090902008876236149 0.012685225757785726 0.007859051106859383 -0.009595928444364632 0.0090832848827505693 -0.0055686364939486598 0.0033482132996820193 0.0016677694893230924 -0.01332729175657707 0.0018438497907170338 0.014759437812794854 0.0026408825895976578 -0.016423348876363299 -0.013049579619959038 -0.0010648363979575725 -0.01326973525211063 -0.002573332942642672 -0.012063766414926626 0.012593401362548723 -0.011887295159272254 0.00085141593121116038
leaf_weight=9.7371353060007078 14.435097843408583 390.86869829893112 181.13737210631371 12.719619691371916 76.464072495698929 106.07233649492264 137.59692230820656 53.146567612886429 269.58967839181423 67.047569140791893 36.955813825130463 356.00528433918953 135.28315988183022 11.673461049795149 116.95626899600029 109.23926778137684 28.403978034853935 13.482623308897017 31.358802884817123 48.078919500112534 19.905943870544434 93.16847351193428 80.863347426056862 13.461409807205198 236.65519849956036 42.356364876031876 6.734452858567237 8.2090858966112119 18.188371554017067 39.584503099322319
leaf_count=39 58 1572 731 51 307 428 552 213 1081 270 149 1433 542 47 469 439 114 54 126 194 80 373 324 54 948 170 27 33 73 159
internal_value=0 0.00345653 0.00446248 0.00303102 0.00926867 0.00582582 0.00267206 -0.00266217 -0.00369724 0.00230082 0.00400658 0.00943268 -0.0113244 -0.00696817 -0.00806972 0.00195439 -0.00746003 -0.00276008 0.0134667 0.00966089 -0.00607816 -0.0128329 -0.00901901 -0.0113392 -0.0119335 -0.00481789 -0.000963947 1.82887e-05 -0.0041569 0.00286823
internal_weight=0 2118.72 1819.57 1402 417.569 990.543 528.466 299.149 411.455 156.994 117.373 462.078 646.664 181.776 170.103 121.959 181.557 89.9467 260.575 79.4377 289.496 465.107 146.418 94.3248 371.938 52.0935 35.1384 80.4171 32.6235 47.7936
internal_count=11110 8519 7318 5636 1682 3985 2124 1201 1651 631 472 1861 2591 729 682 490 728 361 1051 320 1161 1863 587 378 1490 209 141 323 131 192
is_linear=0
shrinkage=0.01


Tree=5
num_leaves=31
num_cat=0
split_feature=3 12 0 0 0 0 0 0 12 0 0 0 14 0 12 0 3 0 0 0 12 1 6 0 1 13 1 0 0 1
split_gain=1060.67 127.786 123.861 257.457 118.624 110.598 96.5613 85.2027 54.8341 52.8048 39.9282 38.6358 36.9119 31.2215 21.0714 19.0426 18.0123 17.2982 16.2859 31.1113 16.0984 15.9188 14.7199 11.3939 10.2103 16.092 10.0315 9.75353 25.451 9.59766
threshold=102.50000000000001 1.9775790269231281 4643066.5000000009 4583097.5000000009 5494016.0000000009 4505563.5000000009 4492123.5000000009 4583097.5000000009 1.9201131192834737 5556929.5000000009 4543160.0000000009 4532379.5000000009 2.9861197458070241 5556929.5000000009 1.9902329949527153 4587374.0000000009 29.500000000000004 5505757.0000000009 5491238.5000000009 5491476.0000000009 2.8663034647851817 4084856404488.5005 90.000000000000014 4549454.5000000009 2621383336393.0005 2.9637917440976449 3784361549892.5005 4380786.5000000009 4266293.0000000009 308877331779.50006
decision_type=2 2 2 2 2 2 2 2 2 2 2 2 2 2 2 2 2 2 2 2 2 2 2 2 2 2 2 2 2 2
left_child=12 2 3 5 18 6 -2 10 21 17 27 -7 16 14 -9 -10 24 -6 -4 -20 -18 -5 -14 -24 29 26 -26 28 -3 -1
right_child=1 7 4 8 9 11 -8 13 15 -11 -12 -13 22 -15 -16 -17 20 -19 19 -21 -22 -23 23 -25 25 -27 -28 -29 -30 -31
leaf_value=-0.014835143194615159 0.0051804902311168863 0.0057530511606871193 0.015006724485218335 -0.0066525936933789056 -0.0008871583672697826 0.014664121370612793 -0.0045679789943742048 -0.01305476813681548 -0.0096912107363128202 0.0090062178958513223 0.012611614528689512 0.0077704676667289998 -0.016409071152672889 0.0089992650995076306 -0.0055379529096165727 0.0033560419806540225 0.0094380182661843118 -0.013188267222278421 0.001825639807004169 0.014632845770784837 -0.0051500956608621432 0.0026149537976757958 -0.0090063997542832435 -0.01290681698232592 -0.014555671149570076 0.0038405363491394407 -0.0023053140740642345 0.0029575894255594367 -0.011891879229050524 -0.0029356902783965054
leaf_weight=8.7434763759374601 390.21818003058434 14.678392082452772 180.86974816024303 269.67622750997543 74.971407875418663 105.42455872893333 137.38109174370766 54.422154426574707 12.475981235504149 66.996318712830544 37.16066275537014 355.28177738189697 86.960776090621948 11.664667397737501 118.48443467915058 108.2170707732439 8.7024448513984662 13.488473206758497 31.354906976222992 48.010253727436066 57.853042215108871 19.902305603027344 102.85803607106209 275.48479951918125 62.692663237452507 5.9790728092193595 7.482270970940589 48.778516039252281 18.449097007513046 30.155093044042587
leaf_count=35 1570 59 731 1081 301 426 551 218 50 270 150 1431 348 47 475 435 35 54 126 194 232 80 412 1103 251 24 30 196 74 121
internal_value=0 0.0034233 0.00442819 0.0030037 0.00922082 0.00576809 0.0026421 -0.00258098 -0.00365545 0.00230922 0.00401434 0.00934796 -0.0112068 -0.00683561 -0.00790386 0.00200735 -0.00738333 -0.00276285 0.0133496 0.00957308 -0.00324263 -0.00601565 -0.0126991 -0.0118464 -0.00977863 -0.0119077 -0.0132495 0.000113764 -0.00407362 -0.00561041
internal_weight=0 2117.91 1814.27 1398.58 415.691 988.306 527.599 303.638 410.272 155.456 119.067 460.706 646.912 184.571 172.907 120.693 181.608 88.4599 260.235 79.3652 66.5555 289.579 465.304 378.343 115.053 76.154 70.1749 81.906 33.1275 38.8986
internal_count=11110 8519 7300 5624 1676 3978 2121 1219 1646 625 479 1857 2591 740 693 485 728 355 1051 320 267 1161 1863 1515 461 305 281 329 133 156
is_linear=0
shrinkage=0.01


Tree=6
num_leaves=31
num_cat=0
split_feature=3 2 0 0 0 0 0 0 2 0 0 0 14 0 12 0 0 0 0 0 1 12 1 1 2 1 0 0 0 0
split_gain=1039.43 125.435 120.667 253.478 117.904 108.584 93.8335 82.4927 53.1537 51.8875 39.1515 37.1508 36.1506 30.8658 22.4764 19.5474 17.8615 16.9989 16.0283 30.5772 15.5946 14.4306 13.7453 15.9996 11.3732 10.9884 10.012 9.18894 23.5613 9.20099
threshold=102.50000000000001 32.500000000000007 4643066.5000000009 4583097.5000000009 5494016.0000000009 4505563.5000000009 4492123.5000000009 4583097.5000000009 141.00000000000003 5556929.5000000009 4543160.0000000009 4532379.5000000009 2.9861197458070241 5556929.5000000009 1.9902329949527153 4587374.0000000009 4803689.5000000009 5505757.0000000009 5491238.5000000009 5491476.0000000009 4084856404488.5005 4.9260228337136409 2210220659170.5005 3784361560906.0005 10.500000000000002 308877331779.50006 5505757.0000000009 4380786.5000000009 4266293.0000000009 4489933.0000000009
decision_type=2 2 2 2 2 2 2 2 2 2 2 2 2 2 2 2 2 2 2 2 2 2 2 2 2 2 2 2 2 2
left_child=12 7 3 5 18 6 -3 10 15 17 27 -7 16 14 -9 -5 22 -6 -4 -20 -10 24 25 -24 -14 -1 -18 28 -2 -29
right_child=1 2 4 8 9 11 -8 13 20 -11 -12 -13 21 -15 -16 -17 26 -19 19 -21 -22 -23 23 -25 -26 -27 -28 29 -30 -31
leaf_value=-0.01429625214846721 0.0054744846301076379 0.0051224806468058697 0.014880234731295494 -0.009809830084197552 -0.00087770791790349055 0.014463882176087652 -0.0044789621462923649 -0.01329419498364039 -0.0065841132166509263 0.0089233107667347801 0.012462513324713462 0.0077128590448962212 -0.0093747165597184157 0.0089163219345152357 -0.0054547046308002214 0.0032840232294560692 0.0016940197308599103 -0.013051898532510745 0.0018076096106118525 0.014508712351027022 0.0025892851408779107 -0.016086125594245621 -0.012799043387042788 -0.0010260595357199638 -0.013008287533115321 -0.0025191794063004224 -0.011863797565082558 0.0124523575722749 -0.011634904291195293 0.00081353325184847162
leaf_weight=9.7446047812700254 14.423692107200621 390.55919183790684 180.58458688855171 12.730614498257635 76.472710102796555 105.76049557328224 137.66192485392094 53.198832705616951 269.75593066215515 66.942867532372475 36.866978481411934 355.54354520142078 135.38263747096062 11.655490651726721 117.01709622144699 109.18903140723705 28.406355276703835 13.493085533380507 31.350996047258377 47.937173664569855 19.89863395690918 93.233472883701324 80.925761312246323 13.463974788784979 236.84278450906277 42.367950350046158 6.7389754056930533 8.1996076405048353 18.210955053567886 39.574632659554482
leaf_count=39 58 1572 731 51 307 428 552 213 1081 270 149 1433 542 47 469 439 114 54 126 194 80 373 324 54 948 170 27 33 73 159
internal_value=0 0.00339051 0.00437794 0.00297276 0.00910175 0.00571589 0.00262021 -0.00260999 -0.0036224 0.00225686 0.00392949 0.00926063 -0.0110914 -0.00682683 -0.00790484 0.00191679 -0.00730788 -0.0027036 0.0132346 0.00948662 -0.00595392 -0.0125679 -0.00884376 -0.0111197 -0.0116867 -0.00472139 -0.000905637 1.71534e-05 -0.00407299 0.00281113
internal_weight=0 2117.03 1817.88 1401.1 416.781 989.525 528.221 299.147 411.574 156.909 117.276 461.304 647.107 181.871 170.216 121.92 181.648 89.9658 259.873 79.2882 289.655 465.459 146.502 94.3897 372.225 52.1126 35.1453 80.4089 32.6346 47.7742
internal_count=11110 8519 7318 5636 1682 3985 2124 1201 1651 631 472 1861 2591 729 682 490 728 361 1051 320 1161 1863 587 378 1490 209 141 323 131 192
is_linear=0
shrinkage=0.01


Tree=7
num_leaves=31
num_cat=0
split_feature=12 2 0 0 0 0 0 0 2 0 0 0 14 0 2 0 0 0 12 1 2 1 1 1 1 1 0 1 12 1
split_gain=1014.5 128.923 123.098 250.364 108.754 104.681 89.404 85.5958 51.5164 50.0583 37.6298 36.8638 33.1002 27.8001 19.2351 18.4103 15.3024 29.7166 14.8984 14.1933 12.647 12.5487 12.5415 21.1409 12.5199 12.1514 12.3525 11.7528 10.4906 9.42219
threshold=2.8610968957257561 42.500000000000007 4643066.5000000009 4583097.5000000009 5494016.0000000009 4505563.5000000009 4492123.5000000009 4583097.5000000009 100.50000000000001 5556929.5000000009 4532379.5000000009 4543160.0000000009 2.9861197458070241 5556929.5000000009 8.5000000000000018 5505757.0000000009 5491238.5000000009 5491476.0000000009 4.9260228337136409 4084856404488.5005 10.500000000000002 1955683364938.0002 2637686626761.0005 3784361560906.0005 308877331779.50006 3289799699798.0005 4642662.5000000009 1514623711367.0002 2.9322243889625508 701677516891.50012
decision_type=2 2 2 2 2 2 2 2 2 2 2 2 2 2 2 2 2 2 2 2 2 2 2 2 2 2 2 2 2 2
left_child=1 7 3 5 16 6 -3 11 21 15 -7 -1 14 25 -2 -6 -4 -18 20 -10 -14 -5 24 28 -16 27 -27 -9 -24 -26
right_child=12 2 4 8 9 10 -8 13 19 -11 -12 -13 18 -15 22 -17 17 -19 -20 -21 -22 -23 23 -25 29 26 -28 -29 -30 -31
leaf_value=0.0004733277735852403 0.0049602519335223329 0.0050807495918311543 0.014717944356096899 0.0060465389425259754 -0.00046868774442618207 0.014362009709180919 -0.0043250784294412937 -0.0061491208710242719 -0.0064287634322889708 0.0090293883542321551 0.007576255372892006 0.012358577395017237 -0.0090576979686669452 0.0081904232914479722 -0.014786730630360805 -0.013071195990148797 0.0019250275584197149 0.014407866268986496 -0.015922880028456453 0.002265911814674081 -0.012858103926550485 -0.0010062412678142 -0.013436514062741003 0.00026603004106820493 0.005815496027469314 -0.0017253426851571837 -0.011641552886297325 -0.012519085298303187 0.00087689837104150804 -0.0048783247762074957
leaf_weight=89.599220797419548 11.974638283252714 381.7007011026144 181.02883142232895 49.229598149657249 73.978950396180153 106.08740276098251 137.44500656425953 54.403227776288986 276.30098384618759 67.137458100914955 355.80705220997334 36.820967987179756 138.64922092854977 11.893730059266089 10.744887247681616 13.745468959212301 31.59628801047802 48.108027964830399 93.247356966137886 20.143605723977089 237.6594131141901 51.743648394942284 76.693324625492096 15.458578631281851 9.9626781195402128 50.387664154171944 16.734039410948753 61.944035306572914 5.4868315160274497 47.627752080559731
leaf_count=360 48 1537 734 198 297 430 551 218 1107 271 1435 149 555 48 43 55 127 195 373 81 951 208 307 62 40 202 67 248 22 191
internal_value=0 0.00335209 0.0043975 0.00295921 0.00916805 0.00567171 0.00259054 -0.00247646 -0.00373669 0.00253043 0.0091348 0.00393501 -0.0109527 -0.00662535 -0.00727995 -0.00244336 0.0131105 0.00945943 -0.0123446 -0.00583795 -0.0114579 0.00243235 -0.00816305 -0.0104627 -0.00487724 -0.00758581 -0.00419754 -0.00954053 -0.0124809 -0.00302838
internal_weight=0 2115.84 1794.05 1378.46 415.595 981.04 519.146 321.783 397.418 154.862 461.894 126.42 647.505 195.363 177.949 87.7244 260.733 79.7043 469.556 296.445 376.309 100.973 165.974 97.6387 68.3353 183.469 67.1217 116.347 82.1802 57.5904
internal_count=11110 8518 7226 5547 1679 3953 2088 1292 1594 623 1865 509 2592 783 713 352 1056 322 1879 1188 1506 406 665 391 274 735 269 466 329 231
is_linear=0
shrinkage=0.01


Tree=8
num_leaves=31
num_cat=0
split_feature=3 2 0 0 0 0 0 0 2 0 0 0 14 0 12 0 0 0 0 0 1 6 1 1 0 1 0 0 0 0
split_gain=998.619 120.757 116.304 243.605 113.904 104.677 90.2411 79.2708 51.1912 49.9093 37.7972 35.9699 34.676 29.6826 21.9303 19.0927 17.4506 16.3156 15.543 29.5569 14.9805 13.8987 13.2588 15.3724 11.1562 10.5502 9.77192 9.00262 23.0878 9.03015
threshold=102.50000000000001 32.500000000000007 4643066.5000000009 4583097.5000000009 5494016.0000000009 4505563.5000000009 4492123.5000000009 4583097.5000000009 141.00000000000003 5556929.5000000009 4543160.0000000009 4532379.5000000009 2.9861197458070241 5556929.5000000009 1.9902329949527153 4587374.0000000009 4803689.5000000009 5505757.0000000009 5491238.5000000009 5491476.0000000009 4084856404488.5005 90.000000000000014 2210220659170.5005 3784361560906.0005 4549454.5000000009 308877331779.50006 5505757.0000000009 4380786.5000000009 4266293.0000000009 4489933.0000000009
decision_type=2 2 2 2 2 2 2 2 2 2 2 2 2 2 2 2 2 2 2 2 2 2 2 2 2 2 2 2 2 2
left_child=12 7 3 5 18 6 -3 10 15 17 27 -7 16 14 -9 -5 22 -6 -4 -20 -10 -14 25 -24 -23 -1 -18 28 -2 -29
right_child=1 2 4 8 9 11 -8 13 20 -11 -12 -13 21 -15 -16 -17 26 -19 19 -21 -22 24 23 -25 -26 -27 -28 29 -30 -31
leaf_value=-0.014011988815284796 0.0054198198728636661 0.0050258157288612564 0.014634979431070961 -0.0096960517043166439 -0.0008604439572853182 0.014223049261087854 -0.0043896082535204231 -0.013070399934243091 -0.0064506322009273975 0.0087589355839291731 0.012252266132273823 0.0075706615530264278 -0.015917697470950419 0.0087594521396065338 -0.0053286461949137529 0.0032427385449306113 0.0017333715662929228 -0.012785226458341788 0.001770748811433662 0.014267325723874248 0.0025416341699828564 -0.0086763929437741524 -0.012560508584438506 -0.0010210596436740682 -0.012534193642424463 -0.0024742203718720909 -0.011657845245720428 0.012336135523295919 -0.011516950771927308 0.0008007559601993533
leaf_weight=9.7485199272632581 14.417604386806486 390.23877115547657 179.96480037271976 12.735247954726217 76.480012908577919 105.41130992770195 137.71886482834816 53.225752279162407 269.89465409517288 66.828457891941071 36.770996361970901 355.05105771124363 86.999232530593872 11.636778578162192 117.07226897776127 109.15258558094501 28.410699144005775 13.498762428760527 31.342839986085892 47.778215855360031 19.891641139984131 102.9531963467598 80.964560836553574 13.46419110894203 275.70036287605762 42.376695901155472 6.742531105875968 8.1909884512424451 18.219837620854378 39.571210145950317
leaf_count=39 58 1572 731 51 307 428 552 213 1081 270 149 1433 348 47 469 439 114 54 126 194 80 412 324 54 1103 170 27 33 73 159
internal_value=0 0.00332652 0.00429624 0.00291696 0.00893957 0.00560893 0.00256978 -0.00256105 -0.0035464 0.00221262 0.0038539 0.00909356 -0.0108676 -0.00669243 -0.00774829 0.00189085 -0.00716266 -0.00264942 0.0130109 0.00931696 -0.00583338 -0.0123134 -0.00868041 -0.0109151 -0.0114853 -0.00463203 -0.000835118 1.2884e-05 -0.00403512 0.00277902
internal_weight=0 2115.09 1815.99 1400.09 415.893 988.42 527.958 299.105 411.674 156.807 117.171 460.462 647.36 181.935 170.298 121.888 181.707 89.9788 259.086 79.1211 289.786 465.653 146.554 94.4288 378.654 52.1252 35.1532 80.3996 32.6374 47.7622
internal_count=11110 8519 7318 5636 1682 3985 2124 1201 1651 631 472 1861 2591 729 682 490 728 361 1051 320 1161 1863 587 378 1515 209 141 323 131 192
is_linear=0
shrinkage=0.01


Tree=9
num_leaves=31
num_cat=0
split_feature=3 2 0 0 0 0 0 0 2 0 0 0 14 0 12 0 0 0 0 0 1 6 1 1 0 1 0 0 0 0
split_gain=978.797 118.428 114.227 238.889 111.971 102.785 88.4727 77.6898 50.1586 48.9583 37.1138 35.4112 33.9855 29.0901 21.4887 18.7112 17.098 15.9894 15.3091 29.0641 14.6768 13.6416 12.992 15.0621 10.9352 10.34 9.57502 8.82397 22.6201 8.86295
threshold=102.50000000000001 32.500000000000007 4643066.5000000009 4583097.5000000009 5494016.0000000009 4505563.5000000009 4492123.5000000009 4583097.5000000009 141.00000000000003 5556929.5000000009 4543160.0000000009 4532379.5000000009 2.9861197458070241 5556929.5000000009 1.9902329949527153 4587374.0000000009 4803689.5000000009 5505757.0000000009 5491238.5000000009 5491476.0000000009 4084856404488.5005 90.000000000000014 2210220659170.5005 3784361560906.0005 4549454.5000000009 308877331779.50006 5505757.0000000009 4380786.5000000009 4266293.0000000009 4489933.0000000009
decision_type=2 2 2 2 2 2 2 2 2 2 2 2 2 2 2 2 2 2 2 2 2 2 2 2 2 2 2 2 2 2
left_child=12 7 3 5 18 6 -3 10 15 17 27 -7 16 14 -9 -5 22 -6 -4 -20 -10 -14 25 -24 -23 -1 -18 28 -2 -29
right_child=1 2 4 8 9 11 -8 13 20 -11 -12 -13 21 -15 -16 -17 26 -19 19 -21 -22 24 23 -25 -26 -27 -28 29 -30 -31
leaf_value=-0.01387095349721805 0.0053678641733530133 0.0049776957947486287 0.014515730034130684 -0.0095962071091326637 -0.00085179622661033644 0.01410606822124926 -0.0043448684036611861 -0.01293694946417831 -0.0063846916512565249 0.0086791287672654538 0.012147142021461936 0.0075004520802991756 -0.015760271205235956 0.0086795211020512068 -0.0052743268111199657 0.0032110870763521738 0.0017162004463284475 -0.012656335681855193 0.001753263695194305 0.014150093978558367 0.0025166952393756849 -0.0085882180251558634 -0.012432784868229723 -0.001010796795583215 -0.01240733654545415 -0.0024491604665796431 -0.011538054824640655 0.012226050127854613 -0.011396797315251705 0.00079279061692632072
leaf_weight=9.749159023165701 14.411610037088392 390.07199847698212 179.63048012554646 12.739056125283239 76.483891695737839 105.2235651910305 137.74547961354256 53.236989036202431 269.95499524474144 66.768831685185432 36.718589395284653 354.79213485121727 86.989602863788605 11.626556202769278 117.09506793320179 109.12633845210075 28.408022671937943 13.499863207340239 31.338895261287689 47.692739933729172 19.887887239456177 102.97002157568932 80.978284657001495 13.464887320995329 275.73382243514061 42.382163032889366 6.7443986386060706 8.1821381449699384 18.227765783667564 39.569077908992767
leaf_count=39 58 1572 731 51 307 428 552 213 1081 270 149 1433 348 47 469 439 114 54 126 194 80 412 324 54 1103 170 27 33 73 159
internal_value=0 0.00329495 0.00425573 0.00288895 0.00886044 0.00555617 0.00254477 -0.00253573 -0.00351064 0.00219127 0.0038174 0.00901141 -0.010758 -0.00662463 -0.00766927 0.00187229 -0.00709025 -0.00262278 0.012902 0.0092343 -0.00577391 -0.0121892 -0.0085924 -0.0108043 -0.0113689 -0.00458517 -0.000826782 1.27706e-05 -0.00399452 0.00275187
internal_weight=0 2114.02 1814.96 1399.54 415.415 987.833 527.817 299.068 411.708 156.753 117.109 460.016 647.42 181.959 170.332 121.865 181.727 89.9838 258.662 79.0316 289.843 465.693 146.574 94.4432 378.704 52.1313 35.1524 80.3906 32.6394 47.7512
internal_count=11110 8519 7318 5636 1682 3985 2124 1201 1651 631 472 1861 2591 729 682 490 728 361 1051 320 1161 1863 587 378 1515 209 141 323 131 192
is_linear=0
shrinkage=0.01


Tree=10
num_leaves=31
num_cat=0
split_feature=3 2 0 0 0 0 0 0 2 0 0 0 14 0 12 0 0 0 0 0 1 6 1 1 0 1 0 0 0 0
split_gain=959.425 116.146 112.197 234.269 110.086 100.935 86.7396 76.1432 49.148 48.0269 36.4453 34.8694 33.3154 28.5106 21.0604 18.3378 16.7542 15.6715 15.0825 28.584 14.3798 13.3949 12.7326 14.7604 10.7218 10.1355 9.3827 8.64913 22.1632 8.69959
threshold=102.50000000000001 32.500000000000007 4643066.5000000009 4583097.5000000009 5494016.0000000009 4505563.5000000009 4492123.5000000009 4583097.5000000009 141.00000000000003 5556929.5000000009 4543160.0000000009 4532379.5000000009 2.9861197458070241 5556929.5000000009 1.9902329949527153 4587374.0000000009 4803689.5000000009 5505757.0000000009 5491238.5000000009 5491476.0000000009 4084856404488.5005 90.000000000000014 2210220659170.5005 3784361560906.0005 4549454.5000000009 308877331779.50006 5505757.0000000009 4380786.5000000009 4266293.0000000009 4489933.0000000009
decision_type=2 2 2 2 2 2 2 2 2 2 2 2 2 2 2 2 2 2 2 2 2 2 2 2 2 2 2 2 2 2
left_child=12 7 3 5 18 6 -3 10 15 17 27 -7 16 14 -9 -5 22 -6 -4 -20 -10 -14 25 -24 -23 -1 -18 28 -2 -29
right_child=1 2 4 8 9 11 -8 13 20 -11 -12 -13 21 -15 -16 -17 26 -19 19 -21 -22 24 23 -25 -26 -27 -28 29 -30 -31
leaf_value=-0.013732680591375722 0.0053164625581382276 0.0049300777327592601 0.014398737618214186 -0.0094978604812855326 -0.00084323627109760511 0.01399122446843192 -0.0043006335689097725 -0.012805971744539985 -0.0063195689272594379 0.0086003027531771879 0.012043655768359729 0.0074310522697438744 -0.015606343156996303 0.0086005725950211338 -0.0052206457968771757 0.0031797537623308864 0.0016992003049741478 -0.012529768322179979 0.0017359503532683675 0.014035011927295693 0.0024920038369304555 -0.0085012699430502513 -0.012307341471344347 -0.0010006378522615861 -0.012282734742880995 -0.0024243648734490809 -0.01142029381800167 0.012117736020666896 -0.011278685643922187 0.00078490498779560866
leaf_weight=9.7488497495651227 14.405468598008154 389.90205875039101 179.2808555662632 12.742237478494642 76.48770247399807 105.02737364172935 137.77053079009056 53.243637457489967 270.00919918715954 66.707302421331406 36.664029255509377 354.52586644887924 86.969218254089355 11.616001158952711 117.11600829660892 109.09979000687599 28.405330270528793 13.499866425991057 31.334941148757935 47.603413432836533 19.884109497070312 102.9828587770462 80.985582336783409 13.465569898486136 275.7456214427948 42.387446939945221 6.7457967847585669 8.1727675795555097 18.234425649046898 39.566955089569092
leaf_count=39 58 1572 731 51 307 428 552 213 1081 270 149 1433 348 47 469 439 114 54 126 194 80 412 324 54 1103 170 27 33 73 159
internal_value=0 0.00326378 0.00421572 0.00286127 0.0087825 0.00550402 0.00252002 -0.00251076 -0.0034753 0.00217018 0.00378138 0.00893033 -0.0106501 -0.00655776 -0.00759134 0.00185393 -0.0070189 -0.00259644 0.0127951 0.00915284 -0.00571517 -0.0120672 -0.00850572 -0.0106954 -0.0112545 -0.00453888 -0.000818541 1.26589e-05 -0.00395449 0.00272502
internal_weight=0 2112.89 1813.88 1398.96 414.914 987.226 527.673 299.019 411.735 156.695 117.044 459.553 647.436 181.976 170.36 121.842 181.739 89.9876 258.219 78.9384 289.893 465.698 146.587 94.4512 378.728 52.1363 35.1511 80.3796 32.6399 47.7397
internal_count=11110 8519 7318 5636 1682 3985 2124 1201 1651 631 472 1861 2591 729 682 490 728 361 1051 320 1161 1863 587 378 1515 209 141 323 131 192
is_linear=0
shrinkage=0.01


Tree=11
num_leaves=31
num_cat=0
split_feature=3 2 14 3 12 2 2 12 12 2 12 2 2 2 12 5 4 2 2 3 4 2 12 12 2 2 2 2 3 3
split_gain=940.492 113.912 32.6647 16.5559 15.5134 14.8389 73.4588 14.7438 13.1573 10.9181 9.44715 6.95661 6.03015 5.06789 4.38868 4.30296 4.07183 3.90532 3.86881 3.83863 3.61321 8.96194 3.58998 3.09621 2.95965 6.28169 3.01749 3.66044 2.81667 7.31181
threshold=102.50000000000001 32.500000000000007 2.9861197458070241 29.500000000000004 2.8663034647851817 79.500000000000014 141.00000000000003 1.9902329949527153 4.9260228337136409 10.500000000000002 2.91782434200594 6.5000000000000009 40.500000000000007 88.500000000000014 2.9035939979541712 30.500000000000004 75.500000000000014 109.50000000000001 81.500000000000014 13.500000000000002 40.500000000000007 61.500000000000007 1.9909035121068848 2.8894620282261476 50.500000000000007 51.500000000000007 49.500000000000007 47.500000000000007 6.5000000000000009 15.500000000000002
decision_type=2 2 2 2 2 2 2 2 2 2 2 2 2 2 2 2 2 2 2 2 2 2 2 2 2 2 2 2 2 2
left_child=2 7 3 10 -5 24 13 -2 9 28 19 -6 -13 18 22 16 -10 -15 -7 -1 -11 -22 -9 -21 26 -26 27 -3 -4 -30
right_child=1 5 8 4 11 6 -8 14 15 20 -12 12 -14 17 -16 -17 -18 -19 -20 23 21 -23 -24 -25 25 -27 -28 -29 29 -31
leaf_value=-0.012093688403791776 -0.0060105264929279255 0.0036039327107691274 -0.004755735177325842 0.0094686521843864151 0.0061318905124880538 0.013458963949846614 0.0037609953585406187 0.0034765176980611073 -0.01679953007454682 -0.013469810573566289 -0.0041853142722039103 -0.0087792099029403575 -0.001904853935453984 0.0126614140908404 0.0059693922176384216 -0.010195313798100672 -0.0074731187330144338 0.0083104393495114469 0.0066325835079031458 -0.0017696721669301693 -0.011915421998313946 -0.0015904077509485812 -0.0017373130827164479 -0.0098075237136547155 -0.0077159935069683137 0.0014254374370291231 0.008252390348639678 -0.0022668369953196803 -0.013990445805855558 -0.0080430597149597233
leaf_weight=64.954827725887299 84.963651284575462 59.660486459732056 14.999041840434073 8.702134430408476 5.244579389691352 10.39108234643936 1410.4092017263174 14.185242682695387 74.199691817164421 135.4918667525053 27.951450228691101 30.9512659907341 21.711430683732033 96.955158188939095 8.4656441360712034 13.990278720855711 4.9964597821235648 26.204891383647919 41.300319448113441 6.9916809052228954 92.245058476924896 9.2495456635951978 191.34571418166161 15.235052093863485 7.9559373855590811 136.27066498994827 10.677995473146437 12.920484110713003 26.499281689524651 93.995402902364731
leaf_count=260 341 240 60 35 21 42 5695 57 297 542 112 124 87 392 34 56 20 106 167 28 369 37 769 61 32 549 43 52 106 376
internal_value=0 0.00323299 -0.0105441 -0.00694856 -0.00298048 0.0041762 0.00451893 -0.00248613 -0.0119473 -0.0111066 -0.00924427 -0.0048513 -0.0059451 0.0106327 -0.00108683 -0.015308 -0.0162111 0.0117357 0.00800483 -0.0108662 -0.0124011 -0.0109745 -0.00137747 -0.00727912 0.00178781 0.000921171 0.00328905 0.00255885 -0.00884232 -0.00935101
internal_weight=0 2111.71 647.409 181.742 66.6094 1812.75 1585.26 298.96 465.667 372.48 115.133 57.9073 52.6627 174.851 213.997 93.1864 79.1962 123.16 51.6914 87.1816 236.986 101.495 205.531 22.2267 227.486 144.227 83.259 72.581 135.494 120.495
internal_count=11110 8519 2591 728 267 7318 6402 1201 1863 1490 461 232 211 707 860 373 317 498 209 349 948 406 826 89 916 581 335 292 542 482
is_linear=0
shrinkage=0.01


Tree=12
num_leaves=31
num_cat=0
split_feature=3 13 0 0 0 0 0 0 2 0 0 0 14 0 0 0 0 0 1 1 6 1 1 1 1 0 0 1 0 2
split_gain=921.906 111.738 112.306 228.023 103.701 98.1964 82.1148 77.4954 48.6069 46.8985 35.3432 34.4765 32.0411 24.5485 16.3229 15.5929 14.8677 28.0934 14.2716 14.0897 12.9462 12.8969 12.4021 14.3424 11.2958 11.2023 10.4743 10.0184 9.18304 7.61807
threshold=102.50000000000001 1.9860524878237815 4643066.5000000009 4583097.5000000009 5494016.0000000009 4505563.5000000009 4492123.5000000009 4583097.5000000009 141.00000000000003 5556929.5000000009 4532379.5000000009 4528396.0000000009 2.9861197458070241 5556929.5000000009 4803689.5000000009 5505757.0000000009 5491238.5000000009 5491476.0000000009 1955683364938.0002 4084856404488.5005 90.000000000000014 3289799696217.0005 2177228743277.0002 3784361560906.0005 1456284143093.0002 4642662.5000000009 4549454.5000000009 308877331779.50006 5505757.0000000009 82.500000000000014
decision_type=2 2 2 2 2 2 2 2 2 2 2 2 2 2 2 2 2 2 2 2 2 2 2 2 2 2 2 2 2 2
left_child=12 2 3 5 16 6 -2 11 18 15 -7 -3 14 21 22 -6 -4 -18 -5 -10 -14 24 27 -24 -9 -23 -22 -1 29 -16
right_child=1 7 4 8 9 10 -8 13 19 -11 -12 -13 20 -15 28 -17 17 -19 -20 -21 26 25 23 -25 -26 -27 -28 -29 -30 -31
leaf_value=-0.013514798795842862 0.0048226524011234628 0.00032288252355364432 0.014248262537919543 0.0060035006172887819 -0.00074943998348447601 0.013918123843276779 -0.0042309461696364431 -0.0055153466031261904 -0.0062935109074166709 0.0085977271657615342 0.0072896435418654797 0.011333854418013415 -0.015310560384241428 0.0078985886666861314 -0.00065644108521245277 -0.012442664398250036 0.0016834108018469027 0.013884313582451653 -0.0012974936063480788 0.0024306693298304332 -0.0083097920583864466 -0.0012617718748012868 -0.012059218046932567 -0.00092262222067886397 -0.01175430953321154 -0.010492348870509424 -0.012047245640518638 -0.0022522354012861055 -0.011247105325584662 0.012960918982413002
leaf_weight=9.7461171448230726 380.15124109387398 88.817701116204262 178.79855500161648 51.151271507143974 73.474767088890076 104.25999668240547 136.02567854523659 52.442988395690918 270.02938270568848 66.363384261727333 352.10757160186768 41.828016147017479 86.897913098335266 11.855210915207861 23.426576092839245 13.499216198921202 31.322609722614288 47.478039145469666 56.178769677877426 19.874453544616699 102.99684889614582 52.924186512827873 81.728311732411385 13.470260038971899 64.972872167825699 17.493581473827362 275.70650333166122 41.652824491262436 6.7461785227060309 4.9819488376379004
leaf_count=39 1534 357 731 206 295 426 545 210 1081 269 1425 170 348 48 94 54 126 194 226 80 412 212 327 54 260 70 1103 167 27 20
internal_value=0 0.00320167 0.00419257 0.00281705 0.00877761 0.0054246 0.0024368 -0.00213992 -0.00356699 0.00226653 0.00880396 0.0038482 -0.0104395 -0.00605762 -0.0068787 -0.00256434 0.0126534 0.00903456 0.00218201 -0.00569542 -0.0118295 -0.00693848 -0.00834623 -0.0104834 -0.00896772 -0.00355488 -0.0110308 -0.00438781 -0.000759003 0.00173161
internal_weight=0 2111.05 1780.71 1369.78 410.937 972.544 516.177 330.335 397.234 153.337 456.368 130.646 647.353 199.689 181.752 86.974 257.599 78.8006 107.33 289.904 465.601 187.834 146.598 95.1986 117.416 70.4178 378.703 51.3989 35.1547 28.4085
internal_count=11110 8519 7192 5523 1669 3930 2079 1327 1593 618 1851 527 2591 800 728 349 1051 320 432 1161 1863 752 587 381 470 282 1515 206 141 114
is_linear=0
shrinkage=0.01


Tree=13
num_leaves=31
num_cat=0
split_feature=3 12 14 3 12 12 12 1 1 12 6 1 1 12 1 1 1 1 1 1 1 1 1 1 3 3 5 1 1 12
split_gain=903.805 109.613 31.428 16.0757 15.2199 13.9365 70.5768 14.2547 56.9476 13.3022 12.7271 11.0029 18.8083 9.20831 10.1679 7.46799 14.9778 11.025 6.89676 6.86902 15.7802 7.20357 6.33756 9.72416 6.27193 6.52077 8.66588 5.85825 5.52086 4.6976
threshold=102.50000000000001 1.9775790269231281 2.9861197458070241 29.500000000000004 2.8610968957257561 1.9476087096803527 1.4501983931060998 4223680120441.5005 3743724186784.5005 1.9902329949527153 90.000000000000014 1264132469058.5002 453453640836.50006 2.91782434200594 2621383336393.0005 2940898963825.0005 2177228735934.5002 4251334762525.5005 415074930686.50006 2753137481126.5005 1514623711367.0002 1861025321733.5002 3686367616301.0005 4265488928459.5005 3.5000000000000004 29.500000000000004 42.500000000000007 308877331779.50006 701677527733.00012 1.9418533185457945
decision_type=2 2 2 2 2 2 2 2 2 2 2 2 2 2 2 2 2 2 2 2 2 2 2 2 2 2 2 2 2 2
left_child=2 5 3 13 -5 6 7 8 -2 -3 -4 12 18 14 27 16 -13 -17 -7 20 -11 -22 -21 -24 -12 28 -27 -1 -26 -8
right_child=1 9 10 4 -6 11 29 -9 -10 19 24 15 -14 -15 -16 17 -18 -19 -20 22 21 -23 23 -25 25 26 -28 -29 -30 -31
leaf_value=-0.013592862877976928 0.0038887375220463751 -0.0056937511738355227 -0.015166329053329963 0.013088372321271158 -0.0043294200161139032 0.0023299936593789384 0.011470858752657914 0.0073138454452532252 -0.0056990020996416932 -0.00017464689469974027 0.00020516428767656419 0.0017021246693534554 0.0087843058300926553 -0.0040785759069062177 -0.012943981276661326 0.0041114959145699577 -0.0073459672281975617 -0.0057489922023903055 -0.0093410481692765522 0.0021840886803068124 -0.01711916426238496 -0.0060751569811248254 -0.005233525626893454 0.0073032778731735946 -0.0083769254315557689 -0.013736442527734734 -0.0080412394080670632 -0.0028126997330691007 -0.012772830763118234 0.0078800359474792275
leaf_weight=6.7442074567079571 1242.0194213539362 86.950906127691269 86.847313314676285 5.4651125222444525 61.152385979890823 11.671519115567209 123.89509700238705 100.77134157717228 65.202413767576218 65.411395758390427 4.9988937377929679 45.676693737506866 45.421412765979767 27.955651506781578 60.464802026748657 67.033225432038307 30.518987953662872 13.647865146398543 8.9425865560770017 79.26556484401226 7.7156276851892462 25.181398466229439 31.165878266096115 7.719412460923194 33.490807324647903 35.239243745803833 110.48077782988548 19.961018696427345 194.446054443717 51.608292207121849
leaf_count=27 5020 349 348 22 245 47 502 408 263 263 20 184 183 112 242 270 123 55 36 319 31 101 125 31 134 141 442 80 778 209
internal_value=0 0.00317154 -0.0103368 -0.00681025 -0.00290051 0.00410568 0.00443524 0.00368988 0.00341051 -0.00239008 -0.0117137 0.00176463 0.00518898 -0.00907262 -0.0106742 0.000323192 -0.00192195 0.00244351 -0.00273301 -0.00106301 -0.00301592 -0.0086654 0.000561931 -0.00274475 -0.0109218 -0.0110707 -0.0094185 -0.00553515 -0.0121269 0.0104149
internal_weight=0 2109.82 647.246 181.743 66.6175 1806.41 1583.5 1407.99 1307.22 303.41 465.503 222.912 66.0355 115.126 87.17 156.877 76.1957 80.6811 20.6141 216.459 98.3084 32.897 118.151 38.8853 378.656 373.657 145.72 26.7052 227.937 175.503
internal_count=11110 8519 2591 728 267 7300 6402 5691 5283 1219 1863 898 266 461 349 632 307 325 83 870 395 132 475 156 1515 1495 583 107 912 711
is_linear=0
shrinkage=0.01


Tree=14
num_leaves=31
num_cat=0
split_feature=3 2 15 3 12 12 2 2 1 1 6 1 1 2 12 1 1 1 1 1 1 12 1 2 2 1 1 1 2 3
split_gain=886.035 107.614 30.8357 15.7608 14.9254 14.073 14.0554 70.5763 14.0267 55.766 12.5169 12.0579 18.6523 9.8727 9.03123 9.97253 8.92098 14.2447 10.9391 7.29127 17.5383 7.71844 6.71419 6.31377 7.65863 5.74608 5.47069 10.528 4.90185 4.56917
threshold=102.50000000000001 32.500000000000007 2.9930397052064408 29.500000000000004 2.8610968957257561 1.9902329949527153 79.500000000000014 141.00000000000003 4223680120441.5005 3743724186784.5005 90.000000000000014 1392992072064.0002 453453640836.50006 11.500000000000002 2.91782434200594 2621383336393.0005 2940898963825.0005 2177228735934.5002 4251334762525.5005 2384278442386.0005 1514623711367.0002 1.994262914445758 415074930686.50006 6.5000000000000009 40.500000000000007 308877331779.50006 3686367616301.0005 4223680142529.0005 88.500000000000014 19.500000000000004
decision_type=2 2 2 2 2 2 2 2 2 2 2 2 2 2 2 2 2 2 2 2 2 2 2 2 2 2 2 2 2 2
left_child=2 5 3 14 -5 -2 11 28 9 -9 -4 12 22 -12 15 25 17 -13 -18 20 -7 -22 -3 -6 -25 -1 -21 -28 -8 -17
right_child=1 6 10 4 23 19 7 8 -10 -11 13 16 -14 -15 -16 29 18 -19 -20 26 21 -23 -24 24 -26 -27 27 -29 -30 -31
leaf_value=-0.013462089232758816 -0.005860518822336124 0.0021697509640679754 -0.015025116001906607 0.012971163927757979 0.0062050203392423698 -0.00038013648905033158 0.0078077442060560014 0.0038461633780707909 0.0072463492233337335 -0.0056394477877981667 -0.0089060459092634766 0.0013571693131549682 0.0085813525308413158 -0.012180951285620134 -0.004037393408546289 -0.013642674515238675 0.0041409190202250272 -0.0074823130620996449 -0.0055222016850374261 0.0019406036526466565 -0.016227286511073431 -0.0053260889953069355 -0.0092413205590496147 -0.0085916424835592534 -0.0011466086251291422 -0.0027842609397866107 -0.0053151637040688609 0.0076097375588571169 0.011481865438564956 -0.0036579564715957516
leaf_weight=6.7416376620531109 84.971497282385826 12.167238593101503 86.787207573652267 5.4593793600797644 5.2450781017541876 64.17090792953968 51.565485134720802 1242.5591050684452 100.6932719796896 65.231908947229385 157.95740166306496 44.184193387627602 48.862696439027786 220.63030205667019 27.958385467529297 55.454971238970757 68.006419777870178 31.03610335290432 14.1532064974308 85.222907304763794 11.477108612656595 14.962473005056379 8.9486682862043363 30.965492740273476 24.950113102793694 19.963244169950485 30.17711116373539 7.9657993763685218 122.75811137259007 4.9960786551237097
leaf_count=27 341 49 348 22 21 258 209 5024 408 263 632 178 197 883 112 222 274 125 57 343 46 60 36 124 100 80 121 32 498 20
internal_value=0 0.00314088 -0.0102357 -0.00674248 -0.00287139 -0.00241748 0.00405884 0.00439281 0.00364993 0.00337303 -0.0115998 0.00173385 0.00518745 -0.0108146 -0.00898279 -0.0105692 0.00019822 -0.00229003 0.0024763 -0.00105022 -0.00320413 -0.0100582 -0.00266612 -0.00428554 -0.00526959 -0.00547987 0.000531794 -0.00261592 0.010395 -0.0128175
internal_weight=0 2109.11 647.109 181.734 66.6201 298.948 1810.17 1582.81 1408.48 1307.79 465.375 227.359 69.9786 378.588 115.114 87.1559 157.38 75.2203 82.1596 213.976 90.6105 26.4396 21.1159 61.1607 55.9156 26.7049 123.366 38.1429 174.324 60.451
internal_count=11110 8519 2591 728 267 1201 7318 6402 5695 5287 1863 916 282 1515 461 349 634 303 331 860 364 106 85 245 224 107 496 153 707 242
is_linear=0
shrinkage=0.01


Tree=15
num_leaves=31
num_cat=0
split_feature=12 2 0 0 0 0 0 0 2 0 0 0 14 0 2 0 0 0 5 1 1 1 1 1 1 0 1 2 12 4
split_gain=865.19 111.113 112.358 226.666 100.129 95.2583 81.0236 77.2947 46.7155 45.6342 34.844 33.7125 28.2906 25.147 18.0888 16.6451 14.2224 27.25 13.2437 12.6826 11.8991 11.3156 18.7915 11.2655 10.9091 13.7962 11.9099 10.7534 10.1446 8.24133
threshold=2.8610968957257561 42.500000000000007 4643066.5000000009 4583097.5000000009 5494016.0000000009 4505563.5000000009 4492123.5000000009 4583097.5000000009 100.50000000000001 5556929.5000000009 4532379.5000000009 4543160.0000000009 2.9861197458070241 5498003.0000000009 8.5000000000000018 5505757.0000000009 5491238.5000000009 5491476.0000000009 41.500000000000007 4084856404488.5005 1955683364938.0002 3784361567738.0005 2637686626761.0005 308877331779.50006 3289799699798.0005 4642662.5000000009 1514623711367.0002 11.500000000000002 2.9254358709643182 88.500000000000014
decision_type=2 2 2 2 2 2 2 2 2 2 2 2 2 2 2 2 2 2 2 2 2 2 2 2 2 2 2 2 2 2
left_child=1 7 3 5 16 6 -3 11 20 15 -7 -1 14 24 -2 -6 -4 -18 29 -10 -5 22 23 -16 26 -26 -9 -20 -24 -14
right_child=12 2 4 8 9 10 -8 13 19 -11 -12 -13 18 -15 21 -17 17 -19 27 -21 -22 -23 28 -25 25 -27 -28 -29 -30 -31
leaf_value=0.00049291830578196156 0.0051495040703151982 0.0047342815160128114 0.014029792168101071 0.0057454534428748949 -0.00057646063757876744 0.013676299999570833 -0.0042224729881058789 -0.0056793064497365695 -0.0062186870993849053 0.0085191889956022487 0.0071136667606041121 0.011886479194888531 -0.014344821700877659 0.0067446773741530464 -0.01389373216617875 -0.01255934104592356 0.0017319316543287515 0.013718385163252614 -0.0082256845440164868 0.0020081093284706961 -0.0011291656153984951 0.00095321012352933695 -0.013006183111790359 -0.0027368344388744264 -0.0014359128724200918 -0.012032626132357026 -0.012129975675961267 -0.011898625877798599 -0.0031500363342640476 -0.0012707043807157171
leaf_weight=89.570001557469368 11.978015169501303 380.43707501888275 178.90540988743305 49.091709390282631 73.926059573888779 104.87548314034939 137.50063841044903 53.940257087349892 276.47965832054615 66.723372802138329 353.96095563471317 36.574491113424301 141.19048057496548 13.848161563277243 10.735759645700453 13.747901976108549 31.549570649862289 47.553998649120331 143.16357959806919 20.101416349411011 51.686291322112083 14.225296854972838 71.171683952212334 57.648919880390167 50.431803703308105 16.243336141109467 60.978880226612091 179.84690919518471 12.238659545779226 4.991857483983039
leaf_count=360 48 1537 734 198 297 430 551 216 1107 271 1435 149 566 56 43 55 127 195 573 81 208 57 285 231 202 65 244 720 49 20
internal_value=0 0.00310516 0.0040792 0.00270533 0.0086569 0.00529577 0.00235647 -0.00230602 -0.00366239 0.00228727 0.00861368 0.00379638 -0.0101132 -0.0062447 -0.00671871 -0.00245546 0.0124686 0.00893772 -0.011401 -0.0056611 0.00221965 -0.00757498 -0.00837418 -0.00448836 -0.00723526 -0.00401747 -0.00910219 -0.0102707 -0.01156 -0.0138984
internal_weight=0 2108.13 1786.54 1374.13 412.406 976.774 517.938 321.587 397.359 154.397 458.836 126.144 647.191 195.442 177.998 87.674 258.009 79.1036 469.193 296.581 100.778 166.02 151.795 68.3847 181.594 66.6751 114.919 323.01 83.4103 146.182
internal_count=11110 8518 7226 5547 1679 3953 2088 1292 1594 623 1865 509 2592 783 713 352 1056 322 1879 1188 406 665 608 274 727 267 460 1293 334 586
is_linear=0
shrinkage=0.01


Tree=16
num_leaves=31
num_cat=0
split_feature=3 2 0 0 0 0 0 0 2 0 0 0 14 0 12 0 0 0 0 0 1 12 1 1 2 1 0 0 0 0
split_gain=851.905 103.6 106.062 220.307 105.007 95.3238 82.0059 71.3848 46.381 45.4001 34.5404 33.3366 29.6776 26.8837 19.8245 17.6716 15.7478 14.7129 14.4807 27.1511 13.4356 12.2114 11.6459 13.7292 10.2664 9.41325 8.92577 8.47437 21.6538 8.52757
threshold=102.50000000000001 32.500000000000007 4643066.5000000009 4583097.5000000009 5494016.0000000009 4505563.5000000009 4492123.5000000009 4583097.5000000009 141.00000000000003 5556929.5000000009 4543160.0000000009 4532379.5000000009 2.9861197458070241 5556929.5000000009 1.9902329949527153 4587374.0000000009 4803689.5000000009 5505757.0000000009 5491238.5000000009 5491476.0000000009 4084856404488.5005 4.9260228337136409 2177228743277.0002 3784361560906.0005 10.500000000000002 308877331779.50006 5505757.0000000009 4380786.5000000009 4266293.0000000009 4489933.0000000009
decision_type=2 2 2 2 2 2 2 2 2 2 2 2 2 2 2 2 2 2 2 2 2 2 2 2 2 2 2 2 2 2
left_child=12 7 3 5 18 6 -3 10 15 17 27 -7 16 14 -9 -5 22 -6 -4 -20 -10 24 25 -24 -14 -1 -18 28 -2 -29
right_child=1 2 4 8 9 11 -8 13 20 -11 -12 -13 21 -15 -16 -17 26 -19 19 -21 -22 -23 23 -25 -26 -27 -28 29 -30 -31
leaf_value=-0.013073659977750625 0.0053009842288634429 0.0046842900600700468 0.013957610515044627 -0.0094381282488723225 -0.00095250287152517487 0.013547944542678426 -0.004293894658359756 -0.012352292718338612 -0.0062351540441953979 0.0082499683137523781 0.011790243885021567 0.0071100075757639563 -0.0083727502024961327 0.0084456525653657348 -0.0049925902550791365 0.0030084402613571809 0.001852146800934243 -0.012277843707784255 0.0015780091498306637 0.013589453365476969 0.0022889232945125428 -0.014621802048413429 -0.011669677377200632 -0.00077539899510337736 -0.011824919907612899 -0.0021504250906978859 -0.010946217303466416 0.01205044117455226 -0.011101552164830868 0.00082685689593922629
leaf_weight=9.7319972366094571 14.403280436992643 388.93742822110653 177.75815103948116 12.741483703255652 76.432076826691628 104.15280942618847 137.77137731015682 53.226391404867172 270.07025343179703 66.400787860155106 36.516533046960831 353.15357506275177 135.43383246660233 11.593675315380095 117.1681033372879 108.92716255784035 28.418454214930534 13.496427148580549 31.296056553721428 47.203720912337303 19.850184202194214 92.881790027022362 81.656117677688599 13.476958572864531 236.71369564533234 41.665730968117714 6.7420359104871741 8.1664509028196317 18.24185286462307 39.57674352824688
leaf_count=39 58 1572 731 51 307 428 552 213 1081 270 149 1433 542 47 469 439 114 54 126 194 80 373 327 54 948 167 27 33 73 159
internal_value=0 0.00308173 0.00398325 0.00266641 0.00843757 0.005236 0.00233586 -0.00237213 -0.00347689 0.00197849 0.00372535 0.00857627 -0.0100391 -0.006289 -0.00729155 0.001705 -0.00661202 -0.0026522 0.0123779 0.00880077 -0.00565153 -0.0113781 -0.00805416 -0.0101263 -0.0105686 -0.00421871 -0.000601944 6.18538e-05 -0.00386463 0.00274665
internal_weight=0 2107.08 1808.19 1395.6 412.587 984.015 526.709 298.893 411.589 156.329 116.905 457.306 646.721 181.988 170.394 121.669 181.691 89.9285 256.258 78.4998 289.92 465.029 146.531 95.1331 372.148 51.3977 35.1605 80.3883 32.6451 47.7432
internal_count=11110 8519 7318 5636 1682 3985 2124 1201 1651 631 472 1861 2591 729 682 490 728 361 1051 320 1161 1863 587 381 1490 206 141 323 131 192
is_linear=0
shrinkage=0.01


Tree=17
num_leaves=31
num_cat=0
split_feature=3 2 14 3 13 2 2 13 6 13 2 2 2 2 13 2 2 5 4 4 2 13 5 3 2 2 13 2 2 3
split_gain=835.336 101.617 29.1309 15.0407 15.1245 13.4231 68.7924 13.4004 12.0275 10.7409 9.34691 6.37105 6.62212 4.82684 4.26793 3.85144 3.81808 3.69997 4.11454 3.60851 8.90918 3.53654 3.42707 4.34571 2.99164 6.11817 2.89163 3.6474 2.67501 2.65965
threshold=102.50000000000001 32.500000000000007 2.9861197458070241 19.500000000000004 2.9292462699273405 79.500000000000014 141.00000000000003 1.9951045003391281 90.000000000000014 2.9598718903949575 11.500000000000002 6.5000000000000009 52.500000000000007 88.500000000000014 2.9511966510634045 109.50000000000001 81.500000000000014 30.500000000000004 75.500000000000014 40.500000000000007 61.500000000000007 1.9954413512257532 7.5000000000000009 30.500000000000004 50.500000000000007 51.500000000000007 1.9833862571999232 47.500000000000007 56.500000000000007 14.500000000000002
decision_type=2 2 2 2 2 2 2 2 2 2 2 2 2 2 2 2 2 2 2 2 2 2 2 2 2 2 2 2 2 2
left_child=2 7 3 9 -5 24 13 -2 17 -1 22 -6 -13 16 21 -15 -7 18 -4 -12 -21 -9 -10 -24 26 -26 -3 -28 -27 -11
right_child=1 5 8 4 11 6 -8 14 10 29 19 12 -14 15 -16 -17 -18 -19 -20 20 -22 -23 23 -25 25 28 27 -29 -30 -31
leaf_value=-0.010692926336978029 -0.0057097852665010341 0.0080477447727633853 -0.016159838138261121 0.012831809957319345 0.0061778021308028031 0.013071451573816386 0.0035394173759952588 0.0035185367884915733 -0.014312905955806096 -0.0007467587175553677 -0.012894989622230811 -0.0077063019590999796 -0.0012409763262698117 0.012211135479001401 0.0059456614542058583 0.0078767637259669031 0.0062714076572792602 -0.009809694927502069 -0.0067433285762817288 -0.011354986015268112 -0.00098996504030449389 -0.0016585353047363183 -0.010100858346055822 -0.0066636740396217699 -0.0077235231471396576 0.0036957800926938882 0.003512735160481591 -0.0023504516066865616 0.00047931679117954216 -0.0089393327371626828
leaf_weight=82.088754698634148 84.925878450274467 10.655966743826864 68.143675565719604 5.450871378183364 5.244122087955474 10.333113908767698 1405.9222382009029 14.172874212265013 9.9856104701757413 16.2221232354641 130.26128706336021 41.957199484109879 25.452632814645767 96.328139290213585 8.4611721187829954 26.043443784117699 41.095818132162094 13.438845589756964 4.9793207645416251 80.878212928771973 9.2401558458805066 191.24389299750328 68.681693658232689 79.201434031128883 7.9535029679536811 34.710703164339066 59.589107364416122 12.908381909132002 101.36187566816807 5.2434740364551535
leaf_count=329 341 43 274 22 21 42 5695 57 40 65 522 168 102 392 34 106 167 54 20 324 37 769 275 317 32 140 240 52 409 21
internal_value=0 0.00305295 -0.00994264 -0.00654707 -0.00323385 0.00394627 0.00427313 -0.00234909 -0.0112697 -0.00904603 -0.0105002 -0.00443918 -0.00526512 0.0102083 -0.00101464 0.0112887 0.00763767 -0.0146323 -0.0155186 -0.0118307 -0.0102922 -0.00130134 -0.00864287 -0.00826001 0.00167346 0.000801511 0.00318371 0.00246878 0.0012998 -0.00274799
internal_weight=0 2105.71 646.469 181.659 78.1048 1806.9 1579.72 298.804 464.81 103.554 378.248 72.654 67.4098 173.801 213.878 122.372 51.4289 86.5618 73.123 220.38 90.1184 205.417 157.869 147.883 227.18 144.026 83.1535 72.4975 136.073 21.4656
internal_count=11110 8519 2591 728 313 7318 6402 1201 1863 415 1515 291 270 707 860 498 209 348 294 883 361 826 632 592 916 581 335 292 549 86
is_linear=0
shrinkage=0.01


Tree=18
num_leaves=31
num_cat=0
split_feature=3 2 14 3 12 2 2 12 6 2 12 2 2 2 12 2 2 5 4 3 4 2 12 5 3 12 2 2 12 2
split_gain=819.05 99.6415 28.608 14.7587 14.2637 13.1708 67.5836 13.1322 11.8443 9.17986 8.54027 6.53244 5.71484 4.74969 4.1839 3.79038 3.75466 3.63835 4.04521 3.55315 3.54382 8.7401 3.46627 3.36373 4.26364 3.00778 2.93342 5.99408 2.83777 3.57581
threshold=102.50000000000001 32.500000000000007 2.9861197458070241 29.500000000000004 2.8663034647851817 79.500000000000014 141.00000000000003 1.9902329949527153 90.000000000000014 11.500000000000002 2.91782434200594 6.5000000000000009 40.500000000000007 88.500000000000014 2.9035939979541712 109.50000000000001 81.500000000000014 30.500000000000004 75.500000000000014 13.500000000000002 40.500000000000007 61.500000000000007 1.9909035121068848 7.5000000000000009 30.500000000000004 2.8894620282261476 50.500000000000007 51.500000000000007 1.967048558543266 47.500000000000007
decision_type=2 2 2 2 2 2 2 2 2 2 2 2 2 2 2 2 2 2 2 2 2 2 2 2 2 2 2 2 2 2
left_child=2 7 3 10 -5 26 13 -2 17 23 19 -6 -13 16 22 -15 -7 18 -4 -1 -11 -22 -9 -10 -25 -21 28 -28 -3 -30
right_child=1 5 8 4 11 6 -8 14 9 20 -12 12 -14 15 -16 -17 -18 -19 -20 25 21 -23 -24 24 -26 -27 27 -29 29 -31
leaf_value=-0.011378492458296877 -0.005652174446014715 0.0079731574128783962 -0.016018034074287424 0.0092187816735255588 0.0061170224670441357 0.012961407049719455 0.0035052617797801584 0.0034840114093226664 -0.014177715424455478 -0.01277356370800033 -0.003843492369578913 -0.0083446972647222284 -0.001654465517180325 0.012107873311959576 0.0058882561175662949 0.0078056405556963249 0.0062132965116860808 -0.0097182767936160996 -0.006678878227171085 -0.0013126328990997428 -0.011246680142693762 -0.00098009653788124753 -0.0016418079611155048 -0.010003151277108442 -0.0065981481900768213 -0.0092372415644063899 -0.0076421675593522625 0.0012869544092621555 0.0034785445255769987 -0.002326520857214374
leaf_weight=64.84486947953701 84.933544382452965 10.648133993148802 68.059881836175919 8.6788308620452863 5.2432703822851172 10.316717356443403 1405.4279138743877 14.170202568173407 9.9800463765859586 130.1849375218153 27.959143295884132 30.975040480494499 21.721692651510239 96.178923308849335 8.4582391828298551 26.018066108226776 41.065525636076927 13.429655671119688 4.9771083891391745 6.98767161369324 80.840686276555061 9.2398642748594266 191.26032876968384 68.659136921167374 79.188163667917252 15.225220784544943 7.9577691256999961 136.05697417259216 59.573141068220139 12.91073504090309
leaf_count=260 341 43 274 35 21 42 5695 57 40 522 112 124 87 392 34 106 167 54 20 28 324 37 769 275 317 61 32 549 240 52
internal_value=0 0.00302348 -0.00984741 -0.00648244 -0.00273697 0.00390844 0.00423233 -0.00232546 -0.0111631 -0.0103995 -0.00865185 -0.00452782 -0.00558697 0.0101192 -0.00100444 0.0111918 0.00756821 -0.014502 -0.0153816 -0.0101961 -0.0117185 -0.0101936 -0.00128824 -0.0085587 -0.00817941 -0.00674434 0.00165697 0.000793561 0.0031527 0.00244455
internal_weight=0 2104.98 646.195 181.636 66.6188 1806.15 1579.01 298.822 464.559 378.093 115.017 57.94 52.6967 173.579 213.889 122.197 51.3822 86.4666 73.037 87.0578 220.265 90.0806 205.431 157.827 147.847 22.2129 227.147 144.015 83.132 72.4839
internal_count=11110 8519 2591 728 267 7318 6402 1201 1863 1515 461 232 211 707 860 498 209 348 294 349 883 361 826 632 592 89 916 581 335 292
is_linear=0
shrinkage=0.01


Tree=19
num_leaves=31
num_cat=0
split_feature=3 12 0 0 0 0 0 0 2 0 0 0 14 0 0 0 0 0 1 1 12 1 0 1 1 1 0 1 0 2
split_gain=803.118 97.7478 106.247 214.48 99.1544 92.7744 77.5748 72.5905 45.6721 44.4587 33.8728 32.7355 28.0981 23.1127 15.2835 14.5904 14.296 26.6886 13.5983 13.1643 11.6636 11.6221 12.5253 11.5471 11.2893 13.409 10.2321 9.16095 8.74565 7.48383
threshold=102.50000000000001 1.9722995365874345 4643066.5000000009 4583097.5000000009 5494016.0000000009 4505563.5000000009 4492123.5000000009 4583097.5000000009 141.00000000000003 5556929.5000000009 4532379.5000000009 4528396.0000000009 2.9861197458070241 5498003.0000000009 4803689.5000000009 5505757.0000000009 5491238.5000000009 5491476.0000000009 1955683364938.0002 4084856404488.5005 4.9260228337136409 3289799696217.0005 4642662.5000000009 1456284143093.0002 2177228743277.0002 3784361560906.0005 4549454.5000000009 308877331779.50006 5505757.0000000009 82.500000000000014
decision_type=2 2 2 2 2 2 2 2 2 2 2 2 2 2 2 2 2 2 2 2 2 2 2 2 2 2 2 2 2 2
left_child=12 2 3 5 16 6 -2 11 18 15 -7 -3 14 21 24 -6 -4 -18 -5 -10 26 23 -23 -9 27 -26 -14 -1 29 -16
right_child=1 7 4 8 9 10 -8 13 19 -11 -12 -13 20 -15 28 -17 17 -19 -20 -21 -22 22 -24 -25 25 -27 -28 -29 -30 -31
leaf_value=-0.012807752609063337 0.0045430188812583504 0.00036730851314704569 0.013786662492072933 0.0057128659852334453 -0.00091177067246129976 0.013453107291456054 -0.0042607491094031578 -0.0051611493586677694 -0.0062433799816017698 0.0082177897093562383 0.0069366586929910413 0.011109903791791473 -0.0075806422064288734 0.006677779720473378 -0.00043423286955800774 -0.012225370984700468 0.0014961660602479893 0.013416445415842748 -0.0014212573020112387 0.0021974442512256377 -0.014233931929593333 -0.0011034782203538345 -0.010972034777444892 -0.011508026999859372 -0.011408803883003313 -0.00064310573392976 -0.011291796241676474 -0.0020257403572466466 -0.010742155392644471 0.013067028716982532
leaf_weight=9.7176400423049909 379.01301653683186 88.817437708377838 177.07543386518955 51.002524703741074 73.392505317926407 103.27028769254684 136.00375351309776 51.948632121086121 270.06459167599678 66.008681461215019 350.50701715052128 41.67672498524189 102.63095791637897 13.832799986004828 23.445275053381923 13.494915544986723 31.274089738726616 47.024005770683289 56.112879320979118 19.833753287792206 92.583374887704849 52.935750484466553 16.988762065768242 63.955512076616287 81.568145364522934 13.481642246246336 269.06550067663193 41.677676483988762 6.73707191646099 4.977152243256568
leaf_count=39 1534 357 731 206 295 426 545 208 1081 269 1425 170 411 56 94 54 126 194 226 80 373 212 68 256 327 54 1079 167 27 20
internal_value=0 0.00299431 0.00392409 0.00258611 0.00840012 0.0051229 0.00221815 -0.00200182 -0.00360419 0.0020311 0.00841967 0.00379824 -0.00975366 -0.0057926 -0.00641872 -0.00266894 0.0122133 0.00865521 0.00197562 -0.00566589 -0.0110581 -0.00672087 -0.00350113 -0.00866333 -0.00784017 -0.00988182 -0.0102671 -0.00406436 -0.000498152 0.00193002
internal_weight=0 2104.23 1774.08 1365.81 408.27 968.794 515.017 330.156 397.014 152.896 453.777 130.494 645.884 199.661 181.605 86.8874 255.374 78.2981 107.115 289.898 464.28 185.829 69.9245 115.904 146.445 95.0498 371.696 51.3953 35.1595 28.4224
internal_count=11110 8519 7192 5523 1669 3930 2079 1327 1593 618 1851 527 2591 800 728 349 1051 320 432 1161 1863 744 280 464 587 381 1490 206 141 114
is_linear=0
shrinkage=0.01


Tree=20
num_leaves=31
num_cat=0
split_feature=3 2 0 0 0 0 0 0 2 0 0 0 14 0 14 0 0 0 0 0 1 6 1 1 0 1 0 0 0 0
split_gain=787.595 95.9859 102.325 211.549 101.853 91.8851 78.9685 68.5494 44.6194 43.7378 33.3671 32.4436 27.5942 25.91 18.9314 17.2712 14.9861 14.1034 26.271 14.0954 12.8984 11.5058 11.0767 13.155 10.061 8.98938 8.57355 8.27813 21.218 8.37468
threshold=102.50000000000001 32.500000000000007 4643066.5000000009 4583097.5000000009 5494016.0000000009 4505563.5000000009 4492123.5000000009 4583097.5000000009 141.00000000000003 5556929.5000000009 4543160.0000000009 4532379.5000000009 2.9861197458070241 5556929.5000000009 1.9975492435037325 4587374.0000000009 4803689.5000000009 5491238.5000000009 5491476.0000000009 5505757.0000000009 4084856404488.5005 90.000000000000014 2177228743277.0002 3784361560906.0005 4549454.5000000009 308877331779.50006 5505757.0000000009 4380786.5000000009 4266293.0000000009 4489933.0000000009
decision_type=2 2 2 2 2 2 2 2 2 2 2 2 2 2 2 2 2 2 2 2 2 2 2 2 2 2 2 2 2 2
left_child=12 7 3 5 17 6 -3 10 15 19 27 -7 16 14 -9 -5 22 -4 -19 -6 -10 -14 25 -24 -23 -1 -18 28 -2 -29
right_child=1 2 4 8 9 11 -8 13 20 -11 -12 -13 21 -15 -16 -17 26 18 -20 -21 -22 24 23 -25 -26 -27 -28 29 -30 -31
leaf_value=-0.012689014810341548 0.0052909398579482174 0.0045259156187688254 0.013682773522499952 -0.0094065926012389823 -0.0010190286496809602 0.013273952889677807 -0.0042864586843977051 -0.01205369030232209 -0.0061799946022525563 0.0080289194064144826 0.011635543996209353 0.006905697198637051 -0.014250091720215805 0.0083531225211321732 -0.0048598373585623383 0.0028993609812898095 0.0019109291647553797 0.0014813928934337734 0.013314120158654004 -0.012106336237974073 0.0021759104542460879 -0.0075341678102640135 -0.011300182727465351 -0.00063666150051287351 -0.011200522436500205 -0.0020053411851227261 -0.010637277507216821 0.011975915375911019 -0.010945349423105622 0.00084941436880943075
leaf_weight=9.7105227261781675 14.401709154248236 388.24444258213043 176.63790556788445 12.740370631217955 76.394565150141716 103.5147342979908 137.77244287729263 53.183389708399773 270.10598383843899 66.179461792111397 36.417621657252312 352.16129849851131 86.253711327910423 11.579335063695906 117.18647468090057 108.80639436841011 28.419443607330322 31.270121097564697 46.912112399935722 13.491345167160032 19.829762190580368 102.85312801599503 81.528879716992378 13.481918916106222 274.87182556092739 41.680604577064514 6.7354688197374335 8.1592125296592695 18.246210560202599 39.581225961446762
leaf_count=39 58 1572 731 51 307 428 552 213 1081 270 149 1433 348 47 469 439 114 126 194 54 80 412 327 54 1103 167 27 33 73 159
internal_value=0 0.0029664 0.00383583 0.00254246 0.00822123 0.00506531 0.00221781 -0.00228374 -0.00347641 0.00185929 0.00369468 0.00835236 -0.00966137 -0.00612171 -0.0071055 0.00160947 -0.00635622 0.0121176 0.00858145 -0.00268317 -0.0056085 -0.0109547 -0.00776407 -0.00978704 -0.0102022 -0.00402406 -0.000493231 9.73067e-05 -0.00378317 0.00275102
internal_weight=0 2102.82 1804.06 1393.18 410.886 981.693 526.017 298.755 411.483 156.065 116.806 455.676 645.536 181.949 170.37 121.547 181.557 254.82 78.1822 89.8859 289.936 463.979 146.402 95.0108 377.725 51.3911 35.1549 80.3884 32.6479 47.7404
internal_count=11110 8519 7318 5636 1682 3985 2124 1201 1651 631 472 1861 2591 729 682 490 728 1051 320 361 1161 1863 587 381 1515 206 141 323 131 192
is_linear=0
shrinkage=0.01


Tree=21
num_leaves=31
num_cat=0
split_feature=3 2 14 3 12 2 2 1 1 1 12 1 1 6 13 1 2 1 1 1 1 1 12 1 2 2 1 2 1 2
split_gain=772.407 94.153 27.1033 14.2351 14.5231 12.585 65.873 13.9795 40.3402 18.1088 12.5079 11.6662 18.2028 11.3407 10.2388 13.1752 9.05101 8.82752 13.9118 10.8076 6.96202 16.6274 7.53376 6.61553 6.20232 6.36496 5.29898 5.20692 6.53499 4.67403
threshold=102.50000000000001 32.500000000000007 2.9861197458070241 19.500000000000004 2.8610968957257561 79.500000000000014 141.00000000000003 3507688975616.5005 3924527774194.0005 2376186192237.0005 1.9902329949527153 1392992072064.0002 453453640836.50006 90.000000000000014 2.9598718903949575 2621383336393.0005 11.500000000000002 2940898963825.0005 2177228735934.5002 4251334762525.5005 2384278442386.0005 1514623711367.0002 1.994262914445758 415074930686.50006 6.5000000000000009 53.500000000000007 308877331779.50006 13.500000000000002 3693308339051.0005 88.500000000000014
decision_type=2 2 2 2 2 2 2 2 2 2 2 2 2 2 2 2 2 2 2 2 2 2 2 2 2 2 2 2 2 2
left_child=2 10 3 14 -5 11 29 9 -9 -8 -2 12 23 -4 15 26 -15 18 -13 -19 21 -12 -23 -3 -6 -26 -1 28 -22 -7
right_child=1 5 13 4 24 6 7 8 -10 -11 20 17 -14 16 -16 -17 -18 19 -20 -21 27 22 -24 -25 25 -27 -28 -29 -30 -31
leaf_value=-0.01222122929552282 -0.0055098136261123578 0.0020437245569611675 -0.014126996210570335 0.012687617316133252 0.0062244205768523806 0.0074055868183001651 0.0030137577746067695 -0.00072206197614094387 0.0064852484726172707 0.0057646788356290812 -0.00032615487837540642 0.0012189342669116511 0.0083581762595928057 -0.0082771443407791481 -0.0025795778235473184 -0.012971124283746936 -0.011416879853586468 0.0040123024215261054 -0.0075226663883068614 -0.0055969209248539122 0.0014981000749895266 -0.01584740616993047 -0.0050756454584850929 -0.00928971339931489 -0.0073665965791371605 -0.00096060913381337723 -0.0015462420384530265 0.0081572167215833054 -0.0038267981924687707 0.011005789989806385
leaf_weight=6.2136109620332745 84.866081058979034 12.145774140954019 86.135815531015396 5.4403669238090506 5.2433835119009009 51.233889147639275 684.51462756097317 234.07462084293365 116.21578393876553 367.90942986309528 64.110988527536392 44.104137063026428 48.741042390465736 157.64280162751675 21.463798388838768 57.262480810284615 219.87297646701336 67.885077431797981 31.003030553460121 14.142929121851919 82.878341659903526 11.47411470115185 14.956237047910689 8.9424415379762632 43.202814549207687 24.197762787342072 18.479363933205605 8.4360108226537687 31.925466969609261 121.76624464988708
leaf_count=25 341 49 348 22 21 209 2779 949 473 1494 258 178 197 632 86 230 883 274 125 57 334 46 60 36 173 97 74 34 128 498
internal_value=0 0.00293886 -0.00957043 -0.00629452 -0.00307155 0.00380043 0.00411754 0.00339949 0.00166911 0.00397543 -0.0022617 0.00159888 0.00499985 -0.0108528 -0.00872795 -0.0103382 -0.0101058 8.75246e-05 -0.00238946 0.00235552 -0.000972282 -0.00307768 -0.00975195 -0.00276221 -0.00425177 -0.00506676 -0.00423244 0.000574507 1.73142e-05 0.00993959
internal_weight=0 2101.33 645.155 181.504 78.0843 1802.68 1575.71 1402.71 350.29 1052.42 298.647 226.964 69.8293 463.652 103.419 81.9555 377.516 157.135 75.1072 82.028 213.781 90.5413 26.4304 21.0882 72.644 67.4006 24.693 123.24 114.804 173
internal_count=11110 8519 2591 728 313 7318 6402 5695 1422 4273 1201 916 282 1863 415 329 1515 634 303 331 860 364 106 85 291 270 99 496 462 707
is_linear=0
shrinkage=0.01


Tree=22
num_leaves=31
num_cat=0
split_feature=3 2 0 0 0 0 0 0 2 0 0 0 15 0 12 0 0 0 0 0 12 0 0 3 0 2 2 0 0 0
split_gain=757.478 92.3256 100.54 207.359 100.334 90.1894 77.4781 67.0396 43.6615 42.9351 32.7242 32.0054 26.6254 25.3531 18.3843 16.8352 14.5939 13.9294 25.855 13.805 11.1859 10.3148 9.88974 9.43538 14.9217 9.02177 8.96409 8.39106 8.12774 20.7671
threshold=102.50000000000001 32.500000000000007 4643066.5000000009 4583097.5000000009 5494016.0000000009 4505563.5000000009 4492123.5000000009 4583097.5000000009 141.00000000000003 5556929.5000000009 4543160.0000000009 4532379.5000000009 2.9930397052064408 5556929.5000000009 1.9902329949527153 4587374.0000000009 4803689.5000000009 5491238.5000000009 5491476.0000000009 5505757.0000000009 4.9260228337136409 4587555.5000000009 4549454.5000000009 19.500000000000004 4586965.0000000009 79.500000000000014 58.500000000000007 5505757.0000000009 4380786.5000000009 4266293.0000000009
decision_type=2 2 2 2 2 2 2 2 2 2 2 2 2 2 2 2 2 2 2 2 2 2 2 2 2 2 2 2 2 2
left_child=12 7 3 5 17 6 -3 10 15 19 28 -7 16 14 -9 -5 23 -4 -19 -6 22 -10 -14 25 26 -1 -25 -18 29 -2
right_child=1 2 4 8 9 11 -8 13 21 -11 -12 -13 20 -15 -16 -17 27 18 -20 -21 -22 -23 -24 24 -26 -27 -28 -29 -30 -31
leaf_value=-0.0071875789905773858 0.005249018570278958 0.0044492363293634832 0.013550634289845003 -0.0093186679520119078 -0.0010502471131092022 0.013140192303015589 -0.004280632522979346 -0.011885672159025862 -0.0091757717681611225 0.0079218598787784925 0.011547700945159589 0.0068059757099946097 -0.007335808960264794 0.0082905399640927878 -0.0047950376542750086 0.0028310320404618412 0.0019302923522733302 0.0014333344004058199 0.013181279038743627 -0.012024095811436254 -0.013869537996098429 -0.0045942934460241084 -0.010986610439679967 -0.003590442229191664 -0.0097190426549717338 -0.013741782751893888 0.0079688693482189328 -0.010487417144306017 0.0027441494874266021 -0.01081519259759153
leaf_weight=56.074606046080589 14.396144628524778 387.88502077758312 176.04949115216732 12.741255864500998 76.375377610325813 103.17479859292507 137.77289508283138 53.149547353386879 62.700894296169281 66.06426927447319 36.357598856091499 351.64182791113853 102.52894577383995 11.569087371230124 117.19120091199875 108.72747239470482 28.417889297008514 31.256332457065582 46.75830951333046 13.488063275814055 92.214566722512245 227.23679602146149 268.55697236955166 18.727182030677799 27.465451791882515 33.577246382832527 10.45363739132881 6.730505257844924 47.733156636357307 18.248001024127007
leaf_count=225 58 1572 731 51 307 428 552 213 251 270 149 1433 411 47 469 439 114 126 194 54 373 910 1079 75 110 135 42 27 192 73
internal_value=0 0.0029106 0.00376412 0.00248211 0.00811644 0.00498232 0.00216117 -0.0022391 -0.00347647 0.00180184 0.00367537 0.00824289 -0.00948076 -0.00603453 -0.00700745 0.00155661 -0.00623355 0.0119919 0.0084745 -0.00269737 -0.0107525 -0.00558507 -0.00997791 -0.00762365 -0.00442877 -0.00964232 0.000550526 -0.000447553 0.000114422 -0.00373084
internal_weight=0 2100.52 1801.87 1391.88 409.992 980.475 525.658 298.645 411.406 155.928 116.735 454.817 644.747 181.91 170.341 121.469 181.447 254.064 78.0146 89.8634 463.3 289.938 371.086 146.298 56.6463 89.6519 29.1808 35.1484 80.3773 32.6441
internal_count=11110 8519 7318 5636 1682 3985 2124 1201 1651 631 472 1861 2591 729 682 490 728 1051 320 361 1863 1161 1490 587 227 360 117 141 323 131
is_linear=0
shrinkage=0.01


Tree=23
num_leaves=31
num_cat=0
split_feature=3 12 0 0 0 0 0 0 2 0 2 0 15 0 0 0 0 0 1 1 1 0 1 12 1 1 0 1 0 0
split_gain=742.918 90.5942 100.856 202.167 94.603 92.2371 75.7906 68.2925 56.044 43.2228 42.9466 31.0517 26.1644 21.822 15.5227 14.3108 14.1318 24.8666 13.27 12.5161 11.3859 12.2104 11.1318 11.031 10.621 12.8549 9.7191 8.68466 8.22687 7.44342
threshold=102.50000000000001 1.9722995365874345 4643066.5000000009 4583097.5000000009 5496520.5000000009 4378387.5000000009 4487740.5000000009 4583097.5000000009 145.50000000000003 5556929.5000000009 141.00000000000003 4543160.0000000009 2.9930397052064408 5498003.0000000009 5498003.0000000009 4803689.5000000009 5491238.5000000009 5491476.0000000009 1955683364938.0002 4084856404488.5005 3289799696217.0005 4642662.5000000009 1456284143093.0002 4.9260228337136409 2177228743277.0002 3784361560906.0005 4549454.5000000009 308877331779.50006 5505757.0000000009 5496766.0000000009
decision_type=2 2 2 2 2 2 2 2 2 2 2 2 2 2 2 2 2 2 2 2 2 2 2 2 2 2 2 2 2 2
left_child=12 2 3 5 16 8 -7 11 -2 14 18 -3 15 20 -6 24 -4 -18 -5 -12 22 -22 -9 26 27 -26 -14 -1 29 -17
right_child=1 7 4 10 9 6 -8 13 -10 -11 19 -13 23 -15 -16 28 17 -19 -20 -21 21 -23 -24 -25 25 -27 -28 -29 -30 -31
leaf_value=-0.012415608541870529 0.0070130646981552448 0.00059908418460001209 0.013450727985752142 0.0055800729792175267 -0.0083130566530698335 0.01422203780137077 0.0053453945918239881 -0.0049905299411947763 -0.003415106712226443 0.0079681541141548521 -0.0060912259107049295 0.011381197676992614 -0.0072649681701203511 0.0065285054447616654 0.00049706916115369439 -0.0019976660088123414 0.0014191807585431119 0.012863292259098536 -0.0014715185512436516 0.0021411116793954026 -0.00095235437660936911 -0.010698739349083447 -0.011223547542337878 -0.013751629251117016 -0.011031347978841933 -0.00049009696775416107 -0.010884964544055329 -0.0019056012716936982 -0.010386402562150118 0.0086126574069993068
leaf_weight=9.6897924840450269 73.245733097195625 92.744894802570343 175.5858646184206 50.918732553720474 32.111893877387047 114.38520875573158 604.59620146453381 51.942143574357033 173.87818618118763 65.742307782173157 270.15427315235138 37.514233320951462 102.49359378218651 13.799273580312727 53.016373500227928 17.947258695960048 31.252392217516899 48.377746894955635 56.077095940709114 19.823197305202484 52.941741898655891 16.97576779127121 63.904520705342293 92.075874179601669 81.388298839330673 13.485555872321127 268.35516425967216 41.68643057346344 6.7280163168907157 10.468190744519232
leaf_count=39 297 373 731 206 129 464 2464 208 705 269 1081 154 411 56 213 72 126 201 226 80 212 68 256 373 327 54 1079 167 27 42
internal_value=0 0.00288364 0.00378065 0.00247744 0.00815505 0.00494611 0.00675761 -0.00192796 -0.000324273 0.00187743 -0.0035305 0.0037043 -0.00939224 -0.00560425 -0.00282627 -0.00617303 0.0118661 0.00837183 0.0018843 -0.00552845 -0.00650552 -0.00331875 -0.00842885 -0.0106537 -0.00754991 -0.00953299 -0.00988449 -0.00388784 -0.000443143 0.00191115
internal_weight=0 2098.99 1769.17 1363.08 406.087 966.105 718.981 329.823 247.124 150.871 396.973 130.259 644.318 199.563 85.1283 181.394 255.216 79.6301 106.996 289.977 185.764 69.9175 115.847 462.925 146.25 94.8739 370.849 51.3762 35.1435 28.4154
internal_count=11110 8519 7192 5523 1669 3930 2928 1327 1002 611 1593 527 2591 800 342 728 1058 327 432 1161 744 280 464 1863 587 381 1490 206 141 114
is_linear=0
shrinkage=0.01


Tree=24
num_leaves=31
num_cat=0
split_feature=3 2 0 0 0 0 0 0 2 0 0 0 14 0 13 0 0 0 0 0 1 6 1 1 0 1 0 0 0 0
split_gain=728.659 88.9749 97.1172 199.358 97.2026 88.4758 76.1814 64.4552 42.0048 41.321 31.6263 31.6189 25.7095 24.4422 18.0184 16.4641 14.0356 13.6325 13.565 25.076 12.2642 10.8939 10.4265 12.6958 9.55936 8.41595 8.06627 7.96773 20.354 8.21575
threshold=102.50000000000001 32.500000000000007 4643066.5000000009 4583097.5000000009 5494016.0000000009 4505563.5000000009 4492123.5000000009 4583097.5000000009 141.00000000000003 5556929.5000000009 4532379.5000000009 4543160.0000000009 2.9861197458070241 5556929.5000000009 1.9951045003391281 4587374.0000000009 4803689.5000000009 5505757.0000000009 5491238.5000000009 5491476.0000000009 4084856404488.5005 90.000000000000014 2210220659170.5005 3784361560906.0005 4549454.5000000009 308877331779.50006 5505757.0000000009 4380786.5000000009 4266293.0000000009 4489933.0000000009
decision_type=2 2 2 2 2 2 2 2 2 2 2 2 2 2 2 2 2 2 2 2 2 2 2 2 2 2 2 2 2 2
left_child=12 7 3 5 18 6 -3 11 15 17 -7 27 16 14 -9 -5 22 -6 -4 -20 -10 -14 25 -24 -23 -1 -18 28 -2 -29
right_child=1 2 4 8 9 10 -8 13 20 -11 -12 -13 21 -15 -16 -17 26 -19 19 -21 -22 24 23 -25 -26 -27 -28 29 -30 -31
leaf_value=-0.012303480082839623 0.0051931539303053335 0.0043669514024911602 0.013352467591925184 -0.0092215030071429015 -0.0010066770272590812 0.013002229001332018 -0.0042908484913717166 -0.011708605679131743 -0.0060296833660961422 0.0077816615994461972 0.0066957335356433835 0.011360463664578975 -0.01377344956983855 0.0081578742061355156 -0.0046866613771507065 0.0027937338444412501 0.0018922399809317406 -0.011913216495918586 0.0014051666175065448 0.01298747843997127 0.0021201314608284439 -0.0072221394913377672 -0.01096840272521997 -0.00048519037464060487 -0.0107992170888455 -0.0019705627959129015 -0.01028688118822192 0.011856298975651469 -0.010712601730723673 0.00082880250981526185
leaf_weight=9.6803667396306974 14.388931930065153 387.48696374893188 175.11159294843674 12.741478025913237 76.394747972488403 102.80708077549934 137.76745073497295 53.100383520126343 270.18238791823387 65.907533645629883 351.04944030940533 36.224349051713943 85.741774082183838 11.547267124056814 117.19289150834084 108.67981573939323 28.412598505616188 13.483114868402479 31.24845977127552 46.520727396011353 19.81919027864933 102.7040803283453 80.58262987434864 13.485716447234152 274.07946999371052 42.438642114400864 6.7251901030540457 8.14686571061611 18.248728185892105 39.574697613716125
leaf_count=39 58 1572 731 51 307 428 552 213 1081 270 1433 149 348 47 469 439 114 54 126 194 80 412 324 54 1103 170 27 33 73 159
internal_value=0 0.00285669 0.00369547 0.00243596 0.0079811 0.00489041 0.00209612 -0.00220031 -0.00340518 0.00176742 0.00812427 0.00360385 -0.00930511 -0.00592153 -0.00687622 0.0015329 -0.00611362 -0.00264283 0.011809 0.00833359 -0.00547271 -0.0105563 -0.00747764 -0.00946552 -0.00982417 -0.00388976 -0.000438781 0.000107316 -0.00370025 0.00271138
internal_weight=0 2097.62 1799.2 1390.53 408.666 979.111 525.254 298.424 411.423 155.785 453.857 116.584 643.85 181.841 170.293 121.421 181.325 89.8779 252.881 77.7692 290.002 462.525 146.187 94.0683 376.784 52.119 35.1378 80.3592 32.6377 47.7216
internal_count=11110 8519 7318 5636 1682 3985 2124 1201 1651 631 1861 472 2591 729 682 490 728 361 1051 320 1161 1863 587 378 1515 209 141 323 131 192
is_linear=0
shrinkage=0.01


Tree=25
num_leaves=31
num_cat=0
split_feature=14 2 0 0 0 0 0 0 2 0 2 0 14 0 2 0 0 0 5 1 1 1 0 1 1 1 1 2 14 4
split_gain=712.167 92.439 99.5451 197.533 89.6673 89.084 75.322 67.3815 56.338 41.2028 40.7989 29.8723 23.608 22.0885 16.8319 15.4641 13.3246 23.7919 11.7529 11.1255 11.0776 10.3336 12.8757 10.9367 10.3009 16.6629 10.1085 9.89608 9.57007 8.0414
threshold=2.9642912276904405 42.500000000000007 4643066.5000000009 4583097.5000000009 5496520.5000000009 4378387.5000000009 4487740.5000000009 4583097.5000000009 145.50000000000003 5556929.5000000009 100.50000000000001 4543160.0000000009 2.9861197458070241 5498003.0000000009 8.5000000000000018 5498003.0000000009 5491238.5000000009 5491476.0000000009 41.500000000000007 1955683364938.0002 4084856404488.5005 3289799699798.0005 4642662.5000000009 1514623711367.0002 3784361567738.0005 2637686626761.0005 308877331779.50006 11.500000000000002 2.9810162329344787 88.500000000000014
decision_type=2 2 2 2 2 2 2 2 2 2 2 2 2 2 2 2 2 2 2 2 2 2 2 2 2 2 2 2 2 2
left_child=1 7 3 5 16 8 -7 11 -3 15 19 -1 14 21 -2 -6 -4 -18 29 -5 -12 23 -23 -9 25 26 -16 -20 -27 -14
right_child=12 2 4 10 9 6 -8 13 -10 -11 20 -13 18 -15 24 -17 17 -19 27 -21 -22 22 -24 -25 -26 28 -28 -29 -30 -31
leaf_value=0.00049964603130301538 0.0053534828231888215 0.0070106630311826184 0.013222165127295397 0.0054107804019898828 -0.0081122858838446419 0.014076759562763925 0.0052317526282491178 -0.0052556135598370189 -0.0034250035918863215 0.0079139080469160256 -0.0058991955838127389 0.01126995867191443 -0.013192549105961295 0.006418150286534384 -0.012974566825745467 0.00067072822985962904 0.0015302216698326288 0.012698239515164389 -0.0073517023959733885 -0.001245460006799674 0.0017963504276443676 -0.0010930678343300487 -0.011336900936923943 -0.011440107910915844 0.0012077385024546765 -0.012111239869505203 -0.0023788740986577226 -0.010883857191182627 -0.002529845698971109 -0.00023384392250474216
leaf_weight=89.493196025490761 11.971520811319349 73.645737841725349 175.36542277038097 48.900735124945641 31.881696254014969 114.37224993109703 608.55173687636852 53.929376050829887 173.85895118117332 66.082252874970436 276.63253273069859 36.156164243817329 139.75995157659054 13.776111125946043 10.669613555073736 54.00081142783165 31.493764087557793 48.377516865730286 142.59150415658951 51.616284236311913 20.062035709619522 50.447396546602249 16.213629931211472 60.866569042205811 14.234850153326986 70.794218733906746 57.672652050852776 178.76007387042046 12.224657297134398 4.9584923237562171
leaf_count=360 48 299 734 198 128 465 2484 216 705 271 1107 149 566 56 43 217 127 202 573 208 81 202 65 244 57 285 231 720 49 20
internal_value=0 0.0028261 0.0037191 0.00242685 0.00805932 0.00485829 0.0066311 -0.00211322 -0.000319841 0.0019778 -0.00351341 0.00359885 -0.00920008 -0.00578944 -0.00609729 -0.00258974 0.0116802 0.00829462 -0.0103822 0.00199275 -0.00537883 -0.00671623 -0.00358462 -0.00853473 -0.00692511 -0.00768996 -0.00403308 -0.00931655 -0.0107004 -0.0127485
internal_weight=0 2095.72 1774.84 1367.64 407.201 970.429 722.924 320.882 247.505 151.965 397.212 125.649 643.638 195.233 177.568 85.8825 255.237 79.8713 466.07 100.517 296.695 181.457 66.661 114.796 165.596 151.361 68.3423 321.352 83.0189 144.718
internal_count=11110 8518 7226 5547 1679 3953 2949 1292 1004 616 1594 509 2592 783 713 345 1063 329 1879 406 1188 727 267 460 665 608 274 1293 334 586
is_linear=0
shrinkage=0.01


Tree=26
num_leaves=31
num_cat=0
split_feature=3 2 0 0 0 0 0 0 2 0 0 0 14 0 12 0 0 0 0 0 6 0 0 3 0 2 2 0 0 0
split_gain=701.224 85.6981 93.8087 191.642 94.2314 86.8077 74.9044 61.9818 40.4648 39.7786 31.2563 30.5722 24.8108 23.5609 17.6549 16.087 13.7433 13.4616 13.2243 24.336 10.6802 10.0589 9.40394 8.97583 14.5288 8.79766 8.71423 7.89047 7.80647 19.9519
threshold=102.50000000000001 32.500000000000007 4643066.5000000009 4583097.5000000009 5494016.0000000009 4505563.5000000009 4492123.5000000009 4583097.5000000009 141.00000000000003 5556929.5000000009 4532379.5000000009 4543160.0000000009 2.9861197458070241 5556929.5000000009 1.9902329949527153 4587374.0000000009 4803689.5000000009 5505757.0000000009 5491238.5000000009 5491476.0000000009 90.000000000000014 4587555.5000000009 4549454.5000000009 19.500000000000004 4586965.0000000009 58.500000000000007 79.500000000000014 5505757.0000000009 4380786.5000000009 4266293.0000000009
decision_type=2 2 2 2 2 2 2 2 2 2 2 2 2 2 2 2 2 2 2 2 2 2 2 2 2 2 2 2 2 2
left_child=12 7 3 5 18 6 -3 11 15 17 -7 28 16 14 -9 -5 23 -6 -4 -20 -14 -10 -22 26 25 -25 -1 -18 29 -2
right_child=1 2 4 8 9 10 -8 13 21 -11 -12 -13 20 -15 -16 -17 27 -19 19 -21 22 -23 -24 24 -26 -27 -28 -29 -30 -31
leaf_value=-0.0069093685462510816 0.0051406174312280655 0.0042863509109849016 0.013160929703306843 -0.009117380736615251 -0.0009660670560252344 0.012867562857728379 -0.0042998959481899716 -0.011533156824785515 -0.0089087813151943751 0.0076437883288051484 0.0065878948934646343 0.011181918911794689 -0.013557488620827124 0.0080279928754630886 -0.0045796649067392026 0.0027599211987912138 0.0019206965201187458 -0.011805793323521835 0.0013761790498063814 0.0127994972865431 -0.0070594947282615617 -0.0043853474064037825 -0.010609479481675855 -0.0034229589740191924 -0.0094569061906511036 0.0080317109151643081 -0.013360142078287096 -0.010130134381803839 0.0026796981630721355 -0.010609408654303472
leaf_weight=55.977968961000443 14.381916791200636 387.07153928279877 174.13400220870972 12.740942746400831 76.411240980029106 102.42884796857834 137.76255509257317 53.04120871424675 62.725744158029556 65.745132923126221 350.44468629360199 36.087236419320107 85.457601010799408 11.524631589651106 117.18618404865265 108.63503743708134 28.412238508462906 13.477429166436194 31.240228593349457 46.272857517004013 102.60336290299892 227.30894476175308 273.60455003380775 18.719865098595623 27.443463668227196 10.446902140974997 33.458091348409653 6.7180824875831595 47.706256911158562 18.248475044965744
leaf_count=225 58 1572 731 51 307 428 552 213 251 270 1433 149 348 47 469 439 114 54 126 194 412 910 1103 75 110 42 135 27 192 73
internal_value=0 0.00280435 0.00362844 0.00239107 0.00784873 0.00480048 0.00203257 -0.00216046 -0.00333482 0.00173235 0.0080082 0.00353612 -0.0091355 -0.00580949 -0.00674631 0.00151315 -0.00599946 -0.00259132 0.0116315 0.00819554 -0.0103662 -0.00536363 -0.00964129 -0.00735026 -0.00423424 0.000679855 -0.00932261 -0.000383822 0.000101632 -0.00366755
internal_weight=0 2094.58 1796.4 1389.12 407.281 977.708 524.834 298.176 411.411 155.634 452.874 116.424 642.842 181.752 170.227 121.376 181.177 89.8887 251.647 77.5131 461.666 290.035 376.208 146.046 56.6102 29.1668 89.4361 35.1303 80.3366 32.6304
internal_count=11110 8519 7318 5636 1682 3985 2124 1201 1651 631 1861 472 2591 729 682 490 728 361 1051 320 1863 1161 1515 587 227 117 360 141 323 131
is_linear=0
shrinkage=0.01


Tree=27
num_leaves=31
num_cat=0
split_feature=3 2 0 0 0 0 0 0 2 0 0 0 14 0 12 0 0 0 0 0 6 0 0 3 0 2 2 0 0 0
split_gain=687.847 84.0688 92.2281 187.967 92.7715 85.2982 73.4392 60.7705 39.6535 39.032 30.841 30.0421 24.3937 23.1005 17.3364 15.7682 13.4924 13.4793 13.061 23.9721 10.5429 9.85773 9.24804 8.81275 14.2431 8.62424 8.5702 7.73725 7.65286 19.5569
threshold=102.50000000000001 32.500000000000007 4643066.5000000009 4583097.5000000009 5494016.0000000009 4505563.5000000009 4492123.5000000009 4583097.5000000009 141.00000000000003 5556929.5000000009 4532379.5000000009 4543160.0000000009 2.9861197458070241 5556929.5000000009 1.9902329949527153 4587374.0000000009 5498003.0000000009 4803689.5000000009 5491238.5000000009 5491476.0000000009 90.000000000000014 4587555.5000000009 4549454.5000000009 19.500000000000004 4586965.0000000009 58.500000000000007 79.500000000000014 5505757.0000000009 4380786.5000000009 4266293.0000000009
decision_type=2 2 2 2 2 2 2 2 2 2 2 2 2 2 2 2 2 2 2 2 2 2 2 2 2 2 2 2 2 2
left_child=12 7 3 5 18 6 -3 11 15 16 -7 28 17 14 -9 -5 -6 23 -4 -20 -14 -10 -22 26 25 -25 -1 -19 29 -2
right_child=1 2 4 8 9 10 -8 13 21 -11 -12 -13 20 -15 -16 -17 -18 27 19 -21 22 -23 -24 24 -26 -27 -28 -29 -30 -31
leaf_value=-0.0068423818089221287 0.0050916082724658295 0.0042457413294984024 0.013067313625351826 -0.0090260173623419471 -0.0072370064525899046 0.012773461563255855 -0.0042561680880555588 -0.011426063339677222 -0.0088190028129420516 0.0075768276917426262 0.0065284543547646 0.011092410742573373 -0.01344686526503565 0.0079567054017961065 -0.0045338772567519265 0.0027330694162858945 0.0006477194693285882 0.0019016545527257625 0.0013625883290675417 0.012706952688171546 -0.0069920117585888092 -0.0043411926110948273 -0.01051347310763906 -0.0033887680207066798 -0.0093642347062013968 0.0079533694565760843 -0.013242374120534157 -0.010034331227334227 0.0026534423260591578 -0.01050403874321312
leaf_weight=55.960815325379372 14.375179409980772 386.86707481741905 173.63022966682911 12.741208285093306 36.630626782774925 102.15298379957676 137.78603252768517 53.003154203295708 62.73063588142395 65.663308262825012 350.10081413388252 36.015014335513115 85.299821719527245 11.511671170592306 117.18595618009567 108.60547596216202 53.255892381072044 28.409785464406013 31.23632375895977 46.14440880715847 102.55792182683945 227.32462814450264 273.34330919384956 18.719653815031055 27.437929630279541 10.444319784641264 33.418284878134727 6.7144193798303595 47.696574151515961 18.24722246825695
leaf_count=225 58 1572 731 51 147 428 552 213 251 270 1433 149 348 47 469 439 214 114 126 194 412 910 1103 75 110 42 135 27 192 73
internal_value=0 0.00277856 0.00359526 0.00236857 0.00778412 0.0047564 0.00201294 -0.00213986 -0.00330153 0.00171597 0.00793905 0.0035035 -0.00905173 -0.00575303 -0.00668036 0.00149838 -0.00256547 -0.00594183 0.0115445 0.00812757 -0.0102729 -0.00530961 -0.00955271 -0.00728004 -0.00419251 0.000673124 -0.0092353 -0.000380054 0.000100641 -0.00363176
internal_weight=0 2092.9 1794.87 1388.31 406.561 976.907 524.653 298.035 411.402 155.55 452.254 116.334 642.306 181.701 170.189 121.347 89.8865 181.105 251.011 77.3807 461.201 290.055 375.901 145.981 56.6019 29.164 89.3791 35.1242 80.319 32.6224
internal_count=11110 8519 7318 5636 1682 3985 2124 1201 1651 631 1861 472 2591 729 682 490 361 728 1051 320 1863 1161 1515 587 227 117 360 141 323 131
is_linear=0
shrinkage=0.01


Tree=28
num_leaves=31
num_cat=0
split_feature=3 2 0 0 0 0 0 0 2 2 0 0 15 0 12 0 0 0 0 0 1 5 3 1 1 1 4 0 0 0
split_gain=674.749 82.4712 90.6724 184.364 91.351 85.0145 74.2226 59.5844 56.8181 38.8592 38.2994 29.5227 23.9858 22.6497 17.026 15.4561 13.2963 13.2212 12.9017 23.616 11.7612 10.4159 10.5327 9.97603 12.1404 8.2698 8.02145 7.62248 7.58731 7.50242
threshold=102.50000000000001 32.500000000000007 4643066.5000000009 4583097.5000000009 5494016.0000000009 4378387.5000000009 4487740.5000000009 4583097.5000000009 145.50000000000003 141.00000000000003 5556929.5000000009 4543160.0000000009 2.9930397052064408 5556929.5000000009 1.9902329949527153 4587374.0000000009 5505757.0000000009 4803689.5000000009 5491238.5000000009 5491476.0000000009 4084856404488.5005 32.500000000000007 31.500000000000004 2177228743277.0002 3784361560906.0005 1995311245928.5002 88.500000000000014 4587555.5000000009 5505757.0000000009 4380786.5000000009
decision_type=2 2 2 2 2 2 2 2 2 2 2 2 2 2 2 2 2 2 2 2 2 2 2 2 2 2 2 2 2 2
left_child=12 7 3 5 18 8 -7 11 -3 15 16 29 17 14 -9 -5 -6 23 -4 -20 -11 26 -23 25 -25 -1 -14 -16 -19 -2
right_child=1 2 4 9 10 6 -8 13 -10 20 -12 -13 21 -15 27 -17 -18 28 19 -21 -22 22 -24 24 -26 -27 -28 -29 -30 -31
leaf_value=-0.0053187154168288413 -0.0035964449053274756 0.0066041456694447718 0.012975157300837526 -0.0089359384893486007 -0.00092487457232784138 0.013884072883917976 0.0050820320581892895 -0.011320631244135584 -0.0034781491612175669 -0.0058016857905161005 0.0075105830718294169 0.011004102032934842 -0.012965518095631399 0.007886219495754427 -0.0084382751448410283 0.0027064818209913857 -0.011699864906090334 0.001882803184251635 0.0013491317246951606 0.012615799766134408 0.0021772072963066286 -0.01049675910418622 -0.0066892143037175179 -0.010598391335005125 -0.00035216648322573514 0.0060600210006014777 5.1878038708916093e-06 -0.0028417064400382062 -0.0099398839667106283 0.0026274481340578526
leaf_weight=43.85959592461586 32.613294184207916 82.401919558644295 173.11738711595535 12.740950450301169 76.428081840276718 113.78413388133049 606.15367512404919 52.962023749947548 173.75447207689285 270.24113756418228 65.580462217330933 35.941366717219353 131.73584964871407 11.498482331633566 34.483566701412201 108.57580627501011 13.47094815969467 28.407305479049683 31.232429891824722 46.013693228363991 19.829893350601196 214.05147530138493 109.98186521232128 81.087799832224846 13.487307399511336 7.4758261740207663 4.946924462914466 82.70095306634903 6.7104564607143393 47.686820149421692
leaf_count=176 131 335 731 51 307 464 2481 213 705 1081 270 149 536 47 138 439 54 114 126 194 80 864 443 327 54 30 20 331 27 192
internal_value=0 0.00275304 0.00356242 0.0023463 0.00772002 0.00471279 0.00647317 -0.00211951 -0.000234816 -0.00326863 0.0016996 0.00347127 -0.00896911 -0.00569725 -0.00661522 0.00148377 -0.00253946 -0.00588493 0.0114588 0.00806042 -0.00525623 -0.010181 -0.00920442 -0.00721074 -0.00913718 -0.00366166 -0.0124961 -0.00448859 -0.000376328 9.96603e-05
internal_weight=0 2091.21 1793.32 1387.48 405.843 976.094 719.938 297.887 256.156 411.388 155.479 116.241 641.744 181.645 170.147 121.317 89.899 181.028 250.364 77.2461 290.071 460.716 324.033 145.911 94.5751 51.3354 136.683 117.185 35.1178 80.3001
internal_count=11110 8519 7318 5636 1682 3985 2945 1201 1040 1651 631 472 2591 729 682 490 361 728 1051 320 1161 1863 1307 587 381 206 556 469 141 323
is_linear=0
shrinkage=0.01


Tree=29
num_leaves=31
num_cat=0
split_feature=3 2 14 3 12 2 2 1 1 1 1 1 12 6 13 1 2 1 1 1 1 1 12 1 2 2 2 1 1 2
split_gain=661.907 80.8982 23.585 12.7627 13.6741 11.5681 62.315 13.8218 38.6011 17.8715 11.3082 17.6614 10.8441 10.3475 9.54188 12.1739 8.76532 8.72749 13.6769 10.8501 6.60494 15.6343 7.33641 6.46332 6.14623 5.98587 5.0925 5.93024 5.07429 4.62427
threshold=102.50000000000001 32.500000000000007 2.9861197458070241 19.500000000000004 2.8610968957257561 79.500000000000014 141.00000000000003 3507688975616.5005 3924527774194.0005 2376186192237.0005 1392992072064.0002 453453640836.50006 1.9902329949527153 90.000000000000014 2.9598718903949575 2621383336393.0005 11.500000000000002 2940898963825.0005 2177228735934.5002 4251334762525.5005 2384278442386.0005 1514623711367.0002 1.994262914445758 415074930686.50006 6.5000000000000009 52.500000000000007 13.500000000000002 3693308337490.0005 1995311245928.5002 88.500000000000014
decision_type=2 2 2 2 2 2 2 2 2 2 2 2 2 2 2 2 2 2 2 2 2 2 2 2 2 2 2 2 2 2
left_child=2 12 3 14 -5 10 29 9 -9 -8 11 23 -2 -4 15 28 -15 18 -12 -19 21 -14 -23 -3 -6 -26 27 -22 -1 -7
right_child=1 5 13 4 24 6 7 8 -10 -11 17 -13 20 16 -16 -17 -18 19 -20 -21 26 22 -24 -25 25 -27 -28 -29 -30 -31
leaf_value=-0.0061893149970998962 -0.0051312620202504759 0.0018764609730308488 -0.013241008240932174 0.012536206621778853 0.0065081270219968495 0.0069939748694654927 0.0027519873579373378 -0.00093393695063340219 0.0061386889911853046 0.0054934652957420709 0.0010440034628373973 0.0080860658030761177 -0.00027909953684111843 -0.0075733205153783257 -0.0022053453444313472 -0.012246386106610913 -0.010671977308729654 0.0038479404073951018 -0.0076347101108104444 -0.0057905395027553807 0.0015041051557045568 -0.015449896516786023 -0.0048097897967692982 -0.0093371967657896807 -0.0070570510315053347 -0.00090653147284405408 0.0081220762816781675 -0.0035244069882770517 0.0049014358590183721 0.010590890957976582
leaf_weight=19.406506463885311 84.489334240555763 12.112051352858545 84.980755999684334 5.4253271818161002 5.2413230389356604 50.794786527752876 680.37109689414501 232.84201471507549 115.42086406052113 365.54666259884834 43.975955232977867 48.563705652952194 63.950088605284691 156.87004311382771 21.445898085832596 56.860505893826485 218.36638395488262 67.687730625271797 30.929818511009216 14.114716023206709 81.608998045325279 11.451304793357851 14.927856639027594 8.9292769581079465 41.901229575276375 25.425011515617371 8.4081620872020704 32.910495012998581 5.2389252036809912 120.61291129887104
leaf_count=78 341 49 348 22 21 209 2779 949 473 1494 178 197 258 632 86 230 883 274 125 57 330 46 60 36 168 102 34 132 21 498
internal_value=0 0.00272759 -0.00888753 -0.00582879 -0.00277748 0.00352964 0.00383512 0.00313558 0.00141006 0.00371013 0.00141636 0.00477038 -0.00209929 -0.0100901 -0.00814037 -0.009702 -0.00937656 -7.34015e-05 -0.00253958 0.00218486 -0.000898069 -0.00295109 -0.0094287 -0.00288226 -0.00392237 -0.00473438 0.000610524 5.90165e-05 -0.00383173 0.00952498
internal_weight=0 2089.65 641.162 180.945 77.9929 1791.9 1565.59 1394.18 348.263 1045.92 226.313 69.605 297.746 460.217 102.952 81.5059 375.236 156.708 74.9058 81.8024 213.257 90.3293 26.3792 21.0413 72.5676 67.3262 122.928 114.519 24.6454 171.408
internal_count=11110 8519 2591 728 313 7318 6402 5695 1422 4273 916 282 1201 1863 415 329 1515 634 303 331 860 364 106 85 291 270 496 462 99 707
is_linear=0
shrinkage=0.01


Tree=30
num_leaves=31
num_cat=0
split_feature=3 2 0 0 0 0 0 0 2 0 0 0 14 0 12 0 0 0 0 0 1 0 1 1 1 0 0 12 0 0
split_gain=649.278 79.3304 89.1526 180.699 90.0696 83.6594 72.2504 58.2868 38.0204 37.604 30.5095 28.964 23.1942 22.1674 16.5593 15.0651 13.2362 12.8851 12.7624 23.2652 11.4258 10.2828 9.66379 11.9069 8.09158 7.48179 7.4265 7.42385 7.36704 19.1464
threshold=102.50000000000001 32.500000000000007 4643066.5000000009 4583097.5000000009 5494016.0000000009 4505563.5000000009 4492123.5000000009 4583097.5000000009 141.00000000000003 5556929.5000000009 4532379.5000000009 4543160.0000000009 2.9861197458070241 5556929.5000000009 1.9902329949527153 4587374.0000000009 5498003.0000000009 4803689.5000000009 5491238.5000000009 5491476.0000000009 4084856404488.5005 4549454.5000000009 2177228743277.0002 3784361549892.5005 308877331779.50006 4587555.5000000009 5505757.0000000009 2.9322243889625508 4380786.5000000009 4266293.0000000009
decision_type=2 2 2 2 2 2 2 2 2 2 2 2 2 2 2 2 2 2 2 2 2 2 2 2 2 2 2 2 2 2
left_child=12 7 3 5 18 6 -3 11 15 16 -7 28 17 14 -9 -5 -6 22 -4 -20 -10 -14 24 27 -1 -16 -19 -24 29 -2
right_child=1 2 4 8 9 10 -8 13 20 -11 -12 -13 21 -15 25 -17 -18 26 19 -21 -22 -23 23 -25 -26 -27 -28 -29 -30 -31
leaf_value=-0.011851226265487321 0.0050848170036383745 0.0041355520466544978 0.01285828382466897 -0.0088529688947696153 -0.007178202512538168 0.012614489477831933 -0.0042996324396301702 -0.01116996128179637 -0.0057714213511112058 0.0074121580834038579 0.0063898437181249407 0.010923773864998572 -0.0074340057086203625 0.0078274985599838687 -0.0083423779128286545 0.0026425026646603022 0.00063133540666666249 0.0018993014247323645 0.0013048782381298732 0.01249774536660514 0.0020957202130613322 -0.010872151861670702 -0.01147169378192274 -0.00055298480331268673 -0.0016820389276781139 -0.0027975235206258104 -0.0098036128628341511 -0.0011643983885877781 0.0026208048050155391 -0.01034748208186168
leaf_weight=9.632398456335066 14.373869732022284 386.25299036502838 172.4379286468029 12.738975659012793 36.639752984046936 101.66187201440334 137.75926823914051 52.896831199526787 270.24258588254452 65.45236349105835 349.26174588501453 35.870976969599724 116.52622114121914 11.48670047521591 34.481937304139137 108.4923955053091 53.234997391700745 28.405088871717453 31.218574836850166 45.836518257856369 19.814378023147583 343.16980281472206 72.459866985678673 14.233815953135489 41.69069316983223 82.692755207419395 6.7018143236637107 7.7335866689681998 47.682281449437141 18.242804110050201
leaf_count=39 58 1572 731 51 147 428 552 213 1081 270 1433 149 470 47 138 439 214 114 126 194 80 1393 293 57 167 331 27 31 192 73
internal_value=0 0.00270146 0.00349603 0.00229036 0.0076246 0.00463538 0.001918 -0.00207843 -0.00326838 0.00164649 0.00779321 0.00345299 -0.00880707 -0.0056177 -0.00652579 0.00143456 -0.00255242 -0.00577332 0.0113464 0.007963 -0.005234 -0.0100006 -0.00708331 -0.00898166 -0.00359061 -0.00442925 -0.000334754 -0.0104777 0.00011566 -0.00354661
internal_weight=0 2088.77 1791.04 1386.22 404.82 974.936 524.012 297.728 411.288 155.327 450.924 116.17 640.553 181.558 170.072 121.231 89.8748 180.857 249.493 77.0551 290.057 459.696 145.75 94.4273 51.3231 117.175 35.1069 80.1935 80.299 32.6167
internal_count=11110 8519 7318 5636 1682 3985 2124 1201 1651 631 1861 472 2591 729 682 490 361 728 1051 320 1161 1863 587 381 206 469 141 324 323 131
is_linear=0
shrinkage=0.01


Tree=31
num_leaves=31
num_cat=0
split_feature=3 2 4 3 2 2 1 1 1 1 1 12 1 1 1 5 3 12 3 2 1 1 1 1 12 1 2 1 12 2
split_gain=636.973 77.8259 22.9105 17.2891 11.197 61.0033 13.5812 37.6434 17.54 11.0898 17.2887 10.3983 8.55495 13.4193 10.6639 8.21964 8.97591 8.19161 7.45605 9.21627 10.8704 7.1603 6.45287 15.2823 7.1981 6.32312 5.55561 5.51078 5.40564 5.13072
threshold=102.50000000000001 32.500000000000007 40.500000000000007 57.500000000000007 79.500000000000014 141.00000000000003 3507688975616.5005 3924527774194.0005 2376186192237.0005 1392992072064.0002 453453640836.50006 1.9902329949527153 2940898963825.0005 2177228735934.5002 4251334762525.5005 12.500000000000002 45.500000000000007 2.8743614219434188 3.5000000000000004 29.500000000000004 2621383336393.0005 701677527733.00012 2384278442386.0005 1514623711367.0002 1.994262914445758 415074930686.50006 6.5000000000000009 3540362992491.0005 3.8669122977425689 8.5000000000000018
decision_type=2 2 2 2 2 2 2 2 2 2 2 2 2 2 2 2 2 2 2 2 2 2 2 2 2 2 2 2 2 2
left_child=2 11 15 18 9 -6 8 -8 -7 10 25 -2 13 -11 -14 -1 21 -5 -4 26 -21 28 23 -13 -25 -3 -20 -18 -17 -19
right_child=1 4 3 17 5 6 7 -9 -10 12 -12 22 14 -15 -16 16 27 29 19 20 -22 -23 -24 24 -26 -27 -28 -29 -30 -31
leaf_value=-0.014165410846757095 -0.0050293345836164363 0.0018465949788882777 0.0028509082121143392 0.0063624687074910133 0.0094030215346403885 0.0026932339048145672 -0.00095311030070727415 0.0060366380312437008 0.0054112186236865683 0.0010187204427636713 0.0079919617490319603 -0.00026975458542724778 0.0037960828372669447 -0.00757833606636485 -0.005759135561567064 -0.013944375149750323 -0.0088685073263493359 0.0014748026998443692 -0.0058335575521366468 -0.0034609427772955164 -0.0087920776918049576 -0.012447788916669585 0.00060913368842878412 -0.01528389497876266 -0.0047421255560015354 -0.0092446826721278071 -0.010927883036984413 -0.0028013262081112316 -0.0013216219060968799 -0.0058423140073645451
leaf_weight=60.864962607622147 84.409924179315567 12.10613200068474 6.1795146018266669 9.680103197693823 170.93354651331902 679.50788892805576 232.66507685184479 115.1973828971386 364.94711895287037 43.955764427781105 48.500656768679619 63.922923922538757 67.635887369513512 30.934273973107338 14.117787420749663 4.9368385821580878 59.094935178756714 13.439379155635832 25.959429621696472 65.857866585254669 91.232326447963715 116.31302480399609 122.8653702288866 11.444808855652811 14.922996014356611 8.9327744692563993 122.07344761490822 20.049856051802635 10.846451893448828 33.395652890205383
leaf_count=249 341 49 25 39 707 2779 949 473 1494 178 197 258 274 125 57 20 239 54 105 265 369 473 496 46 60 36 494 81 44 134
internal_value=0 0.00267676 -0.00872763 -0.00710018 0.00346423 0.00376512 0.00307296 0.0013616 0.00364294 0.00138464 0.00470797 -0.00205876 -9.06931e-05 -0.0025324 0.00214602 -0.0109275 -0.00999458 -0.00201182 -0.00802395 -0.00824419 -0.00655707 -0.0115901 -0.000882405 -0.00291205 -0.00931773 -0.00286258 -0.0100345 -0.0073315 -0.00526988 -0.00374266
internal_weight=0 2087 639.924 367.818 1789.43 1563.25 1392.32 347.862 1044.46 226.183 69.5396 297.566 156.644 74.89 81.7537 272.106 211.241 56.5151 311.303 305.123 157.09 132.096 213.156 90.2907 26.3678 21.0389 148.033 79.1448 15.7833 46.835
internal_count=11110 8519 2591 1485 7318 6402 5695 1422 4273 916 282 1201 634 303 331 1106 857 227 1258 1233 634 537 860 364 106 85 599 320 64 188
is_linear=0
shrinkage=0.01


Tree=32
num_leaves=31
num_cat=0
split_feature=3 12 0 0 0 0 0 0 12 0 12 0 4 0 3 0 0 0 1 1 12 1 0 0 12 3 1 0 0 3
split_gain=624.837 76.3416 89.5136 176.123 86.7545 85.2169 72.7278 59.3458 53.1022 38.4392 37.2761 27.6291 22.5568 19.1301 16.9738 14.0741 12.9472 22.417 12.6594 11.0997 11.0971 10.7487 10.5826 12.3554 8.03055 7.33483 6.69235 6.64484 10.8594 6.59775
threshold=102.50000000000001 1.9722995365874345 4643066.5000000009 4583097.5000000009 4378387.5000000009 5496520.5000000009 4487740.5000000009 4583097.5000000009 1.4501983931060998 5498003.0000000009 1.9201131192834737 4528396.0000000009 40.500000000000007 5498003.0000000009 57.500000000000007 5556929.5000000009 5491238.5000000009 5491476.0000000009 1955683364938.0002 4084856404488.5005 2.8785540309142892 3289799699798.0005 5498189.5000000009 5505757.0000000009 2.8743614219434188 77.500000000000014 2883033189993.0005 4264581.0000000009 4380786.5000000009 3.5000000000000004
decision_type=2 2 2 2 2 2 2 2 2 2 2 2 2 2 2 2 2 2 2 2 2 2 2 2 2 2 2 2 2 2
left_child=12 2 3 4 8 16 -6 11 -2 -7 19 27 25 20 22 -11 -4 -18 -12 -5 21 -9 29 -24 -16 -1 -15 -3 -29 -14
right_child=1 7 5 10 6 9 -8 13 -10 15 18 -13 14 26 24 -17 17 -19 -20 -21 -22 -23 23 -25 -26 -27 -28 28 -30 -31
leaf_value=-0.011507671148648743 -0.0035536770083294368 0.0065225889079917063 0.012743686515306898 -0.0057409247242611126 0.013680985864048936 -0.0080134910727548796 0.0049476266861096518 -0.0083303040175623008 0.0066197100096739092 0.00049101094787800715 0.0053196220652495232 0.010285182949400958 0.002088976800330268 -0.0015678463590490252 0.0063016634386905855 0.0074333636380599566 0.0012619474906897352 0.012177085950510289 -0.0015772975407845856 0.0020160377778072362 0.0082946291976694723 -0.0032703514919858851 0.00876086797011736 -0.010092790088102934 -0.0037055403504608776 -0.0068288543320745142 0.012483000705536507 -0.0058582225753652031 0.0020733462381597977 -0.0085648151571926824
leaf_weight=232.57679437100887 173.60061439871788 14.596797689795492 171.74383233487606 270.24216978251934 113.36266914010048 32.163501963019371 600.23174734413624 113.57506109774113 72.833520784974098 52.968782097101212 50.7256198823452 40.97279255092144 5.9313028156757346 6.1330301463603956 9.6757938861846906 65.080464109778404 31.204649180173874 47.391695722937584 55.988551184535027 19.798562094569206 5.2458995282649985 66.60016505420208 7.9405596852302534 6.1819847077131271 46.831152275204659 39.14495076239109 7.5785432904958725 27.389013186097145 46.685244128108025 291.01278978586197
leaf_count=948 705 59 731 1081 464 129 2464 456 297 213 206 170 24 25 39 269 126 201 226 80 21 267 32 25 188 158 31 110 188 1177
internal_value=0 0.00265113 0.00347857 0.00225228 0.00456846 0.00763233 0.00633502 -0.00177158 -0.000546936 0.00167784 -0.00335218 0.00349392 -0.0086489 -0.00519965 -0.00703388 0.00431832 0.0112052 0.00784351 0.00170109 -0.00521142 -0.0060425 -0.00645994 -0.00794977 0.000507892 -0.00199199 -0.0108336 0.00619822 0.000355839 -0.000859357 -0.00835201
internal_weight=0 2086.11 1757.34 1356.78 960.029 400.553 713.594 328.777 246.434 150.213 396.755 129.644 639.295 199.133 367.574 118.049 250.34 78.5963 106.714 290.041 185.421 180.175 311.067 14.1225 56.5069 271.722 13.7116 88.6711 74.0743 296.944
internal_count=11110 8519 7192 5523 3930 1669 2928 1327 1002 611 1593 527 2591 800 1485 482 1058 327 432 1161 744 723 1258 57 227 1106 56 357 298 1201
is_linear=0
shrinkage=0.01


Tree=33
num_leaves=31
num_cat=0
split_feature=3 12 0 0 0 0 0 0 12 0 0 0 4 0 12 3 0 0 0 0 1 0 0 12 5 3 12 1 0 0
split_gain=612.989 74.9447 85.7593 172.769 87.9961 82.1631 71.0893 56.5862 37.329 36.7097 30.9165 28.5456 22.2104 22.0076 16.9868 16.6637 15.1697 12.8232 12.4697 22.5986 10.8779 10.3825 12.1163 8.66166 8.12924 8.78498 7.87281 7.05913 6.99687 18.5509
threshold=102.50000000000001 1.9789033726770087 4643066.5000000009 4583097.5000000009 5494016.0000000009 4505563.5000000009 4492123.5000000009 4583097.5000000009 1.9201131192834737 5498003.0000000009 4532379.5000000009 4543160.0000000009 40.500000000000007 5556929.5000000009 1.9902329949527153 57.500000000000007 4587374.0000000009 5556929.5000000009 5491238.5000000009 5491476.0000000009 4084856404488.5005 5498189.5000000009 5505757.0000000009 2.8785540309142892 12.500000000000002 45.500000000000007 2.8743614219434188 701677527733.00012 4380786.5000000009 4266293.0000000009
decision_type=2 2 2 2 2 2 2 2 2 2 2 2 2 2 2 2 2 2 2 2 2 2 2 2 2 2 2 2 2 2
left_child=12 2 3 5 18 6 -2 11 20 -6 -7 28 24 14 -9 21 -10 -11 -4 -20 -5 -14 -23 -16 -1 27 -17 -26 29 -3
right_child=1 7 4 8 9 10 -8 13 16 17 -12 -13 15 -15 23 26 -18 -19 19 -21 -22 22 -24 -25 25 -27 -28 -29 -30 -31
leaf_value=-0.013967524605654794 0.0040294924772151536 0.0050229677253966643 0.012656416467349347 -0.0056835234244064286 -0.00731560016181534 0.012538890268100058 -0.0043400325058616848 -0.011260620282732637 -0.0085796731713761853 0.00057278249807325449 0.0062469310675022077 0.010811082785079529 -0.0082748956231811881 0.0081904508219929305 -0.0049315280067142604 0.0062415363533944749 0.0026656038028006162 0.0071762825794526777 0.0012494809779076865 0.012298140481517875 0.0019962853929547659 0.0086736452192219572 -0.010002328307876401 0.008212792990889178 -0.0051124689003723012 -0.0071759051073438341 -0.0036688799733137541 -0.012247086883605447 0.002523203882533995 -0.0101716075966424
leaf_weight=60.629674658179283 385.62166659533978 14.364542737603186 171.20150242745876 270.24179302155972 35.902868881821632 100.67649951577187 137.7325791567564 50.807641461491585 13.481290444731711 53.216876104474068 348.15898990631104 35.973094567656517 296.71544919908047 10.973875984549521 113.40159964561462 9.6713370829820615 108.8847718834877 65.725466698408127 31.200849249958992 45.521672636270523 19.794542074203491 7.9402081668376905 6.175548180937767 5.2451938390731803 15.751859888434408 79.003218173980713 46.826135098934174 115.94755719602108 48.149526134133339 18.235082715749741
leaf_count=249 1572 58 731 1081 144 426 552 205 54 214 1432 150 1201 45 454 39 441 272 126 194 80 32 25 21 64 320 188 473 194 73
internal_value=0 0.00262667 0.0033998 0.00221839 0.00746112 0.00451907 0.00182686 -0.00202368 -0.0032052 0.00154667 0.00765826 0.00340185 -0.00857096 -0.00553356 -0.00642232 -0.00696821 0.00142669 0.00422176 0.0111551 0.00780497 -0.00515939 -0.00787626 0.000503033 -0.00435044 -0.0107408 -0.00981227 -0.0019724 -0.0113938 0.000101098 -0.00347634
internal_weight=0 2084.51 1787.36 1384.59 402.769 972.19 523.354 297.151 412.402 154.845 448.835 116.722 638.661 180.428 169.454 367.329 122.366 118.942 247.924 76.7225 290.036 310.831 14.1158 118.647 271.332 210.703 56.4975 131.699 80.7492 32.5996
internal_count=11110 8519 7319 5638 1681 3982 2124 1200 1656 630 1858 475 2591 725 680 1485 495 486 1051 320 1161 1258 57 475 1106 857 227 537 325 131
is_linear=0
shrinkage=0.01


Tree=34
num_leaves=31
num_cat=0
split_feature=3 2 14 3 12 1 1 1 6 12 13 1 1 2 1 1 12 2 2 2 1 1 2 1 1 1 2 1 1 2
split_gain=601.402 73.5376 21.8442 11.9894 13.0155 11.1105 27.2026 19.9989 10.1001 9.92632 9.30053 11.6702 8.97049 8.4929 6.17843 14.9006 7.03234 5.91622 5.8219 4.97612 5.58752 4.94008 4.72313 4.07445 3.51911 8.40298 5.48095 3.45953 4.35063 3.31788
threshold=102.50000000000001 32.500000000000007 2.9861197458070241 19.500000000000004 2.8610968957257561 215631315806.50003 415074950739.00006 632859018023.50012 90.000000000000014 1.9902329949527153 2.9598718903949575 2621383336393.0005 3743724186784.5005 11.500000000000002 2384278442386.0005 1514623711367.0002 1.994262914445758 6.5000000000000009 53.500000000000007 13.500000000000002 3693308337490.0005 1995311245928.5002 80.500000000000014 308877331779.50006 308877319416.50006 308877326404.50006 116.50000000000001 3924527774194.0005 3704300944376.0005 100.50000000000001
decision_type=2 2 2 2 2 2 2 2 2 2 2 2 2 2 2 2 2 2 2 2 2 2 2 2 2 2 2 2 2 2
left_child=2 9 3 10 -5 22 24 -8 -4 -2 11 21 -9 -10 15 23 -17 -6 -19 20 -16 -1 -3 -11 26 -26 -7 28 -15 -24
right_child=1 5 8 4 17 6 7 12 13 14 -12 -13 -14 27 19 16 -18 18 -20 -21 -22 -23 29 -25 25 -27 -28 -29 -30 -31
leaf_value=-0.0059217843032009698 -0.0049078139336027442 -0.0016215370626505598 -0.012785888842450896 0.012368063123032283 0.0065256278933212633 0.0096290102710079803 0.010167552521555035 0.0036665729938245395 -0.0071729759595071949 -0.0035763981450549201 -0.0019346334497081195 -0.01184271888069181 0.0014413629387342844 -0.010412136174876341 0.0014665052695615245 -0.015070182031282275 -0.0046448816602102094 -0.0067074569641370138 -0.00057534097621398436 0.008040368854003551 -0.0034163675799706739 0.0050272028103996204 0.014724877541307326 0.0016763784407712828 -0.011077841658370519 -0.0014241474343886841 -0.00070360062820807386 -0.014949347702895245 -0.0057578352951392422 0.0075594027672516197
leaf_weight=19.377738237380985 84.269817382097244 4.9508890360593787 84.160153076052666 5.412155255675315 5.240961328148841 6.1253372728824607 44.515430763363838 1361.9728508591652 156.22591575980186 23.17912358045578 21.428752169013023 56.557566091418266 208.96000204980373 179.98664358258247 81.456193596124649 11.42972080409527 14.911637634038923 43.110794350504875 24.158938616514206 8.3903102278709394 32.900875017046928 5.2338755726814261 7.5592684447765341 40.689327552914619 10.478017181158064 64.650371327996254 31.713324368000031 14.49858123064041 22.60617507994175 44.520570501685143
leaf_count=78 341 20 348 22 21 25 184 5582 632 94 86 230 856 732 330 46 60 173 97 34 132 21 31 164 43 265 130 59 92 182
internal_value=0 0.00260274 -0.00849412 -0.00554848 -0.00259134 0.00336942 0.00322613 0.00355788 -0.00965647 -0.00200272 -0.00779442 -0.00934141 0.00337058 -0.00895098 -0.000853139 -0.00284002 -0.0091685 -0.00370791 -0.0045052 0.000607065 6.1688e-05 -0.00359339 0.00771216 -0.000229958 -0.00151795 -0.00277053 0.000969046 -0.0102305 -0.00989279 0.00859945
internal_weight=0 2082.67 637.998 180.521 77.9228 1785.45 1728.42 1615.45 457.477 297.227 102.598 81.1692 1570.93 373.317 212.957 90.2098 26.3414 72.5107 67.2697 122.747 114.357 24.6116 57.0307 63.8685 112.967 75.1284 37.8387 217.091 202.593 52.0798
internal_count=11110 8519 2591 728 313 7318 7085 6622 1863 1201 415 329 6438 1515 860 364 106 291 270 496 462 99 233 258 463 308 155 883 824 213
is_linear=0
shrinkage=0.01


Tree=35
num_leaves=31
num_cat=0
split_feature=3 12 0 0 0 0 0 0 2 0 2 0 4 0 0 0 0 0 1 3 2 1 1 0 1 5 3 1 1 1
split_gain=589.999 72.153 86.6593 169.514 85.1253 82.7996 71.7332 56.9607 52.0716 36.9819 35.8076 26.6825 21.6397 18.3995 16.2755 13.6154 12.6615 21.8052 12.4016 12.2683 11.8491 10.7195 10.7107 11.5983 10.2645 8.00314 8.62487 7.06691 8.97814 6.95069
threshold=102.50000000000001 1.9722995365874345 4643066.5000000009 4583097.5000000009 4378387.5000000009 5496520.5000000009 4487740.5000000009 4583097.5000000009 145.50000000000003 5498003.0000000009 141.00000000000003 4528396.0000000009 40.500000000000007 5498003.0000000009 5496591.0000000009 5556929.5000000009 5491238.5000000009 5491476.0000000009 1955683364938.0002 52.500000000000007 59.500000000000007 4084856404488.5005 3289799696217.0005 4642662.5000000009 1456284143093.0002 12.500000000000002 45.500000000000007 3704300936374.0005 3475289727059.0005 701677527733.00012
decision_type=2 2 2 2 2 2 2 2 2 2 2 2 2 2 2 2 2 2 2 2 2 2 2 2 2 2 2 2 2 2
left_child=12 2 3 4 8 16 -6 11 -2 -7 18 -3 25 22 19 -11 -4 -18 -5 -14 -21 -12 24 -24 -9 -1 29 28 -16 -27
right_child=1 7 5 10 6 9 -8 13 -10 15 21 -13 14 -15 27 -17 17 -19 -20 20 -22 -23 23 -25 -26 26 -28 -29 -30 -31
leaf_value=-0.013773178092005144 0.0064905009759733869 0.00035822827773611041 0.012547784095135975 0.0052201419564239879 0.013514551589818931 -0.0078877169908287952 0.0048275121725392962 -0.0044774455166090802 -0.0035915228210972394 0.00044555798037719952 -0.0056623166268275193 0.010129544650552087 -0.0083464389514637371 0.0061062219611180179 0.00037929372092290514 0.0072792673062607761 0.0012042898726183787 0.011985715900089631 -0.0016094075729471578 -0.0052228615313687429 0.0073949191019697744 0.0019626027166439468 -0.00051378080194849798 -0.01002833490088478 -0.010471735425608562 -0.0049740927436030006 -0.0070282754892078692 0.0099634291703635733 -0.0144899867495392 -0.012060991292357097
leaf_weight=60.374409347772598 72.686456859111786 88.629087850451469 170.50399197638035 50.652050599455833 112.99063754081726 32.182026296854019 598.84210732579231 51.860895454883575 173.52278615534306 52.957316815853119 270.23983354866505 40.815811768174171 279.36299769580364 13.684852853417395 22.811089321970943 64.867860481142998 31.18674723803997 47.07397872209549 55.966850578784943 45.039722964167595 8.915771543979643 19.787599176168442 52.910195365548134 16.905743360519409 63.600383669137955 15.722018912434576 78.857542186975479 5.6929252892732611 4.9401872903108588 115.57061624526978
leaf_count=249 297 357 731 206 464 129 2464 208 705 213 1081 170 1133 56 92 269 126 201 226 181 36 80 212 68 256 64 320 23 20 473
internal_value=0 0.00257772 0.0033834 0.00217724 0.00445335 0.00748088 0.00620642 -0.001724 -0.000615085 0.00161288 -0.00332037 0.00343926 -0.00841862 -0.00508322 -0.00683603 0.00420781 0.0110193 0.00768934 0.00163515 -0.00750331 -0.00313786 -0.00514209 -0.00590969 -0.0028177 -0.00777932 -0.0105642 -0.0096423 -0.000185685 -0.00226768 -0.0112123
internal_weight=0 2081.87 1753.46 1354.69 958.042 398.772 711.833 328.407 246.209 150.007 396.646 129.445 637.287 198.962 366.763 117.825 248.765 78.2607 106.619 333.318 53.9555 290.027 185.277 69.8159 115.461 270.525 210.15 33.4442 27.7513 131.293
internal_count=11110 8519 7192 5523 3930 1669 2928 1327 1002 611 1593 527 2591 800 1485 482 1058 327 432 1350 217 1161 744 280 464 1106 857 135 112 537
is_linear=0
shrinkage=0.01


Tree=36
num_leaves=31
num_cat=0
split_feature=3 12 0 0 0 0 0 0 2 0 0 0 15 0 12 0 0 0 0 0 1 0 1 1 12 1 0 2 12 0
split_gain=578.863 70.8585 82.9932 166.208 85.493 80.6948 69.9316 54.334 35.9401 35.2925 30.5924 27.6031 21.243 21.2059 16.5122 14.8018 12.3901 12.2047 21.9805 12.0764 10.5056 10.092 9.19534 11.6821 8.46452 7.89126 7.13013 7.15663 7.09995 7.07456
threshold=102.50000000000001 1.9789033726770087 4643066.5000000009 4583097.5000000009 5494016.0000000009 4505563.5000000009 4492123.5000000009 4583097.5000000009 141.00000000000003 5498003.0000000009 4532379.5000000009 4543160.0000000009 2.9930397052064408 5556929.5000000009 1.9902329949527153 4587374.0000000009 5556929.5000000009 5491238.5000000009 5491476.0000000009 4803689.5000000009 4084856404488.5005 4549454.5000000009 2177228743277.0002 3784361549892.5005 2.8785540309142892 308877331779.50006 5505757.0000000009 82.500000000000014 2.9322243889625508 5496591.0000000009
decision_type=2 2 2 2 2 2 2 2 2 2 2 2 2 2 2 2 2 2 2 2 2 2 2 2 2 2 2 2 2 2
left_child=12 2 3 5 17 6 -2 11 15 -6 -7 -3 19 14 -9 -5 -11 -4 -19 22 -10 -14 25 28 -16 -1 27 29 -24 -21
right_child=1 7 4 8 9 10 -8 13 20 16 -12 -13 21 -15 24 -17 -18 18 -20 26 -22 -23 23 -25 -26 -27 -28 -29 -30 -31
leaf_value=-0.011485380210151797 0.0039246640660622958 0.00010877488876773675 0.012463351344102154 -0.0085119101795467587 -0.0072009724067881786 0.012391057171805981 -0.0043787893401879283 -0.011060064450888456 -0.0056058261419934599 0.00052752895383925951 0.0061182423066239531 0.010656094637568923 -0.0069432424455086938 0.0080760387733602584 -0.0048159036554278681 0.0025981448516733275 0.0070237345497781876 0.0011923902502654093 0.01210644384035571 -0.0054488281054715709 0.0019433733394538443 -0.010359853976668984 -0.011034000598043794 -0.00022072048412839475 0.008179367654468259 -0.0014214229638890119 -0.0094741283367969116 0.012927020816974012 -0.00094530844500482754 0.0055605113264970904
leaf_weight=9.5825496017932874 384.97534276545048 80.724668100476265 169.94527924060822 13.477392911911009 35.917052164673805 100.17209079861641 137.70909897983074 50.692515179514885 270.2334763109684 53.205323979258537 347.31310285627842 35.824087664484978 115.89030933380127 10.950207546353338 113.35916759073734 108.78803852200508 65.509596258401871 31.18301448225975 45.201360806822777 12.468710064888006 19.78358405828476 340.37747049331665 72.030675813555717 14.228356599807737 5.2441076189279547 41.680021911859512 6.6720069050788871 4.9596311748027793 7.7236418575048438 10.973927557468413
leaf_count=39 1572 325 731 54 144 426 552 205 1081 214 1432 150 470 45 454 441 272 126 194 50 80 1393 293 57 21 167 27 20 31 44
internal_value=0 0.00255402 0.00330693 0.00214516 0.00731254 0.0044055 0.00173699 -0.00197017 -0.00317381 0.0014845 0.00752245 0.00335075 -0.00834366 -0.00541073 -0.00628306 0.00137348 0.00411228 0.0109711 0.00765091 -0.00543785 -0.00509086 -0.00949205 -0.00670956 -0.00856784 -0.00424131 -0.00330269 -0.000171562 0.00201371 -0.010057 -0.000295155
internal_weight=0 2080.21 1783.41 1382.45 400.962 970.17 522.684 296.795 412.282 154.632 447.485 116.549 636.587 180.246 169.296 122.265 118.715 246.33 76.3844 180.32 290.017 456.268 145.245 93.9827 118.603 51.2626 35.0743 28.4023 79.7543 23.4426
internal_count=11110 8519 7319 5638 1681 3982 2124 1200 1656 630 1858 475 2591 725 680 495 486 1051 320 728 1161 1863 587 381 475 206 141 114 324 94
is_linear=0
shrinkage=0.01


Tree=37
num_leaves=31
num_cat=0
split_feature=13 2 0 0 0 0 0 0 2 0 2 0 5 0 0 0 0 0 0 1 0 1 0 1 0 1 1 4 13 2
split_gain=566.282 74.1134 85.7351 165.926 82.1991 78.5678 71.2915 56.3796 52.5315 35.3906 34.1916 25.647 20.7577 18.6598 13.1514 11.9368 20.8843 11.5219 10.3422 10.3358 9.98673 9.75635 12.2844 10.052 9.74655 9.71897 9.13658 7.74277 7.66185 11.2724
threshold=2.9292462699273405 42.500000000000007 4643066.5000000009 4583097.5000000009 4378387.5000000009 5496520.5000000009 4487740.5000000009 4583097.5000000009 145.50000000000003 5498003.0000000009 100.50000000000001 4543160.0000000009 41.500000000000007 5498003.0000000009 5556929.5000000009 5491238.5000000009 5491476.0000000009 5496591.0000000009 4583097.5000000009 1955683364938.0002 4587555.5000000009 3289799699798.0005 4642662.5000000009 1514623711367.0002 4546978.0000000009 3704300955882.0005 3475289731815.0005 88.500000000000014 2.9698742379433534 8.5000000000000018
decision_type=2 2 2 2 2 2 2 2 2 2 2 2 2 2 2 2 2 2 2 2 2 2 2 2 2 2 2 2 2 2
left_child=1 7 3 4 8 15 -6 11 -3 -7 19 -1 27 21 -11 -4 -17 18 24 -5 -12 23 -23 -9 -14 26 -19 -2 29 -20
right_child=12 2 5 10 6 9 -8 13 -10 14 20 -13 17 -15 -16 16 -18 25 28 -21 -22 22 -24 -25 -26 -27 -28 -29 -30 -31
leaf_value=0.00048413329550869275 -0.012067579435937361 0.0065127255909073461 0.012349209151531648 0.0050520483352296652 0.013387403704511318 -0.0076283472075031689 0.0047289014533167563 -0.0047477552646897087 -0.0035950033775418713 0.00057083496813881693 -0.0085462476674543295 0.010531180657285699 -0.0065012180458908445 0.0060017276877726566 0.0072459184628557525 0.0013229719743914634 0.011851675246224666 -0.0014868682697613811 0.0074237059188802558 -0.0013753556973269362 -0.0040591024988447574 -0.00064510102770594271 -0.010670791969371965 -0.010687803945262433 0.0024087725517789285 0.0094680412632712728 -0.012739512205679506 0.0007194382970900626 -0.010014765261845396 -0.0073849953772177146
leaf_weight=89.357338011264801 137.01724848151207 73.070740267634392 170.1097340285778 48.639382407069206 112.91012863814831 31.952492952346802 602.65140376985073 53.82205531001091 173.51559509336948 53.937873765826225 62.96547643840313 35.501764461398125 152.38241499662399 13.657433077692984 65.188911989331245 31.42876273393631 47.032568797469139 29.174700230360031 5.4886215776205054 51.520146578550339 233.67167389392853 50.408224254846573 16.133005946874619 60.525359213352203 13.352931141853331 5.9385859519243231 9.5866517871618253 4.9049285650253287 197.3581867069006 80.975330919027328
leaf_count=360 566 299 734 198 465 128 2484 216 705 217 252 149 617 56 271 127 202 118 22 208 936 202 65 244 54 24 39 20 805 327
internal_value=0 0.00252788 0.00333273 0.00213534 0.00437932 0.00740426 0.00609515 -0.00190348 -0.000599788 0.00171697 -0.00330584 0.00334086 -0.00825471 -0.00526929 0.00422359 0.0108609 0.00763426 -0.00728677 -0.00776822 0.00174591 -0.00501156 -0.00612027 -0.00307584 -0.00789189 -0.00578336 -0.00244478 -0.00426993 -0.0116257 -0.00892725 -0.00644496
internal_weight=0 2078 1758.59 1358.94 962.148 399.65 715.562 319.405 246.586 151.079 396.797 124.859 636.18 194.546 119.127 248.571 78.4613 494.257 449.557 100.16 296.637 180.889 66.5412 114.347 165.735 44.6999 38.7614 141.922 283.822 86.464
internal_count=11110 8518 7226 5547 3953 1679 2949 1292 1004 616 1594 509 2592 783 488 1063 329 2006 1825 406 1188 727 267 460 671 181 157 586 1154 349
is_linear=0
shrinkage=0.01


Tree=38
num_leaves=31
num_cat=0
split_feature=3 12 0 0 0 0 0 0 2 0 0 0 4 0 12 0 0 0 0 0 3 2 1 12 3 12 0 0 0 1
split_gain=557.449 68.2583 80.2299 159.783 83.0186 79.1995 68.7566 52.2849 34.6309 33.9322 30.2661 26.7012 20.915 20.4639 16.1992 15.5565 14.4632 11.9511 11.9328 21.3689 11.8242 11.5205 10.2853 8.23813 7.01125 7.25213 6.84877 18.1583 8.18819 6.8278
threshold=102.50000000000001 1.9789033726770087 4643066.5000000009 4583097.5000000009 5494016.0000000009 4505563.5000000009 4492123.5000000009 4583097.5000000009 141.00000000000003 5498003.0000000009 4532379.5000000009 4543160.0000000009 40.500000000000007 5556929.5000000009 1.9902329949527153 5496591.0000000009 4587374.0000000009 5556929.5000000009 5491238.5000000009 5491476.0000000009 52.500000000000007 59.500000000000007 4084856404488.5005 2.8785540309142892 78.500000000000014 3.8790892017648528 4380786.5000000009 4266293.0000000009 4489933.0000000009 3704300936374.0005
decision_type=2 2 2 2 2 2 2 2 2 2 2 2 2 2 2 2 2 2 2 2 2 2 2 2 2 2 2 2 2 2
left_child=12 2 3 5 18 6 -2 11 16 -6 -7 26 24 14 -9 20 -5 -11 -4 -20 -14 -22 -10 -16 -1 -26 27 -3 -28 -17
right_child=1 7 4 8 9 10 -8 13 22 17 -12 -13 15 -15 23 29 -18 -19 19 -21 21 -23 -24 -25 25 -27 28 -29 -30 -31
leaf_value=-0.010954461244688646 0.0038529832683866397 0.0049764064837495162 0.012298241830558571 -0.0084168092716533967 -0.0070582879242314369 0.012272110505053458 -0.0043818098853966462 -0.010904879977609852 -0.0054996543582276729 0.00051631971212177832 0.0060212383027922513 0.010495261844753219 -0.00812425229050792 0.0079539744714071641 -0.0047130004316985556 -0.0021839059693277473 0.0025674530771033193 0.0069004808944277945 0.0011675345068149631 0.011943519626003249 -0.0050648407541499388 0.0073810734149750423 0.0019690638935108908 0.0081089890711055802 -0.004219645650705566 -0.015959316739950991 0.01165542827234638 -0.010059911248474036 0.00064362462006937017 0.0098438001410339013
leaf_weight=232.5326611250639 384.4958062171936 14.357298552989958 168.80949866771698 13.472566321492193 35.932673782110214 99.748513832688332 137.70728902518749 50.592004209756851 270.20806910097599 53.202397689223289 346.65346442162991 35.662853315472603 278.54652611911297 10.924669682979582 113.32003408670425 27.714231163263321 108.73862420022488 65.328200593590736 31.175147891044617 44.914109364151955 44.991924226284027 8.9102186858654004 19.788862764835358 5.2427574545145026 30.373736321926117 6.3646652698516837 8.12347763776779 18.228207394480705 40.014138340950012 5.6884451955556861
leaf_count=957 1572 58 731 54 144 426 552 205 1081 214 1432 150 1133 45 454 112 441 272 126 194 181 36 80 21 123 26 33 73 161 23
internal_value=0 0.00250796 0.00324782 0.00210612 0.00719531 0.00432525 0.00168143 -0.00193469 -0.00310838 0.00145434 0.007418 0.00328907 -0.00819784 -0.00531082 -0.00616751 -0.00664101 0.00135655 0.00403495 0.0108163 0.0075284 -0.00729464 -0.00300749 -0.00499 -0.00414602 -0.0103131 -0.00625346 0.000105426 -0.00343485 0.00250192 -0.000135599
internal_weight=0 2076.64 1780.18 1380.81 399.362 968.605 522.203 296.465 412.208 154.463 446.402 116.386 635.122 180.079 169.155 365.851 122.211 118.531 244.899 76.0893 332.449 53.9021 289.997 118.563 269.271 36.7384 80.7231 32.5855 48.1376 33.4027
internal_count=11110 8519 7319 5638 1681 3982 2124 1200 1656 630 1858 475 2591 725 680 1485 495 486 1051 320 1350 217 1161 475 1106 149 325 131 194 135
is_linear=0
shrinkage=0.01


Tree=39
num_leaves=31
num_cat=0
split_feature=13 2 0 0 0 0 0 0 2 0 2 0 13 0 0 0 0 0 1 2 0 2 0 1 0 1 1 0 13 2
split_gain=545.28 71.3473 82.9715 159.64 80.6395 76.2999 70.3033 54.221 51.5438 34.0529 32.8683 24.7961 19.4325 17.9577 12.7058 11.6574 20.3067 10.9948 11.7019 10.3368 10.2986 10.5019 9.77194 9.58881 12.0278 9.84857 9.07708 8.33933 7.6388 10.9532
threshold=2.9292462699273405 42.500000000000007 4643066.5000000009 4583097.5000000009 4378387.5000000009 5496520.5000000009 4487740.5000000009 4583097.5000000009 145.50000000000003 5498003.0000000009 100.50000000000001 4543160.0000000009 3.9491548662301894 5498003.0000000009 5556929.5000000009 5491238.5000000009 5491476.0000000009 5496591.0000000009 3704300955882.0005 86.500000000000014 4583097.5000000009 86.500000000000014 4587555.5000000009 3289799699798.0005 4642662.5000000009 1514623711367.0002 3475289731815.0005 4489933.0000000009 2.9698742379433534 8.5000000000000018
decision_type=2 2 2 2 2 2 2 2 2 2 2 2 2 2 2 2 2 2 2 2 2 2 2 2 2 2 2 2 2 2
left_child=1 7 3 4 8 15 -6 11 -3 -7 19 -1 17 23 -11 -4 -17 20 26 -5 21 27 -12 25 -25 -9 -19 -2 29 -22
right_child=12 2 5 10 6 9 -8 13 -10 14 22 -13 -14 -15 -16 16 -18 18 -20 -21 28 -23 -24 24 -26 -27 -28 -29 -30 -31
leaf_value=0.00047458048758548674 -0.0071695238465738784 0.0064200734082234135 0.012186374703877342 0.00042006774470553247 0.013254752703344173 -0.0074777712048027106 0.0046443716575376741 -0.004649672681666459 -0.003597698713803344 0.00055941340872058757 -0.0084100672144470073 0.010370472279561687 -0.010596198833954787 0.0058992667568730011 0.0071247195355111535 0.0012991282457424384 0.011694930036777535 -0.0011455726133964088 0.011727788298294923 0.0096960975331921925 0.0073476236226171446 -0.014843365275176892 -0.0039710454007177397 -0.00058128735480569643 -0.010507519569499912 -0.010532120918468019 -0.013118186900502388 -0.002235385260071649 -0.010057300739150413 -0.0072517162759780842
leaf_weight=89.323031634092331 65.38304303586483 72.957440808415413 168.95984001457691 86.14611542224884 112.57302270829678 31.968183860182762 601.53450909256935 53.798321023583412 173.5100192129612 53.934213995933533 62.952471405267715 35.337906241416931 210.23822240531445 13.629387199878691 65.007433697581291 31.421005100011826 46.741236954927444 26.217244058847427 5.4506721943616858 13.960091277956961 5.4875691235065451 10.760566130280493 233.65570965409279 50.39880758523941 16.109139874577522 60.432816743850708 8.3489696532487851 71.945656403899193 150.00530853867531 80.888291150331497
leaf_count=360 265 299 734 349 465 128 2484 216 705 217 252 149 868 56 271 127 202 106 22 57 22 44 936 202 65 244 34 291 613 327
internal_value=0 0.00248227 0.00327292 0.00209556 0.00429954 0.00728772 0.00600173 -0.00186794 -0.000632313 0.00168498 -0.00324099 0.00327979 -0.00810993 -0.00516951 0.00414767 0.0107091 0.00751585 -0.00687854 -0.00189002 0.00171364 -0.00739776 -0.00532999 -0.00491319 -0.0060042 -0.00298556 -0.00776172 -0.00403738 -0.00458456 -0.00869319 -0.0063242
internal_weight=0 2074.35 1755.32 1357.29 960.575 398.032 714.108 319.029 246.467 150.91 396.714 124.661 634.726 194.368 118.942 247.122 78.1622 424.487 40.0169 100.106 384.47 148.089 296.608 180.739 66.5079 114.231 34.5662 137.329 236.381 86.3759
internal_count=11110 8518 7226 5547 3953 1679 2949 1292 1004 616 1594 509 2592 783 488 1063 329 1724 162 406 1562 600 1188 727 267 460 140 556 962 349
is_linear=0
shrinkage=0.01


Tree=40
num_leaves=31
num_cat=0
split_feature=3 12 0 0 0 0 0 0 12 0 0 0 4 0 12 3 0 0 0 0 1 0 0 12 12 3 0 0 0 3
split_gain=536.845 65.7595 77.5727 153.612 80.6362 77.7355 67.601 50.3143 33.3704 32.6264 29.948 25.8395 20.4003 19.7499 15.8958 15.0653 14.1239 11.6728 20.7806 11.5285 10.0703 9.53414 11.5261 8.01665 7.20529 6.85553 6.70888 17.8066 8.04011 6.55186
threshold=102.50000000000001 1.9789033726770087 4643066.5000000009 4583097.5000000009 5494016.0000000009 4505563.5000000009 4492123.5000000009 4583097.5000000009 1.9201131192834737 5498003.0000000009 4532379.5000000009 4543160.0000000009 40.500000000000007 5556929.5000000009 1.9902329949527153 57.500000000000007 4587374.0000000009 5491238.5000000009 5491476.0000000009 5556929.5000000009 4084856404488.5005 5498189.5000000009 5505757.0000000009 2.8785540309142892 2.8743614219434188 77.500000000000014 4380786.5000000009 4266293.0000000009 4489933.0000000009 3.5000000000000004
decision_type=2 2 2 2 2 2 2 2 2 2 2 2 2 2 2 2 2 2 2 2 2 2 2 2 2 2 2 2 2 2
left_child=12 2 3 5 17 6 -2 11 20 -6 -7 26 25 14 -9 21 -10 -4 -19 -11 -5 29 -23 -16 -17 -1 27 -3 -28 -14
right_child=1 7 4 8 9 10 -8 13 16 19 -12 -13 15 -15 23 24 -18 18 -20 -21 -22 22 -24 -25 -26 -27 28 -29 -30 -31
leaf_value=-0.010805979006046559 0.0037827547077722103 0.0049283232966414589 0.012137641539411635 -0.0053958251520342306 -0.0069192185877095689 0.012155731009223875 -0.0043839478165474382 -0.010753557353599053 -0.0083203094732498817 0.00050534034819759452 0.0059260103131601148 0.0103390423308322 0.0026713784764774103 0.0078343205051631844 -0.0046123594024472707 0.0061028502836364875 0.0025365601371692783 0.0011431571451728836 0.011784847929522059 0.0067796571287370945 0.0019935914842133047 0.0086234972017533128 -0.0096263285759539303 0.0080381331683551157 -0.0033880366540800784 -0.0062650842496658858 0.011551873484763464 -0.0099648531824980211 0.00063307882532417329 -0.0079813455232455813
leaf_weight=229.50111432373524 384.00481566786766 14.350111290812491 167.64944612979889 270.16773866117001 35.944270446896553 99.318340942263603 137.70599238574505 50.485093310475349 13.467137753963469 53.199496105313301 345.98683002591133 35.498270481824875 5.891294226050376 10.898573800921438 113.27463619410992 9.6506440043449384 108.69058267772198 31.167340382933617 44.620856836438179 65.144205182790756 19.793818086385727 7.928398981690405 6.1413781046867371 5.2410840988159171 46.739759668707848 38.879878401756287 8.1110634803771955 18.222090259194374 40.010852918028831 288.89535515010357
leaf_count=948 1572 58 731 1081 144 426 552 205 54 214 1432 150 24 45 454 39 441 126 194 272 80 32 25 21 188 158 33 73 161 1177
internal_value=0 0.00246285 0.00318991 0.00206785 0.00708071 0.00424658 0.00162715 -0.00190028 -0.00304443 0.00142482 0.00731545 0.00322902 -0.00805491 -0.00521317 -0.00605458 -0.00651681 0.00133966 0.0106654 0.00740853 0.00395914 -0.0048914 -0.00738461 0.000657551 -0.00405292 -0.00176377 -0.0101481 0.000101241 -0.00340347 0.00247347 -0.00776845
internal_weight=0 2072.95 1776.86 1379.14 397.726 967.016 521.711 296.092 412.119 154.288 445.305 116.192 633.628 179.899 169.001 365.247 122.158 243.438 75.7882 118.344 289.962 308.856 14.0698 118.516 56.3904 268.381 80.6941 32.5722 48.1219 294.787
internal_count=11110 8519 7319 5638 1681 3982 2124 1200 1656 630 1858 475 2591 725 680 1485 495 1051 320 486 1161 1258 57 475 227 1106 325 131 194 1201
is_linear=0
shrinkage=0.01


Tree=41
num_leaves=31
num_cat=0
split_feature=3 12 0 0 0 0 0 12 0 12 0 0 4 0 12 0 0 0 0 0 3 1 12 12 5 3 1 3 0 0
split_gain=526.782 64.5185 76.3025 150.679 79.4583 76.977 69.2453 51.9652 49.3441 32.7081 31.9869 25.404 20.1041 19.3699 15.6275 14.8712 13.8466 11.547 20.4897 11.3261 11.2867 9.87044 9.58182 7.85848 7.85308 8.27991 6.91474 6.70628 6.5779 17.4594
threshold=102.50000000000001 1.9789033726770087 4643066.5000000009 4583097.5000000009 5494016.0000000009 4378387.5000000009 4487724.5000000009 1.4501983931060998 4583097.5000000009 1.9201131192834737 5498003.0000000009 4543160.0000000009 40.500000000000007 5556929.5000000009 1.9902329949527153 5496591.0000000009 4587374.0000000009 5491238.5000000009 5491476.0000000009 5556929.5000000009 52.500000000000007 4084856404488.5005 2.8743614219434188 2.8785540309142892 12.500000000000002 45.500000000000007 701677527733.00012 3.5000000000000004 4380786.5000000009 4266293.0000000009
decision_type=2 2 2 2 2 2 2 2 2 2 2 2 2 2 2 2 2 2 2 2 2 2 2 2 2 2 2 2 2 2
left_child=12 2 3 5 17 7 -7 -2 11 21 -6 28 24 14 -10 20 -11 -4 -19 -12 27 -5 -22 -16 -1 26 -26 -14 29 -3
right_child=1 8 4 9 10 6 -8 -9 13 16 19 -13 15 -15 23 -17 -18 18 -20 -21 22 -23 -24 -25 25 -27 -28 -29 -30 -31
leaf_value=-0.013264918372907962 -0.003599632360585114 0.0048815091597210212 0.012058855510302835 -0.0053423736663527214 -0.0068488717976814438 0.013366921118563855 0.0045949054020377545 0.0060725725455856097 -0.010660022130449405 -0.0082392702939574729 0.00050029956080264982 0.010260463481441568 0.0026437401337884255 0.0077668479949094243 -0.0045668882071981986 -9.4301203263591184e-05 0.0025119209773511188 0.0011318591197395358 0.011706486472978428 0.006721298693192909 0.0064193995938773242 0.001974058211233456 -0.0048152944049601005 0.0079596358841112994 -0.0044498123611435353 -0.0065806464622457884 -0.011548204665882338 -0.0081387085944315055 0.0024494721792961581 -0.0098690818750196037
leaf_weight=59.606927007436752 173.50601834058762 14.342889070510862 167.06028698384762 270.14225025475025 35.950298950076103 105.70700889825821 605.21445946395397 81.704421281814575 50.419118821620941 13.463617980480192 53.198161944746971 35.412858232855797 5.8933444172143927 10.883395999670027 113.25853721797466 33.373854994773865 108.65931199491024 31.16369104385376 44.471099078655243 65.053181648254395 9.1442450582981092 19.789799273014069 44.705725535750389 5.2398495972156516 15.594409584999083 78.342494994401932 114.3676770478487 271.82636332511902 48.107687696814537 18.214967057108879
leaf_count=249 705 58 731 1081 144 438 2504 335 205 54 214 150 24 45 454 135 441 126 194 272 37 80 180 21 64 320 473 1109 194 73
internal_value=0 0.0024406 0.00316122 0.0020486 0.00702467 0.004208 0.00589922 -0.000503121 -0.00188263 -0.00301446 0.00141139 0.00319991 -0.00798415 -0.00516388 -0.00599701 -0.00645703 0.00132664 0.0105912 0.00734944 0.00392264 -0.00709747 -0.00484298 -0.00290753 -0.00401298 -0.0100644 -0.00914852 -0.0106965 -0.0079099 0.000100271 -0.00337092
internal_weight=0 2070.96 1775.08 1378.19 396.897 966.132 710.921 255.21 295.879 412.055 154.202 116.078 632.855 179.801 168.918 364.944 122.123 242.695 75.6348 118.251 331.57 289.932 53.85 118.498 267.912 208.305 129.962 277.72 80.6655 32.5579
internal_count=11110 8519 7319 5638 1681 3982 2942 1040 1200 1656 630 475 2591 725 680 1485 495 1051 320 486 1350 1161 217 475 1106 857 537 1133 325 131
is_linear=0
shrinkage=0.01


Tree=42
num_leaves=31
num_cat=0
split_feature=3 12 0 0 0 0 0 0 12 0 0 0 14 0 12 0 0 0 0 0 6 1 1 1 0 12 1 1 12 0
split_gain=516.912 63.2953 75.0652 147.782 78.3021 76.3069 66.4737 48.3933 32.0594 31.3605 29.6375 24.9771 19.6188 18.9976 15.3652 13.5751 11.4238 20.2043 11.2569 11.1274 9.75335 9.67471 8.99264 11.6001 8.62943 7.70355 7.60712 7.10159 6.9809 6.9633
threshold=102.50000000000001 1.9789033726770087 4643066.5000000009 4583097.5000000009 5494016.0000000009 4505563.5000000009 4492123.5000000009 4583097.5000000009 1.9201131192834737 5498003.0000000009 4532379.5000000009 4543160.0000000009 2.9861197458070241 5556929.5000000009 1.9902329949527153 4587374.0000000009 5491238.5000000009 5491476.0000000009 4803689.5000000009 5556929.5000000009 90.000000000000014 4084856404488.5005 2210220659170.5005 3784361549892.5005 4549454.5000000009 2.8785540309142892 308877331779.50006 701677516891.50012 2.9322243889625508 5505757.0000000009
decision_type=2 2 2 2 2 2 2 2 2 2 2 2 2 2 2 2 2 2 2 2 2 2 2 2 2 2 2 2 2 2
left_child=12 2 3 5 16 6 -2 11 21 -6 -7 -3 18 14 -9 -10 -4 -18 22 -11 -14 -5 26 28 -22 -16 -1 -28 -24 -20
right_child=1 7 4 8 9 10 -8 13 15 19 -12 -13 20 -15 25 -17 17 -19 29 -21 24 -23 23 -25 -26 -27 27 -29 -30 -31
leaf_value=-0.011097039843302308 0.0037136471304880158 9.9298012578463577e-05 0.011981108856034362 -0.0052895224009374044 -0.0067794120115990389 0.012041590205411798 -0.0043860990372248708 -0.010567775194671083 -0.0081592779344765859 0.00049530893332120631 0.0058322696928176324 0.010182804885516657 -0.012129656936280811 0.007700090585552587 -0.0045219060070709194 0.0024875218012340252 0.0011206713884465474 0.011629121267772284 0.0021237343279125972 0.006663508172122125 -0.0058442893183716831 0.0019547166079062375 -0.010704243874717786 9.6134993938984609e-05 -0.0092692758890581227 0.0078821384285969603 0.0069810205823490129 -0.0032508144810093342 -0.00068411576142061905 -0.0092466119816104076
leaf_weight=9.5183895975351316 383.50425054132938 80.64025467634201 166.46590004861355 270.11314685642719 35.955422073602676 98.881212487816811 137.70468929409981 50.350980296730995 13.459676831960676 53.196834027767181 345.31254705786705 35.326535627245903 82.678117498755455 10.8680512458086 113.24141752719879 108.62801536917686 31.160058304667473 44.320041552186012 28.390365317463875 64.961657986044884 101.34915220737457 19.785783544182777 70.827781170606613 14.216153532266615 268.33008714020252 5.2384613156318656 8.4792446345090848 33.917452782392502 7.7097136676311484 6.6470473408699027
leaf_count=39 1572 325 731 1081 144 426 552 205 54 214 1432 150 348 45 454 441 126 194 114 272 412 80 290 57 1103 21 34 136 31 27
internal_value=0 0.00241839 0.00313253 0.00202931 0.00696923 0.0041691 0.00157367 -0.00186514 -0.00298481 0.00139809 0.00721452 0.003171 -0.00791427 -0.00511517 -0.00594011 0.00131375 0.0105179 0.00729097 -0.00511906 0.00388649 -0.00902472 -0.0047951 -0.00635076 -0.00821602 -0.0083303 -0.00397347 -0.00301823 -0.00120447 -0.00972061 -3.33665e-05
internal_weight=0 2069.11 1773.45 1377.39 396.06 965.403 521.209 295.666 411.987 154.114 444.194 115.967 632.064 179.699 168.831 122.088 241.946 75.4801 179.706 118.158 452.357 289.899 144.669 92.7536 369.679 118.48 51.9151 42.3967 78.5375 35.0374
internal_count=11110 8519 7319 5638 1681 3982 2124 1200 1656 630 1858 475 2591 725 680 495 1051 320 728 486 1863 1161 587 378 1515 475 209 170 321 141
is_linear=0
shrinkage=0.01


Tree=43
num_leaves=31
num_cat=0
split_feature=3 12 0 0 0 0 0 12 0 12 0 0 4 0 12 0 0 0 0 3 0 1 12 5 3 12 1 3 1 1
split_gain=507.273 62.1027 73.8419 144.962 77.167 75.5276 68.3449 50.9766 47.46 31.424 30.7467 24.5609 19.6287 18.6329 15.1087 14.5161 13.3091 11.3031 19.9242 10.954 10.9324 9.48303 9.33077 7.74506 8.14868 7.5518 6.81953 6.61105 6.56098 8.54741
threshold=102.50000000000001 1.9789033726770087 4643066.5000000009 4583097.5000000009 5494016.0000000009 4378387.5000000009 4487740.5000000009 1.4501983931060998 4583097.5000000009 1.9201131192834737 5498003.0000000009 4543160.0000000009 40.500000000000007 5556929.5000000009 1.9902329949527153 5496591.0000000009 4587374.0000000009 5491238.5000000009 5491476.0000000009 52.500000000000007 5556929.5000000009 4084856404488.5005 2.8743614219434188 12.500000000000002 45.500000000000007 2.8785540309142892 701677527733.00012 3.5000000000000004 3704300936374.0005 3475289727059.0005
decision_type=2 2 2 2 2 2 2 2 2 2 2 2 2 2 2 2 2 2 2 2 2 2 2 2 2 2 2 2 2 2
left_child=12 2 3 5 17 7 -7 -2 11 21 -6 -3 23 14 -10 19 -11 -4 -19 27 -12 -5 -21 -1 26 -16 -25 -14 29 -17
right_child=1 8 4 9 10 6 -8 -9 13 16 20 -13 15 -15 25 28 -18 18 -20 22 -22 -23 -24 24 -26 -27 -28 -29 -30 -31
leaf_value=-0.013092806455066126 -0.0036008236230487666 9.8305755132614277e-05 0.011904373110927059 -0.0052372622798532546 -0.0067108216275651722 0.012991891685747428 0.0044679787613334503 0.0059839570917212658 -0.010476782685844144 -0.0080803091433134695 0.00049036814448240589 0.010106044459390536 0.0027114893148382896 0.0076340344507559886 -0.004477406669933159 0.00052228308285569769 0.0024633603205474952 0.0011095942330665133 0.011552725813050078 0.0063653564822646318 0.0066062752857791816 0.0019355633679817837 -0.0047245919469506717 -0.0043248937423307548 -0.006445831783959668 0.0078056190723082052 -0.011382711179678925 -0.0079992002962724212 0.0097381243905513629 -0.014030189743216624
leaf_weight=59.306134060025215 173.50354890525341 80.639778062701225 165.86656329035759 270.08053877949715 35.95966500043869 111.63037630915642 597.7964885532856 81.579186603426933 50.28075610101223 13.45532765984535 53.195513769984245 35.239348322153091 5.887939825654029 10.852547883987425 113.22330918908119 22.760956272482876 108.5966994613409 31.156442016363144 44.167751461267471 9.1389717012643796 64.869666263461113 19.781769946217537 44.669866368174553 15.560264661908148 78.171074077486992 5.236924096941947 113.9201432466507 271.20903721451759 5.6834566593170157 4.9060577899217597
leaf_count=249 705 325 731 1081 144 464 2478 335 205 54 214 150 24 45 454 92 441 126 194 37 272 80 180 64 320 21 473 1109 23 20
internal_value=0 0.00239657 0.00310442 0.00201045 0.0069144 0.00413126 0.00580924 -0.000535471 -0.0018477 -0.00295548 0.00138493 0.0031417 -0.00784574 -0.005067 -0.00588387 -0.0063361 0.001301 0.0104455 0.00723312 -0.00696985 0.00385069 -0.00474775 -0.00284106 -0.00990561 -0.00899533 -0.0039344 -0.0105345 -0.00777161 -4.79469e-05 -0.00205824
internal_weight=0 2067.11 1771.64 1376.42 395.216 964.51 709.427 255.083 295.473 411.914 154.025 115.879 631.214 179.594 168.741 364.256 122.052 241.191 75.3242 330.906 118.065 289.862 53.8088 266.958 207.651 118.46 129.48 277.097 33.3505 27.667
internal_count=11110 8519 7319 5638 1681 3982 2942 1040 1200 1656 630 475 2591 725 680 1485 495 1051 320 1350 486 1161 217 1106 857 475 537 1133 135 112
is_linear=0
shrinkage=0.01


Tree=44
num_leaves=31
num_cat=0
split_feature=3 12 0 0 0 0 0 0 2 0 0 0 14 0 12 0 0 0 0 0 6 1 1 1 0 1 12 1 12 0
split_gain=497.793 60.9271 72.6498 142.177 76.0526 74.9274 65.3467 46.5456 30.8016 30.1454 29.3336 24.1525 19.1028 18.2755 14.8577 13.0486 11.185 19.6492 10.9135 10.741 9.58602 9.29532 8.82507 11.4009 8.51255 7.46062 7.40314 6.94737 6.8573 6.80896
threshold=102.50000000000001 1.9789033726770087 4643066.5000000009 4583097.5000000009 5494016.0000000009 4505563.5000000009 4492123.5000000009 4583097.5000000009 141.00000000000003 5498003.0000000009 4532379.5000000009 4543160.0000000009 2.9861197458070241 5556929.5000000009 1.9902329949527153 4587374.0000000009 5491238.5000000009 5491476.0000000009 4803689.5000000009 5556929.5000000009 90.000000000000014 4084856404488.5005 2210220659170.5005 3784361549892.5005 4549454.5000000009 308877331779.50006 2.8785540309142892 701677516891.50012 2.9322243889625508 5505757.0000000009
decision_type=2 2 2 2 2 2 2 2 2 2 2 2 2 2 2 2 2 2 2 2 2 2 2 2 2 2 2 2 2 2
left_child=12 2 3 5 16 6 -2 11 15 -6 -7 -3 18 14 -9 -5 -4 -18 22 -11 -14 -10 25 28 -22 -1 -16 -27 -24 -20
right_child=1 7 4 8 9 10 -8 13 21 19 -12 -13 20 -15 26 -17 17 -19 29 -21 24 -23 23 -25 -26 27 -28 -29 -30 -31
leaf_value=-0.010944676715654321 0.003645292344560928 9.7323211039474487e-05 0.011828620846354181 -0.0080023414480072681 -0.0066430842370743814 0.011930129162909199 -0.0043869339158555624 -0.010387011811091793 -0.005185584435495146 0.00048547649867105891 0.0057406174002882487 0.010030160154462262 -0.011962743933965167 0.0075686667135472785 -0.0044333828289736758 0.0024394339982438391 0.001098626287939705 0.01147727526360991 0.0021221974400265973 0.00654959173647138 -0.0057160867046994667 0.0019165986553400384 -0.01055512531030838 0.00015713712191315222 -0.0091214338142565875 0.0069610578635367053 0.0077300569391239382 -0.0031603592484719168 -0.00062082827757827636 -0.0091300892361541996
leaf_weight=9.4909644126892072 382.98885622620583 80.639306291937828 165.26254136860371 13.450583785772322 35.963054969906807 98.43971411883831 137.70418384671211 50.208521723747253 270.04453673958778 53.194200068712234 344.63586559891701 35.151338085532188 82.242229819297791 10.8368933647871 113.2042481303215 108.56537128984928 31.152843430638313 44.014296606183052 28.383949905633926 64.77723802626133 101.16510926187038 19.777759745717049 70.633900567889214 14.212417751550673 267.53265075385571 8.4771724790334684 5.2352426499128333 33.907430619001389 7.7063922435045233 6.6347891688346854
leaf_count=39 1572 325 731 54 144 426 552 205 1081 214 1432 150 348 45 454 441 126 194 114 272 412 80 290 57 1103 34 21 136 31 27
internal_value=0 0.00237478 0.00307632 0.00199156 0.00686016 0.00409313 0.00152106 -0.00183044 -0.00292647 0.0013719 0.00711576 0.0031127 -0.00777754 -0.00501939 -0.00582827 0.00128837 0.010374 0.00717587 -0.005018 0.00381524 -0.00887567 -0.00470092 -0.00623234 -0.00808297 -0.00818706 -0.00293057 -0.00389574 -0.00113602 -0.00957788 -9.70541e-06
internal_weight=0 2065.25 1769.97 1375.61 394.364 963.769 520.693 295.276 411.838 153.934 443.076 115.791 630.387 179.485 168.648 122.016 240.43 75.1671 179.447 117.971 450.94 289.822 144.428 92.5527 368.698 51.8756 118.439 42.3846 78.3403 35.0187
internal_count=11110 8519 7319 5638 1681 3982 2124 1200 1656 630 1858 475 2591 725 680 495 1051 320 728 486 1863 1161 587 378 1515 209 475 170 321 141
is_linear=0
shrinkage=0.01


Tree=45
num_leaves=31
num_cat=0
split_feature=3 12 0 0 0 0 0 2 0 2 0 0 4 0 12 0 0 0 0 3 2 0 0 5 3 0 1 3 0 0
split_gain=488.531 59.7803 71.471 139.466 74.9581 74.109 67.4406 50.0067 45.6495 30.192 29.5563 23.7517 19.1689 17.9253 14.6122 14.169 12.7935 11.0691 19.3793 10.6323 10.7001 10.5531 9.12862 7.64242 8.02225 7.35527 6.72788 6.51786 6.4494 17.1194
threshold=102.50000000000001 1.9789033726770087 4643066.5000000009 4583097.5000000009 5494016.0000000009 4378387.5000000009 4487724.5000000009 145.50000000000003 4583097.5000000009 141.00000000000003 5498003.0000000009 4543160.0000000009 40.500000000000007 5556929.5000000009 1.9902329949527153 5496591.0000000009 4587374.0000000009 5491238.5000000009 5491476.0000000009 52.500000000000007 59.500000000000007 5556929.5000000009 4587555.5000000009 12.500000000000002 45.500000000000007 4587555.5000000009 701677527733.00012 3.5000000000000004 4380786.5000000009 4266293.0000000009
decision_type=2 2 2 2 2 2 2 2 2 2 2 2 2 2 2 2 2 2 2 2 2 2 2 2 2 2 2 2 2 2
left_child=12 2 3 5 17 7 -7 -2 11 16 -6 28 23 14 -10 19 -5 -4 -19 27 -21 -12 -11 -1 26 -16 -25 -14 29 -3
right_child=1 8 4 9 10 6 -8 -9 13 22 21 -13 15 -15 25 -17 -18 18 -20 20 -22 -23 -24 24 -26 -27 -28 -29 -30 -31
leaf_value=-0.012925710627477622 0.0058969005047921613 0.0048323758496026051 0.011753826260777414 -0.0079253535587214072 -0.0065761823308923949 0.013116316473301713 0.0044327515725002828 -0.0036012883302977716 -0.01029843150011466 -0.0080343806266881708 0.00048063354590353728 0.0099551313821750181 0.0027771390396594386 0.0075039741656655048 -0.0077509637208789057 -2.8752035438244124e-06 0.0024157403239115087 0.0010877654466204523 0.011402743973255089 -0.0047619793975377314 0.0072458244083995942 0.0064934480005402265 -0.0037225379364090616 -0.0042026051079561318 -0.0063139335874881422 -0.0022621826502413427 -0.011221450051927357 -0.0078628042210995772 0.0024225976195777687 -0.0097774886045307215
leaf_weight=58.995237678289413 81.452443644404411 14.335121735930441 164.65409022569656 13.445457488298414 35.9656151086092 105.01804095506668 602.89435374736786 173.50258846580982 50.134351059794426 62.640508696436882 53.192893102765083 35.062545955181122 5.8825785219669333 10.821095377206801 34.418002679944038 33.319436311721802 108.53403855860233 31.149262294173241 43.859742909669876 44.874377444386482 8.8913078457117063 64.684407517313957 227.13849893212318 15.525539413094519 77.994858801364899 83.99968384206295 113.45725558698177 270.5694879591465 48.096442699432373 18.207275882363319
leaf_count=249 335 58 731 54 144 438 2504 705 205 251 214 150 24 45 138 135 441 126 194 181 36 272 910 64 320 337 473 1109 194 73
internal_value=0 0.0023534 0.00304877 0.00197307 0.00680649 0.00405603 0.00572095 -0.000566829 -0.00181336 -0.00289776 0.00135901 0.00308399 -0.00771056 -0.00497231 -0.00577329 -0.00621796 0.00127587 0.0103033 0.00711921 -0.00684507 -0.00277623 0.00378013 -0.00465461 -0.00975066 -0.00884567 -0.00385749 -0.0103766 -0.0076364 9.63505e-05 -0.00334176
internal_weight=0 2063.21 1768.13 1374.63 393.506 962.867 707.912 254.955 295.075 411.759 153.843 115.701 629.51 179.373 168.552 363.537 121.979 239.663 75.009 330.218 53.7657 117.877 289.779 265.973 206.978 118.418 128.983 276.452 80.6388 32.5424
internal_count=11110 8519 7319 5638 1681 3982 2942 1040 1200 1656 630 475 2591 725 680 1485 495 1051 320 1350 217 486 1161 1106 857 475 537 1133 325 131
is_linear=0
shrinkage=0.01


Tree=46
num_leaves=31
num_cat=0
split_feature=3 12 0 0 0 0 0 0 2 0 0 0 4 0 12 3 12 0 0 0 0 1 0 0 4 12 3 3 12 1
split_gain=479.417 58.6488 70.3228 136.787 73.883 73.5552 64.2557 44.7716 29.593 29.0371 28.9791 23.3561 18.9035 17.5815 14.373 13.9908 13.371 12.5435 10.9556 19.1142 10.3686 9.10254 7.87841 10.8349 7.37618 7.25755 6.79409 6.55961 7.00439 6.60868
threshold=102.50000000000001 1.9789033726770087 4643066.5000000009 4583097.5000000009 5494016.0000000009 4505563.5000000009 4492123.5000000009 4583097.5000000009 141.00000000000003 4532379.5000000009 5498003.0000000009 4543160.0000000009 40.500000000000007 5556929.5000000009 1.9902329949527153 31.500000000000004 2.8663034647851817 4587374.0000000009 5491238.5000000009 5491476.0000000009 5556929.5000000009 4084856404488.5005 5498189.5000000009 5505757.0000000009 70.500000000000014 2.8785540309142892 3.5000000000000004 78.500000000000014 3.8790892017648528 3524617716296.5005
decision_type=2 2 2 2 2 2 2 2 2 2 2 2 2 2 2 2 2 2 2 2 2 2 2 2 2 2 2 2 2 2
left_child=12 2 3 5 18 6 -2 11 17 -7 -6 -3 27 14 -9 22 -17 -5 -4 -20 -12 -10 26 -24 -18 -16 -14 -1 29 -29
right_child=1 7 4 8 10 9 -8 13 21 -11 20 -13 15 -15 25 16 24 -19 19 -21 -22 -23 23 -25 -26 -27 -28 28 -30 -31
leaf_value=-0.010299419714077038 0.003578933279949242 9.5416571878976163e-05 0.011679962967708978 -0.0078493245511520645 -0.0065101014798632098 0.011820644058501709 -0.0043874012361587358 -0.010211010358475362 -0.0050883852944597777 0.0056502026833904042 0.0004758389208850907 0.0098809378469431417 0.002748330474055411 0.0074399447608634066 -0.0043519289566212992 0.0087882748212866971 0.0058200210159231602 0.0023922770679355894 0.0010770115800756866 0.011329107214374641 0.0064378365344577486 0.0019390682052091734 0.0080304170159015906 -0.010367738612923864 -0.0049248790492287687 0.00769240227648721 -0.0081305152532922219 -0.0081597391011940454 -0.015342571381388061 0.0012132673603678014
leaf_weight=228.9920276850462 382.46925593912601 80.612637504935265 164.04147078096867 13.43996140360832 35.967369496822357 97.991903409361839 137.70389832556248 50.058317705988884 269.96415109932423 343.95157526433468 53.19159235060215 34.973014906048775 5.8847872316837302 10.805161640048025 113.16646690666676 8.6037711203098279 6.85301350057125 108.50270600616932 31.145697847008705 43.704152926802635 64.591203808784485 19.782394528388977 7.4371418058872205 5.6195666044950485 94.338902533054352 5.2343357205390921 234.47363010048866 15.930007070302965 6.278559833765029 14.252820298075674
leaf_count=957 1572 325 731 54 144 426 552 205 1081 1432 214 150 24 45 454 35 28 441 126 194 272 80 30 23 382 21 963 65 26 58
internal_value=0 0.00233206 0.00302121 0.00195453 0.00675338 0.00401863 0.00147003 -0.0017966 -0.00286927 0.00701837 0.00134626 0.00305624 -0.00764378 -0.0049256 -0.00571874 -0.00616135 -0.00317964 0.00126349 0.0102334 0.00706312 0.00374535 -0.00460859 -0.00745321 0.000111908 -0.0041972 -0.00381947 -0.00786416 -0.00967215 -0.00573268 -0.00373365
internal_weight=0 2061.3 1766.45 1373.81 392.641 962.117 520.173 294.85 411.689 441.943 153.75 115.586 628.664 179.264 168.459 363.211 109.796 121.943 238.891 74.8499 117.783 289.747 253.415 13.0567 101.192 118.401 240.358 265.453 36.4614 30.1828
internal_count=11110 8519 7319 5638 1681 3982 2124 1200 1656 1858 630 475 2591 725 680 1485 445 495 1051 320 486 1161 1040 53 410 475 987 1106 149 123
is_linear=0
shrinkage=0.01


Tree=47
num_leaves=31
num_cat=0
split_feature=3 12 4 3 12 2 2 12 5 3 3 2 12 3 4 2 2 2 12 2 2 2 12 12 2 2 2 2 2 2
split_gain=470.488 57.5458 18.6393 13.7528 13.113 9.59871 55.3324 8.11393 7.55057 7.85467 7.34689 7.82911 8.61173 8.24383 7.23096 5.18176 4.71932 4.66445 4.02743 4.53848 3.94107 3.8554 3.44859 3.38953 3.19808 5.49903 3.09848 2.68518 2.62668 2.62272
threshold=102.50000000000001 1.9789033726770087 40.500000000000007 31.500000000000004 2.8663034647851817 79.500000000000014 141.00000000000003 1.9902329949527153 12.500000000000002 45.500000000000007 3.5000000000000004 29.500000000000004 2.91782434200594 10.500000000000002 70.500000000000014 16.500000000000004 52.500000000000007 88.500000000000014 3.8604065063727036 54.500000000000007 109.50000000000001 81.500000000000014 2.8743614219434188 1.9909035121068848 50.500000000000007 51.500000000000007 42.500000000000007 47.500000000000007 38.500000000000007 56.500000000000007
decision_type=2 2 2 2 2 2 2 2 2 2 2 2 2 2 2 2 2 2 2 2 2 2 2 2 2 2 2 2 2 2
left_child=2 5 8 10 -5 24 17 -3 -1 18 -4 13 -13 -12 -6 -11 -16 21 -10 -20 -19 -7 23 -9 26 -26 -2 -28 -17 -27
right_child=1 7 3 4 14 6 -8 22 9 15 11 12 -14 -15 16 28 -18 20 19 -21 -22 -23 -24 -25 25 29 27 -29 -30 -31
leaf_value=-0.012759551142071559 0.00027971975384665545 -0.0044864977744568327 0.0034206184945164832 0.0087090120585227668 0.005757092346369788 0.011698755591630184 0.0026139880754821915 0.0037107586427349887 -0.013691628034508808 -0.0044821012964114037 -0.0070012939496012453 -0.0081452205604696324 -0.0030877072782519309 -0.012547778423259459 -0.0058481616618858015 -0.011892106360550624 0.00027874681855415731 0.010738649316680511 -0.010083285474991767 -0.0035472396740236713 0.006266403324145609 0.0047387657063746565 0.0050840864668258833 -0.0013869140601659605 -0.0079536728303280547 0.0030100646515787456 0.0063862177510734123 0.0017298690555884769 -0.0039165603276039226 -0.00019708329060002532
leaf_weight=58.673523604869843 33.805060163140297 80.498649269342422 6.1369481533765784 8.5952975600957853 6.8586141616106024 9.9539817720651609 1372.2871812880039 14.00224821269512 26.430581733584404 54.175039798021317 55.333218261599541 83.074272394180298 56.610957860946655 51.962448224425316 79.362800315022469 18.307868629693989 14.93808877468109 92.708057448267937 89.968826398253441 12.046285927295683 25.022741258144379 39.708800837397575 9.6350209265947324 190.50591558218002 7.9096593409776679 34.329122960567474 26.419827833771706 23.31276747584343 5.3320628702640525 99.124744951725006
leaf_count=249 137 330 25 35 28 42 5695 57 110 222 228 341 231 215 322 76 60 392 377 50 106 167 39 774 32 140 108 95 22 405
internal_value=0 0.00231111 -0.00757775 -0.00610545 -0.00314902 0.0029942 0.00327608 -0.00177988 -0.0095943 -0.0086939 -0.0073874 -0.00765595 -0.00609554 -0.00968741 -0.00415657 -0.00618673 -0.00487761 0.00870393 -0.0102128 -0.00931149 0.00978811 0.00613377 -0.000762439 -0.00103789 0.00106444 0.000147748 0.00261567 0.0042035 -0.0100932 0.00062791
internal_weight=0 2059.22 627.807 362.873 109.755 1764.58 1539.68 294.642 264.934 206.261 253.118 246.981 139.685 107.296 101.16 77.815 94.3009 167.394 128.446 102.015 117.731 49.6628 214.143 204.508 224.901 141.364 83.5377 49.7326 23.6399 133.454
internal_count=11110 8519 2591 1485 445 7319 6402 1200 1106 857 1040 1015 572 443 410 320 382 707 537 427 498 209 870 831 917 577 340 203 98 545
is_linear=0
shrinkage=0.01


Tree=48
num_leaves=31
num_cat=0
split_feature=3 0 0 0 0 0 0 0 0 0 0 14 0 2 2 0 0 0 1 1 0 0 0 0 1 1 1 1 1 0
split_gain=461.677 57.2505 189.907 99.7921 88.6548 58.2533 52.1951 130.33 33.1275 26.9976 59.4386 18.1939 16.3081 15.348 15.0493 14.671 12.9285 26.3829 11.7551 10.6029 10.4049 9.35993 9.16252 17.0418 8.67284 8.61156 11.219 7.27512 6.78147 6.64421
threshold=102.50000000000001 4643066.5000000009 4583097.5000000009 5494016.0000000009 4505563.5000000009 5496965.5000000009 4492123.5000000009 4379747.0000000009 4587555.5000000009 4583087.5000000009 4583075.5000000009 2.9861197458070241 4493360.5000000009 55.500000000000007 145.50000000000003 4642662.5000000009 5556929.5000000009 5505757.0000000009 308877313997.50006 4084856404488.5005 4803689.5000000009 4549454.5000000009 5491238.5000000009 5491476.0000000009 415074950739.00006 2210220659170.5005 3784361549892.5005 308877331779.50006 701677516891.50012 5505757.0000000009
decision_type=2 2 2 2 2 2 2 2 2 2 2 2 2 2 2 2 2 2 2 2 2 2 2 2 2 2 2 2 2 2
left_child=11 2 4 13 6 -5 7 -2 18 10 -6 20 -8 -3 15 -10 17 -7 -4 -16 25 -13 -15 -24 -20 27 -27 -1 -29 -22
right_child=1 3 8 5 9 16 12 -9 14 -11 -12 21 -14 22 19 -17 -18 -19 24 -21 29 -23 23 -25 -26 26 -28 28 -30 -31
leaf_value=-0.010681842868857103 -0.0008736857327396795 -0.002339350447888449 0.0055233899473044303 -0.0081820672363370015 0.0070245579234101451 0.0039286184709112293 -0.0070916515044503583 0.010635301008761075 0.0010729154284083598 0.01440045661537368 -0.012209677543485817 -0.0061211447544344735 -0.00064836842989728083 0.011571971592288352 -0.0042917996875965654 -0.0092450550835782089 0.0065041186353972449 -0.011895749112150781 -0.019150013641599614 0.0038014026967431152 0.0021781169179522727 -0.0094357467104923369 0.001302743001555027 0.011234724391915528 -0.0076726594253965462 -0.0093284851623644562 0.00033559905141161998 0.0070291144227068369 -0.0029745345218809634 -0.008951920627581364
leaf_weight=9.4389730393886548 288.19540128111839 10.09088811278343 6.4731646925210944 58.767018258571625 418.76647165417671 45.376978412270546 73.585972428321838 149.4032072275877 164.40757328271866 45.271506085991859 16.707393869757652 114.41517812013626 84.262843683362007 162.57412241399288 209.55719985067844 15.041456952691076 75.242009893059731 13.721860915422438 6.9522041529417029 17.542851567268372 28.373550713062286 333.5783024430275 28.657712802290916 43.499169677495956 124.24960613250732 77.959081023931503 14.200550153851507 8.471197381615637 33.874010771512985 6.613728702068328
leaf_count=39 1175 41 26 237 1769 183 295 621 666 189 70 470 338 728 839 61 317 55 28 71 114 1393 116 194 500 321 57 34 136 27
internal_value=0 0.00228898 0.00142198 0.00549704 0.00385643 0.00012213 0.00127749 0.00305567 -0.00339209 0.00705069 0.00628662 -0.0075126 -0.0036521 0.0097366 -0.00195635 0.000208061 0.00375478 0.000254439 -0.00763179 -0.00366662 -0.00481705 -0.00858921 0.0102557 0.00729015 -0.00828083 -0.00600592 -0.00783938 -0.00274292 -0.000973295 7.41794e-05
internal_weight=0 2058.35 1620.42 437.93 1076.19 193.108 595.447 437.599 544.224 480.745 435.474 626.925 157.849 244.822 406.549 179.449 134.341 59.0988 137.675 227.1 178.931 447.993 234.731 72.1569 131.202 143.944 92.1596 51.7842 42.3452 34.9873
internal_count=11110 8519 6648 1871 4457 792 2429 1796 2191 2028 1839 2591 633 1079 1637 727 555 238 554 910 728 1863 1038 310 528 587 378 209 170 141
is_linear=0
shrinkage=0.01


Tree=49
num_leaves=31
num_cat=0
split_feature=3 0 0 0 0 0 0 0 0 0 0 4 0 2 2 14 0 0 0 1 1 14 0 0 1 5 3 2 1 1
split_gain=453.102 56.3073 186.266 98.2602 87.1204 57.1271 51.1744 128.05 32.489 26.6084 58.2741 18.2431 15.9757 15.1225 14.753 14.5836 13.6686 12.6994 25.87 11.527 10.3934 10.0144 9.07269 16.8149 8.51686 7.48848 7.75502 7.05941 6.81455 6.67621
threshold=102.50000000000001 4643066.5000000009 4583097.5000000009 5494016.0000000009 4505563.5000000009 5496965.5000000009 4492123.5000000009 4379747.0000000009 4587555.5000000009 4583087.5000000009 4583075.5000000009 40.500000000000007 4493360.5000000009 55.500000000000007 145.50000000000003 1.9958625644941275 5496591.0000000009 5556929.5000000009 5505757.0000000009 308877313997.50006 4084856404488.5005 2.9631345321655478 5491238.5000000009 5491476.0000000009 415074950739.00006 12.500000000000002 45.500000000000007 6.5000000000000009 2177228743277.0002 701677527733.00012
decision_type=2 2 2 2 2 2 2 2 2 2 2 2 2 2 2 2 2 2 2 2 2 2 2 2 2 2 2 2 2 2
left_child=11 2 4 13 6 -5 7 -2 19 10 -6 25 -8 -3 15 -10 21 18 -7 -4 -16 -13 -15 -24 -21 -1 29 -23 -29 -27
right_child=1 3 8 5 9 17 12 -9 14 -11 -12 16 -14 22 20 -17 -18 -19 -20 24 -22 27 23 -25 -26 26 -28 28 -30 -31
leaf_value=-0.012609034154696231 -0.00086485303720551477 -0.0023160076720632537 0.0054668606971075449 -0.0081033650443951086 0.0069654794747509375 0.0038903012686863276 -0.0070185566406970349 0.010550427946181849 0.0027185713475114033 0.014299369591806818 -0.012056736168153486 0.0076386657682023344 -0.00064186375350202575 0.011500181331488 -0.0042494501451825397 -0.0030286116695603911 0.00011805320736870412 0.0064485884093898917 -0.011783232367003625 -0.018978086673050711 0.0037649542369338871 -0.0023386239792600829 0.0012898986299042163 0.011163060260482629 -0.0075987647679656295 -0.0038955784814793588 -0.0060566350870504635 -0.0054324499712368451 -0.0085511447858413834 -0.010909343644016091
leaf_weight=58.363291785120964 288.2272584438324 10.090667739510534 6.4746907353401175 58.744514688849449 418.09847183525562 45.36573226749897 73.608693659305573 149.10055246949196 100.99287614226341 45.136307060718536 16.749919757246971 4.8605531454086295 84.265569135546684 161.95620599389076 209.52930372953415 78.449553921818733 33.26216633617878 75.131588697433472 13.714397609233854 6.9450690001249304 17.535593301057816 31.679081276059151 28.65366818010807 43.341431945562363 124.20352602005005 15.4333468824625 77.621795073151588 116.47445818781853 175.83334636688232 112.49725177884102
leaf_count=249 1175 41 26 237 1769 183 295 621 411 189 70 20 338 728 839 316 135 317 55 28 71 130 116 194 500 64 320 476 724 473
internal_value=0 0.00226838 0.00140875 0.00545377 0.00382149 0.000121016 0.00126526 0.00302702 -0.00335876 0.00699132 0.00623276 -0.00744822 -0.00361499 0.00967022 -0.00193699 0.000205989 -0.00599086 0.00372083 0.00025197 -0.00755832 -0.00363052 -0.00660876 0.0101872 0.00723359 -0.00820137 -0.00944781 -0.00855023 -0.00682251 -0.00730845 -0.0100632
internal_weight=0 2056.32 1619.32 436.998 1075.19 192.956 595.202 437.328 544.131 479.985 434.848 626.025 157.874 244.042 406.507 179.442 362.11 134.212 59.0801 137.623 227.065 328.847 233.951 71.9951 131.149 263.916 205.552 323.987 292.308 127.931
internal_count=11110 8519 6648 1871 4457 792 2429 1796 2191 2028 1839 2591 633 1079 1637 727 1485 555 238 554 910 1350 1038 310 528 1106 857 1330 1200 537
is_linear=0
shrinkage=0.01


Tree=50
num_leaves=31
num_cat=0
split_feature=3 0 0 0 0 0 0 0 0 0 0 14 0 12 12 0 0 0 0 0 1 1 0 6 1 1 1 0 1 12
split_gain=444.676 55.3797 182.701 96.755 85.6144 56.024 50.1744 125.816 31.8616 26.2294 57.1351 17.8079 15.6507 14.956 14.4611 14.3662 12.4744 25.3684 11.6879 17.2977 11.3037 10.1881 10.0852 9.32574 8.38707 11.0586 8.36678 8.23728 7.15812 6.74171
threshold=102.50000000000001 4643066.5000000009 4583097.5000000009 5494016.0000000009 4505563.5000000009 5496965.5000000009 4492123.5000000009 4379747.0000000009 4587555.5000000009 4583087.5000000009 4583075.5000000009 2.9861197458070241 4493360.5000000009 1.9915744832887996 1.9201131192834737 4642662.5000000009 5556929.5000000009 5505757.0000000009 5491238.5000000009 5491476.0000000009 308877313997.50006 4084856404488.5005 4803689.5000000009 90.000000000000014 2210220659170.5005 3784361549892.5005 415074950739.00006 4549454.5000000009 308877331779.50006 2.9322243889625508
decision_type=2 2 2 2 2 2 2 2 2 2 2 2 2 2 2 2 2 2 2 2 2 2 2 2 2 2 2 2 2 2
left_child=11 2 4 13 6 -5 7 -2 20 10 -6 22 -8 18 21 -16 17 -7 -3 -20 -4 -10 24 -13 28 29 -22 -25 -1 -26
right_child=1 3 8 5 9 16 12 -9 14 -11 -12 23 -14 -15 15 -17 -18 -19 19 -21 26 -23 -24 27 25 -27 -28 -29 -30 -31
leaf_value=-0.010555470548136806 -0.00085611053419552146 0.011492732316051173 0.0054110038234411566 -0.0080256509559629534 0.0069069636750987221 0.0038523776445790843 -0.0069464102508095009 0.01046662355531692 -0.0042075510161197951 0.014200091122767423 -0.011906928446272978 -0.011522329356465345 -0.00063542491135799091 -0.0063877038828087235 0.0010599904358647961 -0.0091512504810058719 0.0063935791723082162 -0.011672534869183864 0.0010207972176591409 0.010777000334037458 -0.018810891636178714 0.0037288662898718877 9.9572962127333927e-05 -0.0053345499071373184 -0.01015856440829316 0.00041502190703540404 -0.0075257716238577143 -0.0086962198481716612 -0.00091399566460368526 -0.00029283382357154516
leaf_weight=9.4125244468450529 288.25869083404541 162.75179868936539 6.476104959845542 58.720337763428688 417.42756070196629 45.354259431362152 73.629367798566818 148.7929702103138 209.4997895359993 44.998046934604645 16.790845096111298 80.970012336969376 84.268249958753586 5.7105804979801169 164.35626922547817 15.038642957806585 75.020786702632904 13.706055879592894 31.126042574644089 43.669424712657928 6.9367709457874289 17.528284758329391 34.97699673473835 100.55047136545181 70.04809458553791 14.196592956781386 124.15435452759266 264.97974760830402 42.332827791571617 7.6865244358777991
leaf_count=39 1175 734 26 237 1769 183 295 621 839 189 70 348 338 23 666 61 317 55 126 196 28 71 141 412 290 57 500 1103 170 31
internal_value=0 0.00224804 0.00139569 0.00541097 0.00378692 0.000119915 0.00125317 0.00299868 -0.00332603 0.00693258 0.00617945 -0.00738408 -0.00357831 0.00960456 -0.00191802 0.000203984 0.00368724 0.00024953 0.00998901 0.00671697 -0.00748581 -0.0035948 -0.00471589 -0.00845168 -0.00588817 -0.00770083 -0.00812293 -0.00777149 -0.00266779 -0.00918303
internal_weight=0 2054.22 1618.16 436.059 1074.17 192.801 594.949 437.052 543.99 479.216 434.218 625.154 157.898 243.258 406.423 179.395 134.081 59.0603 237.547 74.7955 137.567 227.028 178.654 446.5 143.677 91.9312 131.091 365.53 51.7454 77.7346
internal_count=11110 8519 6648 1871 4457 792 2429 1796 2191 2028 1839 2591 633 1079 1637 727 555 238 1056 322 554 910 728 1863 587 378 528 1515 209 321
is_linear=0
shrinkage=0.01


Tree=51
num_leaves=31
num_cat=0
split_feature=3 0 0 0 0 0 0 0 0 0 0 4 0 2 2 13 0 0 0 0 0 1 1 3 2 1 5 3 1 1
split_gain=436.44 54.4705 179.204 95.277 84.1362 54.9433 49.1946 123.625 31.2511 25.8603 56.0208 17.8368 15.333 14.7157 14.1765 14.2822 13.3113 12.2534 24.8777 11.5716 17.0603 11.0851 9.9869 9.87528 10.0806 8.22229 7.39811 7.64106 6.59133 6.38948
threshold=102.50000000000001 4643066.5000000009 4583097.5000000009 5494016.0000000009 4505563.5000000009 5496965.5000000009 4492123.5000000009 4379747.0000000009 4587555.5000000009 4583087.5000000009 4583075.5000000009 40.500000000000007 4493360.5000000009 12.500000000000002 145.50000000000003 1.9917422544610084 5496591.0000000009 5556929.5000000009 5505757.0000000009 5491238.5000000009 5491476.0000000009 308877313997.50006 4084856404488.5005 52.500000000000007 59.500000000000007 415074950739.00006 12.500000000000002 45.500000000000007 701677527733.00012 3704300936374.0005
decision_type=2 2 2 2 2 2 2 2 2 2 2 2 2 2 2 2 2 2 2 2 2 2 2 2 2 2 2 2 2 2
left_child=11 2 4 13 6 -5 7 -2 21 10 -6 26 -8 -3 15 -10 23 18 -7 -15 -21 -4 -16 -13 -25 -23 -1 28 -28 -18
right_child=1 3 8 5 9 17 12 -9 14 -11 -12 16 -14 19 22 -17 29 -19 -20 20 -22 25 -24 24 -26 -27 27 -29 -30 -31
leaf_value=-0.012455218377822031 -0.00084745791291030727 -0.0063268926337377443 0.0053558088146197841 -0.0079489035157269197 0.0068490020170689815 0.0038148418267360622 -0.0068751921397685392 0.010383862079785726 0.0026890245791827746 0.014102565063114936 -0.011760148637826855 -0.0072573601768703335 -0.00062905081788520881 0.011422220310256102 -0.0041660969234580394 -0.0029992517773891267 -0.0018381893217211251 0.0063390826441649109 -0.011563603845515804 0.0010107016926891102 0.010707169761387974 -0.018648243583657735 0.0036931355563426106 -0.0044963039580993508 0.0071702288810001685 -0.0074536609068428638 -0.003781360828389355 -0.0059329303725644466 -0.010759533417237559 0.0098165585188030209
leaf_weight=58.026759073138237 288.28970152139664 5.7078273743391028 6.4774103164672843 58.694542557001114 416.7539529800415 45.342569127678871 73.648054212331772 148.48066136240959 100.95441448688507 44.856845900416374 16.830209389328957 274.48481917381287 84.270887240767479 162.12210291624069 209.46871039271355 78.433243528008461 27.57459619641304 74.909636557102203 13.69686323404312 31.12259541451931 43.515459954738617 6.9273465871810904 17.520928055047989 44.763828560709953 8.8746867030858976 124.10219387710094 15.396869063377379 77.433727517724037 111.99512182176113 5.671394318342208
leaf_count=249 1175 23 26 237 1769 183 295 621 411 189 70 1133 338 734 839 316 112 317 55 126 196 28 71 181 36 500 64 320 473 23
internal_value=0 0.00222787 0.00138274 0.00536864 0.00375272 0.000118824 0.00124121 0.00297064 -0.00329342 0.00687445 0.00612666 -0.00732123 -0.00354204 0.00953967 -0.00189905 0.000201953 -0.00587954 0.00365399 0.000247117 0.00992218 0.00666393 -0.00741422 -0.00355946 -0.00649047 -0.00256603 -0.0080455 -0.00930325 -0.0084103 -0.00991614 0.00014998
internal_weight=0 2052.13 1617.01 435.112 1073.13 192.644 594.689 436.77 543.884 478.441 433.584 624.222 157.919 242.468 406.377 179.388 361.369 133.949 59.0394 236.76 74.6381 137.507 226.99 328.123 53.6385 131.03 262.852 204.826 127.392 33.246
internal_count=11110 8519 6648 1871 4457 792 2429 1796 2191 2028 1839 2591 633 1079 1637 727 1485 555 238 1056 322 554 910 1350 217 528 1106 857 537 135
is_linear=0
shrinkage=0.01


Tree=52
num_leaves=31
num_cat=0
split_feature=3 0 0 0 0 0 0 0 0 0 0 4 0 2 2 0 0 0 0 12 0 0 0 5 3 2 3 2 5 3
split_gain=428.351 53.5764 175.779 93.8245 82.6852 53.8848 48.2345 121.478 30.651 25.5006 54.9305 17.5971 15.0225 14.5155 13.8963 14.0684 13.0715 12.0362 24.3976 9.88512 9.81966 8.79087 16.1554 7.32964 8.50243 6.98181 6.65427 6.18029 5.35229 5.07599
threshold=102.50000000000001 4643066.5000000009 4583097.5000000009 5494016.0000000009 4505563.5000000009 5496965.5000000009 4492123.5000000009 4379747.0000000009 4587555.5000000009 4583087.5000000009 4583075.5000000009 40.500000000000007 4493360.5000000009 55.500000000000007 145.50000000000003 4642662.5000000009 5496591.0000000009 5556929.5000000009 5505757.0000000009 2.8568631541164176 4589803.5000000009 5491238.5000000009 5491476.0000000009 41.500000000000007 45.500000000000007 6.5000000000000009 52.500000000000007 28.500000000000004 51.500000000000007 65.500000000000014
decision_type=2 2 2 2 2 2 2 2 2 2 2 2 2 2 2 2 2 2 2 2 2 2 2 2 2 2 2 2 2 2
left_child=11 2 4 13 6 -5 7 -2 -4 10 -6 23 -8 -3 15 -10 19 18 -7 -13 -16 -15 -23 -1 28 -21 -26 -27 -25 -18
right_child=1 3 8 5 9 17 12 -9 14 -11 -12 16 -14 21 20 -17 29 -19 -20 25 -22 22 -24 24 26 27 -28 -29 -30 -31
leaf_value=-0.011226827554951847 -0.00083889370979551127 -0.0022702938592107764 -0.0073435371526771164 -0.0078731028877593624 0.0067915850793399072 0.0037776898846147945 -0.0068048845550753613 0.010302116765642997 0.0010472400044903272 0.014006738388490338 -0.011616295410520172 0.0077260407168440563 -0.00062274097729101048 0.011289065836865239 0.0023967230877242371 -0.0090588201035105443 -0.0017267308727948343 0.0062850912491566272 -0.011456386924980022 -0.0021804737522708117 -0.0042552147016807033 0.0012571478569079781 0.010956864860426322 -0.0016040369679031375 0.0058359244143443532 -0.0087110148370466694 -0.0059084629740456399 -0.0057881134814881906 -0.010383180224901551 0.0082912572626341139
leaf_weight=108.07404826581478 288.32030120491982 10.082360342144964 137.44258195161819 58.667182236909866 416.07787011563778 45.3306695073843 73.664805516600609 148.16383044421673 164.30475930869579 44.712816789746284 16.868051275610924 4.8580321073532096 84.27348130941391 160.07613654434681 24.930891200900078 15.03514790534973 27.0201056599617 74.798168942332268 13.68684710562229 31.593926832079887 202.01875227689743 28.643250644207001 42.872605845332146 7.5437608361244193 5.2979083806276313 133.71688635647297 53.972937643527985 157.60275536775589 87.405639514327049 6.2225535809993735
leaf_count=463 1175 41 554 237 1769 183 295 621 666 189 70 20 338 728 100 61 110 317 55 130 810 116 194 32 22 553 222 647 367 25
internal_value=0 0.00220796 0.00136996 0.00532674 0.00371887 0.000117745 0.00122938 0.0029429 -0.0032614 0.00681693 0.00607439 -0.0072587 -0.00350619 0.00947547 -0.00188047 0.000199988 -0.00582651 0.00362108 0.000244731 -0.00643249 -0.00352449 0.00998682 0.00707197 -0.00922992 -0.00783054 -0.0066455 -0.00485869 -0.00712974 -0.00968567 0.000148494
internal_weight=0 2049.97 1615.81 434.157 1072.08 192.483 594.422 436.484 543.732 477.659 432.946 623.309 157.938 241.674 406.29 179.34 361.014 133.816 59.0175 327.772 226.95 231.592 71.5159 262.294 154.22 322.914 59.2708 291.32 94.9494 33.2427
internal_count=11110 8519 6648 1871 4457 792 2429 1796 2191 2028 1839 2591 633 1079 1637 727 1485 555 238 1350 910 1038 310 1106 643 1330 244 1200 399 135
is_linear=0
shrinkage=0.01


Tree=53
num_leaves=31
num_cat=0
split_feature=3 2 0 0 0 0 0 2 0 0 2 0 4 0 0 1 0 0 0 1 0 1 0 0 2 3 12 12 0 0
split_gain=420.504 61.9765 66.2222 122.409 68.1826 64.3034 63.3795 47.6101 36.9788 28.1491 25.4873 22.5358 17.633 13.0799 12.6248 11.9964 10.5345 10.352 17.413 9.0201 13.5011 8.69516 8.24157 6.46168 9.92475 6.19387 10.4937 7.92701 6.80235 13.0629
threshold=84.500000000000014 42.500000000000007 4643066.5000000009 4583097.5000000009 4378387.5000000009 5496520.5000000009 4487724.5000000009 145.50000000000003 4583097.5000000009 5556929.5000000009 141.00000000000003 4543160.0000000009 40.500000000000007 5498003.0000000009 5505757.0000000009 1955683364938.0002 5496591.0000000009 5491238.5000000009 5491476.0000000009 3289799696217.0005 4642662.5000000009 1514623711367.0002 4587555.5000000009 5505757.0000000009 40.500000000000007 46.500000000000007 2.8862701996789428 2.9599571438509842 4494768.0000000009 4489933.0000000009
decision_type=2 2 2 2 2 2 2 2 2 2 2 2 2 2 2 2 2 2 2 2 2 2 2 2 2 2 2 2 2 2
left_child=12 8 3 4 7 17 -6 -3 11 14 15 -2 -1 19 -7 -5 25 -4 -19 21 -21 -10 -12 24 -18 28 -27 -28 29 -14
right_child=1 2 5 10 6 9 -8 -9 13 -11 22 -13 16 -15 -16 -17 23 18 -20 20 -22 -23 -24 -25 -26 26 27 -29 -30 -31
leaf_value=-0.0095920577728010707 -0.00020437300216229613 0.0061235834076008343 0.01121567876387616 0.0049099688535377958 0.012601978938148434 -0.00068380411886025106 0.0041224271676720062 -0.0035836398784945206 -0.0038464662935543121 0.0064268767293051351 -0.0075904378167608536 0.0086395642950274319 -0.0076018063798515799 0.0048086884840969155 -0.011240276095242209 -0.0018384982788475018 -0.0029149021654633297 0.00099105124040483141 0.010744707755125845 1.4149029856428806e-05 -0.0096060970950869011 -0.009217813233868272 -0.003489601075841421 -0.0090234818748718814 0.010245279996115218 0.0052524872624199513 -0.0076836738049138233 0.003915968314335245 -0.0082951289689573299 0.0012555470282922519
leaf_weight=238.64047437906265 104.79065471887589 71.277462795376778 160.86714600026608 50.123244062066078 103.38007070124149 72.366903945803642 598.17194621264935 173.53903925418854 56.728888332843781 63.994962379336357 62.507012218236923 39.738845512270927 51.529298305511475 14.6316941678524 13.43150022625923 55.518110230565071 15.97976733744145 31.115727618336678 44.453034520149231 59.343377992510796 19.342982441186905 64.295305550098419 226.92634615302086 7.0766684561967841 8.9346010386943799 10.875530257821081 35.442059397697449 7.0659828633069983 183.57285302877426 24.599466696381569
leaf_count=1011 424 294 734 205 438 291 2506 705 229 272 251 171 213 61 54 225 65 126 201 239 79 262 910 29 36 44 144 29 761 101
internal_value=0 0.00209962 0.00288511 0.00183458 0.00378635 0.00653378 0.00537197 -0.000757416 -0.00168185 0.00140747 -0.00284074 0.0022273 -0.00750205 -0.00431777 -0.00233639 0.00136342 -0.00605669 0.00978154 0.0067286 -0.00498641 -0.00235074 -0.00670005 -0.00437523 -0.000590733 0.0018045 -0.0066152 -0.00351291 -0.0057555 -0.0072529 -0.00473973
internal_weight=0 2086.54 1727.67 1341.44 946.369 386.229 701.552 244.817 358.872 149.793 395.075 144.53 583.717 214.342 85.7984 105.641 345.076 236.436 75.5688 199.711 78.6864 121.024 289.433 31.991 24.9144 313.085 53.3836 42.508 259.702 76.1288
internal_count=11110 8677 7212 5534 3943 1678 2944 999 1465 617 1591 595 2433 870 345 430 1422 1061 327 809 318 491 1161 130 101 1292 217 173 1075 314
is_linear=0
shrinkage=0.01


Tree=54
num_leaves=31
num_cat=0
split_feature=3 12 5 3 2 1 1 1 1 12 4 1 2 4 1 1 1 1 1 5 12 12 2 6 1 1 12 2 12 1
split_gain=412.793 51.8768 17.2464 18.2676 15.5043 11.6446 27.8816 17.7034 9.35471 7.57211 7.48431 6.67783 6.48596 5.97925 5.63604 5.49933 11.9371 7.35295 5.1099 5.106 5.02549 4.97064 4.66236 4.40893 4.35263 5.03295 4.86224 4.31132 3.65929 3.47549
threshold=102.50000000000001 1.9789033726770087 41.500000000000007 31.500000000000004 58.500000000000007 215631315806.50003 415074950739.00006 632859018023.50012 3743724186784.5005 1.9902329949527153 88.500000000000014 701677527733.00012 4.5000000000000009 30.500000000000004 215631319538.00003 2753137481126.5005 1514623711367.0002 1861025321733.5002 308877331779.50006 51.500000000000007 2.8610968957257561 2.8805303471342789 29.500000000000004 22.500000000000004 2753137508681.5005 2753137493351.0005 1.9909035121068848 80.500000000000014 2.9254358709643182 308877319416.50006
decision_type=2 2 2 2 2 2 2 2 2 2 2 2 2 2 2 2 2 2 2 2 2 2 2 2 2 2 2 2 2 2
left_child=2 5 10 11 12 27 29 -8 -9 -3 23 14 -5 19 -4 16 18 -18 -11 -13 -6 -22 -15 -1 25 -17 -26 -2 -16 -7
right_child=1 9 3 4 20 6 7 8 -10 15 -12 13 -14 22 28 24 17 -19 -20 -21 21 -23 -24 -25 26 -27 -28 -29 -30 -31
leaf_value=-0.012869772430699221 -0.0016293682096542889 -0.0043430992311760935 -0.012598609045817355 0.0028974875519506282 0.013470656694285672 0.00031495958502207204 0.0093501237715764244 0.0031409154810786051 0.00084743415493730343 -0.0038024532533352186 0.0019776385615928888 -0.0024127566678496829 -0.0052334421310306712 -0.0093162350190600235 0.0028862738963593283 0.00055697732723104679 -0.016074223079108736 -0.0048187553375055297 0.0020800628663194009 -0.011669144939136483 -0.0028440317784768319 0.009796910836537465 -0.0061766695445359902 -0.0091615143365618556 0.0082861248408011932 0.014300940094976103 -0.00045193515352650259 0.0081639419335405982 -0.0043750771966810896 -0.0034269756760447073
leaf_weight=55.567018583416939 4.9282176196575156 80.096912249922752 6.7480593919754019 10.541260838508604 5.1055237501859692 37.403878092765808 42.877855226397514 1336.9879892915487 205.1305163949728 22.895955190062523 4.804123878479003 6.5777505636215201 141.52920709550381 77.49718564748764 9.0152820944786054 5.8768831938505155 7.5706378668546668 24.87378117442131 41.590871810913086 63.385995700955391 8.4518823325633985 4.9222775846719733 121.39348791539669 75.797278597950935 6.8056322336196891 4.8742068111896515 99.039274126291275 51.163868755102158 30.149004086852074 73.784897282719612
leaf_count=242 20 330 28 43 21 156 182 5585 855 94 20 28 580 322 37 24 31 101 169 268 34 20 501 322 28 20 403 213 125 308
internal_value=0 0.0021689 -0.00713686 -0.00625447 -0.00361877 0.00282073 0.00267249 0.00301207 0.00283584 -0.00172111 -0.0102818 -0.00768258 -0.00466982 -0.00828448 -0.00415792 -0.000737564 -0.00249767 -0.00744513 -8.51602e-06 -0.0107989 0.00503041 0.00180839 -0.00739999 -0.0107301 0.000725685 0.00678806 0.000109906 0.00730351 -0.00270358 -0.00216819
internal_weight=0 2045.9 621.485 485.317 170.55 1752.28 1696.19 1585 1542.12 293.624 136.168 314.767 152.07 268.854 45.9123 213.527 96.9312 32.4444 64.4868 69.9637 18.4797 13.3742 198.891 131.364 116.596 10.7511 105.845 56.0921 39.1643 111.189
internal_count=11110 8519 2591 2007 698 7319 7086 6622 6440 1200 584 1309 623 1119 190 870 395 132 263 296 75 54 823 564 475 44 431 233 162 464
is_linear=0
shrinkage=0.01


Tree=55
num_leaves=31
num_cat=0
split_feature=12 0 0 0 0 0 0 0 0 0 0 12 0 1 1 1 12 0 0 0 1 0 1 0 0 0 1 1 1 13
split_gain=404.198 54.3008 174.378 88.3307 79.9938 52.5311 48.3236 117.118 30.898 25.292 55.77 16.0934 14.4926 13.2526 16.0023 13.2416 13.1394 11.491 25.3171 9.12413 11.2323 9.58522 8.65396 8.64282 15.7531 8.55076 12.2848 8.53794 7.88695 6.64406
threshold=2.8610968957257561 4643066.5000000009 4583097.5000000009 5494016.0000000009 4505563.5000000009 5496965.5000000009 4492123.5000000009 4379747.0000000009 4587555.5000000009 4583087.5000000009 4583075.5000000009 3.8994890641080384 4493360.5000000009 1473615205230.5002 3062739739081.0005 453453640836.50006 1.9631289435398596 5556929.5000000009 5505757.0000000009 5496591.0000000009 3704300955882.0005 4583097.5000000009 308877313997.50006 5491238.5000000009 5491476.0000000009 4489933.0000000009 701677502911.50012 3475289731815.0005 415074950739.00006 2.9698742379433534
decision_type=2 2 2 2 2 2 2 2 2 2 2 2 2 2 2 2 2 2 2 2 2 2 2 2 2 2 2 2 2 2
left_child=1 2 4 16 6 -5 7 -1 22 10 -6 19 -8 15 -15 -10 23 18 -7 21 27 25 -4 -3 -25 -2 -27 -21 -24 -23
right_child=11 3 8 5 9 17 12 -9 13 -11 -12 -13 -14 14 -16 -17 -18 -19 -20 20 -22 29 28 24 -26 26 -28 -29 -30 -31
leaf_value=-0.00080750340664415357 -0.0069242186695345201 0.011135744003074164 0.0043108302014456977 -0.0078072425206272 0.0066766845256346023 0.003943852560419207 -0.0067966011788466313 0.010144323473344518 -0.0047797033272380047 0.013866064616826027 -0.011737715963649972 -0.0093727085548577609 -0.00071555787396479628 -0.0060213032768585834 -0.0011282713040197292 0.0025259517153256067 -0.0013381357572681989 0.0062426698768573265 -0.011447800466123941 -0.00069051528072385654 0.01199489331684082 -0.0054676742673254435 -0.01839206875162919 0.0012063194131119311 0.010802646396297308 0.010209585866408777 -0.0034018847137904308 -0.012380755425586523 -0.0074109646820447505 -0.0089767757263949453
leaf_weight=288.23160655796528 70.341981545090675 158.65148384869099 5.9775807112455359 57.099552616477013 415.9403605312109 46.030877783894539 73.666813880205154 147.67323103547096 33.239482328295708 44.491593033075333 17.124082282185555 203.31762912869453 83.743912175297737 115.63177669048309 158.39599785208702 97.828878700733185 11.025890022516249 75.031366556882858 13.917967125773428 26.025740832090378 5.4211844503879538 85.405337288975716 6.9081386029720298 28.626599714159966 42.507450640201569 7.3430373519659033 68.351816490292549 8.2209497988224012 122.9324441999197 146.52741856873035
leaf_count=1175 290 728 24 231 1774 186 295 622 134 189 71 868 336 466 638 395 45 319 56 106 22 349 28 116 194 30 280 34 496 613
internal_value=0 0.00214662 0.00130207 0.00529114 0.00363976 0.000233314 0.00118771 0.00290269 -0.00332597 0.00668619 0.00594855 -0.0070654 -0.00356143 -0.00194209 -0.00319299 0.000673207 0.00932545 0.00363464 0.000370464 -0.00594213 -0.00137961 -0.00642097 -0.0074536 0.00983712 0.00694078 -0.00441408 -0.00208146 -0.00349677 -0.00799521 -0.00768461
internal_weight=0 2044.68 1611.79 432.891 1070.87 192.08 593.316 435.905 540.914 477.556 433.064 620.955 157.411 405.096 274.028 131.068 240.811 134.98 59.9488 417.637 39.6679 377.97 135.818 229.786 71.1341 146.037 75.6949 34.2467 129.841 231.933
internal_count=11110 8518 6643 1875 4462 792 2428 1797 2181 2034 1845 2592 631 1633 1104 529 1083 561 242 1724 162 1562 548 1038 310 600 310 140 524 962
is_linear=0
shrinkage=0.01


Tree=56
num_leaves=31
num_cat=0
split_feature=3 2 0 0 0 0 0 2 0 0 2 0 4 0 0 1 0 0 0 1 0 1 1 0 2 3 12 12 0 0
split_gain=398.01 58.5466 64.2661 117.85 65.7689 62.5449 61.9196 46.7011 35.5688 27.096 24.9529 22.0261 17.0527 12.6035 12.174 11.7116 10.1742 16.987 10.1467 8.82685 13.2237 8.39574 8.18946 6.29339 9.70842 5.99158 10.1244 7.8075 6.62648 12.7323
threshold=84.500000000000014 42.500000000000007 4643066.5000000009 4583097.5000000009 4378387.5000000009 5496520.5000000009 4487724.5000000009 145.50000000000003 4583097.5000000009 5556929.5000000009 141.00000000000003 4543160.0000000009 40.500000000000007 5498003.0000000009 5505757.0000000009 1955683364938.0002 5491238.5000000009 5491476.0000000009 5496591.0000000009 3289799696217.0005 4642662.5000000009 1514623711367.0002 4084856404488.5005 5505757.0000000009 40.500000000000007 46.500000000000007 2.8862701996789428 2.9599571438509842 4494768.0000000009 4489933.0000000009
decision_type=2 2 2 2 2 2 2 2 2 2 2 2 2 2 2 2 2 2 2 2 2 2 2 2 2 2 2 2 2 2
left_child=12 8 3 4 7 16 -6 -3 11 14 15 -2 -1 19 -7 -5 -4 -18 25 21 -21 -10 -12 24 -20 28 -27 -28 29 -14
right_child=1 2 5 10 6 9 -8 -9 13 -11 22 -13 18 -15 -16 -17 17 -19 23 20 -22 -23 -24 -25 -26 26 27 -29 -30 -31
leaf_value=-0.0093811324227149745 -0.00020024522056560844 0.0060525137569983649 0.011064993068133983 0.0048553909143786208 0.01242430909378664 -0.00068942814777710431 0.0040192465164263112 -0.0035661213915568245 -0.0037708682911026161 0.0062963064488748815 -0.0047866195700130556 0.0085538794486148505 -0.0074232911747736767 0.0047460401773369333 -0.011062435923222296 -0.0018142967568464665 0.00094308939553795768 0.010594757101246313 -0.0028355557128043264 6.9463570250914003e-05 -0.0094608544555403896 -0.0090531735596251182 0.0018818149022080436 -0.0088645991820285805 0.010185634921273589 0.0052214157380936444 -0.0075137094575995966 0.0040071331107383633 -0.008105039910144201 0.0013302921977898137
leaf_weight=237.05517020821571 104.74154081940651 71.176899135112762 159.43428534269333 50.067206814885139 102.74313566088676 72.340308263897896 596.60257066786289 173.57455243170261 56.680234029889107 63.753487378358841 269.60838201642036 39.611216738820076 51.338907420635223 14.603817358613012 13.411821231245993 55.523698791861534 31.098686620593071 44.085785806179047 15.962082147598272 59.314076125621796 19.295488879084587 64.137231543660164 19.766749128699303 7.0548351109027854 8.9289471805095655 10.865499645471571 35.363952279090881 7.0558837950229636 182.80276384949684 24.567922547459602
leaf_count=1011 424 294 734 205 438 291 2506 705 229 272 1081 171 213 61 54 225 126 201 65 239 79 262 80 29 36 44 144 29 761 101
internal_value=0 0.00204333 0.00280815 0.00177382 0.00369265 0.00641385 0.00525406 -0.000768897 -0.00163413 0.00135895 -0.00281279 0.00220194 -0.00731752 -0.00422136 -0.00231179 0.00134822 0.00963498 0.00660252 -0.00589521 -0.00487803 -0.00226985 -0.00657504 -0.00433111 -0.000527538 0.00183543 -0.00644482 -0.00339131 -0.0055974 -0.00707374 -0.00459012
internal_weight=0 2081.57 1723.19 1339.06 944.097 384.124 699.346 244.751 358.384 149.506 394.966 144.353 580.996 214.031 85.7521 105.591 234.619 75.1845 343.941 199.427 78.6096 120.817 289.375 31.9459 24.891 311.995 53.2853 42.4198 258.71 75.9068
internal_count=11110 8677 7212 5534 3943 1678 2944 999 1465 617 1591 595 2433 870 345 430 1061 327 1422 809 318 491 1161 130 101 1292 217 173 1075 314
is_linear=0
shrinkage=0.01


Tree=57
num_leaves=31
num_cat=0
split_feature=12 0 0 0 0 0 0 0 0 0 0 5 2 0 0 0 0 0 0 0 2 12 1 1 13 1 1 1 0 0
split_gain=389.504 52.5392 167.839 85.7423 78.3279 51.0707 47.5248 113.343 30.277 24.9861 54.7617 17.3661 15.1005 14.2297 12.9781 25.1683 10.9593 24.5266 10.6311 15.687 10.3347 10.9377 9.61862 8.49259 7.95512 10.564 15.543 7.79494 7.21977 5.41754
threshold=2.8610968957257561 4643066.5000000009 4583097.5000000009 5494016.0000000009 4505563.5000000009 5496965.5000000009 4492123.5000000009 4379747.0000000009 4587555.5000000009 4583087.5000000009 4583075.5000000009 41.500000000000007 12.500000000000002 4493360.5000000009 4589803.5000000009 4590057.5000000009 5556929.5000000009 5505757.0000000009 5491238.5000000009 5491476.0000000009 8.5000000000000018 2.9457638990764816 3784361560906.0005 308877313997.50006 2.9698742379433534 3784361549892.5005 2621383336393.0005 415074950739.00006 4494768.0000000009 4489933.0000000009
decision_type=2 2 2 2 2 2 2 2 2 2 2 2 2 2 2 2 2 2 2 2 2 2 2 2 2 2 2 2 2 2
left_child=1 2 4 12 6 -5 7 -1 23 10 -6 -2 -3 -8 22 -16 17 -7 -14 -20 21 -13 -10 -4 25 26 -22 -25 29 -26
right_child=11 3 8 5 9 16 13 -9 14 -11 -12 20 18 -15 15 -17 -18 -19 19 -21 24 -23 -24 27 28 -27 -28 -29 -30 -31
leaf_value=-0.00079294551391493023 -0.010108819697064902 -0.0072639094451780418 0.0043037261214010688 -0.0077036063735776315 0.006585119817891073 0.0039144868266946823 -0.0067658966833002631 0.0099968797699042777 0.0014971526761032162 0.01374740069975074 -0.011651913321720813 0.0058074428516796022 0.011041857475136606 -0.00074025813939008816 -0.013546208611402311 -0.0019023765393270319 0.0061383443464586495 -0.011245660026742812 0.0010834738707247607 0.010389436653615889 -0.0022464750869778884 -0.0044065166087581074 0.016250946269272978 -0.01823431166263597 -0.0068788094373635365 0.0029385651843503997 -0.008908674623908765 -0.0073065256532432359 -0.0089699346822546856 4.1749756606300306e-05
leaf_weight=288.25618258118629 135.6435870975256 5.4419414252042762 5.9775860160589209 57.036017179489136 414.80496247112751 46.016078889369965 73.673830389976501 147.00740571320057 42.112113744020462 44.295786991715431 17.14584131538868 11.928124532103537 159.49990558624268 83.734452143311501 19.64147461950779 338.27452784776688 74.805023357272148 13.893710285425184 31.345336243510246 42.913011610507965 63.751102611422539 86.615607112646103 4.9368293434381476 6.8939082175493231 37.102777883410454 14.929577261209486 77.699124559760094 122.82212272286415 175.15734699368477 16.272455558180809
leaf_count=1175 586 22 24 231 1774 186 295 622 170 189 71 48 737 336 79 1364 319 56 127 197 258 359 20 28 154 60 323 496 737 67
internal_value=0 0.00210864 0.00127835 0.00520971 0.00357492 0.000227803 0.00114834 0.00285125 -0.00326213 0.00659471 0.00586122 -0.00694691 0.00920338 -0.00356052 -0.0018923 -0.00254136 0.00358583 0.000398689 0.00958674 0.00646128 -0.00605977 -0.00317018 0.00304526 -0.00735026 -0.00679956 -0.00506165 -0.00590605 -0.0078873 -0.00798877 -0.00476895
internal_weight=0 2040.53 1609.58 430.951 1068.92 191.751 592.672 435.264 540.659 476.247 431.951 619.1 239.2 157.408 404.965 357.916 134.715 59.9098 233.758 74.2583 483.456 98.5437 47.0489 135.694 384.912 156.38 141.45 129.716 228.533 53.3752
internal_count=11110 8518 6643 1875 4462 792 2428 1797 2181 2034 1845 2592 1083 631 1633 1443 561 242 1061 324 2006 407 190 548 1599 641 581 524 958 221
is_linear=0
shrinkage=0.01


Tree=58
num_leaves=31
num_cat=0
split_feature=3 12 0 0 0 0 0 0 0 12 0 0 0 4 12 0 0 0 0 0 1 1 0 12 3 12 12 0 0 12
split_gain=383.672 56.1398 59.9651 111.949 63.7492 63.0587 56.3321 33.361 29.5595 26.1711 23.9146 21.8564 17.2846 16.6782 13.7652 11.1957 9.96269 9.95433 16.7577 8.33962 7.98004 7.09292 6.16795 5.88753 5.81992 9.87451 7.68936 6.48024 12.414 5.39896
threshold=84.500000000000014 1.9789033726770087 4643066.5000000009 4583097.5000000009 5494016.0000000009 4505563.5000000009 4492123.5000000009 4583097.5000000009 4532379.5000000009 1.9201131192834737 5498003.0000000009 4543160.0000000009 5556929.5000000009 40.500000000000007 1.9902329949527153 4642662.5000000009 5496591.0000000009 5491238.5000000009 5491476.0000000009 5556929.5000000009 4084856404488.5005 3289799711263.0005 5505757.0000000009 2.9383532594823736 46.500000000000007 2.8862701996789428 2.9599571438509842 4494768.0000000009 4489933.0000000009 1.9260488722558582
decision_type=2 2 2 2 2 2 2 2 2 2 2 2 2 2 2 2 2 2 2 2 2 2 2 2 2 2 2 2 2 2
left_child=13 2 3 5 17 6 -2 11 -7 20 29 -3 14 -1 -9 -11 24 -4 -19 -12 -5 -16 23 -18 27 -26 -27 28 -15 -6
right_child=1 7 4 9 10 8 -8 12 -10 15 19 -13 -14 16 21 -17 22 18 -20 -21 -22 -23 -24 -25 25 26 -28 -29 -30 -31
leaf_value=-0.0092434086973114289 0.0032537373463322507 -0.00055960693097276473 0.010954157701721369 -0.0047073342227149087 -0.009908855147633483 0.011335504138991219 -0.0042117934248547453 -0.0096725489636403979 0.0050452041224467803 0.0020132481016540927 0.00047308686488945005 0.0082409088203304493 0.0069323010065655225 -0.0073018978234543619 -0.005449340888347815 -0.011107029467649351 0.0070397376684311654 0.00092303666615334821 0.010606649812761014 0.0058461190982478373 0.0018757335818950704 -0.00079956901188187328 -0.008733435130209851 -0.0027089962587908967 0.0051833654446455284 -0.0074094152037659788 0.0040271229768153579 -0.007978165822256602 0.0013463074024739926 -0.0021545070141624212
leaf_weight=235.98295979201794 379.3836203366518 94.369366616010666 157.40082633495331 269.49248544871807 17.490777388215065 95.834613010287285 137.77888579666615 49.492174252867699 338.84738199412823 114.80180640518665 52.980520859360695 40.259741395711899 12.62638798356056 51.200399369001389 78.518593072891235 6.8943827897310248 11.683449327945715 31.091588214039803 42.026213407516479 63.522785797715187 19.764483273029327 56.351425111293793 7.0372917354106894 13.187188878655432 10.858732998371122 35.308877661824226 7.0533563792705527 182.24979382753372 24.559964373707771 18.450166538357735
leaf_count=1011 1572 382 731 1081 70 426 552 205 1432 467 214 174 53 213 317 28 47 126 194 272 80 227 29 54 44 144 29 761 101 74
internal_value=0 0.00200729 0.00272377 0.0017413 0.00621995 0.00362455 0.00126482 -0.00176453 0.00643203 -0.00262066 0.00120281 0.00207212 -0.00438663 -0.00719704 -0.00516183 0.00126995 -0.00578972 0.00953784 0.00648893 0.0034027 -0.00425752 -0.00350657 -0.000468077 0.00187065 -0.0063353 -0.00332442 -0.00550522 -0.00695637 -0.00449833 -0.00592819
internal_weight=0 2077.38 1745.76 1362.8 382.963 951.845 517.163 331.618 434.682 410.953 152.444 134.629 196.989 579.122 184.362 121.696 343.139 230.519 73.1178 116.503 289.257 134.87 31.9079 24.8706 311.231 53.221 42.3622 258.01 75.7604 35.9409
internal_count=11110 8677 7319 5638 1681 3982 2124 1358 1858 1656 630 556 802 2433 749 495 1422 1051 320 486 1161 544 130 101 1292 217 173 1075 314 144
is_linear=0
shrinkage=0.01


Tree=59
num_leaves=31
num_cat=0
split_feature=3 2 0 0 0 0 0 2 0 0 2 0 12 0 0 1 0 0 0 0 3 0 1 0 1 1 1 1 1 2
split_gain=376.617 55.4733 61.3184 111.137 63.4138 60.5836 59.9363 45.8073 33.6733 25.6203 23.9529 21.1762 12.9714 11.9129 11.8 11.4879 9.86801 16.3572 9.33635 9.65943 9.06473 8.68992 8.57132 12.904 8.24715 7.8233 5.54644 5.44448 6.12682 5.2768
threshold=84.500000000000014 42.500000000000007 4643066.5000000009 4583097.5000000009 4378387.5000000009 4487724.5000000009 5496520.5000000009 145.50000000000003 4583097.5000000009 5556929.5000000009 141.00000000000003 4543160.0000000009 4.9260228337136409 5498003.0000000009 5505757.0000000009 1955683364938.0002 5491238.5000000009 5491476.0000000009 5496591.0000000009 4583075.5000000009 26.500000000000004 4494691.5000000009 3289799696217.0005 4642662.5000000009 1514623711367.0002 4084856404488.5005 2438310490610.0005 1707115180787.5002 308877313997.50006 86.500000000000014
decision_type=2 2 2 2 2 2 2 2 2 2 2 2 2 2 2 2 2 2 2 2 2 2 2 2 2 2 2 2 2 2
left_child=12 8 3 4 7 -6 16 -3 11 14 15 -2 18 22 -8 -5 -4 -18 19 20 29 -22 24 -24 -10 -12 -15 28 -21 -1
right_child=1 2 6 10 5 -7 9 -9 13 -11 25 -13 -14 26 -16 -17 17 -19 -20 27 21 -23 23 -25 -26 -27 -28 -29 -30 -31
leaf_value=-0.0057407846350260843 -0.00020867783031217505 0.0059765046230001199 0.010869329927072706 0.0048246211141104956 0.012248935320462402 0.003909937563656405 -0.00064380945995097885 -0.0035545849874516816 -0.0036456751358918574 0.0061422684993491204 -0.0046614139688193976 0.0083926317049025229 -0.010757495648224605 -0.0035801615861580198 -0.010864554453773434 -0.0017818607773876561 0.00091390264325473384 0.010407540422532256 -0.0024334643742275871 -0.011917901420467399 -0.0044298185582412114 0.0045178851637144588 0.00012950600398278943 -0.0092956673155651353 -0.0088861148576757053 0.0018573537457912822 0.009265817518765403 -0.0088102552058007284 -0.0043098042822745791 -0.012650177683087308
leaf_weight=88.642207533121109 104.69848084449768 71.069002628326416 157.50590890645981 50.034542307257652 102.0779425650835 594.62288734316826 72.315158694982529 173.59812243282795 56.611837074160576 63.459214434027672 269.42616002261639 39.392797663807869 84.492652043700218 5.2655494958162299 13.386799708008764 55.535070657730103 31.088334590196609 43.603258520364761 50.280428424477577 12.860560595989226 31.248519480228424 16.630669265985489 59.280813723802567 19.240707635879517 63.959640875458717 19.760489851236343 9.2929181009531003 221.56732934713364 59.815886974334717 12.627902477979658
leaf_count=368 424 294 734 205 438 2506 291 705 229 272 1081 171 372 22 54 225 126 201 208 54 128 68 239 79 262 80 39 932 250 53
internal_value=0 0.00198931 0.0027355 0.00172603 0.00359366 0.00513174 0.00627227 -0.000786068 -0.00159305 0.00132598 -0.00272766 0.00214282 -0.00713692 -0.00411261 -0.00224031 0.00134927 0.00944971 0.00645607 -0.00651726 -0.00698036 -0.00490724 -0.00132186 -0.00475114 -0.00218001 -0.00642558 -0.00421598 0.00461965 -0.0080312 -0.00565611 -0.00660235
internal_weight=0 2075.23 1717.48 1336.12 941.368 696.701 381.359 244.667 357.743 149.161 394.756 144.091 578.166 213.651 85.702 105.57 232.198 74.6916 493.674 443.393 149.149 47.8792 199.093 78.5215 120.571 289.187 14.5585 294.244 72.6764 101.27
internal_count=11110 8677 7212 5534 3943 2944 1678 999 1465 617 1591 595 2433 870 345 430 1061 327 2061 1853 617 196 809 318 491 1161 61 1236 304 421
is_linear=0
shrinkage=0.01


Tree=60
num_leaves=31
num_cat=0
split_feature=3 0 0 0 0 0 0 0 0 0 0 5 3 0 12 0 12 12 0 0 1 0 0 0 0 0 1 4 1 0
split_gain=369.698 47.6431 153.266 84.5188 76.3066 48.5656 44.9177 110.304 28.4154 24.6962 52.0627 16.3568 17.1235 14.2042 13.0006 13.3539 12.9371 12.5864 10.771 15.3304 10.5501 10.2441 22.2039 9.45505 8.65823 14.0078 7.92815 7.44519 6.44976 6.18612
threshold=102.50000000000001 4643066.5000000009 4583097.5000000009 5494016.0000000009 4505563.5000000009 5496965.5000000009 4492123.5000000009 4379747.0000000009 4587555.5000000009 4583087.5000000009 4583075.5000000009 41.500000000000007 31.500000000000004 4493360.5000000009 1.9201131192834737 4642662.5000000009 1.9915744832887996 2.8663034647851817 5491238.5000000009 5491476.0000000009 308877313997.50006 5556929.5000000009 5505757.0000000009 4589803.5000000009 5498003.0000000009 5505757.0000000009 415074950739.00006 88.500000000000014 701677527733.00012 4494768.0000000009
decision_type=2 2 2 2 2 2 2 2 2 2 2 2 2 2 2 2 2 2 2 2 2 2 2 2 2 2 2 2 2 2
left_child=11 2 4 16 6 -5 7 -2 20 10 -6 27 24 -8 23 -16 18 -14 -3 -20 -4 22 -7 -10 28 -26 -22 -1 -13 -30
right_child=1 3 8 5 9 21 13 -9 14 -11 -12 12 17 -15 15 -17 -18 -19 19 -21 26 -23 -24 -25 25 -27 -28 -29 29 -31
leaf_value=-0.010328812885487109 -0.00084671204677830693 0.010877570753170456 0.0054646761702902558 -0.0075126274219774712 0.0064413113067389484 0.0036821228863746043 -0.0066936444659974016 0.0098225113090463154 0.002493365795616119 0.013598928169551968 -0.011464641740373489 -0.0041203507814558619 0.0084534309367298999 -0.00068237532609785102 0.0011117952990444507 -0.0087424727986833272 -0.0058765744405641501 -0.0039989757857030964 0.00090485820384116501 0.010159946016163164 -0.018065403012068087 0.0059042885189127684 -0.01088186909201732 -0.0040364846982144861 0.0092218992542939856 -0.010623565288178377 -0.0070326505889760785 0.0024000361001634916 -0.0056763461453533028 -0.0092227220937038962
leaf_weight=129.34517456591129 288.18046541512012 156.8521079570055 6.4738597571849814 58.43205638229847 411.67735305428505 45.273220464587212 73.688305482268333 145.98907858133316 24.911636874079704 44.038717925548553 16.904759436845779 43.369816601276398 8.5473709553480131 84.251405298709869 164.0422745347023 15.010127961635588 5.6811697781085959 161.19997231662273 31.085100933909416 42.187085852026939 6.875524327158927 73.970433726906776 13.616557642817495 201.83278565108776 7.8801648467779142 6.4826579689979553 123.6464960873127 4.7643873691558829 66.671009093523026 187.56038248538971
leaf_count=564 1175 734 26 237 1769 183 295 621 100 189 70 181 35 338 666 61 23 663 126 196 28 317 55 810 32 27 500 20 278 791
internal_value=0 0.00205545 0.00126669 0.0050242 0.00347135 8.51706e-05 0.0010796 0.0027408 -0.00305793 0.00646779 0.00573504 -0.00678783 -0.00592791 -0.00348699 -0.00172851 0.000285703 0.00903088 -0.00337195 0.0093989 0.00623355 -0.00699579 0.00342669 0.000314621 -0.00331907 -0.00731867 0.000264652 -0.00761382 -0.00987661 -0.00768466 -0.0082927
internal_weight=0 2034.62 1607.52 427.098 1064.73 191.292 592.109 434.17 542.793 472.621 428.582 615.821 481.711 157.94 405.797 179.052 235.805 169.747 230.124 73.2722 136.996 132.86 58.8898 226.744 311.964 14.3628 130.522 134.11 297.601 254.231
internal_count=11110 8519 6648 1871 4457 792 2429 1796 2191 2028 1839 2591 2007 633 1637 727 1079 698 1056 322 554 555 238 910 1309 59 528 584 1250 1069
is_linear=0
shrinkage=0.01


Tree=61
num_leaves=31
num_cat=0
split_feature=12 2 0 0 0 0 0 0 0 2 0 0 5 0 2 2 2 12 0 0 0 0 0 13 1 1 4 0 0 0
split_gain=361.828 49.2474 59.6226 107.588 60.436 58.8881 54.6806 37.8764 29.2688 24.7598 22.5043 20.2233 16.7366 14.4759 10.6214 10.2314 9.99509 10.5752 9.25713 15.8407 8.00506 7.88503 7.76981 7.74243 10.4377 15.1575 7.37406 7.12071 14.6912 6.9948
threshold=2.8610968957257561 32.500000000000007 4643066.5000000009 4583097.5000000009 4505563.5000000009 5494016.0000000009 4492123.5000000009 4583097.5000000009 4532379.5000000009 100.50000000000001 5498003.0000000009 4543160.0000000009 41.500000000000007 5556929.5000000009 14.500000000000002 86.500000000000014 8.5000000000000018 2.9457638990764816 5491238.5000000009 5491476.0000000009 5556929.5000000009 4587555.5000000009 4587555.5000000009 2.9698742379433534 3784361549892.5005 2621383336393.0005 88.500000000000014 4264581.0000000009 4380786.5000000009 4494768.0000000009
decision_type=2 2 2 2 2 2 2 2 2 2 2 2 2 2 2 2 2 2 2 2 2 2 2 2 2 2 2 2 2 2
left_child=1 7 3 4 6 18 -3 11 -6 15 -7 27 26 14 22 -5 17 -14 -4 -20 -12 -11 -9 24 25 -18 -2 -1 -29 -25
right_child=12 2 5 9 8 10 -8 13 -10 21 20 -13 16 -15 -16 -17 23 -19 19 -21 -22 -23 -24 29 -26 -27 -28 28 -30 -31
leaf_value=0.0082440296285397601 -0.010289752554051228 0.0031843013104589069 0.010734215533282481 0.00023702054139064521 0.011143391997517 -0.0056397510702450504 -0.0041454034105960283 -0.0078474738618240936 0.0048936383827976613 -0.0072767544519314669 0.00062324169800210768 0.0093268541906759758 0.0058262143524322576 0.0063234093400596318 -0.009244448705981869 0.0093956838710101687 -0.0020877117472559215 -0.0042203803145613962 0.0010476132042361904 0.010453460168833322 0.0058678879535499981 -0.00327900003998498 -0.002056033721845965 -0.0045798123930724591 0.0030960113922564036 -0.0086785070395344853 0.0023748136048440918 -0.0078368242085914818 0.0020973579137627714 -0.0087247039555988799
leaf_weight=9.1441270262002927 129.46127201616764 379.99195675551891 156.1723445057869 101.39652721583843 96.11776764690876 35.441843092441559 139.01373690366745 32.732247158885002 340.00315177440643 62.587083905935287 53.909813195466995 32.972988501191139 11.925949633121489 11.107638493180273 51.265745088458061 13.865397140383719 63.634661599993706 86.256523549556732 31.331881865859032 41.782715559005737 63.244501635432243 233.04033827781677 79.257224857807159 53.159360870718956 14.912440925836561 77.259252890944481 4.7668266743421546 22.144741341471672 45.418648228049278 173.91521324217319
leaf_count=37 566 1578 734 412 430 142 557 132 1442 252 218 145 48 47 213 57 258 359 127 195 272 936 319 221 60 323 20 89 184 737
internal_value=0 0.00203517 0.00266275 0.00168622 0.00352694 0.00615584 0.00122107 -0.00182674 0.00627104 -0.00259258 0.00134228 0.00277746 -0.00671771 -0.00472295 -0.00547452 0.00133876 -0.00584652 -0.00300005 0.00935939 0.00642276 0.00345451 -0.00412536 -0.00374875 -0.00657644 -0.00485973 -0.00570178 -0.00984 -3.78168e-05 -0.00115869 -0.00775436
internal_weight=0 2031.94 1747.9 1366.02 955.127 381.883 519.006 284.043 436.121 410.889 152.596 109.681 615.292 174.363 163.255 115.262 481.063 98.1825 229.287 73.1146 117.154 295.627 111.989 382.881 155.806 140.894 134.228 76.7075 67.5634 227.075
internal_count=11110 8518 7352 5664 4007 1688 2135 1166 1872 1657 632 455 2592 711 664 469 2006 407 1056 322 490 1188 451 1599 641 581 586 310 273 958
is_linear=0
shrinkage=0.01


Tree=62
num_leaves=31
num_cat=0
split_feature=3 2 4 2 2 3 12 3 2 12 3 4 12 2 5 12 7 2 2 3 12 2 2 5 2 2 2 12 4 4
split_gain=356.472 52.5893 16.2023 12.293 46.1117 7.81943 7.90228 7.34301 7.41719 8.73486 8.16301 6.50502 6.1545 5.33177 5.05757 4.00052 4.53917 3.77815 3.56986 7.55676 5.07699 3.6474 3.16299 2.8902 2.87259 2.65057 3.27943 2.40564 1.74861 1.46951
threshold=84.500000000000014 42.500000000000007 40.500000000000007 141.00000000000003 83.500000000000014 31.500000000000004 2.8663034647851817 3.5000000000000004 29.500000000000004 2.91782434200594 10.500000000000002 70.500000000000014 3.8713172206244506 47.500000000000007 12.500000000000002 3.8639736166119625 45.500000000000007 40.500000000000007 14.500000000000002 88.500000000000014 1.9789033726770087 13.500000000000002 54.500000000000007 41.500000000000007 79.500000000000014 109.50000000000001 88.500000000000014 3.8063117593323859 9.5000000000000018 7.5000000000000009
decision_type=2 2 2 2 2 2 2 2 2 2 2 2 2 2 2 2 2 2 2 2 2 2 2 2 2 2 2 2 2 2
left_child=2 12 14 4 13 7 -7 -4 10 -10 -9 -8 18 -3 29 27 23 -13 19 -2 -20 -21 -18 -17 -15 26 -6 -16 -29 -1
right_child=1 3 5 -5 25 6 11 8 9 -11 -12 17 -14 24 15 16 22 -19 20 21 -22 -23 -24 -25 -26 -27 -28 28 -30 -31
leaf_value=-0.0089854731145102805 0.011307813159523641 0.0055048360160692656 0.0043849206021104332 0.0022268505041152017 0.0063737922147179887 0.0079132674156131028 0.0057071432415068089 -0.0060767106239548651 -0.0073274495081150706 -0.0021928239901127921 -0.011660718241916657 -0.0058279452926654745 -0.012581975252315537 0.00037788598411047828 -0.0046391351389370398 -0.014375304434588891 -0.0071591867969904768 -0.000662518875580531 0.00049096070544245546 -0.0012723955052831785 -0.0040873335616174551 0.0039734526416826425 -0.0011145638018259848 -0.0055035710636588252 0.0044179653334187096 0.0056871867171841206 0.010235688046224522 -0.0089843127867136191 -0.013648985422626752 -0.012708840706107057
leaf_weight=14.579114794731138 5.1467672437429419 27.537154242396355 6.0464879721403113 1350.2548080980778 29.022170975804329 6.0862060934305182 6.5546225011348715 54.1745745241642 81.624804690480232 55.766962006688118 50.660522431135178 62.217686176300049 4.9898054748773566 170.049575522542 5.1897011101245871 13.650248840451242 112.58914892375469 18.33236438035965 33.700442135334015 212.94834624230862 86.112900674343109 14.133865132927893 9.3778884559869748 5.0234190374612799 19.630941838026047 24.458065524697304 90.729457139968872 12.682555705308912 21.935259148478508 38.835408568382263
leaf_count=65 21 113 25 5695 125 25 27 228 341 231 215 256 21 697 22 61 481 74 137 871 357 58 40 22 84 106 392 54 94 172
internal_value=0 0.00193712 -0.00696184 0.0026653 0.00430331 -0.00557304 -0.00310306 -0.00650016 -0.00677188 -0.00524332 -0.00877513 -0.0038728 -0.00155393 0.00139296 -0.00898963 -0.00818953 -0.00739738 -0.00465235 -0.00139762 -0.000674315 -0.00279958 -0.000945888 -0.00669442 -0.0119887 0.000796013 0.00868705 0.00929975 -0.0109882 -0.01194 -0.0116926
internal_weight=0 2068.71 575.327 1711.68 361.427 341.464 93.1909 248.273 242.227 137.392 104.835 87.1047 357.032 217.218 233.863 180.448 140.641 80.5501 352.042 232.229 119.813 227.082 121.967 18.6737 189.681 144.21 119.752 39.8075 34.6178 53.4145
internal_count=11110 8677 2433 7212 1517 1422 382 1040 1015 572 443 357 1465 894 1011 774 604 330 1444 950 494 929 521 83 781 623 517 170 148 237
is_linear=0
shrinkage=0.01


Tree=63
num_leaves=31
num_cat=0
split_feature=3 2 0 0 0 0 0 2 0 0 2 0 4 1 0 0 0 0 0 1 0 1 1 0 2 3 3 2 1 2
split_gain=349.882 51.5702 58.4992 104.702 61.103 59.3398 57.5664 44.8937 31.9168 24.3572 22.6996 20.3743 15.9988 11.2978 11.2914 9.59648 15.7575 9.53069 8.98083 8.47271 12.5367 8.09297 7.64872 5.97104 9.20988 5.60072 6.36101 9.97915 5.46127 5.19459
threshold=84.500000000000014 42.500000000000007 4643066.5000000009 4583097.5000000009 4378387.5000000009 4487724.5000000009 5496520.5000000009 145.50000000000003 4583097.5000000009 5498003.0000000009 141.00000000000003 4543160.0000000009 40.500000000000007 1955683364938.0002 5498003.0000000009 5491238.5000000009 5491476.0000000009 5496591.0000000009 5556929.5000000009 3289799696217.0005 4642662.5000000009 1456284143093.0002 4084856404488.5005 5505757.0000000009 40.500000000000007 3.5000000000000004 28.500000000000004 57.500000000000007 2438310490610.0005 59.500000000000007
decision_type=2 2 2 2 2 2 2 2 2 2 2 2 2 2 2 2 2 2 2 2 2 2 2 2 2 2 2 2 2 2
left_child=12 8 3 4 7 -6 15 -3 11 29 13 -2 -1 -5 19 -4 -17 25 -11 21 -21 -10 -12 24 -19 -14 -27 -28 -16 -8
right_child=1 2 6 10 5 -7 9 -9 14 18 22 -13 17 -15 28 16 -18 23 -20 20 -22 -23 -24 -25 -26 26 27 -29 -30 -31
leaf_value=-0.0089221071467263328 -0.00020089387374009644 0.0058776482132014305 0.010663419102151768 0.0047528916993211717 0.012059786197522959 0.0037779956793992414 0.00069938506636192254 -0.0035651248558879502 -0.0034484928430905388 0.00037516645893440628 -0.0045576166223535788 0.0082541902792091851 0.0036732477367940131 -0.0018019242296905373 -0.0036204720303110232 0.00086281122366336463 0.010206489243002426 -0.0025735830801933046 0.0059679494999934045 0.00021666590529913964 -0.009088047447955756 -0.0086564893107445549 0.0018873102823625579 -0.0084719291985691312 0.010121245949514933 -0.0071207995844278192 -0.0055524855634335839 0.0033723681398774301 0.0091415318178403402 -0.0085652841312037764
leaf_weight=233.27967129647732 104.62258759140968 70.919792994856834 155.38846422731876 49.962321579456329 101.31598760187626 592.27028615772724 7.9877801388502112 173.57659378647804 54.820135474205017 52.674657434225082 269.25158412754536 39.170599013566971 5.8010395616292945 55.508874520659447 5.2568735331296912 31.069344192743301 43.068614825606346 15.908658623695379 63.113789767026901 59.230107963085175 19.16578035056591 65.474668711423874 19.76599594950676 6.9973512738943091 8.9185599535703641 222.30056461691856 65.66181980073452 15.482293501496313 9.2594293653964979 24.97107820212841
leaf_count=1011 424 294 734 205 438 2506 32 705 222 213 1081 171 24 225 22 126 201 65 272 239 79 269 80 29 36 934 271 63 39 100
internal_value=0 0.00191856 0.00263995 0.00165474 0.00347247 0.00498776 0.00611061 -0.000826109 -0.00153854 0.00126472 -0.00266775 0.00210235 -0.00690402 0.00130313 -0.00399406 0.00925104 0.00629079 -0.00552373 0.00342367 -0.00461609 -0.0020581 -0.00628313 -0.00411685 -0.000312852 0.00198672 -0.00605998 -0.00624605 -0.00384962 0.00451995 -0.00631994
internal_weight=0 2067.85 1710.85 1332.57 938.083 693.586 378.274 244.496 357 148.747 394.489 143.793 574.35 105.471 213.207 229.526 74.138 341.07 115.788 198.691 78.3959 120.295 289.018 31.8246 24.8272 309.246 303.445 81.1441 14.5163 32.9589
internal_count=11110 8677 7212 5534 3943 2944 1678 999 1465 617 1591 595 2433 430 870 1061 327 1422 485 809 318 491 1161 130 101 1292 1268 334 61 132
is_linear=0
shrinkage=0.01


Tree=64
num_leaves=31
num_cat=0
split_feature=3 12 5 3 12 1 1 1 1 1 4 12 1 4 1 1 1 1 1 5 6 1 1 12 12 3 1 1 12 1
split_gain=343.466 43.5388 15.6909 16.3227 11.8764 11.7273 27.6311 16.9434 17.9947 9.32086 7.19971 6.70435 6.36839 5.68201 5.6177 5.25484 11.0953 7.33212 5.23524 5.08992 4.47431 4.36346 4.87919 4.62207 4.12768 4.05077 4.0421 7.33767 4.78334 3.59669
threshold=102.50000000000001 1.9789033726770087 41.500000000000007 31.500000000000004 2.8663034647851817 215631315806.50003 415074950739.00006 1473615205230.5002 2344444752425.5005 632859018023.50012 88.500000000000014 1.9902329949527153 701677527733.00012 30.500000000000004 215631319538.00003 2753137481126.5005 1514623711367.0002 1861025321733.5002 308877331779.50006 51.500000000000007 22.500000000000004 2753137508681.5005 2753137493351.0005 1.9909035121068848 1.9469674889282638 4.5000000000000009 3743724186784.5005 4223680142529.0005 4.7795796193620577 248877211243.50003
decision_type=2 2 2 2 2 2 2 2 2 2 2 2 2 2 2 2 2 2 2 2 2 2 2 2 2 2 2 2 2 2
left_child=2 5 10 12 -5 24 29 9 -9 -8 20 -3 14 19 -4 16 18 -18 -13 -14 -1 22 -17 -23 -2 -15 28 -28 -6 -7
right_child=1 11 3 4 26 6 7 8 -10 -11 -12 15 13 25 -16 21 17 -19 -20 -21 -22 23 -24 -25 -26 -27 27 -29 -30 -31
leaf_value=-0.012251821973739568 0.0079515733227711102 -0.0040697825571683055 -0.012114478788940838 0.008279044388139702 -0.0046747418547234496 0.0031396067005742159 0.0090119375810283498 -8.9135829196227787e-05 0.0028497581517609831 0.0040397398847515382 0.0024700379395646501 -0.0038365688790711595 -0.0017068587823423891 -0.00022905494708445336 -0.002167147716633685 0.00070420388684712659 -0.015828267024438229 -0.0045474297831301453 0.0021321927133357171 -0.011040998016069455 -0.008463399036424844 0.008152177223546074 0.014264265531436988 -0.00039696997945245816 -0.0016450839808642159 -0.0071283893202797877 0.0075085271110101768 -0.0070125715656694622 0.0051171060618008584 -0.0029939908839362434
leaf_weight=53.863945230841637 50.670737713575363 79.389776229858398 6.6527109742164603 8.5215346217155439 141.33104173839092 10.574861466884611 42.265320539474487 270.40862177312374 907.69597297906876 349.15546752512455 4.7569655478000632 22.773430600762367 6.4498815089464179 8.9149461239576322 38.723651230335236 5.853660121560095 7.5103601962327948 24.745069548487663 41.425425037741661 61.98780857026577 74.010894283652306 6.7571487277746192 4.8538327366113663 98.652426391839981 4.9168437570333472 187.2933271676302 8.0864920765161497 6.1084923744201651 5.1714118868112555 99.649425849318504
leaf_count=242 213 330 28 35 583 44 182 1141 3835 1464 20 94 28 37 162 24 31 101 169 268 322 28 20 403 20 786 33 25 22 420
internal_value=0 0.00198264 -0.00656579 -0.00572335 -0.00322536 0.00258375 0.0024342 0.00277409 0.0021752 0.00457663 -0.0096098 -0.00159016 -0.00708682 -0.00768029 -0.00362554 -0.000664085 -0.00238919 -0.00717406 1.48781e-05 -0.0101613 -0.0100592 0.000768896 0.00685114 0.000151062 0.00710273 -0.00681491 -0.00383542 0.0012597 -0.0043291 -0.00240554
internal_weight=0 2027.3 611.873 479.241 169.219 1735.34 1679.75 1569.53 1178.1 391.421 132.632 291.961 310.022 264.646 45.3764 212.571 96.4543 32.2554 64.1989 68.4377 127.875 116.117 10.7075 105.41 55.5876 196.208 160.697 14.195 146.502 110.224
internal_count=11110 8519 2591 2007 698 7319 7086 6622 4976 1646 584 1200 1309 1119 190 870 395 132 263 296 564 475 44 431 233 823 663 58 605 464
is_linear=0
shrinkage=0.01


Tree=65
num_leaves=31
num_cat=0
split_feature=3 2 0 0 0 0 0 2 0 0 2 0 4 0 1 0 0 0 0 1 0 1 1 0 2 3 3 2 1 2
split_gain=337.199 49.6205 57.6811 102.769 59.9981 58.5527 56.8612 44.024 31.2888 23.855 22.2532 20.0314 15.6564 11.0785 11.0755 9.53322 15.5737 9.35612 8.83654 8.29459 12.2889 7.87356 7.49267 5.85157 9.02876 5.46776 6.16522 9.70171 5.35143 5.10464
threshold=84.500000000000014 42.500000000000007 4643066.5000000009 4583097.5000000009 4378387.5000000009 4487724.5000000009 5496520.5000000009 145.50000000000003 4583097.5000000009 5498003.0000000009 141.00000000000003 4543160.0000000009 40.500000000000007 5498003.0000000009 1955683364938.0002 5491238.5000000009 5491476.0000000009 5496591.0000000009 5556929.5000000009 3289799696217.0005 4642662.5000000009 1456284143093.0002 4084856404488.5005 5505757.0000000009 40.500000000000007 3.5000000000000004 28.500000000000004 57.500000000000007 2438310490610.0005 59.500000000000007
decision_type=2 2 2 2 2 2 2 2 2 2 2 2 2 2 2 2 2 2 2 2 2 2 2 2 2 2 2 2 2 2
left_child=12 8 3 4 7 -6 15 -3 11 29 14 -2 -1 19 -5 -4 -17 25 -11 21 -21 -10 -12 24 -19 -14 -27 -28 -15 -8
right_child=1 2 6 10 5 -7 9 -9 13 18 22 -13 17 28 -16 16 -18 23 -20 20 -22 -23 -24 -25 -26 26 27 -29 -30 -31
leaf_value=-0.0087929755827305077 -0.00018576694781536455 0.0058024420673216297 0.010587713430959336 0.0046830446376573322 0.011960868736887688 0.0037189594967880473 0.0006807567646573236 -0.0035535999229302164 -0.0034133230763998762 0.00034484573682048959 -0.0045394939182562084 0.0082036537757826985 0.0036591379019009791 -0.0035566062785107834 -0.0018091673888153948 0.00082917806813378569 0.010128481209578613 -0.0025012221249098112 0.0058956840945574842 0.00022414527440907812 -0.0089949748160087738 -0.0085530921955544788 0.001840892526160426 -0.0083489289153866643 0.010072209377175893 -0.0070041842111473575 -0.005461880841962947 0.0033417613958203773 0.0090761136064972311 -0.0085033955669984139
leaf_weight=232.14526015520096 104.61067296564579 70.805539548397064 154.59206537902355 49.902384340763092 100.90157400071621 591.47165733575821 7.9882436841726294 173.59934340417385 54.79525351524353 52.665692210197449 269.21950939297676 39.097868621349335 5.8018418699502936 5.2617757469415656 55.503819435834885 31.056765645742416 42.865702360868454 15.894603595137601 62.968564569950104 59.218610629439354 19.12962381541729 65.350624218583107 19.755899682641029 6.9780805855989447 8.9140150696039182 221.64843788743019 65.550163447856903 15.472316592931746 9.2454381585121137 24.965467125177383
leaf_count=1011 424 294 734 205 438 2506 32 705 222 213 1081 171 24 22 225 126 201 65 272 239 79 269 80 29 36 934 271 63 39 100
internal_value=0 0.00188331 0.00259166 0.00161363 0.00341647 0.00492008 0.0060441 -0.000843099 -0.00150899 0.00122857 -0.00266867 0.00209669 -0.00679072 -0.00394168 0.00126444 0.00917531 0.0062216 -0.00542466 0.00336755 -0.00455822 -0.00202681 -0.00620898 -0.0041033 -0.000258964 0.00201655 -0.00595696 -0.00614129 -0.00378071 0.00449422 -0.00627708
internal_weight=0 2064.97 1708.26 1331.16 936.778 692.373 377.103 244.405 356.71 148.588 394.382 143.709 572.405 213.001 105.406 228.515 73.9225 340.259 115.634 198.494 78.3482 120.146 288.975 31.7867 24.8086 308.473 302.671 81.0225 14.5072 32.9537
internal_count=11110 8677 7212 5534 3943 2944 1678 999 1465 617 1591 595 2433 870 430 1061 327 1422 485 809 318 491 1161 130 101 1292 1268 334 61 132
is_linear=0
shrinkage=0.01


Tree=66
num_leaves=31
num_cat=0
split_feature=12 0 0 0 0 0 0 0 0 0 0 5 0 2 0 0 0 0 2 12 0 0 1 1 1 13 1 1 4 0
split_gain=329.888 46.7856 146.347 77.3217 72.1918 45.2464 44.2877 104.764 28.2904 24.6683 53.019 16.0113 13.7756 13.4953 12.4976 24.681 9.99387 14.3018 9.70361 10.123 9.57635 23.3678 9.23745 8.20005 7.67317 7.32194 10.2042 14.8308 7.1293 6.87264
threshold=2.8610968957257561 4643066.5000000009 4583097.5000000009 5494016.0000000009 4505563.5000000009 5496965.5000000009 4492123.5000000009 4379747.0000000009 4587555.5000000009 4583087.5000000009 4583075.5000000009 41.500000000000007 4493360.5000000009 12.500000000000002 4589803.5000000009 4590057.5000000009 5491238.5000000009 5491476.0000000009 8.5000000000000018 2.9457638990764816 5556929.5000000009 5505757.0000000009 3784361560906.0005 308877313997.50006 415074950739.00006 2.9698742379433534 3784361549892.5005 2621383336393.0005 88.500000000000014 4494768.0000000009
decision_type=2 2 2 2 2 2 2 2 2 2 2 2 2 2 2 2 2 2 2 2 2 2 2 2 2 2 2 2 2 2
left_child=1 2 4 13 6 -5 7 -1 23 10 -6 28 -8 -3 22 -16 -15 -18 19 -13 21 -7 -10 -4 -25 26 27 -20 -2 -27
right_child=11 3 8 5 9 20 12 -9 14 -11 -12 18 -14 16 15 -17 17 -19 25 -21 -22 -23 -24 24 -26 29 -28 -29 -30 -31
leaf_value=-0.00085025940678552 -0.0099681407938334906 -0.0068430741364735818 0.0044178564503591419 -0.007307507279248635 0.0062268122915730296 0.0038071801139959844 -0.0067073814914043782 0.009575713201941418 0.0015779169486104599 0.013397795660754401 -0.011733873881727717 0.0058533993933017475 -0.00077839559025687363 0.010573167745670069 -0.013295477339624851 -0.0017583242609461836 0.00097561215291169171 0.0099195276597743142 -0.0019011562430962057 -0.0039798858726375289 0.0057555102860141118 -0.011008074175174264 0.016056768810025115 -0.017868075754043863 -0.0069915795051157517 -0.0043094620798896852 0.003228942280374058 -0.0084347813053662832 0.0025048285759111531 -0.008432119757302646
leaf_weight=287.86096036434174 127.65283212065697 5.4127161502838126 5.9716249257326117 56.75788214802742 410.02404569089413 45.92888417840004 73.684296876192093 144.88828174769878 42.034188121557236 43.667189329862595 17.121927514672279 11.924519717693327 83.704364195466042 154.63909302651882 19.619605705142021 337.71484090387821 31.303705558180809 41.688342377543449 63.478727728128433 85.782127320766449 73.924867108464241 13.858812749385832 4.9224116057157508 6.8493348211050025 122.37474711239338 52.834178939461708 14.892884969711302 76.7452732026577 4.7531827539205542 172.31749890744686
leaf_count=1175 566 22 24 231 1774 186 295 622 170 189 71 48 336 737 79 1364 127 197 258 359 319 56 20 28 496 221 60 323 20 737
internal_value=0 0.00194408 0.00116197 0.00489965 0.0033183 0.000173347 0.000988359 0.00264045 -0.00307866 0.00623874 0.00550687 -0.00644314 -0.00355416 0.00876253 -0.00175443 -0.00239178 0.00913361 0.0060838 -0.0055907 -0.00277979 0.0033488 0.000372998 0.00309572 -0.00703865 -0.00756807 -0.00631294 -0.00464117 -0.00547704 -0.00952038 -0.0074647
internal_weight=0 2023.95 1600.44 423.514 1060.95 190.47 590.138 432.749 539.487 470.813 427.146 610.381 157.389 233.044 404.291 357.334 227.631 72.992 477.975 97.7066 133.713 59.7877 46.9566 135.196 129.224 380.269 155.117 140.224 132.406 225.152
internal_count=11110 8518 6643 1875 4462 792 2428 1797 2181 2034 1845 2592 631 1083 1633 1443 1061 324 2006 407 561 242 190 548 524 1599 641 581 586 958
is_linear=0
shrinkage=0.01


Tree=67
num_leaves=31
num_cat=0
split_feature=3 12 0 0 0 0 0 0 0 2 0 0 0 2 6 0 0 0 0 0 0 3 0 1 0 2 3 13 2 2
split_gain=325.109 47.9454 53.6271 97.3479 58.4523 57.9324 52.8768 29.3485 29.2485 23.6247 20.9403 19.8989 15.4763 13.5704 12.3345 10.9242 10.8572 9.35512 15.3448 8.77843 9.19723 8.65646 8.52318 7.30122 7.25092 5.65541 5.46298 5.42249 5.2059 5.19733
threshold=84.500000000000014 1.9789033726770087 4643066.5000000009 4583097.5000000009 4505563.5000000009 5494016.0000000009 4492123.5000000009 4583097.5000000009 4532379.5000000009 141.00000000000003 5498003.0000000009 4543160.0000000009 5556929.5000000009 15.500000000000002 90.000000000000014 4587345.5000000009 4642662.5000000009 5491238.5000000009 5491476.0000000009 5496591.0000000009 4583075.5000000009 26.500000000000004 4494691.5000000009 4084856404488.5005 5556929.5000000009 9.5000000000000018 4.5000000000000009 2.978999516342864 86.500000000000014 145.50000000000003
decision_type=2 2 2 2 2 2 2 2 2 2 2 2 2 2 2 2 2 2 2 2 2 2 2 2 2 2 2 2 2 2
left_child=14 2 3 4 6 17 -2 11 -6 16 29 -3 13 15 -1 -9 -5 -4 -19 20 21 28 -23 -11 -12 -14 -22 -28 -16 -7
right_child=1 7 5 9 8 10 -8 12 -10 23 24 -13 25 -15 19 -17 -18 18 -20 -21 26 22 -24 -25 -26 -27 27 -29 -30 -31
leaf_value=-0.010408080444018033 0.0030202882863592578 -0.00053925791841930796 0.010485213540976012 0.001955610496532016 0.011002387035149337 -0.001886874942457523 -0.0042192626634848058 -0.017521636501015847 0.0046962234275161668 -0.0044647915601253776 0.00042405331826136504 0.0078972985350946254 0.0002692914837522756 -0.0093563356988000303 -0.0053212800403625591 -0.0026373352833583001 -0.010958469881664828 0.0008113051951180128 0.010140059966638732 -0.0021319852384435048 0.00044251075226640993 -0.0040895511898850646 0.0047985002255423103 0.0018341536575258212 0.0054509496920272325 0.01372137171037467 -0.0058823876349982799 -0.008783585468753281 -0.012227638416513559 -0.0095005070299465366
leaf_weight=76.809856072068214 376.93756005167961 94.240286007523537 152.5395430624485 114.58905622363091 94.192373737692833 18.422366619110107 137.76061272621155 5.12631532549858 335.58135831356049 269.08057989180088 52.881147518754005 39.749660342931747 6.5986387282609922 48.886021614074707 87.974658519029617 129.41606405377388 6.9022792875766745 31.050138145685196 40.804136246442795 50.089045882225037 8.2761274278163892 31.036902919411659 16.538309276103973 19.752608418464661 62.735289245843887 5.9372625350952148 97.554676666855812 189.69419351220131 12.460172161459921 17.466876551508904
leaf_count=347 1572 382 731 467 426 74 552 21 1432 1081 214 174 28 204 369 524 28 126 194 209 35 128 68 80 272 25 406 818 53 70
internal_value=0 0.00185022 0.00251625 0.00158903 0.00335586 0.00585806 0.0010826 -0.00164323 0.00607833 -0.00247781 0.0010804 0.00196354 -0.00410934 -0.00484401 -0.00668032 -0.00320445 0.00122192 0.00908384 0.00610886 -0.00610027 -0.00654841 -0.00451364 -0.000999847 -0.00403402 0.00315173 0.00664048 -0.00756751 -0.00779829 -0.0061781 -0.00559234
internal_weight=0 2060.65 1730.7 1354.8 944.472 375.899 514.698 329.954 429.774 410.325 151.506 133.99 195.964 183.428 570.434 134.542 121.491 224.394 71.8543 493.624 443.535 148.01 47.5752 288.833 115.616 12.5359 295.525 287.249 100.435 35.8892
internal_count=11110 8677 7319 5638 3982 1681 2124 1358 1858 1656 630 556 802 749 2433 545 495 1051 320 2086 1877 618 196 1161 486 53 1259 1224 422 144
is_linear=0
shrinkage=0.01


Tree=68
num_leaves=31
num_cat=0
split_feature=3 12 0 0 0 0 0 0 0 2 0 0 4 0 2 0 0 0 0 0 0 0 0 2 2 3 3 2 2 0
split_gain=319.148 47.0467 52.7781 95.4959 57.46 57.1371 51.8378 28.9036 28.786 23.1621 20.5345 19.5497 15.2452 15.1812 13.3496 10.7449 10.632 9.27086 15.1457 9.08056 7.23936 7.12515 5.7396 8.82863 5.56475 5.35697 5.97298 9.45249 5.09762 4.83696
threshold=84.500000000000014 1.9789033726770087 4643066.5000000009 4583097.5000000009 4505563.5000000009 5494016.0000000009 4492123.5000000009 4532379.5000000009 4583097.5000000009 141.00000000000003 5498003.0000000009 4543160.0000000009 40.500000000000007 5556929.5000000009 15.500000000000002 4587345.5000000009 4642662.5000000009 5491238.5000000009 5491476.0000000009 5496591.0000000009 4587555.5000000009 5556929.5000000009 5505757.0000000009 40.500000000000007 9.5000000000000018 3.5000000000000004 28.500000000000004 57.500000000000007 145.50000000000003 4380786.5000000009
decision_type=2 2 2 2 2 2 2 2 2 2 2 2 2 2 2 2 2 2 2 2 2 2 2 2 2 2 2 2 2 2
left_child=12 2 3 4 6 17 -2 -6 11 16 28 29 -1 14 15 -10 -5 -4 -19 25 -11 -12 23 -21 -15 -14 -27 -28 -7 -3
right_child=1 8 5 9 7 10 -8 -9 13 20 21 -13 19 24 -16 -17 -18 18 -20 22 -22 -23 -24 -25 -26 26 27 -29 -30 -31
leaf_value=-0.0086092631063729459 0.0029917825803747627 -0.0032557264189678969 0.010425146533580744 0.0019364465507476613 0.010933641700998789 -0.0018681531010113642 -0.0041764394577663453 0.0046547502792246573 -0.017391689287284098 -0.0070161815080025496 0.00041982259753710658 0.0078343109590978018 0.0037217148019391038 0.00026661279112549319 -0.0092792989677752419 -0.0026115640797526839 -0.010835896249454895 0.0008032703825884205 0.010079685320685591 -0.0024023642705492719 -0.0031650176968076498 0.005404698732204373 -0.0082102470323060055 0.010035756860891793 0.013619757098803529 -0.0068368257538577058 -0.0053225091915507262 0.0033723027856739679 -0.0094093220600480042 0.0013517905113649971
leaf_weight=230.47188484668732 376.72480334341526 38.568989172577858 151.8875270485878 114.56596598029137 93.838540136814117 18.420925036072731 137.78130684792995 335.18760299682617 5.1130382120609275 62.216440439224243 52.879940554499626 39.668959692120552 5.7950004637241355 6.5982831418514234 48.799390375614166 129.38637533783913 6.9105112701654425 31.047142893075943 40.638886898756027 15.872892186045652 226.53512340784073 62.639909297227859 6.9560387581586829 8.9100597500801069 5.921821117401123 220.63536165654659 65.357053950428963 15.461192324757574 17.459820434451103 55.673171162605286
leaf_count=1011 1572 156 731 467 426 74 552 1432 21 251 214 174 24 28 204 524 28 126 194 65 910 272 29 36 25 934 271 63 70 226
internal_value=0 0.0018337 0.00249395 0.00157437 0.00332565 0.00581392 0.00107218 0.0060281 -0.0016279 -0.00245361 0.00107035 0.00194508 -0.00662491 -0.00407129 -0.00479899 -0.00317344 0.00120986 0.00902618 0.00606208 -0.00527579 -0.00399482 0.00312284 -0.000183499 0.00206944 0.00658245 -0.00580182 -0.0059849 -0.00365912 -0.00553774 -0.000533855
internal_weight=0 2058.46 1728.73 1353.76 943.532 374.974 514.506 429.026 329.73 410.228 151.401 133.911 569.459 195.819 183.299 134.499 121.476 223.574 71.686 338.988 288.752 115.52 31.739 24.783 12.5201 307.249 301.454 80.8182 35.8807 94.2422
internal_count=11110 8677 7319 5638 3982 1681 2124 1858 1358 1656 630 556 2433 802 749 545 495 1051 320 1422 1161 486 130 101 53 1292 1268 334 144 382
is_linear=0
shrinkage=0.01


Tree=69
num_leaves=31
num_cat=0
split_feature=3 0 0 0 0 0 0 0 0 0 0 5 3 0 2 2 0 2 0 0 0 0 0 4 2 0 0 0 0 0
split_gain=313.336 42.3279 133.369 76.2429 69.4222 42.6722 40.9467 103.547 26.2316 24.4702 50.2958 15.0512 15.3933 13.6575 13.0416 12.0168 12.5846 11.5462 9.08436 9.04454 21.4209 7.73322 13.4868 7.00123 6.26867 6.16045 13.8223 5.25519 10.4424 5.05662
threshold=102.50000000000001 4643066.5000000009 4583097.5000000009 5494016.0000000009 4505563.5000000009 5496965.5000000009 4492123.5000000009 4379747.0000000009 4587555.5000000009 4583087.5000000009 4583075.5000000009 41.500000000000007 29.500000000000004 4493360.5000000009 58.500000000000007 145.50000000000003 4642662.5000000009 55.500000000000007 4589803.5000000009 5556929.5000000009 5505757.0000000009 5491238.5000000009 5491476.0000000009 88.500000000000014 4.5000000000000009 5498189.5000000009 5505757.0000000009 4494768.0000000009 4489933.0000000009 5496591.0000000009
decision_type=2 2 2 2 2 2 2 2 2 2 2 2 2 2 2 2 2 2 2 2 2 2 2 2 2 2 2 2 2 2
left_child=11 2 4 17 6 29 7 -2 -4 10 -6 23 25 -8 24 16 -10 -3 -17 20 -7 -19 -23 -1 -14 27 -27 28 -13 -5
right_child=1 3 8 5 9 19 13 -9 15 -11 -12 12 14 -15 -16 18 -18 21 -20 -21 -22 22 -24 -25 -26 26 -28 -29 -30 -31
leaf_value=-0.0097522558371457655 -0.00093088214067193391 -0.0019144051000709351 -0.0066737746315297108 -0.011003145070854715 0.006071945398148185 0.0035733739123110122 -0.0065591733405747227 0.0094543937469928722 0.0011376895467263271 0.013254893089312903 -0.011543356427127274 -0.007293472171582248 0.0034158615734987928 -0.00066520379636014759 0.004704614725397625 0.0025657439037135212 -0.0084383694970533909 0.010348179414298797 -0.0038375087476055147 0.0055311594786144128 -0.010743870855259786 0.0010462494990411634 0.010019857106796282 0.0026273338739789777 -0.0046053533611007131 0.0087011197121025213 -0.011452132827426463 -0.0079769140680070565 0.00063971903943341461 -0.0048720771541936811
leaf_weight=126.08095200359821 287.6970349997282 9.9908009469509107 136.44301299750805 21.137481898069382 406.59525868296623 45.186629354953766 73.708349287509918 144.09043940901756 163.68184225261211 43.388757422566414 16.881827175617218 56.491315081715584 10.452908098697661 84.255123972892761 19.078661814332008 24.891562223434448 14.979413062334059 150.59476420283318 201.61091786623001 73.094250932335854 13.59381030499935 28.57168060541153 40.473555877804756 4.7401316016912451 143.47007213532925 7.6215774416923505 6.1487853974103928 209.29372651875019 23.492082998156548 36.9975655823946
leaf_count=564 1175 41 554 86 1769 183 295 621 666 189 70 239 43 338 78 100 61 728 810 317 55 116 194 20 596 31 26 896 98 151
internal_value=0 0.00189557 0.00115343 0.00472206 0.00322163 3.62127e-05 0.000941013 0.00253476 -0.00288141 0.00610253 0.00536972 -0.00629953 -0.00547396 -0.00341543 -0.003094 -0.00160429 0.000334808 0.0085994 -0.00313382 0.00318268 0.000262308 0.00907765 0.00630648 -0.0093037 -0.00406063 -0.00683262 -0.000297774 -0.0071437 -0.0049634 -0.00710129
internal_weight=0 2017.86 1598.22 419.641 1056.62 190.01 589.751 431.787 541.607 466.866 423.477 606.87 476.049 157.963 173.002 405.164 178.661 229.631 226.502 131.875 58.7804 219.64 69.0452 130.821 153.923 303.047 13.7704 289.277 79.9834 58.135
internal_count=11110 8519 6648 1871 4457 792 2429 1796 2191 2028 1839 2591 2007 633 717 1637 727 1079 910 555 238 1038 310 584 639 1290 57 1233 337 237
is_linear=0
shrinkage=0.01


Tree=70
num_leaves=31
num_cat=0
split_feature=3 13 4 1 1 1 1 1 3 2 4 3 2 1 3 2 5 2 3 13 1 13 7 2 1 2 2 1 1 5
split_gain=307.699 46.5412 15.2068 11.7427 27.3074 16.8642 17.6185 8.98324 6.72929 7.17322 7.79256 6.78296 7.28287 8.47287 8.10949 6.58451 4.75567 4.64349 4.52147 4.95972 4.51165 3.98689 4.23034 3.74737 3.6678 3.28652 3.08615 3.53868 2.90626 2.87125
threshold=82.500000000000014 1.9893954440181785 40.500000000000007 215631315806.50003 415074950739.00006 1473615205230.5002 2344444752425.5005 632859014102.00012 31.500000000000004 40.500000000000007 70.500000000000014 3.5000000000000004 29.500000000000004 2621383336393.0005 10.500000000000002 14.500000000000002 12.500000000000002 79.500000000000014 88.500000000000014 3.9271668707501575 2384278442386.0005 3.9290950592199776 45.500000000000007 46.500000000000007 248877211243.50003 100.50000000000001 27.500000000000004 3784361541277.0005 758916131642.50012 41.500000000000007
decision_type=2 2 2 2 2 2 2 2 2 2 2 2 2 2 2 2 2 2 2 2 2 2 2 2 2 2 2 2 2 2
left_child=2 3 16 17 24 7 -7 -6 11 10 -10 -4 14 -14 -13 18 -1 -2 -3 20 -20 -18 29 26 -5 -19 27 -17 -12 -23
right_child=1 15 8 4 5 6 -8 -9 9 -11 28 12 13 -15 -16 23 21 25 19 -21 -22 22 -24 -25 -26 -27 -28 -29 -30 -31
leaf_value=-0.011214077357506737 -0.0025508515098307144 0.0057725887293502264 0.0044001259469669644 0.0030906650263066381 0.0094409930644313959 -0.00020521577648429228 0.0027116125345428501 0.003982878746774104 0.0062223158388479338 0.0017380866069014193 -0.010740532740941005 -0.0056251354141435899 -0.0017704329317988633 -0.0068588949351851402 -0.011229981639911799 -0.0046273934615142717 -0.010856289007653739 0.013923942868678891 -0.0024411609538167026 -0.0082363875972070229 0.00047183249073888187 -0.013949166716884081 -0.0063608036827416583 0.0035771676427501105 -0.003117488943857381 0.0067955278191265314 -0.0088220022357932415 0.00087041536057234892 -0.0047298204460794833 -0.005014362228748172
leaf_weight=52.073984116315842 4.6725372076034537 10.228245884180067 6.0415340960025778 10.527237132191656 32.943746984004974 268.80346038937569 901.91464011371136 356.10985659062862 6.0352426320314398 24.586228206753731 9.6054739356040937 53.508934810757637 54.819784343242645 81.184237748384476 49.877266392111778 61.934410884976387 33.760993704199791 7.6133131235837928 90.12804801762104 9.1510126590728742 129.65601472556591 13.269649192690851 122.4366160184145 6.3709841966629019 99.125003218650818 42.982136473059654 13.215633079409598 14.436358958482741 49.490206211805344 4.9340090155601493
leaf_count=237 19 42 25 44 142 1141 3835 1504 25 100 40 228 227 345 215 259 147 32 370 38 532 61 532 26 420 182 55 60 205 22
internal_value=0 0.00178974 -0.00656044 0.00245234 0.00230221 0.00264131 0.00204189 0.00444505 -0.00520778 -0.00286413 -0.00460142 -0.0060645 -0.0063286 -0.00480786 -0.00832912 -0.0016203 -0.00856216 0.00698731 -0.000732424 -0.00102305 -0.000722715 -0.00777033 -0.00702954 -0.00383324 -0.00252147 0.00786817 -0.00436023 -0.00358814 -0.00570681 -0.0115274
internal_weight=0 2059.81 561.624 1724.69 1669.42 1559.77 1170.72 389.054 335.149 89.7172 65.1309 245.432 239.39 136.004 103.386 335.121 226.475 55.268 239.163 228.935 219.784 174.401 140.64 95.9574 109.652 50.5954 89.5864 76.3708 59.0957 18.2037
internal_count=11110 8701 2409 7319 7086 6622 4976 1646 1410 370 270 1040 1015 572 443 1382 999 233 982 940 902 762 615 400 464 214 374 319 245 83
is_linear=0
shrinkage=0.01


Tree=71
num_leaves=31
num_cat=0
split_feature=3 12 0 0 0 0 0 0 0 12 0 0 4 0 12 0 0 0 0 1 0 1 0 0 3 0 12 3 12 12
split_gain=302.054 44.6646 51.2368 91.821 55.587 55.4615 50.0009 28.6679 27.791 22.4334 19.6461 19.1179 14.7511 14.6856 12.5415 10.2773 9.13019 14.7805 8.79798 7.13905 6.87187 6.62812 5.5399 5.26438 11.256 7.26593 5.39795 5.37421 5.25852 4.99738
threshold=84.500000000000014 1.9789033726770087 4643066.5000000009 4583097.5000000009 5494016.0000000009 4505563.5000000009 4492123.5000000009 4532379.5000000009 4583097.5000000009 1.9201131192834737 5498003.0000000009 4543160.0000000009 40.500000000000007 5556929.5000000009 1.9902329949527153 4642662.5000000009 5491238.5000000009 5491476.0000000009 5496591.0000000009 215631309328.50003 5556929.5000000009 3289799711263.0005 5505757.0000000009 4586985.5000000009 19.500000000000004 4263720.5000000009 2.9784727970349349 4.5000000000000009 2.9383532594823736 1.9260488722558582
decision_type=2 2 2 2 2 2 2 2 2 2 2 2 2 2 2 2 2 2 2 2 2 2 2 2 2 2 2 2 2 2
left_child=12 2 3 5 16 6 -2 -7 11 19 29 -3 -1 14 -10 -11 -4 -18 23 -5 -12 -16 28 24 26 -26 -14 -25 -20 -6
right_child=1 8 4 9 10 7 -8 -9 13 15 20 -13 18 -15 21 -17 17 -19 22 -21 -22 -23 -24 27 25 -27 -28 -29 -30 -31
leaf_value=-0.0084248661521017214 0.0029187957073537464 -0.00052765675114715852 0.010294799207828133 0.0055376158741132281 -0.0092657682320695291 0.010810761072949619 -0.0041226951303213596 0.0045382101933924878 -0.0090567683485829158 0.001895989688477942 0.00039089044561892177 0.0077575690537620545 -0.0080934776399040152 0.0064967052004979865 -0.0050173814294415609 -0.010651850125230889 0.0007638366604695296 0.0099471622617791008 0.0069767325666472684 -0.0042038448358442384 0.0052916200172559921 -0.00051395613234085462 -0.0080260416864398384 0.0030075510359778824 -0.011184566717680998 0.0019077861157346403 -0.0026647902286852094 -0.0070066535894268379 -0.0022573273470887271 -0.0017971483008183619
leaf_weight=228.73838926851749 376.03711007535458 94.191324219107628 150.44788765907288 7.7300357222557059 17.447021022439003 93.191363289952278 137.79738032817841 334.02571134269238 48.704942166805267 114.48129776120186 52.83973640203476 39.54219813644886 51.966861516237259 12.492163881659506 78.115879327058792 6.9220954179763785 31.0318893045187 40.27021960914135 11.660643696784978 280.91457110643387 62.403233930468559 56.190277904272079 6.9237458109855643 5.5230197161436072 4.8228811025619498 35.00933563709259 28.286168426275253 180.42651879787445 13.09017254412174 18.415332347154617
leaf_count=1011 1572 382 731 31 70 426 552 1432 205 467 214 174 220 53 317 28 126 194 47 1130 272 227 29 23 20 144 119 766 54 74
internal_value=0 0.00178431 0.00242887 0.00152323 0.00571059 0.00324406 0.00103045 0.00590648 -0.0015907 -0.00242604 0.00103314 0.00192211 -0.00646406 -0.00399363 -0.00470969 0.00118055 0.0088979 0.00595042 -0.00513596 -0.00394296 0.0030446 -0.00313326 -0.000118893 -0.00565523 -0.00402315 0.000322565 -0.00618007 -0.00670921 0.00209304 -0.00543063
internal_weight=0 2053.19 1723.95 1351.1 372.855 941.052 513.834 427.217 329.237 410.048 151.105 133.734 566.448 195.503 183.011 121.403 221.75 71.3021 337.709 288.645 115.243 134.306 31.6746 306.035 120.085 39.8322 80.253 185.95 24.7508 35.8624
internal_count=11110 8677 7319 5638 1681 3982 2124 1858 1358 1656 630 556 2433 802 749 495 1051 320 1422 1161 486 544 130 1292 503 164 339 789 101 144
is_linear=0
shrinkage=0.01


Tree=72
num_leaves=31
num_cat=0
split_feature=3 0 0 0 0 0 0 0 0 0 0 5 3 0 2 2 0 2 1 0 0 0 0 0 1 4 1 2 1 0
split_gain=296.583 41.0001 128.162 73.9746 67.0734 41.0336 39.3458 101.971 25.5476 24.2775 49.3553 14.6455 14.8142 13.3779 12.6121 11.7123 12.1699 11.2267 10.2107 10.0171 13.6599 8.91629 8.72187 21.0465 7.81961 6.85688 6.78898 6.15819 5.83025 6.79442
threshold=102.50000000000001 4643066.5000000009 4583097.5000000009 5494016.0000000009 4505563.5000000009 5496965.5000000009 4492123.5000000009 4379747.0000000009 4587555.5000000009 4583087.5000000009 4583075.5000000009 41.500000000000007 29.500000000000004 4493360.5000000009 58.500000000000007 145.50000000000003 4642662.5000000009 12.500000000000002 308877313997.50006 5491238.5000000009 5491476.0000000009 4589803.5000000009 5556929.5000000009 5505757.0000000009 415074950739.00006 88.500000000000014 701677527733.00012 4.5000000000000009 215631319538.00003 4377787.5000000009
decision_type=2 2 2 2 2 2 2 2 2 2 2 2 2 2 2 2 2 2 2 2 2 2 2 2 2 2 2 2 2 2
left_child=11 2 4 17 6 -5 7 -2 18 10 -6 25 26 -8 27 16 -10 -3 -4 -19 -21 -17 23 -7 -20 -1 28 -14 -13 -30
right_child=1 3 8 5 9 22 13 -9 15 -11 -12 12 14 -15 -16 21 -18 19 24 20 -22 -23 -24 -25 -26 -27 -28 -29 29 -31
leaf_value=-0.0095711448514804939 -0.000967155571682965 -0.0054453246878993049 0.0056821990671361974 -0.0069833949254679397 0.0059534562902195196 0.0035264846557393841 -0.0064755474394860516 0.0093527773802535609 0.0011250072840404792 0.013131019865555751 -0.011491441202920227 -0.011755914884614853 0.003465782233443552 -0.000642562347863236 0.004676034553827116 0.0025561777980943109 -0.0082938118389490664 0.010294502529412646 -0.017623286257351069 0.00075626861453216706 0.0095697960092722533 -0.0037876043432820356 0.0054227914492414233 -0.010671314301074994 -0.0066188732247862148 0.0026908190692103667 -0.0072925255159034617 -0.0044887202206166897 -0.0089862270783044353 0.00086414749362201545
leaf_weight=124.96698713302612 287.52787715196609 5.6493036150932303 6.4625372737646094 58.039688751101494 404.89672105014324 45.152943149209023 73.71768407523632 143.54858343303204 163.55513851344585 43.136525169014931 16.894697815179825 6.5681745409965506 10.442879736423491 84.263309299945831 19.065044835209846 24.891989454627037 14.974094673991202 150.53366853296757 6.815098673105239 31.029015898704529 40.587741643190384 201.55834449827671 72.829867720603943 13.581382140517233 122.99625183641911 4.7331654727458945 257.10120962560177 143.08470402657986 9.275252550840376 28.576030477881432
leaf_count=564 1175 23 26 237 1769 183 295 621 666 189 70 28 43 338 78 100 61 734 28 126 196 810 317 55 500 20 1102 596 39 121
internal_value=0 0.00184487 0.00111478 0.00463512 0.00314597 2.0712e-05 0.000904813 0.00246939 -0.00284057 0.00598548 0.00525471 -0.00614603 -0.00533145 -0.00336437 -0.00299506 -0.00158029 0.000335006 0.00847582 -0.00658585 0.00882984 0.00575121 -0.00309028 0.00311058 0.000243469 -0.00719661 -0.00912367 -0.00666882 -0.00394766 -0.00305881 -0.00154963
internal_weight=0 2012.64 1595.24 417.404 1053.99 189.604 589.057 431.076 541.253 464.928 421.791 603.813 474.113 157.981 172.593 404.98 178.529 227.8 136.274 222.15 71.6168 226.45 131.564 58.7343 129.811 129.7 301.521 153.528 44.4195 37.8513
internal_count=11110 8519 6648 1871 4457 792 2429 1796 2191 2028 1839 2591 2007 633 717 1637 727 1079 554 1056 322 910 555 238 528 584 1290 639 188 160
is_linear=0
shrinkage=0.01


Tree=73
num_leaves=31
num_cat=0
split_feature=3 12 0 0 0 0 0 2 0 2 0 0 4 0 2 0 0 0 0 0 1 0 2 0 3 2 2 3 0 2
split_gain=291.217 44.1725 49.6331 88.2078 54.0038 53.8618 56.6007 44.7272 27.5645 21.7668 18.8286 18.6064 14.7696 14.2887 14.0634 10.5381 10.0576 8.96228 14.4082 7.78816 7.13186 6.61623 5.50805 5.29677 11.4611 8.52778 5.37952 5.29689 5.25185 8.8798
threshold=82.500000000000014 1.9789033726770087 4643066.5000000009 4583097.5000000009 5494016.0000000009 4378387.5000000009 4487724.5000000009 145.50000000000003 4583097.5000000009 141.00000000000003 5498003.0000000009 4543160.0000000009 40.500000000000007 5556929.5000000009 15.500000000000002 4587345.5000000009 4587374.0000000009 5491238.5000000009 5491476.0000000009 5496591.0000000009 4084856404488.5005 5556929.5000000009 9.5000000000000018 4586985.5000000009 19.500000000000004 70.500000000000014 11.500000000000002 4.5000000000000009 5505757.0000000009 40.500000000000007
decision_type=2 2 2 2 2 2 2 2 2 2 2 2 2 2 2 2 2 2 2 2 2 2 2 2 2 2 2 2 2 2
left_child=12 2 3 5 17 7 -7 -2 11 16 -6 -3 -1 14 15 -10 -5 -4 -19 23 -11 -12 -15 24 26 -26 -14 -25 29 -21
right_child=1 8 4 9 10 6 -8 -9 13 20 21 -13 19 22 -16 -17 -18 18 -20 28 -22 -23 -24 27 25 -27 -28 -29 -30 -31
leaf_value=-0.0083829486858834606 0.0054085494057821374 -0.0004970769647170371 0.010178352957693836 -0.0070185286053215138 -0.0053100421573680657 0.01162292589682469 0.0034612885768996876 -0.0036050674578478048 -0.01712834289538348 -0.0042943585212135045 0.00038779364019263306 0.0076248503179791958 -0.00087501482194104682 0.00011419873500076459 -0.0092236174297203738 -0.0024533568763355001 0.0021905812665644407 0.00074877524281008565 0.0098322267543084468 -0.0027879908737422272 0.0019287044312221535 0.0052007177724585352 0.013431895050078899 0.0030384335380583293 -0.0015134851282186438 0.011175065448189882 -0.0073617928643323581 -0.0069074347837793752 -0.0079084615938370406 0.0098884371021115101
leaf_weight=224.76075279712677 80.640681535005569 96.329142346978188 149.13897386193275 13.321460247039793 35.838656976819038 99.393843039870262 585.53473265469074 173.49238921701908 5.0826557427644721 268.73034811019897 52.807385116815567 39.884831637144089 15.973420679569243 6.5734421461820585 49.467339739203453 131.38867971301079 108.04782661795616 31.026161596179008 39.944826081395149 14.589147314429288 19.770837962627411 62.210329785943031 5.8866443336009979 5.5196954309940329 32.49432285130024 6.3283418715000144 64.039263635873795 179.14183884859085 6.90285700559616 8.8952773064374906
leaf_count=999 335 391 731 54 144 438 2504 705 21 1081 214 176 67 28 208 533 441 126 194 60 80 272 25 23 134 26 272 763 29 36
internal_value=0 0.00174154 0.0023883 0.00149744 0.00562768 0.00318685 0.00464567 -0.000744896 -0.00158277 -0.00237319 0.00101893 0.00188111 -0.00640117 -0.00396096 -0.00465567 -0.0029999 0.00117979 0.00878637 0.00586124 -0.0050671 -0.0038679 0.00299099 0.00640601 -0.00555037 -0.00390356 0.00055483 -0.0060668 -0.00661014 -0.000240397 0.0020135
internal_weight=0 2054.51 1719.9 1348.93 370.966 939.062 684.929 254.133 334.613 409.87 150.856 136.214 558.645 198.399 185.939 136.471 121.369 220.11 70.971 333.884 288.501 115.018 12.4601 303.497 118.835 38.8227 80.0127 184.662 30.3873 23.4844
internal_count=11110 8701 7319 5638 1681 3982 2942 1040 1382 1656 630 567 2409 815 762 554 495 1051 320 1410 1161 486 53 1285 499 160 339 786 125 96
is_linear=0
shrinkage=0.01


Tree=74
num_leaves=31
num_cat=0
split_feature=3 12 0 0 0 0 0 0 0 2 0 0 4 0 2 0 0 0 0 0 1 0 2 0 3 2 2 3 0 2
split_gain=285.899 43.3422 48.8524 86.5209 53.433 53.2673 48.3335 28.4785 27.0374 21.3401 18.4643 18.2796 14.5823 14.017 13.8366 10.3702 9.95606 8.88328 14.2226 7.64773 6.9924 6.50139 5.42107 5.20847 11.2562 8.35792 5.29039 5.20377 5.15489 8.7089
threshold=82.500000000000014 1.9789033726770087 4643066.5000000009 4583097.5000000009 4505563.5000000009 5494016.0000000009 4492123.5000000009 4532379.5000000009 4583097.5000000009 141.00000000000003 5498003.0000000009 4543160.0000000009 40.500000000000007 5556929.5000000009 15.500000000000002 4587345.5000000009 4642662.5000000009 5491238.5000000009 5491476.0000000009 5496591.0000000009 4084856404488.5005 5556929.5000000009 9.5000000000000018 4586985.5000000009 19.500000000000004 70.500000000000014 11.500000000000002 4.5000000000000009 5505757.0000000009 40.500000000000007
decision_type=2 2 2 2 2 2 2 2 2 2 2 2 2 2 2 2 2 2 2 2 2 2 2 2 2 2 2 2 2 2
left_child=12 2 3 4 6 17 -2 -6 11 16 -7 -3 -1 14 15 -10 -5 -4 -19 23 -11 -12 -15 24 26 -26 -14 -25 29 -21
right_child=1 8 5 9 7 10 -8 -9 13 20 21 -13 19 22 -16 -17 -18 18 -20 28 -22 -23 -24 27 25 -27 -28 -29 -30 -31
leaf_value=-0.0083210151578356605 0.0028452579780896743 -0.00049209827026976615 0.010121062575938937 0.0018735863805996022 0.010686242704167187 -0.0052585223011893476 -0.0040798046959760479 0.0044141518244180441 -0.017007940303400838 -0.0042527608047892443 0.00038392394982828969 0.0075639142309662927 -0.00086642596071267737 0.00011305899638179857 -0.0091488164983323499 -0.0024293881074580271 -0.010467708630550149 0.00074135570589673285 0.0097745559733325368 -0.0027611171856278681 0.0019098057751061328 0.0051565912717145322 0.013335018673088613 0.0030063322308288448 -0.0014986901975171029 0.011062875470836977 -0.0073008300362950931 -0.0068492433707487534 -0.0078424673643276224 0.0097962456855453881
leaf_weight=224.17227400839329 375.15569913387299 96.330678373575211 148.48662497103214 114.39611026644707 92.519783779978752 35.827938929200172 137.80874542891979 332.76695603132248 5.0675261318683615 268.64572954177856 52.806244701147079 39.804492071270943 15.970463573932646 6.5732866227626783 49.373539283871651 131.35829040408134 6.9329783767461768 31.023327991366386 39.779530271887779 14.583857506513601 19.766832873225212 62.115733936429024 5.870198130607605 5.5228321701288214 32.486989751458168 6.3285915404558173 63.928814306855202 178.85862101614475 6.8913927972316733 8.8892302066087705
leaf_count=999 1572 391 731 467 426 144 552 1432 21 1081 214 176 67 28 208 533 28 126 194 60 80 272 25 23 134 26 272 763 29 36
internal_value=0 0.00172592 0.00236702 0.00148352 0.00315774 0.00558548 0.000984828 0.00577863 -0.00156805 -0.0023502 0.00100947 0.0018634 -0.00634873 -0.00392446 -0.0046126 -0.00297091 0.00116838 0.00873124 0.00581652 -0.00502284 -0.0038304 0.00296357 0.0063505 -0.00550217 -0.00386848 0.00054938 -0.00601471 -0.00655404 -0.000238179 0.00199434
internal_weight=0 2052.41 1718.03 1347.99 938.251 370.039 512.964 425.287 334.378 409.742 150.75 136.135 557.633 198.243 185.799 136.426 121.329 219.289 70.8029 333.461 288.413 114.922 12.4435 303.096 118.715 38.8156 79.8993 184.381 30.3645 23.4731
internal_count=11110 8701 7319 5638 3982 1681 2124 1858 1382 1656 630 567 2409 815 762 554 495 1051 320 1410 1161 486 53 1285 499 160 339 786 125 96
is_linear=0
shrinkage=0.01


Tree=75
num_leaves=31
num_cat=0
split_feature=3 0 0 0 0 0 0 0 2 0 2 4 0 0 0 2 0 1 0 0 1 0 0 1 3 2 4 1 1 0
split_gain=280.706 38.977 120.993 70.7965 64.6921 52.6048 81.1014 38.9515 29.8793 24.7715 19.2053 14.1468 12.3687 11.2797 24.6162 10.8036 10.3451 10.0485 9.76318 13.126 8.95443 8.24348 20.6833 7.74352 7.13885 8.01363 6.11738 5.90704 7.66757 5.61563
threshold=102.50000000000001 4643066.5000000009 4583097.5000000009 5494016.0000000009 4378387.5000000009 4487724.5000000009 4505563.5000000009 5496965.5000000009 145.50000000000003 4587555.5000000009 24.500000000000004 40.500000000000007 4262097.0000000009 4589803.5000000009 4590057.5000000009 12.500000000000002 5496591.0000000009 308877313997.50006 5491238.5000000009 5491476.0000000009 3784361560906.0005 5556929.5000000009 5505757.0000000009 415074950739.00006 52.500000000000007 59.500000000000007 108.00000000000001 3704300936374.0005 3475289727059.0005 4494768.0000000009
decision_type=2 2 2 2 2 2 2 2 2 2 2 2 2 2 2 2 2 2 2 2 2 2 2 2 2 2 2 2 2 2
left_child=11 2 4 15 8 -6 -7 -5 10 17 -2 -1 -10 20 -15 -3 24 -4 -17 -20 -11 22 -9 -19 29 26 -26 28 -18 -13
right_child=1 3 9 7 5 6 -8 21 12 13 -12 16 -14 14 -16 18 27 23 19 -21 -22 -23 -24 -25 25 -27 -28 -29 -30 -31
leaf_value=-0.007817959427698265 -0.003790495240951861 -0.0053490537670034853 0.005721523651569054 -0.0068148293744612889 0.011288702163024206 -0.0017534287117560302 0.005857572369912206 0.0035005658498935529 0.0025464643688151846 0.0015998614163107417 0.0055254187242326971 -0.0036510975002364892 -0.0047574566739419346 -0.0130216836633705 -0.0014909397877901156 0.010123882653430158 0.0011576038944997641 -0.017453936901503594 0.00073400891597220322 0.0093971057695490332 0.015875356836572024 0.0052873002205937507 -0.010581472368638576 -0.0064827551386706398 0.0066999440160243782 0.006811420936266621 -0.0049753022657513133 0.0099803135439748576 -0.012821163621004253 -0.0068534869062485031
leaf_weight=249.25748687982559 30.274634078145027 5.6419699788093558 6.4599178731441489 57.908064410090446 101.39244984090328 200.73511432111263 462.77189955115318 45.127431884407997 27.564275592565536 41.985963076353073 82.252497360110283 77.189005792140961 145.94455644488335 19.586466893553734 338.21272379159927 148.5726764947176 22.454920634627346 6.7890571355819693 31.020513817667961 40.097100526094437 4.9075408428907386 72.495270907878876 13.565389186143873 122.7585244178772 5.0683506876230231 8.7985719591379148 39.179350018501282 5.6150023043155661 4.7548037618398658 188.43566326797009
leaf_count=1106 122 23 26 237 448 812 2028 183 112 170 342 326 593 79 1368 734 92 28 126 196 20 317 55 500 21 36 160 23 20 807
internal_value=0 0.00179654 0.00108527 0.00452821 0.00306291 0.00458012 0.00355497 1.63961e-05 -0.000994315 -0.00275859 0.00301904 -0.00599567 -0.00359713 -0.00151775 -0.00212215 0.00831447 -0.00470343 -0.00645074 0.00866537 0.00561838 0.00309383 0.00303178 0.000245852 -0.00705771 -0.00525403 -0.00190476 -0.00363796 0.000641933 -0.00128514 -0.00592289
internal_weight=0 2006.06 1591.64 414.428 1050.94 764.899 663.507 189.096 286.036 540.7 112.527 600.753 173.509 404.693 357.799 225.332 351.496 136.007 219.69 71.1176 46.8935 131.188 58.6928 129.548 318.671 53.0463 44.2477 32.8247 27.2097 265.625
internal_count=11110 8519 6648 1871 4457 3288 2840 792 1169 2191 464 2591 705 1637 1447 1079 1485 554 1056 322 190 555 238 528 1350 217 181 135 112 1133
is_linear=0
shrinkage=0.01


Tree=76
num_leaves=31
num_cat=0
split_feature=3 12 4 1 1 1 1 1 3 12 3 2 12 3 4 2 5 3 12 2 1 12 7 2 1 2 12 2 2 1
split_gain=275.81 41.6233 14.2303 11.6644 26.966 16.7851 17.238 8.72686 6.21508 6.71981 6.50666 7.28298 8.70752 8.03558 6.45558 6.03844 4.78463 4.57654 4.77915 4.4906 4.37213 4.00069 4.2586 3.77446 3.70681 3.52694 3.44853 3.24749 2.9839 3.42685
threshold=82.500000000000014 1.9789033726770087 40.500000000000007 215631315806.50003 415074950739.00006 1473615205230.5002 2344444752425.5005 632859014102.00012 31.500000000000004 2.8663034647851817 3.5000000000000004 29.500000000000004 2.91782434200594 10.500000000000002 70.500000000000014 14.500000000000002 12.500000000000002 88.500000000000014 3.8567271927466504 79.500000000000014 2384278442386.0005 3.8604065063727036 45.500000000000007 40.500000000000007 248877211243.50003 46.500000000000007 3.8063117593323859 100.50000000000001 27.500000000000004 3784361541277.0005
decision_type=2 2 2 2 2 2 2 2 2 2 2 2 2 2 2 2 2 2 2 2 2 2 2 2 2 2 2 2 2 2
left_child=2 3 16 19 24 7 -7 -6 10 -10 -4 13 -13 -12 -11 17 -1 -3 20 -2 -19 26 -23 -16 -5 28 -18 -21 29 -17
right_child=1 15 8 4 5 6 -8 -9 9 14 11 12 -14 -15 23 25 21 18 -20 27 -22 22 -24 -25 -26 -27 -28 -29 -30 -31
leaf_value=-0.010889288715528958 -0.002525997875006306 0.0058665081129208188 0.0044921942463199502 0.003024081647262858 0.0092658428755120099 -0.00031568003946818018 0.0025783002983519768 0.0038623518479181042 0.0075091357231018285 0.006145489628970045 -0.0053364368670628104 -0.0066041148332336153 -0.0014325720971533498 -0.010944138741619211 -0.0054575228381466123 -0.0044397254805061898 -0.0024620920606182061 -0.0023756854657826982 -0.0080718639652318531 0.013765848798053912 0.00049566719090237191 -0.011214973911703115 -0.0059828311848111682 -0.00022635620112535033 -0.0032316457955878786 0.0035347023081427065 -0.011804432103327982 0.00665952387197762 -0.0085772225849691103 0.00098575721141647252
leaf_weight=51.081919744610786 4.6657672673463813 10.210730522871016 6.030497044324874 10.478770449757574 32.644956350326538 267.19600635766983 896.09016840159893 354.02219758927822 6.0337545424699774 6.5049630850553504 53.045540750026703 80.033162280917168 54.885235190391541 49.304493278264999 58.771476373076439 61.525414332747459 4.5822057873010626 89.87160125374794 9.1137631088495237 7.570707142353057 129.36033941805363 17.855466768145561 120.81489370763302 18.022681578993797 98.593809485435486 6.3582338541746131 28.689468100667 42.705080777406693 13.124248430132864 14.358697116374968
leaf_count=237 19 42 25 44 142 1141 3835 1504 25 27 228 341 231 215 245 259 20 370 38 32 532 83 532 73 420 26 127 182 55 60
internal_value=0 0.0016962 -0.00624766 0.00232547 0.00217534 0.00251355 0.00191358 0.00431855 -0.00493728 -0.00268145 -0.00576556 -0.00602627 -0.00450031 -0.0080378 -0.0034196 -0.00153373 -0.00820205 -0.000683489 -0.000976379 0.00685869 -0.000681411 -0.00740371 -0.00665653 -0.00422983 -0.00263065 -0.00366058 -0.0105178 0.00772962 -0.00417457 -0.00341312
internal_weight=0 2047.89 555.656 1713.97 1659.03 1549.95 1163.29 386.667 332.632 89.3329 243.299 237.268 134.918 102.35 83.2991 333.923 223.024 238.556 228.346 54.9416 219.232 171.942 138.67 76.7942 109.073 95.3666 33.2717 50.2758 89.0084 75.8841
internal_count=11110 8701 2409 7319 7086 6622 4976 1646 1410 370 1040 1015 572 443 345 1382 999 982 940 233 902 762 615 318 464 400 147 214 374 319
is_linear=0
shrinkage=0.01


Tree=77
num_leaves=31
num_cat=0
split_feature=3 12 0 0 0 0 0 2 0 2 0 0 4 0 2 0 1 0 0 0 1 0 2 0 3 2 2 3 0 2
split_gain=270.741 40.8129 47.4803 83.1758 51.9153 55.252 51.8388 42.9815 26.2629 20.8975 17.7059 17.6776 14.0564 13.5442 13.4621 10.1791 9.91915 8.74313 13.8884 7.36375 6.89482 6.27003 5.34667 5.05623 10.9685 8.14247 5.21172 5.08199 5.02257 8.48819
threshold=82.500000000000014 1.9789033726770087 4643066.5000000009 4583097.5000000009 4378387.5000000009 4487724.5000000009 5494016.0000000009 145.50000000000003 4583097.5000000009 141.00000000000003 4543160.0000000009 5498003.0000000009 40.500000000000007 5556929.5000000009 15.500000000000002 4587345.5000000009 2142597719344.0002 5491238.5000000009 5491476.0000000009 5496591.0000000009 215631309328.50003 5556929.5000000009 9.5000000000000018 4586985.5000000009 19.500000000000004 28.500000000000004 11.500000000000002 4.5000000000000009 5505757.0000000009 40.500000000000007
decision_type=2 2 2 2 2 2 2 2 2 2 2 2 2 2 2 2 2 2 2 2 2 2 2 2 2 2 2 2 2 2
left_child=12 2 3 4 7 -6 17 -2 10 16 -3 -8 -1 14 15 -10 -5 -4 -19 23 -11 -13 -15 24 26 -26 -14 -25 29 -21
right_child=1 8 6 9 5 -7 11 -9 13 20 -12 21 19 22 -16 -17 -18 18 -20 28 -22 -23 -24 27 25 -27 -28 -29 -30 -31
leaf_value=-0.0081422995638852497 0.0052629900578502085 -0.00045100296558343861 0.0099962602381643388 0.0039719541348549221 0.011441370315507956 0.0033450534878267284 -0.0051599784965800678 -0.0035822643050675662 -0.016841685595111542 0.0055259662539930404 0.0074874029285299125 0.00035670199984343543 -0.00076347064403685632 7.5108070299459071e-05 -0.0090054607419044336 -0.0023663354884349646 -0.0017485784015400636 0.00070453287336884633 0.0096500671296331827 -0.0026911933264571366 -0.004047589026152305 0.0050487510179478235 0.013222760923986316 0.0030458877780096105 -0.0043001031589428992 0.0048894758951489861 -0.0071584858608430548 -0.0066978921300987282 -0.0077181442842750563 0.0097121927519667247
leaf_weight=222.41748408973217 80.383353263139725 96.313933968544006 147.04465948045254 61.595135912299156 98.526650294661522 583.31347621977329 35.805440485477448 173.53769291937351 5.0446503460407248 7.7300130873918524 39.668275982141495 52.764722645282745 15.933428734540938 6.5656310170888883 49.178363665938377 131.253118917346 59.679451078176498 31.008781984448433 39.417782291769981 14.566215202212339 280.55923567712307 61.881377965211868 5.8480511754751205 5.518696814775466 18.048660323023796 20.700665295124054 63.659722998738289 178.04133413732052 6.8654204607009879 8.8815611600875837
leaf_count=999 335 391 731 253 438 2504 144 705 21 31 176 214 67 28 208 533 242 126 194 60 1130 272 25 23 75 85 272 763 29 36
internal_value=0 0.00167988 0.00230319 0.00143261 0.00307759 0.00451498 0.00548652 -0.000782137 -0.00151863 -0.00232583 0.00186476 0.000973667 -0.00619667 -0.00384357 -0.00452038 -0.0029021 0.00115687 0.00860862 0.00571135 -0.00489408 -0.00379089 0.00288928 0.00626893 -0.00536584 -0.00375408 0.000609154 -0.00587829 -0.00640495 -0.000195604 0.00200697
internal_weight=0 2047.12 1713.25 1345.33 935.761 681.84 367.923 253.921 333.872 409.564 135.982 150.452 554.633 197.89 185.476 136.298 121.275 217.471 70.4266 332.216 288.289 114.646 12.4137 301.903 118.342 38.7493 79.5932 183.56 30.3132 23.4478
internal_count=11110 8701 7319 5638 3982 2942 1681 1040 1382 1656 567 630 2409 815 762 554 495 1051 320 1410 1161 486 53 1285 499 160 339 786 125 96
is_linear=0
shrinkage=0.01


Tree=78
num_leaves=31
num_cat=0
split_feature=3 12 0 0 0 0 0 0 0 12 0 0 4 0 12 0 0 0 0 1 1 0 0 3 0 12 3 0 0 12
split_gain=265.802 40.0452 46.7342 81.5839 51.6519 51.1336 46.9787 28.2915 25.7613 20.4872 17.3956 17.3358 13.879 13.2871 11.5779 9.75294 8.66683 13.7101 7.23093 6.92024 6.81895 6.16107 4.97239 10.7726 7.40078 5.13872 4.9927 4.93001 5.96847 4.91748
threshold=82.500000000000014 1.9789033726770087 4643066.5000000009 4583097.5000000009 4505563.5000000009 5494016.0000000009 4492123.5000000009 4532379.5000000009 4583097.5000000009 1.9201131192834737 4543160.0000000009 5498003.0000000009 40.500000000000007 5556929.5000000009 1.9902329949527153 4642662.5000000009 5491238.5000000009 5491476.0000000009 5496591.0000000009 3289799711263.0005 4084856404488.5005 5556929.5000000009 4586985.5000000009 19.500000000000004 4263720.5000000009 2.9784727970349349 4.5000000000000009 5505757.0000000009 5498387.5000000009 1.9260488722558582
decision_type=2 2 2 2 2 2 2 2 2 2 2 2 2 2 2 2 2 2 2 2 2 2 2 2 2 2 2 2 2 2
left_child=12 2 3 4 6 16 -2 -6 10 20 -3 29 -1 14 -10 -11 -4 -18 22 -16 -5 -13 23 25 -25 -14 -24 28 -20 -7
right_child=1 8 5 9 7 11 -8 -9 13 15 -12 21 18 -15 19 -17 17 -19 27 -21 -22 -23 26 24 -26 -27 -28 -29 -30 -31
leaf_value=-0.0080824896096473274 0.0027514034757118323 -0.00044648686979759057 0.0099405178251558406 -0.0041712917956835318 0.01054861646956118 -0.0089193837219819338 -0.0040787031388256952 0.0042739370261568868 -0.0086954860309770687 0.0018442298911419889 0.0074277178841479731 0.00035314223076218283 -0.0077081092075909161 0.0062149557352865689 -0.0049146411517832327 -0.010366332837091716 0.00069754854788829927 0.0095939029777160848 -0.0012513632958383997 -0.00036567130750123772 0.0019147609701648473 0.005005896404718665 0.0030137005627663836 -0.011022641172102337 0.0022461894227952229 -0.0023891184431412446 -0.006641658138820462 -0.0076540676727241365 0.0098499444443956585 -0.001503531605034768
leaf_weight=221.82570220530033 374.03273224830627 96.315232545137405 146.3938060104847 268.45183145999908 91.75601452589035 17.407468304038048 137.80664306879044 331.35366454720497 48.184023022651672 114.31415362656116 39.587565064430237 52.763646364212036 51.384471580386162 12.396457746624945 79.338900104165077 6.9383280724287024 31.006069645285606 39.252882972359657 16.597362518310554 57.809534177184105 19.765112578868866 61.787495151162148 5.5218454897403708 4.797589197754859 33.946318969130516 28.094088271260262 177.75473913550377 6.8537249118089667 6.8384065777063361 18.386154815554619
leaf_count=999 1572 391 731 1081 426 70 552 1432 205 467 176 214 220 53 323 28 126 194 68 234 80 272 23 20 140 119 763 29 28 74
internal_value=0 0.0016648 0.00228264 0.00141926 0.0030495 0.00544547 0.000912479 0.00563467 -0.00150453 -0.0023031 0.00184722 0.000964628 -0.00614606 -0.00380825 -0.00447868 0.00114552 0.00855492 0.00566784 -0.00485142 -0.0029972 -0.00375393 0.00286278 -0.00531934 -0.00372035 0.000603134 -0.00582795 -0.00635076 -0.000193806 0.00198793 -0.00511007
internal_weight=0 2045.05 1711.42 1344.42 934.949 366.998 511.839 423.11 333.632 409.469 135.903 150.345 553.614 197.729 185.332 121.252 216.653 70.259 331.789 137.148 288.217 114.551 301.499 118.222 38.7439 79.4786 183.277 30.2895 23.4358 35.7936
internal_count=11110 8701 7319 5638 3982 1681 2124 1858 1382 1656 567 630 2409 815 762 495 1051 320 1410 557 1161 486 1285 499 160 339 786 125 96 144
is_linear=0
shrinkage=0.01


Tree=79
num_leaves=31
num_cat=0
split_feature=3 12 0 0 0 0 0 2 0 2 0 0 4 0 2 0 0 0 0 0 1 0 2 0 3 2 2 3 0 2
split_gain=260.953 39.2952 45.9958 80.0319 50.9694 54.597 50.4384 42.1584 25.2697 20.0869 17.0909 17.0009 13.7062 13.0348 13.1121 10.0045 9.73465 8.59144 13.5343 7.10228 6.76692 6.05399 5.27086 4.89094 10.5809 8.03893 5.0794 4.90501 4.83886 8.26634
threshold=82.500000000000014 1.9789033726770087 4643066.5000000009 4583097.5000000009 4378387.5000000009 4487724.5000000009 5494016.0000000009 145.50000000000003 4583097.5000000009 141.00000000000003 4543160.0000000009 5498003.0000000009 40.500000000000007 5556929.5000000009 15.500000000000002 4587345.5000000009 4587374.0000000009 5491238.5000000009 5491476.0000000009 5496591.0000000009 215631309328.50003 5556929.5000000009 9.5000000000000018 4586985.5000000009 19.500000000000004 70.500000000000014 11.500000000000002 4.5000000000000009 5505757.0000000009 40.500000000000007
decision_type=2 2 2 2 2 2 2 2 2 2 2 2 2 2 2 2 2 2 2 2 2 2 2 2 2 2 2 2 2 2
left_child=12 2 3 4 7 -6 17 -2 10 16 -3 -8 -1 14 15 -10 -5 -4 -19 23 -11 -13 -15 24 26 -26 -14 -25 29 -21
right_child=1 8 6 9 5 -7 11 -9 13 20 -12 21 19 22 -16 -17 -18 18 -20 28 -22 -23 -24 27 25 -27 -28 -29 -30 -31
leaf_value=-0.008023195053132235 0.0051912123627025075 -0.00044201616675095456 0.009885234663992765 -0.0069360540233393978 0.011351099973476201 0.0032861047240703074 -0.005060822845062222 -0.0035735879236747955 -0.016692204848869789 0.005512050032035587 0.0073685632678917173 0.00034961796415462369 -0.00072783368548463758 1.2264951003430388e-05 -0.0088739096777572333 -0.002311095118055966 0.0021291748641283233 0.00069063356062436449 0.0095381900946496043 -0.0026671844801599209 -0.0039720601831572562 0.004963398424307687 0.013085435430145793 0.0029818847498874232 -0.0014133905438894032 0.01091742393312565 -0.007045316557177727 -0.0065859411488390033 -0.0075906253558839553 0.0095785223313290899
leaf_weight=221.23340952396393 80.254796460270882 96.316508278250694 145.74365590512753 13.306173682212828 98.081045970320702 582.12200406193733 35.780639946460724 173.55552567541599 5.0226264148950568 7.7305306047201148 39.506725892424583 52.762576788663864 15.920677632093428 6.5569501966238004 48.993961781263351 131.16869184374809 107.92934875190258 31.003376558423042 39.088167384266853 14.562392786145216 280.39326991140842 61.693845108151436 5.8227410018444061 5.5249386727809897 32.427105084061623 6.3170252591371527 63.443794906139374 177.46740335226059 6.8419574201107016 8.8701943606138212
leaf_count=999 335 391 731 54 438 2504 144 705 21 31 176 214 67 28 208 533 441 126 194 60 1130 272 25 23 134 26 272 763 29 36
internal_value=0 0.00164997 0.00226246 0.00140618 0.00302206 0.00444903 0.00540476 -0.000802159 -0.00149058 -0.00228069 0.00182984 0.000955679 -0.00609574 -0.00377332 -0.00443745 -0.00284146 0.00113422 0.00850164 0.00562468 -0.00480893 -0.0037176 0.00283652 0.00616118 -0.00527315 -0.00368674 0.000597083 -0.00577802 -0.00629707 -0.000191975 0.00196832
internal_weight=0 2042.83 1709.44 1343.37 934.013 680.203 366.072 253.81 333.388 409.359 135.823 150.237 552.609 197.565 185.185 136.191 121.236 215.835 70.0915 331.375 288.124 114.456 12.3797 301.101 118.109 38.7441 79.3645 182.992 30.2745 23.4326
internal_count=11110 8701 7319 5638 3982 2942 1681 1040 1382 1656 567 630 2409 815 762 554 495 1051 320 1410 1161 486 53 1285 499 160 339 786 125 96
is_linear=0
shrinkage=0.01


Tree=80
num_leaves=31
num_cat=0
split_feature=3 0 0 0 0 0 0 0 0 0 0 6 0 0 0 12 1 0 0 1 0 0 12 1 0 0 0 3 12 0
split_gain=256.219 36.4874 111.887 66.7511 61.9694 36.8722 94.8507 36.2609 24.3631 48.6892 23.8526 13.3696 13.1525 11.0562 24.1353 10.2228 9.8398 9.46122 12.4718 8.74461 8.52316 9.58437 11.8595 7.6618 7.64736 20.3564 7.00154 8.91409 7.69569 6.95852
threshold=102.50000000000001 4643066.5000000009 4583097.5000000009 5494016.0000000009 4505563.5000000009 4492123.5000000009 4379747.0000000009 5496965.5000000009 4583087.5000000009 4583075.5000000009 4587555.5000000009 90.000000000000014 4493360.5000000009 4589803.5000000009 4590057.5000000009 1.9915744832887996 308877313997.50006 5491238.5000000009 5491476.0000000009 3784361560906.0005 5496591.0000000009 4626776.0000000009 2.8862701996789428 415074950739.00006 5556929.5000000009 5505757.0000000009 4602524.5000000009 15.500000000000002 3.8639736166119625 4803689.5000000009
decision_type=2 2 2 2 2 2 2 2 2 2 2 2 2 2 2 2 2 2 2 2 2 2 2 2 2 2 2 2 2 2
left_child=11 2 4 15 5 6 -2 -5 9 -6 16 -1 -7 19 -15 17 -4 -3 -19 -12 21 26 29 -18 25 -9 27 -13 -28 -23
right_child=1 3 10 7 8 12 -8 24 -10 -11 13 20 -14 14 -16 -17 23 18 -20 -21 -22 22 -24 -25 -26 -27 28 -29 -30 -31
leaf_value=-0.0097322656996393104 -0.00099568144490294239 0.0098927993506701967 0.005753300152637259 -0.0066032708740609968 0.0056512612606861986 -0.0064308947379180014 0.0090081891235301373 0.0034637897912723871 0.012888763705153494 -0.011708365133642505 0.0016424825963072568 -0.0071250020128064617 -0.00064730333784318128 -0.012846086435426247 -0.0014226545849340961 -0.0052092691915036253 -0.017265364001157538 0.00068378653371058747 0.0091620633037924025 0.0157629081738236 -0.0013684172695808989 -0.0061851505040241865 -0.009718991791326452 -0.0063254414005506103 0.0050975602144941777 -0.010513498465695851 -0.0029304644250685318 -0.0037989528250769651 0.0086523871858331745 0.0066621089178093545
leaf_weight=74.02693210542202 287.21638494729996 145.83126701414585 6.4554895162582389 57.71119487285614 400.43319280445576 73.721386760473251 141.45566114783287 45.080871447920799 42.613758593797684 16.835981234908104 41.940813779830933 148.3207873404026 84.261461660265923 19.566215813159943 337.89099092781544 5.6305754333734503 6.7550089359283438 31.00070296227932 39.405112594366074 4.8979378193616858 52.46402245759964 9.7844754755496997 89.341950044035912 122.43400433659554 72.012376829981804 13.552027046680449 30.799931213259697 176.42581413686275 7.0488547384738913 7.4078784883022299
leaf_count=348 1175 734 26 237 1769 295 621 183 189 70 170 646 338 79 1368 23 28 126 196 20 222 42 390 500 317 55 132 750 31 30
internal_value=0 0.00171787 0.00103047 0.00437628 0.00293799 0.000783503 0.00230545 -1.71897e-06 0.00568638 0.00495083 -0.00266677 -0.00575536 -0.00334617 -0.00144933 -0.00204794 0.00809301 -0.0062954 0.00843939 0.00542895 0.00311906 -0.00519094 -0.00561842 -0.00825537 -0.00689747 0.00291445 0.00023317 -0.00484366 -0.00531805 -0.000773306 -0.000649496
internal_weight=0 1996.7 1586.48 410.224 1046.54 586.655 428.672 188.356 459.883 417.269 539.94 595.621 157.983 404.296 357.457 221.868 135.645 216.237 70.4058 46.8388 521.594 469.13 106.534 129.189 130.645 58.6329 362.595 324.747 37.8488 17.1924
internal_count=11110 8519 6648 1871 4457 2429 1796 792 2028 1839 2191 2591 633 1637 1447 1079 554 1056 322 190 2243 2021 462 528 555 238 1559 1396 163 72
is_linear=0
shrinkage=0.01


Tree=81
num_leaves=31
num_cat=0
split_feature=3 12 4 1 1 1 1 1 3 12 4 3 2 12 3 2 5 3 12 2 1 12 7 1 2 12 2 2 5 2
split_gain=251.648 37.9534 13.505 11.4432 26.6253 16.6173 16.9349 8.51725 5.89148 6.38428 6.37128 6.24026 7.24485 8.60363 7.99563 5.54737 4.80692 4.54167 4.67663 4.35017 4.21607 3.98341 4.24245 3.71494 3.60121 3.44833 3.32964 3.22423 2.94956 2.89901
threshold=82.500000000000014 1.9789033726770087 40.500000000000007 215631315806.50003 415074950739.00006 1473615205230.5002 2344444752425.5005 632859014102.00012 31.500000000000004 2.8663034647851817 70.500000000000014 3.5000000000000004 29.500000000000004 2.91782434200594 10.500000000000002 14.500000000000002 12.500000000000002 88.500000000000014 3.8567271927466504 79.500000000000014 2384278442386.0005 3.8604065063727036 45.500000000000007 248877211243.50003 40.500000000000007 3.8063117593323859 46.500000000000007 100.50000000000001 41.500000000000007 27.500000000000004
decision_type=2 2 2 2 2 2 2 2 2 2 2 2 2 2 2 2 2 2 2 2 2 2 2 2 2 2 2 2 2 2
left_child=2 3 16 19 23 7 -7 -6 11 -10 -11 -4 14 -14 -13 17 -1 -3 20 -2 -19 25 28 -5 -12 -18 29 -21 -23 -17
right_child=1 15 8 4 5 6 -8 -9 9 10 24 12 13 -15 -16 26 21 18 -20 27 -22 22 -24 -25 -26 -27 -28 -29 -30 -31
leaf_value=-0.010633773786767449 -0.0025150651622186039 0.0058728684945391785 0.00451888833631214 0.0029616625388576472 0.0091187941647157562 -0.00040110105690748784 0.0024742136655526072 0.0037612619925414003 0.0074246252277952243 0.0062716305898911596 -0.0052522274499658284 -0.0051000906652519931 -0.0063615268708511197 -0.0012044690899963022 -0.010718469561823129 -0.0032618616905806235 -0.0021472898316571508 -0.0023188468556207265 -0.0079733597747517464 0.013617240281370773 0.00050387768892868755 -0.013464742199073478 -0.0056890588078293523 -0.0033127378526610868 -0.00013719243228139469 -0.011538357857670316 0.003482402140433041 0.00651729981532124 -0.0042592344344720831 -0.0083678982171897856
leaf_weight=50.248830690979958 4.6605785340070716 10.208646476268767 6.0253154635429373 10.439574241638182 32.402471885085106 265.94446907937527 891.50433452427387 352.33993962407112 6.0186041146516791 6.4894147813320151 58.49676713347435 52.648853674530983 79.423977747559547 54.582185715436935 48.814900666475296 75.45132714509964 4.5367354899644843 89.653796210885048 9.0892958641052228 7.5298950672149649 129.12264829874039 12.764012515544893 119.48776713013649 98.203947708010674 17.999475494027138 28.303963914513588 6.3496011644601813 42.479245364665985 4.785686418414115 13.041328281164168
leaf_count=237 19 42 25 44 142 1141 3835 1504 25 27 245 228 341 231 215 319 20 370 38 32 532 61 532 420 73 127 26 182 22 55
internal_value=0 0.00162116 -0.00599773 0.00222402 0.00207496 0.00241203 0.00181356 0.00421247 -0.00471961 -0.00252036 -0.00324163 -0.00553016 -0.0057873 -0.004261 -0.00780313 -0.00146727 -0.00791669 -0.000652525 -0.000944871 0.0067252 -0.000652865 -0.007113 -0.00636337 -0.00270983 -0.00404867 -0.010241 -0.00351245 0.00758634 -0.0109545 -0.00401435
internal_weight=0 2038.42 550.626 1705.5 1650.83 1542.19 1157.45 384.742 330.499 89.0043 82.9857 241.495 235.47 134.006 101.464 332.917 220.127 238.074 227.866 54.6697 218.776 169.878 137.037 108.644 76.4962 32.8407 94.8423 50.0091 17.5497 88.4927
internal_count=11110 8701 2409 7319 7086 6622 4976 1646 1410 370 345 1040 1015 572 443 1382 999 982 940 233 902 762 615 464 318 147 400 214 83 374
is_linear=0
shrinkage=0.01


Tree=82
num_leaves=31
num_cat=0
split_feature=12 2 5 2 2 1 1 1 1 1 1 1 1 2 12 1 13 1 1 4 1 6 2 1 1 1 12 12 5 5
split_gain=245.738 34.3084 14.5299 10.7142 43.247 14.5956 33.363 39.3067 17.9843 38.4983 18.2192 10.3522 13.5941 8.84823 9.03502 6.78043 6.73858 10.7362 14.4493 6.66132 4.72134 4.42502 4.07502 6.36245 4.7526 5.83724 3.60321 3.47206 3.38321 3.32685
threshold=2.8568631541164176 32.500000000000007 41.500000000000007 145.50000000000003 83.500000000000014 3507688975616.5005 3924527774194.0005 3743724186784.5005 2376186192237.0005 2177228733808.5002 2621383311449.5005 1264132475372.5002 453453640836.50006 8.5000000000000018 2.9457638990764816 2940898957049.5005 2.9698742379433534 3784361549892.5005 2637686626761.0005 88.500000000000014 3924527774194.0005 22.500000000000004 14.500000000000002 4223680142529.0005 3784361567738.0005 3784361549892.5005 2.9838319815759746 2.8937526293490436 7.5000000000000009 51.500000000000007
decision_type=2 2 2 2 2 2 2 2 2 2 2 2 2 2 2 2 2 2 2 2 2 2 2 2 2 2 2 2 2 2
left_child=1 22 19 4 11 8 7 -7 9 -5 -10 12 -3 14 -4 -13 17 18 -15 21 29 -2 23 24 25 -1 -16 -19 -23 -18
right_child=2 3 13 5 -6 6 -8 -9 10 -11 -12 15 -14 16 26 -17 20 27 -20 -21 -22 28 -24 -25 -26 -27 -28 -29 -30 -31
leaf_value=-0.0012737248797966136 -0.011333692978838761 -0.0021685865488411979 0.0060482631322002454 0.0021356317895856263 0.008012115989109149 -6.8066028438340829e-05 0.004495807682197068 -0.010369267400203292 0.0096205749336124424 -0.0068638429139391234 0.003262232440965409 -0.0023725958402255188 0.0072840517420626983 -0.0013218610456708804 -0.0067212185780711718 0.001622557851080757 0.00091725701568054268 0.011003709957195977 -0.0077335049815454903 0.00306526674947978 -0.012495201566940371 -0.011128756910244031 -0.0034497675400777532 0.0083408583293084707 -0.010801231877310151 0.007005824498518891 -0.0020207480017333129 0.00076064201344788491 -0.0061710164873355709 -0.0064946211360178462
leaf_weight=178.69407904148102 50.746259301900864 22.173962652683258 11.910298824310301 594.19024686515331 144.64942087233067 174.40928609669209 109.31973151862621 47.030119314789772 53.261776372790337 51.667671680450439 292.83866484463215 79.373418793082237 48.471146389842033 65.281212732195854 22.132785588502884 91.395220279693604 6.2452843487262717 4.9235771894454947 76.147599056363106 4.691778987646102 12.948485419154165 18.647656783461571 80.555908843874931 7.3572897315025321 4.955056980252265 8.9412541538476926 61.970080435276031 10.092766568064688 52.56388296186924 199.67819495499134
leaf_count=739 242 91 48 2557 642 750 473 198 231 222 1262 329 201 268 94 380 28 20 328 20 57 85 341 30 20 36 265 41 239 873
internal_value=0 0.00169049 -0.00562031 0.00222257 0.00368826 0.00179478 -2.43644e-05 -0.00225587 0.00240136 0.00141569 0.00424072 0.00109751 0.00431707 -0.00481228 -0.00210334 -0.000234393 -0.00550528 -0.00392039 -0.004774 -0.00862742 -0.00663813 -0.00907724 -0.00155085 -0.00078581 -0.00113446 -0.000879185 -0.00325774 0.00411915 -0.00746926 -0.00626983
internal_weight=0 1989.28 597.98 1708.78 386.063 1322.72 330.759 221.439 991.958 645.858 346.1 241.414 70.6451 471.33 96.0132 170.769 375.317 156.445 141.429 126.65 218.872 121.958 280.504 199.948 192.59 187.635 84.1029 15.0163 71.2115 205.923
internal_count=11110 8502 2608 7336 1643 5693 1421 948 4272 2779 1493 1001 292 2022 407 709 1615 657 596 586 958 566 1166 825 795 775 359 61 324 901
is_linear=0
shrinkage=0.01


Tree=83
num_leaves=31
num_cat=0
split_feature=3 14 0 0 0 0 0 0 0 2 0 0 4 0 2 0 0 0 0 0 0 0 2 0 2 0 3 2 14 2
split_gain=242.584 36.4579 44.6835 76.9676 49.7546 49.1307 45.3976 28.0935 24.3916 19.57 16.6958 16.2223 13.2728 12.6049 12.6731 9.81786 9.62648 8.47858 13.228 7.78604 6.54267 5.85988 5.2099 5.03736 8.82031 4.90568 9.41821 8.18584 5.04932 4.83449
threshold=82.500000000000014 1.9946835863402954 4643066.5000000009 4583097.5000000009 4505563.5000000009 5494016.0000000009 4492123.5000000009 4532379.5000000009 4583097.5000000009 141.00000000000003 4543160.0000000009 5498003.0000000009 30.500000000000004 5556929.5000000009 15.500000000000002 4587345.5000000009 4642662.5000000009 5491238.5000000009 5491476.0000000009 5496591.0000000009 4587555.5000000009 5556929.5000000009 9.5000000000000018 5505757.0000000009 40.500000000000007 4586985.5000000009 19.500000000000004 70.500000000000014 2.994593168883561 145.50000000000003
decision_type=2 2 2 2 2 2 2 2 2 2 2 2 2 2 2 2 2 2 2 2 2 2 2 2 2 2 2 2 2 2
left_child=12 2 3 4 6 17 -2 -6 10 16 -3 29 -1 14 15 -10 -5 -4 -19 25 -11 -13 -15 24 -21 26 28 -28 -14 -7
right_child=1 8 5 9 7 11 -8 -9 13 20 -12 21 19 22 -16 -17 -18 18 -20 23 -22 -23 -24 -25 -26 -27 27 -29 -30 -31
leaf_value=-0.0079065788056423437 0.002641660448218544 -0.00041753474773516388 0.009752060177738768 0.0017911671689032364 0.010396301985639686 -0.0014000626477651016 -0.0040758420586274706 0.0041166932336132236 -0.016527295485536431 -0.0065756851505950811 0.0073104331814356762 0.00029593776228273923 -0.0074457672429970069 -1.5274125132034722e-05 -0.0087108182823399244 -0.0022440500215160177 -0.010339872443733758 0.00063388804526935834 0.0094029684091165838 -0.0025155821148227747 -0.00290655163056442 0.0048411713543802092 0.01299579843757601 -0.0074424097695193238 0.010044508248488616 -0.0061564308816591772 -0.0015604189901606744 0.010873406993913915 -0.0022581686838518437 -0.008757006779647308
leaf_weight=206.1001515686512 372.78143095970154 96.264405980706215 144.14995150268078 114.15691488981247 90.882546454668045 18.371254026889801 137.79068623483181 329.67454722523689 4.9958888739347449 61.903356924653053 39.397531718015671 52.705265894532204 50.948357746005058 6.5518524646759015 48.754179164767265 131.03994053602219 6.9390346556901923 30.979602366685867 38.681205362081528 14.525412350893026 226.12587437033653 61.41834419965744 5.8036137074232101 6.8113694638013831 9.0900559872388822 192.10208819806576 33.007343620061874 6.3065076917409888 29.700993299484253 17.384541839361191
leaf_count=940 1572 391 731 467 426 74 552 1432 21 251 176 214 220 28 208 533 28 126 194 60 910 272 25 29 37 833 137 26 127 70
internal_value=0 0.00159052 0.0021818 0.00133824 0.00292673 0.00529047 0.000828774 0.00547372 -0.00143679 -0.002277 0.00182674 0.000900569 -0.00590145 -0.00368253 -0.00433637 -0.0027686 0.00109603 0.00836775 0.00550318 -0.00469483 -0.00369512 0.00274206 0.00609629 0.000133838 0.00231904 -0.00516563 -0.00357903 0.000434146 -0.00553531 -0.00497702
internal_weight=0 2036.75 1703.94 1340.25 931.129 363.69 510.572 420.557 332.807 409.125 135.662 149.879 548.592 197.145 184.79 136.036 121.096 213.811 69.6608 342.492 288.029 114.124 12.3555 30.4268 23.6155 312.065 119.963 39.3139 80.6494 35.7558
internal_count=11110 8701 7319 5638 3982 1681 2124 1858 1382 1656 567 630 2409 815 762 554 495 1051 320 1469 1161 486 53 126 97 1343 510 163 347 144
is_linear=0
shrinkage=0.01


Tree=84
num_leaves=31
num_cat=0
split_feature=3 12 4 2 2 3 3 2 12 3 12 4 2 5 3 12 12 7 2 12 2 2 4 2 2 2 2 2 2 2
split_gain=238.166 35.7748 13.1059 9.73587 43.5098 5.70801 6.14103 7.11983 8.49711 7.88759 6.12845 6.26785 5.25027 4.74805 4.47099 4.55779 3.94076 4.20642 3.47824 3.425 3.19816 3.19546 2.95786 2.8771 2.83847 2.69968 2.65652 2.45544 4.50748 3.15878
threshold=82.500000000000014 1.9789033726770087 40.500000000000007 141.00000000000003 84.500000000000014 31.500000000000004 3.5000000000000004 29.500000000000004 2.91782434200594 10.500000000000002 2.8663034647851817 70.500000000000014 14.500000000000002 12.500000000000002 88.500000000000014 3.8567271927466504 3.8604065063727036 45.500000000000007 40.500000000000007 3.8063117593323859 46.500000000000007 13.500000000000002 13.500000000000002 109.50000000000001 27.500000000000004 88.500000000000014 54.500000000000007 47.500000000000007 42.500000000000007 79.500000000000014
decision_type=2 2 2 2 2 2 2 2 2 2 2 2 2 2 2 2 2 2 2 2 2 2 2 2 2 2 2 2 2 2
left_child=2 3 13 4 27 6 -4 9 -9 -8 -7 -12 14 -1 -3 21 19 22 -13 -15 24 -16 -18 25 -14 -6 -19 28 -2 -29
right_child=1 12 5 -5 23 10 7 8 -10 -11 11 18 20 16 15 -17 17 26 -20 -21 -22 -23 -24 -25 -26 -27 -28 29 -30 -31
leaf_value=-0.010469568594780211 0.00040243169226481337 0.0058427931489884039 0.0045813117802744607 0.0017563520844973693 0.0058058418830646283 0.0073293007287989998 -0.0049658513397966278 -0.0062277801448669904 -0.0010938216691199498 -0.010562386101594538 0.0063043249993196028 -0.005122042257398797 -0.0031635896070374859 -0.0019922714130057072 -0.00094925296584363113 -0.0078698117855725887 -0.014245972041440744 -0.006015638720103942 -9.1860186793280135e-05 -0.011377574417452716 0.0034435292864539581 0.003992547213539044 -0.0058541327157930322 0.0049555358609040239 -0.0082238969980709693 0.0096027423595753253 -0.00090036200562446296 8.8629336544433671e-07 0.0059469264358227858 0.0039264207962579345
leaf_weight=49.693336114287376 33.508103936910629 10.209883391857145 6.0175019800662986 1321.0413583517075 23.795266225934029 6.0036222934722892 52.418082222342491 79.067849740386009 54.430508330464363 48.468242526054382 6.4847920536994925 58.313069298863411 75.281230941414833 4.5138490051031104 204.68708117306232 9.0644479095935804 10.236783176660539 107.5440329015255 17.98658312857151 28.059080064296722 6.3414562791585913 13.978253513574598 7.1224913001060477 23.665216311812401 12.998920798301695 87.908007726073265 11.210907906293867 162.54946522414684 26.070599973201752 23.456531748175621
leaf_count=237 137 42 25 5695 106 25 228 341 231 215 27 245 319 20 844 38 49 482 73 127 26 58 34 106 55 392 50 672 108 103
internal_value=0 0.00157635 -0.0058534 0.0021625 0.00357092 -0.00459332 -0.00539357 -0.00564967 -0.00413454 -0.00765456 -0.00242656 -0.00313407 -0.00142348 -0.00775286 -0.000631136 -0.000921384 -0.00695255 -0.00620485 -0.00393625 -0.010077 -0.00341596 -0.000633347 -0.0108028 0.00812289 -0.0039087 0.00879392 -0.00553274 0.00106183 0.00282861 0.000495921
internal_weight=0 2034.56 547.571 1701.99 380.953 329.19 240.402 234.385 133.498 100.886 88.7881 82.7844 332.561 218.38 237.94 227.73 168.687 136.114 76.2997 32.5729 94.6216 218.665 17.3593 135.368 88.2802 111.703 118.755 245.585 59.5787 186.006
internal_count=11110 8701 2409 7319 1624 1410 1040 1015 572 443 370 345 1382 999 982 940 762 615 318 147 400 902 83 604 374 498 532 1020 245 775
is_linear=0
shrinkage=0.01


Tree=85
num_leaves=31
num_cat=0
split_feature=3 0 0 0 0 0 0 0 12 0 12 4 0 0 0 12 1 1 0 0 1 0 0 0 0 12 12 1 1 1
split_gain=233.813 35.6594 106.027 65.1614 60.2816 51.5067 75.0684 36.3785 26.5278 22.3885 19.9708 12.7168 12.1198 11.0286 23.6395 10.7003 9.6344 8.55306 7.59397 19.943 7.59147 7.53687 7.07777 11.7719 6.00083 7.77236 7.50732 5.15358 6.67107 4.85712
threshold=84.500000000000014 4643066.5000000009 4583097.5000000009 5494016.0000000009 4378387.5000000009 4487724.5000000009 4505563.5000000009 5496965.5000000009 1.4501983931060998 4587555.5000000009 1.9848851658944422 40.500000000000007 4262097.0000000009 4589803.5000000009 4590057.5000000009 1.9631289435398596 308877313997.50006 3784361560906.0005 5556929.5000000009 5505757.0000000009 415074950739.00006 5496591.0000000009 5491238.5000000009 5491476.0000000009 5496591.0000000009 1.9929177889658176 1.9476087096803527 3704300936374.0005 3475289721786.0005 4251334762525.5005
decision_type=2 2 2 2 2 2 2 2 2 2 2 2 2 2 2 2 2 2 2 2 2 2 2 2 2 2 2 2 2 2
left_child=11 2 4 15 8 -6 -7 24 12 16 -10 -1 -2 17 -15 22 -4 -11 19 -9 -18 -13 -3 -24 26 -26 -5 28 -23 -20
right_child=1 3 9 7 5 6 -8 18 10 13 -12 21 -14 14 -16 -17 20 -19 29 -21 -22 27 23 -25 25 -27 -28 -29 -30 -31
leaf_value=-0.0076277881685010099 0.0024706447999093169 0.0096667323264873848 0.0047796228419303977 -0.0045702194127400292 0.010925163518922039 -0.0018103100082398377 0.0054405670200368753 0.0033692135663944602 0.0052713210913404853 0.0016157565060321624 -0.0036438781284335799 -0.0050171877802575272 -0.0047625502586128108 -0.012770221409220284 -0.0014691982385825284 -0.0014567599362504671 -0.017109005857998391 0.015592954902916638 0.0043402332475737191 -0.010471696467100207 -0.0062025925782926887 0.00069418792016346352 0.00085517844563758993 0.0093347079956548947 -0.0060710564351432721 0.0064806199040209093 -0.016289211054182375 0.0093288298804434684 -0.012460206686306024 0.01509626204153359
leaf_weight=220.61568826436996 27.536354884505272 142.729351952672 7.6552298367023459 10.431521311402323 99.546577781438828 205.9215390086174 465.67446103692055 45.007373437285423 81.752901166677475 42.393545925617218 36.275820463895798 300.33174985647202 145.93072721362114 19.555262267589569 346.2358356565237 11.603552609682081 6.7265482991933814 4.8822536617517462 69.151180192828178 13.542676657438276 124.6244824975729 21.60834980010987 28.500006288290024 38.473431140184402 31.983133003115654 5.8332155793905249 11.48486904799938 5.1025294959545127 4.6924666613340369 4.4696784764528266
leaf_count=1011 112 728 31 42 448 834 2062 183 342 172 147 1292 593 79 1404 48 28 20 305 55 510 89 116 194 132 24 48 21 20 20
internal_value=0 0.00157179 0.000900983 0.00419313 0.00274798 0.00421234 0.00321734 -7.13379e-05 -0.00112595 -0.00265414 0.00253126 -0.00576717 -0.00361434 -0.00148593 -0.00207335 0.00789102 -0.00612555 0.00305921 0.00285564 0.000167799 -0.00676112 -0.00452979 0.00840827 0.00572631 -0.00654787 -0.00413495 -0.0107113 0.000131571 -0.00165276 0.00499325
internal_weight=0 2027.92 1614.71 413.21 1062.64 771.143 671.596 191.904 291.496 552.073 118.029 552.351 173.467 413.067 365.791 221.306 139.006 47.2758 132.171 58.5501 131.351 331.735 209.703 66.9734 59.7327 37.8163 21.9164 31.4033 26.3008 73.6209
internal_count=11110 8677 6782 1895 4538 3344 2896 809 1194 2244 489 2433 705 1675 1483 1086 569 192 563 238 538 1422 1038 310 246 156 90 130 109 325
is_linear=0
shrinkage=0.01


Tree=86
num_leaves=31
num_cat=0
split_feature=13 0 0 0 0 0 0 0 2 0 1 5 0 1 1 1 2 0 0 2 14 1 0 0 1 13 1 1 0 13
split_gain=228.269 36.6169 109.518 61.9531 58.216 49.7542 73.5109 34.2776 28.7907 23.511 18.5534 13.9483 11.8699 11.6004 14.3648 12.629 11.1262 8.85296 11.7725 8.66587 8.80498 7.45757 7.31627 20.9956 7.23604 6.27666 10.0164 13.7722 7.07241 4.82411
threshold=2.9292462699273405 4643066.5000000009 4583097.5000000009 5494016.0000000009 4378387.5000000009 4487724.5000000009 4505563.5000000009 5496965.5000000009 145.50000000000003 4587555.5000000009 3743724181785.5005 32.500000000000007 4262097.0000000009 1473615205230.5002 3062739739081.0005 453453640836.50006 12.500000000000002 5491238.5000000009 5491476.0000000009 8.5000000000000018 2.9861197458070241 308877313997.50006 5556929.5000000009 5505757.0000000009 415074950739.00006 2.9698742379433534 3784361549892.5005 2637686626761.0005 4587388.0000000009 1.9964525882004638
decision_type=2 2 2 2 2 2 2 2 2 2 2 2 2 2 2 2 2 2 2 2 2 2 2 2 2 2 2 2 2 2
left_child=1 2 4 16 8 -6 -7 29 10 21 -1 -2 -10 15 -15 -11 -3 -18 -19 20 -13 -4 23 -9 -23 26 27 -21 -27 -5
right_child=11 3 9 7 5 6 -8 22 12 13 -12 19 -14 14 -16 -17 17 18 -20 25 -22 24 -24 -25 -26 28 -28 -29 -30 -31
leaf_value=0.0043779930976425028 -0.008517573748150346 -0.0063159299466932425 0.0045683748802090628 -0.0073821047826775968 0.010866536070340483 -0.0017809524388126164 0.0054853717382210851 0.0035314526632838727 0.0024467227271652882 -0.0044196578903728774 -0.0085133423167604565 0.0060212769392246389 -0.0047121360400851848 -0.0053947275658976345 -0.00074561703121933101 0.0027372130404426658 0.0096738863019094016 0.00076674141454688861 0.0090054583870645029 -0.0012419142913865956 -0.0031545397809263661 -0.016990360965777187 0.0050079347286448028 -0.010552801721508192 -0.0063189271324800367 -0.0047131952054549411 0.0040102624371779758 -0.0075942918592353812 -0.0082906414177870407 0.0030177941344110065
leaf_weight=99.313711956143379 119.10814292728901 5.3715901523828498 5.9564216881990424 51.146205484867096 99.414916038513184 200.0327979773283 458.01144778728485 45.691523224115372 27.527572736144066 33.026837080717087 12.578162774443625 11.908148124814032 146.01665437221527 114.83518259227276 157.76600261032581 97.280674576759338 144.14032533764839 31.215545311570168 39.030111283063889 63.448893681168556 85.861845761537552 6.7058883011341086 72.043305858969688 13.775223970413206 121.13249950110912 113.39522011578083 14.760477140545843 73.858817517757416 107.7921244353056 4.8863640278577796
leaf_count=412 558 22 24 211 449 810 2034 186 112 134 52 48 593 466 638 395 737 127 197 261 369 28 319 56 496 495 60 320 481 20
internal_value=0 0.00162278 0.000933431 0.00429621 0.00282236 0.00427272 0.00327655 7.44247e-05 -0.00102645 -0.00273704 0.00292883 -0.00546028 -0.0035766 -0.00153093 -0.00270409 0.000923282 0.00789911 0.00825528 0.00534436 -0.00468718 -0.00203695 -0.00636909 0.00286502 0.000268894 -0.00687871 -0.00538138 -0.00381743 -0.0046589 -0.00645661 -0.00647517
internal_weight=0 1986.9 1579.6 407.3 1042.9 757.459 658.044 187.543 285.436 536.704 111.892 590.134 173.544 402.909 272.601 130.308 219.758 214.386 70.2457 471.026 97.77 133.795 131.51 59.4667 127.838 373.256 152.068 137.308 221.187 56.0326
internal_count=11110 8518 6643 1875 4462 3293 2844 792 1169 2181 464 2592 705 1633 1104 529 1083 1061 324 2034 417 548 561 242 524 1617 641 581 976 231
is_linear=0
shrinkage=0.01


Tree=87
num_leaves=31
num_cat=0
split_feature=3 12 4 1 1 1 1 1 2 1 1 1 3 3 2 4 12 2 1 3 12 12 5 12 7 2 1 12 1 5
split_gain=225.482 33.8432 12.7162 11.3284 26.0974 16.1831 16.1931 8.30814 5.38343 11.3567 12.2535 10.1793 8.72655 9.39955 6.37234 5.82178 5.57854 5.07882 5.03331 4.4253 4.42633 4.41938 4.21203 4.43229 4.42307 4.17772 4.11571 3.90738 3.66075 3.36451
threshold=82.500000000000014 1.9789033726770087 30.500000000000004 215631315806.50003 415074950739.00006 1473615205230.5002 2344444752425.5005 632859014102.00012 29.500000000000004 2621383336393.0005 308877331779.50006 3784361560906.0005 6.5000000000000009 31.500000000000004 7.5000000000000009 70.500000000000014 2.9254358709643182 14.500000000000002 701677522303.50012 88.500000000000014 3.8567271927466504 2.8663034647851817 12.500000000000002 3.8604065063727036 45.500000000000007 79.500000000000014 2384278442386.0005 3.8063117593323859 248877211243.50003 41.500000000000007
decision_type=2 2 2 2 2 2 2 2 2 2 2 2 2 2 2 2 2 2 2 2 2 2 2 2 2 2 2 2 2 2
left_child=2 3 22 25 28 7 -7 -6 12 10 -10 16 14 18 -4 -15 -11 19 -14 -3 26 -12 -1 27 29 -2 -21 -24 -5 -25
right_child=1 17 8 4 5 6 -8 -9 9 11 21 -13 13 15 -16 -17 -18 -19 -20 20 -22 -23 23 24 -26 -27 -28 -29 -30 -31
leaf_value=-0.010325748316139962 -0.0024614298926862411 0.0058356580920209235 0.0071311999804986393 0.0028516573454641088 0.0089390084328103119 -0.0004702612819233759 0.0023475128636041673 0.0036268035205687488 -0.010432227964416927 -0.0082855368985138515 0.0095957522878916887 0.0026668385148921922 -0.002587768207665857 0.0047488545059795016 -0.0036306780915366117 -0.0048874170005816083 -0.0017842710662018641 -0.0033478197785136448 -0.0098748849430814554 -0.0022586603513459094 -0.0077530630438984866 0.00043055357107656264 -0.0018375413726231696 -0.014006586335478539 -0.0054010756890762518 0.0074441968494219357 0.00053231562438285618 -0.011977273868573942 -0.0033886444322609238 -0.0039455697374028995
leaf_weight=46.677652299404144 4.656433790922164 10.206709772348402 7.7327821403741863 10.399951070547102 32.139468938112259 264.86096926033497 886.79009598493576 350.6630162447691 10.428146690130232 63.186370387673378 5.7753574699163428 12.835219040513037 10.899543404579161 7.0726054310798636 19.07244960963726 55.218031108379364 16.683358564972878 94.385847225785255 72.70388825237751 89.516457304358482 9.037287309765814 59.086851999163628 4.4905405640602138 11.231328606605528 112.03882548213005 49.722297385334969 128.94482246041298 24.729209333658218 97.835890710353851 4.7209618538618079
leaf_count=225 19 42 33 44 142 1141 3835 1504 45 277 24 53 48 30 83 233 72 400 324 370 38 247 20 55 505 214 532 113 420 22
internal_value=0 0.00153416 -0.00571268 0.00210545 0.00195679 0.00229155 0.00169947 0.00407281 -0.00453056 -0.00325605 -0.000370962 -0.00559917 -0.00577036 -0.00673389 -0.000526088 -0.0037933 -0.00692754 -0.00138528 -0.00892485 -0.00060601 -0.000895015 0.00124663 -0.00768798 -0.0069048 -0.00610253 0.00659598 -0.000611312 -0.010419 -0.00278904 -0.0110291
internal_weight=0 2029.16 544.583 1697.07 1642.69 1534.45 1151.65 382.802 340.695 167.995 75.2904 92.7049 172.699 145.894 26.8052 62.2906 79.8697 332.091 83.6034 237.705 227.499 64.8622 203.889 157.211 127.991 54.3787 218.461 29.2197 108.236 15.9523
internal_count=11110 8701 2409 7319 7086 6622 4976 1646 1469 718 316 402 751 635 116 263 349 1382 372 982 940 271 940 715 582 233 902 133 464 77
is_linear=0
shrinkage=0.01


Tree=88
num_leaves=31
num_cat=0
split_feature=3 0 0 0 0 0 0 0 2 0 2 4 0 0 0 2 1 1 0 0 0 1 0 0 0 12 12 1 1 5
split_gain=221.36 34.552 101.892 63.2115 58.1283 50.1484 76.8421 34.9103 25.5713 21.4664 21.4083 12.3232 11.628 10.8365 23.2053 10.3361 9.28484 8.38764 7.40913 7.34406 19.1989 7.3377 6.9725 11.5031 5.90738 7.56509 7.40771 5.05538 6.51119 4.9029
threshold=84.500000000000014 4643066.5000000009 4583097.5000000009 5494016.0000000009 4378387.5000000009 4487740.5000000009 4505563.5000000009 5496965.5000000009 145.50000000000003 4587555.5000000009 23.500000000000004 40.500000000000007 4262097.0000000009 4589803.5000000009 4590057.5000000009 55.500000000000007 308877313997.50006 3784361560906.0005 5496591.0000000009 5556929.5000000009 5505757.0000000009 415074950739.00006 5491238.5000000009 5491476.0000000009 5496591.0000000009 1.9929177889658176 1.9476087096803527 3704300936374.0005 3475289721786.0005 12.500000000000002
decision_type=2 2 2 2 2 2 2 2 2 2 2 2 2 2 2 2 2 2 2 2 2 2 2 2 2 2 2 2 2 2
left_child=11 2 4 15 8 -6 -7 24 10 16 -2 29 -10 17 -15 -3 -4 -11 -13 20 -9 -18 -17 -24 26 -26 -5 28 -20 -1
right_child=1 3 9 7 5 6 -8 19 12 13 -12 18 -14 14 -16 22 21 -19 27 -21 -22 -23 23 -25 25 -27 -28 -29 -30 -31
leaf_value=-0.010257342973380483 -0.0039805691755023234 -0.0014095871889645421 0.0046843803531241351 -0.004472386389701496 0.01052424033716043 -0.0020916368823724334 0.0053361468203628601 0.0032871323982961637 0.0024037180941161428 0.001606343211249621 0.0052898171019632404 -0.0048943839182133218 -0.0046834044621955877 -0.01265547291870669 -0.0014557594543129773 0.0095501701080302065 -0.016853238953304501 0.015463306100765942 0.0007608901722590374 0.0048971044251065769 -0.01030710933840133 -0.0060952279552479241 0.00081813617862000606 0.0092181893353917976 -0.0059510141058011423 0.0064310747286416463 -0.016127556300928294 0.0093264176395279272 -0.012268098978565413 -0.0066655881866941914
leaf_weight=48.954683512449265 35.767600744962692 11.591566205024717 7.6584412902593604 10.424886494874956 105.64999575912952 199.0403710603714 463.86388699710369 44.964665189385414 27.511281430721283 42.382185623049736 82.067237064242363 299.11913888156414 146.06287729740143 19.54460908472538 346.15098783373833 141.31634874641895 6.6805010288953772 4.8701647520065299 21.584209501743324 73.358976975083351 13.51026678085327 124.42614616453648 28.485521286725998 38.116944283246994 31.914903625845909 5.8367138653993598 11.434299558401106 5.0995571166276923 4.6645736694335929 169.91452659666538
leaf_count=237 145 48 31 42 478 804 2062 183 112 172 344 1292 593 79 1404 728 28 20 89 325 55 510 116 194 132 24 48 21 20 774
internal_value=0 0.00152966 0.00086967 0.00411799 0.00268369 0.00412568 0.00310592 -8.15982e-05 -0.00111938 -0.00261547 0.00247588 -0.00562855 -0.0035601 -0.00147202 -0.00205433 0.00778063 -0.00601822 0.00303454 -0.00440965 0.00278987 0.000146268 -0.0066434 0.00829299 0.00562553 -0.00643207 -0.00403664 -0.0105691 0.000215589 -0.00155444 -0.00746896
internal_weight=0 2022.63 1611.68 410.955 1059.96 768.554 662.904 191.445 291.409 551.713 117.835 549.337 173.574 412.948 365.696 219.51 138.765 47.2524 330.467 131.834 58.4749 131.107 207.919 66.6025 59.6108 37.7516 21.8592 31.3483 26.2488 218.869
internal_count=11110 8677 6782 1895 4538 3344 2866 809 1194 2244 489 2433 705 1675 1483 1086 569 192 1422 563 238 538 1038 310 246 156 90 130 109 1011
is_linear=0
shrinkage=0.01


Tree=89
num_leaves=31
num_cat=0
split_feature=3 0 0 0 0 0 0 0 0 0 0 4 0 2 0 0 0 0 0 0 0 2 0 12 12 0 2 0 3 2
split_gain=217.338 33.7993 100.836 61.8936 57.0128 32.8157 32.5621 87.9382 25.6955 47.3541 21.0772 12.421 11.8429 11.1958 10.7168 22.6645 7.51219 18.4787 7.38964 6.91481 11.3593 6.75387 6.55158 9.42284 7.35279 4.86341 8.53971 4.83223 9.11779 7.89743
threshold=82.500000000000014 4643066.5000000009 4583097.5000000009 5494016.0000000009 4505563.5000000009 5496965.5000000009 4492123.5000000009 4379747.0000000009 4583087.5000000009 4583075.5000000009 4587555.5000000009 30.500000000000004 4493360.5000000009 55.500000000000007 4589803.5000000009 4590057.5000000009 5556929.5000000009 5505757.0000000009 5496591.0000000009 5491238.5000000009 5491476.0000000009 38.500000000000007 5496591.0000000009 1.9929177889658176 1.9476087096803527 5505757.0000000009 40.500000000000007 4586985.5000000009 19.500000000000004 70.500000000000014
decision_type=2 2 2 2 2 2 2 2 2 2 2 2 2 2 2 2 2 2 2 2 2 2 2 2 2 2 2 2 2 2
left_child=11 2 4 13 6 22 7 -2 9 -6 -4 -1 -8 -3 21 -16 17 -7 27 -15 -21 -12 24 -24 -5 26 -20 28 -13 -30
right_child=1 3 10 5 8 16 12 -9 -10 -11 14 18 -14 19 15 -17 -18 -19 25 20 -22 -23 23 -25 -26 -27 -28 -29 29 -31
leaf_value=-0.0075791336342746849 -0.0010846847024928883 -0.0017564360559908954 -0.0059799003558568334 -0.0044289501652810415 0.0052502729949229342 0.0031011868352634865 -0.0061468160104856282 0.0085020177946149907 0.012698456192810067 -0.01132445619038772 -0.0040475394785326078 -0.0052693352643326651 -0.00072872266726616713 0.0094978090254821696 -0.012536543923808579 -0.0014659417416100183 0.0048554194305792091 -0.010218036056206475 -0.0023619238159699406 0.00081004304318180154 0.0091653318025861161 0.0050320519593361392 -0.0058967611460514777 0.0074497331697128749 -0.015996792659770005 -0.0072177838184316776 0.010009222617790178 -0.0059013689001221415 -0.0013442465783719752 0.010886630135809401
leaf_weight=202.74671967327595 293.25436645746231 11.839129462838171 138.88051900267601 10.42187111079693 403.06594842672348 45.694760650396347 74.206964060664177 142.02387216687202 42.518127471208572 18.007191762328148 10.547452226281164 79.955733358860016 88.403572469949722 140.67767724394798 19.532779380679131 347.33395881950855 73.249443277716637 13.491851329803465 14.479475542902952 28.482436880469322 37.954219669103622 36.694253623485565 31.886593356728554 6.3420252203941336 11.62250906229019 6.7582771629095069 9.0783064365386945 190.39985808730125 32.859421730041504 6.2897441685199729
leaf_count=940 1202 49 570 42 1798 186 297 631 191 75 43 347 355 728 79 1409 325 55 60 116 194 149 132 26 49 29 37 833 137 26
internal_value=0 0.00150601 0.000853817 0.0040638 0.00265765 -6.93144e-05 0.000616909 0.00204329 0.00528957 0.00454145 -0.0026087 -0.00562029 -0.00320126 0.0077015 -0.00147809 -0.00205536 0.00271455 6.50108e-05 -0.00445159 0.00824214 0.00558329 0.00300489 -0.00618622 -0.00368261 -0.0105279 0.000260179 0.00240546 -0.00491311 -0.00333329 0.000620778
internal_weight=0 2026.13 1614.47 411.663 1061.48 192.709 597.889 435.278 463.591 421.073 552.989 542.568 162.611 218.953 414.108 366.867 132.436 59.1866 339.821 207.114 66.4367 47.2417 60.273 38.2286 22.0444 30.3161 23.5578 309.505 119.105 39.1492
internal_count=11110 8701 6799 1902 4549 815 2485 1833 2064 1873 2250 2409 652 1087 1680 1488 566 241 1469 1038 310 192 249 158 91 126 97 1343 510 163
is_linear=0
shrinkage=0.01


Tree=90
num_leaves=31
num_cat=0
split_feature=3 12 5 3 1 1 1 1 2 1 1 4 2 4 6 4 12 1 2 1 1 2 12 12 12 1 5 12 2 3
split_gain=213.447 26.9489 12.903 12.4937 11.2189 25.6262 15.9754 15.8519 11.1839 8.12489 6.82197 6.61552 6.41669 6.19619 5.01919 4.84495 4.62411 4.39931 4.11216 6.2184 4.54944 4.06277 3.72951 5.6301 3.64005 3.62218 3.60709 3.22778 3.12408 3.11734
threshold=102.50000000000001 1.9789033726770087 32.500000000000007 31.500000000000004 215631315806.50003 415074950739.00006 1473615205230.5002 2344444752425.5005 58.500000000000007 632859014102.00012 701677527733.00012 88.500000000000014 4.5000000000000009 30.500000000000004 22.500000000000004 49.500000000000007 2.8743614219434188 215631319538.00003 14.500000000000002 4223680142529.0005 3784361567738.0005 79.500000000000014 2.8610968957257561 2.8805303471342789 3.8604065063727036 248877211243.50003 7.5000000000000009 2.9254358709643182 100.50000000000001 6.5000000000000009
decision_type=2 2 2 2 2 2 2 2 2 2 2 2 2 2 2 2 2 2 2 2 2 2 2 2 2 2 2 2 2 2
left_child=2 4 11 10 21 25 9 -8 12 -7 17 14 -5 24 -1 -15 18 -4 19 20 -3 -2 -10 -24 -12 -6 -16 -19 -23 -28
right_child=1 16 3 8 5 6 7 -9 22 -11 13 -13 -14 15 26 -17 -18 27 -20 -21 -22 28 23 -25 -26 -27 29 -29 -30 -31
leaf_value=-0.011245773119847429 -0.0024077227425901219 -0.00082591483932333161 -0.0096720956384348453 0.0041593930225024755 0.002811868539951105 0.0088320107111954406 -0.00050383787388023568 0.0022877258477075578 0.01242722196217525 0.0035658080733991151 -0.012885144837038769 0.0034124415624386846 -0.0038530241423170505 0.00069834561936439198 -0.010745213326586994 -0.0058933192026097468 0.0055749688045927028 0.0045087942215621176 -0.0034292095260025552 0.00830008985752341 -0.010545392702683771 0.013335738999708082 -0.0026774856335462717 0.010869647009479915 -0.0076142597960784713 -0.0034018527597319843 0.0015993404096601143 -0.0024357031821981927 0.0063092737821761648 -0.006435366860008505
leaf_weight=47.0620356798172 4.6531376987695685 187.16041293740273 6.5939733237028113 10.771730452775953 10.378421634435652 31.97599795460701 264.20396369695663 884.12937353551388 4.9560652226209667 349.67712992429733 17.840431734919548 4.6534731686115256 138.61656366288662 11.897713094949721 18.213518381118774 177.57745467126369 9.5697571188211423 8.7343131452798826 78.779757604002953 7.3439078778028479 4.9430280178785315 7.4469475746154776 8.4200077801942808 4.8261176049709311 49.330977842211723 97.652421846985817 5.4595437198877326 28.638381987810135 42.103407800197601 41.801033452153206
leaf_count=231 19 775 29 45 44 142 1141 3835 21 1504 83 20 588 53 85 773 39 37 336 30 20 32 34 20 227 420 25 125 182 195
internal_value=0 0.00156918 -0.00530412 -0.00456136 0.0020503 0.00190218 0.00223454 0.00164545 -0.00237356 0.00400703 -0.00578104 -0.00827164 -0.00327528 -0.00640456 -0.00875479 -0.00547941 -0.00125975 -0.00214142 -0.00149483 -0.000730767 -0.00107601 0.00652631 0.00502708 0.0022583 -0.00901418 -0.00280491 -0.0069643 -0.000812716 0.00736528 -0.0055072
internal_weight=0 1980.02 585.393 468.204 1692.22 1638.02 1529.99 1148.33 167.59 381.653 300.613 117.19 149.388 256.647 112.536 189.475 287.797 43.9667 278.227 199.447 192.103 54.2035 18.2022 13.2461 67.1714 108.031 65.4741 37.3727 49.5504 47.2606
internal_count=11110 8519 2591 2035 7319 7086 6622 4976 708 1646 1327 556 633 1136 536 826 1200 191 1161 825 795 233 75 54 310 464 305 162 214 220
is_linear=0
shrinkage=0.01


Tree=91
num_leaves=31
num_cat=0
split_feature=3 12 4 1 1 1 1 1 2 3 1 1 1 2 12 1 12 2 3 1 1 5 12 7 2 12 1 1 5 5
split_gain=209.537 31.4589 12.1258 11.0192 25.1228 15.6821 15.5467 7.99933 5.26555 11.7445 11.0511 12.072 10.0718 6.23067 5.50609 5.36654 4.86773 4.86089 6.99788 4.4303 4.32429 4.14209 4.38181 4.39901 3.99047 3.87349 3.74727 3.54793 3.3902 3.36783
threshold=82.500000000000014 1.9789033726770087 30.500000000000004 215631315806.50003 415074950739.00006 1473615205230.5002 2344444752425.5005 632859014102.00012 29.500000000000004 3.5000000000000004 2621383336393.0005 308877331779.50006 3784361560906.0005 6.5000000000000009 2.9254358709643182 758916141722.50012 3.8713172206244506 14.500000000000002 88.500000000000014 339222115853.50006 794874538591.50012 12.500000000000002 3.8604065063727036 45.500000000000007 79.500000000000014 3.8063117593323859 4265488928459.5005 248877211243.50003 14.500000000000002 41.500000000000007
decision_type=2 2 2 2 2 2 2 2 2 2 2 2 2 2 2 2 2 2 2 2 2 2 2 2 2 2 2 2 2 2
left_child=2 3 21 24 27 7 -7 -6 9 -4 11 -10 14 15 -12 -11 17 18 -3 -15 -13 -1 25 29 -2 -23 -20 -5 -25 -24
right_child=1 16 8 4 5 6 -8 -9 10 13 12 20 -14 19 -16 -17 -18 -19 26 -21 -22 22 23 28 -26 -27 -28 -29 -30 -31
leaf_value=-0.0101103723557328 -0.0023832800931830175 0.0086133125090786227 0.011663325075728745 0.0027847421694180132 0.0087633074784324565 -0.00049875678592435678 0.002265844980047952 0.0035324711648461911 -0.01028034358656842 -0.011678303736966589 -0.0081152635588094442 0.0058693817821757668 0.0027963176391361585 -0.0012275319625289697 -0.0016404477161236029 -0.00021816427719300994 -0.010617613328484503 -0.0031124908669197928 -0.00098249594929348399 -0.007494686073274354 -0.00013440640539325616 -0.001639027527784813 -0.013855456296159356 0.0026214644030231114 0.0073023115889956801 -0.011774621581720435 0.0061707373806270741 -0.0033657680109160531 -0.0055826323195972529 -0.0037301293015964787
leaf_weight=45.945958033204079 4.6538475155830374 8.2919778376817685 3.8501682728528968 10.374742314219473 31.904777333140373 264.22645550966263 883.74253287911415 349.44850474596024 10.369637712836264 4.82972523570061 62.748154491186142 15.908514901995657 12.808695822954176 12.407597675919531 16.610470727086067 26.540643021464348 5.5580920726060858 93.008236452937126 217.13203123211861 124.06912519037724 48.789096772670746 4.4592566043138531 11.044495806097983 5.2887203246355048 49.478319719433784 24.413518726825714 7.5789699107408515 97.712068229913712 105.78380183875561 4.6756627410650244
leaf_count=225 19 34 16 44 142 1141 3835 1504 45 21 277 66 53 54 72 115 24 395 898 545 205 20 55 25 214 113 31 420 480 22
internal_value=0 0.00147853 -0.00553012 0.00203062 0.00188387 0.00221317 0.00162952 0.00397009 -0.00437496 -0.00560508 -0.00311202 -0.000263602 -0.00543196 -0.00600119 -0.00676003 -0.00198255 -0.00133801 -0.0011798 -0.00040833 -0.00692492 0.00134187 -0.00747207 -0.00669335 -0.00589273 0.00646962 -0.0102092 -0.000741234 -0.00277541 -0.00519199 -0.0108439
internal_weight=0 2023.11 540.543 1691.54 1637.41 1529.32 1147.97 381.353 338.932 171.697 167.235 75.0672 92.1673 167.847 79.3586 31.3704 331.569 326.011 233.003 136.477 64.6976 201.611 155.665 126.793 54.1322 28.8728 224.711 108.087 111.073 15.7202
internal_count=11110 8701 2409 7319 7086 6622 4976 1646 1469 751 718 316 402 735 349 136 1382 1358 963 599 271 940 715 582 233 133 929 464 505 77
is_linear=0
shrinkage=0.01


Tree=92
num_leaves=31
num_cat=0
split_feature=3 2 2 2 1 1 1 1 1 1 4 1 1 2 3 3 2 12 3 2 4 12 5 1 2 12 2 6 1 3
split_gain=205.707 30.2756 11.9705 38.4687 14.3931 32.5029 38.5803 17.465 37.3891 17.961 11.7654 10.3727 15.7288 9.85154 5.50363 5.93455 6.82071 8.20121 7.79543 5.67688 6.05419 5.34999 4.81852 4.31408 4.54229 3.89265 4.0852 3.65251 3.55833 3.87818
threshold=84.500000000000014 42.500000000000007 141.00000000000003 84.500000000000014 3507688975616.5005 3924527774194.0005 3743724186784.5005 2376186192237.0005 2177228733808.5002 2621383311449.5005 40.500000000000007 1955683364938.0002 2940898957049.5005 47.500000000000007 31.500000000000004 3.5000000000000004 29.500000000000004 2.91782434200594 10.500000000000002 74.500000000000014 70.500000000000014 3.8713172206244506 12.500000000000002 1955339864100.5002 106.50000000000001 3.8639736166119625 54.500000000000007 22.500000000000004 3784361549892.5005 88.500000000000014
decision_type=2 2 2 2 2 2 2 2 2 2 2 2 2 2 2 2 2 2 2 2 2 2 2 2 2 2 2 2 2 2
left_child=10 21 3 11 7 6 -6 8 -4 -9 22 13 -13 -3 15 -12 18 -18 -17 20 -16 28 -1 -5 -25 -24 27 -27 29 -2
right_child=1 2 4 23 5 -7 -8 9 -10 -11 14 12 -14 -15 19 16 17 -19 -20 -21 -22 -23 25 24 -26 26 -28 -29 -30 -31
leaf_value=-0.010046572201087822 0.0058281031059479703 0.011705365781863115 0.0019413210842217851 0.010878833521869745 -0.00024578323967752383 0.0042698059717033434 -0.010478507112747783 0.0093956400046434976 -0.006951670944243744 0.0030492390620782562 0.0047641184530043072 -0.006326905491201437 0.0014814887468824231 0.0023047974209008393 0.006491029459945178 -0.0046051984633615423 -0.0058960552139852617 -0.00082983885114954717 -0.010210428800780552 0.0074636682124998742 -0.0035757323783187907 -0.011655790755022859 -0.0093274581960526882 0.0079828291383907349 0.0028554633228469891 -0.0097091672138669791 0.00091489700674284122 -0.0052948096479677421 0.0019663987930189529 -0.0015584127654033986
leaf_weight=48.193904176354408 7.2778917402029029 12.925220042467116 589.27958832681179 35.592486679553986 173.20346122980118 108.29156430065632 46.801415741443634 52.678806573152542 51.400787547230721 290.56271931529045 5.9960620999336234 36.459368079900742 88.213226914405823 81.074605777859688 6.4627736061811438 51.776606619358063 78.133972153067589 54.061286181211472 47.641407519578934 5.7340829670429221 79.017729073762894 4.8183050453662863 36.954902276396751 75.884721606969833 22.37128584086895 23.098965167999268 8.8318121135234815 99.411641389131546 35.239984765648842 304.52887673676014
leaf_count=237 30 54 2557 158 751 473 198 231 222 1263 25 153 369 337 27 228 341 231 215 24 331 21 170 345 101 113 40 451 145 1269
internal_value=0 0.00147426 0.00203758 0.00367362 0.00159807 -0.000215036 -0.00242258 0.00220303 0.00122785 0.00402325 -0.0054484 0.00108915 -0.000802005 0.0035974 -0.00425656 -0.00505813 -0.00531241 -0.00382422 -0.00729124 -0.0021685 -0.00281463 -0.00119088 -0.00725866 0.00789594 0.00681541 -0.00646031 -0.0056536 -0.00612712 -0.00104559 -0.001386
internal_weight=0 2016.6 1664.74 352.521 1312.22 328.296 220.005 983.922 640.68 343.242 545.315 218.672 124.673 93.9998 328.824 237.609 231.613 132.195 99.418 91.2146 85.4805 351.865 216.491 133.848 98.256 168.297 131.342 122.511 347.047 311.807
internal_count=11110 8677 7212 1517 5695 1422 949 4273 2779 1494 2433 913 522 391 1422 1040 1015 572 443 382 358 1465 1011 604 446 774 604 564 1444 1299
is_linear=0
shrinkage=0.01


Tree=93
num_leaves=31
num_cat=0
split_feature=3 0 0 0 0 0 0 0 2 0 2 5 3 0 2 2 0 0 2 0 0 0 0 0 4 2 0 0 6 0
split_gain=201.969 33.1969 98.737 60.7477 55.9845 47.7041 69.7417 31.5952 27.1067 20.7809 16.5461 12.5411 12.1157 11.3933 10.8555 10.7236 11.3905 9.25983 10.7534 7.9575 6.97453 18.4871 6.93765 11.5329 6.48417 6.27151 5.77658 9.74559 4.97868 4.81787
threshold=102.50000000000001 4643066.5000000009 4583097.5000000009 5494016.0000000009 4378387.5000000009 4487724.5000000009 4505563.5000000009 5496965.5000000009 145.50000000000003 4587555.5000000009 24.500000000000004 32.500000000000007 31.500000000000004 4262097.0000000009 58.500000000000007 145.50000000000003 4642662.5000000009 4684942.5000000009 42.500000000000007 4589803.5000000009 5556929.5000000009 5505757.0000000009 5498003.0000000009 5505757.0000000009 88.500000000000014 4.5000000000000009 4494768.0000000009 4489933.0000000009 22.500000000000004 5496591.0000000009
decision_type=2 2 2 2 2 2 2 2 2 2 2 2 2 2 2 2 2 2 2 2 2 2 2 2 2 2 2 2 2 2
left_child=11 2 4 17 8 -6 -7 29 10 -4 -2 24 22 -10 25 16 -11 -3 -19 -17 21 -9 26 -24 28 -14 27 -13 -1 -5
right_child=1 3 9 7 5 6 -8 20 13 15 -12 12 14 -15 -16 19 -18 18 -20 -21 -22 -23 23 -25 -26 -27 -28 -29 -30 -31
leaf_value=-0.011098949368828182 -0.0035664582184949342 0.010212867261115395 -0.0060007842131946211 -0.010108983143204275 0.010617131064119179 -0.0017799967815155427 0.0053039838034946605 0.0031723052409181321 0.0023361695700068338 0.0011369299108635047 0.0050937888482238706 -0.0059258884727568422 0.0041738936648345014 -0.0046819510735605988 0.0050066851682131694 0.002425735737386219 -0.0079931971721170711 -0.0099080697396283588 0.0065198580955021799 -0.0035719401321972115 0.0047528625722345541 -0.010180661155969448 0.0093380694821302759 -0.0090005464894846472 0.0034560806358381142 -0.0037502295743040833 -0.0068670373918271257 0.0018175568626754941 -0.0068117958633967992 -0.0040796917435489462
leaf_weight=46.467544972896576 30.26640510559082 87.428350955247879 134.92042882740498 20.808072939515114 97.876217305660248 200.45730535686016 453.11888302862644 44.889718323945999 27.484623298048973 162.77949185669422 81.380661442875862 56.237232506275177 10.765667289495466 146.05709996819496 18.184141620993614 24.853755384683609 14.916547074913977 4.1166995465755454 124.14705835282803 201.20967046916485 71.083839103579521 13.482571974396704 7.7729515582323057 6.1367516368627548 4.6473443657159796 138.22909441590309 206.04709975421429 22.860073700547218 64.950231730937958 36.503061905503273
leaf_count=231 122 454 554 86 448 812 2028 183 112 666 342 247 45 593 75 100 61 17 608 810 317 55 32 27 20 588 923 98 305 151
internal_value=0 0.00152479 0.000869946 0.00408799 0.00267465 0.0041063 0.00313127 -8.71437e-05 -0.00109763 -0.00260305 0.00274608 -0.00517572 -0.00444349 -0.00357046 -0.00228745 -0.00146766 0.000370509 0.00770323 0.00599259 -0.00291255 0.0026495 8.80965e-05 -0.00564877 0.00124735 -0.00811706 -0.00317767 -0.00598518 -0.00368794 -0.00859978 -0.00626876
internal_weight=0 1977.78 1575.32 402.459 1036.64 751.452 653.576 186.767 285.189 538.68 111.647 582.298 466.233 173.542 167.179 403.759 177.696 215.692 128.264 226.063 129.456 58.3723 299.054 13.9097 116.065 148.995 285.144 79.0973 111.418 57.3111
internal_count=11110 8519 6648 1871 4457 3288 2840 792 1169 2191 464 2591 2035 705 708 1637 727 1079 625 910 555 238 1327 59 556 633 1268 345 536 237
is_linear=0
shrinkage=0.01


Tree=94
num_leaves=31
num_cat=0
split_feature=3 0 0 0 0 0 0 0 0 0 0 4 0 12 1 1 1 0 0 1 0 0 1 0 0 12 12 1 0 12
split_gain=198.348 32.7672 96.6837 59.9097 54.9454 31.548 85.3826 31.2763 25.4143 46.4848 20.0038 11.7639 11.6568 10.7737 10.4272 14.1137 11.7043 9.15067 11.6958 9.13018 7.30384 17.7949 7.18133 7.12865 6.40114 9.30185 7.19784 4.80854 4.70751 8.73816
threshold=82.500000000000014 4643066.5000000009 4583097.5000000009 5494016.0000000009 4505563.5000000009 4492123.5000000009 4379747.0000000009 5496965.5000000009 4583087.5000000009 4583075.5000000009 4587555.5000000009 30.500000000000004 4493360.5000000009 1.9915744832887996 1473615205230.5002 3062739739081.0005 453453640836.50006 5491238.5000000009 5491476.0000000009 308877313997.50006 5556929.5000000009 5505757.0000000009 415074950739.00006 5496591.0000000009 5496591.0000000009 1.9929177889658176 1.9476087096803527 4251334762525.5005 4642607.5000000009 2.8881955934347157
decision_type=2 2 2 2 2 2 2 2 2 2 2 2 2 2 2 2 2 2 2 2 2 2 2 2 2 2 2 2 2 2
left_child=11 2 4 13 5 6 -2 24 9 -6 19 -1 -7 17 16 -16 -12 -3 -19 -4 21 -9 -21 28 26 -26 -5 -22 -13 -30
right_child=1 3 10 7 8 12 -8 20 -10 -11 14 23 -14 -15 15 -17 -18 18 -20 22 27 -23 -24 -25 25 -27 -28 -29 29 -31
leaf_value=-0.0073200452635711188 -0.0011072314835442016 0.0094552769225742291 0.0047344908301814141 -0.0043506156545679167 0.0051200776280265758 -0.0061167121138282019 0.0083621208329294813 0.0029903140755261899 0.012558954011061652 -0.011303355717547838 -0.0043209128907276155 -0.0041387951570165836 -0.00074093870704571171 -0.0041866443600038078 -0.0052284502671599469 -0.00069809850172222342 0.0025882700711737849 0.00043578600234825827 0.0087182591589524457 -0.01663902808726991 0.00408857883105594 -0.010093250491235632 -0.0059617883451910294 0.00037592709340336259 -0.0058073024130669672 0.0074570743160488062 -0.015814610007861073 0.0148708262214629 0.00095951947624044914 -0.0092898816625396671
leaf_weight=199.94553318619728 292.99411043524742 140.40561258792877 7.6529019176959983 10.414193376898767 400.98816785216331 74.199296876788139 141.06468683481216 45.619036123156548 42.166701093316078 18.007835909724236 32.763503655791283 252.61210140585899 88.383609473705292 7.5271629840135565 117.1337870657444 166.53583866357803 97.428160294890404 30.894248604774475 38.045409858226776 6.6353580057620993 68.520650312304497 13.463437423110006 124.34714868664742 30.210693910717964 31.820844277739525 6.3402189612388602 11.552130728960035 4.4018452167510977 10.230608448386191 44.495454549789429
leaf_count=940 1202 734 31 42 1798 297 631 186 191 75 133 1103 355 31 476 675 396 126 196 28 305 55 511 126 132 26 49 20 43 197
internal_value=0 0.00143772 0.000795731 0.00396532 0.0025666 0.000562892 0.00197021 -0.000100857 0.00515894 0.00441422 -0.00259475 -0.00539783 -0.00319432 0.00756764 -0.00149346 -0.00256879 0.000849533 0.00799028 0.0050066 -0.00588237 0.00262215 8.89264e-06 -0.00650268 -0.00425922 -0.006079 -0.00360351 -0.0103796 0.00473943 -0.00471484 -0.00737384
internal_weight=0 2019.31 1610.3 409.005 1057.8 596.642 434.059 192.132 461.163 418.996 552.497 537.494 162.583 216.872 413.861 283.67 130.192 209.345 68.9397 138.635 132.005 59.0825 130.983 337.549 60.1274 38.1611 21.9663 72.9225 307.338 54.7261
internal_count=11110 8701 6799 1902 4549 2485 1833 815 2064 1873 2250 2409 652 1087 1680 1151 529 1056 322 570 566 241 539 1469 249 158 91 325 1343 240
is_linear=0
shrinkage=0.01


Tree=95
num_leaves=31
num_cat=0
split_feature=3 0 0 0 0 0 0 0 2 0 2 5 3 0 2 2 0 0 2 0 0 0 0 0 4 2 0 0 6 0
split_gain=194.761 32.1121 95.0171 58.9218 54.0071 46.6551 71.6393 30.4109 26.5608 20.0232 16.2295 12.3345 11.8317 11.1572 10.6141 10.5085 11.1767 9.16358 10.4873 7.82039 6.73657 11.31 6.72352 17.8046 6.3941 6.14376 5.67482 9.57633 4.96142 4.65879
threshold=102.50000000000001 4643066.5000000009 4583097.5000000009 5494016.0000000009 4378387.5000000009 4487740.5000000009 4505563.5000000009 5496965.5000000009 145.50000000000003 4587555.5000000009 24.500000000000004 32.500000000000007 31.500000000000004 4262097.0000000009 58.500000000000007 145.50000000000003 4642662.5000000009 4684942.5000000009 42.500000000000007 4589803.5000000009 5498003.0000000009 5505757.0000000009 5556929.5000000009 5505757.0000000009 88.500000000000014 4.5000000000000009 4494768.0000000009 4489933.0000000009 22.500000000000004 5496591.0000000009
decision_type=2 2 2 2 2 2 2 2 2 2 2 2 2 2 2 2 2 2 2 2 2 2 2 2 2 2 2 2 2 2
left_child=11 2 4 17 8 -6 -7 29 10 -4 -2 24 20 -10 25 16 -11 -3 -19 -17 26 -22 23 -9 28 -14 27 -13 -1 -5
right_child=1 3 9 7 5 6 -8 22 13 15 -12 12 14 -15 -16 19 -18 18 -20 -21 21 -23 -24 -25 -26 -27 -28 -29 -30 -31
leaf_value=-0.011007454707312165 -0.003519797343514854 0.010114349238203684 -0.0058911156382128087 -0.0099393368573277401 0.010251039026799157 -0.0020542922695793923 0.0052172347103664951 0.0031126690255299906 0.0023242687478985525 0.0011404415894070805 0.0050582503068717566 -0.00583687891440889 0.0041596611524014762 -0.0046208397648214317 0.0049793075094675841 0.0024231151896172039 -0.0079059829202070553 -0.0098169439033452405 0.0064228028126964353 -0.0035229055157880076 0.0092458117484220011 -0.0089298575297264201 0.0046722664781419978 -0.010006971018533426 0.0034747489772896968 -0.0036834811720265637 -0.0067684513479300381 0.0018443735268129111 -0.0067131206614578758 -0.0040029768962743769
leaf_weight=46.097193762660027 30.265755340456963 86.620847254991531 134.69173860549927 20.741516217589378 104.06379872560501 193.56760556995869 451.5510850995779 44.861301615834236 27.480042889714241 162.754180803895 81.311318621039391 56.057940036058426 10.766808852553366 146.15823030471802 18.176764115691185 24.8525560349226 14.9080962985754 4.1089326292276374 123.42132456600666 201.13999170064926 7.772550553083418 6.1187321990728378 70.865549594163895 13.443821385502813 4.6453031450510016 137.97363017499447 205.21370357275009 22.84498918056488 64.615737110376358 36.456127673387527
leaf_count=231 122 454 554 86 478 782 2028 183 112 666 342 247 45 593 75 100 61 17 608 810 32 27 317 55 20 588 923 98 305 151
internal_value=0 0.00149839 0.00085463 0.00402629 0.00262783 0.00403769 0.00303542 -8.52117e-05 -0.00107546 -0.00255247 0.00273142 -0.00509199 -0.00436576 -0.0035217 -0.00223422 -0.00143843 0.000381333 0.00760438 0.00589957 -0.00286902 -0.00555966 0.00123992 0.00260283 8.75815e-05 -0.00801889 -0.00311574 -0.00589211 -0.0036129 -0.00850114 -0.00615567
internal_weight=0 1973.26 1572.74 400.519 1034.4 749.182 645.119 186.368 285.215 538.347 111.577 580.283 464.925 173.638 166.917 403.655 177.662 214.151 127.53 225.993 298.008 13.8913 129.171 58.3051 115.358 148.74 284.117 78.9029 110.713 57.1976
internal_count=11110 8519 6648 1871 4457 3288 2810 792 1169 2191 464 2591 2035 705 708 1637 727 1079 625 910 1327 59 555 238 556 633 1268 345 536 237
is_linear=0
shrinkage=0.01


Tree=96
num_leaves=31
num_cat=0
split_feature=3 0 0 0 0 0 0 0 0 0 0 4 0 2 0 0 1 1 1 0 0 0 0 0 0 13 13 1 0 13
split_gain=191.257 31.7022 93.0454 58.1053 53.0423 30.5122 82.7373 30.113 25.1477 45.6062 19.273 11.5387 11.4269 10.5159 10.2227 22.24 8.96143 8.19777 7.09835 7.05146 17.1345 6.89711 6.84584 11.236 6.2084 9.12162 7.14029 4.75971 4.62918 8.53694
threshold=82.500000000000014 4643066.5000000009 4583097.5000000009 5494016.0000000009 4505563.5000000009 4492123.5000000009 4379747.0000000009 5496965.5000000009 4583087.5000000009 4583075.5000000009 4587555.5000000009 30.500000000000004 4493360.5000000009 55.500000000000007 4589803.5000000009 4590057.5000000009 308877313997.50006 3784361560906.0005 415074950739.00006 5556929.5000000009 5505757.0000000009 5496591.0000000009 5491238.5000000009 5491476.0000000009 5496591.0000000009 1.9964525882004638 1.973451941568491 4251334762525.5005 4642607.5000000009 2.9432885032408249
decision_type=2 2 2 2 2 2 2 2 2 2 2 2 2 2 2 2 2 2 2 2 2 2 2 2 2 2 2 2 2 2
left_child=11 2 4 13 5 6 -2 24 9 -6 16 -1 -7 -3 17 -16 -4 -12 -18 20 -9 28 -15 -24 26 -26 -5 -21 -13 -30
right_child=1 3 10 7 8 12 -8 19 -10 -11 14 21 -14 22 15 -17 18 -19 -20 27 -22 -23 23 -25 25 -27 -28 -29 29 -31
leaf_value=-0.0072208864723984061 -0.0010852247074512307 -0.0017051705822332501 0.0047426792637335893 -0.0042122004794299733 0.0050348214920993943 -0.0060347106463285692 0.0082524881577219905 0.00293224726858842 0.012458602112582179 -0.011225555545468247 0.0015064885883668922 -0.0040604364341087643 -0.00071236800553831536 0.0092689798133279242 -0.012416583816817086 -0.0014442582054073633 -0.01649354480650644 0.015237240234199303 -0.0058534251537007923 0.0040138920474659173 -0.0099217949413344473 0.00037770164556261338 0.0006071360178651051 0.0089551599356206789 -0.0057181013217748409 0.0074161581798678523 -0.015647983981074674 0.014776628126816117 0.00096320622455822323 -0.009175935973219241
leaf_weight=198.86542564630508 293.00707679986954 11.805235803127287 7.6527597904205313 10.403288051486017 399.66077944636345 74.201553344726562 140.33825621008873 45.590473756194115 41.910046473145485 18.026992097496986 42.351094320416451 251.95867514610291 88.392635852098465 137.83172932267189 19.511653661727905 347.03490851819515 6.6034634411334983 4.8456811755895606 124.14312298595905 68.332278415560722 13.423742100596426 30.188034281134605 28.400323480367661 37.295671001076698 31.771726995706558 6.3433194011449805 11.490254402160643 4.3718864470720282 10.220950439572333 44.282707840204239
leaf_count=940 1202 49 31 42 1798 297 631 186 191 75 172 1103 355 728 79 1409 28 20 511 305 55 126 116 194 132 26 49 20 43 197
internal_value=0 0.00141262 0.000781427 0.00390553 0.00252138 0.000552755 0.00193878 -9.84519e-05 0.005074 0.00433304 -0.00254485 -0.00531102 -0.00314127 0.00747058 -0.00146429 -0.00202833 -0.00577519 0.00291622 -0.00639081 0.00257652 8.38655e-06 -0.00418283 0.0080028 0.00534632 -0.00596999 -0.00353222 -0.010214 0.00466108 -0.00463206 -0.00727457
internal_weight=0 2014.74 1607.68 407.06 1055.54 595.94 433.345 191.727 459.598 417.688 552.143 535.516 162.594 215.333 413.743 366.547 138.399 47.1968 130.747 131.718 59.0142 336.65 203.528 65.696 60.0086 38.115 21.8935 72.7042 306.462 54.5037
internal_count=11110 8701 6799 1902 4549 2485 1833 815 2064 1873 2250 2409 652 1087 1680 1488 570 192 539 566 241 1469 1038 310 249 158 91 325 1343 240
is_linear=0
shrinkage=0.01


Tree=97
num_leaves=31
num_cat=0
split_feature=3 0 0 0 0 0 0 0 2 0 1 5 3 0 2 2 0 0 2 1 1 1 1 0 0 0 0 2 0 0
split_gain=187.82 31.0646 91.4374 57.1526 52.1011 45.653 65.2956 29.2723 26.0265 19.2953 18.0215 12.1307 11.5523 11.0388 10.3806 10.2658 10.9507 9.06858 10.2197 8.8352 7.98029 6.97717 6.71015 6.48122 17.1493 6.48087 9.77581 6.01685 5.77656 5.47121
threshold=102.50000000000001 4643066.5000000009 4583097.5000000009 5494016.0000000009 4378387.5000000009 4487724.5000000009 4505563.5000000009 5496965.5000000009 145.50000000000003 4587555.5000000009 3743724181785.5005 32.500000000000007 31.500000000000004 4244591.5000000009 58.500000000000007 145.50000000000003 4642662.5000000009 4684942.5000000009 42.500000000000007 308877313997.50006 4084856404488.5005 415074950739.00006 701677527733.00012 5556929.5000000009 5505757.0000000009 5498003.0000000009 5505757.0000000009 4.5000000000000009 4494768.0000000009 4377463.0000000009
decision_type=2 2 2 2 2 2 2 2 2 2 2 2 2 2 2 2 2 2 2 2 2 2 2 2 2 2 2 2 2 2
left_child=11 2 4 17 8 -6 -7 -5 10 19 -2 -1 22 -10 27 16 -11 -3 -19 -4 -17 -21 29 24 -9 28 -27 -14 -24 -13
right_child=1 3 9 7 5 6 -8 23 13 15 -12 12 14 -15 -16 20 -18 18 -20 21 -22 -23 25 -25 -26 26 -28 -29 -30 -31
leaf_value=-0.0079222121688974322 0.0041482708270442039 0.01001731250596719 0.0056334078656884532 -0.0060449937837819328 0.010386129567971065 -0.0017312225265601006 0.0051318976849146812 0.003054189737702411 -0.013147540611852096 0.0011400593992297863 -0.0085728272729522267 -0.0084852146188302818 0.0041435600044983159 -0.002816938454496177 0.0049523133279243334 -0.0033685774259011726 -0.0078165738126864375 -0.0097213411554285551 0.0063269535817352821 -0.016389062761859086 0.003663701397392749 -0.0058157728315369498 -0.0038798057464457772 0.0045929724622913838 -0.0098376943164657001 0.010000470687520536 -0.0082986687189801518 -0.0036182385266923258 -0.0073776640823584828 4.74287983806403e-05
leaf_weight=114.65433849394321 98.95796000957489 85.8212770819664 6.4527739733457556 57.080723837018013 96.569289222359657 200.34255993366241 449.9895605891943 44.832647189497948 11.045917645096777 162.75246746838093 12.548502415418623 9.6568045765161497 10.768097728490828 162.68510253727436 18.169442296028137 208.41386744379997 14.900335222482679 4.1006891876459113 122.69976449012756 6.579226925969123 17.491473436355591 121.42582538723946 64.335659101605415 70.648572102189064 13.403216943144797 6.0540144592523557 5.6383034735918045 137.71959908306599 177.4004020690918 33.878571301698685
leaf_count=556 412 454 26 237 448 812 2028 183 45 666 52 42 45 660 75 839 61 17 608 28 71 500 283 317 55 25 25 588 803 149
internal_value=0 0.0014725 0.000839607 0.00396565 0.00258189 0.00397033 0.00301763 -8.33221e-05 -0.00105376 -0.00250282 0.00271669 -0.00500974 -0.00428948 -0.00347376 -0.00218234 -0.0014097 0.000388837 0.00750699 0.00580796 -0.00578368 -0.00282408 -0.00635922 -0.00547202 0.002557 8.70711e-05 -0.00609505 0.00117621 -0.00305536 -0.00644674 -0.00184524
internal_weight=0 1968.74 1570.15 398.587 1032.14 746.901 650.332 185.965 285.237 538.016 111.506 578.275 463.621 173.731 166.657 403.558 177.653 212.622 126.8 134.458 225.905 128.005 296.964 128.884 58.2359 253.428 11.6923 148.488 241.736 43.5354
internal_count=11110 8519 6648 1871 4457 3288 2840 792 1169 2191 464 2591 2035 705 708 1637 727 1079 625 554 910 528 1327 555 238 1136 50 633 1086 191
is_linear=0
shrinkage=0.01


Tree=98
num_leaves=31
num_cat=0
split_feature=3 0 0 0 0 0 0 0 0 0 0 4 0 2 1 1 1 1 1 0 0 0 0 0 0 12 12 1 3 2
split_gain=184.416 30.6722 89.5434 56.3535 51.2066 29.5553 80.2281 28.9943 24.8868 44.7438 18.5736 11.3508 11.2026 10.2546 10.2206 13.8248 11.5019 8.63593 6.9156 6.80766 16.5004 6.78914 11.1448 6.67253 6.11464 8.94059 7.07089 4.71211 4.65545 6.16935
threshold=82.500000000000014 4643066.5000000009 4583097.5000000009 5494016.0000000009 4505563.5000000009 4492123.5000000009 4379747.0000000009 5496965.5000000009 4583087.5000000009 4583075.5000000009 4587555.5000000009 30.500000000000004 4493360.5000000009 55.500000000000007 1473615205230.5002 3062739739081.0005 453453640836.50006 308877313997.50006 415074950739.00006 5556929.5000000009 5505757.0000000009 5491238.5000000009 5491476.0000000009 5496591.0000000009 5496591.0000000009 1.9929177889658176 1.9476087096803527 4251334762525.5005 3.5000000000000004 29.500000000000004
decision_type=2 2 2 2 2 2 2 2 2 2 2 2 2 2 2 2 2 2 2 2 2 2 2 2 2 2 2 2 2 2
left_child=11 2 4 13 5 6 -2 24 9 -6 17 -1 -7 -3 16 -16 -12 -4 -19 20 -9 -15 -23 28 26 -26 -5 -21 -13 -30
right_child=1 3 10 7 8 12 -8 19 -10 -11 14 23 -14 21 15 -17 -18 18 -20 27 -22 22 -24 -25 25 -27 -28 -29 29 -31
leaf_value=-0.0071255688395754557 -0.0010634653626027382 -0.0016887448550004869 0.004651319794128945 -0.0041130163175045935 0.0049509240823326249 -0.005956942372380666 0.0081472074738291426 0.0028753055746775754 0.012360371688059913 -0.011148090727669502 -0.0042424909803476995 0.004388796365292426 -0.0006872075073813237 0.0091722199638657326 -0.0051342472547327503 -0.00064894089640092926 0.0026083286180017353 -0.016286904317631173 -0.0057469504289597972 0.0039404488006446643 -0.009754643352846367 0.00053836802016583624 0.0088681292370389742 0.00038078800157938345 -0.0056113013783977376 0.0073925699790532593 -0.015508559288693234 0.014685063258842569 -0.0061440993193637595 -0.0032753052396013393
leaf_weight=197.82040710747242 293.06028154492378 11.794657573103903 7.6562174856662741 10.394823387265207 398.34157541394234 74.201371520757675 139.62288536131382 45.561692491173744 41.651990965008736 18.045802250504494 32.747146382927895 5.718931332230567 88.399981796741486 136.61812688410282 117.03979396820068 166.44395644962788 97.387435436248779 6.5544138997793189 123.93451105058193 68.145498707890511 13.382263720035551 28.371922999620438 37.021345183253288 30.168856203556061 31.711032226681709 6.3450409471988669 11.435060322284697 4.3416797369718543 150.92938062548637 148.93145836889744
leaf_count=940 1202 49 31 42 1798 297 631 186 191 75 133 24 355 728 476 675 396 28 511 305 55 116 194 126 132 26 49 20 672 647
internal_value=0 0.00138796 0.00076738 0.00384667 0.00247686 0.00054279 0.00190873 -9.60872e-05 0.00499044 0.00425321 -0.00249603 -0.00522541 -0.00309199 0.00737471 -0.00143571 -0.00250076 0.000884384 -0.00567074 -0.00627637 0.00253172 7.8817e-06 0.00790389 0.00525413 -0.00410585 -0.0058633 -0.00344318 -0.0100823 0.00458401 -0.0045488 -0.00471926
internal_weight=0 2010.21 1605.09 405.123 1053.32 595.285 432.683 191.317 458.039 416.387 551.763 533.569 162.601 213.806 413.618 283.484 130.135 138.145 130.489 131.431 58.944 202.011 65.3933 335.749 59.886 38.0561 21.8299 72.4872 305.58 299.861
internal_count=11110 8701 6799 1902 4549 2485 1833 815 2064 1873 2250 2409 652 1087 1680 1151 529 570 539 566 241 1038 310 1469 249 158 91 325 1343 1319
is_linear=0
shrinkage=0.01


Tree=99
num_leaves=31
num_cat=0
split_feature=13 0 0 0 0 0 0 0 2 0 1 5 0 0 0 2 0 0 2 14 1 1 1 4 0 0 13 1 1 0
split_gain=179.933 31.2061 91.7134 54.4771 50.5929 44.5761 63.3014 28.2157 25.7197 19.812 17.8146 12.6502 11.055 10.5432 21.6578 9.98321 8.50059 11.0956 7.94063 7.99423 7.85417 6.63381 6.61798 6.37851 6.29017 17.6649 5.88619 10.2746 12.6676 6.96384
threshold=2.926987360858087 4643066.5000000009 4583097.5000000009 5494016.0000000009 4378387.5000000009 4487724.5000000009 4505563.5000000009 5496965.5000000009 145.50000000000003 4587555.5000000009 3743724181785.5005 32.500000000000007 4262097.0000000009 4589803.5000000009 4590057.5000000009 12.500000000000002 5491238.5000000009 5491476.0000000009 8.5000000000000018 2.9861197458070241 3784361560906.0005 308877313997.50006 415074950739.00006 88.500000000000014 5556929.5000000009 5505757.0000000009 2.9698742379433534 3784361549892.5005 2621383336393.0005 4587388.0000000009
decision_type=2 2 2 2 2 2 2 2 2 2 2 2 2 2 2 2 2 2 2 2 2 2 2 2 2 2 2 2 2 2
left_child=1 2 4 15 8 -6 -7 -5 10 21 -1 23 -10 20 -15 -3 -17 -18 19 -13 -11 -4 -23 -2 25 -9 27 28 -20 -28
right_child=11 3 9 7 5 6 -8 24 12 13 -12 18 -14 14 -16 16 17 -19 26 -21 -22 22 -24 -25 -26 -27 29 -29 -30 -31
leaf_value=0.0041830083143159632 -0.0083515534291958588 -0.00607932998262727 0.0044154642933381567 -0.0059788103735829478 0.010284974556861696 -0.0016985138105744357 0.0050724969511156594 0.0031327712181902947 0.0023901166869292607 0.0016388904377566519 -0.0084649194736702866 0.0060742245047241605 -0.0045199022252080372 -0.012275163153302822 -0.0014314276362072645 0.0091923483824779394 0.00046649023910692086 0.0085427372994250645 -0.00089349869159024845 -0.0026812866736131251 0.015108469962722493 -0.016186997734265868 -0.0058493592534479182 0.0036344946179724781 0.0045547619429640949 -0.0098597619286378679 -0.0041425436769411969 0.0045600279546041296 -0.0069539316713163515 -0.0077349830738138361
leaf_weight=97.900982335209846 109.83225141465664 5.3456827700138083 5.9577173590660086 55.488725453615189 96.135092243552208 199.4901162981987 448.46844772994518 45.270270138978958 27.504700735211372 41.607570543885231 12.565519362688063 11.895768404006956 146.32053656876087 19.487771540880203 335.70424127578735 138.02655149996281 31.082125470042229 37.576718613505363 63.696397453546524 84.534891441464424 4.83176465332508 6.5290463119745246 120.22647824883461 4.6268741041421881 70.670583620667458 13.610886991024016 111.06777819991112 14.911414846777914 75.216685906052589 104.94465769827366
leaf_count=408 538 22 24 231 449 809 2028 185 112 169 52 48 593 79 1362 737 127 197 264 369 20 28 496 20 318 56 495 61 332 481
internal_value=0 0.00144947 0.000813395 0.00395281 0.00255965 0.00393064 0.00298787 -1.21465e-05 -0.00102873 -0.0025474 0.00274431 -0.00488814 -0.00342652 -0.00144053 -0.00202637 0.00741305 0.00776202 0.00488659 -0.00415689 -0.0016012 0.00304033 -0.00589713 -0.00638184 -0.00786703 0.00254345 0.000129435 -0.00482325 -0.00332826 -0.00417502 -0.00588785
internal_weight=0 1959.8 1562.73 397.072 1028.39 744.094 647.959 185.04 284.292 534.345 110.467 580.727 173.825 401.631 355.192 212.031 206.685 68.6588 466.268 96.4307 46.4393 132.713 126.756 114.459 129.552 58.8812 369.837 153.824 138.913 216.012
internal_count=11110 8502 6629 1873 4451 3286 2837 790 1165 2178 460 2608 705 1630 1441 1083 1061 324 2050 417 189 548 524 558 559 241 1633 657 596 976
is_linear=0
shrinkage=0.01


Tree=100
num_leaves=31
num_cat=0
split_feature=3 0 0 0 0 0 0 0 2 0 1 5 3 0 2 2 0 0 2 1 1 1 1 0 0 4 0 0 2 0
split_gain=177.825 29.5606 86.2895 54.6218 49.3579 44.0843 65.9142 27.643 24.9888 18.2525 17.3019 11.7892 11.2526 10.9295 10.1077 10.023 10.7401 8.95533 10.9391 8.3703 7.77063 6.71691 6.60967 6.32377 9.57901 6.24065 6.13617 16.2048 5.86104 5.69758
threshold=102.50000000000001 4643066.5000000009 4583097.5000000009 5494016.0000000009 4378387.5000000009 4487740.5000000009 4505563.5000000009 5496965.5000000009 145.50000000000003 4587555.5000000009 3743724181785.5005 32.500000000000007 31.500000000000004 4244591.5000000009 58.500000000000007 145.50000000000003 4642662.5000000009 4684942.5000000009 15.500000000000002 308877313997.50006 4084856404488.5005 415074950739.00006 701677527733.00012 5498003.0000000009 5505757.0000000009 88.500000000000014 5556929.5000000009 5505757.0000000009 4.5000000000000009 4494768.0000000009
decision_type=2 2 2 2 2 2 2 2 2 2 2 2 2 2 2 2 2 2 2 2 2 2 2 2 2 2 2 2 2 2
left_child=11 2 4 17 8 -6 -7 -5 10 19 -2 25 22 -10 28 16 -11 -3 -19 -4 -17 -21 -13 29 -25 -1 27 -9 -14 -24
right_child=1 3 9 7 5 6 -8 26 13 15 -12 12 14 -15 -16 20 -18 18 -20 21 -22 -23 23 24 -26 -27 -28 -29 -30 -31
leaf_value=-0.0082575837357065258 0.0040809157425223414 0.0098790699291559612 0.0054815315355139973 -0.0058832046649169717 0.0099657476452661674 -0.0019787549238456693 0.0050058723971899075 0.0029665493758370375 -0.013009014787296512 0.0011533294486271526 -0.0083705517046253949 -0.0017443831821881048 0.0041460294033062945 -0.002737478167308544 0.0049456162625806099 -0.0033032090441121697 -0.0077197227837560245 -0.011474508186096995 0.0061788497675492309 -0.016089273256762144 0.0036381909650201596 -0.005656964199871644 -0.003765004821110337 0.0099458220160671615 -0.0081909735840609028 0.003594655190937462 0.004476224897646386 -0.0095900251259276054 -0.0035172317857264483 -0.0072467336720612044
leaf_weight=108.95751467347145 98.843486025929451 84.640627205371857 6.4569473415613166 56.905558243393898 102.33282999694347 193.51528249680996 447.67943315207958 44.788249120116234 11.063089713454245 162.7312998175621 12.580034434795378 43.394913360476494 10.76267586648464 162.82767949998379 18.154529303312302 208.2899853438139 14.889612719416617 3.6141013056039801 122.05558747053146 6.5031456202268592 17.480810388922691 121.11411570012569 64.08215007185936 6.0532815456390363 5.6116590350866318 4.6313493251800528 70.326251149177551 13.338712707161902 137.30919829010963 176.3205122500658
leaf_count=536 412 454 26 237 478 782 2028 183 45 666 52 191 45 660 75 839 61 15 610 28 71 500 283 25 25 20 317 55 588 803
internal_value=0 0.00143432 0.000817387 0.00387652 0.00251384 0.00387064 0.00289788 -8.11559e-05 -0.00102199 -0.00243004 0.00267511 -0.00488824 -0.00417817 -0.00339096 -0.00209678 -0.00136762 0.000409519 0.00736466 0.00567116 -0.00562655 -0.00276576 -0.00618858 -0.00534916 -0.00596974 0.00122074 -0.00777433 0.00248919 8.51234e-05 -0.00296022 -0.00631864
internal_weight=0 1961.98 1566.31 395.669 1028.84 743.528 641.195 185.359 285.314 537.466 111.424 575.278 461.689 173.891 166.226 403.392 177.621 210.31 125.67 134.074 225.771 127.617 295.463 252.068 11.6649 113.589 128.453 58.127 148.072 240.403
internal_count=11110 8519 6648 1871 4457 3288 2810 792 1169 2191 464 2591 2035 705 708 1637 727 1079 625 554 910 528 1327 1136 50 556 555 238 633 1086
is_linear=0
shrinkage=0.01


Tree=101
num_leaves=31
num_cat=0
split_feature=3 0 0 0 0 0 0 0 0 0 0 4 0 1 1 1 13 1 0 0 1 0 0 0 0 13 13 1 3 0
split_gain=174.648 29.1982 84.5271 53.837 48.5671 28.2511 76.702 27.389 24.6741 43.9435 17.5749 11.0416 10.9786 10.0281 13.5201 11.2922 9.84989 8.17429 6.67019 10.9158 6.65976 6.47106 6.46225 15.5876 6.03025 8.76637 7.02384 4.67245 4.59671 4.46232
threshold=82.500000000000014 4643066.5000000009 4583097.5000000009 5494016.0000000009 4505563.5000000009 4492123.5000000009 4379747.0000000009 5496965.5000000009 4583087.5000000009 4583075.5000000009 4587555.5000000009 30.500000000000004 4493360.5000000009 1473615205230.5002 3062739739081.0005 453453640836.50006 1.9813913164270993 308877313997.50006 5491238.5000000009 5491476.0000000009 415074950739.00006 5496591.0000000009 5556929.5000000009 5505757.0000000009 5496591.0000000009 1.9964525882004638 1.973451941568491 4251334762525.5005 3.5000000000000004 5505757.0000000009
decision_type=2 2 2 2 2 2 2 2 2 2 2 2 2 2 2 2 2 2 2 2 2 2 2 2 2 2 2 2 2 2
left_child=11 2 4 16 5 6 -2 24 9 -6 17 -1 -7 15 -15 -12 18 -4 -3 -20 -19 28 23 -9 26 -26 -5 -24 -13 -23
right_child=1 3 10 7 8 12 -8 22 -10 -11 13 21 -14 14 -16 -17 -18 20 19 -21 -22 29 27 -25 25 -27 -28 -29 -30 -31
leaf_value=-0.0069833285854002192 -0.0010316647202968088 0.0090272826787526472 0.0045207572004993899 -0.0039587967957456557 0.0048276092587083144 -0.0058606169661099914 0.0079979504294654755 0.0027904337061973776 0.012236623812606252 -0.011127688852669237 -0.0041761407403127964 0.0044544359107683727 -0.00064389857453887964 -0.0050543277857318537 -0.00061741591188940552 0.0026130616161860239 -0.0016526010888065113 -0.015993664870197814 0.00046706433447578897 0.0087340639789925643 -0.0055910924150801072 0.0024757083500246248 0.0038307805445191813 -0.0095099932598839507 -0.0054529460198949487 0.0074293422078272166 -0.015337656525578636 0.014575337457498916 -0.0046029463563698652 -0.006799119588492805
leaf_weight=196.23235237598419 293.10991024971008 134.78556394577026 7.6604190021753302 10.380584284663202 396.36626042425632 74.197890251874924 138.53722064197063 45.516738921403885 41.317200720310211 18.047738611698151 32.735467299818993 5.7104350030422202 88.410875275731087 116.95819793641567 166.37144261598587 97.362809613347054 11.776125118136404 6.4767328649759284 28.341827243566513 36.595452979207039 123.61364477872849 23.468070611357692 67.859885588288307 13.316567048430441 31.617279708385468 6.3420182764530173 11.362636044621466 4.3040249496698371 298.56781315803528 6.6593779772520056
leaf_count=940 1202 728 31 42 1798 297 631 186 191 75 133 24 355 476 675 396 49 28 116 194 511 97 305 55 132 26 49 20 1319 29
internal_value=0 0.00135193 0.000746865 0.0037607 0.00241156 0.000528139 0.00186639 -9.2298e-05 0.00486746 0.00413276 -0.00242435 -0.00510025 -0.00302427 -0.00139361 -0.00244897 0.000904755 0.00723479 -0.00551787 0.00775881 0.00512594 -0.006109 -0.00399524 0.00246616 6.30561e-06 -0.00570598 -0.00330065 -0.00990519 0.00447161 -0.00443297 0.000425598
internal_weight=0 2003.36 1601.17 402.199 1049.99 594.256 431.647 190.7 455.731 414.414 551.179 530.638 162.609 413.428 283.33 130.098 211.499 137.751 199.723 64.9373 130.09 334.406 130.997 58.8333 59.7025 37.9593 21.7432 72.1639 304.278 30.1274
internal_count=11110 8701 6799 1902 4549 2485 1833 815 2064 1873 2250 2409 652 1680 1151 529 1087 570 1038 310 539 1469 566 241 249 158 91 325 1343 126
is_linear=0
shrinkage=0.01


Tree=102
num_leaves=31
num_cat=0
split_feature=3 0 0 0 0 0 0 0 2 0 0 0 12 2 0 0 2 12 0 0 0 2 12 0 0 0 12 12 12 12
split_gain=171.482 28.5961 83.0411 52.9806 48.2922 26.61 24.2369 65.9946 24.4844 17.5973 65.0287 17.5943 11.4462 9.82311 10.5394 8.86363 10.6704 8.22009 7.41251 7.31481 9.39272 10.5327 9.31631 5.91421 15.6124 4.37862 6.4569 5.24889 3.64641 3.4251
threshold=102.50000000000001 4643066.5000000009 4583097.5000000009 5494016.0000000009 4545048.5000000009 5496965.5000000009 4378387.5000000009 4487740.5000000009 145.50000000000003 4549454.5000000009 4567385.0000000009 4587555.5000000009 4.9260228337136409 145.50000000000003 4642662.5000000009 4684942.5000000009 15.500000000000002 2.8568631541164176 4589803.5000000009 5496591.0000000009 4626776.0000000009 81.500000000000014 2.8862701996789428 5556929.5000000009 5505757.0000000009 5496591.0000000009 1.9476087096803527 1.9915744832887996 4.7756259948422475 1.9969586346790364
decision_type=2 2 2 2 2 2 2 2 2 2 2 2 2 2 2 2 2 2 2 2 2 2 2 2 2 2 2 2 2 2
left_child=12 2 4 15 6 25 8 -8 -2 -6 -11 29 17 14 -13 -3 -17 -1 -15 20 21 -19 -22 24 -7 26 -5 -27 -21 -4
right_child=1 3 11 5 9 23 7 -9 -10 10 -12 13 -14 18 -16 16 -18 19 -20 28 22 -23 -24 -25 -26 27 -28 -29 -30 -31
leaf_value=0.0077855358194566793 0.0026594756301538129 0.0097855052837313612 -0.0058356134357697275 -0.0039206235821659888 0.011042112185539427 0.0029108895577879797 0.0098545370085024436 0.00087729263880903855 -0.0033450142689755505 -0.012123040420617641 0.0073036911214095423 0.0011557111881099315 -0.0084865091153775059 0.0024301721449561191 -0.0076368379615489633 -0.011370589976942166 0.0060863457560158549 -0.0035466950493395688 -0.0033620776406954357 0.000400273472256417 -0.00029332576934805514 -0.010453977684760536 -0.0087833486421067183 0.0044000607188310189 -0.0094309141284442365 -0.0054406518458844522 -0.015137350860132594 0.0045743224698358911 -0.0069482504718707365 0.002718345519659251
leaf_weight=5.5961069762706748 111.39053855836391 83.851847797632217 128.95573937892914 10.376857519149782 64.207891494035721 44.759148091077805 101.64110067486763 421.3695961534977 173.97950583696365 19.76756289601326 134.27025696635246 162.70435404777527 73.751824498176575 24.824493438005447 14.87964718043804 3.60545690357685 121.3486188352108 319.53933282196522 200.85339856147766 42.040663674473763 15.23015636205673 23.71460933983326 85.389732524752617 70.112982004880905 13.294058382511137 29.908609956502914 10.153819277882574 6.3430742770433417 8.044623449444769 4.8573192954063407
leaf_count=24 464 454 534 42 291 183 478 1830 705 88 601 666 373 100 61 15 610 1415 810 179 65 108 389 317 55 125 44 26 38 20
internal_value=0 0.00140955 0.000803031 0.00381819 0.00246982 -7.93602e-05 0.00134289 0.00262192 -0.00100124 0.00664396 0.00481067 -0.00238306 -0.0048091 -0.00134045 0.000418989 0.00727042 0.00558264 -0.00426619 -0.00272493 -0.00440272 -0.00481149 -0.0040239 -0.00749827 0.00244538 8.46433e-05 -0.00577808 -0.00946806 -0.0036883 -0.000780035 -0.00552511
internal_weight=0 1957.46 1563.7 393.754 1026.63 184.949 808.381 523.011 285.37 218.246 154.038 537.075 573.307 403.262 177.584 208.806 124.954 499.555 225.678 493.959 443.874 343.254 100.62 128.166 58.0532 56.7824 20.5307 36.2517 50.0853 133.813
internal_count=11110 8519 6648 1871 4457 792 3477 2308 1169 980 689 2191 2591 1637 727 1079 625 2218 910 2194 1977 1523 454 555 238 237 86 151 217 554
is_linear=0
shrinkage=0.01


Tree=103
num_leaves=31
num_cat=0
split_feature=3 0 0 0 0 0 0 0 0 0 0 4 0 1 1 1 12 1 0 0 1 0 0 0 0 12 12 1 0 12
split_gain=168.434 28.2428 81.3167 52.2228 47.3212 27.6087 74.2311 26.3771 24.2459 43.3142 16.9448 10.8496 10.7681 9.81336 13.2883 11.0797 9.60096 8.0154 6.61387 10.8247 6.59572 6.23773 15.0129 6.23593 5.85513 8.48611 6.86608 4.62773 4.52099 8.14003
threshold=82.500000000000014 4643066.5000000009 4583097.5000000009 5494016.0000000009 4505563.5000000009 4492123.5000000009 4379747.0000000009 5496965.5000000009 4583087.5000000009 4583075.5000000009 4587555.5000000009 30.500000000000004 4493360.5000000009 1473615205230.5002 3062739739081.0005 453453640836.50006 1.9631289435398596 308877313997.50006 5491238.5000000009 5491476.0000000009 415074950739.00006 5556929.5000000009 5505757.0000000009 5496591.0000000009 5496591.0000000009 1.9929177889658176 1.9476087096803527 4251334762525.5005 4642607.5000000009 2.8881955934347157
decision_type=2 2 2 2 2 2 2 2 2 2 2 2 2 2 2 2 2 2 2 2 2 2 2 2 2 2 2 2 2 2
left_child=11 2 4 16 5 6 -2 24 9 -6 17 -1 -7 15 -15 -12 18 -4 -3 -20 -19 22 -9 28 26 -26 -5 -23 -13 -30
right_child=1 3 10 7 8 12 -8 21 -10 -11 13 23 -14 14 -16 -17 -18 20 19 -21 -22 27 -24 -25 25 -27 -28 -29 29 -31
leaf_value=-0.006890762969700058 -0.0010111151376065212 0.0089336617176301748 0.0045221499032100888 -0.003882834070092643 0.0047616132164341237 -0.0058107605584786304 0.0078880892315357047 0.0027355976103505138 0.012130265671043037 -0.011075308023915993 -0.004125308657471371 -0.0037863350028377826 -0.00064419659462678735 -0.0049935541852525675 -0.00059391036174280684 0.002600662287290671 -0.001634936881961276 -0.015869803089250158 0.0004019604905580996 0.0086499789453264673 -0.0054896142988010137 0.0037595486728246343 -0.0093527657835823074 0.00041756649596849757 -0.0053591296161534605 0.0073102050936485127 -0.015155086956534952 0.01448939782057858 0.0010687348551306302 -0.0088595849995933649
leaf_weight=195.19797284901142 293.15691863000393 133.59200689196587 7.660118341445922 10.3730895370245 395.30841338634491 74.194521367549896 137.78499191999435 45.487641200423241 41.020673885941505 18.05880269408226 32.725590407848358 249.61116278171539 88.407410219311714 116.89217334985733 166.33513079583645 97.341634660959244 11.76446048915386 6.4409382641315451 28.313777640461922 36.326487332582474 123.39564546942711 67.677961677312851 13.271202012896536 30.117571756243706 31.560057684779167 6.3507736921310416 11.279468387365339 4.2733873128890982 10.184642881155012 43.653357774019241
leaf_count=940 1202 728 31 42 1798 297 631 186 191 75 133 1103 355 476 675 396 49 28 116 194 511 305 55 126 132 26 49 20 43 197
internal_value=0 0.00132843 0.000733673 0.00370395 0.00236872 0.000509426 0.00183423 -9.06928e-05 0.00479742 0.00406974 -0.00237716 -0.00501823 -0.00300168 -0.00136548 -0.00240971 0.000908373 0.00714219 -0.0054181 0.00766308 0.00503718 -0.00600456 0.00242269 5.33432e-06 -0.00392246 -0.00560625 -0.00323678 -0.00975489 0.00439682 -0.00435321 -0.00698142
internal_weight=0 1998.99 1598.72 400.27 1047.93 593.544 430.942 190.274 454.388 413.367 550.791 528.765 162.602 413.295 283.227 130.067 209.997 137.497 198.232 64.6403 129.837 130.71 58.7588 333.567 59.5634 37.9108 21.6526 71.9513 303.449 53.838
internal_count=11110 8701 6799 1902 4549 2485 1833 815 2064 1873 2250 2409 652 1680 1151 529 1087 570 1038 310 539 566 241 1469 249 158 91 325 1343 240
is_linear=0
shrinkage=0.01


Tree=104
num_leaves=31
num_cat=0
split_feature=3 0 0 0 0 0 0 0 0 0 0 2 4 0 0 12 0 0 1 1 1 0 0 0 0 12 12 1 3 2
split_gain=165.358 27.7828 79.7654 51.4416 46.4975 27.0699 72.9663 25.8835 23.9552 42.4546 16.6373 10.9614 10.716 9.6735 21.3797 9.47925 8.72314 10.9981 7.86517 7.803 6.51697 6.12587 6.12576 14.7353 5.76376 8.32028 6.78522 4.57623 4.52802 6.13246
threshold=82.500000000000014 4643066.5000000009 4583097.5000000009 5494016.0000000009 4505563.5000000009 4492123.5000000009 4379747.0000000009 5496965.5000000009 4583087.5000000009 4583075.5000000009 4587555.5000000009 20.500000000000004 30.500000000000004 4589803.5000000009 4590057.5000000009 1.9915744832887996 5491238.5000000009 5491476.0000000009 308877313997.50006 3784361560906.0005 415074950739.00006 5496591.0000000009 5556929.5000000009 5505757.0000000009 5496591.0000000009 1.9929177889658176 1.9476087096803527 4251334762525.5005 3.5000000000000004 29.500000000000004
decision_type=2 2 2 2 2 2 2 2 2 2 2 2 2 2 2 2 2 2 2 2 2 2 2 2 2 2 2 2 2 2
left_child=12 2 4 15 5 6 -2 24 9 -6 18 -7 -1 19 -15 16 -3 -18 -4 -12 -20 28 23 -9 26 -26 -5 -24 -14 -30
right_child=1 3 10 7 8 11 -8 22 -10 -11 13 -13 21 14 -16 -17 17 -19 20 -21 -22 -23 27 -25 25 -27 -28 -29 29 -31
leaf_value=-0.0068410465210101681 -0.0010008792625329683 0.0089804757211991784 0.004475714132933452 -0.0038454243384338864 0.0047216092283870323 0.0036591712098531237 0.0078299281123768681 0.0027090902098379738 0.012064175337225504 -0.010943821675633091 0.0015393640931043332 -0.0039883650799079949 0.0045101144943125891 -0.012102243750604159 -0.0013285587328731845 -0.0039517355618166701 0.0001645906733737598 0.0082732805593882762 -0.015778876881955048 0.014972760918550885 -0.0054395929215140318 0.00041337179854240505 0.0037265643338228304 -0.0092755270238239294 -0.0053106753064998012 0.0072306015987636512 -0.015062702842930396 0.014424864199705787 -0.0059125393121846727 -0.0030403130827323594
leaf_weight=194.65312433242798 293.19330550730228 134.31411825120449 7.6621863842010489 10.369282066822054 394.67430274188519 21.615803375840187 137.42220844328403 45.473462879657745 40.833878502249718 18.092842325568199 42.322882473468781 140.983488753438 5.7040990591049185 19.452936545014381 346.64630009233952 7.4870430678129187 30.772851556539536 36.646786272525787 6.4134116619825354 4.8160902410745612 123.28561758995056 30.118960246443748 67.594637766480446 13.248012915253637 31.52968156337738 6.3564553409814826 11.235383197665213 4.2496993690729132 149.52145966887474 147.83111388981342
leaf_count=940 1202 734 31 42 1798 87 631 186 191 75 172 565 24 79 1409 31 126 196 28 20 511 126 305 55 132 26 49 20 672 647
internal_value=0 0.00131669 0.000726954 0.00367611 0.00234757 0.000504635 0.00181729 -8.98991e-05 0.00475775 0.00403495 -0.00235422 -0.00297171 -0.00497692 -0.00135201 -0.00190103 0.00709715 0.00750722 0.00457217 -0.00536925 0.00291183 -0.00595085 -0.00388782 0.00240114 5.26913e-06 -0.00555703 -0.00320653 -0.00967891 0.00435938 -0.00431529 -0.00448459
internal_weight=0 1996.69 1597.42 399.277 1046.82 593.215 430.616 190.057 453.601 412.767 550.599 162.599 527.829 413.238 366.099 209.221 201.734 67.4196 137.361 47.139 129.699 333.176 130.566 58.7215 59.4908 37.8861 21.6047 71.8443 303.057 297.353
internal_count=11110 8701 6799 1902 4549 2485 1833 815 2064 1873 2250 652 2409 1680 1488 1087 1056 322 570 192 539 1469 566 241 249 158 91 325 1343 1319
is_linear=0
shrinkage=0.01


Tree=105
num_leaves=31
num_cat=0
split_feature=3 0 0 0 0 0 0 0 2 0 0 0 5 3 2 2 1 0 2 1 1 1 1 4 0 0 2 0 0 0
split_gain=162.433 27.2098 78.3934 50.6137 46.5881 25.1387 22.7582 63.8685 23.9875 17.4449 63.9367 16.6515 11.3969 10.8128 9.80456 9.59251 10.3529 8.75193 10.3276 7.79185 7.54221 6.5351 6.41628 6.16831 5.99053 9.30367 5.72713 5.61416 5.59375 14.7686
threshold=102.50000000000001 4643066.5000000009 4583097.5000000009 5494016.0000000009 4545048.5000000009 5496965.5000000009 4378387.5000000009 4487740.5000000009 145.50000000000003 4549454.5000000009 4567385.0000000009 4587555.5000000009 32.500000000000007 31.500000000000004 58.500000000000007 145.50000000000003 1473615205230.5002 4684942.5000000009 15.500000000000002 308877313997.50006 4084856404488.5005 701677527733.00012 415074950739.00006 88.500000000000014 5498003.0000000009 5505757.0000000009 4.5000000000000009 4494768.0000000009 5556929.5000000009 5505757.0000000009
decision_type=2 2 2 2 2 2 2 2 2 2 2 2 2 2 2 2 2 2 2 2 2 2 2 2 2 2 2 2 2 2
left_child=12 2 4 17 6 -5 8 -8 -2 -6 -11 19 23 21 26 16 -13 -3 -19 -4 -17 -14 -21 -1 27 -26 -15 -23 29 -7
right_child=1 3 11 5 9 28 7 -9 -10 10 -12 15 13 14 -16 20 -18 18 -20 22 -22 24 -24 -25 25 -27 -28 -29 -30 -31
leaf_value=-0.0080399237054015488 0.0026532735278213199 0.0096515175185416698 0.005337493052807645 -0.0056258950726303606 0.010914473496850471 0.0028301228298498711 0.0096977022036626101 0.00082907431910753354 -0.0032894669783569692 -0.012086537537287605 0.0071772845522177862 0.0038625500793036823 -0.001553818001353603 0.0042253155167105445 0.0049878113213525166 -0.0031989264809481909 -0.0012645359737157391 -0.011252036284197279 0.0059494942828097388 -0.01568986453075099 0.0036411548880356409 -0.0035686737676766844 -0.005403752395278183 0.0037734984382431615 0.0098256408690775114 -0.0080734289232202334 -0.0033577748381818703 -0.0070380742249797745 0.0042879516066043309 -0.0091991771506528923
leaf_weight=107.34033107757568 111.37909987568855 82.688871771097183 6.4599313884973517 56.574972242116928 63.755539536476135 44.715678259730339 100.64272828400135 420.41021600365639 174.0832192003727 19.784070551395416 133.41753512620926 58.970082521438599 43.126261949539185 10.742796286940573 18.131581127643585 208.07854844629765 118.57897116243839 3.5946412384510031 120.25263822078705 6.3854387104511252 17.474193304777145 63.643054366111755 120.58218832314014 4.6097364425659171 6.052246689796446 5.5826278924942017 136.62441350519657 174.60108786821365 69.794425025582314 13.224505379796026
leaf_count=536 464 454 26 237 291 183 478 1830 705 88 601 243 191 45 75 839 484 15 610 28 71 283 500 20 25 25 588 803 317 55
internal_value=0 0.00137336 0.000782222 0.00373282 0.00240529 -7.65747e-05 0.00129871 0.00254207 -0.000970782 0.00651886 0.0046896 -0.0023139 -0.00469298 -0.00399455 -0.00195123 -0.00130035 0.000438344 0.00713225 0.00545022 -0.00537597 -0.00266901 -0.00514868 -0.00592106 -0.00755349 -0.00576911 0.00123734 -0.00280498 -0.00611128 0.00238128 8.4506e-05
internal_weight=0 1950.85 1560 390.846 1023.47 184.31 806.515 521.053 285.462 216.957 153.202 536.529 570.454 458.504 165.499 403.102 177.549 206.536 123.847 133.428 225.553 293.005 126.968 111.95 249.879 11.6349 147.367 238.244 127.735 57.9402
internal_count=11110 8519 6648 1871 4457 792 3477 2308 1169 980 689 2191 2591 2035 708 1637 727 1079 625 554 910 1327 528 556 1136 50 633 1086 555 238
is_linear=0
shrinkage=0.01


Tree=106
num_leaves=31
num_cat=0
split_feature=3 12 6 1 1 1 1 12 1 2 17 1 3 12 5 2 1 1 1 1 2 12 4 2 1 12 1 1 1 4
split_gain=159.462 21.2741 11.3217 11.3093 24.7166 15.2696 14.5533 7.95412 7.61556 5.28916 6.5193 6.5463 5.25196 4.53651 3.98421 3.73404 3.64747 3.60281 9.0324 6.68114 5.73487 4.25329 3.59676 3.09115 2.70141 2.6492 2.3737 2.21318 1.9402 1.61122
threshold=102.50000000000001 1.9789033726770087 90.000000000000014 215631315806.50003 415074950739.00006 1473615205230.5002 2344444752425.5005 2.8568631541164176 632859014102.00012 86.500000000000014 2.9982561309716629 3784361549892.5005 6.5000000000000009 2.8743614219434188 30.500000000000004 79.500000000000014 248877211243.50003 2384278442386.0005 2177228739633.0002 2115049255624.0002 14.500000000000002 1.9909035121068848 77.500000000000014 100.50000000000001 2177228743277.0002 6.7564480027639791 308877339598.00006 3540363004831.5005 215631292908.50003 7.5000000000000009
decision_type=2 2 2 2 2 2 2 2 2 2 2 2 2 2 2 2 2 2 2 2 2 2 2 2 2 2 2 2 2 2
left_child=2 3 14 15 16 8 -7 -4 -6 10 11 -9 -12 17 22 -2 -5 18 19 -3 21 -19 29 -17 -11 -16 -18 -26 -25 -1
right_child=1 13 7 4 5 6 -8 9 -10 24 12 -13 -14 -15 25 23 26 20 -20 -21 -22 -23 -24 28 27 -27 -28 -29 -30 -31
leaf_value=-0.0067757010100354719 -0.0022610949148030679 -0.0024753889273464698 0.0077303668454697426 0.0026568950467475974 0.0084492205130707945 -0.00068356171220302221 0.0020132602846850358 -0.003012014098982674 0.0032911326336252929 -0.0021194399257504883 -0.0012588809992177797 0.0038035541568230053 -0.005264554199528316 0.0056223674727469107 0.0017428161178889286 0.013109762477508752 -0.0049155260903331046 0.0081716455894115681 -0.011870729281203411 0.008414377229431471 -0.0034526691218199359 0.00028595395292923588 -0.00062922160695614389 0.0035224392951850943 -0.012490670779400416 -0.0081157042336490268 -0.001715060869498862 -0.0046638827338771416 0.0079144473769964079 -0.011140581497986747
leaf_weight=10.584632709622381 4.6261376142501822 103.1428074836731 5.5857780873775473 10.248758137226103 31.219645231962204 260.00908082723618 868.52831815183163 127.95011557638645 344.22261330485344 4.7744398117065456 36.872896000742912 15.836920276284216 291.45200112462044 9.5241950899362546 5.7134056538343412 7.3627708405256262 57.190519899129868 7.3160384744405738 9.8688116222619993 5.9594780206680289 44.194574594497681 105.07964554429054 4.183179259300231 17.293986201286316 14.381943956017496 5.2126661241054535 38.961186423897743 4.8248990923166266 24.039696276187897 42.069511890411377
leaf_count=56 19 435 24 44 142 1141 3835 547 1504 20 167 65 1331 39 28 32 253 31 42 25 191 437 19 76 67 26 167 22 106 219
internal_value=0 0.0013611 -0.00465436 0.00179361 0.00164358 0.0019731 0.00139193 -0.00413614 0.00372005 -0.00426975 -0.00403704 -0.00226134 -0.00481469 -0.00116292 -0.00849096 0.00632456 -0.0030142 -0.00139744 -0.00270926 -0.00188056 -0.000400774 0.000799248 -0.0095541 0.00714019 -0.00885115 -0.00296054 -0.00361868 -0.0105245 0.00607683 -0.0102631
internal_weight=0 1948.79 569.442 1663.7 1610.38 1503.98 1128.54 501.679 375.442 496.093 472.112 143.787 328.325 285.086 67.7634 53.3226 106.4 275.561 118.971 109.102 156.59 112.396 56.8373 48.6965 23.9813 10.9261 96.1517 19.2068 41.3337 52.6541
internal_count=11110 8519 2591 7319 7086 6622 4976 2243 1646 2219 2110 612 1498 1200 348 233 464 1161 502 460 659 468 294 214 109 54 420 89 182 275
is_linear=0
shrinkage=0.01


Tree=107
num_leaves=31
num_cat=0
split_feature=3 0 0 0 0 0 0 0 0 0 2 0 2 4 0 0 2 1 1 0 0 1 0 0 0 0 12 12 1 0
split_gain=156.612 26.9129 76.7067 49.879 45.302 26.4861 70.6974 24.8507 23.8893 104.214 21.2013 15.9671 10.8249 10.438 9.47056 20.9851 9.19118 7.63979 7.5873 6.50836 10.6129 6.33763 5.93303 5.92996 14.1975 5.68531 8.15863 6.70588 4.53169 4.49195
threshold=82.500000000000014 4643066.5000000009 4583097.5000000009 5494016.0000000009 4505563.5000000009 4492123.5000000009 4379747.0000000009 5496965.5000000009 4532379.5000000009 4539706.5000000009 87.500000000000014 4587555.5000000009 20.500000000000004 30.500000000000004 4589803.5000000009 4590057.5000000009 55.500000000000007 3784361560906.0005 308877313997.50006 5491238.5000000009 5491476.0000000009 415074950739.00006 5496591.0000000009 5556929.5000000009 5505757.0000000009 5496591.0000000009 1.9929177889658176 1.9476087096803527 4251334762525.5005 4642607.5000000009
decision_type=2 2 2 2 2 2 2 2 2 2 2 2 2 2 2 2 2 2 2 2 2 2 2 2 2 2 2 2 2 2
left_child=13 2 4 16 5 6 -2 25 10 -10 -6 18 -7 -1 17 -16 -3 -13 -4 -18 -21 -20 29 24 -9 27 -27 -5 -25 -15
right_child=1 3 11 7 8 12 -8 23 9 -11 -12 14 -14 22 15 -17 19 -19 21 20 -22 -23 -24 28 -26 26 -28 -29 -30 -31
leaf_value=-0.0067065266166097225 -0.00099403280527864536 -0.0015956864693952636 0.0043907202010700485 -0.0037683422758458952 -0.005828564952245382 0.0036266085443136548 0.0077165741245449337 0.0026414834398526595 -0.016556291460563324 0.0049642559262944993 0.01084488720699543 0.0015248726949800371 -0.0039741365213205732 -0.0036383542916584508 -0.011995076466565056 -0.0013153640236676057 0.0087851525578891785 0.014838315731062663 -0.015590310211440308 0.00031949464948117623 0.0085115959311866767 -0.0053475777169076913 0.00045280634898949696 0.0036482883143622853 -0.0091385016650863838 -0.0052135940643257992 0.0072061765127237123 -0.014938077910799619 0.014335578963442994 -0.0068334101960702658
leaf_weight=193.11522673070431 293.14913387596607 11.742989301681517 7.6626173704862586 10.360812395811083 8.4122306257486326 21.609630718827248 136.5918415337801 45.430069774389267 24.107379600405693 337.8659889549017 81.624797314405441 42.308036714792252 140.97822917997837 248.3077114969492 19.430619060993195 346.514433786273 131.68310751020908 4.7991591542959204 6.3526466488838187 28.276886239647865 35.880205720663071 123.06365230679512 30.078725904226303 67.3824632614851 13.204952165484427 31.459467649459839 6.3581894636154166 11.169109553098677 4.2158099561929694 53.479647889733315
leaf_count=940 1202 49 31 42 39 87 631 186 106 1520 399 172 565 1103 79 1409 728 20 28 116 194 511 126 305 55 132 26 49 20 240
internal_value=0 0.00128159 0.000701426 0.00361075 0.00229334 0.000473933 0.00177461 -9.75349e-05 0.00467756 0.00353099 0.00928707 -0.00232059 -0.00296392 -0.00485806 -0.00133915 -0.00188243 0.00699744 0.00288121 -0.00527789 0.0075127 0.00490097 -0.00585036 -0.00378243 0.00234653 -1.14386e-05 -0.00546083 -0.00312549 -0.00956288 0.00427757 -0.00420455
internal_weight=0 1991.63 1594.47 397.164 1044.34 592.329 429.741 189.581 452.01 361.973 90.037 550.131 162.588 524.981 413.052 365.945 207.583 47.1072 137.079 195.84 64.1571 129.416 331.866 130.233 58.635 59.3476 37.8177 21.5299 71.5983 301.787
internal_count=11110 8701 6799 1902 4549 2485 1833 815 2064 1626 438 2250 652 2409 1680 1488 1087 192 570 1038 310 539 1469 566 241 249 158 91 325 1343
is_linear=0
shrinkage=0.01


Tree=108
num_leaves=31
num_cat=0
split_feature=3 0 0 0 0 0 0 0 2 0 0 0 6 1 1 1 0 2 1 1 0 0 12 0 2 0 3 0 0 0
split_gain=153.748 26.6261 74.4592 49.512 44.5942 25.618 21.927 63.277 22.0619 15.9001 51.1705 15.6731 9.97332 9.25632 12.938 10.8328 8.52116 10.1331 7.41947 6.32121 6.28947 8.29241 10.5528 7.68984 5.99532 7.93951 5.86347 5.5696 14.2333 4.93977
threshold=84.500000000000014 4643066.5000000009 4583097.5000000009 5494016.0000000009 4545048.5000000009 5496965.5000000009 4378387.5000000009 4487740.5000000009 145.50000000000003 4583087.5000000009 4583075.5000000009 4587555.5000000009 90.000000000000014 1473615205230.5002 3062739739081.0005 453453640836.50006 4684942.5000000009 42.500000000000007 308877313997.50006 701677522303.50012 5496591.0000000009 4626776.0000000009 2.8862701996789428 4803689.5000000009 81.500000000000014 4602524.5000000009 12.500000000000002 5556929.5000000009 5505757.0000000009 5496591.0000000009
decision_type=2 2 2 2 2 2 2 2 2 2 2 2 2 2 2 2 2 2 2 2 2 2 2 2 2 2 2 2 2 2
left_child=12 2 4 16 6 29 8 -8 -2 10 -6 18 -1 15 -15 -13 -3 -18 -4 -20 21 24 23 -23 25 -14 -26 28 -7 -5
right_child=1 3 11 5 9 27 7 -9 -10 -11 -12 13 20 14 -16 -17 17 -19 19 -21 -22 22 -24 -25 26 -27 -28 -29 -30 -31
leaf_value=-0.0083879105598940913 0.0023495939732815388 0.0094741729331979645 0.0043457901579797131 -0.0094428374344291688 0.0067641855498874791 0.0027619461169651593 0.009580570591120453 0.00074125573731156067 -0.003262090206712494 0.011927030928282711 -0.010968820810810955 -0.0040773326899619508 -0.0040574557854480284 -0.0048753581626421487 -0.00052464045739498554 0.002575582527690223 -0.0097474086680658985 0.0058690396434929858 -0.011798429169234275 -0.0049670416652877504 -0.00082954404057807615 -0.0055373953261090882 -0.008776855440348506 0.0090025591808128632 -0.010829652674909054 0.0012840501029217975 0.0013623452524756136 0.0042411115882295958 -0.0090637038148187049 -0.0034039193402640804
leaf_weight=67.09152515232563 117.21826767921448 82.49816332757473 7.6644117534160605 21.271530032157898 162.64101015031338 44.672482028603554 99.874681785702705 428.20941354334354 174.12990365922451 40.432801961898804 18.081609442830086 32.701497688889503 265.20900961756706 116.54753488302231 165.2839959859848 97.286943346261978 4.3043787926435462 119.76655481755733 15.377534002065657 113.66966904699802 47.85374404489994 8.9641541689634305 77.741057336330414 6.121213734149932 20.889023408293728 31.088980883359909 4.8629200905561438 71.492403924465179 13.180906951427458 37.29240508377552
leaf_count=347 489 457 31 90 735 183 478 1865 705 191 75 133 1194 475 671 396 18 611 66 472 209 40 361 25 97 139 21 325 55 156
internal_value=0 0.00127907 0.000701826 0.00360445 0.00227343 -0.000110061 0.00119797 0.002413 -0.00100434 0.00625824 0.00498997 -0.00227957 -0.00478474 -0.00130564 -0.00232382 0.000901893 0.00698343 0.00532726 -0.00521334 -0.00578108 -0.00426231 -0.00465826 -0.0072916 0.000362505 -0.00389924 -0.003497 -0.00852735 0.00237443 6.76737e-05 -0.00559737
internal_weight=0 1983.6 1589.12 394.479 1040.59 187.91 819.432 528.084 291.348 221.155 180.723 548.532 529.822 411.82 281.832 129.988 206.569 124.071 136.712 129.047 462.73 414.876 92.8264 15.0854 322.05 296.298 25.7519 129.346 57.8534 58.5639
internal_count=11110 8677 6782 1895 4538 809 3537 2343 1194 1001 810 2244 2433 1675 1146 529 1086 629 569 538 2086 1877 426 65 1451 1333 118 563 238 246
is_linear=0
shrinkage=0.01


Tree=109
num_leaves=31
num_cat=0
split_feature=12 2 2 12 1 1 1 1 1 1 5 1 1 2 12 1 13 1 1 1 1 2 6 5 1 1 12 1 1 2
split_gain=150.017 22.628 11.7351 34.3113 14.9074 31.1784 37.3645 17.7664 36.873 17.2052 11.5558 8.63336 12.8708 7.70294 7.38281 6.52022 5.25151 9.61512 12.6188 4.79149 4.77477 4.77338 4.59811 4.13464 3.82947 5.25459 8.63962 4.84446 4.54854 4.29168
threshold=2.8610968957257561 32.500000000000007 145.50000000000003 1.9444069419493182 3507688975616.5005 3924527774194.0005 3743724186784.5005 2376186192237.0005 2177228733808.5002 2621383311449.5005 32.500000000000007 1264132475372.5002 701677504960.50012 8.5000000000000018 2.9457638990764816 2940898957049.5005 2.9698742379433534 3784361549892.5005 2621383336393.0005 1955339864100.5002 3924527774194.0005 106.50000000000001 22.500000000000004 7.5000000000000009 3784361549892.5005 3704300936374.0005 1.9915744832887996 3289799699798.0005 3784361567738.0005 10.500000000000002
decision_type=2 2 2 2 2 2 2 2 2 2 2 2 2 2 2 2 2 2 2 2 2 2 2 2 2 2 2 2 2 2
left_child=1 24 3 19 7 6 -6 8 -4 -9 22 12 -5 14 -12 -13 17 18 -15 -3 -18 -21 -2 -24 25 27 -27 -1 -26 -29
right_child=10 2 4 11 5 -7 -8 9 -10 -11 13 15 -14 16 -16 -17 20 -19 -20 21 -22 -23 23 -25 28 26 -28 29 -30 -31
leaf_value=-0.0021538899430457135 -0.0098333144485815774 0.010629669774616726 0.0016503620904924226 -0.00055636293843908352 -0.00057055917196142036 0.0038824568559720171 -0.010719635721454407 0.009106548978698073 -0.0072560911213952342 0.0028205759916396411 0.0060842561860299516 -0.0020971640645155477 0.0079396527325995298 -0.00057314807935521836 -0.0023409856626729363 0.0017343945600520969 -0.0051252041452594325 0.0046572361082924691 -0.0067276531469364301 0.007526655806071687 -0.011556315855416666 0.0022389921542282009 -0.0097473090051692479 -0.0041307390710336022 0.0072391386100032562 0.00026966840462506932 -0.013489213955758252 0.0032080535378090514 -0.00080928144354151907 -0.0027794015264676801
leaf_weight=172.40922264754772 46.051124438643456 34.864877715706825 577.56409475207329 32.806750416755676 169.5432770550251 105.94591204822063 46.148709043860435 51.412933111190796 50.552057653665543 284.44625824689865 11.879979357123373 82.849470019340515 39.061452388763428 61.904217734932899 83.51898992061615 95.732313677668571 199.99469594657421 14.612509176135061 72.13358174264431 73.620875179767609 12.251876473426817 22.2269476801157 18.203427210450172 46.812449276447296 10.753232493996622 8.7536128610372561 9.5350462198257429 36.87224967777729 20.235680043697357 17.726683437824249
leaf_count=732 241 158 2557 138 750 473 198 231 222 1262 48 348 163 258 369 404 919 60 323 345 57 103 89 228 44 37 39 154 85 75
internal_value=0 0.00132178 0.00176114 0.00330215 0.00130426 -0.000559951 -0.00274202 0.00192627 0.000933553 0.00378283 -0.00452302 0.00113464 0.00406135 -0.00381891 -0.0012918 -4.31809e-05 -0.00448692 -0.00304551 -0.00388525 0.00745518 -0.00549644 0.00630046 -0.0074157 -0.00570329 -0.00132878 -0.00174724 -0.00690372 -0.00133181 0.00198354 0.0012641
internal_weight=0 1943.06 1666.78 381.163 1285.61 321.638 215.692 963.975 628.116 335.859 567.363 250.45 71.8682 456.296 95.399 178.582 360.897 148.65 134.038 130.713 212.247 95.8478 111.067 65.0159 276.286 245.297 18.2887 227.008 30.9889 54.5989
internal_count=11110 8518 7352 1659 5693 1421 948 4272 2779 1493 2592 1053 301 2034 417 752 1617 641 581 606 976 448 558 317 1166 1037 76 961 129 229
is_linear=0
shrinkage=0.01


Tree=110
num_leaves=31
num_cat=0
split_feature=3 0 0 0 0 0 0 0 0 0 12 0 0 4 0 0 12 1 1 0 0 1 0 0 0 0 12 12 3 1
split_gain=148.21 26.0375 73.7072 48.3229 44.0718 25.865 68.4739 23.8112 101.656 23.811 20.8881 15.3309 10.4879 10.221 9.27893 20.6257 8.92106 7.48965 7.29568 6.47042 10.5371 6.21629 5.74545 13.6618 5.73524 5.53632 8.02386 6.62481 4.48046 4.47497
threshold=82.500000000000014 4643066.5000000009 4583097.5000000009 5494016.0000000009 4505563.5000000009 4492123.5000000009 4379747.0000000009 4532379.5000000009 4539706.5000000009 5496965.5000000009 1.9424910763361483 4587555.5000000009 4493360.5000000009 30.500000000000004 4589803.5000000009 4590057.5000000009 1.9631289435398596 3784361560906.0005 308877313997.50006 5491238.5000000009 5491476.0000000009 415074950739.00006 5556929.5000000009 5505757.0000000009 5496591.0000000009 5496591.0000000009 1.9929177889658176 1.9476087096803527 3.5000000000000004 4251334762525.5005
decision_type=2 2 2 2 2 2 2 2 2 2 2 2 2 2 2 2 2 2 2 2 2 2 2 2 2 2 2 2 2 2
left_child=13 2 4 16 5 6 -2 10 -9 25 -6 18 -7 -1 17 -16 19 -13 -4 -3 -21 -20 23 -11 28 27 -27 -5 -15 -24
right_child=1 3 11 9 7 12 -8 8 -10 22 -12 14 -14 24 15 -17 -18 -19 21 20 -22 -23 29 -25 -26 26 -28 -29 -30 -31
leaf_value=-0.0065774187661661303 -0.00098675206621888479 0.0086850688493837706 0.0042910288564689909 -0.0036654086587883188 0.010768696754085972 -0.005724065358017315 0.0076037069546174797 -0.016343947658529201 0.0048748220739145628 0.0025702092320286645 -0.0057785800261756235 0.0015127634426066081 -0.00062469515325623884 0.0047055009357839465 -0.01189407707764098 -0.0013005342256373212 -0.0015722387220103199 0.014715236776124421 -0.015438194372125723 0.00023802614601145462 0.0084191015742531693 -0.0052533474758041732 0.0035710709284990229 -0.009002097004198982 0.00049010251566083322 -0.0051316989542822197 0.0071858092516789342 -0.014790196424265436 -0.0042607622534192764 0.014238147539663527
leaf_weight=191.62582123279572 293.11194214224815 130.38399539887905 7.665331006050109 10.347978278994562 81.123724937438965 74.178349271416664 135.76666350662708 24.201805278658867 336.58347877860069 45.378789141774178 8.4204498678445798 42.290456756949425 88.395355820655823 5.6805162727832785 19.409074991941452 346.38108904659748 11.730239376425741 4.7828072905540457 6.3000747412443152 28.239143669605255 35.578669711947441 122.82604259252548 67.177617356181145 13.160058155655859 30.058151260018349 31.401456698775291 6.3596381545066825 11.089313045144079 294.82614974677563 4.1773283779621115
leaf_count=940 1202 728 31 42 399 297 631 106 1520 186 39 172 355 24 79 1409 49 20 28 116 194 511 305 55 126 132 26 49 1319 20
internal_value=0 0.00124705 0.000676655 0.00354501 0.00223986 0.00044514 0.00173266 0.00459701 0.00345145 -0.000104965 0.00921264 -0.00228615 -0.00295141 -0.00473989 -0.00132484 -0.00186263 0.00689651 0.00285418 -0.00518759 0.00740805 0.00479901 -0.00575027 0.00229063 -3.13491e-05 -0.00367469 -0.0053614 -0.00305721 -0.00942016 -0.00409127 0.00419555
internal_weight=0 1986.46 1591.44 395.024 1041.78 591.452 428.879 450.329 360.785 189.092 89.5442 549.655 162.574 522.191 412.863 365.79 205.932 47.0733 136.791 194.202 63.8178 129.126 129.894 58.5388 330.565 59.1984 37.7611 21.4373 300.507 71.3549
internal_count=11110 8701 6799 1902 4549 2485 1833 2064 1626 815 438 2250 652 2409 1680 1488 1087 192 570 1038 310 539 566 241 1469 249 158 91 1343 325
is_linear=0
shrinkage=0.01


Tree=111
num_leaves=31
num_cat=0
split_feature=12 0 0 0 0 0 0 0 2 0 0 0 6 0 0 2 0 0 12 2 12 13 2 0 0 0 0 12 2 2
split_gain=144.621 27.0001 76.1511 46.3208 44.332 23.5139 20.4352 61.3545 23.9644 18.4262 64.2106 16.2732 11.0082 9.39567 20.014 8.86662 8.11978 10.4467 6.31011 6.10643 8.18918 5.47863 6.19078 6.0784 5.25404 14.9327 5.18438 4.23786 3.96186 9.10593
threshold=2.8610968957257561 4643066.5000000009 4583097.5000000009 5494016.0000000009 4545048.5000000009 5496965.5000000009 4378387.5000000009 4487740.5000000009 145.50000000000003 4549454.5000000009 4567385.0000000009 4587555.5000000009 90.000000000000014 4589803.5000000009 4590057.5000000009 12.500000000000002 5491238.5000000009 5491476.0000000009 1.9848851658944422 8.5000000000000018 2.9457638990764816 2.9698742379433534 70.500000000000014 4586985.5000000009 5556929.5000000009 5505757.0000000009 4602524.5000000009 2.9631702168966592 10.500000000000002 37.500000000000007
decision_type=2 2 2 2 2 2 2 2 2 2 2 2 2 2 2 2 2 2 2 2 2 2 2 2 2 2 2 2 2 2
left_child=1 2 4 15 6 28 8 -8 -1 -6 -11 -4 -2 18 -15 -3 -17 -18 -13 20 -14 22 26 27 25 -7 -21 -23 -5 -30
right_child=12 3 11 5 9 24 7 -9 -10 10 -12 13 19 14 -16 16 17 -19 -20 21 -22 23 -24 -25 -26 -27 -28 -29 29 -31
leaf_value=0.0027087780101781164 -0.0082688544551687924 -0.005818537162637658 -0.0054095483614979194 0.003144868582601977 0.010892911317215988 0.0028868420470454549 0.0094797755773624974 0.00073970410614668258 -0.0032338178979672639 -0.012472099113596296 0.0069487657169104078 0.0047966045540166497 0.0060338417287896101 -0.011787619398588849 -0.001338306849604903 0.0087171151854041704 0.00017879840489029353 0.0080951561866310986 -0.0041654037067547552 -0.0037328181410356078 -0.0027902261279974245 -0.010067471101456359 -0.0056274535235503308 -0.0064456995814057162 0.0042048651915534471 -0.0091347090126726524 0.00099435335596083862 -0.0022111247996886439 -0.012568201849689356 -0.0033985255692003048
leaf_weight=111.17387820780277 66.569559529423714 5.309384658932685 131.38033975660801 4.8632442206144324 62.916180044412613 45.307551994919777 99.338562354445457 419.49249531328678 174.17667984962463 19.526257827877998 132.86506450176239 36.535554990172386 11.880014926195143 19.388622626662254 335.66979034245014 131.80284775793552 30.944225743412971 36.136478379368782 10.008665487170218 47.151634812355042 91.685918435454369 7.6569737195968619 55.552841261029243 172.83485597372055 69.783546626567841 13.385509997606276 45.67316746711731 66.467778474092484 15.86770039796829 34.109252169728279
leaf_count=464 348 22 548 20 290 186 479 1833 705 87 604 149 48 79 1364 737 127 197 41 201 407 34 249 817 319 56 191 297 72 139
internal_value=0 0.00129797 0.000708564 0.00365929 0.00230993 1.03539e-05 0.00123094 0.00241313 -0.000918555 0.00634003 0.00446032 -0.00235453 -0.00444921 -0.00135512 -0.00190891 0.00693516 0.00727563 0.00444335 0.00286945 -0.00393955 -0.00177802 -0.0045058 -0.00298707 -0.00541828 0.00235026 0.000145213 -0.00140688 -0.00302267 -0.00547145 -0.0063099
internal_weight=0 1939.98 1552.47 387.51 1019.49 183.317 804.182 518.831 285.351 215.308 152.391 532.983 565.473 401.603 355.058 204.193 198.884 67.0807 46.5442 498.903 103.566 395.337 148.378 246.96 128.477 58.6931 92.8248 74.1248 54.8402 49.977
internal_count=11110 8518 6643 1875 4462 792 3481 2312 1169 981 691 2181 2592 1633 1443 1083 1061 324 190 2244 455 1789 641 1148 561 242 392 331 231 211
is_linear=0
shrinkage=0.01


Tree=112
num_leaves=31
num_cat=0
split_feature=3 0 0 0 0 0 0 0 2 0 0 0 6 2 0 0 2 12 1 1 0 0 2 12 1 0 0 1 2 1
split_gain=142.918 25.0762 71.0245 46.882 43.4383 22.7091 20.5728 60.0147 22.6675 17.1783 61.6746 15.0609 10.7835 9.39135 10.3372 8.54795 7.86173 7.61146 7.25979 7.24503 6.57493 9.06317 10.2416 8.99572 6.1374 5.13654 13.4392 4.47618 4.36702 4.3017
threshold=102.50000000000001 4643066.5000000009 4583097.5000000009 5494016.0000000009 4545048.5000000009 5496965.5000000009 4378387.5000000009 4487740.5000000009 145.50000000000003 4549454.5000000009 4567385.0000000009 4587555.5000000009 90.000000000000014 145.50000000000003 4642662.5000000009 4684942.5000000009 55.500000000000007 2.8568631541164176 4084856404488.5005 308877313997.50006 5496591.0000000009 4626776.0000000009 81.500000000000014 2.8862701996789428 415074950739.00006 5556929.5000000009 5505757.0000000009 4251334762525.5005 74.500000000000014 3704300955882.0005
decision_type=2 2 2 2 2 2 2 2 2 2 2 2 2 2 2 2 2 2 2 2 2 2 2 2 2 2 2 2 2 2
left_child=12 2 4 15 6 -5 8 -8 -2 -6 -11 19 -1 14 -13 -3 -17 -14 -15 -4 21 22 -19 -23 -21 26 -7 -27 -18 -22
right_child=1 3 11 5 9 25 7 -9 -10 10 -12 13 17 18 -16 16 28 20 -20 24 29 23 -24 -25 -26 27 -28 -29 -30 -31
leaf_value=-0.0082190071244696624 0.002578629136638325 0.0094145441330017992 0.0051830089306708132 -0.0053855897357281569 0.010667628628595889 0.0026622401175068933 0.0094086531695137515 0.00074168825609672976 -0.0032003724314390836 -0.011995192573521838 0.0069225883411705644 0.0011889497515019977 0.0076960018413924774 -0.0031370013756789206 -0.0075257440860782643 -0.004994457525928535 0.014467651069583028 -0.0032115282644500282 0.0035793869102285019 -0.015327783213256419 -0.0018103588507407146 -1.047100966462501e-05 -0.010089006471654394 -0.0083934476405099975 -0.0051712866970946092 0.0034441883262520275 -0.0088546635577860192 0.014160759157959644 0.0054073810145808541 0.0066037940988847082
leaf_weight=66.304894521832466 111.18434517085552 80.592748418450356 6.459888979792594 56.216589987277985 62.849224016070366 44.605337038636208 98.727175414562225 418.865892380476 174.23665246367455 19.824181914329529 131.85508090257645 162.50610564649105 5.5721863210201255 207.90550374984741 14.855616211891173 7.1001508682966223 5.5922753959894171 319.88526012003422 17.443861067295074 6.2600383758544913 42.793643578886986 15.108889728784559 23.224531844258308 83.797707915306091 120.02201861143112 65.060840621590614 13.110131755471228 4.1459555923938742 109.22190855443478 7.0814858525991431
leaf_count=348 464 454 26 237 291 183 478 1830 705 88 601 666 24 839 61 30 25 1438 71 28 187 65 108 390 500 297 55 20 570 31
internal_value=0 0.0012896 0.000722852 0.0035719 0.00227418 -9.4483e-05 0.00120625 0.00239485 -0.000949191 0.00627159 0.00445007 -0.0022252 -0.00443077 -0.00126232 0.000459017 0.00688763 0.00521719 -0.00392585 -0.0026171 -0.00514637 -0.0040575 -0.00444586 -0.00367705 -0.00711287 -0.00567476 0.00224906 4.61629e-05 0.00408618 0.00584868 -0.000615681
internal_weight=0 1938.64 1553 385.646 1017.54 183.139 803.014 517.593 285.421 214.528 151.679 535.453 563.769 402.711 177.362 202.507 121.914 497.464 225.349 132.742 491.892 442.016 343.11 98.9066 126.282 126.922 57.7155 69.2068 114.814 49.8751
internal_count=11110 8519 6648 1871 4457 792 3477 2308 1169 980 689 2191 2591 1637 727 1079 625 2243 910 554 2219 2001 1546 455 528 555 238 317 595 218
is_linear=0
shrinkage=0.01


Tree=113
num_leaves=31
num_cat=0
split_feature=12 0 0 0 0 0 0 14 2 0 0 0 2 0 0 12 0 2 2 6 0 0 0 0 12 2 0 0 0 2
split_gain=139.43 31.5842 48.469 36.188 35.9062 39.0275 36.6252 27.2858 17.393 13.4649 20.1872 10.053 8.72655 10.7193 8.72266 11.2925 8.54707 9.60367 7.47358 7.07351 6.20286 11.4158 9.61037 8.00072 6.2279 5.66373 4.52473 7.47442 6.31775 4.09904
threshold=1.9789033726770087 4643066.5000000009 4583097.5000000009 5491238.5000000009 4583087.5000000009 4583075.5000000009 4567385.0000000009 2.9861197458070241 100.50000000000001 4586965.0000000009 4324299.5000000009 4546948.5000000009 86.500000000000014 4641159.0000000009 5496965.5000000009 1.9895629315190633 4266293.0000000009 11.500000000000002 70.500000000000014 22.500000000000004 5494016.0000000009 5491476.0000000009 5556929.5000000009 5505757.0000000009 1.9241702486332832 11.500000000000002 4587555.5000000009 4589803.5000000009 4587374.0000000009 88.500000000000014
decision_type=2 2 2 2 2 2 2 2 2 2 2 2 2 2 2 2 2 2 2 2 2 2 2 2 2 2 2 2 2 2
left_child=1 2 4 -3 5 6 -1 9 12 10 16 29 13 -4 15 -11 17 -2 -17 -9 21 24 23 -22 -5 -21 28 -28 -10 -12
right_child=7 3 8 20 -6 -7 -8 19 26 14 11 -13 -14 -15 -16 18 -18 -19 -20 25 22 -23 -24 -25 -26 -27 27 -29 -30 -31
leaf_value=0.0014945979912651501 0.0077163506953407237 0.0085731271752817785 0.0029018653481805556 -0.0029053987821006104 0.011660142441614452 -0.014283860362087295 0.0088862495591178741 -0.0085953042085404139 -0.0038413083981174794 -0.0088695544676539156 0.0016679792297109859 0.0075874234438269711 0.0089159660604886289 -0.0038223014381820655 0.0022173476771465009 -0.0019917102016852768 -0.0083733841327151871 -0.0047447610530007489 -0.0075500015581243165 -0.0032250654842454598 -0.00013979642933887725 0.0082945287673276587 0.0038258310897298902 -0.0086820059536648342 0.0070668517615052962 -0.0058096187560831127 0.002592406790302816 -0.0031719500857697149 -0.011478711598434253 -0.0070664340681448994
leaf_weight=777.95867049694061 9.3804366141557711 129.21981412172318 63.709900736808777 21.894579917192463 39.007697135210037 14.734041094779966 73.355114281177521 53.301567032933235 47.003055036067963 34.901330813765526 80.863534986972809 32.808489769697189 13.650808721780775 37.758338987827301 28.784984573721886 182.63486516475677 27.610474616289139 18.154523760080338 27.883892312645912 150.52974462509155 74.157062277197838 35.173986941576004 58.976422101259232 12.866933479905127 8.771583825349806 194.13704179227352 25.265037253499031 205.12830844521523 14.074237897992132 5.7553869336843482
leaf_count=3401 38 731 262 90 187 61 333 281 194 157 339 151 57 154 123 757 117 78 126 678 304 194 272 54 36 920 102 829 58 26
internal_value=0 0.00169145 0.000986517 0.00440245 0.00227496 0.00185224 0.00213151 -0.00329886 -0.00188151 -0.00160841 0.000562466 0.00287321 0.00140953 0.00039967 -0.00299051 -0.00360133 -0.00444188 -0.000499588 -0.00272792 -0.00520512 0.00185839 0.00440653 0.000709287 -0.0014028 -5.29901e-05 -0.00468084 -0.00318134 -0.00253983 -0.00560122 0.00108762
internal_weight=0 1652.71 1311.65 341.06 905.056 866.048 851.314 846.746 406.59 448.778 174.573 119.427 115.119 101.468 274.205 245.42 55.1454 27.535 210.519 397.968 211.841 65.8402 146 87.024 30.6662 344.667 291.471 230.393 61.0773 86.6189
internal_count=11110 7319 5638 1681 3982 3795 3734 3791 1656 1912 749 516 473 416 1163 1040 233 116 883 1879 950 320 630 358 126 1598 1183 931 252 365
is_linear=0
shrinkage=0.01


Tree=114
num_leaves=31
num_cat=0
split_feature=3 13 2 2 4 2 3 2 3 2 13 5 13 7 3 2 3 4 13 5 5 4 3 3 2 2 2 2 2 2
split_gain=137.802 22.2951 11.3718 33.8823 9.92856 4.96781 11.2801 5.93254 5.82701 4.61599 4.30615 4.04675 4.53909 4.33568 3.91798 3.8824 7.10999 3.78542 3.76459 3.72924 3.54011 3.51551 4.59133 3.45773 3.30196 3.29762 3.05218 5.356 2.81325 2.80829
threshold=82.500000000000014 1.9893954440181785 141.00000000000003 84.500000000000014 30.500000000000004 29.500000000000004 3.5000000000000004 6.5000000000000009 9.5000000000000018 68.500000000000014 3.9348789433298434 12.500000000000002 3.9290950592199776 45.500000000000007 40.500000000000007 14.500000000000002 88.500000000000014 50.500000000000007 2.9292462699273405 14.500000000000002 41.500000000000007 13.500000000000002 12.500000000000002 7.5000000000000009 13.500000000000002 47.500000000000007 50.500000000000007 51.500000000000007 109.50000000000001 88.500000000000014
decision_type=2 2 2 2 2 2 2 2 2 2 2 2 2 2 2 2 2 2 2 2 2 2 2 2 2 2 2 2 2 2
left_child=4 2 3 26 11 6 -6 23 9 25 15 -1 21 20 -9 16 -3 -10 -19 -15 -14 22 -13 -8 -18 -7 -2 -28 29 -5
right_child=1 10 -4 28 5 8 7 14 17 -11 -12 12 13 19 -16 -17 24 18 -20 -21 -22 -23 -24 -25 -26 -27 27 -29 -30 -31
leaf_value=-0.0091343280710245566 0.0025829446564513444 0.0087710603260197362 0.001228984817732497 0.0049104655187831104 0.012255637748919853 -0.006744458520784531 0.0058024864009876128 -0.0071785719034945759 0.0061186822626624346 -0.0068376267559363026 -0.010022208113416755 -0.012487714411324893 -0.013188682482880352 0.0043824596528770632 -0.0033813959500488895 -0.0027812685596231134 -0.00099389099871057332 0.0072011666390522956 -0.0018413534897482446 -0.0045040185442438473 -0.0024320109640906177 -0.013150368419520678 -0.0011175321882001261 -0.00280310473946547 0.0040622468010717934 0.0017458691906067963 -0.0078591362428009817 0.00062364535463223908 0.0041498142916800273 0.0088762171770052963
leaf_weight=42.346056401729584 81.855185896158218 8.2541594356298429 1279.5052001774311 22.684922963380814 3.809316635131835 6.7643478661775616 5.7536246776580837 93.397215187549591 7.2287620157003394 38.606211468577385 5.4185251593589774 6.1774603873491278 10.079295292496679 4.9548629075288764 38.323015838861465 91.04251928627491 208.54204106330872 4.8487210124731055 91.235498160123825 100.64599201083183 4.3930934816598883 12.719200327992437 8.3543768078088778 24.769380435347557 13.768956333398817 14.131291344761847 7.8247090280055991 152.69079120457172 22.628574028611183 83.888962969183922
leaf_count=225 340 34 5695 106 16 30 26 434 34 177 24 30 55 25 165 395 871 21 394 480 22 63 40 110 58 62 32 648 106 392
internal_value=0 0.00120373 0.00167622 0.00321625 -0.00458778 -0.00353693 -0.00475394 -0.00515331 -0.00229571 -0.00478851 -0.00118173 -0.00640984 -0.00562673 -0.00479052 -0.00607381 -0.00103278 -0.000342365 -0.000860007 -0.00138504 -0.00408706 -0.00992349 -0.00931124 -0.00595098 -0.00118094 -0.000680736 -0.00100262 0.0010115 0.000210132 0.00735214 0.00803208
internal_weight=0 1978.1 1651.08 371.573 518.538 328.867 166.053 162.243 162.815 59.5019 327.026 189.67 147.324 120.073 131.72 321.608 230.565 103.313 96.0842 105.601 14.4724 27.251 14.5318 30.523 222.311 20.8956 242.371 160.516 129.202 106.574
internal_count=11110 8701 7319 1624 2409 1469 751 735 718 269 1382 940 715 582 599 1358 963 449 415 505 77 133 70 136 929 92 1020 680 604 498
is_linear=0
shrinkage=0.01


Tree=115
num_leaves=31
num_cat=0
split_feature=3 0 0 0 0 0 0 0 0 0 2 0 0 4 1 1 1 0 13 1 1 0 0 0 0 12 12 1 1 5
split_gain=135.283 24.4662 67.3328 45.8721 42.2427 25.3348 65.4901 24.1838 98.754 23.4139 20.5897 14.3513 10.1801 9.5654 8.93129 12.6488 10.5947 8.33174 8.92582 7.00465 6.15098 5.33791 5.10318 12.9936 4.85371 6.46283 6.03702 4.84219 6.15517 4.68964
threshold=84.500000000000014 4643066.5000000009 4583097.5000000009 5494016.0000000009 4505563.5000000009 4492123.5000000009 4379747.0000000009 4532379.5000000009 4539706.5000000009 5496965.5000000009 87.500000000000014 4587555.5000000009 4493360.5000000009 40.500000000000007 1473615205230.5002 3062739739081.0005 453453640836.50006 4684942.5000000009 1.995778316139116 308877313997.50006 415074950739.00006 5496591.0000000009 5556929.5000000009 5505757.0000000009 5496591.0000000009 1.9476087096803527 1.9929177889658176 3704300936374.0005 3475289721786.0005 12.500000000000002
decision_type=2 2 2 2 2 2 2 2 2 2 2 2 2 2 2 2 2 2 2 2 2 2 2 2 2 2 2 2 2 2
left_child=13 2 4 17 5 6 -2 10 -9 24 -6 19 -7 29 16 -16 -13 -3 -19 -4 -21 -15 23 -11 25 -5 -26 28 -23 -1
right_child=1 3 11 9 7 12 -8 8 -10 22 -12 14 -14 21 15 -17 -18 18 -20 20 -22 27 -24 -25 26 -27 -28 -29 -30 -31
leaf_value=-0.0090840341816264669 -0.00098875191690318549 0.0092419791864194797 0.0042835862147949317 -0.0035680596802127812 -0.0057466966398631927 -0.0057119045076357072 0.0074531913785858706 -0.016169374717339174 0.0047213402429320756 0.002614963738434188 0.01068529066045353 -0.0040152856159005939 -0.00067214519368266276 -0.0038627987716448858 -0.0047829022668118889 -0.00047827138627929376 0.0025680428543458497 0.0055985069721073586 -0.0094682750631987587 -0.015252211107573237 -0.0050641557699477955 0.0010049003328993244 0.0040506313220986323 -0.0087256018936228905 -0.0049579906921723019 -0.014636448139441472 0.0061039512717962529 0.0094525868028381924 -0.011793465392690406 -0.0054105376919459961
leaf_weight=44.436231285333633 292.53011600673199 80.412060737609863 7.6630188822746268 10.335280716419222 8.4226679205894452 74.174273177981377 133.98430119454861 24.273425489664078 333.83323754370213 44.571822986006737 80.570471569895744 32.66026671230793 87.199225082993507 288.40033355355263 116.38648283481598 165.08765280246735 97.189255341887474 118.07239170372486 4.0673896074295035 6.2281313091516486 122.1573371142149 21.411118656396873 70.915519088506699 13.064666509628294 31.25296576321125 10.775431528687475 5.8583458662033072 5.0590792298316947 4.5576787590980521 159.46074756979942
leaf_count=237 1200 457 31 42 39 297 629 106 1518 183 399 133 350 1292 475 671 396 612 17 28 510 89 325 55 132 48 24 21 20 774
internal_value=0 0.00120049 0.000647948 0.00344624 0.0021481 0.000386271 0.00166318 0.00446471 0.00330531 -0.000128361 0.0091301 -0.00218858 -0.00298864 -0.00451894 -0.00125735 -0.00225819 0.000912178 0.0067424 0.00509677 -0.00500403 -0.00555839 -0.00343879 0.00225441 4.43577e-05 -0.00538943 -0.00921764 -0.00321177 0.000502342 -0.00124129 -0.00621112
internal_weight=0 1971.69 1582.36 389.326 1034.99 587.888 426.514 447.1 358.107 186.774 88.9931 547.372 161.373 523.325 411.324 281.474 129.85 202.552 122.14 136.048 128.385 319.428 128.552 57.6365 58.222 21.1107 37.1113 31.0279 25.9688 203.897
internal_count=11110 8677 6782 1895 4538 2476 1829 2062 1624 809 438 2244 647 2433 1675 1146 529 1086 629 569 538 1422 563 238 246 90 156 130 109 1011
is_linear=0
shrinkage=0.01


Tree=116
num_leaves=31
num_cat=0
split_feature=3 0 0 0 0 0 0 0 0 0 2 0 2 4 1 1 1 0 12 1 1 0 12 12 0 0 0 0 3 2
split_gain=132.811 23.9191 66.8048 44.7816 41.4752 24.75 64.12 23.8927 96.5911 21.8071 20.3028 14.0973 10.656 9.69295 8.90958 12.3627 10.3849 8.45801 9.90674 6.89885 6.06113 5.42157 7.65756 6.43774 5.36802 5.25034 12.4767 4.4278 8.52324 7.21798
threshold=82.500000000000014 4643066.5000000009 4583097.5000000009 5494016.0000000009 4505563.5000000009 4492123.5000000009 4379747.0000000009 4532379.5000000009 4539706.5000000009 5496965.5000000009 87.500000000000014 4587555.5000000009 20.500000000000004 30.500000000000004 1473615205230.5002 3062739739081.0005 453453640836.50006 4684942.5000000009 1.9915744832887996 308877313997.50006 415074950739.00006 5496591.0000000009 1.9929177889658176 1.9476087096803527 5496591.0000000009 5556929.5000000009 5505757.0000000009 4586985.5000000009 19.500000000000004 28.500000000000004
decision_type=2 2 2 2 2 2 2 2 2 2 2 2 2 2 2 2 2 2 2 2 2 2 2 2 2 2 2 2 2 2
left_child=13 2 4 17 5 6 -2 10 -9 21 -6 19 -7 -1 16 -16 -13 -3 -19 -4 -21 23 -23 -5 27 26 -11 28 -15 -30
right_child=1 3 11 9 7 12 -8 8 -10 25 -12 14 -14 24 15 -17 -18 18 -20 20 -22 22 -24 -25 -26 -27 -28 -29 29 -31
leaf_value=-0.006319373304395296 -0.00096929600719000437 0.009194188349519062 0.0042398723418461707 -0.0035337795174155084 -0.0056790078818140903 0.0036075329812992381 0.0073787740122651015 -0.015939523577044864 0.0046804185174044019 0.0024455767406224567 0.010628534515156496 -0.0039757459019188271 -0.0039353775954686738 -0.0042642466339672426 -0.0047577288263045163 -0.00050902201757855974 0.002542484615809552 0.0055559599426139904 -0.0098853026497037009 -0.015174016595939973 -0.0050373353203537318 -0.004913305705207008 0.0071230501351184144 -0.014542840598698981 0.00055761193286296381 0.0040158168373769614 -0.0086552978750131845 -0.004849243795124792 -0.0031527153269310143 0.0055436020411620936
leaf_weight=188.60421149432659 293.03867062926292 80.023690119385719 7.6645976901054373 10.331205800175669 8.4377518445253354 21.599218130111694 134.11630365252495 24.376692235469818 333.78425405919552 45.298568710684776 80.1926059871912 32.655253380537033 140.94409386813641 77.088178247213364 116.56481926143169 166.03997108340263 97.184617698192596 117.78824497759342 4.3068676590919486 6.1977759450674048 122.27083912491798 31.221986085176468 6.3628661036491385 10.932577699422835 29.999650433659554 70.815511628985405 13.03920631110668 182.63744866847992 17.824803456664085 20.545353889465332
leaf_count=940 1202 457 31 42 39 87 631 106 1520 186 399 133 565 347 476 675 396 612 18 28 511 132 26 49 126 325 55 833 77 86
internal_value=0 0.00118164 0.000635699 0.0033998 0.00212924 0.000388036 0.0016518 0.00442737 0.00327701 -0.000113159 0.00907603 -0.00218621 -0.00293305 -0.00451289 -0.00126524 -0.00226147 0.000903123 0.00666739 0.00501127 -0.0049765 -0.00552636 -0.00515864 -0.00287563 -0.00919399 -0.00347445 0.00218581 -3.56045e-05 -0.00388022 -0.00234738 0.00150374
internal_weight=0 1975.19 1585.07 390.121 1036.49 589.698 427.155 446.791 358.161 188.002 88.6304 548.578 162.543 516.7 412.445 282.605 129.84 202.119 122.095 136.133 128.469 58.8486 37.5849 21.2638 328.095 129.153 58.3378 298.096 115.458 38.3702
internal_count=11110 8701 6799 1902 4549 2485 1833 2064 1626 815 438 2250 652 2409 1680 1151 529 1087 630 570 539 249 158 91 1469 566 241 1343 510 163
is_linear=0
shrinkage=0.01


Tree=117
num_leaves=31
num_cat=0
split_feature=12 0 0 0 0 0 0 14 2 0 0 1 0 0 1 2 1 1 1 1 6 2 0 1 12 0 0 0 12 12
split_gain=129.641 30.1529 45.7334 35.2175 38.5253 35.6227 35.0369 25.7032 16.973 12.7404 19.4765 10.3258 11.9624 9.32309 8.68263 8.42785 12.9014 7.22695 14.8662 10.5618 6.95426 6.82034 6.56837 9.78329 7.90333 5.78762 11.357 9.07747 6.1123 5.52193
threshold=1.9789033726770087 4643066.5000000009 4583097.5000000009 4583087.5000000009 4583075.5000000009 4567385.0000000009 5491238.5000000009 2.9861197458070241 100.50000000000001 4586965.0000000009 4545048.5000000009 3784361549892.5005 4590369.5000000009 4324299.5000000009 308877331779.50006 86.500000000000014 453453640836.50006 3507688969480.0005 3924527774194.0005 3062739739081.0005 22.500000000000004 70.500000000000014 4642616.0000000009 3799450293445.5005 2.8635374712067185 5494016.0000000009 5491476.0000000009 5496591.0000000009 1.9241702486332832 2.9082377053403419
decision_type=2 2 2 2 2 2 2 2 2 2 2 2 2 2 2 2 2 2 2 2 2 2 2 2 2 2 2 2 2 2
left_child=1 2 3 4 5 -1 -3 9 15 10 13 12 29 14 -2 16 -4 19 -19 -10 -9 -14 23 -13 -24 26 28 -27 -8 -11
right_child=7 6 8 -5 -6 -7 25 20 17 11 -12 22 21 -15 -16 -17 -18 18 -20 -21 -22 -23 24 -25 -26 27 -28 -29 -30 -31
leaf_value=0.0014324747977476635 -0.014361848699044784 0.008434891448279502 -0.011667850368355928 0.011540115167734663 -0.014245338877153022 0.0087467238923188261 -0.0030048245308174231 -0.0084364322388599637 -0.0031728992144283907 -0.0088411742261893123 0.0070737390702806996 0.011569179432078755 -0.0013059887325583502 0.00096729621752034275 -0.002768789005045904 0.0087993809023085533 0.0014720919543012604 -0.0084302731425078686 0.0013993160483780232 0.0027853554956863442 -0.0045298317720696857 -0.0066537765119342139 -0.011899802683928274 -0.00075249941942998576 0.0036016090375204798 -0.0067322914675930602 0.0081740111311980439 0.0015239989425916002 0.0068883579093756402 -0.0022718677256728737
leaf_weight=775.69874049723148 7.4768457114696494 127.40562963485718 8.1227598786354047 38.639661192893982 14.741734489798544 72.839278191328049 21.860192775726322 52.566603422164917 178.04676975309849 51.44400018453598 36.370215550065041 11.661320149898531 136.79065704345703 82.746452882885933 47.518521755933762 13.613247141242026 93.295829251408577 56.27329358458519 21.176060870289803 35.719380483031273 342.2184986025095 28.883991688489914 6.3766715377569181 14.402333706617354 6.7925780713558197 14.827426597476004 34.779647260904312 130.69587130844593 8.7425826042890531 17.031451821327209
leaf_count=3401 32 731 34 187 61 333 90 281 723 222 169 48 575 347 201 57 382 229 86 145 1598 130 28 59 28 61 194 569 36 73
internal_value=0 0.00163328 0.000945087 0.00219995 0.00178189 0.00206034 0.00429437 -0.00319015 -0.00184087 -0.00154936 0.000564945 -0.00289592 -0.00369145 -0.00115368 -0.00434491 0.00141137 0.000419695 -0.00312552 -0.00574268 -0.0021773 -0.00505001 -0.00223833 0.00185195 0.00476043 -0.00390432 0.00179314 0.00426453 0.000682762 -0.000178546 -0.00720723
internal_weight=0 1646.48 1308.17 901.919 863.28 848.538 338.311 842.28 406.247 447.495 174.112 273.383 234.15 137.742 54.9954 115.032 101.419 291.216 77.4494 213.766 394.785 165.675 39.2329 26.0637 13.1692 210.906 65.3824 145.523 30.6028 68.4755
internal_count=11110 7319 5638 3982 3795 3734 1681 3791 1656 1912 749 1163 1000 580 233 473 416 1183 315 868 1879 705 163 107 56 950 320 630 126 295
is_linear=0
shrinkage=0.01


Tree=118
num_leaves=31
num_cat=0
split_feature=3 0 0 0 0 0 0 0 0 0 2 0 0 4 0 0 0 14 1 1 1 0 0 12 12 1 1 5 0 0
split_gain=128.126 23.228 63.5609 43.8309 40.4119 24.4024 63.2375 23.7826 94.3096 22.3899 20.0264 13.7387 9.94363 9.25591 8.72367 19.9925 8.17663 8.54301 7.2437 6.77773 6.0008 5.15243 5.0902 8.89979 6.35802 4.7336 6.05983 4.67187 4.44367 13.1767
threshold=84.500000000000014 4643066.5000000009 4583097.5000000009 5494016.0000000009 4505563.5000000009 4492123.5000000009 4379747.0000000009 4532379.5000000009 4539706.5000000009 5498003.0000000009 87.500000000000014 4587555.5000000009 4493360.5000000009 40.500000000000007 4589803.5000000009 4590057.5000000009 4684942.5000000009 1.9978869219556057 3784361560906.0005 308877313997.50006 701677522303.50012 5496591.0000000009 5496591.0000000009 1.9929177889658176 1.9476087096803527 3704300936374.0005 3475289721786.0005 12.500000000000002 5556929.5000000009 5505757.0000000009
decision_type=2 2 2 2 2 2 2 2 2 2 2 2 2 2 2 2 2 2 2 2 2 2 2 2 2 2 2 2 2 2
left_child=13 2 4 16 5 6 -2 10 -9 22 -6 19 -7 27 18 -16 -3 -18 -13 -4 -21 -15 24 -24 -5 26 -23 -1 29 -11
right_child=1 3 11 9 7 12 -8 8 -10 28 -12 14 -14 21 15 -17 17 -19 -20 20 -22 25 23 -25 -26 -27 -28 -29 -30 -31
leaf_value=-0.0089667392745743334 -0.00097638390391821192 0.0091080898732884934 0.004249673928179069 -0.0034351929845511009 -0.005626092543428809 -0.0056341536562132914 0.0073359205475063676 -0.015733018291789962 0.0046104294474949145 0.0029727945558893553 0.010564735607065723 0.0015226088786728321 -0.00065317786285500903 -0.0037649100519804341 -0.01163205442097223 -0.0011832280890118445 0.005471297684256176 -0.009299869214634467 0.014540460344800868 -0.011350870429174107 -0.0046399276253136406 0.0010260285414061359 -0.0051028026740859338 0.007193898080183973 -0.014445171108896435 0.0093751365680496811 -0.011694873213558178 -0.0052818228312486934 0.0039731907006374592 -0.0085976453419311545
leaf_weight=43.956634372472763 292.53820192813873 79.27716152369976 7.6635649502277365 10.319132372736933 8.4486736953258497 74.164673417806625 133.19443699717522 24.46615144610405 332.23556767404079 40.351874753832817 79.763822540640831 42.229704856872559 87.20477107167244 287.33230051398277 19.339107662439346 344.74094189703465 117.1231883764267 4.0508690923452368 4.7558492124080649 15.107551380991934 112.87701888382435 21.406198903918273 34.118853539228439 7.1127698421478263 10.66678039729595 5.0586193054914466 4.5387743860483161 158.35546205937862 70.687206745147705 13.017862692475317
leaf_count=237 1200 457 31 42 39 297 629 106 1518 166 399 172 350 1292 79 1404 612 17 20 66 472 89 144 29 48 21 20 774 325 55
internal_value=0 0.00116929 0.000631245 0.00336577 0.00209166 0.000369031 0.0016242 0.00436483 0.00321507 -0.000126568 0.00901404 -0.00212555 -0.00294241 -0.00440994 -0.00121491 -0.00173825 0.00661112 0.0049775 0.00284027 -0.00488512 -0.0054321 -0.00334701 -0.00502214 -0.00298153 -0.00903138 0.000526011 -0.00119935 -0.00608245 0.00232868 0.000150551
internal_weight=0 1965.46 1578.73 386.726 1032.02 587.102 425.733 444.914 356.702 186.274 88.2125 546.714 161.369 520.648 411.066 364.08 200.451 121.174 46.9856 135.648 127.985 318.336 62.2175 41.2316 20.9859 31.0036 25.945 202.312 124.057 53.3697
internal_count=11110 8677 6782 1895 4538 2476 1829 2062 1624 809 438 2244 647 2433 1675 1483 1086 629 192 569 538 1422 263 173 90 130 109 1011 546 221
is_linear=0
shrinkage=0.01


Tree=119
num_leaves=31
num_cat=0
split_feature=3 0 0 0 0 0 0 0 0 0 2 0 2 4 1 1 1 0 12 1 1 0 12 12 0 0 0 1 3 2
split_gain=125.795 22.7069 63.0849 42.7734 39.6734 23.8359 61.9106 23.4947 92.2649 20.8052 19.7486 13.4964 10.4286 9.39686 8.74482 12.092 10.1275 8.3006 9.50348 6.67577 5.91979 5.18787 7.39793 6.337 5.18724 5.07256 12.0272 4.41337 4.36359 5.87079
threshold=82.500000000000014 4643066.5000000009 4583097.5000000009 5494016.0000000009 4505563.5000000009 4492123.5000000009 4379747.0000000009 4532379.5000000009 4539706.5000000009 5496965.5000000009 87.500000000000014 4587555.5000000009 20.500000000000004 30.500000000000004 1473615205230.5002 3062739739081.0005 453453640836.50006 4684942.5000000009 1.9915744832887996 308877313997.50006 415074950739.00006 5496591.0000000009 1.9929177889658176 1.9476087096803527 5496591.0000000009 5556929.5000000009 5505757.0000000009 4251334762525.5005 3.5000000000000004 29.500000000000004
decision_type=2 2 2 2 2 2 2 2 2 2 2 2 2 2 2 2 2 2 2 2 2 2 2 2 2 2 2 2 2 2
left_child=13 2 4 17 5 6 -2 10 -9 21 -6 19 -7 -1 16 -16 -13 -3 -19 -4 -21 23 -23 -5 28 26 -11 -27 -15 -30
right_child=1 3 11 9 7 12 -8 8 -10 25 -12 14 -14 24 15 -17 -18 18 -20 20 -22 22 -24 -25 -26 27 -28 -29 29 -31
leaf_value=-0.0061914082622349497 -0.0009569053012777486 0.0090610734086161958 0.0042063424835452378 -0.0034022179215001404 -0.0055601641875366722 0.0035838834763798444 0.0072626800465951571 -0.015514544964802366 0.0045706228288288474 0.002386959517296206 0.010509074210048834 -0.0038936169497613181 -0.0038787446197195204 0.0049197511879120635 -0.0046807048214247719 -0.00047709125493421812 0.0025445690499245745 0.0054295922462226686 -0.0097251701949473378 -0.014994028534137574 -0.0049193925255459408 -0.0048240008482630485 0.0070023287857560448 -0.014356635021412824 0.00058325679612244226 0.0033190829646475 -0.0085286794805316968 0.014024704600445944 -0.0053664276863240367 -0.0025271284422709417
leaf_weight=187.1178043782711 293.04496355354786 78.893561884760857 7.6650780588388434 10.314977064728739 8.4632895290851575 21.595194742083549 133.32768891751766 24.56208498775959 332.1924889087677 45.252651363611221 79.386324569582939 32.642110303044319 140.94026745855808 5.6535684615373603 116.45303742587566 165.94557476043701 97.150725409388542 116.84400369226933 4.2898647934198371 6.1253817230463019 121.94161875545979 31.152881801128387 6.3712131828069678 10.820581287145613 29.975191414356232 66.50090004503727 12.992028325796126 4.0874428600072852 146.02792589366436 145.26987221837044
leaf_count=940 1202 457 31 42 39 87 631 106 1520 186 399 133 565 24 476 675 396 612 18 28 511 132 26 49 126 305 55 20 672 647
internal_value=0 0.00115096 0.000619359 0.00332036 0.00207361 0.000371235 0.00161338 0.00432852 0.00318779 -0.000111207 0.00896099 -0.0021237 -0.00288723 -0.00440427 -0.00122308 -0.00221054 0.000925404 0.00653688 0.0048929 -0.0048587 -0.00540126 -0.00504792 -0.00281601 -0.00901045 -0.00338139 0.00213655 -4.78773e-05 0.003939 -0.00378159 -0.00395047
internal_weight=0 1968.96 1581.44 387.52 1033.51 588.908 426.373 444.604 356.755 187.493 87.8496 547.924 162.535 514.044 412.191 282.399 129.793 200.027 121.134 135.732 128.067 58.6597 37.5241 21.1356 326.927 128.833 58.2447 70.5883 296.951 291.298
internal_count=11110 8701 6799 1902 4549 2485 1833 2064 1626 815 438 2250 652 2409 1680 1151 529 1087 630 570 539 249 158 91 1469 566 241 325 1343 1319
is_linear=0
shrinkage=0.01


Tree=120
num_leaves=31
num_cat=0
split_feature=3 0 0 0 0 0 0 0 0 0 0 6 2 0 0 2 12 0 0 0 2 12 2 2 2 0 0 12 12 12
split_gain=123.554 22.2239 61.9968 42.1111 39.878 20.2685 19.635 17.4606 60.3995 13.499 12.6945 10.2125 8.89893 10.1307 8.20611 7.33998 7.2657 6.52072 6.12425 8.91881 10.1917 9.00373 5.97889 8.66115 4.29199 4.12849 12.7102 3.33501 3.56119 3.32931
threshold=102.50000000000001 4643066.5000000009 4583097.5000000009 5494016.0000000009 4545048.5000000009 5498003.0000000009 4244591.5000000009 4549454.5000000009 4567385.0000000009 4587555.5000000009 4261708.5000000009 90.000000000000014 145.50000000000003 4642662.5000000009 4684942.5000000009 55.500000000000007 2.8568631541164176 4589803.5000000009 5496591.0000000009 4626776.0000000009 81.500000000000014 2.8862701996789428 10.500000000000002 37.500000000000007 74.500000000000014 5556929.5000000009 5505757.0000000009 4.7756259948422475 3.8769772108608112 1.9969586346790364
decision_type=2 2 2 2 2 2 2 2 2 2 2 2 2 2 2 2 2 2 2 2 2 2 2 2 2 2 2 2 2 2
left_child=11 2 4 14 6 22 -2 -6 -9 29 -8 -1 13 -11 -3 -16 -13 -14 19 20 -18 -21 -5 -24 -17 26 -7 28 -20 -4
right_child=1 3 9 5 7 25 10 8 -10 12 -12 16 17 -15 15 24 18 -19 27 21 -22 -23 23 -25 -26 -27 -28 -29 -30 -31
leaf_value=-0.0078903417827699378 -0.010057964321092719 0.0090948116698798577 -0.0051730558141933596 0.0043254317331117911 0.010448194522428067 0.0029216857985712948 0.011164110118011931 -0.012155767281286102 0.0066146418945008398 0.0012224922290073644 0.0011584197888339536 0.0077183460175683019 0.002343685700985065 -0.0074151919946374165 -0.0049773569052887698 0.014145511489665946 -0.002934058436390722 -0.0030954042144808614 -0.00042794193852301651 0.00029422576389162217 -0.0098455562233648215 -0.0081265238332895989 -0.011494074840458725 -0.0030354423245567193 0.0050997747100724302 0.0038628815357601431 -0.0084604241166648421 -0.0064061549158617431 0.008431909659744009 0.0033195142970557181
leaf_weight=64.504534840583801 15.457961603999136 77.841611847281456 127.03258809447289 6.3343888521194449 61.988260269165039 40.317812725901604 12.892320126295088 19.750757977366447 129.83581484854221 162.28728905320168 770.34913375973701 5.5501274317502967 24.767657682299614 14.818023398518561 7.0470227003097525 5.5155482888221732 316.4029176980257 200.25870616734028 36.449719399213791 15.006020128726957 22.878079831600189 82.540580704808235 18.461612805724144 35.159219712018967 107.05476115643978 68.549073398113251 12.966005235910414 7.9161667078733435 5.1816650331020346 4.7901804000139228
leaf_count=348 63 454 534 26 291 166 53 88 601 666 3361 24 100 61 30 25 1438 810 155 65 108 390 84 144 570 317 55 39 24 20
internal_value=0 0.00120142 0.000668733 0.00337043 0.0021254 -0.000102476 0.00110285 0.00598558 0.00413628 -0.00208738 0.00132312 -0.00414911 -0.00117702 0.000499796 0.00656772 0.0049232 -0.00365854 -0.00249675 -0.00378836 -0.00416628 -0.00340011 -0.00683112 -0.00486236 -0.00594774 0.00554298 0.00223991 0.00015198 -0.000456515 0.000674803 -0.00486445
internal_weight=0 1923.48 1544.23 379.247 1010.27 181.788 798.699 211.575 149.587 533.954 783.241 556.43 402.132 177.105 197.459 119.617 491.925 225.026 486.375 436.828 339.281 97.5466 59.9552 53.6208 112.57 121.833 53.2838 49.5476 41.6314 131.823
internal_count=11110 8519 6648 1871 4457 792 3477 980 689 2191 3414 2591 1637 727 1079 625 2243 910 2219 2001 1546 455 254 228 595 538 221 218 179 554
is_linear=0
shrinkage=0.01


Tree=121
num_leaves=31
num_cat=0
split_feature=12 0 0 0 0 0 0 14 2 0 0 1 0 0 1 2 1 1 1 1 6 2 0 1 12 2 12 0 0 0
split_gain=120.906 28.2574 42.2111 34.3204 38.2738 34.2537 33.5634 24.1452 16.4333 11.9332 18.5863 10.2228 11.5286 8.93449 8.57439 8.24831 12.4856 7.15884 14.5418 10.3738 6.79008 6.65624 6.39166 9.62889 7.76807 5.46113 5.41405 5.26439 11.3389 8.49898
threshold=1.9789033726770087 4643066.5000000009 4583097.5000000009 4583087.5000000009 4583075.5000000009 4567385.0000000009 5491238.5000000009 2.9861197458070241 100.50000000000001 4586965.0000000009 4545048.5000000009 3784361549892.5005 4590369.5000000009 4324299.5000000009 308877331779.50006 86.500000000000014 453453640836.50006 3507688969480.0005 3924527774194.0005 3062739739081.0005 22.500000000000004 70.500000000000014 4642616.0000000009 3799450293445.5005 2.8635374712067185 11.500000000000002 2.9082377053403419 5494016.0000000009 5491476.0000000009 5496591.0000000009
decision_type=2 2 2 2 2 2 2 2 2 2 2 2 2 2 2 2 2 2 2 2 2 2 2 2 2 2 2 2 2 2
left_child=1 2 3 4 5 -1 -3 9 15 10 13 12 26 14 -2 16 -4 19 -19 -10 -9 -14 23 -13 -24 -22 -11 28 -8 -29
right_child=7 6 8 -5 -6 -7 27 20 17 11 -12 22 21 -15 -16 -17 -18 18 -20 -21 25 -23 24 -25 -26 -27 -28 29 -30 -31
leaf_value=0.0013753551162486719 -0.01423235509010874 0.0082679270262150835 -0.011455007021187352 0.011398889183974118 -0.014264829653606748 0.0085774283059596584 -0.00034089917411051309 -0.0082730171209433861 -0.003071013923166535 -0.0086825509337289282 0.0069384848648849666 0.011543924436692995 -0.0012488284801812665 0.00095217502919960062 -0.0026875641096204246 0.0087534667362118256 0.0014918876605587645 -0.0082969776894614329 0.0014285974790374555 0.002836670017706132 -0.0029512542541785427 -0.006542963247809932 -0.011743977009285034 -0.00068383522528636101 0.0036641528343605745 -0.0055060387046798262 -0.0021658801817207576 -0.0065236291099735203 0.0080366751267714649 0.0014817360944102901
leaf_weight=773.50821158289909 7.4427594989538184 125.2104367017746 8.0952998250722867 38.197057083249092 14.73761250078678 72.201882123947144 30.517661675810814 51.819569081068039 177.78279505670071 51.153542965650558 36.082466691732407 11.661209374666216 136.49431486427784 82.601009353995323 47.430632159113884 13.592890724539755 93.246949523687363 56.159394949674606 21.169321417808533 35.690758541226387 148.88205827772617 28.751073390245438 6.3236928135156614 14.38305316865444 6.7802059799432755 191.02624247968197 16.980932369828224 14.765448644757269 34.330476254224777 130.2332032173872
leaf_count=3401 32 731 34 187 61 333 126 281 723 222 169 48 575 347 201 57 382 229 86 145 678 130 28 59 28 920 73 61 194 569
internal_value=0 0.00158019 0.000914805 0.00212356 0.00171181 0.00199023 0.00417056 -0.0030895 -0.00176241 -0.00149866 0.000550871 -0.00280389 -0.00359713 -0.00112567 -0.00425344 0.00143879 0.000457679 -0.00302763 -0.00563453 -0.00208331 -0.00490108 -0.00216996 0.00192497 0.00479109 -0.00377152 -0.00438703 -0.00705842 0.00172577 0.00409417 0.000666537
internal_weight=0 1639.44 1304.38 898.645 860.448 845.71 335.057 837.813 405.737 446.085 173.557 272.528 233.38 137.474 54.8734 114.935 101.342 290.802 77.3287 213.474 391.728 165.245 39.1482 26.0443 13.1039 339.908 68.1345 209.847 64.8481 144.999
internal_count=11110 7319 5638 3982 3795 3734 1681 3791 1656 1912 749 1163 1000 580 233 473 416 1183 315 868 1879 705 163 107 56 1598 295 950 320 630
is_linear=0
shrinkage=0.01


Tree=122
num_leaves=31
num_cat=0
split_feature=3 0 0 0 0 0 0 0 0 0 2 0 2 4 1 1 1 0 12 1 1 0 12 12 0 0 0 1 0 12
split_gain=119.168 21.5567 59.5406 40.8621 38.2299 23.5965 89.8857 23.4237 60.8142 19.8978 19.4799 12.9222 10.2569 9.16575 8.57087 11.8572 9.88108 8.15028 9.17112 6.57742 5.8335 5.04682 7.18248 6.30232 5.02185 4.89391 11.6051 4.37697 4.32274 7.68638
threshold=82.500000000000014 4643066.5000000009 4583097.5000000009 5494016.0000000009 4505563.5000000009 4532379.5000000009 4539706.5000000009 4492123.5000000009 4379747.0000000009 5496965.5000000009 87.500000000000014 4587555.5000000009 20.500000000000004 30.500000000000004 1473615205230.5002 3062739739081.0005 453453640836.50006 4684942.5000000009 1.9915744832887996 308877313997.50006 415074950739.00006 5496591.0000000009 1.9929177889658176 1.9476087096803527 5496591.0000000009 5556929.5000000009 5505757.0000000009 4251334762525.5005 4642607.5000000009 2.8881955934347157
decision_type=2 2 2 2 2 2 2 2 2 2 2 2 2 2 2 2 2 2 2 2 2 2 2 2 2 2 2 2 2 2
left_child=13 2 4 17 7 10 -7 8 -2 21 -6 19 -9 -1 16 -16 -13 -3 -19 -4 -21 23 -23 -5 28 26 -11 -27 -15 -30
right_child=1 3 11 9 5 6 -8 12 -10 25 -12 14 -14 24 15 -17 -18 18 -20 20 -22 22 -24 -25 -26 27 -28 -29 29 -31
leaf_value=-0.0060715893128336527 -0.0009637548668869196 0.0089315189067538363 0.0042556381755405213 -0.003277852658549206 -0.0055171781835466728 -0.015332848987134563 0.0044666333169945723 0.0035371496569855561 0.0071932210000840748 0.0023346497699591358 0.010440634415346803 -0.003815634197278467 -0.0038645983413114139 -0.0031231648033410581 -0.0046072535506529941 -0.00044289298526579355 0.0025454610627105318 0.0053074646251439119 -0.009605119132753543 -0.014854229529530034 -0.0048059594618421247 -0.0047283952776188331 0.0069232035776800082 -0.014228824242860308 0.00061355970718382361 0.0032479997826008467 -0.0084043771595269778 0.013950906271396652 0.001552060362557789 -0.0081699586905757335
leaf_weight=185.69769828021526 292.9744131565094 77.77143856883049 7.6623921841382971 10.29878042638302 8.4706844091415388 24.637600272893906 330.60790440440178 21.589752554893494 132.8438435792923 45.204783484339714 78.917912065982819 32.624142229557037 140.9394763559103 243.55693204700947 116.33565612137318 165.84230664372444 97.102858826518059 115.92055779695511 4.2761072665452948 6.06575584411621 121.61524942517281 31.064953029155731 6.3765547573566428 10.731207042932509 29.959773734211922 66.306724205613136 12.944199979305266 4.0545854568481436 10.076810598373411 42.14087638258934
leaf_count=940 1202 457 31 42 39 106 1520 87 631 186 399 133 565 1103 476 675 396 612 18 28 511 132 26 49 126 305 55 20 43 197
internal_value=0 0.00112095 0.000603429 0.0032427 0.00201853 0.00423862 0.00309347 0.000348283 0.001581 -0.000109705 0.00889382 -0.00206254 -0.00288138 -0.00429855 -0.0011817 -0.00215977 0.000945753 0.00640906 0.00477694 -0.00474328 -0.00528332 -0.00494585 -0.00274405 -0.00886593 -0.00328776 0.00209072 -5.59013e-05 0.00386476 -0.00368293 -0.00629383
internal_weight=0 1963.18 1578.23 384.95 1030.98 442.634 355.246 588.347 425.818 186.982 87.3886 547.248 162.529 511.432 411.905 282.178 129.727 197.968 120.197 135.343 127.681 58.4715 37.4415 21.03 325.734 128.51 58.149 70.3613 295.775 52.2177
internal_count=11110 8701 6799 1902 4549 2064 1626 2485 1833 815 438 2250 652 2409 1680 1151 529 1087 630 570 539 249 158 91 1469 566 241 325 1343 240
is_linear=0
shrinkage=0.01


Tree=123
num_leaves=31
num_cat=0
split_feature=12 0 0 0 0 0 0 15 2 0 0 1 0 0 1 1 0 1 1 1 1 2 12 2 0 1 12 12 0 0
split_gain=116.65 27.3705 40.6242 33.7566 37.5987 33.5148 32.8031 23.3862 16.1017 11.4951 18.1411 10.0629 11.2572 8.65678 8.44699 8.2161 12.5414 11.4421 7.0657 14.267 10.1508 6.5426 6.4617 6.32927 6.248 9.43879 7.66957 5.31644 5.03568 11.2262
threshold=1.9789033726770087 4643066.5000000009 4583097.5000000009 4583087.5000000009 4583075.5000000009 4567385.0000000009 5491238.5000000009 2.9930397052064408 100.50000000000001 4586965.0000000009 4545048.5000000009 3784361549892.5005 4590369.5000000009 4324299.5000000009 308877331779.50006 1955683360050.5002 4641159.0000000009 453453640836.50006 3507688969480.0005 3924527774194.0005 3062739739081.0005 70.500000000000014 5.7626203885578224 11.500000000000002 4642616.0000000009 3799450293445.5005 2.8635374712067185 2.9082377053403419 5494016.0000000009 5491476.0000000009
decision_type=2 2 2 2 2 2 2 2 2 2 2 2 2 2 2 2 2 2 2 2 2 2 2 2 2 2 2 2 2 2
left_child=1 2 3 4 5 -1 -3 9 15 10 13 12 27 14 -2 17 -17 -4 20 -20 -10 -14 23 -9 25 -13 -26 -11 29 -8
right_child=7 6 8 -5 -6 -7 28 22 18 11 -12 24 21 -15 -16 16 -18 -19 19 -21 -22 -23 -24 -25 26 -27 -28 -29 -30 -31
leaf_value=0.0013477710495560047 -0.014119998254710062 0.0081835995708113944 -0.0052971358173303819 0.011317773430311573 -0.014142021919155626 0.0084877542430969472 -0.00039088503236002058 -0.0027455390782042937 -0.0030199655359539348 -0.0085828514703296891 0.0068634294787456428 0.011448759835851014 -0.0012198805371331214 0.00093022724302822173 -0.0026433069929033349 0.0031800927488867849 -0.0060788227566975226 0.0063280126142689543 -0.0082117123859589795 0.0014235189558603693 0.0028241421816382253 -0.0064743799775011188 -0.0080285284840408196 -0.0055140808538798446 -0.011651016282560558 -0.00065545787096385781 0.0036795815920972071 -0.0021193047742325312 0.00065938401876618907 0.0079611191249087856
leaf_weight=772.43550921976566 7.416727975010871 124.10348410904408 10.388865575194357 37.937183171510696 14.763393819332121 71.857740014791489 30.490956813097 146.21204701066017 177.65206868946552 50.976596638560295 35.955083340406418 11.6735667437315 136.37302015721798 82.546837851405144 47.392880529165268 31.115376487374306 27.611317038536072 45.757340997457504 56.089323461055756 21.167199581861496 35.6921756118536 28.680307522416115 54.251853764057159 189.72646595537663 6.2951147854328138 14.37614122033119 6.775632306933403 16.959292635321617 144.78581437468529 34.08293329179287
leaf_count=3401 32 731 44 187 61 333 126 664 723 222 169 48 575 347 201 127 112 190 229 86 145 130 298 917 28 59 28 73 630 194
internal_value=0 0.00155357 0.000899081 0.00208648 0.00167881 0.00195545 0.00410991 -0.00303885 -0.00172769 -0.00147307 0.000539862 -0.00275514 -0.00354314 -0.00111542 -0.00419631 0.00144183 -0.00117314 0.00417698 -0.00298059 -0.00557179 -0.00204225 -0.00213292 -0.00482626 -0.00430912 0.00193791 0.00476876 -0.00370392 -0.00696931 0.00169512 0.00401741
internal_weight=0 1635.93 1302.47 896.994 859.057 844.293 333.463 835.612 405.474 445.421 173.312 272.11 232.989 137.356 54.8096 114.873 58.7267 56.1462 290.601 77.2565 213.344 165.053 390.19 335.939 39.1205 26.0497 13.0707 67.9359 209.36 64.5739
internal_count=11110 7319 5638 3982 3795 3734 1681 3791 1656 1912 749 1163 1000 580 233 473 239 234 1183 315 868 705 1879 1581 163 107 56 295 950 320
is_linear=0
shrinkage=0.01


Tree=124
num_leaves=31
num_cat=0
split_feature=3 0 0 0 0 0 0 0 0 0 2 0 2 4 0 0 0 12 1 1 1 0 12 12 0 0 0 1 3 2
split_gain=114.918 20.8074 57.3096 39.6528 37.2172 23.4817 87.7851 23.0076 59.7336 19.4742 19.2156 12.6455 10.0726 8.96838 8.56361 19.5444 8.06281 8.94759 7.01853 6.48974 5.75223 4.97888 7.06415 6.22105 4.94006 4.81046 11.3967 4.33298 4.31507 5.77273
threshold=82.500000000000014 4643066.5000000009 4583097.5000000009 5494016.0000000009 4505563.5000000009 4532379.5000000009 4539706.5000000009 4492123.5000000009 4379747.0000000009 5496965.5000000009 87.500000000000014 4587555.5000000009 22.500000000000004 30.500000000000004 4589803.5000000009 4590057.5000000009 4684942.5000000009 1.9915744832887996 3784361560906.0005 308877313997.50006 415074950739.00006 5496591.0000000009 1.9929177889658176 1.9476087096803527 5496591.0000000009 5556929.5000000009 5505757.0000000009 4251334762525.5005 3.5000000000000004 29.500000000000004
decision_type=2 2 2 2 2 2 2 2 2 2 2 2 2 2 2 2 2 2 2 2 2 2 2 2 2 2 2 2 2 2
left_child=13 2 4 16 7 10 -7 8 -2 21 -6 19 -9 -1 18 -16 -3 -18 -13 -4 -21 23 -23 -5 28 26 -11 -27 -15 -30
right_child=1 3 11 9 5 6 -8 12 -10 25 -12 14 -14 24 15 -17 17 -19 -20 20 -22 22 -24 -25 -26 27 -28 -29 29 -31
leaf_value=-0.0059883693855610496 -0.00096106238677943795 0.0088481203864180808 0.0042608463994926226 -0.0032527369204433821 -0.0054654835795936016 -0.015140855143627546 0.0043983779260900243 0.0034127375098544533 0.0071321031195565252 0.0023080977994903384 0.010379031901975797 0.0015735118778825361 -0.0038520783167799951 0.0050424118868740656 -0.011466701225472924 -0.0011223927026829791 0.0052259859730399028 -0.0095211576379200975 0.014412048400927798 -0.014756372525245696 -0.0047422992823779866 -0.0046819142479242945 0.0068724892979283416 -0.014148224297687568 0.00064096523019899058 0.0032165638218416672 -0.0083424235014814899 0.013896786617773198 -0.0052006853626530283 -0.0023759798571740868
leaf_weight=184.72014883160591 292.9500347673893 77.045102462172508 7.6614007055759421 10.295409172773363 8.4811553359031659 24.71815650165081 329.55721361935139 22.086394071578979 132.42066614329815 45.18542392551899 78.492383420467377 42.177456349134445 140.44087421894073 5.6384595632553092 19.284447371959686 345.50330011546612 115.27604024112225 4.266519919037818 4.7362506836652747 6.020527556538581 121.40697509050369 31.026001945137978 6.379285439848899 10.673269033432005 29.947351321578026 66.220774501562119 12.919786319136618 4.0297838300466529 144.92072829604149 144.47767594456673
leaf_count=940 1202 457 31 42 39 106 1520 89 631 186 399 172 563 24 79 1409 612 18 20 28 511 132 26 49 126 305 55 20 672 647
internal_value=0 0.00110131 0.00059306 0.00319086 0.00198306 0.00417811 0.00303511 0.000335569 0.00155839 -0.000109255 0.00883397 -0.00202315 -0.00286484 -0.00422894 -0.00115203 -0.00166924 0.00632549 0.00469965 0.00286965 -0.004678 -0.00521543 -0.004898 -0.00271137 -0.00879865 -0.00322888 0.00206858 -6.00626e-05 0.00382921 -0.00362169 -0.00379049
internal_weight=0 1959.25 1575.94 383.317 1029.15 441.249 354.275 587.898 425.371 186.73 86.9735 546.79 162.527 509.704 411.701 364.788 196.588 119.543 46.9137 135.089 127.428 58.374 37.4053 20.9687 324.984 128.356 58.1052 70.2506 295.037 289.398
internal_count=11110 8701 6799 1902 4549 2064 1626 2485 1833 815 438 2250 652 2409 1680 1488 1087 630 192 570 539 249 158 91 1469 566 241 325 1343 1319
is_linear=0
shrinkage=0.01


Tree=125
num_leaves=31
num_cat=0
split_feature=3 0 0 0 0 0 0 0 0 0 0 6 2 0 0 12 2 0 0 0 2 12 2 2 2 5 0 0 12 12
split_gain=112.844 20.3616 56.3363 39.0443 37.3804 19.054 18.9665 17.6028 58.9566 12.6446 12.577 9.82205 8.35754 9.84618 7.98477 7.03013 6.9482 6.28993 5.90004 8.72849 10.1587 8.82629 5.72594 8.54185 4.29957 4.17427 3.90445 12.047 3.30244 3.17604
threshold=102.50000000000001 4643066.5000000009 4583097.5000000009 5494016.0000000009 4545048.5000000009 4244591.5000000009 5498003.0000000009 4549454.5000000009 4567385.0000000009 4587555.5000000009 4261708.5000000009 90.000000000000014 145.50000000000003 4642662.5000000009 4684942.5000000009 2.8568631541164176 55.500000000000007 4589803.5000000009 5496591.0000000009 4626776.0000000009 81.500000000000014 2.8862701996789428 10.500000000000002 37.500000000000007 74.500000000000014 30.500000000000004 5556929.5000000009 5505757.0000000009 1.9969586346790364 4.7756259948422475
decision_type=2 2 2 2 2 2 2 2 2 2 2 2 2 2 2 2 2 2 2 2 2 2 2 2 2 2 2 2 2 2
left_child=11 2 4 14 5 -2 22 -6 -9 28 -7 25 13 -11 -3 -13 -16 -14 19 20 -17 -21 -5 -24 -18 -1 27 -8 -4 -20
right_child=1 3 9 6 7 10 26 8 -10 12 -12 15 17 -15 16 18 24 -19 29 21 -22 -23 23 -25 -26 -27 -28 -29 -30 -31
leaf_value=-0.0088177387753718937 -0.0099424691464877583 0.0088834666900774358 -0.0049920460166970534 0.0042739671451057495 0.010295810182418264 0.011066684908652018 0.0028308666651588898 -0.012158828196790183 0.0064012381213652695 0.0012297993044979422 0.0010981005657003059 0.0076957111348948072 0.0023678097960159756 -0.0072940078800912836 -0.0049209484041131983 -0.0027773872303797952 0.013987094965658172 -0.0029765295607481613 0.00074581766431224667 0.00040893863940679609 -0.009707448732435545 -0.0079461314566582827 -0.011328169694836202 -0.0028959624840809535 0.0048899779784354848 -0.0018680835447016184 0.003751669694118367 -0.0082760521338109492 0.0034830684103359984 -0.0062015835710997847
leaf_weight=53.063845559954643 15.47743012011051 76.001019820570946 126.41973862051964 6.3316809237003318 61.36300490796566 12.868388041853903 40.254237040877342 19.748489677906036 128.33739343285561 162.16774548590183 768.15855339169502 5.5431752651929846 24.747207298874855 14.787684336304663 7.0196501761674872 314.39902368187904 5.4643388390541068 199.98158743977547 41.544887587428093 14.959650307893751 22.678365305066109 81.67567440867424 18.272180378437042 35.07334503531456 105.55385568737984 10.324368253350256 68.214149862527847 12.89329834282398 4.7712527960538855 7.818609580397605
leaf_count=294 63 454 534 26 291 53 166 88 601 666 3361 24 100 61 30 1438 25 810 179 65 108 390 84 144 570 54 317 55 20 39
internal_value=0 0.00114976 0.000640531 0.00323896 0.00203312 0.00104462 -0.000101273 0.00579226 0.0039261 -0.00198838 0.00126235 -0.00398233 -0.00110804 0.000517488 0.0063554 -0.00350189 0.00472766 -0.00238801 -0.00363038 -0.00400321 -0.00324364 -0.00665272 -0.00471704 -0.0057842 0.00533774 -0.00768581 0.00216844 0.00013639 -0.00468382 -0.000354571
internal_weight=0 1913.91 1538.83 375.078 1005.95 796.504 181.039 209.449 148.086 532.875 781.027 552.008 401.684 176.955 194.039 488.619 118.038 224.729 483.076 433.713 337.077 96.6353 59.6772 53.3455 111.018 63.3882 121.362 53.1475 131.191 49.3635
internal_count=11110 8519 6648 1871 4457 3477 792 980 689 2191 3414 2591 1637 727 1079 2243 625 910 2219 2001 1546 455 254 228 595 348 538 221 554 218
is_linear=0
shrinkage=0.01


Tree=126
num_leaves=31
num_cat=0
split_feature=3 0 0 0 0 0 0 0 0 2 0 0 2 4 1 1 1 0 12 1 1 0 12 2 0 0 0 1 0 2
split_gain=110.811 20.1168 55.1639 38.4294 35.1361 24.061 84.8981 22.5673 58.7191 18.9503 18.7909 13.7539 9.88887 8.81052 8.30514 11.6675 9.60253 7.93394 8.69423 5.87187 8.43763 4.91505 6.83106 6.153 4.75485 4.63261 10.9933 4.29495 4.27356 7.77096
threshold=82.500000000000014 4643066.5000000009 4586868.5000000009 5494016.0000000009 4505563.5000000009 4532379.5000000009 4539706.5000000009 4492123.5000000009 4379747.0000000009 87.500000000000014 5496965.5000000009 4587555.5000000009 20.500000000000004 30.500000000000004 1473615205230.5002 3062739739081.0005 453453640836.50006 4684942.5000000009 1.9915744832887996 308877313997.50006 701677522303.50012 5496591.0000000009 1.9929177889658176 82.500000000000014 5496591.0000000009 5556929.5000000009 5505757.0000000009 4251334762525.5005 5505757.0000000009 40.500000000000007
decision_type=2 2 2 2 2 2 2 2 2 2 2 2 2 2 2 2 2 2 2 2 2 2 2 2 2 2 2 2 2 2
left_child=13 2 4 17 7 9 -7 8 -2 -6 21 19 -9 -1 16 -16 -13 -3 -19 -4 -21 23 -23 -5 -15 26 -12 -27 29 -26
right_child=1 3 11 10 5 6 -8 12 -10 -11 25 14 -14 24 15 -17 -18 18 -20 20 -22 22 -24 -25 28 27 -28 -29 -30 -31
leaf_value=-0.0059094489712660861 -0.00096016934369096596 0.0087586176642048159 0.0037371467075901937 -0.014050526554257774 -0.0054103929631736441 -0.014950665317498463 0.0042216051525619611 0.003457389229584348 0.007072634413827771 0.010319279958637155 0.0022677055246239385 -0.0037285547642663458 -0.0038113984200134729 -0.0035550740762029555 -0.0045215005813544267 -0.00038857228630108289 0.0025440259323463595 0.0051478560735258375 -0.0094119199071401802 -0.012756849831039658 -0.0044686695415637259 -0.0045881268798707783 0.0067719599678535171 -0.0031937703722243324 -0.0019505693671377897 0.0031554244601692139 -0.0082103398791268829 0.0138286950747331 -0.0064967781965173197 0.0098870361720754807
leaf_weight=183.78077329695225 292.93914549052715 76.293118387460709 7.4113026708364478 10.598052844405174 8.492144361138342 24.796961888670921 336.859195291996 21.582476302981377 132.00891001522541 78.076196938753128 45.148286372423172 32.608199328184128 140.94155450165272 294.25130102038383 116.1992339193821 165.72891670465469 97.023922681808472 114.74516735970974 4.253325328230857 13.907321050763128 105.16150006651878 30.94330321252346 6.3856259733438483 10.287362188100815 14.330678954720502 66.056627452373505 12.866660073399542 3.9983972162008277 6.5725182443857184 9.0462139993906003
leaf_count=940 1202 457 30 49 39 106 1555 87 631 399 186 133 565 1343 476 675 396 612 18 62 443 132 26 42 60 305 55 20 29 37
internal_value=0 0.00108197 0.000582513 0.00314187 0.00193195 0.00404061 0.00290706 0.000323103 0.0015352 0.00877624 -0.000107468 -0.00201507 -0.00284614 -0.00416027 -0.00112874 -0.002092 0.000966195 0.00624134 0.00462745 -0.00489918 -0.00543673 -0.00481827 -0.00264483 -0.0087029 -0.00316871 0.00203383 -5.61344e-05 0.0037646 0.000627293 0.00263026
internal_weight=0 1955.31 1573.74 381.576 1035.7 448.224 361.656 587.472 424.948 86.5683 186.284 538.04 162.524 507.981 411.56 281.928 129.632 195.292 118.998 126.48 119.069 58.2143 37.3289 20.8854 324.201 128.07 58.0149 70.055 29.9494 23.3769
internal_count=11110 8701 6799 1902 4584 2099 1661 2485 1833 438 815 2215 652 2409 1680 1151 529 1087 630 535 505 249 158 91 1469 566 241 325 126 97
is_linear=0
shrinkage=0.01


end of trees

feature_importances:
Column_0=1783
Column_1=633
Column_2=488
Column_12=337
Column_3=257
Column_4=100
Column_5=67
Column_13=46
Column_14=43
Column_6=39
Column_7=8
Column_15=8
Column_17=1

parameters:
[boosting: gbdt]
[objective: binary]
[metric: l2]
[tree_learner: serial]
[device_type: cpu]
[data_sample_strategy: bagging]
[data: ]
[valid: ]
[num_iterations: 8000]
[learning_rate: 0.01]
[num_leaves: 31]
[num_threads: 0]
[seed: 0]
[deterministic: 0]
[force_col_wise: 0]
[force_row_wise: 0]
[histogram_pool_size: -1]
[max_depth: 6]
[min_data_in_leaf: 20]
[min_sum_hessian_in_leaf: 0.001]
[bagging_fraction: 0.8]
[pos_bagging_fraction: 1]
[neg_bagging_fraction: 1]
[bagging_freq: 0]
[bagging_seed: 3]
[feature_fraction: 0.8]
[feature_fraction_bynode: 1]
[feature_fraction_seed: 2]
[extra_trees: 0]
[extra_seed: 6]
[early_stopping_round: 0]
[early_stopping_min_delta: 0]
[first_metric_only: 0]
[max_delta_step: 0]
[lambda_l1: 0]
[lambda_l2: 0]
[linear_lambda: 0]
[min_gain_to_split: 0]
[drop_rate: 0.1]
[max_drop: 50]
[skip_drop: 0.5]
[xgboost_dart_mode: 0]
[uniform_drop: 0]
[drop_seed: 4]
[top_rate: 0.2]
[other_rate: 0.1]
[min_data_per_group: 100]
[max_cat_threshold: 32]
[cat_l2: 10]
[cat_smooth: 10]
[max_cat_to_onehot: 4]
[top_k: 20]
[monotone_constraints: ]
[monotone_constraints_method: basic]
[monotone_penalty: 0]
[feature_contri: ]
[forcedsplits_filename: ]
[refit_decay_rate: 0.9]
[cegb_tradeoff: 1]
[cegb_penalty_split: 0]
[cegb_penalty_feature_lazy: ]
[cegb_penalty_feature_coupled: ]
[path_smooth: 0]
[interaction_constraints: ]
[verbosity: 1]
[saved_feature_importance_type: 0]
[use_quantized_grad: 0]
[num_grad_quant_bins: 4]
[quant_train_renew_leaf: 0]
[stochastic_rounding: 1]
[linear_tree: 0]
[max_bin: 255]
[max_bin_by_feature: ]
[min_data_in_bin: 3]
[bin_construct_sample_cnt: 200000]
[data_random_seed: 1]
[is_enable_sparse: 1]
[enable_bundle: 1]
[use_missing: 1]
[zero_as_missing: 0]
[feature_pre_filter: 1]
[pre_partition: 0]
[two_round: 0]
[header: 0]
[label_column: ]
[weight_column: ]
[group_column: ]
[ignore_column: ]
[categorical_feature: ]
[forcedbins_filename: ]
[precise_float_parser: 0]
[parser_config_file: ]
[objective_seed: 5]
[num_class: 1]
[is_unbalance: 0]
[scale_pos_weight: 1]
[sigmoid: 1]
[boost_from_average: 1]
[reg_sqrt: 0]
[alpha: 0.9]
[fair_c: 1]
[poisson_max_delta_step: 0.7]
[tweedie_variance_power: 1.5]
[lambdarank_truncation_level: 30]
[lambdarank_norm: 1]
[label_gain: ]
[lambdarank_position_bias_regularization: 0]
[eval_at: ]
[multi_error_top_k: 1]
[auc_mu_weights: ]
[num_machines: 1]
[local_listen_port: 12400]
[time_out: 120]
[machine_list_filename: ]
[machines: ]
[gpu_platform_id: -1]
[gpu_device_id: -1]
[gpu_use_dp: 0]
[num_gpu: 1]

end of parameters

pandas_categorical:null
